"raceId","year","round","positionDisplayOrder","positionNumber","positionText","constructorId","engineManufacturerId","points","positionsGained","championshipWon"
65,1958,1,1,1,"1","cooper","climax",8,,false
65,1958,1,2,2,"2","ferrari","ferrari",6,,false
65,1958,1,3,3,"3","maserati","maserati",3,,false
66,1958,2,1,1,"1","cooper","climax",16,0,false
66,1958,2,2,2,"2","ferrari","ferrari",12,0,false
66,1958,2,3,3,"3","maserati","maserati",3,0,false
66,1958,2,4,4,"4","brm","brm",2,0,false
67,1958,3,1,1,"1","cooper","climax",19,0,false
67,1958,3,2,2,"2","ferrari","ferrari",14,0,false
67,1958,3,3,3,"3","vanwall","vanwall",8,2,false
67,1958,3,4,4,"4","brm","brm",8,0,false
67,1958,3,5,5,"5","maserati","maserati",3,-2,false
68,1958,4,1,1,"1","cooper","climax",19,0,false
68,1958,4,2,2,"2","ferrari","ferrari",14,0,false
68,1958,4,3,3,"3","vanwall","vanwall",8,0,false
68,1958,4,4,4,"4","brm","brm",8,0,false
68,1958,4,5,5,"5","maserati","maserati",3,0,false
69,1958,5,1,1,"1","ferrari","ferrari",20,1,false
69,1958,5,2,2,"2","cooper","climax",19,-1,false
69,1958,5,3,3,"3","vanwall","vanwall",16,0,false
69,1958,5,4,4,"4","brm","brm",10,0,false
69,1958,5,5,5,"5","maserati","maserati",3,0,false
69,1958,5,6,6,"6","lotus","climax",3,0,false
70,1958,6,1,1,"1","ferrari","ferrari",28,0,false
70,1958,6,2,2,"2","vanwall","vanwall",22,1,false
70,1958,6,3,3,"3","cooper","climax",19,-1,false
70,1958,6,4,4,"4","brm","brm",10,0,false
70,1958,6,5,5,"5","maserati","maserati",6,0,false
70,1958,6,6,6,"6","lotus","climax",3,0,false
71,1958,7,1,1,"1","ferrari","ferrari",36,0,false
71,1958,7,2,2,"2","vanwall","vanwall",25,0,false
71,1958,7,3,3,"3","cooper","climax",23,0,false
71,1958,7,4,4,"4","brm","brm",12,0,false
71,1958,7,5,5,"5","maserati","maserati",6,0,false
71,1958,7,6,6,"6","lotus","climax",3,0,false
72,1958,8,1,1,"1","ferrari","ferrari",37,0,false
72,1958,8,2,2,"2","vanwall","vanwall",33,0,false
72,1958,8,3,3,"3","cooper","climax",29,0,false
72,1958,8,4,4,"4","brm","brm",12,0,false
72,1958,8,5,5,"5","maserati","maserati",6,0,false
72,1958,8,6,6,"6","lotus","climax",3,0,false
73,1958,9,1,1,"1","vanwall","vanwall",41,1,false
73,1958,9,2,2,"2","ferrari","ferrari",40,-1,false
73,1958,9,3,3,"3","cooper","climax",29,0,false
73,1958,9,4,4,"4","brm","brm",15,0,false
73,1958,9,5,5,"5","maserati","maserati",6,0,false
73,1958,9,6,6,"6","lotus","climax",3,0,false
74,1958,10,1,1,"1","vanwall","vanwall",46,0,true
74,1958,10,2,2,"2","ferrari","ferrari",40,0,false
74,1958,10,3,3,"3","cooper","climax",31,0,false
74,1958,10,4,4,"4","brm","brm",15,0,false
74,1958,10,5,5,"5","maserati","maserati",6,0,false
74,1958,10,6,6,"6","lotus","climax",3,0,false
75,1958,11,1,1,"1","vanwall","vanwall",48,0,true
75,1958,11,2,2,"2","ferrari","ferrari",40,0,false
75,1958,11,3,3,"3","cooper","climax",31,0,false
75,1958,11,4,4,"4","brm","brm",18,0,false
75,1958,11,5,5,"5","maserati","maserati",6,0,false
75,1958,11,6,6,"6","lotus","climax",3,0,false
76,1959,1,1,1,"1","cooper","climax",8,,false
76,1959,1,2,2,"2","ferrari","ferrari",6,,false
77,1959,2,1,1,"1","cooper","climax",8,0,false
77,1959,2,2,2,"2","ferrari","ferrari",6,0,false
78,1959,3,1,1,"1","cooper","climax",14,0,false
78,1959,3,2,2,"2","brm","brm",8,1,false
78,1959,3,3,3,"3","ferrari","ferrari",8,-1,false
78,1959,3,4,4,"4","lotus","climax",3,-1,false
79,1959,4,1,1,"1","cooper","climax",18,0,false
79,1959,4,2,2,"2","ferrari","ferrari",16,1,false
79,1959,4,3,3,"3","brm","brm",8,-1,false
79,1959,4,4,4,"4","lotus","climax",3,0,false
80,1959,5,1,1,"1","cooper","climax",26,0,false
80,1959,5,2,2,"2","ferrari","ferrari",16,0,false
80,1959,5,3,3,"3","brm","brm",14,0,false
80,1959,5,4,4,"4","lotus","climax",3,0,false
81,1959,6,1,1,"1","cooper","climax",29,0,false
81,1959,6,2,2,"2","ferrari","ferrari",24,0,false
81,1959,6,3,3,"3","brm","brm",16,0,false
81,1959,6,4,4,"4","lotus","climax",3,0,false
82,1959,7,1,1,"1","cooper","climax",34,0,false
82,1959,7,2,2,"2","ferrari","ferrari",28,0,false
82,1959,7,3,3,"3","brm","brm",18,0,false
82,1959,7,4,4,"4","lotus","climax",3,0,false
83,1959,8,1,1,"1","cooper","climax",38,0,true
83,1959,8,2,2,"2","ferrari","ferrari",32,0,false
83,1959,8,3,3,"3","brm","brm",18,0,false
83,1959,8,4,4,"4","lotus","climax",3,0,false
84,1959,9,1,1,"1","cooper","climax",40,0,true
84,1959,9,2,2,"2","ferrari","ferrari",32,0,false
84,1959,9,3,3,"3","brm","brm",18,0,false
84,1959,9,4,4,"4","lotus","climax",5,0,false
85,1960,1,1,1,"1","cooper","climax",8,,false
85,1960,1,2,2,"2","ferrari","ferrari",6,,false
85,1960,1,3,3,"3","cooper","maserati",3,,false
85,1960,1,4,4,"4","lotus","climax",1,,false
86,1960,2,1,1,"1","cooper","climax",14,0,false
86,1960,2,2,2,"2","ferrari","ferrari",10,0,false
86,1960,2,3,3,"3","lotus","climax",9,1,false
86,1960,2,4,4,"4","cooper","maserati",3,-1,false
86,1960,2,5,5,"5","brm","brm",2,0,false
87,1960,3,1,1,"1","cooper","climax",14,0,false
87,1960,3,2,2,"2","ferrari","ferrari",10,0,false
87,1960,3,3,3,"3","lotus","climax",9,0,false
87,1960,3,4,4,"4","cooper","maserati",3,0,false
87,1960,3,5,5,"5","brm","brm",2,0,false
88,1960,4,1,1,"1","cooper","climax",22,0,false
88,1960,4,2,2,"2","lotus","climax",15,1,false
88,1960,4,3,3,"3","ferrari","ferrari",12,-1,false
88,1960,4,4,4,"4","brm","brm",6,1,false
88,1960,4,5,5,"5","cooper","maserati",3,-1,false
89,1960,5,1,1,"1","cooper","climax",30,0,false
89,1960,5,2,2,"2","lotus","climax",17,0,false
89,1960,5,3,3,"3","ferrari","ferrari",15,0,false
89,1960,5,4,4,"4","brm","brm",6,0,false
89,1960,5,5,5,"5","cooper","maserati",3,0,false
90,1960,6,1,1,"1","cooper","climax",38,0,false
90,1960,6,2,2,"2","lotus","climax",19,0,false
90,1960,6,3,3,"3","ferrari","ferrari",15,0,false
90,1960,6,4,4,"4","brm","brm",6,0,false
90,1960,6,5,5,"5","cooper","maserati",3,0,false
91,1960,7,1,1,"1","cooper","climax",46,0,true
91,1960,7,2,2,"2","lotus","climax",25,0,false
91,1960,7,3,3,"3","ferrari","ferrari",16,0,false
91,1960,7,4,4,"4","brm","brm",6,0,false
91,1960,7,5,5,"5","cooper","maserati",3,0,false
92,1960,8,1,1,"1","cooper","climax",48,0,true
92,1960,8,2,2,"2","lotus","climax",28,0,false
92,1960,8,3,3,"3","ferrari","ferrari",19,0,false
92,1960,8,4,4,"4","brm","brm",6,0,false
92,1960,8,5,5,"5","cooper","maserati",3,0,false
93,1960,9,1,1,"1","cooper","climax",48,0,true
93,1960,9,2,2,"2","lotus","climax",28,0,false
93,1960,9,3,3,"3","ferrari","ferrari",26,0,false
93,1960,9,4,4,"4","brm","brm",6,0,false
93,1960,9,5,5,"5","cooper","maserati",3,0,false
93,1960,9,6,5,"5","cooper","castellotti",3,1,false
93,1960,9,7,7,"7","porsche","porsche",1,-1,false
94,1960,10,1,1,"1","cooper","climax",48,0,true
94,1960,10,2,2,"2","lotus","climax",34,0,false
94,1960,10,3,3,"3","ferrari","ferrari",26,0,false
94,1960,10,4,4,"4","brm","brm",8,0,false
94,1960,10,5,5,"5","cooper","maserati",3,0,false
94,1960,10,6,5,"5","cooper","castellotti",3,0,false
94,1960,10,7,7,"7","porsche","porsche",1,0,false
95,1961,1,1,1,"1","lotus","climax",8,,false
95,1961,1,2,2,"2","ferrari","ferrari",6,,false
95,1961,1,3,3,"3","porsche","porsche",2,,false
95,1961,1,4,4,"4","cooper","climax",1,,false
96,1961,2,1,1,"1","ferrari","ferrari",14,1,false
96,1961,2,2,2,"2","lotus","climax",12,-1,false
96,1961,2,3,3,"3","porsche","porsche",2,0,false
96,1961,2,4,4,"4","cooper","climax",2,0,false
97,1961,3,1,1,"1","ferrari","ferrari",22,0,false
97,1961,3,2,2,"2","lotus","climax",12,0,false
97,1961,3,3,3,"3","cooper","climax",4,1,false
97,1961,3,4,4,"4","porsche","porsche",3,-1,false
98,1961,4,1,1,"1","ferrari","ferrari",30,0,false
98,1961,4,2,2,"2","lotus","climax",16,0,false
98,1961,4,3,3,"3","porsche","porsche",9,1,false
98,1961,4,4,4,"4","cooper","climax",6,-1,false
98,1961,4,5,5,"5","brm","climax",1,0,false
99,1961,5,1,1,"1","ferrari","ferrari",38,0,true
99,1961,5,2,2,"2","lotus","climax",16,0,false
99,1961,5,3,3,"3","porsche","porsche",11,0,false
99,1961,5,4,4,"4","cooper","climax",9,0,false
99,1961,5,5,5,"5","brm","climax",1,0,false
100,1961,6,1,1,"1","ferrari","ferrari",38,0,true
100,1961,6,2,2,"2","lotus","climax",24,0,false
100,1961,6,3,3,"3","porsche","porsche",11,0,false
100,1961,6,4,4,"4","cooper","climax",10,0,false
100,1961,6,5,5,"5","brm","climax",1,0,false
101,1961,7,1,1,"1","ferrari","ferrari",40,0,true
101,1961,7,2,2,"2","lotus","climax",24,0,false
101,1961,7,3,3,"3","porsche","porsche",17,0,false
101,1961,7,4,4,"4","cooper","climax",13,0,false
101,1961,7,5,5,"5","brm","climax",3,0,false
102,1961,8,1,1,"1","ferrari","ferrari",40,0,true
102,1961,8,2,2,"2","lotus","climax",32,0,false
102,1961,8,3,3,"3","porsche","porsche",22,0,false
102,1961,8,4,4,"4","cooper","climax",14,0,false
102,1961,8,5,5,"5","brm","climax",7,0,false
103,1962,1,1,1,"1","brm","brm",9,,false
103,1962,1,2,2,"2","lotus","climax",6,,false
103,1962,1,3,3,"3","ferrari","ferrari",4,,false
103,1962,1,4,4,"4","cooper","climax",2,,false
103,1962,1,5,5,"5","porsche","porsche",1,,false
104,1962,2,1,1,"1","cooper","climax",11,3,false
104,1962,2,2,2,"2","brm","brm",10,-1,false
104,1962,2,3,3,"3","ferrari","ferrari",10,0,false
104,1962,2,4,4,"4","lotus","climax",6,-2,false
104,1962,2,5,5,"5","lola","climax",3,1,false
104,1962,2,6,6,"6","porsche","porsche",3,-1,false
105,1962,3,1,1,"1","brm","brm",16,1,false
105,1962,3,2,2,"2","lotus","climax",15,2,false
105,1962,3,3,3,"3","ferrari","ferrari",14,0,false
105,1962,3,4,4,"4","cooper","climax",11,-3,false
105,1962,3,5,5,"5","lola","climax",5,0,false
105,1962,3,6,6,"6","porsche","porsche",3,0,false
106,1962,4,1,1,"1","brm","brm",20,0,false
106,1962,4,2,2,"2","cooper","climax",17,2,false
106,1962,4,3,3,"3","lotus","climax",15,-1,false
106,1962,4,4,4,"4","ferrari","ferrari",14,-1,false
106,1962,4,5,5,"5","porsche","porsche",12,1,false
106,1962,4,6,6,"6","lola","climax",7,-1,false
107,1962,5,1,1,"1","lotus","climax",24,2,false
107,1962,5,2,2,"2","brm","brm",23,-1,false
107,1962,5,3,3,"3","cooper","climax",21,-1,false
107,1962,5,4,4,"4","ferrari","ferrari",14,0,false
107,1962,5,5,5,"5","lola","climax",13,1,false
107,1962,5,6,6,"6","porsche","porsche",12,-1,false
108,1962,6,1,1,"1","brm","brm",31,1,false
108,1962,6,2,2,"2","lotus","climax",27,-1,false
108,1962,6,3,3,"3","cooper","climax",23,0,false
108,1962,6,4,4,"4","lola","climax",19,1,false
108,1962,6,5,5,"5","porsche","porsche",16,1,false
108,1962,6,6,6,"6","ferrari","ferrari",15,-2,false
109,1962,7,1,1,"1","brm","brm",37,0,false
109,1962,7,2,2,"2","lotus","climax",27,0,false
109,1962,7,3,3,"3","cooper","climax",25,0,false
109,1962,7,4,4,"4","lola","climax",19,0,false
109,1962,7,5,5,"5","ferrari","ferrari",18,1,false
109,1962,7,6,6,"6","porsche","porsche",17,-1,false
110,1962,8,1,1,"1","brm","brm",39,0,false
110,1962,8,2,2,"2","lotus","climax",36,0,false
110,1962,8,3,3,"3","cooper","climax",27,0,false
110,1962,8,4,4,"4","lola","climax",19,0,false
110,1962,8,5,5,"5","porsche","porsche",18,1,false
110,1962,8,6,6,"6","ferrari","ferrari",18,-1,false
110,1962,8,7,7,"7","brabham","climax",3,0,false
110,1962,8,8,8,"8","lotus","brm",1,-1,false
111,1962,9,1,1,"1","brm","brm",42,0,true
111,1962,9,2,2,"2","lotus","climax",36,0,false
111,1962,9,3,3,"3","cooper","climax",29,0,false
111,1962,9,4,4,"4","lola","climax",19,0,false
111,1962,9,5,5,"5","porsche","porsche",18,0,false
111,1962,9,6,6,"6","ferrari","ferrari",18,0,false
111,1962,9,7,7,"7","brabham","climax",6,0,false
111,1962,9,8,8,"8","lotus","brm",1,0,false
112,1963,1,1,1,"1","brm","brm",9,,false
112,1963,1,2,2,"2","cooper","climax",4,,false
112,1963,1,3,3,"3","ferrari","ferrari",3,,false
112,1963,1,4,4,"4","lotus","climax",1,,false
113,1963,2,1,1,"1","brm","brm",12,0,false
113,1963,2,2,2,"2","lotus","climax",10,2,false
113,1963,2,3,3,"3","cooper","climax",10,-1,false
113,1963,2,4,4,"4","brabham","climax",4,1,false
113,1963,2,5,5,"5","ferrari","ferrari",3,-2,false
113,1963,2,6,6,"6","porsche","porsche",1,-1,false
114,1963,3,1,1,"1","lotus","climax",19,1,false
114,1963,3,2,2,"2","brm","brm",14,-1,false
114,1963,3,3,3,"3","cooper","climax",10,0,false
114,1963,3,4,4,"4","brabham","climax",10,0,false
114,1963,3,5,5,"5","ferrari","ferrari",7,0,false
114,1963,3,6,6,"6","brp","brm",3,1,false
114,1963,3,7,7,"7","porsche","porsche",1,-1,false
115,1963,4,1,1,"1","lotus","climax",28,0,false
115,1963,4,2,2,"2","cooper","climax",16,1,false
115,1963,4,3,3,"3","brm","brm",14,-1,false
115,1963,4,4,4,"4","brabham","climax",13,0,false
115,1963,4,5,5,"5","ferrari","ferrari",7,0,false
115,1963,4,6,6,"6","brp","brm",3,0,false
115,1963,4,7,7,"7","porsche","porsche",1,0,false
115,1963,4,8,7,"7","lotus","brm",1,1,false
116,1963,5,1,1,"1","lotus","climax",37,0,false
116,1963,5,2,2,"2","brm","brm",18,1,false
116,1963,5,3,3,"3","cooper","climax",16,-1,false
116,1963,5,4,4,"4","brabham","climax",13,0,false
116,1963,5,5,5,"5","ferrari","ferrari",13,0,false
116,1963,5,6,6,"6","brp","brm",3,0,false
116,1963,5,7,7,"7","lotus","brm",2,0,false
116,1963,5,8,8,"8","porsche","porsche",1,-1,false
117,1963,6,1,1,"1","lotus","climax",43,0,false
117,1963,6,2,2,"2","brm","brm",22,0,false
117,1963,6,3,3,"3","ferrari","ferrari",22,2,false
117,1963,6,4,4,"4","cooper","climax",17,-1,false
117,1963,6,5,5,"5","brabham","climax",13,-1,false
117,1963,6,6,6,"6","porsche","porsche",4,2,false
117,1963,6,7,7,"7","lotus","brm",4,0,false
117,1963,6,8,8,"8","brp","brm",3,-2,false
118,1963,7,1,1,"1","lotus","climax",51,0,true
118,1963,7,2,2,"2","brm","brm",28,0,false
118,1963,7,3,3,"3","ferrari","ferrari",22,0,false
118,1963,7,4,4,"4","cooper","climax",21,0,false
118,1963,7,5,5,"5","brabham","climax",15,0,false
118,1963,7,6,6,"6","brp","brm",6,2,false
118,1963,7,7,7,"7","porsche","porsche",4,-1,false
118,1963,7,8,8,"8","lotus","brm",4,-1,false
119,1963,8,1,1,"1","lotus","climax",51,0,true
119,1963,8,2,2,"2","brm","brm",35,0,false
119,1963,8,3,3,"3","ferrari","ferrari",24,0,false
119,1963,8,4,4,"4","cooper","climax",21,0,false
119,1963,8,5,5,"5","brabham","climax",18,0,false
119,1963,8,6,6,"6","brp","brm",6,0,false
119,1963,8,7,7,"7","porsche","porsche",5,0,false
119,1963,8,8,8,"8","lotus","brm",4,0,false
120,1963,9,1,1,"1","lotus","climax",54,0,true
120,1963,9,2,2,"2","brm","brm",36,0,false
120,1963,9,3,3,"3","ferrari","ferrari",24,0,false
120,1963,9,4,4,"4","brabham","climax",24,1,false
120,1963,9,5,5,"5","cooper","climax",23,-1,false
120,1963,9,6,6,"6","brp","brm",6,0,false
120,1963,9,7,7,"7","porsche","porsche",5,0,false
120,1963,9,8,8,"8","lotus","brm",4,0,false
121,1963,10,1,1,"1","lotus","climax",54,0,true
121,1963,10,2,2,"2","brm","brm",36,0,false
121,1963,10,3,3,"3","brabham","climax",28,1,false
121,1963,10,4,4,"4","ferrari","ferrari",26,-1,false
121,1963,10,5,5,"5","cooper","climax",25,0,false
121,1963,10,6,6,"6","brp","brm",6,0,false
121,1963,10,7,7,"7","porsche","porsche",5,0,false
121,1963,10,8,8,"8","lotus","brm",4,0,false
122,1964,1,1,1,"1","brm","brm",9,,false
122,1964,1,2,2,"2","lotus","climax",4,,false
122,1964,1,3,3,"3","cooper","climax",2,,false
122,1964,1,4,4,"4","lotus","brm",1,,false
123,1964,2,1,1,"1","lotus","climax",13,1,false
123,1964,2,2,2,"2","brm","brm",12,-1,false
123,1964,2,3,3,"3","ferrari","ferrari",6,2,false
123,1964,2,4,4,"4","lotus","brm",3,0,false
123,1964,2,5,5,"5","cooper","climax",2,-2,false
123,1964,2,6,6,"6","brabham","climax",1,-1,false
124,1964,3,1,1,"1","lotus","climax",22,0,false
124,1964,3,2,2,"2","brm","brm",15,0,false
124,1964,3,3,3,"3","cooper","climax",8,2,false
124,1964,3,4,4,"4","ferrari","ferrari",6,-1,false
124,1964,3,5,5,"5","brabham","climax",5,1,false
124,1964,3,6,6,"6","lotus","brm",3,-2,false
125,1964,4,1,1,"1","lotus","climax",25,0,false
125,1964,4,2,2,"2","brm","brm",21,0,false
125,1964,4,3,3,"3","brabham","climax",14,2,false
125,1964,4,4,4,"4","cooper","climax",9,-1,false
125,1964,4,5,5,"5","ferrari","ferrari",6,-1,false
125,1964,4,6,6,"6","lotus","brm",3,0,false
126,1964,5,1,1,"1","lotus","climax",34,0,false
126,1964,5,2,2,"2","brm","brm",27,0,false
126,1964,5,3,3,"3","brabham","climax",17,0,false
126,1964,5,4,4,"4","ferrari","ferrari",10,1,false
126,1964,5,5,5,"5","cooper","climax",10,-1,false
126,1964,5,6,6,"6","lotus","brm",3,0,false
127,1964,6,1,1,"1","lotus","climax",34,0,false
127,1964,6,2,2,"2","brm","brm",33,0,false
127,1964,6,3,3,"3","ferrari","ferrari",19,1,false
127,1964,6,4,4,"4","brabham","climax",17,-1,false
127,1964,6,5,5,"5","cooper","climax",10,0,false
127,1964,6,6,6,"6","brabham","brm",3,1,false
127,1964,6,7,7,"7","lotus","brm",3,-1,false
128,1964,7,1,1,"1","brm","brm",36,1,false
128,1964,7,2,2,"2","lotus","climax",34,-1,false
128,1964,7,3,3,"3","ferrari","ferrari",28,0,false
128,1964,7,4,4,"4","brabham","climax",21,0,false
128,1964,7,5,5,"5","cooper","climax",10,0,false
128,1964,7,6,6,"6","brabham","brm",3,0,false
128,1964,7,7,7,"7","lotus","brm",3,0,false
128,1964,7,8,8,"8","brp","brm",2,0,false
129,1964,8,1,1,"1","ferrari","ferrari",37,2,false
129,1964,8,2,2,"2","brm","brm",36,-1,false
129,1964,8,3,3,"3","lotus","climax",35,-1,false
129,1964,8,4,4,"4","brabham","climax",21,0,false
129,1964,8,5,5,"5","cooper","climax",16,0,false
129,1964,8,6,6,"6","brp","brm",4,2,false
129,1964,8,7,7,"7","brabham","brm",3,-1,false
129,1964,8,8,8,"8","lotus","brm",3,-1,false
130,1964,9,1,1,"1","ferrari","ferrari",43,0,false
130,1964,9,2,2,"2","brm","brm",42,0,false
130,1964,9,3,3,"3","lotus","climax",36,0,false
130,1964,9,4,4,"4","brabham","climax",21,0,false
130,1964,9,5,5,"5","cooper","climax",16,0,false
130,1964,9,6,6,"6","brabham","brm",7,1,false
130,1964,9,7,7,"7","brp","brm",5,-1,false
130,1964,9,8,8,"8","lotus","brm",3,0,false
131,1964,10,1,1,"1","ferrari","ferrari",45,0,true
131,1964,10,2,2,"2","brm","brm",42,0,false
131,1964,10,3,3,"3","lotus","climax",37,0,false
131,1964,10,4,4,"4","brabham","climax",30,0,false
131,1964,10,5,5,"5","cooper","climax",16,0,false
131,1964,10,6,6,"6","brabham","brm",7,0,false
131,1964,10,7,7,"7","brp","brm",5,0,false
131,1964,10,8,8,"8","lotus","brm",3,0,false
132,1965,1,1,1,"1","lotus","climax",9,,false
132,1965,1,2,2,"2","ferrari","ferrari",6,,false
132,1965,1,3,3,"3","brm","brm",4,,false
132,1965,1,4,4,"4","cooper","climax",2,,false
133,1965,2,1,1,"1","brm","brm",13,2,false
133,1965,2,2,2,"2","ferrari","ferrari",12,0,false
133,1965,2,3,3,"3","lotus","climax",9,-2,false
133,1965,2,4,4,"4","cooper","climax",4,0,false
133,1965,2,5,5,"5","brabham","brm",1,0,false
134,1965,3,1,1,"1","brm","brm",19,0,false
134,1965,3,2,2,"2","lotus","climax",18,1,false
134,1965,3,3,3,"3","ferrari","ferrari",12,-1,false
134,1965,3,4,4,"4","cooper","climax",8,0,false
134,1965,3,5,5,"5","brabham","climax",3,1,false
134,1965,3,6,6,"6","brabham","brm",1,-1,false
134,1965,3,7,6,"6","honda","honda",1,0,false
135,1965,4,1,1,"1","lotus","climax",27,1,false
135,1965,4,2,2,"2","brm","brm",25,-1,false
135,1965,4,3,3,"3","ferrari","ferrari",16,0,false
135,1965,4,4,4,"4","cooper","climax",8,0,false
135,1965,4,5,5,"5","brabham","climax",6,0,false
135,1965,4,6,6,"6","brabham","brm",2,0,false
135,1965,4,7,7,"7","honda","honda",1,-1,false
136,1965,5,1,1,"1","lotus","climax",36,0,false
136,1965,5,2,2,"2","brm","brm",31,0,false
136,1965,5,3,3,"3","ferrari","ferrari",20,0,false
136,1965,5,4,4,"4","cooper","climax",8,0,false
136,1965,5,5,5,"5","brabham","climax",7,0,false
136,1965,5,6,6,"6","brabham","brm",2,0,false
136,1965,5,7,7,"7","honda","honda",1,0,false
137,1965,6,1,1,"1","lotus","climax",45,0,false
137,1965,6,2,2,"2","brm","brm",37,0,false
137,1965,6,3,3,"3","ferrari","ferrari",20,0,false
137,1965,6,4,4,"4","brabham","climax",11,1,false
137,1965,6,5,5,"5","cooper","climax",8,-1,false
137,1965,6,6,6,"6","brabham","brm",2,0,false
137,1965,6,7,6,"6","honda","honda",2,1,false
138,1965,7,1,1,"1","lotus","climax",54,0,true
138,1965,7,2,2,"2","brm","brm",39,0,false
138,1965,7,3,3,"3","ferrari","ferrari",21,0,false
138,1965,7,4,4,"4","brabham","climax",15,0,false
138,1965,7,5,5,"5","cooper","climax",11,0,false
138,1965,7,6,6,"6","brabham","brm",2,0,false
138,1965,7,7,6,"6","honda","honda",2,0,false
139,1965,8,1,1,"1","lotus","climax",54,0,true
139,1965,8,2,2,"2","brm","brm",42,0,false
139,1965,8,3,3,"3","ferrari","ferrari",24,0,false
139,1965,8,4,4,"4","brabham","climax",19,0,false
139,1965,8,5,5,"5","cooper","climax",13,0,false
139,1965,8,6,6,"6","brabham","brm",2,0,false
139,1965,8,7,6,"6","honda","honda",2,0,false
139,1965,8,8,8,"8","lotus","brm",1,0,false
140,1965,9,1,1,"1","lotus","climax",54,0,true
140,1965,9,2,2,"2","brm","brm",45,0,false
140,1965,9,3,3,"3","ferrari","ferrari",26,0,false
140,1965,9,4,4,"4","brabham","climax",24,0,false
140,1965,9,5,5,"5","cooper","climax",14,0,false
140,1965,9,6,6,"6","brabham","brm",2,0,false
140,1965,9,7,6,"6","honda","honda",2,0,false
140,1965,9,8,8,"8","lotus","brm",1,0,false
141,1965,10,1,1,"1","lotus","climax",54,0,true
141,1965,10,2,2,"2","brm","brm",45,0,false
141,1965,10,3,3,"3","brabham","climax",27,1,false
141,1965,10,4,4,"4","ferrari","ferrari",26,-1,false
141,1965,10,5,5,"5","cooper","climax",14,0,false
141,1965,10,6,6,"6","honda","honda",11,0,false
141,1965,10,7,7,"7","brabham","brm",5,-1,false
141,1965,10,8,8,"8","lotus","brm",2,0,false
142,1966,1,1,1,"1","brm","brm",9,,false
142,1966,1,2,2,"2","ferrari","ferrari",6,,false
143,1966,2,1,1,"1","ferrari","ferrari",15,1,false
143,1966,2,2,2,"2","brm","brm",9,-1,false
143,1966,2,3,3,"3","cooper","maserati",6,0,false
143,1966,2,4,4,"4","brabham","repco",3,-1,false
144,1966,3,1,1,"1","ferrari","ferrari",21,0,false
144,1966,3,2,2,"2","brabham","repco",12,2,false
144,1966,3,3,3,"3","brm","brm",9,-1,false
144,1966,3,4,4,"4","cooper","maserati",9,-1,false
144,1966,3,5,5,"5","eagle","climax",2,0,false
144,1966,3,6,6,"6","brabham","brm",1,-1,false
145,1966,4,1,1,"1","brabham","repco",21,1,false
145,1966,4,2,2,"2","ferrari","ferrari",21,-1,false
145,1966,4,3,3,"3","brm","brm",13,0,false
145,1966,4,4,4,"4","cooper","maserati",11,0,false
145,1966,4,5,5,"5","lotus","climax",3,2,false
145,1966,4,6,6,"6","eagle","climax",2,-1,false
145,1966,4,7,7,"7","brabham","brm",1,-1,false
145,1966,4,8,7,"7","mclaren","serenissima",1,0,false
146,1966,5,1,1,"1","brabham","repco",30,0,false
146,1966,5,2,2,"2","ferrari","ferrari",22,0,false
146,1966,5,3,3,"3","brm","brm",19,0,false
146,1966,5,4,4,"4","cooper","maserati",11,0,false
146,1966,5,5,5,"5","lotus","climax",7,0,false
146,1966,5,6,6,"6","eagle","climax",2,0,false
146,1966,5,7,6,"6","lotus","brm",2,3,false
146,1966,5,8,8,"8","brabham","brm",1,-1,false
146,1966,5,9,8,"8","mclaren","serenissima",1,-1,false
147,1966,6,1,1,"1","brabham","repco",39,0,false
147,1966,6,2,2,"2","ferrari","ferrari",23,0,false
147,1966,6,3,3,"3","brm","brm",22,0,false
147,1966,6,4,4,"4","cooper","maserati",17,0,false
147,1966,6,5,5,"5","lotus","climax",7,0,false
147,1966,6,6,6,"6","eagle","climax",2,0,false
147,1966,6,7,6,"6","lotus","brm",2,0,false
147,1966,6,8,8,"8","brabham","brm",1,0,false
147,1966,6,9,8,"8","mclaren","serenissima",1,0,false
148,1966,7,1,1,"1","brabham","repco",40,0,false
148,1966,7,2,2,"2","ferrari","ferrari",31,0,false
148,1966,7,3,3,"3","brm","brm",22,0,false
148,1966,7,4,4,"4","cooper","maserati",20,0,false
148,1966,7,5,5,"5","lotus","climax",7,0,false
148,1966,7,6,6,"6","lotus","brm",4,0,false
148,1966,7,7,7,"7","eagle","climax",2,-1,false
148,1966,7,8,8,"8","brabham","brm",1,0,false
148,1966,7,9,8,"8","mclaren","serenissima",1,0,false
148,1966,7,10,8,"8","brabham","climax",1,2,false
149,1966,8,1,1,"1","brabham","repco",40,0,true
149,1966,8,2,2,"2","ferrari","ferrari",31,0,false
149,1966,8,3,3,"3","cooper","maserati",24,1,false
149,1966,8,4,4,"4","brm","brm",22,-1,false
149,1966,8,5,5,"5","lotus","brm",13,1,false
149,1966,8,6,6,"6","lotus","climax",8,-1,false
149,1966,8,7,7,"7","eagle","climax",2,0,false
149,1966,8,8,7,"7","mclaren","ford",2,4,false
149,1966,8,9,9,"9","brabham","brm",1,-1,false
149,1966,8,10,9,"9","mclaren","serenissima",1,-1,false
149,1966,8,11,9,"9","brabham","climax",1,-1,false
150,1966,9,1,1,"1","brabham","repco",42,0,true
150,1966,9,2,2,"2","ferrari","ferrari",31,0,false
150,1966,9,3,3,"3","cooper","maserati",30,0,false
150,1966,9,4,4,"4","brm","brm",22,0,false
150,1966,9,5,5,"5","lotus","brm",13,0,false
150,1966,9,6,6,"6","lotus","climax",8,0,false
150,1966,9,7,7,"7","eagle","climax",4,0,false
150,1966,9,8,8,"8","honda","honda",3,4,false
150,1966,9,9,9,"9","mclaren","ford",2,-2,false
150,1966,9,10,10,"10","brabham","brm",1,-1,false
150,1966,9,11,10,"10","mclaren","serenissima",1,-1,false
150,1966,9,12,10,"10","brabham","climax",1,-1,false
151,1967,1,1,1,"1","cooper","maserati",9,,false
151,1967,1,2,2,"2","cooper","climax",6,,false
151,1967,1,3,3,"3","honda","honda",4,,false
151,1967,1,4,4,"4","brabham","repco",3,,false
151,1967,1,5,5,"5","brabham","climax",2,,false
152,1967,2,1,1,"1","brabham","repco",12,3,false
152,1967,2,2,2,"2","cooper","maserati",11,-1,false
152,1967,2,3,3,"3","cooper","climax",6,-1,false
152,1967,2,4,4,"4","lotus","brm",6,2,false
152,1967,2,5,5,"5","honda","honda",4,-2,false
152,1967,2,6,5,"5","ferrari","ferrari",4,1,false
152,1967,2,7,7,"7","mclaren","brm",3,-1,false
152,1967,2,8,8,"8","brabham","climax",2,-3,false
152,1967,2,9,9,"9","brm","brm",1,-3,false
153,1967,3,1,1,"1","brabham","repco",18,0,false
153,1967,3,2,2,"2","cooper","maserati",11,0,false
153,1967,3,3,3,"3","lotus","ford",9,7,false
153,1967,3,4,4,"4","ferrari","ferrari",7,1,false
153,1967,3,5,5,"5","cooper","climax",6,-2,false
153,1967,3,6,5,"5","lotus","brm",6,-1,false
153,1967,3,7,7,"7","honda","honda",4,-2,false
153,1967,3,8,8,"8","mclaren","brm",3,-1,false
153,1967,3,9,9,"9","brabham","climax",2,-1,false
153,1967,3,10,10,"10","brm","brm",1,-1,false
154,1967,4,1,1,"1","brabham","repco",18,0,false
154,1967,4,2,2,"2","cooper","maserati",14,0,false
154,1967,4,3,3,"3","ferrari","ferrari",11,1,false
154,1967,4,4,4,"4","lotus","ford",10,-1,false
154,1967,4,5,5,"5","eagle","weslake",9,6,false
154,1967,4,6,6,"6","brm","brm",7,4,false
154,1967,4,7,7,"7","cooper","climax",6,-2,false
154,1967,4,8,7,"7","lotus","brm",6,-2,false
154,1967,4,9,9,"9","honda","honda",4,-2,false
154,1967,4,10,10,"10","mclaren","brm",3,-2,false
154,1967,4,11,11,"11","brabham","climax",2,-2,false
155,1967,5,1,1,"1","brabham","repco",27,0,false
155,1967,5,2,2,"2","cooper","maserati",17,0,false
155,1967,5,3,3,"3","brm","brm",11,3,false
155,1967,5,4,4,"4","ferrari","ferrari",11,-1,false
155,1967,5,5,5,"5","lotus","ford",10,-1,false
155,1967,5,6,6,"6","eagle","weslake",9,-1,false
155,1967,5,7,7,"7","cooper","climax",6,0,false
155,1967,5,8,7,"7","lotus","brm",6,0,false
155,1967,5,9,9,"9","honda","honda",4,0,false
155,1967,5,10,10,"10","mclaren","brm",3,0,false
155,1967,5,11,11,"11","brabham","climax",2,0,false
156,1967,6,1,1,"1","brabham","repco",33,0,false
156,1967,6,2,2,"2","lotus","ford",19,3,false
156,1967,6,3,3,"3","cooper","maserati",19,-1,false
156,1967,6,4,4,"4","ferrari","ferrari",15,0,false
156,1967,6,5,5,"5","brm","brm",11,-2,false
156,1967,6,6,6,"6","eagle","weslake",9,0,false
156,1967,6,7,7,"7","cooper","climax",6,0,false
156,1967,6,8,7,"7","lotus","brm",6,0,false
156,1967,6,9,9,"9","honda","honda",5,0,false
156,1967,6,10,10,"10","mclaren","brm",3,0,false
156,1967,6,11,11,"11","brabham","climax",2,0,false
157,1967,7,1,1,"1","brabham","repco",42,0,false
157,1967,7,2,2,"2","cooper","maserati",21,1,false
157,1967,7,3,3,"3","lotus","ford",19,-1,false
157,1967,7,4,4,"4","ferrari","ferrari",19,0,false
157,1967,7,5,5,"5","brm","brm",11,0,false
157,1967,7,6,6,"6","eagle","weslake",9,0,false
157,1967,7,7,7,"7","honda","honda",8,2,false
157,1967,7,8,8,"8","cooper","climax",6,-1,false
157,1967,7,9,8,"8","lotus","brm",6,-1,false
157,1967,7,10,10,"10","mclaren","brm",3,0,false
157,1967,7,11,11,"11","brabham","climax",2,0,false
158,1967,8,1,1,"1","brabham","repco",51,0,true
158,1967,8,2,2,"2","lotus","ford",22,1,false
158,1967,8,3,3,"3","cooper","maserati",21,-1,false
158,1967,8,4,4,"4","ferrari","ferrari",20,0,false
158,1967,8,5,5,"5","eagle","weslake",13,1,false
158,1967,8,6,6,"6","brm","brm",13,-1,false
158,1967,8,7,7,"7","honda","honda",8,0,false
158,1967,8,8,8,"8","cooper","climax",6,0,false
158,1967,8,9,8,"8","lotus","brm",6,0,false
158,1967,8,10,10,"10","mclaren","brm",3,0,false
158,1967,8,11,11,"11","brabham","climax",2,0,false
159,1967,9,1,1,"1","brabham","repco",57,0,true
159,1967,9,2,2,"2","lotus","ford",26,0,false
159,1967,9,3,3,"3","cooper","maserati",24,0,false
159,1967,9,4,4,"4","ferrari","ferrari",20,0,false
159,1967,9,5,5,"5","honda","honda",17,2,false
159,1967,9,6,6,"6","brm","brm",15,0,false
159,1967,9,7,7,"7","eagle","weslake",13,-2,false
159,1967,9,8,8,"8","cooper","climax",6,0,false
159,1967,9,9,8,"8","lotus","brm",6,0,false
159,1967,9,10,10,"10","mclaren","brm",3,0,false
159,1967,9,11,11,"11","brabham","climax",2,0,false
160,1967,10,1,1,"1","brabham","repco",61,0,true
160,1967,10,2,2,"2","lotus","ford",35,0,false
160,1967,10,3,3,"3","cooper","maserati",27,0,false
160,1967,10,4,4,"4","ferrari","ferrari",20,0,false
160,1967,10,5,5,"5","honda","honda",17,0,false
160,1967,10,6,6,"6","brm","brm",15,0,false
160,1967,10,7,7,"7","eagle","weslake",13,0,false
160,1967,10,8,8,"8","cooper","climax",6,0,false
160,1967,10,9,8,"8","lotus","brm",6,0,false
160,1967,10,10,10,"10","mclaren","brm",3,0,false
160,1967,10,11,11,"11","brabham","climax",2,0,false
161,1967,11,1,1,"1","brabham","repco",63,0,true
161,1967,11,2,2,"2","lotus","ford",44,0,false
161,1967,11,3,3,"3","cooper","maserati",28,0,false
161,1967,11,4,4,"4","honda","honda",20,1,false
161,1967,11,5,5,"5","ferrari","ferrari",20,-1,false
161,1967,11,6,6,"6","brm","brm",17,0,false
161,1967,11,7,7,"7","eagle","weslake",13,0,false
161,1967,11,8,8,"8","cooper","climax",6,0,false
161,1967,11,9,8,"8","lotus","brm",6,0,false
161,1967,11,10,10,"10","mclaren","brm",3,0,false
161,1967,11,11,11,"11","brabham","climax",2,0,false
162,1968,1,1,1,"1","lotus","ford",9,,false
162,1968,1,2,2,"2","brabham","repco",4,,false
162,1968,1,3,3,"3","ferrari","ferrari",3,,false
162,1968,1,4,4,"4","mclaren","brm",2,,false
162,1968,1,5,5,"5","matra","ford",1,,false
163,1968,2,1,1,"1","lotus","ford",18,0,false
163,1968,2,2,2,"2","mclaren","ford",6,4,false
163,1968,2,3,3,"3","cooper","brm",4,3,false
163,1968,2,4,4,"4","brabham","repco",4,-2,false
163,1968,2,5,5,"5","ferrari","ferrari",3,-2,false
163,1968,2,6,6,"6","matra","ford",3,-1,false
163,1968,2,7,7,"7","mclaren","brm",2,-3,false
164,1968,3,1,1,"1","lotus","ford",27,0,false
164,1968,3,2,2,"2","mclaren","ford",8,0,false
164,1968,3,3,3,"3","cooper","brm",8,0,false
164,1968,3,4,4,"4","brm","brm",6,4,false
164,1968,3,5,5,"5","brabham","repco",4,-1,false
164,1968,3,6,6,"6","ferrari","ferrari",3,-1,false
164,1968,3,7,7,"7","matra","ford",3,-1,false
164,1968,3,8,8,"8","mclaren","brm",2,-1,false
165,1968,4,1,1,"1","lotus","ford",29,0,false
165,1968,4,2,2,"2","mclaren","ford",17,0,false
165,1968,4,3,3,"3","brm","brm",12,1,false
165,1968,4,4,4,"4","cooper","brm",9,-1,false
165,1968,4,5,5,"5","ferrari","ferrari",7,1,false
165,1968,4,6,6,"6","matra","ford",6,1,false
165,1968,4,7,7,"7","brabham","repco",4,-2,false
165,1968,4,8,8,"8","mclaren","brm",2,0,false
166,1968,5,1,1,"1","lotus","ford",29,0,false
166,1968,5,2,2,"2","mclaren","ford",17,0,false
166,1968,5,3,3,"3","brm","brm",16,0,false
166,1968,5,4,4,"4","matra","ford",15,2,false
166,1968,5,5,5,"5","ferrari","ferrari",10,0,false
166,1968,5,6,6,"6","cooper","brm",9,-2,false
166,1968,5,7,7,"7","matra","matra",6,2,false
166,1968,5,8,8,"8","brabham","repco",6,-1,false
166,1968,5,9,9,"9","mclaren","brm",2,-1,false
167,1968,6,1,1,"1","lotus","ford",29,0,false
167,1968,6,2,2,"2","mclaren","ford",19,0,false
167,1968,6,3,3,"3","ferrari","ferrari",19,2,false
167,1968,6,4,4,"4","matra","ford",19,0,false
167,1968,6,5,5,"5","brm","brm",17,-2,false
167,1968,6,6,6,"6","cooper","brm",12,0,false
167,1968,6,7,7,"7","matra","matra",6,0,false
167,1968,6,8,7,"7","honda","honda",6,3,false
167,1968,6,9,9,"9","brabham","repco",6,-1,false
167,1968,6,10,10,"10","mclaren","brm",2,-1,false
168,1968,7,1,1,"1","lotus","ford",38,0,false
168,1968,7,2,2,"2","ferrari","ferrari",25,1,false
168,1968,7,3,3,"3","mclaren","ford",22,-1,false
168,1968,7,4,4,"4","matra","ford",20,0,false
168,1968,7,5,5,"5","brm","brm",17,0,false
168,1968,7,6,6,"6","cooper","brm",12,0,false
168,1968,7,7,7,"7","honda","honda",8,0,false
168,1968,7,8,8,"8","matra","matra",6,-1,false
168,1968,7,9,9,"9","brabham","repco",6,0,false
168,1968,7,10,10,"10","mclaren","brm",2,0,false
169,1968,8,1,1,"1","lotus","ford",44,0,false
169,1968,8,2,2,"2","matra","ford",29,2,false
169,1968,8,3,3,"3","ferrari","ferrari",28,-1,false
169,1968,8,4,4,"4","mclaren","ford",22,-1,false
169,1968,8,5,5,"5","brm","brm",18,0,false
169,1968,8,6,6,"6","cooper","brm",12,0,false
169,1968,8,7,7,"7","brabham","repco",10,2,false
169,1968,8,8,8,"8","honda","honda",8,-1,false
169,1968,8,9,9,"9","matra","matra",6,-1,false
169,1968,8,10,10,"10","mclaren","brm",2,0,false
170,1968,9,1,1,"1","lotus","ford",44,0,false
170,1968,9,2,2,"2","matra","ford",35,0,false
170,1968,9,3,3,"3","ferrari","ferrari",32,0,false
170,1968,9,4,4,"4","mclaren","ford",31,0,false
170,1968,9,5,5,"5","brm","brm",21,0,false
170,1968,9,6,6,"6","cooper","brm",12,0,false
170,1968,9,7,7,"7","brabham","repco",10,0,false
170,1968,9,8,8,"8","honda","honda",8,0,false
170,1968,9,9,8,"8","matra","matra",8,1,false
170,1968,9,10,10,"10","mclaren","brm",3,0,false
171,1968,10,1,1,"1","lotus","ford",47,0,false
171,1968,10,2,2,"2","mclaren","ford",40,2,false
171,1968,10,3,3,"3","matra","ford",36,-1,false
171,1968,10,4,4,"4","ferrari","ferrari",32,-1,false
171,1968,10,5,5,"5","brm","brm",25,0,false
171,1968,10,6,6,"6","cooper","brm",14,0,false
171,1968,10,7,7,"7","brabham","repco",10,0,false
171,1968,10,8,8,"8","honda","honda",8,0,false
171,1968,10,9,8,"8","matra","matra",8,0,false
171,1968,10,10,10,"10","mclaren","brm",3,0,false
172,1968,11,1,1,"1","lotus","ford",53,0,false
172,1968,11,2,2,"2","matra","ford",45,1,false
172,1968,11,3,3,"3","mclaren","ford",43,-1,false
172,1968,11,4,4,"4","ferrari","ferrari",32,0,false
172,1968,11,5,5,"5","brm","brm",25,0,false
172,1968,11,6,6,"6","cooper","brm",14,0,false
172,1968,11,7,7,"7","honda","honda",12,1,false
172,1968,11,8,8,"8","brabham","repco",10,-1,false
172,1968,11,9,9,"9","matra","matra",8,-1,false
172,1968,11,10,10,"10","mclaren","brm",3,0,false
173,1968,12,1,1,"1","lotus","ford",62,0,true
173,1968,12,2,2,"2","mclaren","ford",49,1,false
173,1968,12,3,3,"3","matra","ford",45,-1,false
173,1968,12,4,4,"4","ferrari","ferrari",32,0,false
173,1968,12,5,5,"5","brm","brm",28,0,false
173,1968,12,6,6,"6","honda","honda",14,1,false
173,1968,12,7,7,"7","cooper","brm",14,-1,false
173,1968,12,8,8,"8","brabham","repco",10,0,false
173,1968,12,9,9,"9","matra","matra",8,0,false
173,1968,12,10,10,"10","mclaren","brm",3,0,false
174,1969,1,1,1,"1","matra","ford",9,,false
174,1969,1,2,2,"2","lotus","ford",6,,false
174,1969,1,3,3,"3","mclaren","ford",4,,false
175,1969,2,1,1,"1","matra","ford",18,0,false
175,1969,2,2,2,"2","mclaren","ford",10,1,false
175,1969,2,3,3,"3","lotus","ford",6,-1,false
175,1969,2,4,4,"4","brm","brm",2,0,false
175,1969,2,5,5,"5","brabham","ford",1,-1,false
176,1969,3,1,1,"1","matra","ford",18,0,false
176,1969,3,2,2,"2","lotus","ford",15,1,false
176,1969,3,3,3,"3","mclaren","ford",12,-1,false
176,1969,3,4,4,"4","brabham","ford",7,1,false
176,1969,3,5,5,"5","brm","brm",2,-1,false
177,1969,4,1,1,"1","matra","ford",27,0,false
177,1969,4,2,2,"2","lotus","ford",21,0,false
177,1969,4,3,3,"3","mclaren","ford",15,0,false
177,1969,4,4,4,"4","brabham","ford",9,0,false
177,1969,4,5,5,"5","ferrari","ferrari",4,1,false
177,1969,4,6,6,"6","brm","brm",2,-1,false
178,1969,5,1,1,"1","matra","ford",36,0,false
178,1969,5,2,2,"2","lotus","ford",22,0,false
178,1969,5,3,3,"3","mclaren","ford",18,0,false
178,1969,5,4,4,"4","brabham","ford",13,0,false
178,1969,5,5,5,"5","ferrari","ferrari",4,0,false
178,1969,5,6,6,"6","brm","brm",2,0,false
179,1969,6,1,1,"1","matra","ford",45,0,false
179,1969,6,2,2,"2","lotus","ford",25,0,false
179,1969,6,3,3,"3","mclaren","ford",20,0,false
179,1969,6,4,4,"4","brabham","ford",19,0,false
179,1969,6,5,5,"5","ferrari","ferrari",4,0,false
179,1969,6,6,6,"6","brm","brm",2,0,false
180,1969,7,1,1,"1","matra","ford",51,0,false
180,1969,7,2,2,"2","lotus","ford",28,0,false
180,1969,7,3,3,"3","brabham","ford",28,1,false
180,1969,7,4,4,"4","mclaren","ford",24,-1,false
180,1969,7,5,5,"5","ferrari","ferrari",4,0,false
180,1969,7,6,6,"6","brm","brm",2,0,false
181,1969,8,1,1,"1","matra","ford",60,0,true
181,1969,8,2,2,"2","lotus","ford",34,0,false
181,1969,8,3,3,"3","brabham","ford",30,0,false
181,1969,8,4,4,"4","mclaren","ford",27,0,false
181,1969,8,5,5,"5","ferrari","ferrari",5,0,false
181,1969,8,6,6,"6","brm","brm",2,0,false
182,1969,9,1,1,"1","matra","ford",63,0,true
182,1969,9,2,2,"2","brabham","ford",39,1,false
182,1969,9,3,3,"3","lotus","ford",38,-1,false
182,1969,9,4,4,"4","mclaren","ford",29,0,false
182,1969,9,5,5,"5","ferrari","ferrari",5,0,false
182,1969,9,6,6,"6","brm","brm",2,0,false
183,1969,10,1,1,"1","matra","ford",63,0,true
183,1969,10,2,2,"2","lotus","ford",47,1,false
183,1969,10,3,3,"3","brabham","ford",45,-1,false
183,1969,10,4,4,"4","mclaren","ford",29,0,false
183,1969,10,5,5,"5","ferrari","ferrari",7,0,false
183,1969,10,6,6,"6","brm","brm",6,0,false
184,1969,11,1,1,"1","matra","ford",66,0,true
184,1969,11,2,2,"2","brabham","ford",49,1,false
184,1969,11,3,3,"3","lotus","ford",47,-1,false
184,1969,11,4,4,"4","mclaren","ford",38,0,false
184,1969,11,5,5,"5","ferrari","ferrari",7,0,false
184,1969,11,6,5,"5","brm","brm",7,1,false
185,1970,1,1,1,"1","brabham","ford",9,,false
185,1970,1,2,2,"2","mclaren","ford",6,,false
185,1970,1,3,3,"3","march","ford",4,,false
185,1970,1,4,4,"4","matra","matra",3,,false
185,1970,1,5,5,"5","lotus","ford",2,,false
186,1970,2,1,1,"1","march","ford",13,2,false
186,1970,2,2,2,"2","mclaren","ford",12,0,false
186,1970,2,3,3,"3","brabham","ford",9,-2,false
186,1970,2,4,4,"4","lotus","ford",5,1,false
186,1970,2,5,5,"5","matra","matra",3,-1,false
187,1970,3,1,1,"1","brabham","ford",15,2,false
187,1970,3,2,2,"2","mclaren","ford",15,0,false
187,1970,3,3,3,"3","lotus","ford",14,1,false
187,1970,3,4,4,"4","march","ford",13,-3,false
187,1970,3,5,5,"5","matra","matra",7,0,false
187,1970,3,6,6,"6","brm","brm",1,0,false
188,1970,4,1,1,"1","march","ford",19,3,false
188,1970,4,2,2,"2","brabham","ford",17,-1,false
188,1970,4,3,3,"3","mclaren","ford",15,-1,false
188,1970,4,4,4,"4","lotus","ford",14,-1,false
188,1970,4,5,5,"5","matra","matra",11,0,false
188,1970,4,6,6,"6","brm","brm",10,0,false
188,1970,4,7,7,"7","ferrari","ferrari",3,0,false
189,1970,5,1,1,"1","march","ford",25,0,false
189,1970,5,2,2,"2","lotus","ford",23,2,false
189,1970,5,3,3,"3","brabham","ford",17,-1,false
189,1970,5,4,4,"4","mclaren","ford",16,-1,false
189,1970,5,5,5,"5","matra","matra",13,0,false
189,1970,5,6,6,"6","brm","brm",10,0,false
189,1970,5,7,7,"7","ferrari","ferrari",7,0,false
190,1970,6,1,1,"1","lotus","ford",32,1,false
190,1970,6,2,2,"2","march","ford",31,-1,false
190,1970,6,3,3,"3","brabham","ford",21,0,false
190,1970,6,4,4,"4","mclaren","ford",19,0,false
190,1970,6,5,5,"5","matra","matra",15,0,false
190,1970,6,6,6,"6","brm","brm",10,0,false
190,1970,6,7,7,"7","ferrari","ferrari",7,0,false
191,1970,7,1,1,"1","lotus","ford",41,0,false
191,1970,7,2,2,"2","march","ford",33,0,false
191,1970,7,3,3,"3","brabham","ford",27,0,false
191,1970,7,4,4,"4","mclaren","ford",23,0,false
191,1970,7,5,5,"5","matra","matra",15,0,false
191,1970,7,6,6,"6","brm","brm",10,0,false
191,1970,7,7,7,"7","ferrari","ferrari",10,0,false
192,1970,8,1,1,"1","lotus","ford",50,0,false
192,1970,8,2,2,"2","march","ford",33,0,false
192,1970,8,3,3,"3","brabham","ford",29,0,false
192,1970,8,4,4,"4","mclaren","ford",27,0,false
192,1970,8,5,5,"5","ferrari","ferrari",16,2,false
192,1970,8,6,6,"6","matra","matra",16,-1,false
192,1970,8,7,7,"7","brm","brm",10,-1,false
193,1970,9,1,1,"1","lotus","ford",50,0,false
193,1970,9,2,2,"2","march","ford",33,0,false
193,1970,9,3,3,"3","brabham","ford",33,0,false
193,1970,9,4,4,"4","mclaren","ford",27,0,false
193,1970,9,5,5,"5","ferrari","ferrari",25,0,false
193,1970,9,6,6,"6","matra","matra",17,0,false
193,1970,9,7,7,"7","brm","brm",13,0,false
194,1970,10,1,1,"1","lotus","ford",50,0,false
194,1970,10,2,2,"2","march","ford",39,0,false
194,1970,10,3,3,"3","brabham","ford",35,0,false
194,1970,10,4,4,"4","ferrari","ferrari",34,1,false
194,1970,10,5,5,"5","mclaren","ford",30,-1,false
194,1970,10,6,6,"6","matra","matra",21,0,false
194,1970,10,7,7,"7","brm","brm",13,0,false
195,1970,11,1,1,"1","lotus","ford",50,0,false
195,1970,11,2,2,"2","ferrari","ferrari",43,2,false
195,1970,11,3,3,"3","march","ford",43,-1,false
195,1970,11,4,4,"4","brabham","ford",35,-1,false
195,1970,11,5,5,"5","mclaren","ford",31,0,false
195,1970,11,6,6,"6","matra","matra",21,0,false
195,1970,11,7,7,"7","brm","brm",16,0,false
195,1970,11,8,8,"8","surtees","ford",2,0,false
196,1970,12,1,1,"1","lotus","ford",59,0,true
196,1970,12,2,2,"2","ferrari","ferrari",46,0,false
196,1970,12,3,3,"3","march","ford",45,0,false
196,1970,12,4,4,"4","brabham","ford",35,0,false
196,1970,12,5,5,"5","mclaren","ford",31,0,false
196,1970,12,6,6,"6","brm","brm",22,1,false
196,1970,12,7,7,"7","matra","matra",21,-1,false
196,1970,12,8,8,"8","surtees","ford",3,0,false
197,1970,13,1,1,"1","lotus","ford",59,0,true
197,1970,13,2,2,"2","ferrari","ferrari",52,0,false
197,1970,13,3,3,"3","march","ford",48,0,false
197,1970,13,4,4,"4","brabham","ford",35,0,false
197,1970,13,5,5,"5","mclaren","ford",35,0,false
197,1970,13,6,6,"6","brm","brm",23,0,false
197,1970,13,7,7,"7","matra","matra",23,0,false
197,1970,13,8,8,"8","surtees","ford",3,0,false
198,1971,1,1,1,"1","ferrari","ferrari",9,,false
198,1971,1,2,2,"2","tyrrell","ford",6,,false
198,1971,1,3,3,"3","lotus","ford",3,,false
198,1971,1,4,4,"4","matra","matra",2,,false
198,1971,1,5,5,"5","mclaren","ford",1,,false
199,1971,2,1,1,"1","ferrari","ferrari",15,0,false
199,1971,2,2,2,"2","tyrrell","ford",15,0,false
199,1971,2,3,3,"3","matra","matra",6,1,false
199,1971,2,4,4,"4","lotus","ford",3,-1,false
199,1971,2,5,4,"4","brm","brm",3,2,false
199,1971,2,6,6,"6","mclaren","ford",3,-1,false
200,1971,3,1,1,"1","tyrrell","ford",24,1,false
200,1971,3,2,2,"2","ferrari","ferrari",19,-1,false
200,1971,3,3,3,"3","march","ford",6,4,false
200,1971,3,4,4,"4","matra","matra",6,-1,false
200,1971,3,5,5,"5","mclaren","ford",6,1,false
200,1971,3,6,6,"6","lotus","ford",5,-2,false
200,1971,3,7,7,"7","brm","brm",3,-3,false
200,1971,3,8,8,"8","surtees","ford",1,-1,false
201,1971,4,1,1,"1","ferrari","ferrari",28,1,false
201,1971,4,2,2,"2","tyrrell","ford",24,-1,false
201,1971,4,3,3,"3","brm","brm",9,4,false
201,1971,4,4,4,"4","march","ford",9,-1,false
201,1971,4,5,5,"5","matra","matra",6,-1,false
201,1971,4,6,6,"6","mclaren","ford",6,-1,false
201,1971,4,7,7,"7","lotus","ford",5,-1,false
201,1971,4,8,8,"8","surtees","ford",3,0,false
202,1971,5,1,1,"1","tyrrell","ford",33,1,false
202,1971,5,2,2,"2","ferrari","ferrari",28,-1,false
202,1971,5,3,3,"3","brm","brm",12,0,false
202,1971,5,4,4,"4","march","ford",9,0,false
202,1971,5,5,5,"5","lotus","ford",9,2,false
202,1971,5,6,6,"6","matra","matra",8,-1,false
202,1971,5,7,7,"7","mclaren","ford",6,-1,false
202,1971,5,8,8,"8","surtees","ford",3,0,false
203,1971,6,1,1,"1","tyrrell","ford",42,0,false
203,1971,6,2,2,"2","ferrari","ferrari",28,0,false
203,1971,6,3,3,"3","march","ford",15,1,false
203,1971,6,4,4,"4","lotus","ford",13,1,false
203,1971,6,5,5,"5","brm","brm",12,-2,false
203,1971,6,6,6,"6","matra","matra",8,0,false
203,1971,6,7,7,"7","mclaren","ford",6,0,false
203,1971,6,8,8,"8","surtees","ford",5,0,false
204,1971,7,1,1,"1","tyrrell","ford",51,0,false
204,1971,7,2,2,"2","ferrari","ferrari",32,0,false
204,1971,7,3,3,"3","march","ford",17,0,false
204,1971,7,4,4,"4","lotus","ford",13,0,false
204,1971,7,5,5,"5","brm","brm",12,0,false
204,1971,7,6,6,"6","matra","matra",8,0,false
204,1971,7,7,7,"7","mclaren","ford",6,0,false
204,1971,7,8,8,"8","surtees","ford",5,0,false
204,1971,7,9,9,"9","brabham","ford",1,0,false
205,1971,8,1,1,"1","tyrrell","ford",51,0,false
205,1971,8,2,2,"2","ferrari","ferrari",32,0,false
205,1971,8,3,3,"3","brm","brm",21,2,false
205,1971,8,4,4,"4","lotus","ford",19,0,false
205,1971,8,5,5,"5","march","ford",18,-2,false
205,1971,8,6,6,"6","matra","matra",8,0,false
205,1971,8,7,7,"7","mclaren","ford",6,0,false
205,1971,8,8,8,"8","brabham","ford",5,1,false
205,1971,8,9,9,"9","surtees","ford",5,-1,false
206,1971,9,1,1,"1","tyrrell","ford",55,0,true
206,1971,9,2,2,"2","ferrari","ferrari",32,0,false
206,1971,9,3,3,"3","brm","brm",30,0,false
206,1971,9,4,4,"4","march","ford",24,1,false
206,1971,9,5,5,"5","lotus","ford",19,-1,false
206,1971,9,6,6,"6","matra","matra",9,0,false
206,1971,9,7,7,"7","surtees","ford",8,2,false
206,1971,9,8,8,"8","mclaren","ford",6,-1,false
206,1971,9,9,9,"9","brabham","ford",5,-1,false
207,1971,10,1,1,"1","tyrrell","ford",64,0,true
207,1971,10,2,2,"2","ferrari","ferrari",32,0,false
207,1971,10,3,3,"3","brm","brm",30,0,false
207,1971,10,4,4,"4","march","ford",30,0,false
207,1971,10,5,5,"5","lotus","ford",21,0,false
207,1971,10,6,6,"6","mclaren","ford",10,2,false
207,1971,10,7,7,"7","matra","matra",9,-1,false
207,1971,10,8,8,"8","surtees","ford",8,-1,false
207,1971,10,9,9,"9","brabham","ford",5,0,false
208,1971,11,1,1,"1","tyrrell","ford",73,0,true
208,1971,11,2,2,"2","brm","brm",36,1,false
208,1971,11,3,3,"3","ferrari","ferrari",33,-1,false
208,1971,11,4,4,"4","march","ford",33,0,false
208,1971,11,5,5,"5","lotus","ford",21,0,false
208,1971,11,6,6,"6","mclaren","ford",10,0,false
208,1971,11,7,7,"7","matra","matra",9,0,false
208,1971,11,8,8,"8","surtees","ford",8,0,false
208,1971,11,9,9,"9","brabham","ford",5,0,false
209,1972,1,1,1,"1","tyrrell","ford",9,,false
209,1972,1,2,2,"2","mclaren","ford",6,,false
209,1972,1,3,3,"3","ferrari","ferrari",4,,false
209,1972,1,4,4,"4","surtees","ford",2,,false
209,1972,1,5,5,"5","march","ford",1,,false
210,1972,2,1,1,"1","mclaren","ford",15,1,false
210,1972,2,2,2,"2","tyrrell","ford",9,-1,false
210,1972,2,3,3,"3","ferrari","ferrari",7,0,false
210,1972,2,4,4,"4","lotus","ford",6,2,false
210,1972,2,5,5,"5","march","ford",3,0,false
210,1972,2,6,6,"6","surtees","ford",2,-2,false
210,1972,2,7,7,"7","brabham","ford",1,-1,false
211,1972,3,1,1,"1","mclaren","ford",17,0,false
211,1972,3,2,2,"2","lotus","ford",15,2,false
211,1972,3,3,3,"3","ferrari","ferrari",13,0,false
211,1972,3,4,4,"4","tyrrell","ford",9,-2,false
211,1972,3,5,5,"5","surtees","ford",5,1,false
211,1972,3,6,6,"6","march","ford",4,-1,false
211,1972,3,7,7,"7","brabham","ford",1,0,false
212,1972,4,1,1,"1","mclaren","ford",19,0,false
212,1972,4,2,2,"2","lotus","ford",19,0,false
212,1972,4,3,3,"3","ferrari","ferrari",19,0,false
212,1972,4,4,4,"4","tyrrell","ford",12,0,false
212,1972,4,5,5,"5","brm","brm",9,3,false
212,1972,4,6,6,"6","surtees","ford",5,-1,false
212,1972,4,7,7,"7","march","ford",4,-1,false
212,1972,4,8,8,"8","brabham","ford",1,-1,false
212,1972,4,9,8,"8","matra","matra",1,0,false
213,1972,5,1,1,"1","lotus","ford",28,1,false
213,1972,5,2,2,"2","mclaren","ford",23,-1,false
213,1972,5,3,3,"3","ferrari","ferrari",19,0,false
213,1972,5,4,4,"4","tyrrell","ford",18,0,false
213,1972,5,5,5,"5","brm","brm",9,0,false
213,1972,5,6,6,"6","surtees","ford",8,0,false
213,1972,5,7,7,"7","march","ford",6,0,false
213,1972,5,8,8,"8","matra","matra",2,0,false
213,1972,5,9,9,"9","brabham","ford",1,-1,false
214,1972,6,1,1,"1","lotus","ford",34,0,false
214,1972,6,2,2,"2","tyrrell","ford",27,2,false
214,1972,6,3,3,"3","mclaren","ford",23,-1,false
214,1972,6,4,4,"4","ferrari","ferrari",19,-1,false
214,1972,6,5,5,"5","brm","brm",9,0,false
214,1972,6,6,6,"6","surtees","ford",9,0,false
214,1972,6,7,7,"7","march","ford",8,0,false
214,1972,6,8,8,"8","matra","matra",6,0,false
214,1972,6,9,9,"9","brabham","ford",1,0,false
215,1972,7,1,1,"1","lotus","ford",43,0,false
215,1972,7,2,2,"2","tyrrell","ford",33,0,false
215,1972,7,3,3,"3","mclaren","ford",27,0,false
215,1972,7,4,4,"4","ferrari","ferrari",20,0,false
215,1972,7,5,5,"5","brm","brm",9,0,false
215,1972,7,6,6,"6","matra","matra",9,2,false
215,1972,7,7,7,"7","surtees","ford",9,-1,false
215,1972,7,8,8,"8","march","ford",8,-1,false
215,1972,7,9,9,"9","brabham","ford",1,0,false
216,1972,8,1,1,"1","lotus","ford",43,0,false
216,1972,8,2,2,"2","tyrrell","ford",33,0,false
216,1972,8,3,3,"3","ferrari","ferrari",29,1,false
216,1972,8,4,4,"4","mclaren","ford",29,-1,false
216,1972,8,5,5,"5","brm","brm",12,0,false
216,1972,8,6,6,"6","march","ford",12,2,false
216,1972,8,7,7,"7","matra","matra",9,-1,false
216,1972,8,8,8,"8","surtees","ford",9,-1,false
216,1972,8,9,9,"9","brabham","ford",2,0,false
217,1972,9,1,1,"1","lotus","ford",52,0,false
217,1972,9,2,2,"2","mclaren","ford",35,2,false
217,1972,9,3,3,"3","tyrrell","ford",33,-1,false
217,1972,9,4,4,"4","ferrari","ferrari",29,-1,false
217,1972,9,5,5,"5","brm","brm",13,0,false
217,1972,9,6,6,"6","march","ford",12,0,false
217,1972,9,7,7,"7","surtees","ford",12,1,false
217,1972,9,8,8,"8","matra","matra",11,-1,false
217,1972,9,9,9,"9","brabham","ford",2,0,false
218,1972,10,1,1,"1","lotus","ford",61,0,true
218,1972,10,2,2,"2","mclaren","ford",39,0,false
218,1972,10,3,3,"3","tyrrell","ford",33,0,false
218,1972,10,4,4,"4","ferrari","ferrari",29,0,false
218,1972,10,5,5,"5","surtees","ford",18,2,false
218,1972,10,6,6,"6","brm","brm",14,-1,false
218,1972,10,7,7,"7","march","ford",12,-1,false
218,1972,10,8,8,"8","matra","matra",11,0,false
218,1972,10,9,9,"9","brabham","ford",4,0,false
219,1972,11,1,1,"1","lotus","ford",61,0,true
219,1972,11,2,2,"2","mclaren","ford",45,0,false
219,1972,11,3,3,"3","tyrrell","ford",42,0,false
219,1972,11,4,4,"4","ferrari","ferrari",31,0,false
219,1972,11,5,5,"5","surtees","ford",18,0,false
219,1972,11,6,6,"6","brm","brm",14,0,false
219,1972,11,7,7,"7","matra","matra",12,1,false
219,1972,11,8,8,"8","march","ford",12,-1,false
219,1972,11,9,9,"9","brabham","ford",7,0,false
220,1972,12,1,1,"1","lotus","ford",61,0,true
220,1972,12,2,2,"2","tyrrell","ford",51,1,false
220,1972,12,3,3,"3","mclaren","ford",47,-1,false
220,1972,12,4,4,"4","ferrari","ferrari",33,0,false
220,1972,12,5,5,"5","surtees","ford",18,0,false
220,1972,12,6,6,"6","march","ford",15,2,false
220,1972,12,7,7,"7","brm","brm",14,-1,false
220,1972,12,8,8,"8","matra","matra",12,-1,false
220,1972,12,9,9,"9","brabham","ford",7,0,false
221,1973,1,1,1,"1","lotus","ford",9,,false
221,1973,1,2,2,"2","tyrrell","ford",6,,false
221,1973,1,3,3,"3","ferrari","ferrari",3,,false
221,1973,1,4,4,"4","mclaren","ford",2,,false
221,1973,1,5,5,"5","brabham","ford",1,,false
222,1973,2,1,1,"1","lotus","ford",18,0,false
222,1973,2,2,2,"2","tyrrell","ford",12,0,false
222,1973,2,3,3,"3","mclaren","ford",6,1,false
222,1973,2,4,4,"4","ferrari","ferrari",6,-1,false
222,1973,2,5,5,"5","brabham","ford",1,0,false
222,1973,2,6,5,"5","brm","brm",1,1,false
223,1973,3,1,1,"1","lotus","ford",22,0,false
223,1973,3,2,2,"2","tyrrell","ford",21,0,false
223,1973,3,3,3,"3","mclaren","ford",12,0,false
223,1973,3,4,4,"4","ferrari","ferrari",9,0,false
223,1973,3,5,5,"5","brabham","ford",1,0,false
223,1973,3,6,5,"5","brm","brm",1,0,false
223,1973,3,7,5,"5","shadow","ford",1,2,false
224,1973,4,1,1,"1","lotus","ford",31,0,false
224,1973,4,2,2,"2","tyrrell","ford",27,0,false
224,1973,4,3,3,"3","mclaren","ford",15,0,false
224,1973,4,4,4,"4","ferrari","ferrari",9,0,false
224,1973,4,5,5,"5","shadow","ford",5,0,false
224,1973,4,6,6,"6","brm","brm",3,-1,false
224,1973,4,7,7,"7","brabham","ford",1,-2,false
225,1973,5,1,1,"1","tyrrell","ford",36,1,false
225,1973,5,2,2,"2","lotus","ford",35,-1,false
225,1973,5,3,3,"3","mclaren","ford",15,0,false
225,1973,5,4,4,"4","ferrari","ferrari",9,0,false
225,1973,5,5,5,"5","shadow","ford",5,0,false
225,1973,5,6,6,"6","brm","brm",5,0,false
225,1973,5,7,7,"7","brabham","ford",4,0,false
225,1973,5,8,8,"8","tecno","tecno",1,0,false
226,1973,6,1,1,"1","tyrrell","ford",45,0,false
226,1973,6,2,2,"2","lotus","ford",41,0,false
226,1973,6,3,3,"3","mclaren","ford",17,0,false
226,1973,6,4,4,"4","ferrari","ferrari",9,0,false
226,1973,6,5,5,"5","shadow","ford",5,0,false
226,1973,6,6,6,"6","brm","brm",5,0,false
226,1973,6,7,7,"7","brabham","ford",4,0,false
226,1973,6,8,8,"8","tecno","tecno",1,0,false
227,1973,7,1,1,"1","tyrrell","ford",49,0,false
227,1973,7,2,2,"2","lotus","ford",47,0,false
227,1973,7,3,3,"3","mclaren","ford",26,0,false
227,1973,7,4,4,"4","ferrari","ferrari",10,0,false
227,1973,7,5,5,"5","brabham","ford",7,2,false
227,1973,7,6,6,"6","shadow","ford",5,-1,false
227,1973,7,7,7,"7","brm","brm",5,-1,false
227,1973,7,8,8,"8","tecno","tecno",1,0,false
228,1973,8,1,1,"1","lotus","ford",52,1,false
228,1973,8,2,2,"2","tyrrell","ford",51,-1,false
228,1973,8,3,3,"3","mclaren","ford",26,0,false
228,1973,8,4,4,"4","ferrari","ferrari",12,0,false
228,1973,8,5,5,"5","brabham","ford",11,0,false
228,1973,8,6,6,"6","shadow","ford",5,0,false
228,1973,8,7,7,"7","brm","brm",5,0,false
228,1973,8,8,8,"8","tecno","tecno",1,0,false
228,1973,8,9,8,"8","march","ford",1,1,false
229,1973,9,1,1,"1","lotus","ford",58,0,false
229,1973,9,2,2,"2","tyrrell","ford",53,0,false
229,1973,9,3,3,"3","mclaren","ford",35,0,false
229,1973,9,4,4,"4","brabham","ford",12,1,false
229,1973,9,5,5,"5","ferrari","ferrari",12,-1,false
229,1973,9,6,6,"6","shadow","ford",5,0,false
229,1973,9,7,7,"7","brm","brm",5,0,false
229,1973,9,8,8,"8","march","ford",4,0,false
229,1973,9,9,9,"9","tecno","tecno",1,-1,false
230,1973,10,1,1,"1","tyrrell","ford",62,1,false
230,1973,10,2,2,"2","lotus","ford",58,-1,false
230,1973,10,3,3,"3","mclaren","ford",38,0,false
230,1973,10,4,4,"4","brabham","ford",12,0,false
230,1973,10,5,5,"5","ferrari","ferrari",12,0,false
230,1973,10,6,6,"6","march","ford",8,2,false
230,1973,10,7,7,"7","brm","brm",7,0,false
230,1973,10,8,8,"8","shadow","ford",5,-2,false
230,1973,10,9,9,"9","tecno","tecno",1,0,false
230,1973,10,10,9,"9","iso-marlboro","ford",1,1,false
231,1973,11,1,1,"1","tyrrell","ford",71,0,false
231,1973,11,2,2,"2","lotus","ford",59,0,false
231,1973,11,3,3,"3","mclaren","ford",42,0,false
231,1973,11,4,4,"4","brabham","ford",14,0,false
231,1973,11,5,5,"5","ferrari","ferrari",12,0,false
231,1973,11,6,6,"6","march","ford",8,0,false
231,1973,11,7,7,"7","brm","brm",7,0,false
231,1973,11,8,8,"8","shadow","ford",5,0,false
231,1973,11,9,9,"9","surtees","ford",3,2,false
231,1973,11,10,10,"10","tecno","tecno",1,-1,false
231,1973,11,11,10,"10","iso-marlboro","ford",1,-1,false
232,1973,12,1,1,"1","tyrrell","ford",77,0,false
232,1973,12,2,2,"2","lotus","ford",68,0,false
232,1973,12,3,3,"3","mclaren","ford",42,0,false
232,1973,12,4,4,"4","brabham","ford",17,0,false
232,1973,12,5,5,"5","ferrari","ferrari",12,0,false
232,1973,12,6,6,"6","brm","brm",9,1,false
232,1973,12,7,7,"7","march","ford",8,-1,false
232,1973,12,8,8,"8","surtees","ford",7,1,false
232,1973,12,9,9,"9","shadow","ford",5,-1,false
232,1973,12,10,10,"10","tecno","tecno",1,0,false
232,1973,12,11,10,"10","iso-marlboro","ford",1,0,false
233,1973,13,1,1,"1","tyrrell","ford",80,0,false
233,1973,13,2,2,"2","lotus","ford",77,0,false
233,1973,13,3,3,"3","mclaren","ford",46,0,false
233,1973,13,4,4,"4","brabham","ford",18,0,false
233,1973,13,5,5,"5","ferrari","ferrari",12,0,false
233,1973,13,6,6,"6","brm","brm",9,0,false
233,1973,13,7,7,"7","march","ford",8,0,false
233,1973,13,8,8,"8","surtees","ford",7,0,false
233,1973,13,9,9,"9","shadow","ford",5,0,false
233,1973,13,10,10,"10","tecno","tecno",1,0,false
233,1973,13,11,10,"10","iso-marlboro","ford",1,0,false
234,1973,14,1,1,"1","lotus","ford",83,1,false
234,1973,14,2,2,"2","tyrrell","ford",82,-1,false
234,1973,14,3,3,"3","mclaren","ford",55,0,false
234,1973,14,4,4,"4","brabham","ford",18,0,false
234,1973,14,5,5,"5","ferrari","ferrari",12,0,false
234,1973,14,6,6,"6","brm","brm",12,0,false
234,1973,14,7,7,"7","shadow","ford",9,2,false
234,1973,14,8,8,"8","march","ford",8,-1,false
234,1973,14,9,9,"9","surtees","ford",7,-1,false
234,1973,14,10,10,"10","iso-marlboro","ford",2,0,false
234,1973,14,11,11,"11","tecno","tecno",1,-1,false
235,1973,15,1,1,"1","lotus","ford",92,0,true
235,1973,15,2,2,"2","tyrrell","ford",82,0,false
235,1973,15,3,3,"3","mclaren","ford",58,0,false
235,1973,15,4,4,"4","brabham","ford",22,0,false
235,1973,15,5,5,"5","march","ford",14,3,false
235,1973,15,6,6,"6","ferrari","ferrari",12,-1,false
235,1973,15,7,7,"7","brm","brm",12,-1,false
235,1973,15,8,8,"8","shadow","ford",9,-1,false
235,1973,15,9,9,"9","surtees","ford",7,0,false
235,1973,15,10,10,"10","iso-marlboro","ford",2,0,false
235,1973,15,11,11,"11","tecno","tecno",1,0,false
236,1974,1,1,1,"1","mclaren","ford",9,,false
236,1974,1,2,2,"2","ferrari","ferrari",6,,false
236,1974,1,3,3,"3","brm","brm",2,,false
236,1974,1,4,4,"4","tyrrell","ford",1,,false
237,1974,2,1,1,"1","mclaren","ford",18,0,false
237,1974,2,2,2,"2","ferrari","ferrari",12,0,false
237,1974,2,3,3,"3","lotus","ford",4,2,false
237,1974,2,4,4,"4","surtees","ford",3,1,false
237,1974,2,5,5,"5","brm","brm",2,-2,false
237,1974,2,6,6,"6","tyrrell","ford",1,-2,false
238,1974,3,1,1,"1","mclaren","ford",22,0,false
238,1974,3,2,2,"2","ferrari","ferrari",12,0,false
238,1974,3,3,3,"3","brabham","ford",9,4,false
238,1974,3,4,4,"4","brm","brm",8,1,false
238,1974,3,5,5,"5","lotus","ford",4,-2,false
238,1974,3,6,6,"6","tyrrell","ford",4,0,false
238,1974,3,7,7,"7","surtees","ford",3,-3,false
238,1974,3,8,8,"8","march","ford",2,-1,false
238,1974,3,9,9,"9","iso-marlboro","ford",1,-2,false
239,1974,4,1,1,"1","mclaren","ford",26,0,false
239,1974,4,2,2,"2","ferrari","ferrari",21,0,false
239,1974,4,3,3,"3","brabham","ford",9,0,false
239,1974,4,4,4,"4","brm","brm",8,0,false
239,1974,4,5,5,"5","tyrrell","ford",6,1,false
239,1974,4,6,6,"6","march","ford",5,2,false
239,1974,4,7,7,"7","lotus","ford",4,-2,false
239,1974,4,8,8,"8","surtees","ford",3,-1,false
239,1974,4,9,9,"9","iso-marlboro","ford",1,0,false
240,1974,5,1,1,"1","mclaren","ford",35,0,false
240,1974,5,2,2,"2","ferrari","ferrari",27,0,false
240,1974,5,3,3,"3","brm","brm",10,1,false
240,1974,5,4,4,"4","tyrrell","ford",10,1,false
240,1974,5,5,5,"5","brabham","ford",9,-2,false
240,1974,5,6,6,"6","march","ford",5,0,false
240,1974,5,7,7,"7","lotus","ford",4,0,false
240,1974,5,8,8,"8","surtees","ford",3,0,false
240,1974,5,9,9,"9","iso-marlboro","ford",1,0,false
241,1974,6,1,1,"1","mclaren","ford",37,0,false
241,1974,6,2,2,"2","ferrari","ferrari",30,0,false
241,1974,6,3,3,"3","tyrrell","ford",16,1,false
241,1974,6,4,4,"4","lotus","ford",13,3,false
241,1974,6,5,5,"5","brabham","ford",10,0,false
241,1974,6,6,6,"6","brm","brm",10,-3,false
241,1974,6,7,7,"7","march","ford",5,-1,false
241,1974,6,8,8,"8","shadow","ford",4,2,false
241,1974,6,9,9,"9","surtees","ford",3,-1,false
241,1974,6,10,10,"10","iso-marlboro","ford",1,-1,false
242,1974,7,1,1,"1","mclaren","ford",40,0,false
242,1974,7,2,2,"2","ferrari","ferrari",30,0,false
242,1974,7,3,3,"3","tyrrell","ford",25,0,false
242,1974,7,4,4,"4","lotus","ford",13,0,false
242,1974,7,5,5,"5","brabham","ford",10,0,false
242,1974,7,6,6,"6","brm","brm",10,0,false
242,1974,7,7,7,"7","shadow","ford",6,1,false
242,1974,7,8,8,"8","march","ford",5,-1,false
242,1974,7,9,9,"9","hesketh","ford",4,2,false
242,1974,7,10,10,"10","surtees","ford",3,-1,false
242,1974,7,11,11,"11","iso-marlboro","ford",1,-1,false
242,1974,7,12,11,"11","lola","ford",1,0,false
243,1974,8,1,1,"1","mclaren","ford",42,0,false
243,1974,8,2,2,"2","ferrari","ferrari",39,0,false
243,1974,8,3,3,"3","tyrrell","ford",27,0,false
243,1974,8,4,4,"4","lotus","ford",13,0,false
243,1974,8,5,5,"5","brabham","ford",10,0,false
243,1974,8,6,6,"6","brm","brm",10,0,false
243,1974,8,7,7,"7","shadow","ford",6,0,false
243,1974,8,8,8,"8","march","ford",5,0,false
243,1974,8,9,9,"9","hesketh","ford",4,0,false
243,1974,8,10,10,"10","surtees","ford",3,0,false
243,1974,8,11,11,"11","iso-marlboro","ford",1,0,false
243,1974,8,12,11,"11","lola","ford",1,0,false
244,1974,9,1,1,"1","ferrari","ferrari",45,1,false
244,1974,9,2,2,"2","mclaren","ford",43,-1,false
244,1974,9,3,3,"3","tyrrell","ford",30,0,false
244,1974,9,4,4,"4","lotus","ford",22,0,false
244,1974,9,5,5,"5","brabham","ford",10,0,false
244,1974,9,6,6,"6","brm","brm",10,0,false
244,1974,9,7,7,"7","shadow","ford",6,0,false
244,1974,9,8,8,"8","march","ford",5,0,false
244,1974,9,9,9,"9","hesketh","ford",4,0,false
244,1974,9,10,10,"10","surtees","ford",3,0,false
244,1974,9,11,11,"11","iso-marlboro","ford",1,0,false
244,1974,9,12,11,"11","lola","ford",1,0,false
245,1974,10,1,1,"1","mclaren","ford",49,1,false
245,1974,10,2,2,"2","ferrari","ferrari",48,-1,false
245,1974,10,3,3,"3","tyrrell","ford",39,0,false
245,1974,10,4,4,"4","lotus","ford",26,0,false
245,1974,10,5,5,"5","brabham","ford",11,0,false
245,1974,10,6,6,"6","brm","brm",10,0,false
245,1974,10,7,7,"7","shadow","ford",6,0,false
245,1974,10,8,8,"8","march","ford",5,0,false
245,1974,10,9,9,"9","hesketh","ford",4,0,false
245,1974,10,10,10,"10","surtees","ford",3,0,false
245,1974,10,11,11,"11","iso-marlboro","ford",1,0,false
245,1974,10,12,11,"11","lola","ford",1,0,false
246,1974,11,1,1,"1","ferrari","ferrari",57,1,false
246,1974,11,2,2,"2","mclaren","ford",49,-1,false
246,1974,11,3,3,"3","tyrrell","ford",45,0,false
246,1974,11,4,4,"4","lotus","ford",29,0,false
246,1974,11,5,5,"5","brabham","ford",15,0,false
246,1974,11,6,6,"6","brm","brm",10,0,false
246,1974,11,7,7,"7","shadow","ford",7,0,false
246,1974,11,8,8,"8","march","ford",5,0,false
246,1974,11,9,9,"9","hesketh","ford",4,0,false
246,1974,11,10,10,"10","surtees","ford",3,0,false
246,1974,11,11,11,"11","iso-marlboro","ford",1,0,false
246,1974,11,12,11,"11","lola","ford",1,0,false
247,1974,12,1,1,"1","ferrari","ferrari",59,0,false
247,1974,12,2,2,"2","mclaren","ford",55,0,false
247,1974,12,3,3,"3","tyrrell","ford",45,0,false
247,1974,12,4,4,"4","lotus","ford",29,0,false
247,1974,12,5,5,"5","brabham","ford",24,0,false
247,1974,12,6,6,"6","brm","brm",10,0,false
247,1974,12,7,7,"7","hesketh","ford",8,2,false
247,1974,12,8,8,"8","shadow","ford",7,-1,false
247,1974,12,9,9,"9","march","ford",6,-1,false
247,1974,12,10,10,"10","surtees","ford",3,0,false
247,1974,12,11,11,"11","iso-marlboro","ford",1,0,false
247,1974,12,12,11,"11","lola","ford",1,0,false
248,1974,13,1,2,"2","mclaren","ford",61,0,false
248,1974,13,2,2,"2","ferrari","ferrari",59,-1,false
248,1974,13,3,3,"3","tyrrell","ford",49,0,false
248,1974,13,4,4,"4","lotus","ford",38,0,false
248,1974,13,5,5,"5","brabham","ford",26,0,false
248,1974,13,6,6,"6","brm","brm",10,0,false
248,1974,13,7,7,"7","hesketh","ford",8,0,false
248,1974,13,8,8,"8","shadow","ford",7,0,false
248,1974,13,9,9,"9","march","ford",6,0,false
248,1974,13,10,10,"10","iso-marlboro","ford",4,1,false
248,1974,13,11,11,"11","surtees","ford",3,-1,false
248,1974,13,12,12,"12","lola","ford",1,-1,false
249,1974,14,1,1,"1","mclaren","ford",70,1,false
249,1974,14,2,2,"2","ferrari","ferrari",65,0,false
249,1974,14,3,3,"3","tyrrell","ford",51,0,false
249,1974,14,4,4,"4","lotus","ford",42,0,false
249,1974,14,5,5,"5","brabham","ford",26,0,false
249,1974,14,6,6,"6","hesketh","ford",11,1,false
249,1974,14,7,7,"7","brm","brm",10,-1,false
249,1974,14,8,8,"8","shadow","ford",7,0,false
249,1974,14,9,9,"9","march","ford",6,0,false
249,1974,14,10,10,"10","iso-marlboro","ford",4,0,false
249,1974,14,11,11,"11","surtees","ford",3,0,false
249,1974,14,12,12,"12","lola","ford",1,0,false
250,1974,15,1,1,"1","mclaren","ford",73,0,true
250,1974,15,2,2,"2","ferrari","ferrari",65,0,false
250,1974,15,3,3,"3","tyrrell","ford",52,0,false
250,1974,15,4,4,"4","lotus","ford",42,0,false
250,1974,15,5,5,"5","brabham","ford",35,0,false
250,1974,15,6,6,"6","hesketh","ford",15,0,false
250,1974,15,7,7,"7","brm","brm",10,0,false
250,1974,15,8,8,"8","shadow","ford",7,0,false
250,1974,15,9,9,"9","march","ford",6,0,false
250,1974,15,10,10,"10","iso-marlboro","ford",4,0,false
250,1974,15,11,11,"11","surtees","ford",3,0,false
250,1974,15,12,12,"12","lola","ford",1,0,false
251,1975,1,1,1,"1","mclaren","ford",9,,false
251,1975,1,2,2,"2","hesketh","ford",6,,false
251,1975,1,3,3,"3","brabham","ford",4,,false
251,1975,1,4,4,"4","ferrari","ferrari",3,,false
251,1975,1,5,5,"5","tyrrell","ford",2,,false
252,1975,2,1,1,"1","mclaren","ford",15,0,false
252,1975,2,2,2,"2","brabham","ford",13,1,false
252,1975,2,3,3,"3","hesketh","ford",7,-1,false
252,1975,2,4,4,"4","ferrari","ferrari",6,0,false
252,1975,2,5,5,"5","tyrrell","ford",2,0,false
253,1975,3,1,1,"1","brabham","ford",19,1,false
253,1975,3,2,2,"2","mclaren","ford",16,-1,false
253,1975,3,3,3,"3","tyrrell","ford",11,2,false
253,1975,3,4,4,"4","ferrari","ferrari",8,0,false
253,1975,3,5,5,"5","hesketh","ford",7,-2,false
254,1975,4,1,1,"1","brabham","ford",21,0,false
254,1975,4,2,2,"2","mclaren","ford",20.5,0,false
254,1975,4,3,3,"3","tyrrell","ford",11,0,false
254,1975,4,4,4,"4","ferrari","ferrari",8,0,false
254,1975,4,5,5,"5","hesketh","ford",7,0,false
254,1975,4,6,6,"6","lotus","ford",3,0,false
254,1975,4,7,7,"7","shadow","ford",1.5,-1,false
254,1975,4,8,8,"8","march","ford",1,-2,false
255,1975,5,1,1,"1","mclaren","ford",26.5,1,false
255,1975,5,2,2,"2","brabham","ford",25,-1,false
255,1975,5,3,3,"3","ferrari","ferrari",17,1,false
255,1975,5,4,4,"4","tyrrell","ford",13,-1,false
255,1975,5,5,5,"5","hesketh","ford",7,0,false
255,1975,5,6,6,"6","lotus","ford",6,0,false
255,1975,5,7,7,"7","shadow","ford",1.5,0,false
255,1975,5,8,8,"8","march","ford",1,0,false
256,1975,6,1,1,"1","brabham","ford",29,1,false
256,1975,6,2,2,"2","mclaren","ford",26.5,-1,false
256,1975,6,3,3,"3","ferrari","ferrari",26,0,false
256,1975,6,4,4,"4","tyrrell","ford",19,0,false
256,1975,6,5,5,"5","hesketh","ford",7,0,false
256,1975,6,6,6,"6","lotus","ford",6,0,false
256,1975,6,7,7,"7","shadow","ford",2.5,0,false
256,1975,6,8,8,"8","march","ford",1,0,false
257,1975,7,1,1,"1","ferrari","ferrari",35,2,false
257,1975,7,2,2,"2","brabham","ford",33,-1,false
257,1975,7,3,3,"3","mclaren","ford",26.5,-1,false
257,1975,7,4,4,"4","tyrrell","ford",19,0,false
257,1975,7,5,5,"5","hesketh","ford",7,0,false
257,1975,7,6,6,"6","lotus","ford",6,0,false
257,1975,7,7,7,"7","parnelli","ford",3,2,false
257,1975,7,8,8,"8","shadow","ford",2.5,-1,false
257,1975,7,9,9,"9","penske","ford",2,0,false
257,1975,7,10,10,"10","march","ford",1,-2,false
257,1975,7,11,11,"11","hill","ford",1,-2,false
258,1975,8,1,1,"1","ferrari","ferrari",41,0,false
258,1975,8,2,2,"2","brabham","ford",36,0,false
258,1975,8,3,3,"3","mclaren","ford",26.5,0,false
258,1975,8,4,4,"4","tyrrell","ford",19,0,false
258,1975,8,5,5,"5","hesketh","ford",16,0,false
258,1975,8,6,6,"6","lotus","ford",6,0,false
258,1975,8,7,7,"7","shadow","ford",3.5,1,false
258,1975,8,8,8,"8","parnelli","ford",3,-1,false
258,1975,8,9,9,"9","penske","ford",2,0,false
258,1975,8,10,10,"10","march","ford",1,0,false
258,1975,8,11,11,"11","hill","ford",1,0,false
259,1975,9,1,1,"1","ferrari","ferrari",50,0,false
259,1975,9,2,2,"2","brabham","ford",36,0,false
259,1975,9,3,3,"3","mclaren","ford",30.5,0,false
259,1975,9,4,4,"4","hesketh","ford",22,1,false
259,1975,9,5,5,"5","tyrrell","ford",20,-1,false
259,1975,9,6,6,"6","lotus","ford",6,0,false
259,1975,9,7,7,"7","parnelli","ford",5,1,false
259,1975,9,8,8,"8","shadow","ford",3.5,-1,false
259,1975,9,9,9,"9","penske","ford",2,0,false
259,1975,9,10,10,"10","march","ford",1,0,false
259,1975,9,11,11,"11","hill","ford",1,0,false
260,1975,10,1,1,"1","ferrari","ferrari",50,0,false
260,1975,10,2,2,"2","brabham","ford",42,0,false
260,1975,10,3,3,"3","mclaren","ford",39.5,0,false
260,1975,10,4,4,"4","hesketh","ford",25,0,false
260,1975,10,5,5,"5","tyrrell","ford",24,0,false
260,1975,10,6,6,"6","lotus","ford",6,0,false
260,1975,10,7,7,"7","parnelli","ford",5,0,false
260,1975,10,8,8,"8","shadow","ford",3.5,0,false
260,1975,10,9,9,"9","march","ford",3,1,false
260,1975,10,10,10,"10","penske","ford",2,-1,false
260,1975,10,11,11,"11","hill","ford",1,0,false
261,1975,11,1,1,"1","ferrari","ferrari",54,0,false
261,1975,11,2,2,"2","brabham","ford",51,0,false
261,1975,11,3,3,"3","mclaren","ford",39.5,0,false
261,1975,11,4,4,"4","hesketh","ford",25,0,false
261,1975,11,5,5,"5","tyrrell","ford",24,0,false
261,1975,11,6,6,"6","shadow","ford",6.5,2,false
261,1975,11,7,7,"7","lotus","ford",6,-1,false
261,1975,11,8,8,"8","frank-williams-racing-cars","ford",6,4,false
261,1975,11,9,9,"9","parnelli","ford",5,-2,false
261,1975,11,10,10,"10","march","ford",3,-1,false
261,1975,11,11,11,"11","hill","ford",3,0,false
261,1975,11,12,12,"12","penske","ford",2,-2,false
261,1975,11,13,13,"13","ensign","ford",1,-1,false
262,1975,12,1,1,"1","ferrari","ferrari",54.5,0,false
262,1975,12,2,2,"2","brabham","ford",51,0,false
262,1975,12,3,3,"3","mclaren","ford",41,0,false
262,1975,12,4,4,"4","hesketh","ford",28,0,false
262,1975,12,5,5,"5","tyrrell","ford",24,0,false
262,1975,12,6,6,"6","shadow","ford",8.5,0,false
262,1975,12,7,7,"7","march","ford",7.5,3,false
262,1975,12,8,8,"8","lotus","ford",7,-1,false
262,1975,12,9,9,"9","frank-williams-racing-cars","ford",6,-1,false
262,1975,12,10,10,"10","parnelli","ford",5,-1,false
262,1975,12,11,11,"11","hill","ford",3,0,false
262,1975,12,12,12,"12","penske","ford",2,0,false
262,1975,12,13,13,"13","ensign","ford",1,0,false
263,1975,13,1,1,"1","ferrari","ferrari",63.5,0,true
263,1975,13,2,2,"2","brabham","ford",54,0,false
263,1975,13,3,3,"3","mclaren","ford",47,0,false
263,1975,13,4,4,"4","hesketh","ford",30,0,false
263,1975,13,5,5,"5","tyrrell","ford",24,0,false
263,1975,13,6,6,"6","shadow","ford",9.5,0,false
263,1975,13,7,7,"7","march","ford",7.5,0,false
263,1975,13,8,8,"8","lotus","ford",7,0,false
263,1975,13,9,9,"9","frank-williams-racing-cars","ford",6,0,false
263,1975,13,10,10,"10","parnelli","ford",5,0,false
263,1975,13,11,11,"11","hill","ford",3,0,false
263,1975,13,12,12,"12","penske","ford",2,0,false
263,1975,13,13,13,"13","ensign","ford",1,0,false
264,1975,14,1,1,"1","ferrari","ferrari",72.5,0,true
264,1975,14,2,2,"2","brabham","ford",54,0,false
264,1975,14,3,3,"3","mclaren","ford",53,0,false
264,1975,14,4,4,"4","hesketh","ford",33,0,false
264,1975,14,5,5,"5","tyrrell","ford",25,0,false
264,1975,14,6,6,"6","shadow","ford",9.5,0,false
264,1975,14,7,7,"7","lotus","ford",9,1,false
264,1975,14,8,8,"8","march","ford",7.5,-1,false
264,1975,14,9,9,"9","frank-williams-racing-cars","ford",6,0,false
264,1975,14,10,10,"10","parnelli","ford",5,0,false
264,1975,14,11,11,"11","hill","ford",3,0,false
264,1975,14,12,12,"12","penske","ford",2,0,false
264,1975,14,13,13,"13","ensign","ford",1,0,false
265,1976,1,1,1,"1","ferrari","ferrari",9,,false
265,1976,1,2,2,"2","tyrrell","ford",6,,false
265,1976,1,3,3,"3","shadow","ford",4,,false
265,1976,1,4,4,"4","march","ford",3,,false
265,1976,1,5,5,"5","mclaren","ford",1,,false
266,1976,2,1,1,"1","ferrari","ferrari",18,0,false
266,1976,2,2,2,"2","tyrrell","ford",9,0,false
266,1976,2,3,3,"3","mclaren","ford",7,2,false
266,1976,2,4,4,"4","shadow","ford",4,-1,false
266,1976,2,5,5,"5","march","ford",3,-1,false
266,1976,2,6,6,"6","penske","ford",2,0,false
266,1976,2,7,7,"7","parnelli","ford",1,-1,false
267,1976,3,1,1,"1","ferrari","ferrari",27,0,false
267,1976,3,2,2,"2","tyrrell","ford",13,0,false
267,1976,3,3,3,"3","mclaren","ford",9,0,false
267,1976,3,4,4,"4","shadow","ford",4,0,false
267,1976,3,5,5,"5","march","ford",3,0,false
267,1976,3,6,5,"5","ligier","matra",3,3,false
267,1976,3,7,7,"7","penske","ford",2,-1,false
267,1976,3,8,8,"8","parnelli","ford",1,-1,false
267,1976,3,9,8,"8","fittipaldi","ford",1,0,false
268,1976,4,1,1,"1","ferrari","ferrari",33,0,false
268,1976,4,2,2,"2","mclaren","ford",18,1,false
268,1976,4,3,3,"3","tyrrell","ford",13,-1,false
268,1976,4,4,4,"4","shadow","ford",4,0,false
268,1976,4,5,4,"4","lotus","ford",4,6,false
268,1976,4,6,6,"6","brabham","alfa-romeo",3,4,false
268,1976,4,7,7,"7","march","ford",3,-2,false
268,1976,4,8,7,"7","ligier","matra",3,-2,false
268,1976,4,9,9,"9","penske","ford",2,-2,false
268,1976,4,10,9,"9","ensign","ford",2,1,false
268,1976,4,11,11,"11","parnelli","ford",1,-3,false
268,1976,4,12,11,"11","fittipaldi","ford",1,-3,false
269,1976,5,1,1,"1","ferrari","ferrari",42,0,false
269,1976,5,2,2,"2","mclaren","ford",19,0,false
269,1976,5,3,3,"3","tyrrell","ford",16,0,false
269,1976,5,4,4,"4","ligier","matra",7,3,false
269,1976,5,5,5,"5","shadow","ford",4,-1,false
269,1976,5,6,5,"5","lotus","ford",4,-1,false
269,1976,5,7,7,"7","brabham","alfa-romeo",3,-1,false
269,1976,5,8,8,"8","march","ford",3,-1,false
269,1976,5,9,9,"9","penske","ford",2,0,false
269,1976,5,10,9,"9","ensign","ford",2,0,false
269,1976,5,11,9,"9","surtees","ford",2,4,false
269,1976,5,12,12,"12","parnelli","ford",1,-1,false
269,1976,5,13,12,"12","fittipaldi","ford",1,-1,false
270,1976,6,1,1,"1","ferrari","ferrari",51,0,false
270,1976,6,2,2,"2","tyrrell","ford",22,1,false
270,1976,6,3,3,"3","mclaren","ford",21,-1,false
270,1976,6,4,4,"4","ligier","matra",7,0,false
270,1976,6,5,5,"5","march","ford",6,3,false
270,1976,6,6,6,"6","shadow","ford",4,-1,false
270,1976,6,7,6,"6","lotus","ford",4,-1,false
270,1976,6,8,8,"8","brabham","alfa-romeo",3,-1,false
270,1976,6,9,9,"9","penske","ford",2,0,false
270,1976,6,10,9,"9","ensign","ford",2,0,false
270,1976,6,11,9,"9","surtees","ford",2,0,false
270,1976,6,12,12,"12","fittipaldi","ford",2,0,false
270,1976,6,13,13,"13","parnelli","ford",1,-1,false
271,1976,7,1,1,"1","ferrari","ferrari",55,0,false
271,1976,7,2,2,"2","tyrrell","ford",31,0,false
271,1976,7,3,3,"3","mclaren","ford",23,0,false
271,1976,7,4,4,"4","ligier","matra",10,0,false
271,1976,7,5,5,"5","march","ford",6,0,false
271,1976,7,6,6,"6","shadow","ford",4,0,false
271,1976,7,7,6,"6","lotus","ford",4,0,false
271,1976,7,8,8,"8","brabham","alfa-romeo",3,0,false
271,1976,7,9,9,"9","penske","ford",2,0,false
271,1976,7,10,9,"9","ensign","ford",2,0,false
271,1976,7,11,9,"9","surtees","ford",2,0,false
271,1976,7,12,12,"12","fittipaldi","ford",2,0,false
271,1976,7,13,13,"13","parnelli","ford",1,0,false
272,1976,8,1,1,"1","ferrari","ferrari",55,0,false
272,1976,8,2,2,"2","tyrrell","ford",37,0,false
272,1976,8,3,3,"3","mclaren","ford",31,0,false
272,1976,8,4,4,"4","ligier","matra",10,0,false
272,1976,8,5,5,"5","lotus","ford",6,1,false
272,1976,8,6,5,"5","penske","ford",6,4,false
272,1976,8,7,7,"7","brabham","alfa-romeo",6,1,false
272,1976,8,8,8,"8","march","ford",6,-3,false
272,1976,8,9,9,"9","shadow","ford",4,-3,false
272,1976,8,10,10,"10","ensign","ford",2,-1,false
272,1976,8,11,10,"10","surtees","ford",2,-1,false
272,1976,8,12,12,"12","fittipaldi","ford",2,0,false
272,1976,8,13,13,"13","parnelli","ford",1,0,false
273,1976,9,1,1,"1","ferrari","ferrari",64,0,false
273,1976,9,2,2,"2","tyrrell","ford",43,0,false
273,1976,9,3,3,"3","mclaren","ford",31,0,false
273,1976,9,4,4,"4","penske","ford",10,1,false
273,1976,9,5,5,"5","ligier","matra",10,-1,false
273,1976,9,6,6,"6","shadow","ford",7,3,false
273,1976,9,7,7,"7","lotus","ford",6,-2,false
273,1976,9,8,8,"8","brabham","alfa-romeo",6,-1,false
273,1976,9,9,9,"9","march","ford",6,-1,false
273,1976,9,10,10,"10","surtees","ford",4,0,false
273,1976,9,11,11,"11","fittipaldi","ford",3,1,false
273,1976,9,12,12,"12","ensign","ford",2,-2,false
273,1976,9,13,13,"13","parnelli","ford",1,0,false
274,1976,10,1,1,"1","ferrari","ferrari",64,0,false
274,1976,10,2,2,"2","tyrrell","ford",49,0,false
274,1976,10,3,3,"3","mclaren","ford",40,0,false
274,1976,10,4,4,"4","penske","ford",10,0,false
274,1976,10,5,5,"5","ligier","matra",10,0,false
274,1976,10,6,6,"6","brabham","alfa-romeo",9,2,false
274,1976,10,7,7,"7","lotus","ford",8,0,false
274,1976,10,8,8,"8","shadow","ford",7,-2,false
274,1976,10,9,9,"9","march","ford",6,0,false
274,1976,10,10,10,"10","surtees","ford",4,0,false
274,1976,10,11,11,"11","fittipaldi","ford",3,0,false
274,1976,10,12,12,"12","ensign","ford",2,0,false
274,1976,10,13,13,"13","parnelli","ford",1,0,false
275,1976,11,1,1,"1","ferrari","ferrari",64,0,false
275,1976,11,2,2,"2","tyrrell","ford",49,0,false
275,1976,11,3,3,"3","mclaren","ford",43,0,false
275,1976,11,4,4,"4","penske","ford",19,0,false
275,1976,11,5,5,"5","ligier","matra",16,0,false
275,1976,11,6,6,"6","lotus","ford",12,1,false
275,1976,11,7,7,"7","brabham","alfa-romeo",9,-1,false
275,1976,11,8,8,"8","shadow","ford",7,0,false
275,1976,11,9,9,"9","march","ford",7,0,false
275,1976,11,10,10,"10","surtees","ford",4,0,false
275,1976,11,11,11,"11","fittipaldi","ford",3,0,false
275,1976,11,12,12,"12","ensign","ford",2,0,false
275,1976,11,13,13,"13","parnelli","ford",1,0,false
276,1976,12,1,1,"1","ferrari","ferrari",70,0,false
276,1976,12,2,2,"2","mclaren","ford",52,1,false
276,1976,12,3,3,"3","tyrrell","ford",51,-1,false
276,1976,12,4,4,"4","penske","ford",19,0,false
276,1976,12,5,5,"5","ligier","matra",16,0,false
276,1976,12,6,6,"6","lotus","ford",16,0,false
276,1976,12,7,7,"7","shadow","ford",10,1,false
276,1976,12,8,8,"8","brabham","alfa-romeo",9,-1,false
276,1976,12,9,9,"9","march","ford",8,0,false
276,1976,12,10,10,"10","surtees","ford",4,0,false
276,1976,12,11,11,"11","fittipaldi","ford",3,0,false
276,1976,12,12,12,"12","ensign","ford",2,0,false
276,1976,12,13,13,"13","parnelli","ford",1,0,false
277,1976,13,1,1,"1","ferrari","ferrari",76,0,false
277,1976,13,2,2,"2","tyrrell","ford",53,1,false
277,1976,13,3,3,"3","mclaren","ford",52,-1,false
277,1976,13,4,4,"4","ligier","matra",20,1,false
277,1976,13,5,5,"5","penske","ford",19,-1,false
277,1976,13,6,6,"6","march","ford",17,3,false
277,1976,13,7,7,"7","lotus","ford",16,-1,false
277,1976,13,8,8,"8","shadow","ford",10,-1,false
277,1976,13,9,9,"9","brabham","alfa-romeo",9,-1,false
277,1976,13,10,10,"10","surtees","ford",4,0,false
277,1976,13,11,11,"11","fittipaldi","ford",3,0,false
277,1976,13,12,12,"12","ensign","ford",2,0,false
277,1976,13,13,13,"13","parnelli","ford",1,0,false
278,1976,14,1,1,"1","ferrari","ferrari",77,0,false
278,1976,14,2,2,"2","mclaren","ford",61,1,false
278,1976,14,3,3,"3","tyrrell","ford",59,-1,false
278,1976,14,4,4,"4","ligier","matra",20,0,false
278,1976,14,5,5,"5","lotus","ford",20,2,false
278,1976,14,6,6,"6","penske","ford",19,-1,false
278,1976,14,7,7,"7","march","ford",17,-1,false
278,1976,14,8,8,"8","shadow","ford",10,0,false
278,1976,14,9,9,"9","brabham","alfa-romeo",9,0,false
278,1976,14,10,10,"10","surtees","ford",4,0,false
278,1976,14,11,11,"11","fittipaldi","ford",3,0,false
278,1976,14,12,12,"12","ensign","ford",2,0,false
278,1976,14,13,13,"13","parnelli","ford",1,0,false
279,1976,15,1,1,"1","ferrari","ferrari",81,0,true
279,1976,15,2,2,"2","mclaren","ford",70,0,false
279,1976,15,3,3,"3","tyrrell","ford",65,0,false
279,1976,15,4,4,"4","penske","ford",20,2,false
279,1976,15,5,5,"5","ligier","matra",20,-1,false
279,1976,15,6,6,"6","lotus","ford",20,-1,false
279,1976,15,7,7,"7","march","ford",19,0,false
279,1976,15,8,8,"8","shadow","ford",10,0,false
279,1976,15,9,9,"9","brabham","alfa-romeo",9,0,false
279,1976,15,10,10,"10","surtees","ford",4,0,false
279,1976,15,11,11,"11","fittipaldi","ford",3,0,false
279,1976,15,12,12,"12","ensign","ford",2,0,false
279,1976,15,13,13,"13","parnelli","ford",1,0,false
280,1976,16,1,1,"1","ferrari","ferrari",83,0,true
280,1976,16,2,2,"2","mclaren","ford",74,0,false
280,1976,16,3,3,"3","tyrrell","ford",71,0,false
280,1976,16,4,4,"4","lotus","ford",29,2,false
280,1976,16,5,5,"5","penske","ford",20,-1,false
280,1976,16,6,6,"6","ligier","matra",20,-1,false
280,1976,16,7,7,"7","march","ford",19,0,false
280,1976,16,8,8,"8","shadow","ford",10,0,false
280,1976,16,9,9,"9","brabham","alfa-romeo",9,0,false
280,1976,16,10,10,"10","surtees","ford",7,0,false
280,1976,16,11,11,"11","fittipaldi","ford",3,0,false
280,1976,16,12,12,"12","ensign","ford",2,0,false
280,1976,16,13,13,"13","parnelli","ford",1,0,false
281,1977,1,1,1,"1","wolf","ford",9,,false
281,1977,1,2,2,"2","brabham","alfa-romeo",6,,false
281,1977,1,3,3,"3","ferrari","ferrari",4,,false
281,1977,1,4,4,"4","fittipaldi","ford",3,,false
281,1977,1,5,5,"5","lotus","ford",2,,false
281,1977,1,6,6,"6","ensign","ford",1,,false
282,1977,2,1,1,"1","ferrari","ferrari",13,2,false
282,1977,2,2,2,"2","wolf","ford",9,-1,false
282,1977,2,3,3,"3","brabham","alfa-romeo",6,-1,false
282,1977,2,4,3,"3","mclaren","ford",6,4,false
282,1977,2,5,5,"5","fittipaldi","ford",6,-1,false
282,1977,2,6,6,"6","lotus","ford",4,-1,false
282,1977,2,7,7,"7","ensign","ford",1,-1,false
282,1977,2,8,7,"7","shadow","ford",1,0,false
283,1977,3,1,1,"1","ferrari","ferrari",22,0,false
283,1977,3,2,2,"2","wolf","ford",15,0,false
283,1977,3,3,3,"3","mclaren","ford",9,0,false
283,1977,3,4,4,"4","brabham","alfa-romeo",7,-1,false
283,1977,3,5,5,"5","fittipaldi","ford",6,0,false
283,1977,3,6,6,"6","tyrrell","ford",4,3,false
283,1977,3,7,7,"7","lotus","ford",4,-1,false
283,1977,3,8,8,"8","ensign","ford",1,-1,false
283,1977,3,9,8,"8","shadow","ford",1,-1,false
284,1977,4,1,1,"1","ferrari","ferrari",28,0,false
284,1977,4,2,2,"2","wolf","ford",19,0,false
284,1977,4,3,3,"3","lotus","ford",13,4,false
284,1977,4,4,4,"4","mclaren","ford",9,-1,false
284,1977,4,5,5,"5","fittipaldi","ford",8,0,false
284,1977,4,6,6,"6","brabham","alfa-romeo",7,-2,false
284,1977,4,7,7,"7","tyrrell","ford",7,-1,false
284,1977,4,8,8,"8","ensign","ford",1,0,false
284,1977,4,9,8,"8","shadow","ford",1,0,false
284,1977,4,10,8,"8","penske","ford",1,2,false
285,1977,5,1,1,"1","ferrari","ferrari",34,0,false
285,1977,5,2,2,"2","wolf","ford",23,0,false
285,1977,5,3,3,"3","lotus","ford",22,0,false
285,1977,5,4,4,"4","mclaren","ford",12,0,false
285,1977,5,5,5,"5","brabham","alfa-romeo",8,1,false
285,1977,5,6,6,"6","fittipaldi","ford",8,-1,false
285,1977,5,7,7,"7","tyrrell","ford",7,0,false
285,1977,5,8,8,"8","ensign","ford",1,0,false
285,1977,5,9,8,"8","shadow","ford",1,0,false
285,1977,5,10,8,"8","penske","ford",1,0,false
286,1977,6,1,1,"1","ferrari","ferrari",40,0,false
286,1977,6,2,2,"2","wolf","ford",32,0,false
286,1977,6,3,3,"3","lotus","ford",24,0,false
286,1977,6,4,4,"4","mclaren","ford",15,0,false
286,1977,6,5,5,"5","brabham","alfa-romeo",8,0,false
286,1977,6,6,6,"6","fittipaldi","ford",8,0,false
286,1977,6,7,7,"7","tyrrell","ford",7,0,false
286,1977,6,8,8,"8","shadow","ford",2,0,false
286,1977,6,9,9,"9","ensign","ford",1,-1,false
286,1977,6,10,9,"9","penske","ford",1,-1,false
287,1977,7,1,1,"1","ferrari","ferrari",46,0,false
287,1977,7,2,2,"2","lotus","ford",33,1,false
287,1977,7,3,3,"3","wolf","ford",32,-1,false
287,1977,7,4,4,"4","mclaren","ford",15,0,false
287,1977,7,5,5,"5","tyrrell","ford",11,2,false
287,1977,7,6,6,"6","brabham","alfa-romeo",9,-1,false
287,1977,7,7,7,"7","fittipaldi","ford",8,-1,false
287,1977,7,8,8,"8","shadow","ford",4,0,false
287,1977,7,9,9,"9","surtees","ford",3,2,false
287,1977,7,10,10,"10","ensign","ford",1,-1,false
287,1977,7,11,10,"10","penske","ford",1,-1,false
288,1977,8,1,1,"1","ferrari","ferrari",50,0,false
288,1977,8,2,2,"2","lotus","ford",34,0,false
288,1977,8,3,3,"3","wolf","ford",32,0,false
288,1977,8,4,4,"4","mclaren","ford",21,0,false
288,1977,8,5,5,"5","tyrrell","ford",14,0,false
288,1977,8,6,6,"6","brabham","alfa-romeo",11,0,false
288,1977,8,7,7,"7","ligier","matra",9,5,false
288,1977,8,8,8,"8","fittipaldi","ford",8,-1,false
288,1977,8,9,9,"9","shadow","ford",4,-1,false
288,1977,8,10,10,"10","surtees","ford",3,-1,false
288,1977,8,11,11,"11","ensign","ford",1,-1,false
288,1977,8,12,11,"11","penske","ford",1,-1,false
289,1977,9,1,1,"1","ferrari","ferrari",50,0,false
289,1977,9,2,2,"2","lotus","ford",43,0,false
289,1977,9,3,3,"3","wolf","ford",32,0,false
289,1977,9,4,4,"4","mclaren","ford",25,0,false
289,1977,9,5,5,"5","brabham","alfa-romeo",17,1,false
289,1977,9,6,6,"6","tyrrell","ford",14,-1,false
289,1977,9,7,7,"7","ligier","matra",9,0,false
289,1977,9,8,8,"8","fittipaldi","ford",8,0,false
289,1977,9,9,9,"9","shadow","ford",4,0,false
289,1977,9,10,10,"10","surtees","ford",3,0,false
289,1977,9,11,11,"11","ensign","ford",1,0,false
289,1977,9,12,11,"11","penske","ford",1,0,false
290,1977,10,1,1,"1","ferrari","ferrari",56,0,false
290,1977,10,2,2,"2","lotus","ford",47,0,false
290,1977,10,3,3,"3","mclaren","ford",34,1,false
290,1977,10,4,4,"4","wolf","ford",32,-1,false
290,1977,10,5,5,"5","brabham","alfa-romeo",19,0,false
290,1977,10,6,6,"6","tyrrell","ford",14,0,false
290,1977,10,7,7,"7","ligier","matra",10,0,false
290,1977,10,8,8,"8","fittipaldi","ford",8,0,false
290,1977,10,9,9,"9","shadow","ford",4,0,false
290,1977,10,10,10,"10","surtees","ford",3,0,false
290,1977,10,11,11,"11","ensign","ford",1,0,false
290,1977,10,12,11,"11","penske","ford",1,0,false
291,1977,11,1,1,"1","ferrari","ferrari",65,0,false
291,1977,11,2,2,"2","lotus","ford",47,0,false
291,1977,11,3,3,"3","wolf","ford",38,1,false
291,1977,11,4,4,"4","mclaren","ford",34,-1,false
291,1977,11,5,5,"5","brabham","alfa-romeo",23,0,false
291,1977,11,6,6,"6","tyrrell","ford",14,0,false
291,1977,11,7,7,"7","ligier","matra",10,0,false
291,1977,11,8,8,"8","fittipaldi","ford",8,0,false
291,1977,11,9,9,"9","surtees","ford",5,1,false
291,1977,11,10,10,"10","shadow","ford",4,-1,false
291,1977,11,11,11,"11","ensign","ford",2,0,false
291,1977,11,12,12,"12","penske","ford",1,-1,false
292,1977,12,1,1,"1","ferrari","ferrari",71,0,false
292,1977,12,2,2,"2","lotus","ford",47,0,false
292,1977,12,3,4,"4","wolf","ford",38,-1,false
292,1977,12,4,4,"4","mclaren","ford",35,0,false
292,1977,12,5,5,"5","brabham","alfa-romeo",27,0,false
292,1977,12,6,6,"6","tyrrell","ford",16,0,false
292,1977,12,7,7,"7","shadow","ford",13,3,false
292,1977,12,8,8,"8","ligier","matra",10,-1,false
292,1977,12,9,9,"9","fittipaldi","ford",8,-1,false
292,1977,12,10,10,"10","surtees","ford",5,-1,false
292,1977,12,11,11,"11","ensign","ford",2,0,false
292,1977,12,12,12,"12","penske","ford",1,0,false
293,1977,13,1,1,"1","ferrari","ferrari",80,0,false
293,1977,13,2,2,"2","lotus","ford",47,0,false
293,1977,13,3,3,"3","wolf","ford",42,1,false
293,1977,13,4,4,"4","mclaren","ford",35,0,false
293,1977,13,5,5,"5","brabham","alfa-romeo",27,0,false
293,1977,13,6,6,"6","ligier","matra",16,2,false
293,1977,13,7,7,"7","tyrrell","ford",16,-1,false
293,1977,13,8,8,"8","shadow","ford",13,-1,false
293,1977,13,9,9,"9","fittipaldi","ford",11,0,false
293,1977,13,10,10,"10","surtees","ford",5,0,false
293,1977,13,11,11,"11","ensign","ford",4,0,false
293,1977,13,12,12,"12","penske","ford",1,0,false
294,1977,14,1,1,"1","ferrari","ferrari",86,0,true
294,1977,14,2,2,"2","lotus","ford",56,0,false
294,1977,14,3,3,"3","wolf","ford",42,0,false
294,1977,14,4,4,"4","mclaren","ford",38,0,false
294,1977,14,5,5,"5","brabham","alfa-romeo",27,0,false
294,1977,14,6,6,"6","shadow","ford",17,2,false
294,1977,14,7,7,"7","tyrrell","ford",17,0,false
294,1977,14,8,8,"8","ligier","matra",16,-2,false
294,1977,14,9,9,"9","fittipaldi","ford",11,0,false
294,1977,14,10,10,"10","ensign","ford",6,1,false
294,1977,14,11,11,"11","surtees","ford",5,-1,false
294,1977,14,12,12,"12","penske","ford",1,0,false
295,1977,15,1,1,"1","ferrari","ferrari",89,0,true
295,1977,15,2,2,"2","lotus","ford",62,0,false
295,1977,15,3,3,"3","mclaren","ford",47,1,false
295,1977,15,4,4,"4","wolf","ford",46,-1,false
295,1977,15,5,5,"5","brabham","alfa-romeo",27,0,false
295,1977,15,6,6,"6","shadow","ford",17,0,false
295,1977,15,7,7,"7","tyrrell","ford",17,0,false
295,1977,15,8,8,"8","ligier","matra",16,0,false
295,1977,15,9,9,"9","fittipaldi","ford",11,0,false
295,1977,15,10,10,"10","ensign","ford",8,0,false
295,1977,15,11,11,"11","surtees","ford",5,0,false
295,1977,15,12,12,"12","penske","ford",1,0,false
296,1977,16,1,1,"1","ferrari","ferrari",89,0,true
296,1977,16,2,2,"2","lotus","ford",62,0,false
296,1977,16,3,3,"3","wolf","ford",55,1,false
296,1977,16,4,4,"4","mclaren","ford",51,-1,false
296,1977,16,5,5,"5","brabham","alfa-romeo",27,0,false
296,1977,16,6,6,"6","tyrrell","ford",23,1,false
296,1977,16,7,7,"7","shadow","ford",20,-1,false
296,1977,16,8,8,"8","ligier","matra",16,0,false
296,1977,16,9,9,"9","fittipaldi","ford",11,0,false
296,1977,16,10,10,"10","ensign","ford",10,0,false
296,1977,16,11,11,"11","surtees","ford",6,0,false
296,1977,16,12,12,"12","penske","ford",1,0,false
297,1977,17,1,1,"1","ferrari","ferrari",95,0,true
297,1977,17,2,2,"2","lotus","ford",62,0,false
297,1977,17,3,3,"3","mclaren","ford",60,1,false
297,1977,17,4,4,"4","wolf","ford",55,-1,false
297,1977,17,5,5,"5","brabham","alfa-romeo",27,0,false
297,1977,17,6,6,"6","tyrrell","ford",27,0,false
297,1977,17,7,7,"7","shadow","ford",23,0,false
297,1977,17,8,8,"8","ligier","matra",18,0,false
297,1977,17,9,9,"9","fittipaldi","ford",11,0,false
297,1977,17,10,10,"10","ensign","ford",10,0,false
297,1977,17,11,11,"11","surtees","ford",6,0,false
297,1977,17,12,12,"12","penske","ford",1,0,false
298,1978,1,1,1,"1","lotus","ford",9,,false
298,1978,1,2,2,"2","brabham","alfa-romeo",6,,false
298,1978,1,3,3,"3","tyrrell","ford",4,,false
298,1978,1,4,4,"4","mclaren","ford",3,,false
299,1978,2,1,1,"1","lotus","ford",12,0,false
299,1978,2,2,2,"2","brabham","alfa-romeo",10,0,false
299,1978,2,3,3,"3","ferrari","ferrari",9,2,false
299,1978,2,4,4,"4","fittipaldi","ford",6,1,false
299,1978,2,5,5,"5","tyrrell","ford",5,-2,false
299,1978,2,6,6,"6","mclaren","ford",3,-2,false
299,1978,2,7,7,"7","shadow","ford",2,-2,false
300,1978,3,1,1,"1","lotus","ford",21,0,false
300,1978,3,2,2,"2","brabham","alfa-romeo",14,0,false
300,1978,3,3,3,"3","tyrrell","ford",12,2,false
300,1978,3,4,4,"4","ferrari","ferrari",9,-1,false
300,1978,3,5,5,"5","fittipaldi","ford",6,-1,false
300,1978,3,6,6,"6","mclaren","ford",3,0,false
300,1978,3,7,7,"7","williams","ford",3,1,false
300,1978,3,8,8,"8","shadow","ford",2,-1,false
300,1978,3,9,8,"8","ligier","matra",2,0,false
301,1978,4,1,1,"1","lotus","ford",27,0,false
301,1978,4,2,2,"2","ferrari","ferrari",18,2,false
301,1978,4,3,3,"3","tyrrell","ford",15,0,false
301,1978,4,4,4,"4","brabham","alfa-romeo",14,-2,false
301,1978,4,5,5,"5","fittipaldi","ford",6,0,false
301,1978,4,6,6,"6","ligier","matra",4,2,false
301,1978,4,7,7,"7","mclaren","ford",3,-1,false
301,1978,4,8,8,"8","williams","ford",3,-1,false
301,1978,4,9,9,"9","shadow","ford",2,-1,false
301,1978,4,10,10,"10","arrows","ford",1,0,false
302,1978,5,1,1,"1","lotus","ford",27,0,false
302,1978,5,2,2,"2","tyrrell","ford",24,1,false
302,1978,5,3,3,"3","brabham","alfa-romeo",20,1,false
302,1978,5,4,4,"4","ferrari","ferrari",18,-2,false
302,1978,5,5,5,"5","fittipaldi","ford",6,0,false
302,1978,5,6,6,"6","wolf","ford",4,5,false
302,1978,5,7,7,"7","ligier","matra",4,-1,false
302,1978,5,8,8,"8","mclaren","ford",3,-1,false
302,1978,5,9,9,"9","williams","ford",3,-1,false
302,1978,5,10,10,"10","shadow","ford",2,-1,false
302,1978,5,11,11,"11","arrows","ford",2,-1,false
303,1978,6,1,1,"1","lotus","ford",36,0,false
303,1978,6,2,2,"2","tyrrell","ford",25,0,false
303,1978,6,3,3,"3","ferrari","ferrari",22,1,false
303,1978,6,4,4,"4","brabham","alfa-romeo",20,-1,false
303,1978,6,5,5,"5","fittipaldi","ford",6,0,false
303,1978,6,6,6,"6","ligier","matra",6,1,false
303,1978,6,7,7,"7","wolf","ford",4,-1,false
303,1978,6,8,8,"8","mclaren","ford",3,0,false
303,1978,6,9,9,"9","williams","ford",3,0,false
303,1978,6,10,10,"10","shadow","ford",2,0,false
303,1978,6,11,11,"11","arrows","ford",2,0,false
304,1978,7,1,1,"1","lotus","ford",45,0,false
304,1978,7,2,2,"2","tyrrell","ford",25,0,false
304,1978,7,3,3,"3","ferrari","ferrari",22,0,false
304,1978,7,4,4,"4","brabham","alfa-romeo",22,0,false
304,1978,7,5,5,"5","ligier","matra",10,1,false
304,1978,7,6,6,"6","wolf","ford",7,1,false
304,1978,7,7,7,"7","fittipaldi","ford",6,-2,false
304,1978,7,8,8,"8","mclaren","ford",4,0,false
304,1978,7,9,9,"9","williams","ford",3,0,false
304,1978,7,10,10,"10","shadow","ford",2,0,false
304,1978,7,11,11,"11","arrows","ford",2,0,false
305,1978,8,1,1,"1","lotus","ford",49,0,false
305,1978,8,2,2,"2","brabham","alfa-romeo",31,2,false
305,1978,8,3,3,"3","tyrrell","ford",25,-1,false
305,1978,8,4,4,"4","ferrari","ferrari",22,-1,false
305,1978,8,5,5,"5","ligier","matra",10,0,false
305,1978,8,6,6,"6","arrows","ford",8,5,false
305,1978,8,7,7,"7","fittipaldi","ford",7,0,false
305,1978,8,8,8,"8","wolf","ford",7,-2,false
305,1978,8,9,9,"9","mclaren","ford",7,-1,false
305,1978,8,10,10,"10","shadow","ford",4,0,false
305,1978,8,11,11,"11","williams","ford",3,-2,false
306,1978,9,1,1,"1","lotus","ford",58,0,false
306,1978,9,2,2,"2","brabham","alfa-romeo",34,0,false
306,1978,9,3,3,"3","tyrrell","ford",25,0,false
306,1978,9,4,4,"4","ferrari","ferrari",22,0,false
306,1978,9,5,5,"5","mclaren","ford",11,4,false
306,1978,9,6,6,"6","ligier","matra",10,-1,false
306,1978,9,7,7,"7","arrows","ford",8,-1,false
306,1978,9,8,8,"8","wolf","ford",8,0,false
306,1978,9,9,9,"9","fittipaldi","ford",7,-2,false
306,1978,9,10,10,"10","williams","ford",5,1,false
306,1978,9,11,11,"11","shadow","ford",4,-1,false
307,1978,10,1,1,"1","lotus","ford",58,0,false
307,1978,10,2,2,"2","brabham","alfa-romeo",40,0,false
307,1978,10,3,3,"3","ferrari","ferrari",31,1,false
307,1978,10,4,4,"4","tyrrell","ford",28,-1,false
307,1978,10,5,5,"5","mclaren","ford",12,0,false
307,1978,10,6,6,"6","ligier","matra",10,0,false
307,1978,10,7,7,"7","arrows","ford",8,0,false
307,1978,10,8,8,"8","wolf","ford",8,0,false
307,1978,10,9,9,"9","fittipaldi","ford",7,0,false
307,1978,10,10,10,"10","shadow","ford",6,1,false
307,1978,10,11,11,"11","williams","ford",5,-1,false
308,1978,11,1,1,"1","lotus","ford",67,0,false
308,1978,11,2,2,"2","brabham","alfa-romeo",40,0,false
308,1978,11,3,3,"3","ferrari","ferrari",31,0,false
308,1978,11,4,4,"4","tyrrell","ford",30,0,false
308,1978,11,5,5,"5","wolf","ford",14,3,false
308,1978,11,6,6,"6","ligier","matra",14,0,false
308,1978,11,7,7,"7","mclaren","ford",12,-2,false
308,1978,11,8,8,"8","fittipaldi","ford",10,1,false
308,1978,11,9,9,"9","arrows","ford",8,-2,false
308,1978,11,10,10,"10","shadow","ford",6,0,false
308,1978,11,11,11,"11","williams","ford",5,0,false
309,1978,12,1,1,"1","lotus","ford",76,0,false
309,1978,12,2,2,"2","brabham","alfa-romeo",40,0,false
309,1978,12,3,3,"3","tyrrell","ford",36,1,false
309,1978,12,4,4,"4","ferrari","ferrari",35,-1,false
309,1978,12,5,5,"5","ligier","matra",16,1,false
309,1978,12,6,6,"6","wolf","ford",14,-1,false
309,1978,12,7,7,"7","fittipaldi","ford",13,1,false
309,1978,12,8,8,"8","mclaren","ford",12,-1,false
309,1978,12,9,9,"9","arrows","ford",8,0,false
309,1978,12,10,10,"10","shadow","ford",6,0,false
309,1978,12,11,11,"11","williams","ford",5,0,false
309,1978,12,12,12,"12","surtees","ford",1,0,false
310,1978,13,1,1,"1","lotus","ford",85,0,true
310,1978,13,2,2,"2","brabham","alfa-romeo",44,0,false
310,1978,13,3,3,"3","ferrari","ferrari",36,1,false
310,1978,13,4,4,"4","tyrrell","ford",36,-1,false
310,1978,13,5,5,"5","ligier","matra",16,0,false
310,1978,13,6,6,"6","fittipaldi","ford",15,1,false
310,1978,13,7,7,"7","wolf","ford",14,-1,false
310,1978,13,8,8,"8","mclaren","ford",12,0,false
310,1978,13,9,9,"9","arrows","ford",8,0,false
310,1978,13,10,10,"10","shadow","ford",6,0,false
310,1978,13,11,11,"11","williams","ford",5,0,false
310,1978,13,12,12,"12","surtees","ford",1,0,false
311,1978,14,1,1,"1","lotus","ford",86,0,true
311,1978,14,2,2,"2","brabham","alfa-romeo",53,0,false
311,1978,14,3,3,"3","ferrari","ferrari",40,0,false
311,1978,14,4,4,"4","tyrrell","ford",36,0,false
311,1978,14,5,5,"5","ligier","matra",19,0,false
311,1978,14,6,6,"6","fittipaldi","ford",15,0,false
311,1978,14,7,7,"7","wolf","ford",14,0,false
311,1978,14,8,8,"8","mclaren","ford",14,0,false
311,1978,14,9,9,"9","arrows","ford",8,0,false
311,1978,14,10,10,"10","shadow","ford",6,0,false
311,1978,14,11,11,"11","williams","ford",5,0,false
311,1978,14,12,12,"12","surtees","ford",1,0,false
312,1978,15,1,1,"1","lotus","ford",86,0,true
312,1978,15,2,2,"2","brabham","alfa-romeo",53,0,false
312,1978,15,3,3,"3","ferrari","ferrari",49,0,false
312,1978,15,4,4,"4","tyrrell","ford",36,0,false
312,1978,15,5,5,"5","ligier","matra",19,0,false
312,1978,15,6,6,"6","wolf","ford",18,1,false
312,1978,15,7,7,"7","fittipaldi","ford",17,-1,false
312,1978,15,8,8,"8","mclaren","ford",15,0,false
312,1978,15,9,9,"9","williams","ford",11,2,false
312,1978,15,10,10,"10","arrows","ford",8,-1,false
312,1978,15,11,11,"11","shadow","ford",6,-1,false
312,1978,15,12,12,"12","renault","renault",3,1,false
312,1978,15,13,13,"13","surtees","ford",1,-1,false
313,1978,16,1,1,"1","lotus","ford",86,0,true
313,1978,16,2,2,"2","ferrari","ferrari",58,1,false
313,1978,16,3,3,"3","brabham","alfa-romeo",53,-1,false
313,1978,16,4,4,"4","tyrrell","ford",38,0,false
313,1978,16,5,5,"5","wolf","ford",24,1,false
313,1978,16,6,6,"6","ligier","matra",19,-1,false
313,1978,16,7,7,"7","fittipaldi","ford",17,0,false
313,1978,16,8,8,"8","mclaren","ford",15,0,false
313,1978,16,9,9,"9","williams","ford",11,0,false
313,1978,16,10,10,"10","arrows","ford",11,0,false
313,1978,16,11,11,"11","shadow","ford",6,0,false
313,1978,16,12,12,"12","renault","renault",3,0,false
313,1978,16,13,13,"13","surtees","ford",1,0,false
313,1978,16,14,13,"13","ensign","ford",1,1,false
314,1979,1,1,1,"1","ligier","ford",12,,false
314,1979,1,2,2,"2","lotus","ford",8,,false
314,1979,1,3,3,"3","mclaren","ford",4,,false
314,1979,1,4,4,"4","fittipaldi","ford",1,,false
315,1979,2,1,1,"1","ligier","ford",27,0,false
315,1979,2,2,2,"2","lotus","ford",12,0,false
315,1979,2,3,3,"3","mclaren","ford",4,0,false
315,1979,2,4,4,"4","tyrrell","ford",3,1,false
315,1979,2,5,5,"5","ferrari","ferrari",3,0,false
315,1979,2,6,6,"6","fittipaldi","ford",1,-2,false
316,1979,3,1,1,"1","ligier","ford",27,0,false
316,1979,3,2,2,"2","ferrari","ferrari",18,3,false
316,1979,3,3,3,"3","lotus","ford",17,-1,false
316,1979,3,4,4,"4","tyrrell","ford",7,0,false
316,1979,3,5,5,"5","mclaren","ford",4,-2,false
316,1979,3,6,6,"6","fittipaldi","ford",1,0,false
316,1979,3,7,6,"6","brabham","alfa-romeo",1,1,false
317,1979,4,1,1,"1","ferrari","ferrari",33,1,false
317,1979,4,2,2,"2","ligier","ford",29,-1,false
317,1979,4,3,3,"3","lotus","ford",20,0,false
317,1979,4,4,4,"4","tyrrell","ford",8,0,false
317,1979,4,5,5,"5","mclaren","ford",4,0,false
317,1979,4,6,5,"5","williams","ford",4,3,false
317,1979,4,7,7,"7","fittipaldi","ford",1,-1,false
317,1979,4,8,7,"7","brabham","alfa-romeo",1,-1,false
318,1979,5,1,1,"1","ligier","ford",38,1,false
318,1979,5,2,2,"2","ferrari","ferrari",36,-1,false
318,1979,5,3,3,"3","lotus","ford",30,0,false
318,1979,5,4,4,"4","tyrrell","ford",11,0,false
318,1979,5,5,5,"5","mclaren","ford",4,0,false
318,1979,5,6,5,"5","williams","ford",4,0,false
318,1979,5,7,7,"7","fittipaldi","ford",1,0,false
318,1979,5,8,7,"7","brabham","alfa-romeo",1,0,false
319,1979,6,1,1,"1","ferrari","ferrari",45,1,false
319,1979,6,2,2,"2","ligier","ford",44,-1,false
319,1979,6,3,3,"3","lotus","ford",33,0,false
319,1979,6,4,4,"4","tyrrell","ford",15,0,false
319,1979,6,5,5,"5","mclaren","ford",5,0,false
319,1979,6,6,6,"6","williams","ford",4,-1,false
319,1979,6,7,7,"7","arrows","ford",2,2,false
319,1979,6,8,8,"8","fittipaldi","ford",1,-1,false
319,1979,6,9,8,"8","brabham","alfa-romeo",1,-1,false
320,1979,7,1,1,"1","ferrari","ferrari",54,0,false
320,1979,7,2,2,"2","ligier","ford",46,0,false
320,1979,7,3,3,"3","lotus","ford",37,0,false
320,1979,7,4,4,"4","tyrrell","ford",15,0,false
320,1979,7,5,5,"5","williams","ford",10,1,false
320,1979,7,6,6,"6","mclaren","ford",8,-1,false
320,1979,7,7,7,"7","arrows","ford",3,0,false
320,1979,7,8,8,"8","fittipaldi","ford",1,0,false
320,1979,7,9,8,"8","brabham","alfa-romeo",1,0,false
321,1979,8,1,1,"1","ferrari","ferrari",60,0,false
321,1979,8,2,2,"2","ligier","ford",46,0,false
321,1979,8,3,3,"3","lotus","ford",37,0,false
321,1979,8,4,4,"4","tyrrell","ford",17,0,false
321,1979,8,5,5,"5","williams","ford",14,0,false
321,1979,8,6,6,"6","renault","renault",13,4,false
321,1979,8,7,7,"7","mclaren","ford",8,-1,false
321,1979,8,8,8,"8","arrows","ford",3,-1,false
321,1979,8,9,9,"9","fittipaldi","ford",1,-1,false
321,1979,8,10,9,"9","brabham","alfa-romeo",1,-1,false
322,1979,9,1,1,"1","ferrari","ferrari",62,0,false
322,1979,9,2,2,"2","ligier","ford",47,0,false
322,1979,9,3,3,"3","lotus","ford",37,0,false
322,1979,9,4,4,"4","williams","ford",23,1,false
322,1979,9,5,5,"5","tyrrell","ford",21,-1,false
322,1979,9,6,6,"6","renault","renault",19,0,false
322,1979,9,7,7,"7","mclaren","ford",11,0,false
322,1979,9,8,8,"8","arrows","ford",3,0,false
322,1979,9,9,9,"9","fittipaldi","ford",1,0,false
322,1979,9,10,9,"9","brabham","alfa-romeo",1,0,false
323,1979,10,1,1,"1","ferrari","ferrari",65,0,false
323,1979,10,2,2,"2","ligier","ford",51,0,false
323,1979,10,3,3,"3","williams","ford",38,1,false
323,1979,10,4,4,"4","lotus","ford",37,-1,false
323,1979,10,5,5,"5","tyrrell","ford",21,0,false
323,1979,10,6,6,"6","renault","renault",19,0,false
323,1979,10,7,7,"7","mclaren","ford",13,0,false
323,1979,10,8,8,"8","arrows","ford",4,0,false
323,1979,10,9,9,"9","fittipaldi","ford",1,0,false
323,1979,10,10,9,"9","brabham","alfa-romeo",1,0,false
324,1979,11,1,1,"1","ferrari","ferrari",74,0,false
324,1979,11,2,2,"2","ligier","ford",55,0,false
324,1979,11,3,3,"3","williams","ford",49,0,false
324,1979,11,4,4,"4","lotus","ford",37,0,false
324,1979,11,5,5,"5","tyrrell","ford",21,0,false
324,1979,11,6,6,"6","renault","renault",20,0,false
324,1979,11,7,7,"7","mclaren","ford",13,0,false
324,1979,11,8,8,"8","arrows","ford",4,0,false
324,1979,11,9,9,"9","fittipaldi","ford",1,0,false
324,1979,11,10,9,"9","brabham","alfa-romeo",1,0,false
325,1979,12,1,1,"1","ferrari","ferrari",80,0,false
325,1979,12,2,2,"2","ligier","ford",61,0,false
325,1979,12,3,3,"3","williams","ford",58,0,false
325,1979,12,4,4,"4","lotus","ford",37,0,false
325,1979,12,5,5,"5","tyrrell","ford",21,0,false
325,1979,12,6,6,"6","renault","renault",20,0,false
325,1979,12,7,7,"7","mclaren","ford",13,0,false
325,1979,12,8,8,"8","arrows","ford",5,0,false
325,1979,12,9,9,"9","brabham","alfa-romeo",4,0,false
325,1979,12,10,10,"10","fittipaldi","ford",1,-1,false
326,1979,13,1,1,"1","ferrari","ferrari",95,0,true
326,1979,13,2,2,"2","williams","ford",62,1,false
326,1979,13,3,3,"3","ligier","ford",61,-1,false
326,1979,13,4,4,"4","lotus","ford",39,0,false
326,1979,13,5,5,"5","tyrrell","ford",22,0,false
326,1979,13,6,6,"6","renault","renault",20,0,false
326,1979,13,7,7,"7","mclaren","ford",13,0,false
326,1979,13,8,8,"8","brabham","alfa-romeo",7,1,false
326,1979,13,9,9,"9","arrows","ford",5,-1,false
326,1979,13,10,10,"10","fittipaldi","ford",1,0,false
327,1979,14,1,1,"1","ferrari","ferrari",104,0,true
327,1979,14,2,2,"2","williams","ford",75,0,false
327,1979,14,3,3,"3","ligier","ford",61,0,false
327,1979,14,4,4,"4","lotus","ford",39,0,false
327,1979,14,5,5,"5","tyrrell","ford",24,0,false
327,1979,14,6,6,"6","renault","renault",20,0,false
327,1979,14,7,7,"7","mclaren","ford",14,0,false
327,1979,14,8,8,"8","brabham","alfa-romeo",7,0,false
327,1979,14,9,9,"9","arrows","ford",5,0,false
327,1979,14,10,10,"10","fittipaldi","ford",1,0,false
328,1979,15,1,1,"1","ferrari","ferrari",113,0,true
328,1979,15,2,2,"2","williams","ford",75,0,false
328,1979,15,3,3,"3","ligier","ford",61,0,false
328,1979,15,4,4,"4","lotus","ford",39,0,false
328,1979,15,5,5,"5","tyrrell","ford",28,0,false
328,1979,15,6,6,"6","renault","renault",26,0,false
328,1979,15,7,7,"7","mclaren","ford",15,0,false
328,1979,15,8,8,"8","brabham","alfa-romeo",7,0,false
328,1979,15,9,9,"9","arrows","ford",5,0,false
328,1979,15,10,10,"10","shadow","ford",3,1,false
328,1979,15,11,11,"11","ats-wheels","ford",2,0,false
328,1979,15,12,12,"12","fittipaldi","ford",1,-2,false
329,1980,1,1,1,"1","williams","ford",9,,false
329,1980,1,2,2,"2","brabham","ford",6,,false
329,1980,1,3,3,"3","fittipaldi","ford",4,,false
329,1980,1,4,4,"4","tyrrell","ford",3,,false
329,1980,1,5,5,"5","alfa-romeo","alfa-romeo",2,,false
329,1980,1,6,6,"6","mclaren","ford",1,,false
330,1980,2,1,1,"1","williams","ford",13,0,false
330,1980,2,2,2,"2","renault","renault",9,5,false
330,1980,2,3,3,"3","brabham","ford",6,-1,false
330,1980,2,4,3,"3","lotus","ford",6,4,false
330,1980,2,5,5,"5","fittipaldi","ford",4,-2,false
330,1980,2,6,6,"6","tyrrell","ford",3,-2,false
330,1980,2,7,6,"6","ligier","ford",3,1,false
330,1980,2,8,8,"8","mclaren","ford",3,-2,false
330,1980,2,9,9,"9","alfa-romeo","alfa-romeo",2,-4,false
330,1980,2,10,10,"10","arrows","ford",1,-3,false
331,1980,3,1,1,"1","renault","renault",18,1,false
331,1980,3,2,2,"2","williams","ford",15,-1,false
331,1980,3,3,3,"3","ligier","ford",13,3,false
331,1980,3,4,4,"4","brabham","ford",9,-1,false
331,1980,3,5,5,"5","lotus","ford",6,-2,false
331,1980,3,6,6,"6","fittipaldi","ford",4,-1,false
331,1980,3,7,7,"7","tyrrell","ford",3,-1,false
331,1980,3,8,8,"8","mclaren","ford",3,0,false
331,1980,3,9,9,"9","alfa-romeo","alfa-romeo",2,0,false
331,1980,3,10,10,"10","arrows","ford",2,0,false
332,1980,4,1,1,"1","renault","renault",18,0,false
332,1980,4,2,2,"2","brabham","ford",18,2,false
332,1980,4,3,3,"3","williams","ford",15,-1,false
332,1980,4,4,4,"4","ligier","ford",14,-1,false
332,1980,4,5,5,"5","arrows","ford",8,5,false
332,1980,4,6,6,"6","fittipaldi","ford",8,0,false
332,1980,4,7,7,"7","lotus","ford",6,-2,false
332,1980,4,8,8,"8","mclaren","ford",6,0,false
332,1980,4,9,9,"9","tyrrell","ford",3,-2,false
332,1980,4,10,10,"10","alfa-romeo","alfa-romeo",2,-1,false
332,1980,4,11,10,"10","ferrari","ferrari",2,1,false
333,1980,5,1,1,"1","williams","ford",25,2,false
333,1980,5,2,2,"2","ligier","ford",23,2,false
333,1980,5,3,3,"3","renault","renault",21,-2,false
333,1980,5,4,4,"4","brabham","ford",18,-2,false
333,1980,5,5,5,"5","arrows","ford",8,0,false
333,1980,5,6,6,"6","fittipaldi","ford",8,0,false
333,1980,5,7,7,"7","lotus","ford",6,0,false
333,1980,5,8,8,"8","mclaren","ford",6,0,false
333,1980,5,9,9,"9","tyrrell","ford",5,0,false
333,1980,5,10,10,"10","ferrari","ferrari",3,0,false
333,1980,5,11,11,"11","alfa-romeo","alfa-romeo",2,-1,false
334,1980,6,1,1,"1","williams","ford",34,0,false
334,1980,6,2,2,"2","ligier","ford",29,0,false
334,1980,6,3,3,"3","brabham","ford",22,1,false
334,1980,6,4,4,"4","renault","renault",21,-1,false
334,1980,6,5,5,"5","arrows","ford",11,0,false
334,1980,6,6,6,"6","fittipaldi","ford",9,0,false
334,1980,6,7,7,"7","lotus","ford",6,0,false
334,1980,6,8,8,"8","mclaren","ford",6,0,false
334,1980,6,9,9,"9","tyrrell","ford",5,0,false
334,1980,6,10,10,"10","ferrari","ferrari",5,0,false
334,1980,6,11,11,"11","alfa-romeo","alfa-romeo",2,0,false
335,1980,7,1,1,"1","williams","ford",44,0,false
335,1980,7,2,2,"2","ligier","ford",39,0,false
335,1980,7,3,3,"3","brabham","ford",25,0,false
335,1980,7,4,4,"4","renault","renault",23,0,false
335,1980,7,5,5,"5","arrows","ford",11,0,false
335,1980,7,6,6,"6","fittipaldi","ford",9,0,false
335,1980,7,7,7,"7","lotus","ford",6,0,false
335,1980,7,8,8,"8","mclaren","ford",6,0,false
335,1980,7,9,9,"9","tyrrell","ford",5,0,false
335,1980,7,10,10,"10","ferrari","ferrari",5,0,false
335,1980,7,11,11,"11","alfa-romeo","alfa-romeo",2,0,false
336,1980,8,1,1,"1","williams","ford",57,0,false
336,1980,8,2,2,"2","ligier","ford",39,0,false
336,1980,8,3,3,"3","brabham","ford",31,0,false
336,1980,8,4,4,"4","renault","renault",23,0,false
336,1980,8,5,5,"5","arrows","ford",11,0,false
336,1980,8,6,6,"6","tyrrell","ford",10,3,false
336,1980,8,7,7,"7","fittipaldi","ford",9,-1,false
336,1980,8,8,8,"8","mclaren","ford",7,0,false
336,1980,8,9,9,"9","lotus","ford",6,-2,false
336,1980,8,10,10,"10","ferrari","ferrari",5,0,false
336,1980,8,11,11,"11","alfa-romeo","alfa-romeo",2,0,false
337,1980,9,1,1,"1","williams","ford",67,0,false
337,1980,9,2,2,"2","ligier","ford",48,0,false
337,1980,9,3,3,"3","brabham","ford",34,0,false
337,1980,9,4,4,"4","renault","renault",23,0,false
337,1980,9,5,5,"5","arrows","ford",11,0,false
337,1980,9,6,6,"6","tyrrell","ford",10,0,false
337,1980,9,7,7,"7","fittipaldi","ford",9,0,false
337,1980,9,8,8,"8","mclaren","ford",7,0,false
337,1980,9,9,9,"9","lotus","ford",6,0,false
337,1980,9,10,10,"10","ferrari","ferrari",6,0,false
337,1980,9,11,11,"11","alfa-romeo","alfa-romeo",4,0,false
338,1980,10,1,1,"1","williams","ford",77,0,false
338,1980,10,2,2,"2","ligier","ford",51,0,false
338,1980,10,3,3,"3","brabham","ford",36,0,false
338,1980,10,4,4,"4","renault","renault",32,0,false
338,1980,10,5,5,"5","arrows","ford",11,0,false
338,1980,10,6,6,"6","tyrrell","ford",10,0,false
338,1980,10,7,7,"7","fittipaldi","ford",9,0,false
338,1980,10,8,8,"8","lotus","ford",7,1,false
338,1980,10,9,9,"9","mclaren","ford",7,-1,false
338,1980,10,10,10,"10","ferrari","ferrari",6,0,false
338,1980,10,11,11,"11","alfa-romeo","alfa-romeo",4,0,false
339,1980,11,1,1,"1","williams","ford",80,0,false
339,1980,11,2,2,"2","ligier","ford",55,0,false
339,1980,11,3,3,"3","brabham","ford",45,0,false
339,1980,11,4,4,"4","renault","renault",38,0,false
339,1980,11,5,5,"5","tyrrell","ford",12,1,false
339,1980,11,6,6,"6","arrows","ford",11,-1,false
339,1980,11,7,7,"7","fittipaldi","ford",9,0,false
339,1980,11,8,8,"8","mclaren","ford",8,1,false
339,1980,11,9,9,"9","lotus","ford",7,-1,false
339,1980,11,10,10,"10","ferrari","ferrari",6,0,false
339,1980,11,11,11,"11","alfa-romeo","alfa-romeo",4,0,false
340,1980,12,1,1,"1","williams","ford",90,0,true
340,1980,12,2,2,"2","ligier","ford",56,0,false
340,1980,12,3,3,"3","brabham","ford",54,0,false
340,1980,12,4,4,"4","renault","renault",38,0,false
340,1980,12,5,5,"5","tyrrell","ford",12,0,false
340,1980,12,6,6,"6","arrows","ford",11,0,false
340,1980,12,7,7,"7","fittipaldi","ford",11,0,false
340,1980,12,8,8,"8","lotus","ford",10,1,false
340,1980,12,9,9,"9","mclaren","ford",8,-1,false
340,1980,12,10,10,"10","ferrari","ferrari",6,0,false
340,1980,12,11,11,"11","alfa-romeo","alfa-romeo",4,0,false
341,1980,13,1,1,"1","williams","ford",105,0,true
341,1980,13,2,2,"2","ligier","ford",60,0,false
341,1980,13,3,3,"3","brabham","ford",55,0,false
341,1980,13,4,4,"4","renault","renault",38,0,false
341,1980,13,5,5,"5","tyrrell","ford",12,0,false
341,1980,13,6,6,"6","arrows","ford",11,0,false
341,1980,13,7,7,"7","fittipaldi","ford",11,0,false
341,1980,13,8,8,"8","mclaren","ford",11,1,false
341,1980,13,9,9,"9","lotus","ford",10,-1,false
341,1980,13,10,10,"10","ferrari","ferrari",8,0,false
341,1980,13,11,11,"11","alfa-romeo","alfa-romeo",4,0,false
342,1980,14,1,1,"1","williams","ford",120,0,true
342,1980,14,2,2,"2","ligier","ford",66,0,false
342,1980,14,3,3,"3","brabham","ford",55,0,false
342,1980,14,4,4,"4","renault","renault",38,0,false
342,1980,14,5,5,"5","lotus","ford",14,4,false
342,1980,14,6,6,"6","tyrrell","ford",12,-1,false
342,1980,14,7,7,"7","arrows","ford",11,-1,false
342,1980,14,8,8,"8","fittipaldi","ford",11,-1,false
342,1980,14,9,9,"9","mclaren","ford",11,-1,false
342,1980,14,10,10,"10","ferrari","ferrari",8,0,false
342,1980,14,11,11,"11","alfa-romeo","alfa-romeo",4,0,false
343,1981,1,1,1,"1","williams","ford",15,,false
343,1981,1,2,2,"2","brabham","ford",4,,false
343,1981,1,3,3,"3","alfa-romeo","alfa-romeo",3,,false
343,1981,1,4,4,"4","tyrrell","ford",2,,false
343,1981,1,5,5,"5","theodore","ford",1,,false
344,1981,2,1,1,"1","williams","ford",30,0,false
344,1981,2,2,2,"2","brabham","ford",4,0,false
344,1981,2,3,2,"2","arrows","ford",4,4,false
344,1981,2,4,4,"4","alfa-romeo","alfa-romeo",3,-1,false
344,1981,2,5,4,"4","ensign","ford",3,2,false
344,1981,2,6,6,"6","tyrrell","ford",2,-2,false
344,1981,2,7,6,"6","lotus","ford",2,0,false
344,1981,2,8,8,"8","theodore","ford",1,-3,false
344,1981,2,9,8,"8","ligier","matra",1,-2,false
345,1981,3,1,1,"1","williams","ford",39,0,false
345,1981,3,2,2,"2","brabham","ford",13,0,false
345,1981,3,3,3,"3","renault","renault",6,7,false
345,1981,3,4,4,"4","arrows","ford",4,-2,false
345,1981,3,5,5,"5","alfa-romeo","alfa-romeo",3,-1,false
345,1981,3,6,5,"5","ensign","ford",3,-1,false
345,1981,3,7,7,"7","lotus","ford",3,-1,false
345,1981,3,8,8,"8","tyrrell","ford",2,-2,false
345,1981,3,9,9,"9","theodore","ford",1,-1,false
345,1981,3,10,9,"9","ligier","matra",1,-1,false
346,1981,4,1,1,"1","williams","ford",43,0,false
346,1981,4,2,2,"2","brabham","ford",25,0,false
346,1981,4,3,3,"3","arrows","ford",10,1,false
346,1981,4,4,4,"4","renault","renault",6,-1,false
346,1981,4,5,5,"5","alfa-romeo","alfa-romeo",3,0,false
346,1981,4,6,5,"5","ensign","ford",3,0,false
346,1981,4,7,7,"7","lotus","ford",3,0,false
346,1981,4,8,8,"8","tyrrell","ford",2,0,false
346,1981,4,9,8,"8","ferrari","ferrari",2,3,false
346,1981,4,10,10,"10","theodore","ford",1,-1,false
346,1981,4,11,10,"10","ligier","matra",1,-1,false
346,1981,4,12,10,"10","mclaren","ford",1,1,false
347,1981,5,1,1,"1","williams","ford",52,0,false
347,1981,5,2,2,"2","brabham","ford",25,0,false
347,1981,5,3,3,"3","arrows","ford",10,0,false
347,1981,5,4,4,"4","lotus","ford",9,3,false
347,1981,5,5,5,"5","ligier","matra",7,5,false
347,1981,5,6,6,"6","renault","renault",6,-2,false
347,1981,5,7,7,"7","ferrari","ferrari",5,1,false
347,1981,5,8,8,"8","alfa-romeo","alfa-romeo",3,-3,false
347,1981,5,9,8,"8","ensign","ford",3,-3,false
347,1981,5,10,10,"10","tyrrell","ford",3,-2,false
347,1981,5,11,11,"11","theodore","ford",1,-1,false
347,1981,5,12,11,"11","mclaren","ford",1,-1,false
348,1981,6,1,1,"1","williams","ford",58,0,false
348,1981,6,2,2,"2","brabham","ford",25,0,false
348,1981,6,3,3,"3","ferrari","ferrari",17,4,false
348,1981,6,4,4,"4","ligier","matra",11,1,false
348,1981,6,5,5,"5","arrows","ford",10,-2,false
348,1981,6,6,6,"6","lotus","ford",9,-2,false
348,1981,6,7,7,"7","renault","renault",6,-1,false
348,1981,6,8,8,"8","tyrrell","ford",5,2,false
348,1981,6,9,9,"9","ensign","ford",4,-1,false
348,1981,6,10,10,"10","alfa-romeo","alfa-romeo",3,-2,false
348,1981,6,11,11,"11","theodore","ford",1,0,false
348,1981,6,12,11,"11","mclaren","ford",1,0,false
349,1981,7,1,1,"1","williams","ford",61,0,false
349,1981,7,2,2,"2","ferrari","ferrari",26,1,false
349,1981,7,3,3,"3","brabham","ford",25,-1,false
349,1981,7,4,4,"4","ligier","matra",17,0,false
349,1981,7,5,5,"5","lotus","ford",12,1,false
349,1981,7,6,6,"6","arrows","ford",10,-1,false
349,1981,7,7,7,"7","renault","renault",6,0,false
349,1981,7,8,8,"8","mclaren","ford",5,3,false
349,1981,7,9,9,"9","tyrrell","ford",5,-1,false
349,1981,7,10,10,"10","ensign","ford",4,-1,false
349,1981,7,11,11,"11","alfa-romeo","alfa-romeo",3,-1,false
349,1981,7,12,12,"12","theodore","ford",1,-1,false
350,1981,8,1,1,"1","williams","ford",61,0,false
350,1981,8,2,2,"2","brabham","ford",29,1,false
350,1981,8,3,3,"3","ferrari","ferrari",28,-1,false
350,1981,8,4,4,"4","renault","renault",18,3,false
350,1981,8,5,5,"5","ligier","matra",17,-1,false
350,1981,8,6,6,"6","lotus","ford",13,-1,false
350,1981,8,7,7,"7","mclaren","ford",11,1,false
350,1981,8,8,8,"8","arrows","ford",10,-2,false
350,1981,8,9,9,"9","tyrrell","ford",5,0,false
350,1981,8,10,10,"10","ensign","ford",4,0,false
350,1981,8,11,11,"11","alfa-romeo","alfa-romeo",3,0,false
350,1981,8,12,12,"12","theodore","ford",1,0,false
351,1981,9,1,1,"1","williams","ford",67,0,false
351,1981,9,2,2,"2","brabham","ford",31,0,false
351,1981,9,3,3,"3","ferrari","ferrari",28,0,false
351,1981,9,4,4,"4","ligier","matra",21,1,false
351,1981,9,5,5,"5","mclaren","ford",20,2,false
351,1981,9,6,6,"6","renault","renault",18,-2,false
351,1981,9,7,7,"7","lotus","ford",13,-1,false
351,1981,9,8,8,"8","arrows","ford",10,0,false
351,1981,9,9,9,"9","tyrrell","ford",8,0,false
351,1981,9,10,10,"10","ensign","ford",4,0,false
351,1981,9,11,11,"11","alfa-romeo","alfa-romeo",3,0,false
351,1981,9,12,12,"12","theodore","ford",1,0,false
351,1981,9,13,12,"12","ats-wheels","ford",1,1,false
352,1981,10,1,1,"1","williams","ford",67,0,false
352,1981,10,2,2,"2","brabham","ford",43,0,false
352,1981,10,3,3,"3","ferrari","ferrari",28,0,false
352,1981,10,4,4,"4","ligier","matra",25,0,false
352,1981,10,5,5,"5","renault","renault",24,1,false
352,1981,10,6,6,"6","mclaren","ford",21,-1,false
352,1981,10,7,7,"7","lotus","ford",13,0,false
352,1981,10,8,8,"8","arrows","ford",10,0,false
352,1981,10,9,9,"9","tyrrell","ford",10,0,false
352,1981,10,10,10,"10","ensign","ford",4,0,false
352,1981,10,11,11,"11","alfa-romeo","alfa-romeo",3,0,false
352,1981,10,12,12,"12","theodore","ford",1,0,false
352,1981,10,13,12,"12","ats-wheels","ford",1,0,false
353,1981,11,1,1,"1","williams","ford",72,0,false
353,1981,11,2,2,"2","brabham","ford",47,0,false
353,1981,11,3,3,"3","ligier","matra",34,1,false
353,1981,11,4,4,"4","renault","renault",30,1,false
353,1981,11,5,5,"5","ferrari","ferrari",28,-2,false
353,1981,11,6,6,"6","mclaren","ford",22,0,false
353,1981,11,7,7,"7","lotus","ford",13,0,false
353,1981,11,8,8,"8","arrows","ford",10,0,false
353,1981,11,9,9,"9","tyrrell","ford",10,0,false
353,1981,11,10,10,"10","ensign","ford",4,0,false
353,1981,11,11,11,"11","alfa-romeo","alfa-romeo",3,0,false
353,1981,11,12,12,"12","theodore","ford",1,0,false
353,1981,11,13,12,"12","ats-wheels","ford",1,0,false
354,1981,12,1,1,"1","williams","ford",76,0,false
354,1981,12,2,2,"2","brabham","ford",56,0,false
354,1981,12,3,3,"3","renault","renault",39,1,false
354,1981,12,4,4,"4","ligier","matra",34,-1,false
354,1981,12,5,5,"5","ferrari","ferrari",28,0,false
354,1981,12,6,6,"6","mclaren","ford",22,0,false
354,1981,12,7,7,"7","lotus","ford",15,0,false
354,1981,12,8,8,"8","arrows","ford",10,0,false
354,1981,12,9,9,"9","tyrrell","ford",10,0,false
354,1981,12,10,10,"10","ensign","ford",5,0,false
354,1981,12,11,11,"11","alfa-romeo","alfa-romeo",3,0,false
354,1981,12,12,12,"12","theodore","ford",1,0,false
354,1981,12,13,12,"12","ats-wheels","ford",1,0,false
355,1981,13,1,1,"1","williams","ford",86,0,false
355,1981,13,2,2,"2","brabham","ford",57,0,false
355,1981,13,3,3,"3","renault","renault",48,0,false
355,1981,13,4,4,"4","ligier","matra",34,0,false
355,1981,13,5,5,"5","ferrari","ferrari",30,0,false
355,1981,13,6,6,"6","mclaren","ford",22,0,false
355,1981,13,7,7,"7","lotus","ford",18,0,false
355,1981,13,8,8,"8","arrows","ford",10,0,false
355,1981,13,9,9,"9","tyrrell","ford",10,0,false
355,1981,13,10,10,"10","ensign","ford",5,0,false
355,1981,13,11,11,"11","alfa-romeo","alfa-romeo",3,0,false
355,1981,13,12,12,"12","theodore","ford",1,0,false
355,1981,13,13,12,"12","ats-wheels","ford",1,0,false
356,1981,14,1,1,"1","williams","ford",86,0,true
356,1981,14,2,2,"2","brabham","ford",59,0,false
356,1981,14,3,3,"3","renault","renault",48,0,false
356,1981,14,4,4,"4","ligier","matra",43,0,false
356,1981,14,5,5,"5","ferrari","ferrari",34,0,false
356,1981,14,6,6,"6","mclaren","ford",28,0,false
356,1981,14,7,7,"7","lotus","ford",19,0,false
356,1981,14,8,8,"8","arrows","ford",10,0,false
356,1981,14,9,9,"9","tyrrell","ford",10,0,false
356,1981,14,10,10,"10","alfa-romeo","alfa-romeo",6,1,false
356,1981,14,11,11,"11","ensign","ford",5,-1,false
356,1981,14,12,12,"12","theodore","ford",1,0,false
356,1981,14,13,12,"12","ats-wheels","ford",1,0,false
357,1981,15,1,1,"1","williams","ford",95,0,true
357,1981,15,2,2,"2","brabham","ford",61,0,false
357,1981,15,3,3,"3","renault","renault",54,0,false
357,1981,15,4,4,"4","ligier","matra",44,0,false
357,1981,15,5,5,"5","ferrari","ferrari",34,0,false
357,1981,15,6,6,"6","mclaren","ford",28,0,false
357,1981,15,7,7,"7","lotus","ford",22,0,false
357,1981,15,8,8,"8","arrows","ford",10,0,false
357,1981,15,9,9,"9","alfa-romeo","alfa-romeo",10,1,false
357,1981,15,10,10,"10","tyrrell","ford",10,-1,false
357,1981,15,11,11,"11","ensign","ford",5,0,false
357,1981,15,12,12,"12","theodore","ford",1,0,false
357,1981,15,13,12,"12","ats-wheels","ford",1,0,false
358,1982,1,1,1,"1","renault","renault",13,,false
358,1982,1,2,2,"2","williams","ford",8,,false
358,1982,1,3,3,"3","mclaren","ford",4,,false
359,1982,2,1,1,"1","renault","renault",22,0,false
359,1982,2,2,2,"2","mclaren","ford",10,1,false
359,1982,2,3,3,"3","williams","ford",8,-1,false
359,1982,2,4,4,"4","lotus","ford",4,0,false
359,1982,2,5,5,"5","tyrrell","ford",3,-1,false
359,1982,2,6,6,"6","ats-wheels","ford",2,-2,false
359,1982,2,7,7,"7","ferrari","ferrari",1,-3,false
360,1982,3,1,1,"1","renault","renault",22,0,false
360,1982,3,2,2,"2","mclaren","ford",20,0,false
360,1982,3,3,3,"3","williams","ford",14,0,false
360,1982,3,4,4,"4","lotus","ford",6,0,false
360,1982,3,5,5,"5","tyrrell","ford",6,0,false
360,1982,3,6,6,"6","brabham","ford",4,2,false
360,1982,3,7,7,"7","ats-wheels","ford",2,-1,false
360,1982,3,8,8,"8","ferrari","ferrari",1,-1,false
361,1982,4,1,1,"1","renault","renault",22,0,false
361,1982,4,2,2,"2","mclaren","ford",20,0,false
361,1982,4,3,3,"3","ferrari","ferrari",16,5,false
361,1982,4,4,4,"4","williams","ford",14,-1,false
361,1982,4,5,5,"5","tyrrell","ford",10,0,false
361,1982,4,6,6,"6","lotus","ford",6,-2,false
361,1982,4,7,7,"7","brabham","ford",4,-1,false
361,1982,4,8,8,"8","ats-wheels","ford",4,-1,false
361,1982,4,9,9,"9","osella","ford",3,0,false
362,1982,5,1,1,"1","mclaren","ford",29,1,false
362,1982,5,2,2,"2","renault","renault",22,-1,false
362,1982,5,3,3,"3","williams","ford",20,1,false
362,1982,5,4,4,"4","ferrari","ferrari",16,-1,false
362,1982,5,5,5,"5","tyrrell","ford",10,0,false
362,1982,5,6,6,"6","lotus","ford",9,0,false
362,1982,5,7,7,"7","brabham","ford",4,0,false
362,1982,5,8,7,"7","ligier","matra",4,3,false
362,1982,5,9,9,"9","ats-wheels","ford",4,-1,false
362,1982,5,10,10,"10","osella","ford",3,-1,false
362,1982,5,11,11,"11","brabham","bmw",2,-1,false
362,1982,5,12,12,"12","fittipaldi","ford",1,-2,false
363,1982,6,1,1,"1","mclaren","ford",29,0,false
363,1982,6,2,2,"2","renault","renault",22,0,false
363,1982,6,3,3,"3","ferrari","ferrari",22,1,false
363,1982,6,4,4,"4","williams","ford",21,-1,false
363,1982,6,5,5,"5","lotus","ford",14,1,false
363,1982,6,6,6,"6","brabham","ford",13,1,false
363,1982,6,7,7,"7","tyrrell","ford",10,-2,false
363,1982,6,8,8,"8","ligier","matra",4,-1,false
363,1982,6,9,8,"8","alfa-romeo","alfa-romeo",4,5,false
363,1982,6,10,10,"10","ats-wheels","ford",4,-1,false
363,1982,6,11,11,"11","osella","ford",3,-1,false
363,1982,6,12,12,"12","brabham","bmw",2,-1,false
363,1982,6,13,13,"13","fittipaldi","ford",1,-1,false
364,1982,7,1,1,"1","mclaren","ford",38,0,false
364,1982,7,2,2,"2","ferrari","ferrari",26,1,false
364,1982,7,3,3,"3","williams","ford",26,1,false
364,1982,7,4,4,"4","renault","renault",22,-2,false
364,1982,7,5,5,"5","lotus","ford",14,0,false
364,1982,7,6,6,"6","brabham","ford",13,0,false
364,1982,7,7,7,"7","ligier","matra",11,1,false
364,1982,7,8,8,"8","tyrrell","ford",10,-1,false
364,1982,7,9,9,"9","alfa-romeo","alfa-romeo",4,-1,false
364,1982,7,10,10,"10","ats-wheels","ford",4,0,false
364,1982,7,11,11,"11","osella","ford",3,0,false
364,1982,7,12,12,"12","brabham","bmw",2,0,false
364,1982,7,13,13,"13","fittipaldi","ford",1,0,false
365,1982,8,1,1,"1","mclaren","ford",42,0,false
365,1982,8,2,2,"2","ferrari","ferrari",26,0,false
365,1982,8,3,3,"3","williams","ford",26,0,false
365,1982,8,4,4,"4","renault","renault",22,0,false
365,1982,8,5,5,"5","brabham","ford",19,1,false
365,1982,8,6,6,"6","lotus","ford",17,-1,false
365,1982,8,7,7,"7","brabham","bmw",11,5,false
365,1982,8,8,8,"8","ligier","matra",11,-1,false
365,1982,8,9,9,"9","tyrrell","ford",10,-1,false
365,1982,8,10,10,"10","alfa-romeo","alfa-romeo",5,-1,false
365,1982,8,11,11,"11","ats-wheels","ford",4,-1,false
365,1982,8,12,12,"12","osella","ford",3,-1,false
365,1982,8,13,13,"13","arrows","ford",2,1,false
365,1982,8,14,14,"14","fittipaldi","ford",1,-1,false
366,1982,9,1,1,"1","mclaren","ford",45,0,false
366,1982,9,2,2,"2","ferrari","ferrari",35,0,false
366,1982,9,3,3,"3","williams","ford",32,0,false
366,1982,9,4,4,"4","renault","renault",22,0,false
366,1982,9,5,5,"5","brabham","ford",19,0,false
366,1982,9,6,6,"6","brabham","bmw",17,1,false
366,1982,9,7,7,"7","lotus","ford",17,-1,false
366,1982,9,8,8,"8","ligier","matra",11,0,false
366,1982,9,9,9,"9","tyrrell","ford",10,0,false
366,1982,9,10,10,"10","alfa-romeo","alfa-romeo",5,0,false
366,1982,9,11,11,"11","ats-wheels","ford",4,0,false
366,1982,9,12,12,"12","osella","ford",3,0,false
366,1982,9,13,13,"13","arrows","ford",3,0,false
366,1982,9,14,14,"14","fittipaldi","ford",1,0,false
367,1982,10,1,1,"1","mclaren","ford",54,0,false
367,1982,10,2,2,"2","ferrari","ferrari",45,0,false
367,1982,10,3,3,"3","williams","ford",34,0,false
367,1982,10,4,4,"4","renault","renault",23,0,false
367,1982,10,5,5,"5","lotus","ford",20,2,false
367,1982,10,6,6,"6","brabham","ford",19,-1,false
367,1982,10,7,7,"7","brabham","bmw",17,-1,false
367,1982,10,8,8,"8","ligier","matra",11,0,false
367,1982,10,9,9,"9","tyrrell","ford",10,0,false
367,1982,10,10,10,"10","alfa-romeo","alfa-romeo",5,0,false
367,1982,10,11,11,"11","ats-wheels","ford",4,0,false
367,1982,10,12,12,"12","osella","ford",3,0,false
367,1982,10,13,13,"13","arrows","ford",3,0,false
367,1982,10,14,14,"14","fittipaldi","ford",1,0,false
368,1982,11,1,1,"1","mclaren","ford",54,0,false
368,1982,11,2,2,"2","ferrari","ferrari",52,0,false
368,1982,11,3,3,"3","renault","renault",38,1,false
368,1982,11,4,4,"4","williams","ford",36,-1,false
368,1982,11,5,5,"5","lotus","ford",20,0,false
368,1982,11,6,6,"6","brabham","ford",19,0,false
368,1982,11,7,7,"7","brabham","bmw",17,0,false
368,1982,11,8,8,"8","ligier","matra",11,0,false
368,1982,11,9,9,"9","tyrrell","ford",11,0,false
368,1982,11,10,10,"10","alfa-romeo","alfa-romeo",5,0,false
368,1982,11,11,11,"11","ats-wheels","ford",4,0,false
368,1982,11,12,12,"12","osella","ford",3,0,false
368,1982,11,13,13,"13","arrows","ford",3,0,false
368,1982,11,14,14,"14","fittipaldi","ford",1,0,false
369,1982,12,1,1,"1","ferrari","ferrari",61,1,false
369,1982,12,2,2,"2","mclaren","ford",54,-1,false
369,1982,12,3,3,"3","renault","renault",44,0,false
369,1982,12,4,4,"4","williams","ford",40,0,false
369,1982,12,5,5,"5","lotus","ford",20,0,false
369,1982,12,6,6,"6","brabham","ford",19,0,false
369,1982,12,7,7,"7","brabham","bmw",17,0,false
369,1982,12,8,8,"8","tyrrell","ford",14,1,false
369,1982,12,9,9,"9","ligier","matra",11,-1,false
369,1982,12,10,10,"10","alfa-romeo","alfa-romeo",7,0,false
369,1982,12,11,11,"11","ats-wheels","ford",4,0,false
369,1982,12,12,12,"12","arrows","ford",4,1,false
369,1982,12,13,13,"13","osella","ford",3,-1,false
369,1982,12,14,14,"14","fittipaldi","ford",1,0,false
370,1982,13,1,1,"1","ferrari","ferrari",64,0,false
370,1982,13,2,2,"2","mclaren","ford",56,0,false
370,1982,13,3,3,"3","williams","ford",46,1,false
370,1982,13,4,4,"4","renault","renault",44,-1,false
370,1982,13,5,5,"5","lotus","ford",29,0,false
370,1982,13,6,6,"6","brabham","ford",19,0,false
370,1982,13,7,7,"7","brabham","bmw",17,0,false
370,1982,13,8,8,"8","ligier","matra",15,1,false
370,1982,13,9,9,"9","tyrrell","ford",14,-1,false
370,1982,13,10,10,"10","alfa-romeo","alfa-romeo",7,0,false
370,1982,13,11,11,"11","arrows","ford",5,1,false
370,1982,13,12,12,"12","ats-wheels","ford",4,-1,false
370,1982,13,13,13,"13","osella","ford",3,0,false
370,1982,13,14,14,"14","fittipaldi","ford",1,0,false
371,1982,14,1,1,"1","ferrari","ferrari",64,0,false
371,1982,14,2,2,"2","mclaren","ford",60,0,false
371,1982,14,3,3,"3","williams","ford",55,0,false
371,1982,14,4,4,"4","renault","renault",50,0,false
371,1982,14,5,5,"5","lotus","ford",30,0,false
371,1982,14,6,6,"6","brabham","bmw",22,1,false
371,1982,14,7,7,"7","brabham","ford",19,-1,false
371,1982,14,8,8,"8","ligier","matra",15,0,false
371,1982,14,9,9,"9","tyrrell","ford",14,0,false
371,1982,14,10,10,"10","alfa-romeo","alfa-romeo",7,0,false
371,1982,14,11,11,"11","arrows","ford",5,0,false
371,1982,14,12,12,"12","ats-wheels","ford",4,0,false
371,1982,14,13,13,"13","osella","ford",3,0,false
371,1982,14,14,14,"14","fittipaldi","ford",1,0,false
372,1982,15,1,1,"1","ferrari","ferrari",74,0,false
372,1982,15,2,2,"2","mclaren","ford",63,0,false
372,1982,15,3,3,"3","renault","renault",59,1,false
372,1982,15,4,4,"4","williams","ford",55,-1,false
372,1982,15,5,5,"5","lotus","ford",30,0,false
372,1982,15,6,6,"6","brabham","bmw",22,0,false
372,1982,15,7,7,"7","brabham","ford",19,0,false
372,1982,15,8,8,"8","ligier","matra",16,0,false
372,1982,15,9,9,"9","tyrrell","ford",16,0,false
372,1982,15,10,10,"10","alfa-romeo","alfa-romeo",7,0,false
372,1982,15,11,11,"11","arrows","ford",5,0,false
372,1982,15,12,12,"12","ats-wheels","ford",4,0,false
372,1982,15,13,13,"13","osella","ford",3,0,false
372,1982,15,14,14,"14","fittipaldi","ford",1,0,false
373,1982,16,1,1,"1","ferrari","ferrari",74,0,true
373,1982,16,2,2,"2","mclaren","ford",69,0,false
373,1982,16,3,3,"3","renault","renault",62,0,false
373,1982,16,4,4,"4","williams","ford",58,0,false
373,1982,16,5,5,"5","lotus","ford",30,0,false
373,1982,16,6,6,"6","tyrrell","ford",25,3,false
373,1982,16,7,7,"7","brabham","bmw",22,-1,false
373,1982,16,8,8,"8","ligier","matra",20,0,false
373,1982,16,9,9,"9","brabham","ford",19,-2,false
373,1982,16,10,10,"10","alfa-romeo","alfa-romeo",7,0,false
373,1982,16,11,11,"11","arrows","ford",5,0,false
373,1982,16,12,12,"12","ats-wheels","ford",4,0,false
373,1982,16,13,13,"13","osella","ford",3,0,false
373,1982,16,14,14,"14","fittipaldi","ford",1,0,false
374,1983,1,1,1,"1","brabham","bmw",9,,false
374,1983,1,2,2,"2","mclaren","ford",4,,false
374,1983,1,3,3,"3","williams","ford",3,,false
374,1983,1,4,4,"4","ferrari","ferrari",2,,false
374,1983,1,5,5,"5","arrows","ford",1,,false
375,1983,2,1,1,"1","mclaren","ford",19,1,false
375,1983,2,2,2,"2","brabham","bmw",9,-1,false
375,1983,2,3,3,"3","ferrari","ferrari",6,1,false
375,1983,2,4,4,"4","williams","ford",6,-1,false
375,1983,2,5,5,"5","arrows","ford",3,0,false
375,1983,2,6,6,"6","theodore","ford",1,0,false
376,1983,3,1,1,"1","mclaren","ford",19,0,false
376,1983,3,2,2,"2","brabham","bmw",15,0,false
376,1983,3,3,3,"3","renault","renault",13,4,false
376,1983,3,4,4,"4","ferrari","ferrari",9,-1,false
376,1983,3,5,5,"5","williams","ford",9,-1,false
376,1983,3,6,6,"6","arrows","ford",3,-1,false
376,1983,3,7,7,"7","theodore","ford",1,-1,false
377,1983,4,1,1,"1","ferrari","ferrari",22,3,false
377,1983,4,2,2,"2","mclaren","ford",21,-1,false
377,1983,4,3,3,"3","renault","renault",19,0,false
377,1983,4,4,4,"4","brabham","bmw",15,-2,false
377,1983,4,5,5,"5","williams","ford",12,0,false
377,1983,4,6,6,"6","arrows","ford",4,0,false
377,1983,4,7,7,"7","theodore","ford",1,0,false
378,1983,5,1,1,"1","ferrari","ferrari",25,0,false
378,1983,5,2,2,"2","renault","renault",23,1,false
378,1983,5,3,3,"3","brabham","bmw",21,1,false
378,1983,5,4,4,"4","mclaren","ford",21,-2,false
378,1983,5,5,5,"5","williams","ford",21,0,false
378,1983,5,6,6,"6","arrows","ford",4,0,false
378,1983,5,7,7,"7","tyrrell","ford",2,1,false
378,1983,5,8,8,"8","theodore","ford",1,-1,false
378,1983,5,9,8,"8","alfa-romeo","alfa-romeo",1,0,false
379,1983,6,1,1,"1","renault","renault",36,1,false
379,1983,6,2,2,"2","ferrari","ferrari",31,-1,false
379,1983,6,3,3,"3","brabham","bmw",24,0,false
379,1983,6,4,4,"4","williams","ford",24,1,false
379,1983,6,5,5,"5","mclaren","ford",21,-1,false
379,1983,6,6,6,"6","arrows","ford",4,0,false
379,1983,6,7,7,"7","tyrrell","ford",2,0,false
379,1983,6,8,8,"8","theodore","ford",1,0,false
379,1983,6,9,8,"8","alfa-romeo","alfa-romeo",1,0,false
380,1983,7,1,1,"1","renault","renault",36,0,false
380,1983,7,2,2,"2","williams","ford",32,2,false
380,1983,7,3,3,"3","ferrari","ferrari",31,-1,false
380,1983,7,4,4,"4","brabham","bmw",27,-1,false
380,1983,7,5,5,"5","mclaren","ford",25,0,false
380,1983,7,6,6,"6","tyrrell","ford",11,1,false
380,1983,7,7,7,"7","arrows","ford",4,-1,false
380,1983,7,8,8,"8","theodore","ford",1,0,false
380,1983,7,9,8,"8","alfa-romeo","alfa-romeo",1,0,false
380,1983,7,10,8,"8","lotus","ford",1,2,false
381,1983,8,1,1,"1","renault","renault",44,0,false
381,1983,8,2,2,"2","ferrari","ferrari",44,1,false
381,1983,8,3,3,"3","williams","ford",35,-1,false
381,1983,8,4,4,"4","brabham","bmw",27,0,false
381,1983,8,5,5,"5","mclaren","ford",26,0,false
381,1983,8,6,6,"6","tyrrell","ford",11,0,false
381,1983,8,7,7,"7","arrows","ford",4,0,false
381,1983,8,8,8,"8","theodore","ford",1,0,false
381,1983,8,9,8,"8","alfa-romeo","alfa-romeo",1,0,false
381,1983,8,10,8,"8","lotus","ford",1,0,false
382,1983,9,1,1,"1","renault","renault",53,0,false
382,1983,9,2,2,"2","ferrari","ferrari",50,0,false
382,1983,9,3,3,"3","williams","ford",35,0,false
382,1983,9,4,4,"4","brabham","bmw",33,0,false
382,1983,9,5,5,"5","mclaren","ford",27,0,false
382,1983,9,6,6,"6","tyrrell","ford",11,0,false
382,1983,9,7,7,"7","arrows","ford",4,0,false
382,1983,9,8,8,"8","lotus","renault",3,3,false
382,1983,9,9,9,"9","theodore","ford",1,-1,false
382,1983,9,10,9,"9","alfa-romeo","alfa-romeo",1,-1,false
382,1983,9,11,9,"9","lotus","ford",1,-1,false
383,1983,10,1,1,"1","ferrari","ferrari",59,1,false
383,1983,10,2,2,"2","renault","renault",56,-1,false
383,1983,10,3,3,"3","brabham","bmw",37,1,false
383,1983,10,4,4,"4","williams","ford",36,-1,false
383,1983,10,5,5,"5","mclaren","ford",29,0,false
383,1983,10,6,6,"6","tyrrell","ford",11,0,false
383,1983,10,7,7,"7","alfa-romeo","alfa-romeo",7,2,false
383,1983,10,8,8,"8","arrows","ford",4,-1,false
383,1983,10,9,9,"9","lotus","renault",3,-1,false
383,1983,10,10,10,"10","theodore","ford",1,-1,false
383,1983,10,11,10,"10","lotus","ford",1,-1,false
384,1983,11,1,1,"1","renault","renault",68,1,false
384,1983,11,2,2,"2","ferrari","ferrari",65,-1,false
384,1983,11,3,3,"3","brabham","bmw",41,0,false
384,1983,11,4,4,"4","williams","ford",36,0,false
384,1983,11,5,5,"5","mclaren","ford",30,0,false
384,1983,11,6,6,"6","tyrrell","ford",11,0,false
384,1983,11,7,7,"7","alfa-romeo","alfa-romeo",7,0,false
384,1983,11,8,8,"8","lotus","renault",5,1,false
384,1983,11,9,9,"9","arrows","ford",4,-1,false
384,1983,11,10,10,"10","theodore","ford",1,0,false
384,1983,11,11,10,"10","lotus","ford",1,0,false
385,1983,12,1,1,"1","ferrari","ferrari",80,1,false
385,1983,12,2,2,"2","renault","renault",68,-1,false
385,1983,12,3,3,"3","brabham","bmw",41,0,false
385,1983,12,4,4,"4","williams","ford",36,0,false
385,1983,12,5,5,"5","mclaren","ford",34,0,false
385,1983,12,6,6,"6","tyrrell","ford",12,0,false
385,1983,12,7,7,"7","alfa-romeo","alfa-romeo",9,0,false
385,1983,12,8,8,"8","lotus","renault",5,0,false
385,1983,12,9,9,"9","arrows","ford",4,0,false
385,1983,12,10,10,"10","toleman","hart",3,2,false
385,1983,12,11,11,"11","theodore","ford",1,-1,false
385,1983,12,12,11,"11","lotus","ford",1,-1,false
386,1983,13,1,1,"1","ferrari","ferrari",89,0,false
386,1983,13,2,2,"2","renault","renault",72,0,false
386,1983,13,3,3,"3","brabham","bmw",50,0,false
386,1983,13,4,4,"4","williams","ford",36,0,false
386,1983,13,5,5,"5","mclaren","ford",34,0,false
386,1983,13,6,6,"6","tyrrell","ford",12,0,false
386,1983,13,7,7,"7","alfa-romeo","alfa-romeo",9,0,false
386,1983,13,8,8,"8","lotus","renault",7,0,false
386,1983,13,9,9,"9","toleman","hart",4,1,false
386,1983,13,10,10,"10","arrows","ford",4,-1,false
386,1983,13,11,11,"11","theodore","ford",1,0,false
386,1983,13,12,11,"11","lotus","ford",1,0,false
387,1983,14,1,1,"1","ferrari","ferrari",89,0,false
387,1983,14,2,2,"2","renault","renault",78,0,false
387,1983,14,3,3,"3","brabham","bmw",59,0,false
387,1983,14,4,4,"4","williams","ford",36,0,false
387,1983,14,5,5,"5","mclaren","ford",34,0,false
387,1983,14,6,6,"6","tyrrell","ford",12,0,false
387,1983,14,7,7,"7","alfa-romeo","alfa-romeo",12,0,false
387,1983,14,8,8,"8","lotus","renault",11,0,false
387,1983,14,9,9,"9","toleman","hart",7,0,false
387,1983,14,10,10,"10","arrows","ford",4,0,false
387,1983,14,11,11,"11","theodore","ford",1,0,false
387,1983,14,12,11,"11","lotus","ford",1,0,false
388,1983,15,1,1,"1","ferrari","ferrari",89,0,true
388,1983,15,2,2,"2","renault","renault",79,0,false
388,1983,15,3,3,"3","brabham","bmw",72,0,false
388,1983,15,4,4,"4","williams","ford",36,0,false
388,1983,15,5,5,"5","mclaren","ford",34,0,false
388,1983,15,6,6,"6","alfa-romeo","alfa-romeo",18,1,false
388,1983,15,7,7,"7","tyrrell","ford",12,-1,false
388,1983,15,8,8,"8","lotus","renault",11,0,false
388,1983,15,9,9,"9","toleman","hart",10,0,false
388,1983,15,10,10,"10","arrows","ford",4,0,false
388,1983,15,11,11,"11","williams","honda",2,2,false
388,1983,15,12,12,"12","theodore","ford",1,-1,false
388,1983,15,13,12,"12","lotus","ford",1,-1,false
389,1984,1,1,1,"1","mclaren","tag",9,,false
389,1984,1,2,2,"2","williams","honda",6,,false
389,1984,1,3,3,"3","lotus","renault",4,,false
389,1984,1,4,4,"4","alfa-romeo","alfa-romeo",3,,false
389,1984,1,5,5,"5","renault","renault",2,,false
389,1984,1,6,6,"6","arrows","ford",1,,false
390,1984,2,1,1,"1","mclaren","tag",24,0,false
390,1984,2,2,2,"2","williams","honda",6,0,false
390,1984,2,3,3,"3","renault","renault",6,2,false
390,1984,2,4,4,"4","alfa-romeo","alfa-romeo",6,0,false
390,1984,2,5,5,"5","lotus","renault",4,-2,false
390,1984,2,6,6,"6","ligier","renault",2,1,false
390,1984,2,7,7,"7","arrows","ford",1,-1,false
390,1984,2,8,7,"7","toleman","hart",1,0,false
391,1984,3,1,1,"1","mclaren","tag",24,0,false
391,1984,3,2,2,"2","ferrari","ferrari",13,7,false
391,1984,3,3,3,"3","renault","renault",12,0,false
391,1984,3,4,4,"4","williams","honda",9,-2,false
391,1984,3,5,5,"5","lotus","renault",6,0,false
391,1984,3,6,6,"6","alfa-romeo","alfa-romeo",6,-2,false
391,1984,3,7,7,"7","ligier","renault",2,-1,false
391,1984,3,8,8,"8","toleman","hart",2,-1,false
391,1984,3,9,9,"9","arrows","ford",1,-2,false
392,1984,4,1,1,"1","mclaren","tag",33,0,false
392,1984,4,2,2,"2","ferrari","ferrari",19,0,false
392,1984,4,3,3,"3","renault","renault",15,0,false
392,1984,4,4,4,"4","lotus","renault",10,1,false
392,1984,4,5,5,"5","williams","honda",9,-1,false
392,1984,4,6,6,"6","alfa-romeo","alfa-romeo",6,0,false
392,1984,4,7,7,"7","ligier","renault",3,0,false
392,1984,4,8,7,"7","arrows","ford",3,2,false
392,1984,4,9,9,"9","toleman","hart",2,-1,false
393,1984,5,1,1,"1","mclaren","tag",42,0,false
393,1984,5,2,2,"2","ferrari","ferrari",22,0,false
393,1984,5,3,3,"3","renault","renault",21,0,false
393,1984,5,4,4,"4","lotus","renault",16,0,false
393,1984,5,5,5,"5","williams","honda",10,0,false
393,1984,5,6,6,"6","alfa-romeo","alfa-romeo",6,0,false
393,1984,5,7,7,"7","ligier","renault",3,0,false
393,1984,5,8,7,"7","arrows","ford",3,0,false
393,1984,5,9,9,"9","toleman","hart",2,0,false
394,1984,6,1,1,"1","mclaren","tag",46.5,0,false
394,1984,6,2,2,"2","ferrari","ferrari",24.5,0,false
394,1984,6,3,3,"3","renault","renault",21,0,false
394,1984,6,4,4,"4","lotus","renault",17,0,false
394,1984,6,5,5,"5","williams","honda",11.5,0,false
394,1984,6,6,6,"6","alfa-romeo","alfa-romeo",6,0,false
394,1984,6,7,7,"7","toleman","hart",5,2,false
394,1984,6,8,8,"8","ligier","renault",3,-1,false
394,1984,6,9,8,"8","arrows","ford",3,-1,false
395,1984,7,1,1,"1","mclaren","tag",56.5,0,false
395,1984,7,2,2,"2","ferrari","ferrari",26.5,0,false
395,1984,7,3,3,"3","renault","renault",21,0,false
395,1984,7,4,4,"4","lotus","renault",21,0,false
395,1984,7,5,5,"5","williams","honda",11.5,0,false
395,1984,7,6,6,"6","brabham","bmw",9,4,false
395,1984,7,7,7,"7","alfa-romeo","alfa-romeo",6,-1,false
395,1984,7,8,8,"8","toleman","hart",5,-1,false
395,1984,7,9,9,"9","ligier","renault",3,-1,false
395,1984,7,10,9,"9","arrows","ford",3,-1,false
396,1984,8,1,1,"1","mclaren","tag",59.5,0,false
396,1984,8,2,2,"2","lotus","renault",27,2,false
396,1984,8,3,3,"3","ferrari","ferrari",26.5,-1,false
396,1984,8,4,4,"4","brabham","bmw",22,2,false
396,1984,8,5,5,"5","renault","renault",21,-2,false
396,1984,8,6,6,"6","williams","honda",13.5,-1,false
396,1984,8,7,7,"7","alfa-romeo","alfa-romeo",6,0,false
396,1984,8,8,8,"8","toleman","hart",5,0,false
396,1984,8,9,9,"9","ligier","renault",3,0,false
396,1984,8,10,9,"9","arrows","ford",3,0,false
397,1984,9,1,1,"1","mclaren","tag",59.5,0,false
397,1984,9,2,2,"2","ferrari","ferrari",32.5,1,false
397,1984,9,3,3,"3","lotus","renault",32,-1,false
397,1984,9,4,4,"4","williams","honda",25.5,2,false
397,1984,9,5,5,"5","brabham","bmw",22,-1,false
397,1984,9,6,6,"6","renault","renault",21,-1,false
397,1984,9,7,7,"7","alfa-romeo","alfa-romeo",6,0,false
397,1984,9,8,8,"8","toleman","hart",5,0,false
397,1984,9,9,9,"9","ligier","renault",3,0,false
397,1984,9,10,9,"9","arrows","ford",3,0,false
397,1984,9,11,11,"11","osella","alfa-romeo",2,0,false
398,1984,10,1,1,"1","mclaren","tag",68.5,0,false
398,1984,10,2,2,"2","ferrari","ferrari",35.5,0,false
398,1984,10,3,3,"3","lotus","renault",35,0,false
398,1984,10,4,4,"4","renault","renault",27,2,false
398,1984,10,5,5,"5","williams","honda",25.5,-1,false
398,1984,10,6,6,"6","brabham","bmw",22,-1,false
398,1984,10,7,7,"7","toleman","hart",9,1,false
398,1984,10,8,8,"8","alfa-romeo","alfa-romeo",6,-1,false
398,1984,10,9,9,"9","ligier","renault",3,0,false
398,1984,10,10,9,"9","arrows","ford",3,0,false
398,1984,10,11,11,"11","osella","alfa-romeo",2,0,false
399,1984,11,1,1,"1","mclaren","tag",83.5,0,false
399,1984,11,2,2,"2","lotus","renault",38,1,false
399,1984,11,3,3,"3","ferrari","ferrari",36.5,-1,false
399,1984,11,4,4,"4","renault","renault",33,0,false
399,1984,11,5,5,"5","williams","honda",25.5,0,false
399,1984,11,6,6,"6","brabham","bmw",22,0,false
399,1984,11,7,7,"7","toleman","hart",9,0,false
399,1984,11,8,8,"8","alfa-romeo","alfa-romeo",6,0,false
399,1984,11,9,9,"9","ligier","renault",3,0,false
399,1984,11,10,9,"9","arrows","ford",3,0,false
399,1984,11,11,11,"11","osella","alfa-romeo",2,0,false
400,1984,12,1,1,"1","mclaren","tag",92.5,0,false
400,1984,12,2,2,"2","ferrari","ferrari",40.5,1,false
400,1984,12,3,3,"3","lotus","renault",38,-1,false
400,1984,12,4,4,"4","renault","renault",33,0,false
400,1984,12,5,5,"5","brabham","bmw",31,1,false
400,1984,12,6,6,"6","williams","honda",25.5,-1,false
400,1984,12,7,7,"7","toleman","hart",9,0,false
400,1984,12,8,8,"8","alfa-romeo","alfa-romeo",6,0,false
400,1984,12,9,9,"9","ligier","renault",3,0,false
400,1984,12,10,9,"9","arrows","ford",3,0,false
400,1984,12,11,9,"9","arrows","bmw",3,3,false
400,1984,12,12,12,"12","osella","alfa-romeo",2,-1,false
401,1984,13,1,1,"1","mclaren","tag",107.5,0,true
401,1984,13,2,2,"2","lotus","renault",45,1,false
401,1984,13,3,3,"3","ferrari","ferrari",40.5,-1,false
401,1984,13,4,4,"4","renault","renault",34,0,false
401,1984,13,5,5,"5","brabham","bmw",33,0,false
401,1984,13,6,6,"6","williams","honda",25.5,0,false
401,1984,13,7,7,"7","toleman","hart",9,0,false
401,1984,13,8,8,"8","alfa-romeo","alfa-romeo",6,0,false
401,1984,13,9,9,"9","ligier","renault",3,0,false
401,1984,13,10,9,"9","arrows","ford",3,0,false
401,1984,13,11,9,"9","arrows","bmw",3,0,false
401,1984,13,12,12,"12","osella","alfa-romeo",2,0,false
402,1984,14,1,1,"1","mclaren","tag",116.5,0,true
402,1984,14,2,2,"2","ferrari","ferrari",46.5,1,false
402,1984,14,3,3,"3","lotus","renault",45,-1,false
402,1984,14,4,4,"4","renault","renault",34,0,false
402,1984,14,5,5,"5","brabham","bmw",33,0,false
402,1984,14,6,6,"6","williams","honda",25.5,0,false
402,1984,14,7,7,"7","toleman","hart",12,0,false
402,1984,14,8,8,"8","alfa-romeo","alfa-romeo",10,0,false
402,1984,14,9,9,"9","ligier","renault",3,0,false
402,1984,14,10,9,"9","arrows","ford",3,0,false
402,1984,14,11,9,"9","arrows","bmw",3,0,false
402,1984,14,12,12,"12","osella","alfa-romeo",2,0,false
403,1984,15,1,1,"1","mclaren","tag",128.5,0,true
403,1984,15,2,2,"2","ferrari","ferrari",54.5,0,false
403,1984,15,3,3,"3","lotus","renault",45,0,false
403,1984,15,4,4,"4","brabham","bmw",37,1,false
403,1984,15,5,5,"5","renault","renault",34,-1,false
403,1984,15,6,6,"6","williams","honda",25.5,0,false
403,1984,15,7,7,"7","toleman","hart",12,0,false
403,1984,15,8,8,"8","alfa-romeo","alfa-romeo",11,0,false
403,1984,15,9,9,"9","ligier","renault",3,0,false
403,1984,15,10,9,"9","arrows","ford",3,0,false
403,1984,15,11,9,"9","arrows","bmw",3,0,false
403,1984,15,12,12,"12","osella","alfa-romeo",2,0,false
404,1984,16,1,1,"1","mclaren","tag",143.5,0,true
404,1984,16,2,2,"2","ferrari","ferrari",57.5,0,false
404,1984,16,3,3,"3","lotus","renault",47,0,false
404,1984,16,4,4,"4","brabham","bmw",38,0,false
404,1984,16,5,5,"5","renault","renault",34,0,false
404,1984,16,6,6,"6","williams","honda",25.5,0,false
404,1984,16,7,7,"7","toleman","hart",16,0,false
404,1984,16,8,8,"8","alfa-romeo","alfa-romeo",11,0,false
404,1984,16,9,9,"9","ligier","renault",3,0,false
404,1984,16,10,9,"9","arrows","ford",3,0,false
404,1984,16,11,9,"9","arrows","bmw",3,0,false
404,1984,16,12,12,"12","osella","alfa-romeo",2,0,false
405,1985,1,1,1,"1","mclaren","tag",9,,false
405,1985,1,2,2,"2","ferrari","ferrari",9,,false
405,1985,1,3,3,"3","lotus","renault",4,,false
405,1985,1,4,4,"4","renault","renault",2,,false
405,1985,1,5,5,"5","ligier","renault",1,,false
406,1985,2,1,1,"1","lotus","renault",16,2,false
406,1985,2,2,2,"2","ferrari","ferrari",15,0,false
406,1985,2,3,3,"3","mclaren","tag",9,-2,false
406,1985,2,4,4,"4","renault","renault",6,0,false
406,1985,2,5,5,"5","williams","honda",2,1,false
406,1985,2,6,6,"6","ligier","renault",1,-1,false
406,1985,2,7,6,"6","tyrrell","ford",1,0,false
407,1985,3,1,1,"1","lotus","renault",25,0,false
407,1985,3,2,2,"2","ferrari","ferrari",16,0,false
407,1985,3,3,3,"3","mclaren","tag",12,0,false
407,1985,3,4,4,"4","renault","renault",10,0,false
407,1985,3,5,5,"5","arrows","bmw",6,3,false
407,1985,3,6,6,"6","williams","honda",4,-1,false
407,1985,3,7,7,"7","ligier","renault",1,-1,false
407,1985,3,8,7,"7","tyrrell","ford",1,-1,false
408,1985,4,1,1,"1","lotus","renault",29,0,false
408,1985,4,2,2,"2","ferrari","ferrari",22,0,false
408,1985,4,3,3,"3","mclaren","tag",21,0,false
408,1985,4,4,4,"4","renault","renault",12,0,false
408,1985,4,5,5,"5","arrows","bmw",6,0,false
408,1985,4,6,6,"6","ligier","renault",5,1,false
408,1985,4,7,7,"7","williams","honda",4,-1,false
408,1985,4,8,8,"8","tyrrell","ford",1,-1,false
409,1985,5,1,1,"1","ferrari","ferrari",37,1,false
409,1985,5,2,2,"2","lotus","renault",31,-1,false
409,1985,5,3,3,"3","mclaren","tag",25,0,false
409,1985,5,4,4,"4","renault","renault",12,0,false
409,1985,5,5,5,"5","williams","honda",8,2,false
409,1985,5,6,6,"6","arrows","bmw",6,-1,false
409,1985,5,7,7,"7","ligier","renault",5,-1,false
409,1985,5,8,8,"8","tyrrell","ford",1,0,false
410,1985,6,1,1,"1","ferrari","ferrari",47,0,false
410,1985,6,2,2,"2","lotus","renault",33,0,false
410,1985,6,3,3,"3","mclaren","tag",25,0,false
410,1985,6,4,4,"4","williams","honda",17,1,false
410,1985,6,5,5,"5","renault","renault",12,-1,false
410,1985,6,6,6,"6","arrows","bmw",6,0,false
410,1985,6,7,7,"7","ligier","renault",5,0,false
410,1985,6,8,8,"8","tyrrell","ford",4,0,false
410,1985,6,9,9,"9","brabham","bmw",1,0,false
411,1985,7,1,1,"1","ferrari","ferrari",50,0,false
411,1985,7,2,2,"2","lotus","renault",35,0,false
411,1985,7,3,3,"3","mclaren","tag",29,0,false
411,1985,7,4,4,"4","williams","honda",23,0,false
411,1985,7,5,5,"5","renault","renault",13,0,false
411,1985,7,6,6,"6","brabham","bmw",10,3,false
411,1985,7,7,7,"7","arrows","bmw",6,-1,false
411,1985,7,8,8,"8","ligier","renault",5,-1,false
411,1985,7,9,9,"9","tyrrell","ford",4,-1,false
412,1985,8,1,1,"1","ferrari","ferrari",56,0,false
412,1985,8,2,2,"2","mclaren","tag",38,1,false
412,1985,8,3,3,"3","lotus","renault",35,-1,false
412,1985,8,4,4,"4","williams","honda",23,0,false
412,1985,8,5,5,"5","renault","renault",15,0,false
412,1985,8,6,6,"6","brabham","bmw",14,0,false
412,1985,8,7,7,"7","ligier","renault",9,1,false
412,1985,8,8,8,"8","arrows","bmw",6,-1,false
412,1985,8,9,9,"9","tyrrell","ford",4,0,false
413,1985,9,1,1,"1","ferrari","ferrari",65,0,false
413,1985,9,2,2,"2","mclaren","tag",46,0,false
413,1985,9,3,3,"3","lotus","renault",35,0,false
413,1985,9,4,4,"4","williams","honda",24,0,false
413,1985,9,5,5,"5","renault","renault",15,0,false
413,1985,9,6,6,"6","brabham","bmw",14,0,false
413,1985,9,7,7,"7","ligier","renault",13,0,false
413,1985,9,8,8,"8","arrows","bmw",9,0,false
413,1985,9,9,9,"9","tyrrell","ford",4,0,false
414,1985,10,1,1,"1","ferrari","ferrari",72,0,false
414,1985,10,2,2,"2","mclaren","tag",55,0,false
414,1985,10,3,3,"3","lotus","renault",43,0,false
414,1985,10,4,4,"4","williams","honda",24,0,false
414,1985,10,5,5,"5","brabham","bmw",15,1,false
414,1985,10,6,6,"6","renault","renault",15,-1,false
414,1985,10,7,7,"7","ligier","renault",13,0,false
414,1985,10,8,8,"8","arrows","bmw",9,0,false
414,1985,10,9,9,"9","tyrrell","ford",4,0,false
415,1985,11,1,1,"1","ferrari","ferrari",75,0,false
415,1985,11,2,2,"2","mclaren","tag",70,0,false
415,1985,11,3,3,"3","lotus","renault",49,0,false
415,1985,11,4,4,"4","williams","honda",25,0,false
415,1985,11,5,5,"5","brabham","bmw",15,0,false
415,1985,11,6,6,"6","renault","renault",15,0,false
415,1985,11,7,7,"7","ligier","renault",13,0,false
415,1985,11,8,8,"8","arrows","bmw",9,0,false
415,1985,11,9,9,"9","tyrrell","ford",4,0,false
416,1985,12,1,1,"1","mclaren","tag",79,1,false
416,1985,12,2,2,"2","ferrari","ferrari",77,-1,false
416,1985,12,3,3,"3","lotus","renault",54,0,false
416,1985,12,4,4,"4","williams","honda",25,0,false
416,1985,12,5,5,"5","brabham","bmw",24,0,false
416,1985,12,6,6,"6","renault","renault",15,0,false
416,1985,12,7,7,"7","ligier","renault",13,0,false
416,1985,12,8,8,"8","arrows","bmw",9,0,false
416,1985,12,9,9,"9","tyrrell","ford",4,0,false
417,1985,13,1,1,"1","mclaren","tag",83,0,false
417,1985,13,2,2,"2","ferrari","ferrari",77,0,false
417,1985,13,3,3,"3","lotus","renault",63,0,false
417,1985,13,4,4,"4","williams","honda",34,0,false
417,1985,13,5,5,"5","brabham","bmw",26,0,false
417,1985,13,6,6,"6","renault","renault",16,0,false
417,1985,13,7,7,"7","ligier","renault",13,0,false
417,1985,13,8,8,"8","arrows","bmw",9,0,false
417,1985,13,9,9,"9","tyrrell","ford",4,0,false
418,1985,14,1,1,"1","mclaren","tag",86,0,false
418,1985,14,2,2,"2","ferrari","ferrari",77,0,false
418,1985,14,3,3,"3","lotus","renault",71,0,false
418,1985,14,4,4,"4","williams","honda",47,0,false
418,1985,14,5,5,"5","brabham","bmw",26,0,false
418,1985,14,6,6,"6","renault","renault",16,0,false
418,1985,14,7,7,"7","ligier","renault",13,0,false
418,1985,14,8,8,"8","arrows","bmw",10,0,false
418,1985,14,9,9,"9","tyrrell","ford",4,0,false
419,1985,15,1,1,"1","mclaren","tag",90,0,false
419,1985,15,2,2,"2","ferrari","ferrari",80,0,false
419,1985,15,3,3,"3","lotus","renault",71,0,false
419,1985,15,4,4,"4","williams","honda",62,0,false
419,1985,15,5,5,"5","brabham","bmw",26,0,false
419,1985,15,6,6,"6","renault","renault",16,0,false
419,1985,15,7,7,"7","arrows","bmw",13,1,false
419,1985,15,8,8,"8","ligier","renault",13,-1,false
419,1985,15,9,9,"9","tyrrell","ford",4,0,false
420,1985,16,1,1,"1","mclaren","tag",90,0,true
420,1985,16,2,2,"2","ferrari","ferrari",82,0,false
420,1985,16,3,3,"3","williams","honda",71,1,false
420,1985,16,4,4,"4","lotus","renault",71,-1,false
420,1985,16,5,5,"5","brabham","bmw",26,0,false
420,1985,16,6,6,"6","ligier","renault",23,2,false
420,1985,16,7,7,"7","renault","renault",16,-1,false
420,1985,16,8,8,"8","arrows","bmw",14,-1,false
420,1985,16,9,9,"9","tyrrell","ford",4,0,false
420,1985,16,10,10,"10","tyrrell","renault",3,0,false
421,1986,1,1,1,"1","williams","honda",9,,false
421,1986,1,2,2,"2","ligier","renault",7,,false
421,1986,1,3,3,"3","lotus","renault",6,,false
421,1986,1,4,4,"4","tyrrell","renault",2,,false
421,1986,1,5,5,"5","benetton","bmw",1,,false
422,1986,2,1,1,"1","williams","honda",15,0,false
422,1986,2,2,1,"1","lotus","renault",15,2,false
422,1986,2,3,3,"3","ligier","renault",7,-1,false
422,1986,2,4,3,"3","mclaren","tag",7,3,false
422,1986,2,5,5,"5","benetton","bmw",4,0,false
422,1986,2,6,6,"6","tyrrell","renault",2,-2,false
423,1986,3,1,1,"1","williams","honda",21,0,false
423,1986,3,2,2,"2","mclaren","tag",18,1,false
423,1986,3,3,3,"3","lotus","renault",15,-2,false
423,1986,3,4,4,"4","benetton","bmw",8,1,false
423,1986,3,5,5,"5","ligier","renault",7,-2,false
423,1986,3,6,6,"6","ferrari","ferrari",3,1,false
423,1986,3,7,7,"7","tyrrell","renault",2,-1,false
423,1986,3,8,8,"8","brabham","bmw",1,-1,false
424,1986,4,1,1,"1","mclaren","tag",33,1,false
424,1986,4,2,2,"2","williams","honda",24,-1,false
424,1986,4,3,3,"3","lotus","renault",19,0,false
424,1986,4,4,4,"4","ligier","renault",10,1,false
424,1986,4,5,5,"5","benetton","bmw",8,-1,false
424,1986,4,6,6,"6","ferrari","ferrari",3,0,false
424,1986,4,7,7,"7","tyrrell","renault",2,0,false
424,1986,4,8,8,"8","brabham","bmw",1,0,false
425,1986,5,1,1,"1","mclaren","tag",34,0,false
425,1986,5,2,2,"2","williams","honda",33,0,false
425,1986,5,3,3,"3","lotus","renault",25,0,false
425,1986,5,4,4,"4","ligier","renault",12,0,false
425,1986,5,5,5,"5","ferrari","ferrari",10,1,false
425,1986,5,6,6,"6","benetton","bmw",8,-1,false
425,1986,5,7,7,"7","tyrrell","renault",2,0,false
425,1986,5,8,8,"8","brabham","bmw",1,0,false
426,1986,6,1,1,"1","williams","honda",46,1,false
426,1986,6,2,2,"2","mclaren","tag",43,-1,false
426,1986,6,3,3,"3","lotus","renault",27,0,false
426,1986,6,4,4,"4","ligier","renault",13,0,false
426,1986,6,5,5,"5","ferrari","ferrari",10,0,false
426,1986,6,6,6,"6","benetton","bmw",8,0,false
426,1986,6,7,7,"7","tyrrell","renault",2,0,false
426,1986,6,8,8,"8","brabham","bmw",1,0,false
427,1986,7,1,1,"1","williams","honda",48,0,false
427,1986,7,2,2,"2","mclaren","tag",47,0,false
427,1986,7,3,3,"3","lotus","renault",36,0,false
427,1986,7,4,4,"4","ligier","renault",19,0,false
427,1986,7,5,5,"5","ferrari","ferrari",13,0,false
427,1986,7,6,6,"6","benetton","bmw",8,0,false
427,1986,7,7,7,"7","tyrrell","renault",2,0,false
427,1986,7,8,8,"8","brabham","bmw",2,0,false
428,1986,8,1,1,"1","williams","honda",61,0,false
428,1986,8,2,2,"2","mclaren","tag",56,0,false
428,1986,8,3,3,"3","lotus","renault",36,0,false
428,1986,8,4,4,"4","ligier","renault",22,0,false
428,1986,8,5,5,"5","ferrari","ferrari",13,0,false
428,1986,8,6,6,"6","benetton","bmw",8,0,false
428,1986,8,7,7,"7","tyrrell","renault",2,0,false
428,1986,8,8,8,"8","brabham","bmw",2,0,false
429,1986,9,1,1,"1","williams","honda",76,0,false
429,1986,9,2,2,"2","mclaren","tag",60,0,false
429,1986,9,3,3,"3","lotus","renault",36,0,false
429,1986,9,4,4,"4","ligier","renault",25,0,false
429,1986,9,5,5,"5","ferrari","ferrari",13,0,false
429,1986,9,6,6,"6","benetton","bmw",8,0,false
429,1986,9,7,7,"7","tyrrell","renault",5,0,false
429,1986,9,8,8,"8","brabham","bmw",2,0,false
430,1986,10,1,1,"1","williams","honda",89,0,false
430,1986,10,2,2,"2","mclaren","tag",63,0,false
430,1986,10,3,3,"3","lotus","renault",42,0,false
430,1986,10,4,4,"4","ligier","renault",28,0,false
430,1986,10,5,5,"5","ferrari","ferrari",13,0,false
430,1986,10,6,6,"6","benetton","bmw",8,0,false
430,1986,10,7,7,"7","tyrrell","renault",5,0,false
430,1986,10,8,8,"8","brabham","bmw",2,0,false
431,1986,11,1,1,"1","williams","honda",102,0,false
431,1986,11,2,2,"2","mclaren","tag",63,0,false
431,1986,11,3,3,"3","lotus","renault",50,0,false
431,1986,11,4,4,"4","ligier","renault",28,0,false
431,1986,11,5,5,"5","ferrari","ferrari",16,0,false
431,1986,11,6,6,"6","benetton","bmw",8,0,false
431,1986,11,7,7,"7","tyrrell","renault",6,0,false
431,1986,11,8,8,"8","brabham","bmw",2,0,false
432,1986,12,1,1,"1","williams","honda",102,0,false
432,1986,12,2,2,"2","mclaren","tag",72,0,false
432,1986,12,3,3,"3","lotus","renault",50,0,false
432,1986,12,4,4,"4","ligier","renault",28,0,false
432,1986,12,5,5,"5","ferrari","ferrari",26,0,false
432,1986,12,6,6,"6","benetton","bmw",8,0,false
432,1986,12,7,7,"7","tyrrell","renault",6,0,false
432,1986,12,8,8,"8","lola","ford",5,1,false
432,1986,12,9,9,"9","brabham","bmw",2,-1,false
432,1986,12,10,10,"10","arrows","bmw",1,-1,false
433,1986,13,1,1,"1","williams","honda",117,0,false
433,1986,13,2,2,"2","mclaren","tag",75,0,false
433,1986,13,3,3,"3","lotus","renault",50,0,false
433,1986,13,4,4,"4","ferrari","ferrari",30,1,false
433,1986,13,5,5,"5","ligier","renault",28,-1,false
433,1986,13,6,6,"6","benetton","bmw",10,0,false
433,1986,13,7,7,"7","lola","ford",6,1,false
433,1986,13,8,8,"8","tyrrell","renault",6,-1,false
433,1986,13,9,9,"9","brabham","bmw",2,0,false
433,1986,13,10,10,"10","arrows","bmw",1,0,false
434,1986,14,1,1,"1","williams","honda",130,0,true
434,1986,14,2,2,"2","mclaren","tag",81,0,false
434,1986,14,3,3,"3","lotus","renault",53,0,false
434,1986,14,4,4,"4","ferrari","ferrari",33,0,false
434,1986,14,5,5,"5","ligier","renault",28,0,false
434,1986,14,6,6,"6","benetton","bmw",10,0,false
434,1986,14,7,7,"7","lola","ford",6,0,false
434,1986,14,8,8,"8","tyrrell","renault",6,0,false
434,1986,14,9,9,"9","brabham","bmw",2,0,false
434,1986,14,10,10,"10","arrows","bmw",1,0,false
435,1986,15,1,1,"1","williams","honda",135,0,true
435,1986,15,2,2,"2","mclaren","tag",87,0,false
435,1986,15,3,3,"3","lotus","renault",57,0,false
435,1986,15,4,4,"4","ferrari","ferrari",33,0,false
435,1986,15,5,5,"5","ligier","renault",29,0,false
435,1986,15,6,6,"6","benetton","bmw",19,0,false
435,1986,15,7,7,"7","lola","ford",6,0,false
435,1986,15,8,8,"8","tyrrell","renault",6,0,false
435,1986,15,9,9,"9","brabham","bmw",2,0,false
435,1986,15,10,10,"10","arrows","bmw",1,0,false
436,1986,16,1,1,"1","williams","honda",141,0,true
436,1986,16,2,2,"2","mclaren","tag",96,0,false
436,1986,16,3,3,"3","lotus","renault",58,0,false
436,1986,16,4,4,"4","ferrari","ferrari",37,0,false
436,1986,16,5,5,"5","ligier","renault",29,0,false
436,1986,16,6,6,"6","benetton","bmw",19,0,false
436,1986,16,7,7,"7","tyrrell","renault",11,1,false
436,1986,16,8,8,"8","lola","ford",6,-1,false
436,1986,16,9,9,"9","brabham","bmw",2,0,false
436,1986,16,10,10,"10","arrows","bmw",1,0,false
437,1987,1,1,1,"1","mclaren","tag",13,,false
437,1987,1,2,2,"2","williams","honda",7,,false
437,1987,1,3,3,"3","ferrari","ferrari",3,,false
437,1987,1,4,4,"4","benetton","ford",2,,false
438,1987,2,1,1,"1","williams","honda",16,1,false
438,1987,2,2,2,"2","mclaren","tag",16,-1,false
438,1987,2,3,3,"3","lotus","honda",7,2,false
438,1987,2,4,4,"4","ferrari","ferrari",7,-1,false
438,1987,2,5,5,"5","benetton","ford",2,-1,false
438,1987,2,6,5,"5","zakspeed","zakspeed",2,0,false
439,1987,3,1,1,"1","mclaren","tag",31,1,false
439,1987,3,2,2,"2","williams","honda",16,-1,false
439,1987,3,3,3,"3","lotus","honda",9,0,false
439,1987,3,4,4,"4","ferrari","ferrari",7,0,false
439,1987,3,5,5,"5","brabham","bmw",4,2,false
439,1987,3,6,6,"6","arrows","megatron",3,1,false
439,1987,3,7,7,"7","benetton","ford",2,-2,false
439,1987,3,8,7,"7","zakspeed","zakspeed",2,-2,false
439,1987,3,9,9,"9","ligier","megatron",1,-2,false
440,1987,4,1,1,"1","mclaren","tag",31,0,false
440,1987,4,2,2,"2","williams","honda",22,0,false
440,1987,4,3,3,"3","lotus","honda",18,0,false
440,1987,4,4,4,"4","ferrari","ferrari",14,0,false
440,1987,4,5,5,"5","brabham","bmw",4,0,false
440,1987,4,6,6,"6","arrows","megatron",3,0,false
440,1987,4,7,7,"7","benetton","ford",2,0,false
440,1987,4,8,7,"7","zakspeed","zakspeed",2,0,false
440,1987,4,9,7,"7","tyrrell","ford",2,3,false
440,1987,4,10,10,"10","ligier","megatron",1,-1,false
440,1987,4,11,10,"10","march","ford",1,0,false
441,1987,5,1,1,"1","mclaren","tag",35,0,false
441,1987,5,2,2,"2","williams","honda",30,0,false
441,1987,5,3,3,"3","lotus","honda",27,0,false
441,1987,5,4,4,"4","ferrari","ferrari",17,0,false
441,1987,5,5,5,"5","brabham","bmw",4,0,false
441,1987,5,6,6,"6","arrows","megatron",4,0,false
441,1987,5,7,7,"7","benetton","ford",2,0,false
441,1987,5,8,7,"7","zakspeed","zakspeed",2,0,false
441,1987,5,9,7,"7","tyrrell","ford",2,0,false
441,1987,5,10,10,"10","ligier","megatron",1,0,false
441,1987,5,11,10,"10","march","ford",1,0,false
442,1987,6,1,1,"1","williams","honda",45,1,false
442,1987,6,2,2,"2","mclaren","tag",39,-1,false
442,1987,6,3,3,"3","lotus","honda",30,0,false
442,1987,6,4,4,"4","ferrari","ferrari",17,0,false
442,1987,6,5,5,"5","brabham","bmw",4,0,false
442,1987,6,6,6,"6","arrows","megatron",4,0,false
442,1987,6,7,7,"7","benetton","ford",4,0,false
442,1987,6,8,8,"8","tyrrell","ford",3,-1,false
442,1987,6,9,9,"9","zakspeed","zakspeed",2,-2,false
442,1987,6,10,10,"10","ligier","megatron",1,0,false
442,1987,6,11,10,"10","march","ford",1,0,false
443,1987,7,1,1,"1","williams","honda",60,0,false
443,1987,7,2,2,"2","mclaren","tag",39,0,false
443,1987,7,3,3,"3","lotus","honda",37,0,false
443,1987,7,4,4,"4","ferrari","ferrari",17,0,false
443,1987,7,5,5,"5","arrows","megatron",6,1,false
443,1987,7,6,6,"6","benetton","ford",5,1,false
443,1987,7,7,7,"7","brabham","bmw",4,-2,false
443,1987,7,8,8,"8","tyrrell","ford",3,0,false
443,1987,7,9,9,"9","zakspeed","zakspeed",2,0,false
443,1987,7,10,10,"10","ligier","megatron",1,0,false
443,1987,7,11,10,"10","march","ford",1,0,false
444,1987,8,1,1,"1","williams","honda",69,0,false
444,1987,8,2,2,"2","mclaren","tag",45,0,false
444,1987,8,3,3,"3","lotus","honda",41,0,false
444,1987,8,4,4,"4","ferrari","ferrari",17,0,false
444,1987,8,5,5,"5","tyrrell","ford",8,3,false
444,1987,8,6,6,"6","arrows","megatron",6,-1,false
444,1987,8,7,7,"7","benetton","ford",5,-1,false
444,1987,8,8,8,"8","brabham","bmw",4,-1,false
444,1987,8,9,9,"9","zakspeed","zakspeed",2,0,false
444,1987,8,10,10,"10","ligier","megatron",1,0,false
444,1987,8,11,10,"10","march","ford",1,0,false
444,1987,8,12,10,"10","lola","ford",1,2,false
445,1987,9,1,1,"1","williams","honda",78,0,false
445,1987,9,2,2,"2","mclaren","tag",49,0,false
445,1987,9,3,3,"3","lotus","honda",47,0,false
445,1987,9,4,4,"4","ferrari","ferrari",17,0,false
445,1987,9,5,5,"5","tyrrell","ford",8,0,false
445,1987,9,6,5,"5","benetton","ford",8,2,false
445,1987,9,7,7,"7","arrows","megatron",7,-1,false
445,1987,9,8,8,"8","brabham","bmw",6,0,false
445,1987,9,9,9,"9","zakspeed","zakspeed",2,0,false
445,1987,9,10,10,"10","ligier","megatron",1,0,false
445,1987,9,11,10,"10","march","ford",1,0,false
445,1987,9,12,10,"10","lola","ford",1,0,false
446,1987,10,1,1,"1","williams","honda",93,0,false
446,1987,10,2,2,"2","mclaren","tag",50,0,false
446,1987,10,3,3,"3","lotus","honda",49,0,false
446,1987,10,4,4,"4","ferrari","ferrari",17,0,false
446,1987,10,5,5,"5","benetton","ford",15,0,false
446,1987,10,6,6,"6","tyrrell","ford",8,-1,false
446,1987,10,7,7,"7","arrows","megatron",7,0,false
446,1987,10,8,8,"8","brabham","bmw",6,0,false
446,1987,10,9,9,"9","zakspeed","zakspeed",2,0,false
446,1987,10,10,10,"10","ligier","megatron",1,0,false
446,1987,10,11,10,"10","march","ford",1,0,false
446,1987,10,12,10,"10","lola","ford",1,0,false
447,1987,11,1,1,"1","williams","honda",106,0,false
447,1987,11,2,2,"2","lotus","honda",55,1,false
447,1987,11,3,3,"3","mclaren","tag",51,-1,false
447,1987,11,4,4,"4","ferrari","ferrari",20,0,false
447,1987,11,5,5,"5","benetton","ford",17,0,false
447,1987,11,6,6,"6","tyrrell","ford",8,0,false
447,1987,11,7,7,"7","arrows","megatron",7,0,false
447,1987,11,8,8,"8","brabham","bmw",6,0,false
447,1987,11,9,9,"9","zakspeed","zakspeed",2,0,false
447,1987,11,10,10,"10","ligier","megatron",1,0,false
447,1987,11,11,10,"10","march","ford",1,0,false
447,1987,11,12,10,"10","lola","ford",1,0,false
448,1987,12,1,1,"1","williams","honda",110,0,false
448,1987,12,2,2,"2","mclaren","tag",62,1,false
448,1987,12,3,3,"3","lotus","honda",55,-1,false
448,1987,12,4,4,"4","ferrari","ferrari",26,0,false
448,1987,12,5,5,"5","benetton","ford",20,0,false
448,1987,12,6,6,"6","tyrrell","ford",8,0,false
448,1987,12,7,7,"7","arrows","megatron",8,0,false
448,1987,12,8,8,"8","brabham","bmw",6,0,false
448,1987,12,9,9,"9","zakspeed","zakspeed",2,0,false
448,1987,12,10,10,"10","ligier","megatron",1,0,false
448,1987,12,11,10,"10","march","ford",1,0,false
448,1987,12,12,10,"10","lola","ford",1,0,false
449,1987,13,1,1,"1","williams","honda",122,0,true
449,1987,13,2,2,"2","mclaren","tag",72,0,false
449,1987,13,3,3,"3","lotus","honda",57,0,false
449,1987,13,4,4,"4","ferrari","ferrari",26,0,false
449,1987,13,5,5,"5","benetton","ford",20,0,false
449,1987,13,6,6,"6","tyrrell","ford",8,0,false
449,1987,13,7,7,"7","arrows","megatron",8,0,false
449,1987,13,8,8,"8","brabham","bmw",6,0,false
449,1987,13,9,9,"9","zakspeed","zakspeed",2,0,false
449,1987,13,10,10,"10","lola","ford",2,0,false
449,1987,13,11,11,"11","ligier","megatron",1,-1,false
449,1987,13,12,11,"11","march","ford",1,-1,false
450,1987,14,1,1,"1","williams","honda",137,0,true
450,1987,14,2,2,"2","mclaren","tag",72,0,false
450,1987,14,3,3,"3","lotus","honda",57,0,false
450,1987,14,4,4,"4","ferrari","ferrari",26,0,false
450,1987,14,5,5,"5","benetton","ford",22,0,false
450,1987,14,6,6,"6","arrows","megatron",11,1,false
450,1987,14,7,7,"7","brabham","bmw",10,1,false
450,1987,14,8,8,"8","tyrrell","ford",8,-2,false
450,1987,14,9,9,"9","lola","ford",3,1,false
450,1987,14,10,10,"10","zakspeed","zakspeed",2,-1,false
450,1987,14,11,11,"11","ligier","megatron",1,0,false
450,1987,14,12,11,"11","march","ford",1,0,false
451,1987,15,1,1,"1","williams","honda",137,0,true
451,1987,15,2,2,"2","mclaren","tag",76,0,false
451,1987,15,3,3,"3","lotus","honda",64,0,false
451,1987,15,4,4,"4","ferrari","ferrari",38,0,false
451,1987,15,5,5,"5","benetton","ford",24,0,false
451,1987,15,6,6,"6","arrows","megatron",11,0,false
451,1987,15,7,7,"7","brabham","bmw",10,0,false
451,1987,15,8,8,"8","tyrrell","ford",8,0,false
451,1987,15,9,9,"9","lola","ford",3,0,false
451,1987,15,10,10,"10","zakspeed","zakspeed",2,0,false
451,1987,15,11,11,"11","ligier","megatron",1,0,false
451,1987,15,12,11,"11","march","ford",1,0,false
452,1987,16,1,1,"1","williams","honda",137,0,true
452,1987,16,2,2,"2","mclaren","tag",76,0,false
452,1987,16,3,3,"3","lotus","honda",64,0,false
452,1987,16,4,4,"4","ferrari","ferrari",53,0,false
452,1987,16,5,5,"5","benetton","ford",28,0,false
452,1987,16,6,6,"6","tyrrell","ford",11,2,false
452,1987,16,7,7,"7","arrows","megatron",11,-1,false
452,1987,16,8,8,"8","brabham","bmw",10,-1,false
452,1987,16,9,9,"9","lola","ford",3,0,false
452,1987,16,10,10,"10","zakspeed","zakspeed",2,0,false
452,1987,16,11,11,"11","ligier","megatron",1,0,false
452,1987,16,12,11,"11","march","ford",1,0,false
452,1987,16,13,11,"11","ags","ford",1,2,false
453,1988,1,1,1,"1","mclaren","honda",9,,false
453,1988,1,2,2,"2","ferrari","ferrari",8,,false
453,1988,1,3,3,"3","lotus","honda",5,,false
453,1988,1,4,4,"4","arrows","megatron",3,,false
454,1988,2,1,1,"1","mclaren","honda",24,0,false
454,1988,2,2,2,"2","ferrari","ferrari",10,0,false
454,1988,2,3,3,"3","lotus","honda",9,0,false
454,1988,2,4,4,"4","benetton","ford",4,1,false
454,1988,2,5,5,"5","arrows","megatron",3,-1,false
455,1988,3,1,1,"1","mclaren","honda",33,0,false
455,1988,3,2,2,"2","ferrari","ferrari",20,0,false
455,1988,3,3,3,"3","lotus","honda",9,0,false
455,1988,3,4,4,"4","arrows","megatron",6,1,false
455,1988,3,5,5,"5","benetton","ford",4,-1,false
455,1988,3,6,6,"6","tyrrell","ford",2,0,false
455,1988,3,7,7,"7","williams","judd",1,-1,false
456,1988,4,1,1,"1","mclaren","honda",48,0,false
456,1988,4,2,2,"2","ferrari","ferrari",27,0,false
456,1988,4,3,3,"3","lotus","honda",9,0,false
456,1988,4,4,4,"4","arrows","megatron",9,0,false
456,1988,4,5,5,"5","benetton","ford",4,0,false
456,1988,4,6,6,"6","tyrrell","ford",2,0,false
456,1988,4,7,7,"7","williams","judd",1,0,false
457,1988,5,1,1,"1","mclaren","honda",63,0,false
457,1988,5,2,2,"2","ferrari","ferrari",27,0,false
457,1988,5,3,3,"3","lotus","honda",12,0,false
457,1988,5,4,4,"4","arrows","megatron",9,0,false
457,1988,5,5,5,"5","benetton","ford",8,0,false
457,1988,5,6,6,"6","tyrrell","ford",3,0,false
457,1988,5,7,7,"7","march","judd",2,1,false
457,1988,5,8,8,"8","williams","judd",1,-1,false
458,1988,6,1,1,"1","mclaren","honda",78,0,false
458,1988,6,2,2,"2","ferrari","ferrari",27,0,false
458,1988,6,3,3,"3","lotus","honda",12,0,false
458,1988,6,4,3,"3","benetton","ford",12,2,false
458,1988,6,5,5,"5","arrows","megatron",9,-1,false
458,1988,6,6,6,"6","tyrrell","ford",5,0,false
458,1988,6,7,7,"7","rial","ford",3,2,false
458,1988,6,8,8,"8","march","judd",2,-1,false
458,1988,6,9,9,"9","williams","judd",1,-1,false
458,1988,6,10,9,"9","minardi","ford",1,0,false
459,1988,7,1,1,"1","mclaren","honda",93,0,false
459,1988,7,2,2,"2","ferrari","ferrari",34,0,false
459,1988,7,3,3,"3","lotus","honda",14,0,false
459,1988,7,4,4,"4","benetton","ford",13,-1,false
459,1988,7,5,5,"5","arrows","megatron",9,0,false
459,1988,7,6,6,"6","tyrrell","ford",5,0,false
459,1988,7,7,7,"7","rial","ford",3,0,false
459,1988,7,8,8,"8","march","judd",2,0,false
459,1988,7,9,9,"9","williams","judd",1,0,false
459,1988,7,10,9,"9","minardi","ford",1,0,false
460,1988,8,1,1,"1","mclaren","honda",102,0,false
460,1988,8,2,2,"2","ferrari","ferrari",34,0,false
460,1988,8,3,3,"3","benetton","ford",17,1,false
460,1988,8,4,4,"4","lotus","honda",16,-1,false
460,1988,8,5,5,"5","arrows","megatron",10,0,false
460,1988,8,6,6,"6","williams","judd",7,3,false
460,1988,8,7,7,"7","march","judd",5,1,false
460,1988,8,8,8,"8","tyrrell","ford",5,-2,false
460,1988,8,9,9,"9","rial","ford",3,-2,false
460,1988,8,10,10,"10","minardi","ford",1,-1,false
461,1988,9,1,1,"1","mclaren","honda",117,0,false
461,1988,9,2,2,"2","ferrari","ferrari",41,0,false
461,1988,9,3,3,"3","benetton","ford",18,0,false
461,1988,9,4,4,"4","lotus","honda",16,0,false
461,1988,9,5,5,"5","arrows","megatron",10,0,false
461,1988,9,6,6,"6","williams","judd",7,0,false
461,1988,9,7,7,"7","march","judd",7,0,false
461,1988,9,8,8,"8","tyrrell","ford",5,0,false
461,1988,9,9,9,"9","rial","ford",3,0,false
461,1988,9,10,10,"10","minardi","ford",1,0,false
462,1988,10,1,1,"1","mclaren","honda",132,0,false
462,1988,10,2,2,"2","ferrari","ferrari",44,0,false
462,1988,10,3,3,"3","benetton","ford",22,0,false
462,1988,10,4,4,"4","lotus","honda",16,0,false
462,1988,10,5,5,"5","arrows","megatron",10,0,false
462,1988,10,6,6,"6","march","judd",9,1,false
462,1988,10,7,7,"7","williams","judd",8,-1,false
462,1988,10,8,8,"8","tyrrell","ford",5,0,false
462,1988,10,9,9,"9","rial","ford",3,0,false
462,1988,10,10,10,"10","minardi","ford",1,0,false
463,1988,11,1,1,"1","mclaren","honda",147,0,true
463,1988,11,2,2,"2","ferrari","ferrari",44,0,false
463,1988,11,3,3,"3","benetton","ford",22,0,false
463,1988,11,4,4,"4","lotus","honda",19,0,false
463,1988,11,5,5,"5","march","judd",13,1,false
463,1988,11,6,6,"6","arrows","megatron",13,-1,false
463,1988,11,7,7,"7","williams","judd",8,0,false
463,1988,11,8,8,"8","tyrrell","ford",5,0,false
463,1988,11,9,9,"9","rial","ford",3,0,false
463,1988,11,10,10,"10","minardi","ford",1,0,false
464,1988,12,1,1,"1","mclaren","honda",147,0,true
464,1988,12,2,2,"2","ferrari","ferrari",59,0,false
464,1988,12,3,3,"3","benetton","ford",23,0,false
464,1988,12,4,4,"4","arrows","megatron",20,2,false
464,1988,12,5,5,"5","lotus","honda",19,-1,false
464,1988,12,6,6,"6","march","judd",15,-1,false
464,1988,12,7,7,"7","williams","judd",8,0,false
464,1988,12,8,8,"8","tyrrell","ford",5,0,false
464,1988,12,9,9,"9","rial","ford",3,0,false
464,1988,12,10,10,"10","minardi","ford",1,0,false
465,1988,13,1,1,"1","mclaren","honda",157,0,true
465,1988,13,2,2,"2","ferrari","ferrari",61,0,false
465,1988,13,3,3,"3","benetton","ford",27,0,false
465,1988,13,4,4,"4","arrows","megatron",23,0,false
465,1988,13,5,5,"5","march","judd",21,1,false
465,1988,13,6,6,"6","lotus","honda",19,-1,false
465,1988,13,7,7,"7","williams","judd",8,0,false
465,1988,13,8,8,"8","tyrrell","ford",5,0,false
465,1988,13,9,9,"9","rial","ford",3,0,false
465,1988,13,10,10,"10","minardi","ford",1,0,false
466,1988,14,1,1,"1","mclaren","honda",169,0,true
466,1988,14,2,2,"2","ferrari","ferrari",62,0,false
466,1988,14,3,3,"3","benetton","ford",31,0,false
466,1988,14,4,4,"4","arrows","megatron",23,0,false
466,1988,14,5,5,"5","march","judd",21,0,false
466,1988,14,6,6,"6","lotus","honda",19,0,false
466,1988,14,7,7,"7","williams","judd",16,0,false
466,1988,14,8,8,"8","tyrrell","ford",5,0,false
466,1988,14,9,9,"9","rial","ford",3,0,false
466,1988,14,10,10,"10","minardi","ford",1,0,false
467,1988,15,1,1,"1","mclaren","honda",184,0,true
467,1988,15,2,2,"2","ferrari","ferrari",65,0,false
467,1988,15,3,3,"3","benetton","ford",37,0,false
467,1988,15,4,4,"4","arrows","megatron",23,0,false
467,1988,15,5,5,"5","march","judd",21,0,false
467,1988,15,6,6,"6","lotus","honda",19,0,false
467,1988,15,7,7,"7","williams","judd",17,0,false
467,1988,15,8,8,"8","tyrrell","ford",5,0,false
467,1988,15,9,9,"9","rial","ford",3,0,false
467,1988,15,10,10,"10","minardi","ford",1,0,false
468,1988,16,1,1,"1","mclaren","honda",199,0,true
468,1988,16,2,2,"2","ferrari","ferrari",65,0,false
468,1988,16,3,3,"3","benetton","ford",39,0,false
468,1988,16,4,4,"4","lotus","honda",23,2,false
468,1988,16,5,5,"5","arrows","megatron",23,-1,false
468,1988,16,6,6,"6","march","judd",22,-1,false
468,1988,16,7,7,"7","williams","judd",20,0,false
468,1988,16,8,8,"8","tyrrell","ford",5,0,false
468,1988,16,9,9,"9","rial","ford",3,0,false
468,1988,16,10,10,"10","minardi","ford",1,0,false
469,1989,1,1,1,"1","ferrari","ferrari",9,,false
469,1989,1,2,2,"2","mclaren","honda",6,,false
469,1989,1,3,3,"3","march","judd",4,,false
469,1989,1,4,4,"4","benetton","ford",4,,false
469,1989,1,5,5,"5","arrows","ford",2,,false
470,1989,2,1,1,"1","mclaren","honda",21,1,false
470,1989,2,2,2,"2","ferrari","ferrari",9,-1,false
470,1989,2,3,3,"3","benetton","ford",8,1,false
470,1989,2,4,4,"4","march","judd",4,-1,false
470,1989,2,5,5,"5","arrows","ford",4,0,false
470,1989,2,6,6,"6","williams","renault",3,0,false
470,1989,2,7,7,"7","tyrrell","ford",1,-1,false
471,1989,3,1,1,"1","mclaren","honda",36,0,false
471,1989,3,2,2,"2","ferrari","ferrari",9,0,false
471,1989,3,3,3,"3","benetton","ford",8,0,false
471,1989,3,4,4,"4","brabham","judd",5,4,false
471,1989,3,5,5,"5","march","judd",4,-1,false
471,1989,3,6,6,"6","arrows","ford",4,-1,false
471,1989,3,7,7,"7","williams","renault",3,-1,false
471,1989,3,8,7,"7","dallara","ford",3,1,false
471,1989,3,9,9,"9","tyrrell","ford",3,-2,false
472,1989,4,1,1,"1","mclaren","honda",47,0,false
472,1989,4,2,2,"2","benetton","ford",11,1,false
472,1989,4,3,3,"3","ferrari","ferrari",9,-1,false
472,1989,4,4,4,"4","williams","renault",9,3,false
472,1989,4,5,5,"5","tyrrell","ford",7,4,false
472,1989,4,6,6,"6","brabham","judd",5,-2,false
472,1989,4,7,7,"7","march","judd",4,-2,false
472,1989,4,8,8,"8","arrows","ford",4,-2,false
472,1989,4,9,9,"9","dallara","ford",3,-2,false
472,1989,4,10,10,"10","ags","ford",1,0,false
473,1989,5,1,1,"1","mclaren","honda",56,0,false
473,1989,5,2,2,"2","williams","renault",16,2,false
473,1989,5,3,3,"3","benetton","ford",13,-1,false
473,1989,5,4,4,"4","ferrari","ferrari",9,-1,false
473,1989,5,5,5,"5","arrows","ford",8,3,false
473,1989,5,6,6,"6","tyrrell","ford",7,-1,false
473,1989,5,7,7,"7","brabham","judd",5,-1,false
473,1989,5,8,8,"8","march","judd",4,-1,false
473,1989,5,9,9,"9","dallara","ford",3,0,false
473,1989,5,10,9,"9","rial","ford",3,2,false
473,1989,5,11,11,"11","ags","ford",1,-1,false
474,1989,6,1,1,"1","mclaren","honda",56,0,false
474,1989,6,2,2,"2","williams","renault",31,0,false
474,1989,6,3,3,"3","benetton","ford",13,0,false
474,1989,6,4,4,"4","ferrari","ferrari",9,0,false
474,1989,6,5,5,"5","dallara","ford",8,4,false
474,1989,6,6,6,"6","arrows","ford",8,-1,false
474,1989,6,7,7,"7","tyrrell","ford",7,-1,false
474,1989,6,8,8,"8","brabham","judd",5,-1,false
474,1989,6,9,9,"9","march","judd",4,-1,false
474,1989,6,10,10,"10","rial","ford",3,-1,false
474,1989,6,11,10,"10","lotus","judd",3,2,false
474,1989,6,12,12,"12","ligier","ford",2,0,false
474,1989,6,13,13,"13","ags","ford",1,-2,false
475,1989,7,1,1,"1","mclaren","honda",65,0,false
475,1989,7,2,2,"2","williams","renault",35,0,false
475,1989,7,3,3,"3","ferrari","ferrari",15,1,false
475,1989,7,4,4,"4","benetton","ford",13,-1,false
475,1989,7,5,5,"5","tyrrell","ford",10,2,false
475,1989,7,6,6,"6","dallara","ford",8,-1,false
475,1989,7,7,7,"7","arrows","ford",8,-1,false
475,1989,7,8,8,"8","brabham","judd",5,0,false
475,1989,7,9,9,"9","march","judd",4,0,false
475,1989,7,10,10,"10","rial","ford",3,0,false
475,1989,7,11,10,"10","lotus","judd",3,0,false
475,1989,7,12,12,"12","ligier","ford",3,0,false
475,1989,7,13,13,"13","onyx","ford",2,1,false
475,1989,7,14,14,"14","ags","ford",1,-1,false
476,1989,8,1,1,"1","mclaren","honda",74,0,false
476,1989,8,2,2,"2","williams","renault",35,0,false
476,1989,8,3,3,"3","ferrari","ferrari",21,0,false
476,1989,8,4,4,"4","benetton","ford",17,0,false
476,1989,8,5,5,"5","tyrrell","ford",10,0,false
476,1989,8,6,6,"6","dallara","ford",8,0,false
476,1989,8,7,7,"7","arrows","ford",8,0,false
476,1989,8,8,8,"8","lotus","judd",6,2,false
476,1989,8,9,9,"9","brabham","judd",5,-1,false
476,1989,8,10,10,"10","march","judd",4,-1,false
476,1989,8,11,11,"11","rial","ford",3,-1,false
476,1989,8,12,12,"12","ligier","ford",3,0,false
476,1989,8,13,12,"12","minardi","ford",3,3,false
476,1989,8,14,14,"14","onyx","ford",2,-1,false
476,1989,8,15,15,"15","ags","ford",1,-1,false
477,1989,9,1,1,"1","mclaren","honda",89,0,false
477,1989,9,2,2,"2","williams","renault",38,0,false
477,1989,9,3,3,"3","ferrari","ferrari",25,0,false
477,1989,9,4,4,"4","benetton","ford",17,0,false
477,1989,9,5,5,"5","tyrrell","ford",10,0,false
477,1989,9,6,6,"6","arrows","ford",9,1,false
477,1989,9,7,7,"7","dallara","ford",8,-1,false
477,1989,9,8,8,"8","lotus","judd",8,0,false
477,1989,9,9,9,"9","brabham","judd",5,0,false
477,1989,9,10,10,"10","march","judd",4,0,false
477,1989,9,11,11,"11","rial","ford",3,0,false
477,1989,9,12,12,"12","ligier","ford",3,0,false
477,1989,9,13,12,"12","minardi","ford",3,0,false
477,1989,9,14,14,"14","onyx","ford",2,0,false
477,1989,9,15,15,"15","ags","ford",1,0,false
478,1989,10,1,1,"1","mclaren","honda",98,0,false
478,1989,10,2,2,"2","williams","renault",42,0,false
478,1989,10,3,3,"3","ferrari","ferrari",34,0,false
478,1989,10,4,4,"4","benetton","ford",17,0,false
478,1989,10,5,5,"5","arrows","ford",11,1,false
478,1989,10,6,6,"6","tyrrell","ford",10,-1,false
478,1989,10,7,7,"7","lotus","judd",9,1,false
478,1989,10,8,8,"8","dallara","ford",8,-1,false
478,1989,10,9,9,"9","brabham","judd",5,0,false
478,1989,10,10,10,"10","march","judd",4,0,false
478,1989,10,11,11,"11","rial","ford",3,0,false
478,1989,10,12,12,"12","ligier","ford",3,0,false
478,1989,10,13,12,"12","minardi","ford",3,0,false
478,1989,10,14,14,"14","onyx","ford",2,0,false
478,1989,10,15,15,"15","ags","ford",1,0,false
479,1989,11,1,1,"1","mclaren","honda",113,0,false
479,1989,11,2,2,"2","williams","renault",45,0,false
479,1989,11,3,3,"3","ferrari","ferrari",38,0,false
479,1989,11,4,4,"4","benetton","ford",19,0,false
479,1989,11,5,5,"5","arrows","ford",12,0,false
479,1989,11,6,6,"6","tyrrell","ford",10,0,false
479,1989,11,7,7,"7","lotus","judd",9,0,false
479,1989,11,8,8,"8","dallara","ford",8,0,false
479,1989,11,9,9,"9","brabham","judd",5,0,false
479,1989,11,10,10,"10","march","judd",4,0,false
479,1989,11,11,11,"11","rial","ford",3,0,false
479,1989,11,12,12,"12","ligier","ford",3,0,false
479,1989,11,13,12,"12","minardi","ford",3,0,false
479,1989,11,14,14,"14","onyx","ford",2,0,false
479,1989,11,15,15,"15","ags","ford",1,0,false
480,1989,12,1,1,"1","mclaren","honda",122,0,true
480,1989,12,2,2,"2","williams","renault",52,0,false
480,1989,12,3,3,"3","ferrari","ferrari",44,0,false
480,1989,12,4,4,"4","benetton","ford",19,0,false
480,1989,12,5,5,"5","tyrrell","ford",12,1,false
480,1989,12,6,6,"6","arrows","ford",12,-1,false
480,1989,12,7,7,"7","lotus","judd",9,0,false
480,1989,12,8,8,"8","dallara","ford",8,0,false
480,1989,12,9,9,"9","brabham","judd",6,0,false
480,1989,12,10,10,"10","march","judd",4,0,false
480,1989,12,11,11,"11","rial","ford",3,0,false
480,1989,12,12,12,"12","ligier","ford",3,0,false
480,1989,12,13,12,"12","minardi","ford",3,0,false
480,1989,12,14,14,"14","onyx","ford",2,0,false
480,1989,12,15,15,"15","ags","ford",1,0,false
481,1989,13,1,1,"1","mclaren","honda",128,0,true
481,1989,13,2,2,"2","ferrari","ferrari",53,1,false
481,1989,13,3,3,"3","williams","renault",52,-1,false
481,1989,13,4,4,"4","benetton","ford",22,0,false
481,1989,13,5,5,"5","tyrrell","ford",13,0,false
481,1989,13,6,6,"6","arrows","ford",12,0,false
481,1989,13,7,7,"7","lotus","judd",9,0,false
481,1989,13,8,8,"8","dallara","ford",8,0,false
481,1989,13,9,9,"9","onyx","ford",6,5,false
481,1989,13,10,10,"10","brabham","judd",6,-1,false
481,1989,13,11,11,"11","minardi","ford",5,1,false
481,1989,13,12,12,"12","march","judd",4,-2,false
481,1989,13,13,13,"13","rial","ford",3,-2,false
481,1989,13,14,14,"14","ligier","ford",3,-2,false
481,1989,13,15,15,"15","ags","ford",1,0,false
482,1989,14,1,1,"1","mclaren","honda",141,0,true
482,1989,14,2,2,"2","ferrari","ferrari",59,0,false
482,1989,14,3,3,"3","williams","renault",54,0,false
482,1989,14,4,4,"4","benetton","ford",22,0,false
482,1989,14,5,5,"5","tyrrell","ford",16,0,false
482,1989,14,6,6,"6","arrows","ford",12,0,false
482,1989,14,7,7,"7","lotus","judd",9,0,false
482,1989,14,8,8,"8","dallara","ford",8,0,false
482,1989,14,9,9,"9","onyx","ford",6,0,false
482,1989,14,10,10,"10","brabham","judd",6,0,false
482,1989,14,11,11,"11","minardi","ford",5,0,false
482,1989,14,12,12,"12","march","judd",4,0,false
482,1989,14,13,13,"13","rial","ford",3,0,false
482,1989,14,14,14,"14","ligier","ford",3,0,false
482,1989,14,15,15,"15","ags","ford",1,0,false
482,1989,14,16,15,"15","lola","lamborghini",1,1,false
483,1989,15,1,1,"1","mclaren","honda",141,0,true
483,1989,15,2,2,"2","williams","renault",64,1,false
483,1989,15,3,3,"3","ferrari","ferrari",59,-1,false
483,1989,15,4,4,"4","benetton","ford",31,0,false
483,1989,15,5,5,"5","tyrrell","ford",16,0,false
483,1989,15,6,6,"6","arrows","ford",13,0,false
483,1989,15,7,7,"7","lotus","judd",12,0,false
483,1989,15,8,8,"8","dallara","ford",8,0,false
483,1989,15,9,9,"9","brabham","judd",8,1,false
483,1989,15,10,10,"10","onyx","ford",6,-1,false
483,1989,15,11,11,"11","minardi","ford",5,0,false
483,1989,15,12,12,"12","march","judd",4,0,false
483,1989,15,13,13,"13","rial","ford",3,0,false
483,1989,15,14,14,"14","ligier","ford",3,0,false
483,1989,15,15,15,"15","ags","ford",1,0,false
483,1989,15,16,15,"15","lola","lamborghini",1,0,false
484,1989,16,1,1,"1","mclaren","honda",141,0,true
484,1989,16,2,2,"2","williams","renault",77,0,false
484,1989,16,3,3,"3","ferrari","ferrari",59,0,false
484,1989,16,4,4,"4","benetton","ford",39,0,false
484,1989,16,5,5,"5","tyrrell","ford",16,0,false
484,1989,16,6,6,"6","lotus","judd",15,1,false
484,1989,16,7,7,"7","arrows","ford",13,-1,false
484,1989,16,8,8,"8","dallara","ford",8,0,false
484,1989,16,9,9,"9","brabham","judd",8,0,false
484,1989,16,10,10,"10","onyx","ford",6,0,false
484,1989,16,11,11,"11","minardi","ford",6,0,false
484,1989,16,12,12,"12","march","judd",4,0,false
484,1989,16,13,13,"13","rial","ford",3,0,false
484,1989,16,14,14,"14","ligier","ford",3,0,false
484,1989,16,15,15,"15","ags","ford",1,0,false
484,1989,16,16,15,"15","lola","lamborghini",1,0,false
485,1990,1,1,1,"1","mclaren","honda",9,,false
485,1990,1,2,2,"2","tyrrell","ford",7,,false
485,1990,1,3,3,"3","williams","renault",4,,false
485,1990,1,4,4,"4","benetton","ford",3,,false
485,1990,1,5,5,"5","brabham","judd",2,,false
486,1990,2,1,1,"1","mclaren","honda",19,0,false
486,1990,2,2,2,"2","ferrari","ferrari",12,4,false
486,1990,2,3,3,"3","tyrrell","ford",7,-1,false
486,1990,2,4,4,"4","williams","renault",6,-1,false
486,1990,2,5,5,"5","benetton","ford",4,-1,false
486,1990,2,6,6,"6","brabham","judd",2,-1,false
487,1990,3,1,1,"1","mclaren","honda",25,0,false
487,1990,3,2,2,"2","williams","renault",15,2,false
487,1990,3,3,3,"3","ferrari","ferrari",15,-1,false
487,1990,3,4,4,"4","benetton","ford",10,1,false
487,1990,3,5,5,"5","tyrrell","ford",8,-2,false
487,1990,3,6,6,"6","brabham","judd",2,0,false
488,1990,4,1,1,"1","mclaren","honda",38,0,false
488,1990,4,2,2,"2","williams","renault",18,0,false
488,1990,4,3,3,"3","ferrari","ferrari",15,0,false
488,1990,4,4,4,"4","tyrrell","ford",14,1,false
488,1990,4,5,5,"5","benetton","ford",10,-1,false
488,1990,4,6,6,"6","brabham","judd",2,0,false
488,1990,4,7,6,"6","arrows","ford",2,1,false
488,1990,4,8,8,"8","lola","lamborghini",1,-1,false
489,1990,5,1,1,"1","mclaren","honda",50,0,false
489,1990,5,2,2,"2","ferrari","ferrari",21,1,false
489,1990,5,3,3,"3","williams","renault",18,-1,false
489,1990,5,4,4,"4","benetton","ford",16,1,false
489,1990,5,5,5,"5","tyrrell","ford",14,-1,false
489,1990,5,6,6,"6","brabham","judd",2,0,false
489,1990,5,7,6,"6","arrows","ford",2,0,false
489,1990,5,8,8,"8","lola","lamborghini",1,0,false
489,1990,5,9,8,"8","lotus","lamborghini",1,1,false
490,1990,6,1,1,"1","mclaren","honda",54,0,false
490,1990,6,2,2,"2","ferrari","ferrari",36,0,false
490,1990,6,3,3,"3","williams","renault",20,0,false
490,1990,6,4,4,"4","benetton","ford",20,0,false
490,1990,6,5,5,"5","tyrrell","ford",14,0,false
490,1990,6,6,6,"6","brabham","judd",2,0,false
490,1990,6,7,6,"6","arrows","ford",2,0,false
490,1990,6,8,8,"8","lola","lamborghini",1,0,false
490,1990,6,9,8,"8","lotus","lamborghini",1,0,false
491,1990,7,1,1,"1","mclaren","honda",60,0,false
491,1990,7,2,2,"2","ferrari","ferrari",45,0,false
491,1990,7,3,3,"3","benetton","ford",23,1,false
491,1990,7,4,4,"4","williams","renault",21,-1,false
491,1990,7,5,5,"5","tyrrell","ford",14,0,false
491,1990,7,6,6,"6","leyton-house","judd",6,4,false
491,1990,7,7,7,"7","brabham","judd",2,-1,false
491,1990,7,8,7,"7","arrows","ford",2,-1,false
491,1990,7,9,9,"9","lola","lamborghini",1,-1,false
491,1990,7,10,9,"9","lotus","lamborghini",1,-1,false
492,1990,8,1,1,"1","mclaren","honda",64,0,false
492,1990,8,2,2,"2","ferrari","ferrari",54,0,false
492,1990,8,3,3,"3","williams","renault",27,1,false
492,1990,8,4,4,"4","benetton","ford",25,-1,false
492,1990,8,5,5,"5","tyrrell","ford",14,0,false
492,1990,8,6,6,"6","leyton-house","judd",6,0,false
492,1990,8,7,7,"7","lola","lamborghini",5,2,false
492,1990,8,8,8,"8","brabham","judd",2,-1,false
492,1990,8,9,8,"8","arrows","ford",2,-1,false
492,1990,8,10,10,"10","lotus","lamborghini",1,-1,false
493,1990,9,1,1,"1","mclaren","honda",77,0,false
493,1990,9,2,2,"2","ferrari","ferrari",57,0,false
493,1990,9,3,3,"3","benetton","ford",31,1,false
493,1990,9,4,4,"4","williams","renault",30,-1,false
493,1990,9,5,5,"5","tyrrell","ford",14,0,false
493,1990,9,6,6,"6","leyton-house","judd",6,0,false
493,1990,9,7,7,"7","lola","lamborghini",5,0,false
493,1990,9,8,8,"8","brabham","judd",2,0,false
493,1990,9,9,8,"8","arrows","ford",2,0,false
493,1990,9,10,10,"10","lotus","lamborghini",1,0,false
494,1990,10,1,1,"1","mclaren","honda",83,0,false
494,1990,10,2,2,"2","ferrari","ferrari",57,0,false
494,1990,10,3,3,"3","williams","renault",42,1,false
494,1990,10,4,4,"4","benetton","ford",35,-1,false
494,1990,10,5,5,"5","tyrrell","ford",14,0,false
494,1990,10,6,6,"6","leyton-house","judd",6,0,false
494,1990,10,7,7,"7","lola","lamborghini",6,0,false
494,1990,10,8,8,"8","lotus","lamborghini",3,2,false
494,1990,10,9,9,"9","brabham","judd",2,-1,false
494,1990,10,10,9,"9","arrows","ford",2,-1,false
495,1990,11,1,1,"1","mclaren","honda",96,0,false
495,1990,11,2,2,"2","ferrari","ferrari",63,0,false
495,1990,11,3,3,"3","williams","renault",42,0,false
495,1990,11,4,4,"4","benetton","ford",40,0,false
495,1990,11,5,5,"5","tyrrell","ford",14,0,false
495,1990,11,6,6,"6","leyton-house","judd",7,0,false
495,1990,11,7,7,"7","lola","lamborghini",6,0,false
495,1990,11,8,8,"8","lotus","lamborghini",3,0,false
495,1990,11,9,9,"9","brabham","judd",2,0,false
495,1990,11,10,9,"9","arrows","ford",2,0,false
496,1990,12,1,1,"1","mclaren","honda",109,0,false
496,1990,12,2,2,"2","ferrari","ferrari",72,0,false
496,1990,12,3,3,"3","williams","renault",44,0,false
496,1990,12,4,4,"4","benetton","ford",40,0,false
496,1990,12,5,5,"5","tyrrell","ford",15,0,false
496,1990,12,6,6,"6","leyton-house","judd",7,0,false
496,1990,12,7,7,"7","lola","lamborghini",6,0,false
496,1990,12,8,8,"8","lotus","lamborghini",3,0,false
496,1990,12,9,9,"9","brabham","judd",2,0,false
496,1990,12,10,9,"9","arrows","ford",2,0,false
497,1990,13,1,1,"1","mclaren","honda",118,0,false
497,1990,13,2,2,"2","ferrari","ferrari",85,0,false
497,1990,13,3,3,"3","williams","renault",44,0,false
497,1990,13,4,4,"4","benetton","ford",43,0,false
497,1990,13,5,5,"5","tyrrell","ford",15,0,false
497,1990,13,6,6,"6","leyton-house","judd",7,0,false
497,1990,13,7,7,"7","lola","lamborghini",6,0,false
497,1990,13,8,8,"8","lotus","lamborghini",3,0,false
497,1990,13,9,9,"9","brabham","judd",2,0,false
497,1990,13,10,9,"9","arrows","ford",2,0,false
498,1990,14,1,1,"1","mclaren","honda",118,0,false
498,1990,14,2,2,"2","ferrari","ferrari",100,0,false
498,1990,14,3,3,"3","williams","renault",49,0,false
498,1990,14,4,4,"4","benetton","ford",47,0,false
498,1990,14,5,5,"5","tyrrell","ford",15,0,false
498,1990,14,6,6,"6","leyton-house","judd",7,0,false
498,1990,14,7,7,"7","lola","lamborghini",7,0,false
498,1990,14,8,8,"8","lotus","lamborghini",3,0,false
498,1990,14,9,9,"9","brabham","judd",2,0,false
498,1990,14,10,9,"9","arrows","ford",2,0,false
499,1990,15,1,1,"1","mclaren","honda",118,0,true
499,1990,15,2,2,"2","ferrari","ferrari",100,0,false
499,1990,15,3,3,"3","benetton","ford",62,1,false
499,1990,15,4,4,"4","williams","renault",54,-1,false
499,1990,15,5,5,"5","tyrrell","ford",16,0,false
499,1990,15,6,6,"6","lola","lamborghini",11,1,false
499,1990,15,7,7,"7","leyton-house","judd",7,-1,false
499,1990,15,8,8,"8","lotus","lamborghini",3,0,false
499,1990,15,9,9,"9","brabham","judd",2,0,false
499,1990,15,10,9,"9","arrows","ford",2,0,false
500,1990,16,1,1,"1","mclaren","honda",121,0,true
500,1990,16,2,2,"2","ferrari","ferrari",110,0,false
500,1990,16,3,3,"3","benetton","ford",71,0,false
500,1990,16,4,4,"4","williams","renault",57,0,false
500,1990,16,5,5,"5","tyrrell","ford",16,0,false
500,1990,16,6,6,"6","lola","lamborghini",11,0,false
500,1990,16,7,7,"7","leyton-house","judd",7,0,false
500,1990,16,8,8,"8","lotus","lamborghini",3,0,false
500,1990,16,9,9,"9","brabham","judd",2,0,false
500,1990,16,10,9,"9","arrows","ford",2,0,false
501,1991,1,1,1,"1","mclaren","honda",10,,false
501,1991,1,2,2,"2","ferrari","ferrari",6,,false
501,1991,1,3,3,"3","tyrrell","honda",5,,false
501,1991,1,4,4,"4","benetton","ford",4,,false
501,1991,1,5,5,"5","lola","ford",1,,false
502,1991,2,1,1,"1","mclaren","honda",24,0,false
502,1991,2,2,2,"2","ferrari","ferrari",10,0,false
502,1991,2,3,3,"3","williams","renault",6,3,false
502,1991,2,4,4,"4","benetton","ford",6,0,false
502,1991,2,5,5,"5","tyrrell","honda",5,-2,false
502,1991,2,6,6,"6","lola","ford",1,-1,false
503,1991,3,1,1,"1","mclaren","honda",40,0,false
503,1991,3,2,2,"2","ferrari","ferrari",10,0,false
503,1991,3,3,3,"3","williams","renault",6,0,false
503,1991,3,4,4,"4","benetton","ford",6,0,false
503,1991,3,5,5,"5","tyrrell","honda",5,0,false
503,1991,3,6,6,"6","dallara","judd",4,1,false
503,1991,3,7,7,"7","minardi","ferrari",3,0,false
503,1991,3,8,8,"8","lotus","judd",3,-1,false
503,1991,3,9,9,"9","lola","ford",1,-3,false
504,1991,4,1,1,"1","mclaren","honda",50,0,false
504,1991,4,2,2,"2","ferrari","ferrari",16,0,false
504,1991,4,3,3,"3","williams","renault",12,0,false
504,1991,4,4,4,"4","benetton","ford",9,0,false
504,1991,4,5,5,"5","dallara","judd",5,1,false
504,1991,4,6,6,"6","tyrrell","honda",5,-1,false
504,1991,4,7,7,"7","minardi","ferrari",3,0,false
504,1991,4,8,8,"8","lotus","judd",3,0,false
504,1991,4,9,9,"9","lola","ford",1,0,false
505,1991,5,1,1,"1","mclaren","honda",50,0,false
505,1991,5,2,2,"2","benetton","ford",19,2,false
505,1991,5,3,3,"3","williams","renault",17,0,false
505,1991,5,4,4,"4","ferrari","ferrari",16,-2,false
505,1991,5,5,5,"5","tyrrell","honda",11,1,false
505,1991,5,6,6,"6","dallara","judd",5,-1,false
505,1991,5,7,7,"7","jordan","ford",5,3,false
505,1991,5,8,8,"8","minardi","ferrari",3,-1,false
505,1991,5,9,9,"9","lotus","judd",3,-1,false
505,1991,5,10,10,"10","lola","ford",1,-1,false
506,1991,6,1,1,"1","mclaren","honda",54,0,false
506,1991,6,2,2,"2","williams","renault",33,1,false
506,1991,6,3,3,"3","benetton","ford",21,-1,false
506,1991,6,4,4,"4","ferrari","ferrari",16,0,false
506,1991,6,5,5,"5","tyrrell","honda",11,0,false
506,1991,6,6,6,"6","jordan","ford",8,1,false
506,1991,6,7,7,"7","dallara","judd",5,-1,false
506,1991,6,8,8,"8","minardi","ferrari",3,0,false
506,1991,6,9,9,"9","lotus","judd",3,0,false
506,1991,6,10,10,"10","lola","ford",2,0,false
507,1991,7,1,1,"1","mclaren","honda",58,0,false
507,1991,7,2,2,"2","williams","renault",45,0,false
507,1991,7,3,3,"3","ferrari","ferrari",25,1,false
507,1991,7,4,4,"4","benetton","ford",21,-1,false
507,1991,7,5,5,"5","tyrrell","honda",11,0,false
507,1991,7,6,6,"6","jordan","ford",9,0,false
507,1991,7,7,7,"7","dallara","judd",5,0,false
507,1991,7,8,8,"8","minardi","ferrari",3,0,false
507,1991,7,9,9,"9","lotus","judd",3,0,false
507,1991,7,10,10,"10","lola","ford",2,0,false
508,1991,8,1,1,"1","mclaren","honda",67,0,false
508,1991,8,2,2,"2","williams","renault",55,0,false
508,1991,8,3,3,"3","ferrari","ferrari",29,0,false
508,1991,8,4,4,"4","benetton","ford",23,0,false
508,1991,8,5,5,"5","tyrrell","honda",11,0,false
508,1991,8,6,6,"6","jordan","ford",10,0,false
508,1991,8,7,7,"7","dallara","judd",5,0,false
508,1991,8,8,8,"8","minardi","ferrari",3,0,false
508,1991,8,9,9,"9","lotus","judd",3,0,false
508,1991,8,10,10,"10","lola","ford",2,0,false
509,1991,9,1,1,"1","williams","renault",71,1,false
509,1991,9,2,2,"2","mclaren","honda",70,-1,false
509,1991,9,3,3,"3","ferrari","ferrari",33,0,false
509,1991,9,4,4,"4","benetton","ford",23,0,false
509,1991,9,5,5,"5","jordan","ford",13,1,false
509,1991,9,6,6,"6","tyrrell","honda",11,-1,false
509,1991,9,7,7,"7","dallara","judd",5,0,false
509,1991,9,8,8,"8","minardi","ferrari",3,0,false
509,1991,9,9,9,"9","lotus","judd",3,0,false
509,1991,9,10,10,"10","lola","ford",2,0,false
510,1991,10,1,1,"1","mclaren","honda",83,1,false
510,1991,10,2,2,"2","williams","renault",81,-1,false
510,1991,10,3,3,"3","ferrari","ferrari",35,0,false
510,1991,10,4,4,"4","benetton","ford",23,0,false
510,1991,10,5,5,"5","jordan","ford",13,0,false
510,1991,10,6,6,"6","tyrrell","honda",11,0,false
510,1991,10,7,7,"7","dallara","judd",5,0,false
510,1991,10,8,8,"8","minardi","ferrari",3,0,false
510,1991,10,9,9,"9","lotus","judd",3,0,false
510,1991,10,10,10,"10","lola","ford",2,0,false
510,1991,10,11,11,"11","leyton-house","ilmor",1,0,false
511,1991,11,1,1,"1","mclaren","honda",99,0,false
511,1991,11,2,2,"2","williams","renault",83,0,false
511,1991,11,3,3,"3","ferrari","ferrari",35,0,false
511,1991,11,4,4,"4","benetton","ford",30,0,false
511,1991,11,5,5,"5","jordan","ford",13,0,false
511,1991,11,6,6,"6","tyrrell","honda",11,0,false
511,1991,11,7,7,"7","dallara","judd",5,0,false
511,1991,11,8,8,"8","minardi","ferrari",3,0,false
511,1991,11,9,9,"9","lotus","judd",3,0,false
511,1991,11,10,10,"10","lola","ford",2,0,false
511,1991,11,11,11,"11","leyton-house","ilmor",1,0,false
511,1991,11,12,12,"12","brabham","yamaha",1,0,false
512,1991,12,1,1,"1","mclaren","honda",108,0,false
512,1991,12,2,2,"2","williams","renault",93,0,false
512,1991,12,3,3,"3","ferrari","ferrari",39,0,false
512,1991,12,4,4,"4","benetton","ford",33,0,false
512,1991,12,5,5,"5","jordan","ford",13,0,false
512,1991,12,6,6,"6","tyrrell","honda",11,0,false
512,1991,12,7,7,"7","dallara","judd",5,0,false
512,1991,12,8,8,"8","minardi","ferrari",3,0,false
512,1991,12,9,9,"9","lotus","judd",3,0,false
512,1991,12,10,10,"10","lola","ford",2,0,false
512,1991,12,11,11,"11","leyton-house","ilmor",1,0,false
512,1991,12,12,11,"11","brabham","yamaha",1,1,false
513,1991,13,1,1,"1","mclaren","honda",114,0,false
513,1991,13,2,2,"2","williams","renault",103,0,false
513,1991,13,3,3,"3","ferrari","ferrari",43,0,false
513,1991,13,4,4,"4","benetton","ford",36,0,false
513,1991,13,5,5,"5","jordan","ford",13,0,false
513,1991,13,6,6,"6","tyrrell","honda",11,0,false
513,1991,13,7,7,"7","minardi","ferrari",6,1,false
513,1991,13,8,8,"8","dallara","judd",5,-1,false
513,1991,13,9,9,"9","lotus","judd",3,0,false
513,1991,13,10,10,"10","lola","ford",2,0,false
513,1991,13,11,11,"11","leyton-house","ilmor",1,0,false
513,1991,13,12,11,"11","brabham","yamaha",1,0,false
514,1991,14,1,1,"1","williams","renault",117,1,false
514,1991,14,2,2,"2","mclaren","honda",116,-1,false
514,1991,14,3,3,"3","ferrari","ferrari",52,0,false
514,1991,14,4,4,"4","benetton","ford",37,0,false
514,1991,14,5,5,"5","jordan","ford",13,0,false
514,1991,14,6,6,"6","tyrrell","honda",11,0,false
514,1991,14,7,7,"7","minardi","ferrari",6,0,false
514,1991,14,8,8,"8","dallara","judd",5,0,false
514,1991,14,9,9,"9","lotus","judd",3,0,false
514,1991,14,10,10,"10","lola","ford",2,0,false
514,1991,14,11,11,"11","leyton-house","ilmor",1,0,false
514,1991,14,12,11,"11","brabham","yamaha",1,0,false
515,1991,15,1,1,"1","mclaren","honda",132,1,false
515,1991,15,2,2,"2","williams","renault",121,-1,false
515,1991,15,3,3,"3","ferrari","ferrari",55,0,false
515,1991,15,4,4,"4","benetton","ford",37,0,false
515,1991,15,5,5,"5","jordan","ford",13,0,false
515,1991,15,6,6,"6","tyrrell","honda",12,0,false
515,1991,15,7,7,"7","minardi","ferrari",6,0,false
515,1991,15,8,8,"8","dallara","judd",5,0,false
515,1991,15,9,9,"9","lotus","judd",3,0,false
515,1991,15,10,10,"10","brabham","yamaha",3,1,false
515,1991,15,11,11,"11","lola","ford",2,-1,false
515,1991,15,12,12,"12","leyton-house","ilmor",1,-1,false
516,1991,16,1,1,"1","mclaren","honda",139,0,true
516,1991,16,2,2,"2","williams","renault",125,0,false
516,1991,16,3,3,"3","ferrari","ferrari",55.5,0,false
516,1991,16,4,4,"4","benetton","ford",38.5,0,false
516,1991,16,5,5,"5","jordan","ford",13,0,false
516,1991,16,6,6,"6","tyrrell","honda",12,0,false
516,1991,16,7,7,"7","minardi","ferrari",6,0,false
516,1991,16,8,8,"8","dallara","judd",5,0,false
516,1991,16,9,9,"9","lotus","judd",3,0,false
516,1991,16,10,10,"10","brabham","yamaha",3,0,false
516,1991,16,11,11,"11","lola","ford",2,0,false
516,1991,16,12,12,"12","leyton-house","ilmor",1,0,false
517,1992,1,1,1,"1","williams","renault",16,,false
517,1992,1,2,2,"2","mclaren","honda",6,,false
517,1992,1,3,3,"3","benetton","ford",3,,false
517,1992,1,4,4,"4","lotus","ford",1,,false
518,1992,2,1,1,"1","williams","renault",32,0,false
518,1992,2,2,2,"2","mclaren","honda",9,0,false
518,1992,2,3,3,"3","benetton","ford",7,0,false
518,1992,2,4,4,"4","tyrrell","ilmor",2,1,false
518,1992,2,5,5,"5","lotus","ford",2,-1,false
519,1992,3,1,1,"1","williams","renault",48,0,false
519,1992,3,2,2,"2","benetton","ford",11,1,false
519,1992,3,3,3,"3","mclaren","honda",9,-1,false
519,1992,3,4,4,"4","ferrari","ferrari",5,2,false
519,1992,3,5,5,"5","tyrrell","ilmor",2,-1,false
519,1992,3,6,6,"6","lotus","ford",2,-1,false
519,1992,3,7,7,"7","footwork","mugen-honda",1,-1,false
520,1992,4,1,1,"1","williams","renault",58,0,false
520,1992,4,2,2,"2","benetton","ford",17,0,false
520,1992,4,3,3,"3","mclaren","honda",12,0,false
520,1992,4,4,4,"4","ferrari","ferrari",9,0,false
520,1992,4,5,5,"5","footwork","mugen-honda",3,2,false
520,1992,4,6,6,"6","tyrrell","ilmor",2,-1,false
520,1992,4,7,7,"7","lotus","ford",2,-1,false
520,1992,4,8,8,"8","dallara","ferrari",1,0,false
521,1992,5,1,1,"1","williams","renault",74,0,false
521,1992,5,2,2,"2","benetton","ford",20,0,false
521,1992,5,3,3,"3","mclaren","honda",16,0,false
521,1992,5,4,4,"4","ferrari","ferrari",9,0,false
521,1992,5,5,5,"5","footwork","mugen-honda",5,0,false
521,1992,5,6,6,"6","tyrrell","ilmor",2,0,false
521,1992,5,7,7,"7","lotus","ford",2,0,false
521,1992,5,8,7,"7","dallara","ferrari",2,1,false
522,1992,6,1,1,"1","williams","renault",84,0,false
522,1992,6,2,2,"2","mclaren","honda",26,1,false
522,1992,6,3,3,"3","benetton","ford",25,-1,false
522,1992,6,4,4,"4","ferrari","ferrari",9,0,false
522,1992,6,5,5,"5","footwork","mugen-honda",5,0,false
522,1992,6,6,6,"6","tyrrell","ilmor",2,0,false
522,1992,6,7,7,"7","lotus","ford",2,0,false
522,1992,6,8,7,"7","dallara","ferrari",2,0,false
522,1992,6,9,9,"9","venturi","lamborghini",1,0,false
523,1992,7,1,1,"1","williams","renault",84,0,false
523,1992,7,2,2,"2","mclaren","honda",36,0,false
523,1992,7,3,3,"3","benetton","ford",31,0,false
523,1992,7,4,4,"4","ferrari","ferrari",13,0,false
523,1992,7,5,5,"5","footwork","mugen-honda",5,0,false
523,1992,7,6,6,"6","tyrrell","ilmor",4,0,false
523,1992,7,7,7,"7","march","ilmor",3,3,false
523,1992,7,8,8,"8","lotus","ford",2,-1,false
523,1992,7,9,8,"8","dallara","ferrari",2,-1,false
523,1992,7,10,10,"10","venturi","lamborghini",1,-1,false
523,1992,7,11,10,"10","ligier","renault",1,0,false
524,1992,8,1,1,"1","williams","renault",100,0,false
524,1992,8,2,2,"2","mclaren","honda",36,0,false
524,1992,8,3,3,"3","benetton","ford",35,0,false
524,1992,8,4,4,"4","ferrari","ferrari",13,0,false
524,1992,8,5,5,"5","lotus","ford",6,3,false
524,1992,8,6,6,"6","footwork","mugen-honda",5,-1,false
524,1992,8,7,7,"7","tyrrell","ilmor",4,-1,false
524,1992,8,8,8,"8","march","ilmor",3,-1,false
524,1992,8,9,9,"9","ligier","renault",3,1,false
524,1992,8,10,10,"10","dallara","ferrari",2,-2,false
524,1992,8,11,11,"11","venturi","lamborghini",1,-1,false
525,1992,9,1,1,"1","williams","renault",116,0,false
525,1992,9,2,2,"2","benetton","ford",42,1,false
525,1992,9,3,3,"3","mclaren","honda",38,-1,false
525,1992,9,4,4,"4","ferrari","ferrari",13,0,false
525,1992,9,5,5,"5","lotus","ford",7,0,false
525,1992,9,6,6,"6","footwork","mugen-honda",5,0,false
525,1992,9,7,7,"7","tyrrell","ilmor",4,0,false
525,1992,9,8,8,"8","march","ilmor",3,0,false
525,1992,9,9,9,"9","ligier","renault",3,0,false
525,1992,9,10,10,"10","dallara","ferrari",2,0,false
525,1992,9,11,11,"11","venturi","lamborghini",1,0,false
526,1992,10,1,1,"1","williams","renault",126,0,false
526,1992,10,2,2,"2","benetton","ford",49,0,false
526,1992,10,3,3,"3","mclaren","honda",44,0,false
526,1992,10,4,4,"4","ferrari","ferrari",15,0,false
526,1992,10,5,5,"5","lotus","ford",7,0,false
526,1992,10,6,6,"6","footwork","mugen-honda",5,0,false
526,1992,10,7,7,"7","tyrrell","ilmor",4,0,false
526,1992,10,8,8,"8","ligier","renault",4,1,false
526,1992,10,9,9,"9","march","ilmor",3,-1,false
526,1992,10,10,10,"10","dallara","ferrari",2,0,false
526,1992,10,11,11,"11","venturi","lamborghini",1,0,false
527,1992,11,1,1,"1","williams","renault",132,0,false
527,1992,11,2,2,"2","mclaren","honda",58,1,false
527,1992,11,3,3,"3","benetton","ford",51,-1,false
527,1992,11,4,4,"4","ferrari","ferrari",16,0,false
527,1992,11,5,5,"5","lotus","ford",10,0,false
527,1992,11,6,6,"6","footwork","mugen-honda",5,0,false
527,1992,11,7,7,"7","tyrrell","ilmor",4,0,false
527,1992,11,8,8,"8","ligier","renault",4,0,false
527,1992,11,9,9,"9","march","ilmor",3,0,false
527,1992,11,10,10,"10","dallara","ferrari",2,0,false
527,1992,11,11,11,"11","venturi","lamborghini",1,0,false
528,1992,12,1,1,"1","williams","renault",142,0,true
528,1992,12,2,2,"2","benetton","ford",64,1,false
528,1992,12,3,3,"3","mclaren","honda",60,-1,false
528,1992,12,4,4,"4","ferrari","ferrari",16,0,false
528,1992,12,5,5,"5","lotus","ford",11,0,false
528,1992,12,6,6,"6","footwork","mugen-honda",5,0,false
528,1992,12,7,7,"7","tyrrell","ilmor",4,0,false
528,1992,12,8,8,"8","ligier","renault",4,0,false
528,1992,12,9,9,"9","march","ilmor",3,0,false
528,1992,12,10,10,"10","dallara","ferrari",2,0,false
528,1992,12,11,11,"11","venturi","lamborghini",1,0,false
529,1992,13,1,1,"1","williams","renault",144,0,true
529,1992,13,2,2,"2","benetton","ford",74,0,false
529,1992,13,3,3,"3","mclaren","honda",73,0,false
529,1992,13,4,4,"4","ferrari","ferrari",16,0,false
529,1992,13,5,5,"5","lotus","ford",11,0,false
529,1992,13,6,6,"6","footwork","mugen-honda",5,0,false
529,1992,13,7,6,"6","tyrrell","ilmor",5,1,false
529,1992,13,8,8,"8","ligier","renault",4,0,false
529,1992,13,9,9,"9","march","ilmor",3,0,false
529,1992,13,10,10,"10","dallara","ferrari",2,0,false
529,1992,13,11,11,"11","venturi","lamborghini",1,0,false
530,1992,14,1,1,"1","williams","renault",154,0,true
530,1992,14,2,2,"2","mclaren","honda",83,1,false
530,1992,14,3,3,"3","benetton","ford",77,-1,false
530,1992,14,4,4,"4","ferrari","ferrari",16,0,false
530,1992,14,5,5,"5","lotus","ford",13,0,false
530,1992,14,6,6,"6","footwork","mugen-honda",6,0,false
530,1992,14,7,7,"7","tyrrell","ilmor",5,-1,false
530,1992,14,8,8,"8","ligier","renault",4,0,false
530,1992,14,9,9,"9","march","ilmor",3,0,false
530,1992,14,10,10,"10","dallara","ferrari",2,0,false
530,1992,14,11,11,"11","venturi","lamborghini",1,0,false
531,1992,15,1,1,"1","williams","renault",164,0,true
531,1992,15,2,2,"2","mclaren","honda",89,0,false
531,1992,15,3,3,"3","benetton","ford",81,0,false
531,1992,15,4,4,"4","ferrari","ferrari",18,0,false
531,1992,15,5,5,"5","lotus","ford",13,0,false
531,1992,15,6,6,"6","tyrrell","ilmor",8,1,false
531,1992,15,7,7,"7","footwork","mugen-honda",6,-1,false
531,1992,15,8,8,"8","ligier","renault",4,0,false
531,1992,15,9,9,"9","march","ilmor",3,0,false
531,1992,15,10,10,"10","dallara","ferrari",2,0,false
531,1992,15,11,11,"11","venturi","lamborghini",1,0,false
531,1992,15,12,11,"11","minardi","lamborghini",1,1,false
532,1992,16,1,1,"1","williams","renault",164,0,true
532,1992,16,2,2,"2","mclaren","honda",99,0,false
532,1992,16,3,3,"3","benetton","ford",91,0,false
532,1992,16,4,4,"4","ferrari","ferrari",21,0,false
532,1992,16,5,5,"5","lotus","ford",13,0,false
532,1992,16,6,6,"6","tyrrell","ilmor",8,0,false
532,1992,16,7,7,"7","footwork","mugen-honda",6,0,false
532,1992,16,8,7,"7","ligier","renault",6,1,false
532,1992,16,9,9,"9","march","ilmor",3,0,false
532,1992,16,10,10,"10","dallara","ferrari",2,0,false
532,1992,16,11,11,"11","venturi","lamborghini",1,0,false
532,1992,16,12,11,"11","minardi","lamborghini",1,0,false
532,1992,16,13,11,"11","jordan","yamaha",1,2,false
533,1993,1,1,1,"1","williams","renault",10,,false
533,1993,1,2,2,"2","mclaren","ford",6,,false
533,1993,1,3,3,"3","ligier","renault",4,,false
533,1993,1,4,4,"4","minardi","ford",3,,false
533,1993,1,5,5,"5","sauber","sauber",2,,false
533,1993,1,6,6,"6","ferrari","ferrari",1,,false
534,1993,2,1,1,"1","williams","renault",16,0,false
534,1993,2,2,1,"1","mclaren","ford",16,1,false
534,1993,2,3,3,"3","ligier","renault",6,0,false
534,1993,2,4,4,"4","benetton","ford",4,3,false
534,1993,2,5,5,"5","lotus","ford",4,2,false
534,1993,2,6,6,"6","minardi","ford",3,-2,false
534,1993,2,7,7,"7","sauber","sauber",2,-2,false
534,1993,2,8,8,"8","ferrari","ferrari",1,-2,false
535,1993,3,1,1,"1","mclaren","ford",26,0,false
535,1993,3,2,2,"2","williams","renault",26,-1,false
535,1993,3,3,3,"3","lotus","ford",7,2,false
535,1993,3,4,4,"4","ligier","renault",6,-1,false
535,1993,3,5,5,"5","benetton","ford",6,-1,false
535,1993,3,6,6,"6","minardi","ford",4,0,false
535,1993,3,7,7,"7","sauber","sauber",2,0,false
535,1993,3,8,8,"8","ferrari","ferrari",1,0,false
536,1993,4,1,1,"1","williams","renault",36,1,false
536,1993,4,2,2,"2","mclaren","ford",26,-1,false
536,1993,4,3,3,"3","benetton","ford",12,2,false
536,1993,4,4,4,"4","ligier","renault",10,0,false
536,1993,4,5,5,"5","lotus","ford",7,-2,false
536,1993,4,6,6,"6","sauber","sauber",5,1,false
536,1993,4,7,7,"7","minardi","ford",5,-1,false
536,1993,4,8,8,"8","larrousse","lamborghini",2,1,false
536,1993,4,9,9,"9","ferrari","ferrari",1,-1,false
537,1993,5,1,1,"1","williams","renault",46,0,false
537,1993,5,2,2,"2","mclaren","ford",34,0,false
537,1993,5,3,3,"3","benetton","ford",19,0,false
537,1993,5,4,4,"4","ligier","renault",10,0,false
537,1993,5,5,5,"5","lotus","ford",7,0,false
537,1993,5,6,6,"6","sauber","sauber",5,0,false
537,1993,5,7,7,"7","minardi","ford",5,0,false
537,1993,5,8,8,"8","larrousse","lamborghini",2,0,false
537,1993,5,9,9,"9","ferrari","ferrari",2,0,false
538,1993,6,1,1,"1","williams","renault",55,0,false
538,1993,6,2,2,"2","mclaren","ford",44,0,false
538,1993,6,3,3,"3","benetton","ford",19,0,false
538,1993,6,4,4,"4","ligier","renault",11,0,false
538,1993,6,5,5,"5","lotus","ford",7,0,false
538,1993,6,6,6,"6","minardi","ford",7,1,false
538,1993,6,7,7,"7","ferrari","ferrari",6,2,false
538,1993,6,8,8,"8","sauber","sauber",5,-2,false
538,1993,6,9,9,"9","larrousse","lamborghini",2,-1,false
539,1993,7,1,1,"1","williams","renault",69,0,false
539,1993,7,2,2,"2","mclaren","ford",44,0,false
539,1993,7,3,3,"3","benetton","ford",25,0,false
539,1993,7,4,4,"4","ligier","renault",13,0,false
539,1993,7,5,5,"5","ferrari","ferrari",9,2,false
539,1993,7,6,6,"6","lotus","ford",7,-1,false
539,1993,7,7,7,"7","minardi","ford",7,-1,false
539,1993,7,8,8,"8","sauber","sauber",6,0,false
539,1993,7,9,9,"9","larrousse","lamborghini",2,0,false
540,1993,8,1,1,"1","williams","renault",85,0,false
540,1993,8,2,2,"2","mclaren","ford",48,0,false
540,1993,8,3,3,"3","benetton","ford",29,0,false
540,1993,8,4,4,"4","ligier","renault",15,0,false
540,1993,8,5,5,"5","ferrari","ferrari",9,0,false
540,1993,8,6,6,"6","lotus","ford",7,0,false
540,1993,8,7,7,"7","minardi","ford",7,0,false
540,1993,8,8,8,"8","sauber","sauber",6,0,false
540,1993,8,9,9,"9","larrousse","lamborghini",2,0,false
541,1993,9,1,1,"1","williams","renault",95,0,false
541,1993,9,2,2,"2","mclaren","ford",50,0,false
541,1993,9,3,3,"3","benetton","ford",39,0,false
541,1993,9,4,4,"4","ligier","renault",15,0,false
541,1993,9,5,5,"5","lotus","ford",10,1,false
541,1993,9,6,6,"6","ferrari","ferrari",9,-1,false
541,1993,9,7,7,"7","minardi","ford",7,0,false
541,1993,9,8,8,"8","sauber","sauber",6,0,false
541,1993,9,9,9,"9","larrousse","lamborghini",2,0,false
541,1993,9,10,10,"10","footwork","mugen-honda",1,0,false
542,1993,10,1,1,"1","williams","renault",105,0,false
542,1993,10,2,2,"2","mclaren","ford",53,0,false
542,1993,10,3,3,"3","benetton","ford",47,0,false
542,1993,10,4,4,"4","ligier","renault",19,0,false
542,1993,10,5,5,"5","ferrari","ferrari",10,1,false
542,1993,10,6,6,"6","lotus","ford",10,-1,false
542,1993,10,7,7,"7","minardi","ford",7,0,false
542,1993,10,8,8,"8","sauber","sauber",6,0,false
542,1993,10,9,9,"9","larrousse","lamborghini",2,0,false
542,1993,10,10,10,"10","footwork","mugen-honda",1,0,false
543,1993,11,1,1,"1","williams","renault",115,0,false
543,1993,11,2,2,"2","mclaren","ford",53,0,false
543,1993,11,3,3,"3","benetton","ford",53,0,false
543,1993,11,4,4,"4","ligier","renault",21,0,false
543,1993,11,5,5,"5","ferrari","ferrari",14,0,false
543,1993,11,6,6,"6","lotus","ford",10,0,false
543,1993,11,7,7,"7","minardi","ford",7,0,false
543,1993,11,8,8,"8","sauber","sauber",7,0,false
543,1993,11,9,9,"9","footwork","mugen-honda",4,1,false
543,1993,11,10,10,"10","larrousse","lamborghini",2,-1,false
544,1993,12,1,1,"1","williams","renault",129,0,true
544,1993,12,2,2,"2","benetton","ford",60,1,false
544,1993,12,3,3,"3","mclaren","ford",56,-1,false
544,1993,12,4,4,"4","ligier","renault",21,0,false
544,1993,12,5,5,"5","ferrari","ferrari",14,0,false
544,1993,12,6,6,"6","lotus","ford",12,0,false
544,1993,12,7,7,"7","minardi","ford",7,0,false
544,1993,12,8,7,"7","sauber","sauber",7,1,false
544,1993,12,9,9,"9","footwork","mugen-honda",4,0,false
544,1993,12,10,10,"10","larrousse","lamborghini",2,0,false
545,1993,13,1,1,"1","williams","renault",139,0,true
545,1993,13,2,2,"2","benetton","ford",62,0,false
545,1993,13,3,3,"3","mclaren","ford",60,0,false
545,1993,13,4,4,"4","ligier","renault",21,0,false
545,1993,13,5,5,"5","ferrari","ferrari",20,0,false
545,1993,13,6,6,"6","lotus","ford",12,0,false
545,1993,13,7,7,"7","sauber","sauber",10,0,false
545,1993,13,8,8,"8","minardi","ford",7,-1,false
545,1993,13,9,9,"9","footwork","mugen-honda",4,0,false
545,1993,13,10,10,"10","larrousse","lamborghini",3,0,false
546,1993,14,1,1,"1","williams","renault",149,0,true
546,1993,14,2,2,"2","benetton","ford",72,0,false
546,1993,14,3,3,"3","mclaren","ford",60,0,false
546,1993,14,4,4,"4","ferrari","ferrari",23,1,false
546,1993,14,5,5,"5","ligier","renault",22,-1,false
546,1993,14,6,6,"6","lotus","ford",12,0,false
546,1993,14,7,7,"7","sauber","sauber",12,0,false
546,1993,14,8,8,"8","minardi","ford",7,0,false
546,1993,14,9,9,"9","footwork","mugen-honda",4,0,false
546,1993,14,10,10,"10","larrousse","lamborghini",3,0,false
547,1993,15,1,1,"1","williams","renault",158,0,true
547,1993,15,2,2,"2","mclaren","ford",74,1,false
547,1993,15,3,3,"3","benetton","ford",72,-1,false
547,1993,15,4,4,"4","ferrari","ferrari",23,0,false
547,1993,15,5,5,"5","ligier","renault",22,0,false
547,1993,15,6,6,"6","lotus","ford",12,0,false
547,1993,15,7,7,"7","sauber","sauber",12,0,false
547,1993,15,8,8,"8","minardi","ford",7,0,false
547,1993,15,9,9,"9","footwork","mugen-honda",4,0,false
547,1993,15,10,10,"10","larrousse","lamborghini",3,0,false
547,1993,15,11,10,"10","jordan","hart",3,1,false
548,1993,16,1,1,"1","williams","renault",168,0,true
548,1993,16,2,2,"2","mclaren","ford",84,0,false
548,1993,16,3,3,"3","benetton","ford",72,0,false
548,1993,16,4,4,"4","ferrari","ferrari",28,0,false
548,1993,16,5,5,"5","ligier","renault",23,0,false
548,1993,16,6,6,"6","lotus","ford",12,0,false
548,1993,16,7,7,"7","sauber","sauber",12,0,false
548,1993,16,8,8,"8","minardi","ford",7,0,false
548,1993,16,9,9,"9","footwork","mugen-honda",4,0,false
548,1993,16,10,10,"10","larrousse","lamborghini",3,0,false
548,1993,16,11,10,"10","jordan","hart",3,0,false
549,1994,1,1,1,"1","benetton","ford",10,,false
549,1994,1,2,2,"2","williams","renault",6,,false
549,1994,1,3,3,"3","ferrari","ferrari",4,,false
549,1994,1,4,4,"4","jordan","hart",3,,false
549,1994,1,5,5,"5","tyrrell","yamaha",2,,false
549,1994,1,6,6,"6","sauber","mercedes",1,,false
550,1994,2,1,1,"1","benetton","ford",20,0,false
550,1994,2,2,2,"2","ferrari","ferrari",10,1,false
550,1994,2,3,3,"3","jordan","hart",7,1,false
550,1994,2,4,4,"4","williams","renault",6,-2,false
550,1994,2,5,5,"5","footwork","ford",3,2,false
550,1994,2,6,6,"6","sauber","mercedes",3,0,false
550,1994,2,7,7,"7","tyrrell","yamaha",2,-2,false
550,1994,2,8,8,"8","larrousse","ford",1,-1,false
551,1994,3,1,1,"1","benetton","ford",30,0,false
551,1994,3,2,2,"2","ferrari","ferrari",16,0,false
551,1994,3,3,3,"3","williams","renault",7,1,false
551,1994,3,4,4,"4","jordan","hart",7,-1,false
551,1994,3,5,5,"5","sauber","mercedes",6,1,false
551,1994,3,6,6,"6","mclaren","peugeot",4,3,false
551,1994,3,7,7,"7","tyrrell","yamaha",4,0,false
551,1994,3,8,8,"8","footwork","ford",3,-3,false
551,1994,3,9,9,"9","larrousse","ford",1,-1,false
552,1994,4,1,1,"1","benetton","ford",40,0,false
552,1994,4,2,2,"2","ferrari","ferrari",22,0,false
552,1994,4,3,3,"3","mclaren","peugeot",10,3,false
552,1994,4,4,4,"4","jordan","hart",10,0,false
552,1994,4,5,5,"5","williams","renault",7,-2,false
552,1994,4,6,6,"6","sauber","mercedes",6,-1,false
552,1994,4,7,7,"7","tyrrell","yamaha",4,0,false
552,1994,4,8,8,"8","footwork","ford",3,0,false
552,1994,4,9,9,"9","larrousse","ford",1,0,false
552,1994,4,10,9,"9","minardi","ford",1,1,false
553,1994,5,1,1,"1","benetton","ford",46,0,false
553,1994,5,2,2,"2","ferrari","ferrari",25,0,false
553,1994,5,3,3,"3","williams","renault",17,2,false
553,1994,5,4,4,"4","jordan","hart",11,0,false
553,1994,5,5,5,"5","mclaren","peugeot",10,-2,false
553,1994,5,6,6,"6","tyrrell","yamaha",8,1,false
553,1994,5,7,7,"7","sauber","mercedes",6,-1,false
553,1994,5,8,8,"8","footwork","ford",3,0,false
553,1994,5,9,9,"9","minardi","ford",3,0,false
553,1994,5,10,10,"10","larrousse","ford",1,-1,false
554,1994,6,1,1,"1","benetton","ford",57,0,false
554,1994,6,2,2,"2","ferrari","ferrari",32,0,false
554,1994,6,3,3,"3","williams","renault",25,0,false
554,1994,6,4,4,"4","jordan","hart",11,0,false
554,1994,6,5,5,"5","mclaren","peugeot",10,0,false
554,1994,6,6,6,"6","tyrrell","yamaha",8,0,false
554,1994,6,7,7,"7","sauber","mercedes",6,0,false
554,1994,6,8,8,"8","footwork","ford",3,0,false
554,1994,6,9,9,"9","minardi","ford",3,0,false
554,1994,6,10,10,"10","larrousse","ford",1,0,false
555,1994,7,1,1,"1","benetton","ford",67,0,false
555,1994,7,2,2,"2","ferrari","ferrari",36,0,false
555,1994,7,3,3,"3","williams","renault",31,0,false
555,1994,7,4,4,"4","jordan","hart",11,0,false
555,1994,7,5,5,"5","mclaren","peugeot",10,0,false
555,1994,7,6,6,"6","sauber","mercedes",10,1,false
555,1994,7,7,7,"7","tyrrell","yamaha",8,-1,false
555,1994,7,8,8,"8","minardi","ford",5,1,false
555,1994,7,9,9,"9","footwork","ford",3,-1,false
555,1994,7,10,10,"10","larrousse","ford",1,0,false
556,1994,8,1,1,"1","benetton","ford",67,0,false
556,1994,8,2,2,"2","williams","renault",43,1,false
556,1994,8,3,3,"3","ferrari","ferrari",42,-1,false
556,1994,8,4,4,"4","mclaren","peugeot",14,1,false
556,1994,8,5,5,"5","jordan","hart",14,-1,false
556,1994,8,6,6,"6","sauber","mercedes",10,0,false
556,1994,8,7,7,"7","tyrrell","yamaha",9,0,false
556,1994,8,8,8,"8","minardi","ford",5,0,false
556,1994,8,9,9,"9","footwork","ford",3,0,false
556,1994,8,10,10,"10","larrousse","ford",1,0,false
557,1994,9,1,1,"1","benetton","ford",67,0,false
557,1994,9,2,2,"2","ferrari","ferrari",52,1,false
557,1994,9,3,3,"3","williams","renault",43,-1,false
557,1994,9,4,4,"4","mclaren","peugeot",14,0,false
557,1994,9,5,5,"5","jordan","hart",14,0,false
557,1994,9,6,6,"6","ligier","renault",10,5,false
557,1994,9,7,7,"7","sauber","mercedes",10,-1,false
557,1994,9,8,8,"8","tyrrell","yamaha",9,-1,false
557,1994,9,9,9,"9","footwork","ford",8,0,false
557,1994,9,10,10,"10","minardi","ford",5,-2,false
557,1994,9,11,11,"11","larrousse","ford",2,-1,false
558,1994,10,1,1,"1","benetton","ford",81,0,false
558,1994,10,2,2,"2","ferrari","ferrari",52,0,false
558,1994,10,3,3,"3","williams","renault",49,0,false
558,1994,10,4,4,"4","mclaren","peugeot",17,0,false
558,1994,10,5,5,"5","jordan","hart",14,0,false
558,1994,10,6,6,"6","ligier","renault",11,0,false
558,1994,10,7,7,"7","tyrrell","yamaha",11,1,false
558,1994,10,8,8,"8","sauber","mercedes",10,-1,false
558,1994,10,9,9,"9","footwork","ford",8,0,false
558,1994,10,10,10,"10","minardi","ford",5,0,false
558,1994,10,11,11,"11","larrousse","ford",2,0,false
559,1994,11,1,1,"1","benetton","ford",85,0,false
559,1994,11,2,2,"2","williams","renault",62,1,false
559,1994,11,3,3,"3","ferrari","ferrari",52,-1,false
559,1994,11,4,4,"4","mclaren","peugeot",23,0,false
559,1994,11,5,5,"5","jordan","hart",14,0,false
559,1994,11,6,6,"6","tyrrell","yamaha",13,1,false
559,1994,11,7,7,"7","ligier","renault",11,-1,false
559,1994,11,8,8,"8","sauber","mercedes",10,0,false
559,1994,11,9,9,"9","footwork","ford",9,0,false
559,1994,11,10,10,"10","minardi","ford",5,0,false
559,1994,11,11,11,"11","larrousse","ford",2,0,false
560,1994,12,1,1,"1","benetton","ford",85,0,false
560,1994,12,2,2,"2","williams","renault",73,0,false
560,1994,12,3,3,"3","ferrari","ferrari",58,0,false
560,1994,12,4,4,"4","mclaren","peugeot",29,0,false
560,1994,12,5,5,"5","jordan","hart",17,0,false
560,1994,12,6,6,"6","tyrrell","yamaha",13,0,false
560,1994,12,7,7,"7","ligier","renault",11,0,false
560,1994,12,8,8,"8","sauber","mercedes",10,0,false
560,1994,12,9,9,"9","footwork","ford",9,0,false
560,1994,12,10,10,"10","minardi","ford",5,0,false
560,1994,12,11,11,"11","larrousse","ford",2,0,false
561,1994,13,1,1,"1","williams","renault",89,1,false
561,1994,13,2,2,"2","benetton","ford",87,-1,false
561,1994,13,3,3,"3","ferrari","ferrari",58,0,false
561,1994,13,4,4,"4","mclaren","peugeot",34,0,false
561,1994,13,5,5,"5","jordan","hart",20,0,false
561,1994,13,6,6,"6","tyrrell","yamaha",13,0,false
561,1994,13,7,7,"7","ligier","renault",11,0,false
561,1994,13,8,8,"8","sauber","mercedes",10,0,false
561,1994,13,9,9,"9","footwork","ford",9,0,false
561,1994,13,10,10,"10","minardi","ford",5,0,false
561,1994,13,11,11,"11","larrousse","ford",2,0,false
562,1994,14,1,1,"1","benetton","ford",97,1,false
562,1994,14,2,2,"2","williams","renault",95,-1,false
562,1994,14,3,3,"3","ferrari","ferrari",60,0,false
562,1994,14,4,4,"4","mclaren","peugeot",38,0,false
562,1994,14,5,5,"5","jordan","hart",23,0,false
562,1994,14,6,6,"6","tyrrell","yamaha",13,0,false
562,1994,14,7,7,"7","ligier","renault",11,0,false
562,1994,14,8,8,"8","sauber","mercedes",11,0,false
562,1994,14,9,9,"9","footwork","ford",9,0,false
562,1994,14,10,10,"10","minardi","ford",5,0,false
562,1994,14,11,11,"11","larrousse","ford",2,0,false
563,1994,15,1,1,"1","williams","renault",108,1,false
563,1994,15,2,2,"2","benetton","ford",103,-1,false
563,1994,15,3,3,"3","ferrari","ferrari",64,0,false
563,1994,15,4,4,"4","mclaren","peugeot",38,0,false
563,1994,15,5,5,"5","jordan","hart",25,0,false
563,1994,15,6,6,"6","tyrrell","yamaha",13,0,false
563,1994,15,7,7,"7","sauber","mercedes",12,1,false
563,1994,15,8,8,"8","ligier","renault",11,-1,false
563,1994,15,9,9,"9","footwork","ford",9,0,false
563,1994,15,10,10,"10","minardi","ford",5,0,false
563,1994,15,11,11,"11","larrousse","ford",2,0,false
564,1994,16,1,1,"1","williams","renault",118,0,true
564,1994,16,2,2,"2","benetton","ford",103,0,false
564,1994,16,3,3,"3","ferrari","ferrari",71,0,false
564,1994,16,4,4,"4","mclaren","peugeot",42,0,false
564,1994,16,5,5,"5","jordan","hart",28,0,false
564,1994,16,6,6,"6","ligier","renault",13,2,false
564,1994,16,7,7,"7","tyrrell","yamaha",13,-1,false
564,1994,16,8,8,"8","sauber","mercedes",12,-1,false
564,1994,16,9,9,"9","footwork","ford",9,0,false
564,1994,16,10,10,"10","minardi","ford",5,0,false
564,1994,16,11,11,"11","larrousse","ford",2,0,false
565,1995,1,1,1,"1","ferrari","ferrari",6,,false
565,1995,1,2,2,"2","mclaren","mercedes",4,,false
566,1995,2,1,1,"1","ferrari","ferrari",13,0,false
566,1995,2,2,2,"2","williams","renault",10,1,false
566,1995,2,3,3,"3","benetton","renault",7,0,false
566,1995,2,4,4,"4","mclaren","mercedes",4,-2,false
566,1995,2,5,5,"5","sauber","ford",2,-2,false
567,1995,3,1,1,"1","williams","renault",23,1,false
567,1995,3,2,2,"2","ferrari","ferrari",23,-1,false
567,1995,3,3,3,"3","benetton","renault",7,0,false
567,1995,3,4,4,"4","mclaren","mercedes",6,0,false
567,1995,3,5,5,"5","sauber","ford",3,0,false
568,1995,4,1,1,"1","ferrari","ferrari",27,1,false
568,1995,4,2,2,"2","williams","renault",26,-1,false
568,1995,4,3,3,"3","benetton","renault",23,0,false
568,1995,4,4,4,"4","mclaren","mercedes",6,0,false
568,1995,4,5,5,"5","sauber","ford",3,0,false
568,1995,4,6,6,"6","jordan","peugeot",2,0,false
568,1995,4,7,7,"7","ligier","mugen-honda",1,-1,false
569,1995,5,1,1,"1","benetton","renault",36,2,false
569,1995,5,2,2,"2","williams","renault",32,0,false
569,1995,5,3,3,"3","ferrari","ferrari",31,-2,false
569,1995,5,4,4,"4","mclaren","mercedes",8,0,false
569,1995,5,5,5,"5","sauber","ford",4,0,false
569,1995,5,6,6,"6","jordan","peugeot",2,0,false
569,1995,5,7,7,"7","ligier","mugen-honda",1,0,false
570,1995,6,1,1,"1","ferrari","ferrari",41,2,false
570,1995,6,2,2,"2","benetton","renault",38,-1,false
570,1995,6,3,3,"3","williams","renault",32,-1,false
570,1995,6,4,4,"4","jordan","peugeot",12,2,false
570,1995,6,5,5,"5","mclaren","mercedes",8,-1,false
570,1995,6,6,6,"6","ligier","mugen-honda",4,1,false
570,1995,6,7,7,"7","sauber","ford",4,-2,false
570,1995,6,8,8,"8","footwork","hart",1,0,false
571,1995,7,1,1,"1","benetton","renault",48,1,false
571,1995,7,2,2,"2","ferrari","ferrari",43,-1,false
571,1995,7,3,3,"3","williams","renault",42,0,false
571,1995,7,4,4,"4","jordan","peugeot",13,0,false
571,1995,7,5,5,"5","mclaren","mercedes",8,0,false
571,1995,7,6,6,"6","ligier","mugen-honda",7,0,false
571,1995,7,7,7,"7","sauber","ford",4,0,false
571,1995,7,8,8,"8","footwork","hart",1,0,false
572,1995,8,1,1,"1","benetton","renault",58,0,false
572,1995,8,2,2,"2","ferrari","ferrari",49,0,false
572,1995,8,3,3,"3","williams","renault",46,0,false
572,1995,8,4,4,"4","jordan","peugeot",13,0,false
572,1995,8,5,5,"5","ligier","mugen-honda",10,1,false
572,1995,8,6,6,"6","mclaren","mercedes",10,-1,false
572,1995,8,7,7,"7","sauber","ford",5,0,false
572,1995,8,8,8,"8","footwork","hart",1,0,false
573,1995,9,1,1,"1","benetton","renault",71,0,false
573,1995,9,2,2,"2","ferrari","ferrari",53,0,false
573,1995,9,3,3,"3","williams","renault",52,0,false
573,1995,9,4,4,"4","jordan","peugeot",13,0,false
573,1995,9,5,5,"5","ligier","mugen-honda",11,0,false
573,1995,9,6,6,"6","mclaren","mercedes",10,0,false
573,1995,9,7,7,"7","sauber","ford",7,0,false
573,1995,9,8,8,"8","footwork","hart",1,0,false
574,1995,10,1,1,"1","benetton","renault",74,0,false
574,1995,10,2,2,"2","williams","renault",68,1,false
574,1995,10,3,3,"3","ferrari","ferrari",57,-1,false
574,1995,10,4,4,"4","jordan","peugeot",13,0,false
574,1995,10,5,5,"5","ligier","mugen-honda",12,0,false
574,1995,10,6,6,"6","mclaren","mercedes",10,0,false
574,1995,10,7,7,"7","sauber","ford",9,0,false
574,1995,10,8,8,"8","footwork","hart",1,0,false
575,1995,11,1,1,"1","benetton","renault",84,0,false
575,1995,11,2,2,"2","williams","renault",74,0,false
575,1995,11,3,3,"3","ferrari","ferrari",57,0,false
575,1995,11,4,4,"4","ligier","mugen-honda",16,1,false
575,1995,11,5,5,"5","jordan","peugeot",14,-1,false
575,1995,11,6,6,"6","mclaren","mercedes",12,0,false
575,1995,11,7,7,"7","sauber","ford",12,0,false
575,1995,11,8,8,"8","footwork","hart",1,0,false
576,1995,12,1,1,"1","benetton","renault",94,0,false
576,1995,12,2,2,"2","williams","renault",74,0,false
576,1995,12,3,3,"3","ferrari","ferrari",57,0,false
576,1995,12,4,4,"4","mclaren","mercedes",21,2,false
576,1995,12,5,5,"5","sauber","ford",17,2,false
576,1995,12,6,6,"6","ligier","mugen-honda",16,-2,false
576,1995,12,7,7,"7","jordan","peugeot",14,-2,false
576,1995,12,8,8,"8","tyrrell","yamaha",2,1,false
576,1995,12,9,9,"9","footwork","hart",1,-1,false
577,1995,13,1,1,"1","benetton","renault",100,0,false
577,1995,13,2,2,"2","williams","renault",88,0,false
577,1995,13,3,3,"3","ferrari","ferrari",62,0,false
577,1995,13,4,4,"4","mclaren","mercedes",21,0,false
577,1995,13,5,5,"5","sauber","ford",18,0,false
577,1995,13,6,6,"6","ligier","mugen-honda",16,0,false
577,1995,13,7,7,"7","jordan","peugeot",14,0,false
577,1995,13,8,8,"8","tyrrell","yamaha",2,0,false
577,1995,13,9,9,"9","footwork","hart",1,0,false
578,1995,14,1,1,"1","benetton","renault",112,0,false
578,1995,14,2,2,"2","williams","renault",92,0,false
578,1995,14,3,3,"3","ferrari","ferrari",68,0,false
578,1995,14,4,4,"4","mclaren","mercedes",21,0,false
578,1995,14,5,5,"5","jordan","peugeot",18,2,false
578,1995,14,6,6,"6","sauber","ford",18,-1,false
578,1995,14,7,7,"7","ligier","mugen-honda",16,-1,false
578,1995,14,8,8,"8","tyrrell","yamaha",2,0,false
578,1995,14,9,9,"9","footwork","hart",1,0,false
579,1995,15,1,1,"1","benetton","renault",123,0,false
579,1995,15,2,2,"2","williams","renault",102,0,false
579,1995,15,3,3,"3","ferrari","ferrari",73,0,false
579,1995,15,4,4,"4","mclaren","mercedes",21,0,false
579,1995,15,5,5,"5","jordan","peugeot",18,0,false
579,1995,15,6,6,"6","sauber","ford",18,0,false
579,1995,15,7,7,"7","ligier","mugen-honda",16,0,false
579,1995,15,8,8,"8","tyrrell","yamaha",2,0,false
579,1995,15,9,9,"9","footwork","hart",1,0,false
580,1995,16,1,1,"1","benetton","renault",137,0,true
580,1995,16,2,2,"2","williams","renault",102,0,false
580,1995,16,3,3,"3","ferrari","ferrari",73,0,false
580,1995,16,4,4,"4","mclaren","mercedes",27,0,false
580,1995,16,5,5,"5","jordan","peugeot",21,0,false
580,1995,16,6,6,"6","ligier","mugen-honda",18,1,false
580,1995,16,7,7,"7","sauber","ford",18,-1,false
580,1995,16,8,8,"8","tyrrell","yamaha",3,0,false
580,1995,16,9,9,"9","footwork","hart",1,0,false
581,1995,17,1,1,"1","benetton","renault",137,0,true
581,1995,17,2,2,"2","williams","renault",112,0,false
581,1995,17,3,3,"3","ferrari","ferrari",73,0,false
581,1995,17,4,4,"4","mclaren","mercedes",30,0,false
581,1995,17,5,5,"5","ligier","mugen-honda",24,1,false
581,1995,17,6,6,"6","jordan","peugeot",21,-1,false
581,1995,17,7,7,"7","sauber","ford",18,0,false
581,1995,17,8,8,"8","footwork","hart",5,1,false
581,1995,17,9,9,"9","tyrrell","yamaha",5,-1,false
581,1995,17,10,10,"10","minardi","ford",1,0,false
582,1996,1,1,1,"1","williams","renault",16,,false
582,1996,1,2,2,"2","ferrari","ferrari",4,,false
582,1996,1,3,3,"3","benetton","renault",3,,false
582,1996,1,4,4,"4","mclaren","mercedes",2,,false
582,1996,1,5,5,"5","tyrrell","yamaha",1,,false
583,1996,2,1,1,"1","williams","renault",26,0,false
583,1996,2,2,2,"2","benetton","renault",9,1,false
583,1996,2,3,3,"3","ferrari","ferrari",8,-1,false
583,1996,2,4,4,"4","mclaren","mercedes",5,0,false
583,1996,2,5,5,"5","tyrrell","yamaha",3,0,false
583,1996,2,6,6,"6","ligier","mugen-honda",1,0,false
584,1996,3,1,1,"1","williams","renault",42,0,false
584,1996,3,2,2,"2","benetton","renault",13,0,false
584,1996,3,3,3,"3","ferrari","ferrari",10,0,false
584,1996,3,4,4,"4","mclaren","mercedes",5,0,false
584,1996,3,5,5,"5","jordan","peugeot",3,2,false
584,1996,3,6,6,"6","tyrrell","yamaha",3,-1,false
584,1996,3,7,7,"7","ligier","mugen-honda",1,-1,false
584,1996,3,8,7,"7","footwork","hart",1,0,false
585,1996,4,1,1,"1","williams","renault",55,0,false
585,1996,4,2,2,"2","ferrari","ferrari",16,1,false
585,1996,4,3,3,"3","benetton","renault",13,-1,false
585,1996,4,4,4,"4","mclaren","mercedes",9,0,false
585,1996,4,5,5,"5","jordan","peugeot",6,0,false
585,1996,4,6,6,"6","tyrrell","yamaha",3,0,false
585,1996,4,7,7,"7","ligier","mugen-honda",1,0,false
585,1996,4,8,7,"7","footwork","hart",1,0,false
586,1996,5,1,1,"1","williams","renault",65,0,false
586,1996,5,2,2,"2","ferrari","ferrari",25,0,false
586,1996,5,3,3,"3","benetton","renault",18,0,false
586,1996,5,4,4,"4","mclaren","mercedes",9,0,false
586,1996,5,5,5,"5","jordan","peugeot",8,0,false
586,1996,5,6,6,"6","tyrrell","yamaha",3,0,false
586,1996,5,7,7,"7","ligier","mugen-honda",1,0,false
586,1996,5,8,7,"7","footwork","hart",1,0,false
587,1996,6,1,1,"1","williams","renault",65,0,false
587,1996,6,2,2,"2","ferrari","ferrari",25,0,false
587,1996,6,3,3,"3","benetton","renault",18,0,false
587,1996,6,4,4,"4","mclaren","mercedes",16,0,false
587,1996,6,5,5,"5","ligier","mugen-honda",11,2,false
587,1996,6,6,6,"6","jordan","peugeot",8,-1,false
587,1996,6,7,7,"7","sauber","ford",7,2,false
587,1996,6,8,8,"8","tyrrell","yamaha",5,-2,false
587,1996,6,9,9,"9","footwork","hart",1,-2,false
588,1996,7,1,1,"1","williams","renault",69,0,false
588,1996,7,2,2,"2","ferrari","ferrari",35,0,false
588,1996,7,3,3,"3","benetton","renault",24,0,false
588,1996,7,4,4,"4","mclaren","mercedes",18,0,false
588,1996,7,5,5,"5","ligier","mugen-honda",12,0,false
588,1996,7,6,6,"6","sauber","ford",10,1,false
588,1996,7,7,7,"7","jordan","peugeot",8,-1,false
588,1996,7,8,8,"8","tyrrell","yamaha",5,0,false
588,1996,7,9,9,"9","footwork","hart",1,0,false
589,1996,8,1,1,"1","williams","renault",85,0,false
589,1996,8,2,2,"2","ferrari","ferrari",35,0,false
589,1996,8,3,3,"3","benetton","renault",28,0,false
589,1996,8,4,4,"4","mclaren","mercedes",23,0,false
589,1996,8,5,5,"5","ligier","mugen-honda",12,0,false
589,1996,8,6,6,"6","sauber","ford",10,0,false
589,1996,8,7,7,"7","jordan","peugeot",9,0,false
589,1996,8,8,8,"8","tyrrell","yamaha",5,0,false
589,1996,8,9,9,"9","footwork","hart",1,0,false
590,1996,9,1,1,"1","williams","renault",101,0,false
590,1996,9,2,2,"2","ferrari","ferrari",35,0,false
590,1996,9,3,3,"3","benetton","renault",35,0,false
590,1996,9,4,4,"4","mclaren","mercedes",26,0,false
590,1996,9,5,5,"5","ligier","mugen-honda",12,0,false
590,1996,9,6,6,"6","sauber","ford",10,0,false
590,1996,9,7,7,"7","jordan","peugeot",9,0,false
590,1996,9,8,8,"8","tyrrell","yamaha",5,0,false
590,1996,9,9,9,"9","footwork","hart",1,0,false
591,1996,10,1,1,"1","williams","renault",111,0,false
591,1996,10,2,2,"2","benetton","renault",41,1,false
591,1996,10,3,3,"3","ferrari","ferrari",35,-1,false
591,1996,10,4,4,"4","mclaren","mercedes",32,0,false
591,1996,10,5,5,"5","jordan","peugeot",13,2,false
591,1996,10,6,6,"6","ligier","mugen-honda",12,-1,false
591,1996,10,7,7,"7","sauber","ford",10,-1,false
591,1996,10,8,8,"8","tyrrell","yamaha",5,0,false
591,1996,10,9,9,"9","footwork","hart",1,0,false
592,1996,11,1,1,"1","williams","renault",125,0,false
592,1996,11,2,2,"2","benetton","renault",47,0,false
592,1996,11,3,3,"3","ferrari","ferrari",38,0,false
592,1996,11,4,4,"4","mclaren","mercedes",34,0,false
592,1996,11,5,5,"5","jordan","peugeot",14,0,false
592,1996,11,6,6,"6","ligier","mugen-honda",12,0,false
592,1996,11,7,7,"7","sauber","ford",10,0,false
592,1996,11,8,8,"8","tyrrell","yamaha",5,0,false
592,1996,11,9,9,"9","footwork","hart",1,0,false
593,1996,12,1,1,"1","williams","renault",141,0,true
593,1996,12,2,2,"2","benetton","renault",51,0,false
593,1996,12,3,3,"3","ferrari","ferrari",38,0,false
593,1996,12,4,4,"4","mclaren","mercedes",37,0,false
593,1996,12,5,5,"5","jordan","peugeot",15,0,false
593,1996,12,6,6,"6","ligier","mugen-honda",14,0,false
593,1996,12,7,7,"7","sauber","ford",10,0,false
593,1996,12,8,8,"8","tyrrell","yamaha",5,0,false
593,1996,12,9,9,"9","footwork","hart",1,0,false
594,1996,13,1,1,"1","williams","renault",149,0,true
594,1996,13,2,2,"2","benetton","renault",55,0,false
594,1996,13,3,3,"3","ferrari","ferrari",48,0,false
594,1996,13,4,4,"4","mclaren","mercedes",41,0,false
594,1996,13,5,5,"5","jordan","peugeot",15,0,false
594,1996,13,6,6,"6","ligier","mugen-honda",14,0,false
594,1996,13,7,7,"7","sauber","ford",10,0,false
594,1996,13,8,8,"8","tyrrell","yamaha",5,0,false
594,1996,13,9,9,"9","footwork","hart",1,0,false
595,1996,14,1,1,"1","williams","renault",149,0,true
595,1996,14,2,2,"2","benetton","renault",61,0,false
595,1996,14,3,3,"3","ferrari","ferrari",58,0,false
595,1996,14,4,4,"4","mclaren","mercedes",45,0,false
595,1996,14,5,5,"5","jordan","peugeot",20,0,false
595,1996,14,6,6,"6","ligier","mugen-honda",15,0,false
595,1996,14,7,7,"7","sauber","ford",10,0,false
595,1996,14,8,8,"8","tyrrell","yamaha",5,0,false
595,1996,14,9,9,"9","footwork","hart",1,0,false
596,1996,15,1,1,"1","williams","renault",165,0,true
596,1996,15,2,2,"2","benetton","renault",65,0,false
596,1996,15,3,3,"3","ferrari","ferrari",64,0,false
596,1996,15,4,4,"4","mclaren","mercedes",45,0,false
596,1996,15,5,5,"5","jordan","peugeot",20,0,false
596,1996,15,6,6,"6","ligier","mugen-honda",15,0,false
596,1996,15,7,7,"7","sauber","ford",10,0,false
596,1996,15,8,8,"8","tyrrell","yamaha",5,0,false
596,1996,15,9,9,"9","footwork","hart",1,0,false
597,1996,16,1,1,"1","williams","renault",175,0,true
597,1996,16,2,2,"2","ferrari","ferrari",70,1,false
597,1996,16,3,3,"3","benetton","renault",68,-1,false
597,1996,16,4,4,"4","mclaren","mercedes",49,0,false
597,1996,16,5,5,"5","jordan","peugeot",22,0,false
597,1996,16,6,6,"6","ligier","mugen-honda",15,0,false
597,1996,16,7,7,"7","sauber","ford",11,0,false
597,1996,16,8,8,"8","tyrrell","yamaha",5,0,false
597,1996,16,9,9,"9","footwork","hart",1,0,false
598,1997,1,1,1,"1","mclaren","mercedes",14,,false
598,1997,1,2,2,"2","ferrari","ferrari",6,,false
598,1997,1,3,3,"3","benetton","renault",3,,false
598,1997,1,4,4,"4","prost","mugen-honda",2,,false
598,1997,1,5,5,"5","sauber","petronas",1,,false
599,1997,2,1,1,"1","mclaren","mercedes",17,0,false
599,1997,2,2,2,"2","williams","renault",10,4,false
599,1997,2,3,3,"3","benetton","renault",10,0,false
599,1997,2,4,4,"4","ferrari","ferrari",8,-2,false
599,1997,2,5,5,"5","prost","mugen-honda",6,-1,false
599,1997,2,6,6,"6","sauber","petronas",1,-1,false
600,1997,3,1,1,"1","williams","renault",20,1,false
600,1997,3,2,2,"2","mclaren","mercedes",19,-1,false
600,1997,3,3,3,"3","ferrari","ferrari",14,1,false
600,1997,3,4,4,"4","benetton","renault",11,-1,false
600,1997,3,5,5,"5","prost","mugen-honda",6,0,false
600,1997,3,6,6,"6","jordan","peugeot",4,1,false
600,1997,3,7,7,"7","sauber","petronas",4,-1,false
601,1997,4,1,1,"1","williams","renault",30,0,false
601,1997,4,2,2,"2","ferrari","ferrari",24,1,false
601,1997,4,3,3,"3","mclaren","mercedes",20,-1,false
601,1997,4,4,4,"4","benetton","renault",13,0,false
601,1997,4,5,5,"5","jordan","peugeot",7,1,false
601,1997,4,6,6,"6","prost","mugen-honda",6,-1,false
601,1997,4,7,7,"7","sauber","petronas",4,0,false
602,1997,5,1,1,"1","ferrari","ferrari",38,1,false
602,1997,5,2,2,"2","williams","renault",30,-1,false
602,1997,5,3,3,"3","mclaren","mercedes",20,0,false
602,1997,5,4,4,"4","benetton","renault",13,0,false
602,1997,5,5,5,"5","prost","mugen-honda",9,1,false
602,1997,5,6,6,"6","jordan","peugeot",8,-1,false
602,1997,5,7,7,"7","stewart","ford",6,1,false
602,1997,5,8,8,"8","sauber","petronas",4,-1,false
602,1997,5,9,9,"9","tyrrell","ford",2,-1,false
603,1997,6,1,1,"1","ferrari","ferrari",41,0,false
603,1997,6,2,2,"2","williams","renault",40,0,false
603,1997,6,3,3,"3","mclaren","mercedes",21,0,false
603,1997,6,4,4,"4","benetton","renault",17,0,false
603,1997,6,5,5,"5","prost","mugen-honda",15,0,false
603,1997,6,6,6,"6","jordan","peugeot",8,0,false
603,1997,6,7,7,"7","stewart","ford",6,0,false
603,1997,6,8,8,"8","sauber","petronas",6,0,false
603,1997,6,9,9,"9","tyrrell","ford",2,0,false
604,1997,7,1,1,"1","ferrari","ferrari",51,0,false
604,1997,7,2,2,"2","williams","renault",43,0,false
604,1997,7,3,3,"3","benetton","renault",23,1,false
604,1997,7,4,4,"4","mclaren","mercedes",21,-1,false
604,1997,7,5,5,"5","prost","mugen-honda",16,0,false
604,1997,7,6,6,"6","jordan","peugeot",12,0,false
604,1997,7,7,7,"7","sauber","petronas",8,1,false
604,1997,7,8,8,"8","stewart","ford",6,-1,false
604,1997,7,9,9,"9","tyrrell","ford",2,0,false
605,1997,8,1,1,"1","ferrari","ferrari",65,0,false
605,1997,8,2,2,"2","williams","renault",52,0,false
605,1997,8,3,3,"3","benetton","renault",25,0,false
605,1997,8,4,4,"4","mclaren","mercedes",21,0,false
605,1997,8,5,5,"5","prost","mugen-honda",16,0,false
605,1997,8,6,6,"6","jordan","peugeot",13,0,false
605,1997,8,7,7,"7","sauber","petronas",8,0,false
605,1997,8,8,8,"8","stewart","ford",6,0,false
605,1997,8,9,9,"9","tyrrell","ford",2,0,false
606,1997,9,1,1,"1","ferrari","ferrari",65,0,false
606,1997,9,2,2,"2","williams","renault",62,0,false
606,1997,9,3,3,"3","benetton","renault",35,0,false
606,1997,9,4,4,"4","mclaren","mercedes",24,0,false
606,1997,9,5,5,"5","prost","mugen-honda",16,0,false
606,1997,9,6,6,"6","jordan","peugeot",15,0,false
606,1997,9,7,7,"7","sauber","petronas",8,0,false
606,1997,9,8,8,"8","stewart","ford",6,0,false
606,1997,9,9,9,"9","tyrrell","ford",2,0,false
606,1997,9,10,10,"10","arrows","yamaha",1,0,false
607,1997,10,1,1,"1","ferrari","ferrari",71,0,false
607,1997,10,2,2,"2","williams","renault",62,0,false
607,1997,10,3,3,"3","benetton","renault",46,0,false
607,1997,10,4,4,"4","mclaren","mercedes",28,0,false
607,1997,10,5,5,"5","prost","mugen-honda",19,0,false
607,1997,10,6,6,"6","jordan","peugeot",17,0,false
607,1997,10,7,7,"7","sauber","petronas",8,0,false
607,1997,10,8,8,"8","stewart","ford",6,0,false
607,1997,10,9,9,"9","tyrrell","ford",2,0,false
607,1997,10,10,10,"10","arrows","yamaha",1,0,false
608,1997,11,1,1,"1","ferrari","ferrari",74,0,false
608,1997,11,2,2,"2","williams","renault",72,0,false
608,1997,11,3,3,"3","benetton","renault",46,0,false
608,1997,11,4,4,"4","mclaren","mercedes",28,0,false
608,1997,11,5,5,"5","prost","mugen-honda",20,0,false
608,1997,11,6,6,"6","jordan","peugeot",19,0,false
608,1997,11,7,7,"7","sauber","petronas",12,0,false
608,1997,11,8,8,"8","arrows","yamaha",7,2,false
608,1997,11,9,9,"9","stewart","ford",6,-1,false
608,1997,11,10,10,"10","tyrrell","ford",2,-1,false
609,1997,12,1,1,"1","ferrari","ferrari",84,0,false
609,1997,12,2,2,"2","williams","renault",78,0,false
609,1997,12,3,3,"3","benetton","renault",47,0,false
609,1997,12,4,4,"4","mclaren","mercedes",28,0,false
609,1997,12,5,5,"5","jordan","peugeot",25,1,false
609,1997,12,6,6,"6","prost","mugen-honda",20,-1,false
609,1997,12,7,7,"7","sauber","petronas",15,0,false
609,1997,12,8,8,"8","arrows","yamaha",7,0,false
609,1997,12,9,9,"9","stewart","ford",6,0,false
609,1997,12,10,10,"10","tyrrell","ford",2,0,false
610,1997,13,1,1,"1","ferrari","ferrari",85,0,false
610,1997,13,2,2,"2","williams","renault",84,0,false
610,1997,13,3,3,"3","benetton","renault",53,0,false
610,1997,13,4,4,"4","mclaren","mercedes",38,0,false
610,1997,13,5,5,"5","jordan","peugeot",28,0,false
610,1997,13,6,6,"6","prost","mugen-honda",20,0,false
610,1997,13,7,7,"7","sauber","petronas",15,0,false
610,1997,13,8,8,"8","arrows","yamaha",7,0,false
610,1997,13,9,9,"9","stewart","ford",6,0,false
610,1997,13,10,10,"10","tyrrell","ford",2,0,false
611,1997,14,1,1,"1","williams","renault",98,1,false
611,1997,14,2,2,"2","ferrari","ferrari",86,-1,false
611,1997,14,3,3,"3","benetton","renault",53,0,false
611,1997,14,4,4,"4","mclaren","mercedes",44,0,false
611,1997,14,5,5,"5","jordan","peugeot",33,0,false
611,1997,14,6,6,"6","prost","mugen-honda",20,0,false
611,1997,14,7,7,"7","sauber","petronas",15,0,false
611,1997,14,8,8,"8","arrows","yamaha",7,0,false
611,1997,14,9,9,"9","stewart","ford",6,0,false
611,1997,14,10,10,"10","tyrrell","ford",2,0,false
612,1997,15,1,1,"1","williams","renault",112,0,false
612,1997,15,2,2,"2","ferrari","ferrari",86,0,false
612,1997,15,3,3,"3","benetton","renault",62,0,false
612,1997,15,4,4,"4","mclaren","mercedes",44,0,false
612,1997,15,5,5,"5","jordan","peugeot",33,0,false
612,1997,15,6,6,"6","prost","mugen-honda",21,0,false
612,1997,15,7,7,"7","sauber","petronas",15,0,false
612,1997,15,8,8,"8","arrows","yamaha",9,0,false
612,1997,15,9,9,"9","stewart","ford",6,0,false
612,1997,15,10,10,"10","tyrrell","ford",2,0,false
613,1997,16,1,1,"1","williams","renault",118,0,true
613,1997,16,2,2,"2","ferrari","ferrari",100,0,false
613,1997,16,3,3,"3","benetton","renault",64,0,false
613,1997,16,4,4,"4","mclaren","mercedes",47,0,false
613,1997,16,5,5,"5","jordan","peugeot",33,0,false
613,1997,16,6,6,"6","prost","mugen-honda",21,0,false
613,1997,16,7,7,"7","sauber","petronas",16,0,false
613,1997,16,8,8,"8","arrows","yamaha",9,0,false
613,1997,16,9,9,"9","stewart","ford",6,0,false
613,1997,16,10,10,"10","tyrrell","ford",2,0,false
614,1997,17,1,1,"1","williams","renault",123,0,true
614,1997,17,2,2,"2","ferrari","ferrari",102,0,false
614,1997,17,3,3,"3","benetton","renault",67,0,false
614,1997,17,4,4,"4","mclaren","mercedes",63,0,false
614,1997,17,5,5,"5","jordan","peugeot",33,0,false
614,1997,17,6,6,"6","prost","mugen-honda",21,0,false
614,1997,17,7,7,"7","sauber","petronas",16,0,false
614,1997,17,8,8,"8","arrows","yamaha",9,0,false
614,1997,17,9,9,"9","stewart","ford",6,0,false
614,1997,17,10,10,"10","tyrrell","ford",2,0,false
615,1998,1,1,1,"1","mclaren","mercedes",16,,false
615,1998,1,2,2,"2","williams","mecachrome",6,,false
615,1998,1,3,3,"3","ferrari","ferrari",3,,false
615,1998,1,4,4,"4","sauber","petronas",1,,false
616,1998,2,1,1,"1","mclaren","mercedes",32,0,false
616,1998,2,2,2,"2","williams","mecachrome",8,0,false
616,1998,2,3,3,"3","ferrari","ferrari",7,0,false
616,1998,2,4,4,"4","benetton","playlife",4,1,false
616,1998,2,5,5,"5","sauber","petronas",1,-1,false
617,1998,3,1,1,"1","mclaren","mercedes",39,0,false
617,1998,3,2,2,"2","ferrari","ferrari",21,1,false
617,1998,3,3,3,"3","williams","mecachrome",8,-1,false
617,1998,3,4,4,"4","benetton","playlife",7,0,false
617,1998,3,5,5,"5","sauber","petronas",3,0,false
618,1998,4,1,1,"1","mclaren","mercedes",49,0,false
618,1998,4,2,2,"2","ferrari","ferrari",31,0,false
618,1998,4,3,3,"3","williams","mecachrome",13,0,false
618,1998,4,4,4,"4","benetton","playlife",7,0,false
618,1998,4,5,5,"5","sauber","petronas",4,0,false
619,1998,5,1,1,"1","mclaren","mercedes",65,0,false
619,1998,5,2,2,"2","ferrari","ferrari",35,0,false
619,1998,5,3,3,"3","williams","mecachrome",14,0,false
619,1998,5,4,4,"4","benetton","playlife",10,0,false
619,1998,5,5,5,"5","sauber","petronas",4,0,false
619,1998,5,6,6,"6","stewart","ford",2,0,false
620,1998,6,1,1,"1","mclaren","mercedes",75,0,false
620,1998,6,2,2,"2","ferrari","ferrari",39,0,false
620,1998,6,3,3,"3","benetton","playlife",16,1,false
620,1998,6,4,4,"4","williams","mecachrome",16,-1,false
620,1998,6,5,5,"5","arrows","arrows",4,2,false
620,1998,6,6,6,"6","sauber","petronas",4,-1,false
620,1998,6,7,7,"7","stewart","ford",2,-1,false
621,1998,7,1,1,"1","mclaren","mercedes",75,0,false
621,1998,7,2,2,"2","ferrari","ferrari",53,0,false
621,1998,7,3,3,"3","benetton","playlife",25,0,false
621,1998,7,4,4,"4","williams","mecachrome",16,0,false
621,1998,7,5,5,"5","stewart","ford",5,2,false
621,1998,7,6,6,"6","arrows","arrows",4,-1,false
621,1998,7,7,7,"7","sauber","petronas",4,-1,false
622,1998,8,1,1,"1","mclaren","mercedes",80,0,false
622,1998,8,2,2,"2","ferrari","ferrari",69,0,false
622,1998,8,3,3,"3","benetton","playlife",27,0,false
622,1998,8,4,4,"4","williams","mecachrome",19,0,false
622,1998,8,5,5,"5","stewart","ford",5,0,false
622,1998,8,6,6,"6","arrows","arrows",4,0,false
622,1998,8,7,7,"7","sauber","petronas",4,0,false
623,1998,9,1,1,"1","mclaren","mercedes",86,0,false
623,1998,9,2,2,"2","ferrari","ferrari",83,0,false
623,1998,9,3,3,"3","benetton","playlife",32,0,false
623,1998,9,4,4,"4","williams","mecachrome",19,0,false
623,1998,9,5,5,"5","stewart","ford",5,0,false
623,1998,9,6,6,"6","arrows","arrows",4,0,false
623,1998,9,7,7,"7","sauber","petronas",4,0,false
623,1998,9,8,8,"8","jordan","mugen-honda",1,0,false
624,1998,10,1,1,"1","mclaren","mercedes",102,0,false
624,1998,10,2,2,"2","ferrari","ferrari",90,0,false
624,1998,10,3,3,"3","benetton","playlife",32,0,false
624,1998,10,4,4,"4","williams","mecachrome",20,0,false
624,1998,10,5,5,"5","stewart","ford",5,0,false
624,1998,10,6,6,"6","arrows","arrows",4,0,false
624,1998,10,7,7,"7","sauber","petronas",4,0,false
624,1998,10,8,8,"8","jordan","mugen-honda",3,0,false
625,1998,11,1,1,"1","mclaren","mercedes",118,0,false
625,1998,11,2,2,"2","ferrari","ferrari",92,0,false
625,1998,11,3,3,"3","benetton","playlife",32,0,false
625,1998,11,4,4,"4","williams","mecachrome",24,0,false
625,1998,11,5,5,"5","jordan","mugen-honda",7,3,false
625,1998,11,6,6,"6","stewart","ford",5,-1,false
625,1998,11,7,7,"7","arrows","arrows",4,-1,false
625,1998,11,8,8,"8","sauber","petronas",4,-1,false
626,1998,12,1,1,"1","mclaren","mercedes",125,0,false
626,1998,12,2,2,"2","ferrari","ferrari",102,0,false
626,1998,12,3,3,"3","benetton","playlife",32,0,false
626,1998,12,4,4,"4","williams","mecachrome",30,0,false
626,1998,12,5,5,"5","jordan","mugen-honda",10,0,false
626,1998,12,6,6,"6","stewart","ford",5,0,false
626,1998,12,7,7,"7","arrows","arrows",4,0,false
626,1998,12,8,8,"8","sauber","petronas",4,0,false
627,1998,13,1,1,"1","mclaren","mercedes",125,0,false
627,1998,13,2,2,"2","ferrari","ferrari",102,0,false
627,1998,13,3,3,"3","williams","mecachrome",33,1,false
627,1998,13,4,4,"4","benetton","playlife",32,-1,false
627,1998,13,5,5,"5","jordan","mugen-honda",26,0,false
627,1998,13,6,6,"6","sauber","petronas",8,2,false
627,1998,13,7,7,"7","arrows","arrows",6,0,false
627,1998,13,8,8,"8","stewart","ford",5,-2,false
627,1998,13,9,9,"9","prost","peugeot",1,0,false
628,1998,14,1,1,"1","mclaren","mercedes",128,0,false
628,1998,14,2,2,"2","ferrari","ferrari",118,0,false
628,1998,14,3,3,"3","williams","mecachrome",33,0,false
628,1998,14,4,4,"4","benetton","playlife",32,0,false
628,1998,14,5,5,"5","jordan","mugen-honda",31,0,false
628,1998,14,6,6,"6","sauber","petronas",10,0,false
628,1998,14,7,7,"7","arrows","arrows",6,0,false
628,1998,14,8,8,"8","stewart","ford",5,0,false
628,1998,14,9,9,"9","prost","peugeot",1,0,false
629,1998,15,1,1,"1","mclaren","mercedes",142,0,false
629,1998,15,2,2,"2","ferrari","ferrari",127,0,false
629,1998,15,3,3,"3","williams","mecachrome",35,0,false
629,1998,15,4,4,"4","benetton","playlife",33,0,false
629,1998,15,5,5,"5","jordan","mugen-honda",31,0,false
629,1998,15,6,6,"6","sauber","petronas",10,0,false
629,1998,15,7,7,"7","arrows","arrows",6,0,false
629,1998,15,8,8,"8","stewart","ford",5,0,false
629,1998,15,9,9,"9","prost","peugeot",1,0,false
630,1998,16,1,1,"1","mclaren","mercedes",156,0,true
630,1998,16,2,2,"2","ferrari","ferrari",133,0,false
630,1998,16,3,3,"3","williams","mecachrome",38,0,false
630,1998,16,4,4,"4","jordan","mugen-honda",34,1,false
630,1998,16,5,5,"5","benetton","playlife",33,-1,false
630,1998,16,6,6,"6","sauber","petronas",10,0,false
630,1998,16,7,7,"7","arrows","arrows",6,0,false
630,1998,16,8,8,"8","stewart","ford",5,0,false
630,1998,16,9,9,"9","prost","peugeot",1,0,false
631,1999,1,1,1,"1","ferrari","ferrari",10,,false
631,1999,1,2,2,"2","jordan","mugen-honda",6,,false
631,1999,1,3,3,"3","williams","supertec",4,,false
631,1999,1,4,4,"4","benetton","playlife",3,,false
631,1999,1,5,5,"5","stewart","ford",2,,false
631,1999,1,6,6,"6","arrows","arrows",1,,false
632,1999,2,1,1,"1","ferrari","ferrari",18,0,false
632,1999,2,2,2,"2","mclaren","mercedes",10,5,false
632,1999,2,3,3,"3","jordan","mugen-honda",10,-1,false
632,1999,2,4,4,"4","williams","supertec",7,-1,false
632,1999,2,5,5,"5","benetton","playlife",3,-1,false
632,1999,2,6,6,"6","stewart","ford",2,-1,false
632,1999,2,7,7,"7","arrows","arrows",1,-1,false
632,1999,2,8,8,"8","prost","peugeot",1,-1,false
633,1999,3,1,1,"1","ferrari","ferrari",28,0,false
633,1999,3,2,2,"2","mclaren","mercedes",16,0,false
633,1999,3,3,3,"3","jordan","mugen-honda",13,0,false
633,1999,3,4,4,"4","williams","supertec",7,0,false
633,1999,3,5,5,"5","stewart","ford",6,1,false
633,1999,3,6,6,"6","benetton","playlife",5,-1,false
633,1999,3,7,7,"7","arrows","arrows",1,0,false
633,1999,3,8,7,"7","prost","peugeot",1,1,false
633,1999,3,9,7,"7","sauber","petronas",1,2,false
634,1999,4,1,1,"1","ferrari","ferrari",44,0,false
634,1999,4,2,2,"2","mclaren","mercedes",20,0,false
634,1999,4,3,3,"3","jordan","mugen-honda",16,0,false
634,1999,4,4,4,"4","benetton","playlife",8,2,false
634,1999,4,5,5,"5","williams","supertec",7,-1,false
634,1999,4,6,6,"6","stewart","ford",6,-1,false
634,1999,4,7,7,"7","arrows","arrows",1,0,false
634,1999,4,8,7,"7","prost","peugeot",1,0,false
634,1999,4,9,7,"7","sauber","petronas",1,0,false
635,1999,5,1,1,"1","ferrari","ferrari",51,0,false
635,1999,5,2,2,"2","mclaren","mercedes",36,0,false
635,1999,5,3,3,"3","jordan","mugen-honda",16,0,false
635,1999,5,4,4,"4","williams","supertec",9,1,false
635,1999,5,5,5,"5","benetton","playlife",8,-1,false
635,1999,5,6,6,"6","stewart","ford",6,0,false
635,1999,5,7,7,"7","prost","peugeot",2,0,false
635,1999,5,8,8,"8","arrows","arrows",1,-1,false
635,1999,5,9,8,"8","sauber","petronas",1,-1,false
636,1999,6,1,1,"1","ferrari","ferrari",55,0,false
636,1999,6,2,2,"2","mclaren","mercedes",46,0,false
636,1999,6,3,3,"3","jordan","mugen-honda",16,0,false
636,1999,6,4,4,"4","benetton","playlife",14,1,false
636,1999,6,5,5,"5","williams","supertec",12,-1,false
636,1999,6,6,6,"6","stewart","ford",8,0,false
636,1999,6,7,7,"7","prost","peugeot",2,0,false
636,1999,6,8,7,"7","sauber","petronas",2,1,false
636,1999,6,9,9,"9","arrows","arrows",1,-1,false
637,1999,7,1,1,"1","ferrari","ferrari",58,0,false
637,1999,7,2,2,"2","mclaren","mercedes",52,0,false
637,1999,7,3,3,"3","jordan","mugen-honda",26,0,false
637,1999,7,4,4,"4","williams","supertec",15,1,false
637,1999,7,5,5,"5","benetton","playlife",14,-1,false
637,1999,7,6,6,"6","stewart","ford",12,0,false
637,1999,7,7,7,"7","prost","peugeot",2,0,false
637,1999,7,8,7,"7","sauber","petronas",2,0,false
637,1999,7,9,9,"9","arrows","arrows",1,0,false
638,1999,8,1,1,"1","ferrari","ferrari",64,0,false
638,1999,8,2,2,"2","mclaren","mercedes",62,0,false
638,1999,8,3,3,"3","jordan","mugen-honda",31,0,false
638,1999,8,4,4,"4","williams","supertec",19,0,false
638,1999,8,5,5,"5","benetton","playlife",14,0,false
638,1999,8,6,6,"6","stewart","ford",12,0,false
638,1999,8,7,7,"7","sauber","petronas",3,0,false
638,1999,8,8,8,"8","prost","peugeot",2,-1,false
638,1999,8,9,9,"9","arrows","arrows",1,0,false
639,1999,9,1,1,"1","ferrari","ferrari",74,0,false
639,1999,9,2,2,"2","mclaren","mercedes",72,0,false
639,1999,9,3,3,"3","jordan","mugen-honda",34,0,false
639,1999,9,4,4,"4","williams","supertec",19,0,false
639,1999,9,5,5,"5","benetton","playlife",16,0,false
639,1999,9,6,6,"6","stewart","ford",12,0,false
639,1999,9,7,7,"7","sauber","petronas",4,0,false
639,1999,9,8,8,"8","prost","peugeot",2,0,false
639,1999,9,9,9,"9","arrows","arrows",1,0,false
640,1999,10,1,1,"1","ferrari","ferrari",90,0,false
640,1999,10,2,2,"2","mclaren","mercedes",74,0,false
640,1999,10,3,3,"3","jordan","mugen-honda",38,0,false
640,1999,10,4,4,"4","williams","supertec",22,0,false
640,1999,10,5,5,"5","benetton","playlife",16,0,false
640,1999,10,6,6,"6","stewart","ford",12,0,false
640,1999,10,7,7,"7","sauber","petronas",4,0,false
640,1999,10,8,8,"8","prost","peugeot",3,0,false
640,1999,10,9,9,"9","arrows","arrows",1,0,false
641,1999,11,1,1,"1","ferrari","ferrari",94,0,false
641,1999,11,2,2,"2","mclaren","mercedes",90,0,false
641,1999,11,3,3,"3","jordan","mugen-honda",42,0,false
641,1999,11,4,4,"4","williams","supertec",22,0,false
641,1999,11,5,5,"5","benetton","playlife",16,0,false
641,1999,11,6,6,"6","stewart","ford",14,0,false
641,1999,11,7,7,"7","sauber","petronas",4,0,false
641,1999,11,8,8,"8","prost","peugeot",3,0,false
641,1999,11,9,9,"9","arrows","arrows",1,0,false
642,1999,12,1,1,"1","mclaren","mercedes",106,1,false
642,1999,12,2,2,"2","ferrari","ferrari",97,-1,false
642,1999,12,3,3,"3","jordan","mugen-honda",47,0,false
642,1999,12,4,4,"4","williams","supertec",24,0,false
642,1999,12,5,5,"5","benetton","playlife",16,0,false
642,1999,12,6,6,"6","stewart","ford",14,0,false
642,1999,12,7,7,"7","sauber","petronas",4,0,false
642,1999,12,8,8,"8","prost","peugeot",3,0,false
642,1999,12,9,9,"9","arrows","arrows",1,0,false
643,1999,13,1,1,"1","mclaren","mercedes",108,0,false
643,1999,13,2,2,"2","ferrari","ferrari",102,0,false
643,1999,13,3,3,"3","jordan","mugen-honda",57,0,false
643,1999,13,4,4,"4","williams","supertec",30,0,false
643,1999,13,5,5,"5","stewart","ford",17,1,false
643,1999,13,6,6,"6","benetton","playlife",16,-1,false
643,1999,13,7,7,"7","sauber","petronas",4,0,false
643,1999,13,8,8,"8","prost","peugeot",3,0,false
643,1999,13,9,9,"9","arrows","arrows",1,0,false
644,1999,14,1,1,"1","mclaren","mercedes",110,0,false
644,1999,14,2,2,"2","ferrari","ferrari",102,0,false
644,1999,14,3,3,"3","jordan","mugen-honda",57,0,false
644,1999,14,4,4,"4","williams","supertec",33,0,false
644,1999,14,5,5,"5","stewart","ford",31,0,false
644,1999,14,6,6,"6","benetton","playlife",16,0,false
644,1999,14,7,7,"7","prost","peugeot",9,1,false
644,1999,14,8,8,"8","sauber","petronas",4,-1,false
644,1999,14,9,9,"9","arrows","arrows",1,0,false
644,1999,14,10,10,"10","minardi","ford",1,0,false
645,1999,15,1,1,"1","ferrari","ferrari",118,1,false
645,1999,15,2,2,"2","mclaren","mercedes",114,-1,false
645,1999,15,3,3,"3","jordan","mugen-honda",58,0,false
645,1999,15,4,4,"4","stewart","ford",36,1,false
645,1999,15,5,5,"5","williams","supertec",33,-1,false
645,1999,15,6,6,"6","benetton","playlife",16,0,false
645,1999,15,7,7,"7","prost","peugeot",9,0,false
645,1999,15,8,8,"8","sauber","petronas",4,0,false
645,1999,15,9,9,"9","arrows","arrows",1,0,false
645,1999,15,10,10,"10","minardi","ford",1,0,false
646,1999,16,1,1,"1","ferrari","ferrari",128,0,true
646,1999,16,2,2,"2","mclaren","mercedes",124,0,false
646,1999,16,3,3,"3","jordan","mugen-honda",61,0,false
646,1999,16,4,4,"4","stewart","ford",36,0,false
646,1999,16,5,5,"5","williams","supertec",35,0,false
646,1999,16,6,6,"6","benetton","playlife",16,0,false
646,1999,16,7,7,"7","prost","peugeot",9,0,false
646,1999,16,8,8,"8","sauber","petronas",5,0,false
646,1999,16,9,9,"9","arrows","arrows",1,0,false
646,1999,16,10,10,"10","minardi","ford",1,0,false
647,2000,1,1,1,"1","ferrari","ferrari",16,,false
647,2000,1,2,2,"2","williams","bmw",4,,false
647,2000,1,3,3,"3","bar","honda",4,,false
647,2000,1,4,4,"4","benetton","playlife",2,,false
647,2000,1,5,5,"5","minardi","fondmetal",0,,false
647,2000,1,6,6,"6","prost","peugeot",0,,false
648,2000,2,1,1,"1","ferrari","ferrari",26,0,false
648,2000,2,2,2,"2","benetton","playlife",8,2,false
648,2000,2,3,3,"3","jordan","mugen-honda",7,4,false
648,2000,2,4,4,"4","williams","bmw",7,-2,false
648,2000,2,5,5,"5","bar","honda",4,-2,false
648,2000,2,6,6,"6","arrows","supertec",0,1,false
648,2000,2,7,7,"7","minardi","fondmetal",0,-2,false
648,2000,2,8,8,"8","prost","peugeot",0,-2,false
649,2000,3,1,1,"1","ferrari","ferrari",39,0,false
649,2000,3,2,2,"2","mclaren","mercedes",10,7,false
649,2000,3,3,3,"3","benetton","playlife",8,-1,false
649,2000,3,4,4,"4","jordan","mugen-honda",7,-1,false
649,2000,3,5,5,"5","williams","bmw",7,-1,false
649,2000,3,6,6,"6","bar","honda",6,-1,false
649,2000,3,7,7,"7","sauber","petronas",1,2,false
649,2000,3,8,8,"8","arrows","supertec",0,-2,false
649,2000,3,9,9,"9","jaguar","cosworth",0,0,false
649,2000,3,10,10,"10","minardi","fondmetal",0,-3,false
649,2000,3,11,11,"11","prost","peugeot",0,-3,false
650,2000,4,1,1,"1","ferrari","ferrari",43,0,false
650,2000,4,2,2,"2","mclaren","mercedes",26,0,false
650,2000,4,3,3,"3","williams","bmw",12,2,false
650,2000,4,4,4,"4","benetton","playlife",8,-1,false
650,2000,4,5,5,"5","jordan","mugen-honda",8,-1,false
650,2000,4,6,6,"6","bar","honda",6,0,false
650,2000,4,7,7,"7","sauber","petronas",1,0,false
650,2000,4,8,8,"8","arrows","supertec",0,0,false
650,2000,4,9,9,"9","jaguar","cosworth",0,0,false
650,2000,4,10,10,"10","minardi","fondmetal",0,0,false
650,2000,4,11,11,"11","prost","peugeot",0,0,false
651,2000,5,1,1,"1","ferrari","ferrari",49,0,false
651,2000,5,2,2,"2","mclaren","mercedes",42,0,false
651,2000,5,3,3,"3","williams","bmw",15,0,false
651,2000,5,4,4,"4","jordan","mugen-honda",9,1,false
651,2000,5,5,5,"5","benetton","playlife",8,-1,false
651,2000,5,6,6,"6","bar","honda",6,0,false
651,2000,5,7,7,"7","sauber","petronas",1,0,false
651,2000,5,8,8,"8","arrows","supertec",0,0,false
651,2000,5,9,9,"9","jaguar","cosworth",0,0,false
651,2000,5,10,10,"10","minardi","fondmetal",0,0,false
651,2000,5,11,11,"11","prost","peugeot",0,0,false
652,2000,6,1,1,"1","ferrari","ferrari",62,0,false
652,2000,6,2,2,"2","mclaren","mercedes",52,0,false
652,2000,6,3,3,"3","williams","bmw",15,0,false
652,2000,6,4,4,"4","benetton","playlife",10,1,false
652,2000,6,5,5,"5","jordan","mugen-honda",9,-1,false
652,2000,6,6,6,"6","bar","honda",6,0,false
652,2000,6,7,7,"7","sauber","petronas",1,0,false
652,2000,6,8,8,"8","arrows","supertec",1,0,false
652,2000,6,9,9,"9","jaguar","cosworth",0,0,false
652,2000,6,10,10,"10","minardi","fondmetal",0,0,false
652,2000,6,11,11,"11","prost","peugeot",0,0,false
653,2000,7,1,1,"1","ferrari","ferrari",68,0,false
653,2000,7,2,2,"2","mclaren","mercedes",63,0,false
653,2000,7,3,3,"3","williams","bmw",15,0,false
653,2000,7,4,4,"4","benetton","playlife",14,0,false
653,2000,7,5,5,"5","jordan","mugen-honda",9,0,false
653,2000,7,6,6,"6","bar","honda",6,0,false
653,2000,7,7,7,"7","jaguar","cosworth",3,2,false
653,2000,7,8,8,"8","sauber","petronas",3,-1,false
653,2000,7,9,9,"9","arrows","supertec",1,-1,false
653,2000,7,10,10,"10","minardi","fondmetal",0,0,false
653,2000,7,11,11,"11","prost","peugeot",0,0,false
654,2000,8,1,1,"1","ferrari","ferrari",84,0,false
654,2000,8,2,2,"2","mclaren","mercedes",66,0,false
654,2000,8,3,3,"3","benetton","playlife",18,1,false
654,2000,8,4,4,"4","williams","bmw",15,-1,false
654,2000,8,5,5,"5","jordan","mugen-honda",10,0,false
654,2000,8,6,6,"6","bar","honda",6,0,false
654,2000,8,7,7,"7","jaguar","cosworth",3,0,false
654,2000,8,8,8,"8","sauber","petronas",3,0,false
654,2000,8,9,9,"9","arrows","supertec",3,0,false
654,2000,8,10,10,"10","minardi","fondmetal",0,0,false
654,2000,8,11,11,"11","prost","peugeot",0,0,false
655,2000,9,1,1,"1","ferrari","ferrari",88,0,false
655,2000,9,2,2,"2","mclaren","mercedes",82,0,false
655,2000,9,3,3,"3","benetton","playlife",18,0,false
655,2000,9,4,4,"4","williams","bmw",17,0,false
655,2000,9,5,5,"5","jordan","mugen-honda",11,0,false
655,2000,9,6,6,"6","bar","honda",9,0,false
655,2000,9,7,7,"7","jaguar","cosworth",3,0,false
655,2000,9,8,8,"8","sauber","petronas",3,0,false
655,2000,9,9,9,"9","arrows","supertec",3,0,false
655,2000,9,10,10,"10","minardi","fondmetal",0,0,false
655,2000,9,11,11,"11","prost","peugeot",0,0,false
656,2000,10,1,1,"1","ferrari","ferrari",92,0,false
656,2000,10,2,2,"2","mclaren","mercedes",88,0,false
656,2000,10,3,3,"3","williams","bmw",19,1,false
656,2000,10,4,4,"4","benetton","playlife",18,-1,false
656,2000,10,5,5,"5","bar","honda",12,1,false
656,2000,10,6,6,"6","jordan","mugen-honda",11,-1,false
656,2000,10,7,7,"7","sauber","petronas",4,1,false
656,2000,10,8,8,"8","jaguar","cosworth",3,-1,false
656,2000,10,9,9,"9","arrows","supertec",3,0,false
656,2000,10,10,10,"10","minardi","fondmetal",0,0,false
656,2000,10,11,11,"11","prost","peugeot",0,0,false
657,2000,11,1,1,"1","ferrari","ferrari",102,0,false
657,2000,11,2,2,"2","mclaren","mercedes",98,0,false
657,2000,11,3,3,"3","williams","bmw",22,0,false
657,2000,11,4,4,"4","benetton","playlife",18,0,false
657,2000,11,5,5,"5","bar","honda",12,0,false
657,2000,11,6,6,"6","jordan","mugen-honda",11,0,false
657,2000,11,7,7,"7","sauber","petronas",6,0,false
657,2000,11,8,8,"8","arrows","supertec",4,1,false
657,2000,11,9,9,"9","jaguar","cosworth",3,-1,false
657,2000,11,10,10,"10","minardi","fondmetal",0,0,false
657,2000,11,11,11,"11","prost","peugeot",0,0,false
658,2000,12,1,1,"1","mclaren","mercedes",112,1,false
658,2000,12,2,2,"2","ferrari","ferrari",111,-1,false
658,2000,12,3,3,"3","williams","bmw",24,0,false
658,2000,12,4,4,"4","benetton","playlife",18,0,false
658,2000,12,5,5,"5","jordan","mugen-honda",12,1,false
658,2000,12,6,6,"6","bar","honda",12,-1,false
658,2000,12,7,7,"7","sauber","petronas",6,0,false
658,2000,12,8,8,"8","arrows","supertec",4,0,false
658,2000,12,9,9,"9","jaguar","cosworth",3,0,false
658,2000,12,10,10,"10","minardi","fondmetal",0,0,false
658,2000,12,11,11,"11","prost","peugeot",0,0,false
659,2000,13,1,1,"1","mclaren","mercedes",125,0,false
659,2000,13,2,2,"2","ferrari","ferrari",117,0,false
659,2000,13,3,3,"3","williams","bmw",30,0,false
659,2000,13,4,4,"4","benetton","playlife",18,0,false
659,2000,13,5,5,"5","jordan","mugen-honda",13,0,false
659,2000,13,6,6,"6","bar","honda",12,0,false
659,2000,13,7,7,"7","sauber","petronas",6,0,false
659,2000,13,8,8,"8","arrows","supertec",4,0,false
659,2000,13,9,9,"9","jaguar","cosworth",3,0,false
659,2000,13,10,10,"10","minardi","fondmetal",0,0,false
659,2000,13,11,11,"11","prost","peugeot",0,0,false
660,2000,14,1,1,"1","mclaren","mercedes",131,0,false
660,2000,14,2,2,"2","ferrari","ferrari",127,0,false
660,2000,14,3,3,"3","williams","bmw",34,0,false
660,2000,14,4,4,"4","benetton","playlife",20,0,false
660,2000,14,5,5,"5","jordan","mugen-honda",13,0,false
660,2000,14,6,6,"6","bar","honda",13,0,false
660,2000,14,7,7,"7","arrows","supertec",7,1,false
660,2000,14,8,8,"8","sauber","petronas",6,-1,false
660,2000,14,9,9,"9","jaguar","cosworth",3,0,false
660,2000,14,10,10,"10","minardi","fondmetal",0,0,false
660,2000,14,11,11,"11","prost","peugeot",0,0,false
661,2000,15,1,1,"1","ferrari","ferrari",143,1,false
661,2000,15,2,2,"2","mclaren","mercedes",133,-1,false
661,2000,15,3,3,"3","williams","bmw",34,0,false
661,2000,15,4,4,"4","benetton","playlife",20,0,false
661,2000,15,5,5,"5","jordan","mugen-honda",17,0,false
661,2000,15,6,6,"6","bar","honda",17,0,false
661,2000,15,7,7,"7","arrows","supertec",7,0,false
661,2000,15,8,8,"8","sauber","petronas",6,0,false
661,2000,15,9,9,"9","jaguar","cosworth",3,0,false
661,2000,15,10,10,"10","minardi","fondmetal",0,0,false
661,2000,15,11,11,"11","prost","peugeot",0,0,false
662,2000,16,1,1,"1","ferrari","ferrari",156,0,false
662,2000,16,2,2,"2","mclaren","mercedes",143,0,false
662,2000,16,3,3,"3","williams","bmw",36,0,false
662,2000,16,4,4,"4","benetton","playlife",20,0,false
662,2000,16,5,5,"5","bar","honda",18,1,false
662,2000,16,6,6,"6","jordan","mugen-honda",17,-1,false
662,2000,16,7,7,"7","arrows","supertec",7,0,false
662,2000,16,8,8,"8","sauber","petronas",6,0,false
662,2000,16,9,9,"9","jaguar","cosworth",3,0,false
662,2000,16,10,10,"10","minardi","fondmetal",0,0,false
662,2000,16,11,11,"11","prost","peugeot",0,0,false
663,2000,17,1,1,"1","ferrari","ferrari",170,0,true
663,2000,17,2,2,"2","mclaren","mercedes",152,0,false
663,2000,17,3,3,"3","williams","bmw",36,0,false
663,2000,17,4,4,"4","benetton","playlife",20,0,false
663,2000,17,5,5,"5","bar","honda",20,0,false
663,2000,17,6,6,"6","jordan","mugen-honda",17,0,false
663,2000,17,7,7,"7","arrows","supertec",7,0,false
663,2000,17,8,8,"8","sauber","petronas",6,0,false
663,2000,17,9,9,"9","jaguar","cosworth",4,0,false
663,2000,17,10,10,"10","minardi","fondmetal",0,0,false
663,2000,17,11,11,"11","prost","peugeot",0,0,false
664,2001,1,1,1,"1","ferrari","ferrari",14,,false
664,2001,1,2,2,"2","mclaren","mercedes",6,,false
664,2001,1,3,3,"3","sauber","petronas",4,,false
664,2001,1,4,4,"4","jordan","honda",2,,false
664,2001,1,5,5,"5","bar","honda",0,,false
664,2001,1,6,6,"6","jaguar","cosworth",0,,false
664,2001,1,7,7,"7","prost","acer",0,,false
664,2001,1,8,8,"8","arrows","asiatech",0,,false
664,2001,1,9,9,"9","minardi","european",0,,false
664,2001,1,10,10,"10","benetton","renault",0,,false
665,2001,2,1,1,"1","ferrari","ferrari",30,0,false
665,2001,2,2,2,"2","mclaren","mercedes",11,0,false
665,2001,2,3,3,"3","jordan","honda",5,1,false
665,2001,2,4,4,"4","sauber","petronas",4,-1,false
665,2001,2,5,5,"5","williams","bmw",2,6,false
665,2001,2,6,6,"6","arrows","asiatech",0,2,false
665,2001,2,7,7,"7","bar","honda",0,-2,false
665,2001,2,8,8,"8","jaguar","cosworth",0,-2,false
665,2001,2,9,9,"9","prost","acer",0,-2,false
665,2001,2,10,10,"10","benetton","renault",0,0,false
665,2001,2,11,11,"11","minardi","european",0,-2,false
666,2001,3,1,1,"1","ferrari","ferrari",36,0,false
666,2001,3,2,2,"2","mclaren","mercedes",21,0,false
666,2001,3,3,3,"3","sauber","petronas",8,1,false
666,2001,3,4,4,"4","jordan","honda",7,-1,false
666,2001,3,5,5,"5","bar","honda",3,2,false
666,2001,3,6,6,"6","williams","bmw",2,-1,false
666,2001,3,7,7,"7","benetton","renault",1,3,false
666,2001,3,8,8,"8","arrows","asiatech",0,-2,false
666,2001,3,9,9,"9","prost","acer",0,0,false
666,2001,3,10,10,"10","jaguar","cosworth",0,-2,false
666,2001,3,11,11,"11","minardi","european",0,0,false
667,2001,4,1,1,"1","ferrari","ferrari",40,0,false
667,2001,4,2,2,"2","mclaren","mercedes",30,0,false
667,2001,4,3,3,"3","williams","bmw",12,3,false
667,2001,4,4,4,"4","jordan","honda",10,0,false
667,2001,4,5,5,"5","sauber","petronas",8,-2,false
667,2001,4,6,6,"6","bar","honda",3,-1,false
667,2001,4,7,7,"7","benetton","renault",1,0,false
667,2001,4,8,8,"8","arrows","asiatech",0,0,false
667,2001,4,9,9,"9","prost","acer",0,0,false
667,2001,4,10,10,"10","jaguar","cosworth",0,0,false
667,2001,4,11,11,"11","minardi","european",0,0,false
668,2001,5,1,1,"1","ferrari","ferrari",50,0,false
668,2001,5,2,2,"2","mclaren","mercedes",32,0,false
668,2001,5,3,3,"3","williams","bmw",18,0,false
668,2001,5,4,4,"4","jordan","honda",13,0,false
668,2001,5,5,5,"5","sauber","petronas",9,0,false
668,2001,5,6,6,"6","bar","honda",7,0,false
668,2001,5,7,7,"7","benetton","renault",1,0,false
668,2001,5,8,8,"8","arrows","asiatech",0,0,false
668,2001,5,9,9,"9","prost","acer",0,0,false
668,2001,5,10,10,"10","jaguar","cosworth",0,0,false
668,2001,5,11,11,"11","minardi","european",0,0,false
669,2001,6,1,1,"1","ferrari","ferrari",60,0,false
669,2001,6,2,2,"2","mclaren","mercedes",42,0,false
669,2001,6,3,3,"3","williams","bmw",18,0,false
669,2001,6,4,4,"4","jordan","honda",13,0,false
669,2001,6,5,5,"5","sauber","petronas",12,0,false
669,2001,6,6,6,"6","bar","honda",9,0,false
669,2001,6,7,7,"7","arrows","asiatech",1,1,false
669,2001,6,8,8,"8","benetton","renault",1,-1,false
669,2001,6,9,9,"9","jaguar","cosworth",0,1,false
669,2001,6,10,10,"10","prost","acer",0,-1,false
669,2001,6,11,11,"11","minardi","european",0,0,false
670,2001,7,1,1,"1","ferrari","ferrari",76,0,false
670,2001,7,2,2,"2","mclaren","mercedes",44,0,false
670,2001,7,3,3,"3","williams","bmw",18,0,false
670,2001,7,4,4,"4","jordan","honda",13,0,false
670,2001,7,5,5,"5","bar","honda",12,1,false
670,2001,7,6,6,"6","sauber","petronas",12,-1,false
670,2001,7,7,7,"7","jaguar","cosworth",4,2,false
670,2001,7,8,8,"8","arrows","asiatech",1,-1,false
670,2001,7,9,9,"9","benetton","renault",1,-1,false
670,2001,7,10,10,"10","prost","acer",1,0,false
670,2001,7,11,11,"11","minardi","european",0,0,false
671,2001,8,1,1,"1","ferrari","ferrari",82,0,false
671,2001,8,2,2,"2","mclaren","mercedes",48,0,false
671,2001,8,3,3,"3","williams","bmw",28,0,false
671,2001,8,4,4,"4","sauber","petronas",15,2,false
671,2001,8,5,5,"5","jordan","honda",13,-1,false
671,2001,8,6,6,"6","bar","honda",12,-1,false
671,2001,8,7,7,"7","jaguar","cosworth",5,0,false
671,2001,8,8,8,"8","prost","acer",3,2,false
671,2001,8,9,9,"9","arrows","asiatech",1,-1,false
671,2001,8,10,10,"10","benetton","renault",1,-1,false
671,2001,8,11,11,"11","minardi","european",0,0,false
672,2001,9,1,1,"1","ferrari","ferrari",94,0,false
672,2001,9,2,2,"2","mclaren","mercedes",53,0,false
672,2001,9,3,3,"3","williams","bmw",37,0,false
672,2001,9,4,4,"4","sauber","petronas",15,0,false
672,2001,9,5,5,"5","jordan","honda",13,0,false
672,2001,9,6,6,"6","bar","honda",12,0,false
672,2001,9,7,7,"7","jaguar","cosworth",5,0,false
672,2001,9,8,8,"8","prost","acer",3,0,false
672,2001,9,9,9,"9","arrows","asiatech",1,0,false
672,2001,9,10,10,"10","benetton","renault",1,0,false
672,2001,9,11,11,"11","minardi","european",0,0,false
673,2001,10,1,1,"1","ferrari","ferrari",108,0,false
673,2001,10,2,2,"2","mclaren","mercedes",56,0,false
673,2001,10,3,3,"3","williams","bmw",43,0,false
673,2001,10,4,4,"4","sauber","petronas",16,0,false
673,2001,10,5,5,"5","jordan","honda",15,0,false
673,2001,10,6,6,"6","bar","honda",12,0,false
673,2001,10,7,7,"7","jaguar","cosworth",5,0,false
673,2001,10,8,8,"8","prost","acer",3,0,false
673,2001,10,9,9,"9","arrows","asiatech",1,0,false
673,2001,10,10,10,"10","benetton","renault",1,0,false
673,2001,10,11,11,"11","minardi","european",0,0,false
674,2001,11,1,1,"1","ferrari","ferrari",118,0,false
674,2001,11,2,2,"2","mclaren","mercedes",66,0,false
674,2001,11,3,3,"3","williams","bmw",46,0,false
674,2001,11,4,4,"4","sauber","petronas",19,0,false
674,2001,11,5,5,"5","jordan","honda",15,0,false
674,2001,11,6,6,"6","bar","honda",12,0,false
674,2001,11,7,7,"7","jaguar","cosworth",5,0,false
674,2001,11,8,8,"8","prost","acer",3,0,false
674,2001,11,9,9,"9","arrows","asiatech",1,0,false
674,2001,11,10,10,"10","benetton","renault",1,0,false
674,2001,11,11,11,"11","minardi","european",0,0,false
675,2001,12,1,1,"1","ferrari","ferrari",124,0,false
675,2001,12,2,2,"2","mclaren","mercedes",66,0,false
675,2001,12,3,3,"3","williams","bmw",56,0,false
675,2001,12,4,4,"4","sauber","petronas",19,0,false
675,2001,12,5,5,"5","bar","honda",16,1,false
675,2001,12,6,6,"6","jordan","honda",15,-1,false
675,2001,12,7,7,"7","benetton","renault",6,3,false
675,2001,12,8,8,"8","jaguar","cosworth",5,-1,false
675,2001,12,9,9,"9","prost","acer",4,-1,false
675,2001,12,10,10,"10","arrows","asiatech",1,-1,false
675,2001,12,11,11,"11","minardi","european",0,0,false
676,2001,13,1,1,"1","ferrari","ferrari",140,0,true
676,2001,13,2,2,"2","mclaren","mercedes",72,0,false
676,2001,13,3,3,"3","williams","bmw",59,0,false
676,2001,13,4,4,"4","sauber","petronas",20,0,false
676,2001,13,5,5,"5","bar","honda",16,0,false
676,2001,13,6,6,"6","jordan","honda",15,0,false
676,2001,13,7,7,"7","benetton","renault",6,0,false
676,2001,13,8,8,"8","jaguar","cosworth",5,0,false
676,2001,13,9,9,"9","prost","acer",4,0,false
676,2001,13,10,10,"10","arrows","asiatech",1,0,false
676,2001,13,11,11,"11","minardi","european",0,0,false
677,2001,14,1,1,"1","ferrari","ferrari",152,0,true
677,2001,14,2,2,"2","mclaren","mercedes",81,0,false
677,2001,14,3,3,"3","williams","bmw",59,0,false
677,2001,14,4,4,"4","sauber","petronas",20,0,false
677,2001,14,5,5,"5","bar","honda",16,0,false
677,2001,14,6,6,"6","jordan","honda",16,0,false
677,2001,14,7,7,"7","benetton","renault",10,0,false
677,2001,14,8,8,"8","jaguar","cosworth",5,0,false
677,2001,14,9,9,"9","prost","acer",4,0,false
677,2001,14,10,10,"10","arrows","asiatech",1,0,false
677,2001,14,11,11,"11","minardi","european",0,0,false
678,2001,15,1,1,"1","ferrari","ferrari",161,0,true
678,2001,15,2,2,"2","mclaren","mercedes",81,0,false
678,2001,15,3,3,"3","williams","bmw",73,0,false
678,2001,15,4,4,"4","sauber","petronas",20,0,false
678,2001,15,5,5,"5","bar","honda",17,0,false
678,2001,15,6,6,"6","jordan","honda",16,0,false
678,2001,15,7,7,"7","benetton","renault",10,0,false
678,2001,15,8,8,"8","jaguar","cosworth",7,0,false
678,2001,15,9,9,"9","prost","acer",4,0,false
678,2001,15,10,10,"10","arrows","asiatech",1,0,false
678,2001,15,11,11,"11","minardi","european",0,0,false
679,2001,16,1,1,"1","ferrari","ferrari",167,0,true
679,2001,16,2,2,"2","mclaren","mercedes",95,0,false
679,2001,16,3,3,"3","williams","bmw",73,0,false
679,2001,16,4,4,"4","sauber","petronas",21,0,false
679,2001,16,5,5,"5","jordan","honda",19,1,false
679,2001,16,6,6,"6","bar","honda",17,-1,false
679,2001,16,7,7,"7","benetton","renault",10,0,false
679,2001,16,8,8,"8","jaguar","cosworth",9,0,false
679,2001,16,9,9,"9","prost","acer",4,0,false
679,2001,16,10,10,"10","arrows","asiatech",1,0,false
679,2001,16,11,11,"11","minardi","european",0,0,false
680,2001,17,1,1,"1","ferrari","ferrari",179,0,true
680,2001,17,2,2,"2","mclaren","mercedes",102,0,false
680,2001,17,3,3,"3","williams","bmw",80,0,false
680,2001,17,4,4,"4","sauber","petronas",21,0,false
680,2001,17,5,5,"5","jordan","honda",19,0,false
680,2001,17,6,6,"6","bar","honda",17,0,false
680,2001,17,7,7,"7","benetton","renault",10,0,false
680,2001,17,8,8,"8","jaguar","cosworth",9,0,false
680,2001,17,9,9,"9","prost","acer",4,0,false
680,2001,17,10,10,"10","arrows","asiatech",1,0,false
680,2001,17,11,11,"11","minardi","european",0,0,false
681,2002,1,1,1,"1","ferrari","ferrari",10,,false
681,2002,1,2,2,"2","williams","bmw",6,,false
681,2002,1,3,3,"3","mclaren","mercedes",4,,false
681,2002,1,4,4,"4","jaguar","cosworth",3,,false
681,2002,1,5,5,"5","minardi","asiatech",2,,false
681,2002,1,6,6,"6","toyota","toyota",1,,false
682,2002,2,1,1,"1","williams","bmw",22,1,false
682,2002,2,2,2,"2","ferrari","ferrari",14,-1,false
682,2002,2,3,3,"3","mclaren","mercedes",4,0,false
682,2002,2,4,4,"4","jaguar","cosworth",3,0,false
682,2002,2,5,5,"5","renault","renault",3,2,false
682,2002,2,6,6,"6","sauber","petronas",3,1,false
682,2002,2,7,7,"7","minardi","asiatech",2,-2,false
682,2002,2,8,8,"8","toyota","toyota",1,-2,false
682,2002,2,9,9,"9","bar","honda",0,-2,false
682,2002,2,10,10,"10","jordan","honda",0,-3,false
682,2002,2,11,11,"11","arrows","cosworth",0,-4,false
683,2002,3,1,1,"1","williams","bmw",30,0,false
683,2002,3,2,2,"2","ferrari","ferrari",24,0,false
683,2002,3,3,3,"3","mclaren","mercedes",8,0,false
683,2002,3,4,4,"4","renault","renault",6,1,false
683,2002,3,5,5,"5","jaguar","cosworth",3,-1,false
683,2002,3,6,6,"6","sauber","petronas",3,0,false
683,2002,3,7,7,"7","minardi","asiatech",2,0,false
683,2002,3,8,8,"8","toyota","toyota",2,0,false
683,2002,3,9,9,"9","bar","honda",0,0,false
683,2002,3,10,10,"10","jordan","honda",0,0,false
683,2002,3,11,11,"11","arrows","cosworth",0,0,false
684,2002,4,1,1,"1","ferrari","ferrari",40,1,false
684,2002,4,2,2,"2","williams","bmw",37,-1,false
684,2002,4,3,3,"3","mclaren","mercedes",9,0,false
684,2002,4,4,4,"4","renault","renault",8,0,false
684,2002,4,5,5,"5","jaguar","cosworth",3,0,false
684,2002,4,6,6,"6","sauber","petronas",3,0,false
684,2002,4,7,7,"7","minardi","asiatech",2,0,false
684,2002,4,8,8,"8","toyota","toyota",2,0,false
684,2002,4,9,9,"9","bar","honda",0,0,false
684,2002,4,10,10,"10","jordan","honda",0,0,false
684,2002,4,11,11,"11","arrows","cosworth",0,0,false
685,2002,5,1,1,"1","ferrari","ferrari",50,0,false
685,2002,5,2,2,"2","williams","bmw",43,0,false
685,2002,5,3,3,"3","mclaren","mercedes",13,0,false
685,2002,5,4,4,"4","renault","renault",8,0,false
685,2002,5,5,5,"5","sauber","petronas",8,1,false
685,2002,5,6,6,"6","jaguar","cosworth",3,-1,false
685,2002,5,7,7,"7","minardi","asiatech",2,0,false
685,2002,5,8,8,"8","toyota","toyota",2,0,false
685,2002,5,9,9,"9","arrows","cosworth",1,2,false
685,2002,5,10,10,"10","bar","honda",0,-1,false
685,2002,5,11,11,"11","jordan","honda",0,-1,false
686,2002,6,1,1,"1","ferrari","ferrari",66,0,false
686,2002,6,2,2,"2","williams","bmw",50,0,false
686,2002,6,3,3,"3","mclaren","mercedes",14,0,false
686,2002,6,4,4,"4","renault","renault",8,0,false
686,2002,6,5,5,"5","sauber","petronas",8,0,false
686,2002,6,6,6,"6","jaguar","cosworth",3,0,false
686,2002,6,7,7,"7","minardi","asiatech",2,0,false
686,2002,6,8,8,"8","jordan","honda",2,3,false
686,2002,6,9,9,"9","toyota","toyota",2,-1,false
686,2002,6,10,10,"10","arrows","cosworth",1,-1,false
686,2002,6,11,11,"11","bar","honda",0,-1,false
687,2002,7,1,1,"1","ferrari","ferrari",72,0,false
687,2002,7,2,2,"2","williams","bmw",54,0,false
687,2002,7,3,3,"3","mclaren","mercedes",24,0,false
687,2002,7,4,4,"4","renault","renault",11,0,false
687,2002,7,5,5,"5","sauber","petronas",8,0,false
687,2002,7,6,6,"6","jordan","honda",4,2,false
687,2002,7,7,7,"7","jaguar","cosworth",3,-1,false
687,2002,7,8,8,"8","minardi","asiatech",2,-1,false
687,2002,7,9,9,"9","toyota","toyota",2,0,false
687,2002,7,10,10,"10","arrows","cosworth",2,0,false
687,2002,7,11,11,"11","bar","honda",0,0,false
688,2002,8,1,1,"1","ferrari","ferrari",86,0,false
688,2002,8,2,2,"2","williams","bmw",54,0,false
688,2002,8,3,3,"3","mclaren","mercedes",33,0,false
688,2002,8,4,4,"4","renault","renault",12,0,false
688,2002,8,5,5,"5","sauber","petronas",8,0,false
688,2002,8,6,6,"6","jordan","honda",6,0,false
688,2002,8,7,7,"7","jaguar","cosworth",3,0,false
688,2002,8,8,8,"8","minardi","asiatech",2,0,false
688,2002,8,9,9,"9","toyota","toyota",2,0,false
688,2002,8,10,10,"10","arrows","cosworth",2,0,false
688,2002,8,11,11,"11","bar","honda",0,0,false
689,2002,9,1,1,"1","ferrari","ferrari",102,0,false
689,2002,9,2,2,"2","williams","bmw",57,0,false
689,2002,9,3,3,"3","mclaren","mercedes",37,0,false
689,2002,9,4,4,"4","renault","renault",14,0,false
689,2002,9,5,5,"5","sauber","petronas",9,0,false
689,2002,9,6,6,"6","jordan","honda",6,0,false
689,2002,9,7,7,"7","jaguar","cosworth",3,0,false
689,2002,9,8,8,"8","minardi","asiatech",2,0,false
689,2002,9,9,9,"9","toyota","toyota",2,0,false
689,2002,9,10,10,"10","arrows","cosworth",2,0,false
689,2002,9,11,11,"11","bar","honda",0,0,false
690,2002,10,1,1,"1","ferrari","ferrari",118,0,false
690,2002,10,2,2,"2","williams","bmw",61,0,false
690,2002,10,3,3,"3","mclaren","mercedes",37,0,false
690,2002,10,4,4,"4","renault","renault",14,0,false
690,2002,10,5,5,"5","sauber","petronas",10,0,false
690,2002,10,6,6,"6","jordan","honda",6,0,false
690,2002,10,7,7,"7","bar","honda",5,4,false
690,2002,10,8,8,"8","jaguar","cosworth",3,-1,false
690,2002,10,9,9,"9","minardi","asiatech",2,-1,false
690,2002,10,10,10,"10","toyota","toyota",2,-1,false
690,2002,10,11,11,"11","arrows","cosworth",2,-1,false
691,2002,11,1,1,"1","ferrari","ferrari",128,0,false
691,2002,11,2,2,"2","williams","bmw",66,0,false
691,2002,11,3,3,"3","mclaren","mercedes",47,0,false
691,2002,11,4,4,"4","renault","renault",15,0,false
691,2002,11,5,5,"5","sauber","petronas",10,0,false
691,2002,11,6,6,"6","jordan","honda",6,0,false
691,2002,11,7,7,"7","bar","honda",5,0,false
691,2002,11,8,8,"8","jaguar","cosworth",3,0,false
691,2002,11,9,9,"9","minardi","asiatech",2,0,false
691,2002,11,10,10,"10","toyota","toyota",2,0,false
691,2002,11,11,11,"11","arrows","cosworth",2,0,false
692,2002,12,1,1,"1","ferrari","ferrari",141,0,false
692,2002,12,2,2,"2","williams","bmw",76,0,false
692,2002,12,3,3,"3","mclaren","mercedes",49,0,false
692,2002,12,4,4,"4","renault","renault",15,0,false
692,2002,12,5,5,"5","sauber","petronas",11,0,false
692,2002,12,6,6,"6","jordan","honda",6,0,false
692,2002,12,7,7,"7","bar","honda",5,0,false
692,2002,12,8,8,"8","jaguar","cosworth",3,0,false
692,2002,12,9,9,"9","minardi","asiatech",2,0,false
692,2002,12,10,10,"10","toyota","toyota",2,0,false
692,2002,12,11,11,"11","arrows","cosworth",2,0,false
693,2002,13,1,1,"1","ferrari","ferrari",157,0,true
693,2002,13,2,2,"2","williams","bmw",80,0,false
693,2002,13,3,3,"3","mclaren","mercedes",54,0,false
693,2002,13,4,4,"4","renault","renault",15,0,false
693,2002,13,5,5,"5","sauber","petronas",11,0,false
693,2002,13,6,6,"6","jordan","honda",7,0,false
693,2002,13,7,7,"7","bar","honda",5,0,false
693,2002,13,8,8,"8","jaguar","cosworth",3,0,false
693,2002,13,9,9,"9","minardi","asiatech",2,0,false
693,2002,13,10,10,"10","toyota","toyota",2,0,false
693,2002,13,11,11,"11","arrows","cosworth",2,0,false
694,2002,14,1,1,"1","ferrari","ferrari",173,0,true
694,2002,14,2,2,"2","williams","bmw",86,0,false
694,2002,14,3,3,"3","mclaren","mercedes",57,0,false
694,2002,14,4,4,"4","renault","renault",15,0,false
694,2002,14,5,5,"5","sauber","petronas",11,0,false
694,2002,14,6,6,"6","jordan","honda",7,0,false
694,2002,14,7,7,"7","bar","honda",5,0,false
694,2002,14,8,8,"8","jaguar","cosworth",4,0,false
694,2002,14,9,9,"9","minardi","asiatech",2,0,false
694,2002,14,10,10,"10","toyota","toyota",2,0,false
694,2002,14,11,11,"11","arrows","cosworth",2,0,false
695,2002,15,1,1,"1","ferrari","ferrari",189,0,true
695,2002,15,2,2,"2","williams","bmw",86,0,false
695,2002,15,3,3,"3","mclaren","mercedes",57,0,false
695,2002,15,4,4,"4","renault","renault",20,0,false
695,2002,15,5,5,"5","sauber","petronas",11,0,false
695,2002,15,6,6,"6","jaguar","cosworth",8,2,false
695,2002,15,7,7,"7","jordan","honda",7,-1,false
695,2002,15,8,8,"8","bar","honda",6,-1,false
695,2002,15,9,9,"9","minardi","asiatech",2,0,false
695,2002,15,10,10,"10","toyota","toyota",2,0,false
695,2002,15,11,11,"11","arrows","cosworth",2,0,false
696,2002,16,1,1,"1","ferrari","ferrari",205,0,true
696,2002,16,2,2,"2","williams","bmw",89,0,false
696,2002,16,3,3,"3","mclaren","mercedes",61,0,false
696,2002,16,4,4,"4","renault","renault",22,0,false
696,2002,16,5,5,"5","sauber","petronas",11,0,false
696,2002,16,6,6,"6","jaguar","cosworth",8,0,false
696,2002,16,7,7,"7","bar","honda",7,1,false
696,2002,16,8,8,"8","jordan","honda",7,-1,false
696,2002,16,9,9,"9","minardi","asiatech",2,0,false
696,2002,16,10,10,"10","toyota","toyota",2,0,false
696,2002,16,11,11,"11","arrows","cosworth",2,0,false
697,2002,17,1,1,"1","ferrari","ferrari",221,0,true
697,2002,17,2,2,"2","williams","bmw",92,0,false
697,2002,17,3,3,"3","mclaren","mercedes",65,0,false
697,2002,17,4,4,"4","renault","renault",23,0,false
697,2002,17,5,5,"5","sauber","petronas",11,0,false
697,2002,17,6,6,"6","jordan","honda",9,2,false
697,2002,17,7,7,"7","jaguar","cosworth",8,-1,false
697,2002,17,8,8,"8","bar","honda",7,-1,false
697,2002,17,9,9,"9","minardi","asiatech",2,0,false
697,2002,17,10,10,"10","toyota","toyota",2,0,false
697,2002,17,11,11,"11","arrows","cosworth",2,0,false
698,2003,1,1,1,"1","mclaren","mercedes",16,,false
698,2003,1,2,2,"2","williams","bmw",9,,false
698,2003,1,3,3,"3","renault","renault",6,,false
698,2003,1,4,4,"4","ferrari","ferrari",5,,false
698,2003,1,5,5,"5","sauber","petronas",3,,false
698,2003,1,6,6,"6","bar","honda",0,,false
698,2003,1,7,7,"7","minardi","cosworth",0,,false
698,2003,1,8,8,"8","jordan","ford",0,,false
698,2003,1,9,9,"9","jaguar","cosworth",0,,false
699,2003,2,1,1,"1","mclaren","mercedes",26,0,false
699,2003,2,2,2,"2","ferrari","ferrari",16,2,false
699,2003,2,3,3,"3","renault","renault",16,0,false
699,2003,2,4,4,"4","williams","bmw",14,-2,false
699,2003,2,5,5,"5","sauber","petronas",4,0,false
699,2003,2,6,6,"6","bar","honda",2,0,false
699,2003,2,7,7,"7","jordan","ford",0,1,false
699,2003,2,8,8,"8","minardi","cosworth",0,-1,false
699,2003,2,9,9,"9","toyota","toyota",0,1,false
699,2003,2,10,10,"10","jaguar","cosworth",0,-1,false
700,2003,3,1,1,"1","mclaren","mercedes",39,0,false
700,2003,3,2,2,"2","renault","renault",23,1,false
700,2003,3,3,3,"3","ferrari","ferrari",16,-1,false
700,2003,3,4,4,"4","williams","bmw",16,0,false
700,2003,3,5,5,"5","jordan","ford",10,2,false
700,2003,3,6,6,"6","sauber","petronas",8,-1,false
700,2003,3,7,7,"7","bar","honda",5,-1,false
700,2003,3,8,8,"8","jaguar","cosworth",0,2,false
700,2003,3,9,9,"9","toyota","toyota",0,0,false
700,2003,3,10,10,"10","minardi","cosworth",0,-2,false
701,2003,4,1,1,"1","mclaren","mercedes",51,0,false
701,2003,4,2,2,"2","ferrari","ferrari",32,1,false
701,2003,4,3,3,"3","renault","renault",26,-1,false
701,2003,4,4,4,"4","williams","bmw",23,0,false
701,2003,4,5,5,"5","jordan","ford",10,0,false
701,2003,4,6,6,"6","sauber","petronas",8,0,false
701,2003,4,7,7,"7","bar","honda",6,0,false
701,2003,4,8,8,"8","toyota","toyota",0,1,false
701,2003,4,9,9,"9","jaguar","cosworth",0,-1,false
701,2003,4,10,10,"10","minardi","cosworth",0,0,false
702,2003,5,1,1,"1","mclaren","mercedes",51,0,false
702,2003,5,2,2,"2","ferrari","ferrari",48,0,false
702,2003,5,3,3,"3","renault","renault",34,0,false
702,2003,5,4,4,"4","williams","bmw",32,0,false
702,2003,5,5,5,"5","jordan","ford",11,0,false
702,2003,5,6,6,"6","sauber","petronas",8,0,false
702,2003,5,7,7,"7","bar","honda",6,0,false
702,2003,5,8,8,"8","toyota","toyota",3,0,false
702,2003,5,9,9,"9","jaguar","cosworth",2,0,false
702,2003,5,10,10,"10","minardi","cosworth",0,0,false
703,2003,6,1,1,"1","ferrari","ferrari",64,1,false
703,2003,6,2,2,"2","mclaren","mercedes",63,-1,false
703,2003,6,3,3,"3","renault","renault",35,0,false
703,2003,6,4,4,"4","williams","bmw",35,0,false
703,2003,6,5,5,"5","jordan","ford",11,0,false
703,2003,6,6,6,"6","bar","honda",11,1,false
703,2003,6,7,7,"7","sauber","petronas",8,-1,false
703,2003,6,8,8,"8","jaguar","cosworth",4,1,false
703,2003,6,9,9,"9","toyota","toyota",3,-1,false
703,2003,6,10,10,"10","minardi","cosworth",0,0,false
704,2003,7,1,1,"1","mclaren","mercedes",73,1,false
704,2003,7,2,2,"2","ferrari","ferrari",71,-1,false
704,2003,7,3,3,"3","williams","bmw",50,1,false
704,2003,7,4,4,"4","renault","renault",42,-1,false
704,2003,7,5,5,"5","jordan","ford",11,0,false
704,2003,7,6,6,"6","bar","honda",11,0,false
704,2003,7,7,7,"7","sauber","petronas",8,0,false
704,2003,7,8,8,"8","jaguar","cosworth",4,0,false
704,2003,7,9,9,"9","toyota","toyota",3,0,false
704,2003,7,10,10,"10","minardi","cosworth",0,0,false
705,2003,8,1,1,"1","ferrari","ferrari",85,1,false
705,2003,8,2,2,"2","mclaren","mercedes",76,-1,false
705,2003,8,3,3,"3","williams","bmw",64,0,false
705,2003,8,4,4,"4","renault","renault",47,0,false
705,2003,8,5,5,"5","jordan","ford",11,0,false
705,2003,8,6,6,"6","bar","honda",11,0,false
705,2003,8,7,7,"7","sauber","petronas",8,0,false
705,2003,8,8,8,"8","jaguar","cosworth",6,0,false
705,2003,8,9,9,"9","toyota","toyota",4,0,false
705,2003,8,10,10,"10","minardi","cosworth",0,0,false
706,2003,9,1,1,"1","ferrari","ferrari",95,0,false
706,2003,9,2,2,"2","williams","bmw",82,1,false
706,2003,9,3,3,"3","mclaren","mercedes",76,-1,false
706,2003,9,4,4,"4","renault","renault",52,0,false
706,2003,9,5,5,"5","bar","honda",13,1,false
706,2003,9,6,6,"6","jordan","ford",11,-1,false
706,2003,9,7,7,"7","sauber","petronas",9,0,false
706,2003,9,8,8,"8","jaguar","cosworth",9,0,false
706,2003,9,9,9,"9","toyota","toyota",4,0,false
706,2003,9,10,10,"10","minardi","cosworth",0,0,false
707,2003,10,1,1,"1","ferrari","ferrari",103,0,false
707,2003,10,2,2,"2","williams","bmw",100,0,false
707,2003,10,3,3,"3","mclaren","mercedes",85,0,false
707,2003,10,4,4,"4","renault","renault",52,0,false
707,2003,10,5,5,"5","bar","honda",13,0,false
707,2003,10,6,6,"6","jaguar","cosworth",12,2,false
707,2003,10,7,7,"7","jordan","ford",11,-1,false
707,2003,10,8,8,"8","sauber","petronas",9,-1,false
707,2003,10,9,9,"9","toyota","toyota",5,0,false
707,2003,10,10,10,"10","minardi","cosworth",0,0,false
708,2003,11,1,1,"1","ferrari","ferrari",118,0,false
708,2003,11,2,2,"2","williams","bmw",108,0,false
708,2003,11,3,3,"3","mclaren","mercedes",95,0,false
708,2003,11,4,4,"4","renault","renault",55,0,false
708,2003,11,5,5,"5","bar","honda",14,0,false
708,2003,11,6,6,"6","jaguar","cosworth",12,0,false
708,2003,11,7,7,"7","jordan","ford",11,0,false
708,2003,11,8,8,"8","sauber","petronas",9,0,false
708,2003,11,9,9,"9","toyota","toyota",7,0,false
708,2003,11,10,10,"10","minardi","cosworth",0,0,false
709,2003,12,1,1,"1","ferrari","ferrari",120,0,false
709,2003,12,2,2,"2","williams","bmw",118,0,false
709,2003,12,3,3,"3","mclaren","mercedes",103,0,false
709,2003,12,4,4,"4","renault","renault",66,0,false
709,2003,12,5,5,"5","bar","honda",15,0,false
709,2003,12,6,6,"6","toyota","toyota",14,3,false
709,2003,12,7,7,"7","jaguar","cosworth",12,-1,false
709,2003,12,8,8,"8","jordan","ford",11,-1,false
709,2003,12,9,9,"9","sauber","petronas",9,-1,false
709,2003,12,10,10,"10","minardi","cosworth",0,0,false
710,2003,13,1,1,"1","williams","bmw",129,1,false
710,2003,13,2,2,"2","ferrari","ferrari",121,-1,false
710,2003,13,3,3,"3","mclaren","mercedes",115,0,false
710,2003,13,4,4,"4","renault","renault",78,0,false
710,2003,13,5,5,"5","bar","honda",15,0,false
710,2003,13,6,6,"6","jaguar","cosworth",15,1,false
710,2003,13,7,7,"7","toyota","toyota",14,-1,false
710,2003,13,8,8,"8","jordan","ford",11,0,false
710,2003,13,9,9,"9","sauber","petronas",9,0,false
710,2003,13,10,10,"10","minardi","cosworth",0,0,false
711,2003,14,1,1,"1","williams","bmw",141,0,false
711,2003,14,2,2,"2","ferrari","ferrari",137,0,false
711,2003,14,3,3,"3","mclaren","mercedes",120,0,false
711,2003,14,4,4,"4","renault","renault",79,0,false
711,2003,14,5,5,"5","bar","honda",18,0,false
711,2003,14,6,6,"6","jaguar","cosworth",17,0,false
711,2003,14,7,7,"7","toyota","toyota",14,0,false
711,2003,14,8,8,"8","jordan","ford",11,0,false
711,2003,14,9,9,"9","sauber","petronas",9,0,false
711,2003,14,10,10,"10","minardi","cosworth",0,0,false
712,2003,15,1,1,"1","ferrari","ferrari",147,1,false
712,2003,15,2,2,"2","williams","bmw",144,-1,false
712,2003,15,3,3,"3","mclaren","mercedes",128,0,false
712,2003,15,4,4,"4","renault","renault",84,0,false
712,2003,15,5,5,"5","sauber","petronas",19,4,false
712,2003,15,6,6,"6","bar","honda",18,-1,false
712,2003,15,7,7,"7","jaguar","cosworth",18,-1,false
712,2003,15,8,8,"8","toyota","toyota",14,-1,false
712,2003,15,9,9,"9","jordan","ford",13,-1,false
712,2003,15,10,10,"10","minardi","cosworth",0,0,false
713,2003,16,1,1,"1","ferrari","ferrari",158,0,true
713,2003,16,2,2,"2","williams","bmw",144,0,false
713,2003,16,3,3,"3","mclaren","mercedes",142,0,false
713,2003,16,4,4,"4","renault","renault",88,0,false
713,2003,16,5,5,"5","bar","honda",26,1,false
713,2003,16,6,6,"6","sauber","petronas",19,-1,false
713,2003,16,7,7,"7","jaguar","cosworth",18,0,false
713,2003,16,8,8,"8","toyota","toyota",16,0,false
713,2003,16,9,9,"9","jordan","ford",13,0,false
713,2003,16,10,10,"10","minardi","cosworth",0,0,false
714,2004,1,1,1,"1","ferrari","ferrari",18,,false
714,2004,1,2,2,"2","williams","bmw",9,,false
714,2004,1,3,3,"3","renault","renault",8,,false
714,2004,1,4,4,"4","bar","honda",3,,false
714,2004,1,5,5,"5","mclaren","mercedes",1,,false
714,2004,1,6,6,"6","sauber","petronas",0,,false
714,2004,1,7,7,"7","jaguar","cosworth",0,,false
714,2004,1,8,8,"8","toyota","toyota",0,,false
714,2004,1,9,9,"9","jordan","ford",0,,false
715,2004,2,1,1,"1","ferrari","ferrari",33,0,false
715,2004,2,2,2,"2","williams","bmw",17,0,false
715,2004,2,3,3,"3","renault","renault",14,0,false
715,2004,2,4,4,"4","bar","honda",9,0,false
715,2004,2,5,5,"5","mclaren","mercedes",4,0,false
715,2004,2,6,6,"6","sauber","petronas",1,0,false
715,2004,2,7,7,"7","toyota","toyota",0,1,false
715,2004,2,8,8,"8","jaguar","cosworth",0,-1,false
715,2004,2,9,9,"9","jordan","ford",0,0,false
715,2004,2,10,10,"10","minardi","cosworth",0,0,false
716,2004,3,1,1,"1","ferrari","ferrari",51,0,false
716,2004,3,2,2,"2","renault","renault",22,1,false
716,2004,3,3,3,"3","williams","bmw",19,-1,false
716,2004,3,4,4,"4","bar","honda",19,0,false
716,2004,3,5,5,"5","mclaren","mercedes",4,0,false
716,2004,3,6,6,"6","sauber","petronas",1,0,false
716,2004,3,7,7,"7","jaguar","cosworth",1,1,false
716,2004,3,8,8,"8","toyota","toyota",0,-1,false
716,2004,3,9,9,"9","jordan","ford",0,0,false
716,2004,3,10,10,"10","minardi","cosworth",0,0,false
717,2004,4,1,1,"1","ferrari","ferrari",64,0,false
717,2004,4,2,2,"2","renault","renault",31,0,false
717,2004,4,3,3,"3","bar","honda",27,1,false
717,2004,4,4,4,"4","williams","bmw",27,-1,false
717,2004,4,5,5,"5","mclaren","mercedes",5,0,false
717,2004,4,6,6,"6","sauber","petronas",1,0,false
717,2004,4,7,7,"7","jaguar","cosworth",1,0,false
717,2004,4,8,8,"8","toyota","toyota",0,0,false
717,2004,4,9,9,"9","jordan","ford",0,0,false
717,2004,4,10,10,"10","minardi","cosworth",0,0,false
718,2004,5,1,1,"1","ferrari","ferrari",82,0,false
718,2004,5,2,2,"2","renault","renault",42,0,false
718,2004,5,3,3,"3","bar","honda",32,0,false
718,2004,5,4,4,"4","williams","bmw",30,0,false
718,2004,5,5,5,"5","mclaren","mercedes",5,0,false
718,2004,5,6,6,"6","sauber","petronas",3,0,false
718,2004,5,7,7,"7","jaguar","cosworth",1,0,false
718,2004,5,8,8,"8","toyota","toyota",0,0,false
718,2004,5,9,9,"9","jordan","ford",0,0,false
718,2004,5,10,10,"10","minardi","cosworth",0,0,false
719,2004,6,1,1,"1","ferrari","ferrari",88,0,false
719,2004,6,2,2,"2","renault","renault",52,0,false
719,2004,6,3,3,"3","bar","honda",40,0,false
719,2004,6,4,4,"4","williams","bmw",35,0,false
719,2004,6,5,5,"5","sauber","petronas",7,1,false
719,2004,6,6,6,"6","mclaren","mercedes",5,-1,false
719,2004,6,7,7,"7","toyota","toyota",4,1,false
719,2004,6,8,8,"8","jordan","ford",2,1,false
719,2004,6,9,9,"9","jaguar","cosworth",1,-2,false
719,2004,6,10,10,"10","minardi","cosworth",0,0,false
720,2004,7,1,1,"1","ferrari","ferrari",106,0,false
720,2004,7,2,2,"2","renault","renault",61,0,false
720,2004,7,3,3,"3","bar","honda",46,0,false
720,2004,7,4,4,"4","williams","bmw",36,0,false
720,2004,7,5,5,"5","sauber","petronas",10,0,false
720,2004,7,6,6,"6","mclaren","mercedes",5,0,false
720,2004,7,7,7,"7","toyota","toyota",4,0,false
720,2004,7,8,8,"8","jaguar","cosworth",3,1,false
720,2004,7,9,9,"9","jordan","ford",2,-1,false
720,2004,7,10,10,"10","minardi","cosworth",0,0,false
721,2004,8,1,1,"1","ferrari","ferrari",124,0,false
721,2004,8,2,2,"2","renault","renault",61,0,false
721,2004,8,3,3,"3","bar","honda",52,0,false
721,2004,8,4,4,"4","williams","bmw",36,0,false
721,2004,8,5,5,"5","sauber","petronas",15,0,false
721,2004,8,6,6,"6","mclaren","mercedes",12,0,false
721,2004,8,7,7,"7","jordan","ford",5,2,false
721,2004,8,8,8,"8","toyota","toyota",4,-1,false
721,2004,8,9,9,"9","jaguar","cosworth",3,-1,false
721,2004,8,10,10,"10","minardi","cosworth",0,0,false
722,2004,9,1,1,"1","ferrari","ferrari",142,0,false
722,2004,9,2,2,"2","renault","renault",66,0,false
722,2004,9,3,3,"3","bar","honda",58,0,false
722,2004,9,4,4,"4","williams","bmw",36,0,false
722,2004,9,5,5,"5","mclaren","mercedes",17,1,false
722,2004,9,6,6,"6","sauber","petronas",15,-1,false
722,2004,9,7,7,"7","toyota","toyota",8,1,false
722,2004,9,8,8,"8","jordan","ford",5,-1,false
722,2004,9,9,9,"9","jaguar","cosworth",3,0,false
722,2004,9,10,10,"10","minardi","cosworth",1,0,false
723,2004,10,1,1,"1","ferrari","ferrari",158,0,false
723,2004,10,2,2,"2","renault","renault",79,0,false
723,2004,10,3,3,"3","bar","honda",62,0,false
723,2004,10,4,4,"4","williams","bmw",37,0,false
723,2004,10,5,5,"5","mclaren","mercedes",22,0,false
723,2004,10,6,6,"6","sauber","petronas",15,0,false
723,2004,10,7,7,"7","toyota","toyota",8,0,false
723,2004,10,8,8,"8","jordan","ford",5,0,false
723,2004,10,9,9,"9","jaguar","cosworth",3,0,false
723,2004,10,10,10,"10","minardi","cosworth",1,0,false
724,2004,11,1,1,"1","ferrari","ferrari",174,0,false
724,2004,11,2,2,"2","renault","renault",79,0,false
724,2004,11,3,3,"3","bar","honda",67,0,false
724,2004,11,4,4,"4","williams","bmw",41,0,false
724,2004,11,5,5,"5","mclaren","mercedes",32,0,false
724,2004,11,6,6,"6","sauber","petronas",18,0,false
724,2004,11,7,7,"7","toyota","toyota",8,0,false
724,2004,11,8,8,"8","jordan","ford",5,0,false
724,2004,11,9,9,"9","jaguar","cosworth",4,0,false
724,2004,11,10,10,"10","minardi","cosworth",1,0,false
725,2004,12,1,1,"1","ferrari","ferrari",184,0,false
725,2004,12,2,2,"2","renault","renault",85,0,false
725,2004,12,3,3,"3","bar","honda",76,0,false
725,2004,12,4,4,"4","williams","bmw",47,0,false
725,2004,12,5,5,"5","mclaren","mercedes",37,0,false
725,2004,12,6,6,"6","sauber","petronas",18,0,false
725,2004,12,7,7,"7","toyota","toyota",8,0,false
725,2004,12,8,8,"8","jaguar","cosworth",7,1,false
725,2004,12,9,9,"9","jordan","ford",5,-1,false
725,2004,12,10,10,"10","minardi","cosworth",1,0,false
726,2004,13,1,1,"1","ferrari","ferrari",202,0,true
726,2004,13,2,2,"2","renault","renault",91,0,false
726,2004,13,3,3,"3","bar","honda",83,0,false
726,2004,13,4,4,"4","williams","bmw",54,0,false
726,2004,13,5,5,"5","mclaren","mercedes",37,0,false
726,2004,13,6,6,"6","sauber","petronas",19,0,false
726,2004,13,7,7,"7","toyota","toyota",8,0,false
726,2004,13,8,8,"8","jaguar","cosworth",7,0,false
726,2004,13,9,9,"9","jordan","ford",5,0,false
726,2004,13,10,10,"10","minardi","cosworth",1,0,false
727,2004,14,1,1,"1","ferrari","ferrari",216,0,true
727,2004,14,2,2,"2","renault","renault",91,0,false
727,2004,14,3,3,"3","bar","honda",83,0,false
727,2004,14,4,4,"4","williams","bmw",54,0,false
727,2004,14,5,5,"5","mclaren","mercedes",49,0,false
727,2004,14,6,6,"6","sauber","petronas",28,0,false
727,2004,14,7,7,"7","jaguar","cosworth",10,1,false
727,2004,14,8,8,"8","toyota","toyota",9,-1,false
727,2004,14,9,9,"9","jordan","ford",5,0,false
727,2004,14,10,10,"10","minardi","cosworth",1,0,false
728,2004,15,1,1,"1","ferrari","ferrari",234,0,true
728,2004,15,2,2,"2","bar","honda",94,1,false
728,2004,15,3,3,"3","renault","renault",91,-1,false
728,2004,15,4,4,"4","williams","bmw",60,0,false
728,2004,15,5,5,"5","mclaren","mercedes",52,0,false
728,2004,15,6,6,"6","sauber","petronas",29,0,false
728,2004,15,7,7,"7","jaguar","cosworth",10,0,false
728,2004,15,8,8,"8","toyota","toyota",9,0,false
728,2004,15,9,9,"9","jordan","ford",5,0,false
728,2004,15,10,10,"10","minardi","cosworth",1,0,false
729,2004,16,1,1,"1","ferrari","ferrari",244,0,true
729,2004,16,2,2,"2","bar","honda",105,0,false
729,2004,16,3,3,"3","renault","renault",96,0,false
729,2004,16,4,4,"4","williams","bmw",64,0,false
729,2004,16,5,5,"5","mclaren","mercedes",58,0,false
729,2004,16,6,6,"6","sauber","petronas",32,0,false
729,2004,16,7,7,"7","jaguar","cosworth",10,0,false
729,2004,16,8,8,"8","toyota","toyota",9,0,false
729,2004,16,9,9,"9","jordan","ford",5,0,false
729,2004,16,10,10,"10","minardi","cosworth",1,0,false
730,2004,17,1,1,"1","ferrari","ferrari",254,0,true
730,2004,17,2,2,"2","bar","honda",116,0,false
730,2004,17,3,3,"3","renault","renault",100,0,false
730,2004,17,4,4,"4","williams","bmw",74,0,false
730,2004,17,5,5,"5","mclaren","mercedes",61,0,false
730,2004,17,6,6,"6","sauber","petronas",33,0,false
730,2004,17,7,7,"7","jaguar","cosworth",10,0,false
730,2004,17,8,8,"8","toyota","toyota",9,0,false
730,2004,17,9,9,"9","jordan","ford",5,0,false
730,2004,17,10,10,"10","minardi","cosworth",1,0,false
731,2004,18,1,1,"1","ferrari","ferrari",262,0,true
731,2004,18,2,2,"2","bar","honda",119,0,false
731,2004,18,3,3,"3","renault","renault",105,0,false
731,2004,18,4,4,"4","williams","bmw",88,0,false
731,2004,18,5,5,"5","mclaren","mercedes",69,0,false
731,2004,18,6,6,"6","sauber","petronas",34,0,false
731,2004,18,7,7,"7","jaguar","cosworth",10,0,false
731,2004,18,8,8,"8","toyota","toyota",9,0,false
731,2004,18,9,9,"9","jordan","ford",5,0,false
731,2004,18,10,10,"10","minardi","cosworth",1,0,false
732,2005,1,1,1,"1","renault","renault",16,,false
732,2005,1,2,2,"2","ferrari","ferrari",8,,false
732,2005,1,3,3,"3","red-bull","cosworth",7,,false
732,2005,1,4,4,"4","williams","bmw",4,,false
732,2005,1,5,5,"5","mclaren","mercedes",4,,false
732,2005,1,6,6,"6","toyota","toyota",0,,false
732,2005,1,7,7,"7","sauber","petronas",0,,false
732,2005,1,8,8,"8","bar","honda",0,,false
732,2005,1,9,9,"9","jordan","toyota",0,,false
732,2005,1,10,10,"10","minardi","cosworth",0,,false
733,2005,2,1,1,"1","renault","renault",26,0,false
733,2005,2,2,2,"2","toyota","toyota",12,4,false
733,2005,2,3,3,"3","red-bull","cosworth",11,0,false
733,2005,2,4,4,"4","ferrari","ferrari",10,-2,false
733,2005,2,5,5,"5","williams","bmw",10,-1,false
733,2005,2,6,6,"6","mclaren","mercedes",9,-1,false
733,2005,2,7,7,"7","sauber","petronas",0,0,false
733,2005,2,8,8,"8","jordan","toyota",0,1,false
733,2005,2,9,9,"9","bar","honda",0,-1,false
733,2005,2,10,10,"10","minardi","cosworth",0,0,false
734,2005,3,1,1,"1","renault","renault",36,0,false
734,2005,3,2,2,"2","toyota","toyota",25,0,false
734,2005,3,3,3,"3","mclaren","mercedes",19,3,false
734,2005,3,4,4,"4","williams","bmw",13,1,false
734,2005,3,5,5,"5","red-bull","cosworth",12,-2,false
734,2005,3,6,6,"6","ferrari","ferrari",10,-2,false
734,2005,3,7,7,"7","sauber","petronas",2,0,false
734,2005,3,8,8,"8","jordan","toyota",0,0,false
734,2005,3,9,9,"9","bar","honda",0,0,false
734,2005,3,10,10,"10","minardi","cosworth",0,0,false
735,2005,4,1,1,"1","renault","renault",46,0,false
735,2005,4,2,2,"2","toyota","toyota",29,0,false
735,2005,4,3,3,"3","mclaren","mercedes",25,0,false
735,2005,4,4,4,"4","ferrari","ferrari",18,2,false
735,2005,4,5,5,"5","williams","bmw",18,-1,false
735,2005,4,6,6,"6","red-bull","cosworth",13,-1,false
735,2005,4,7,7,"7","sauber","petronas",7,0,false
735,2005,4,8,8,"8","jordan","toyota",0,0,false
735,2005,4,9,9,"9","bar","honda",0,0,false
735,2005,4,10,10,"10","minardi","cosworth",0,0,false
736,2005,5,1,1,"1","renault","renault",58,0,false
736,2005,5,2,2,"2","toyota","toyota",40,0,false
736,2005,5,3,3,"3","mclaren","mercedes",37,0,false
736,2005,5,4,4,"4","williams","bmw",21,1,false
736,2005,5,5,5,"5","ferrari","ferrari",18,-1,false
736,2005,5,6,6,"6","red-bull","cosworth",14,0,false
736,2005,5,7,7,"7","sauber","petronas",7,0,false
736,2005,5,8,8,"8","jordan","toyota",0,0,false
736,2005,5,9,9,"9","bar","honda",0,0,false
736,2005,5,10,10,"10","minardi","cosworth",0,0,false
737,2005,6,1,1,"1","renault","renault",63,0,false
737,2005,6,2,2,"2","mclaren","mercedes",51,1,false
737,2005,6,3,3,"3","toyota","toyota",43,-1,false
737,2005,6,4,4,"4","williams","bmw",35,0,false
737,2005,6,5,5,"5","ferrari","ferrari",21,0,false
737,2005,6,6,6,"6","red-bull","cosworth",14,0,false
737,2005,6,7,7,"7","sauber","petronas",7,0,false
737,2005,6,8,8,"8","jordan","toyota",0,0,false
737,2005,6,9,9,"9","bar","honda",0,0,false
737,2005,6,10,10,"10","minardi","cosworth",0,0,false
738,2005,7,1,1,"1","renault","renault",76,0,false
738,2005,7,2,2,"2","mclaren","mercedes",53,0,false
738,2005,7,3,3,"3","toyota","toyota",44,0,false
738,2005,7,4,4,"4","williams","bmw",43,0,false
738,2005,7,5,5,"5","ferrari","ferrari",31,0,false
738,2005,7,6,6,"6","red-bull","cosworth",19,0,false
738,2005,7,7,7,"7","sauber","petronas",7,0,false
738,2005,7,8,8,"8","jordan","toyota",0,0,false
738,2005,7,9,9,"9","bar","honda",0,0,false
738,2005,7,10,10,"10","minardi","cosworth",0,0,false
739,2005,8,1,1,"1","renault","renault",76,0,false
739,2005,8,2,2,"2","mclaren","mercedes",63,0,false
739,2005,8,3,3,"3","williams","bmw",47,1,false
739,2005,8,4,4,"4","toyota","toyota",47,-1,false
739,2005,8,5,5,"5","ferrari","ferrari",45,0,false
739,2005,8,6,6,"6","red-bull","cosworth",22,0,false
739,2005,8,7,7,"7","sauber","petronas",12,0,false
739,2005,8,8,8,"8","jordan","toyota",0,0,false
739,2005,8,9,9,"9","bar","honda",0,0,false
739,2005,8,10,10,"10","minardi","cosworth",0,0,false
740,2005,9,1,1,"1","renault","renault",76,0,false
740,2005,9,2,2,"2","mclaren","mercedes",63,0,false
740,2005,9,3,3,"3","ferrari","ferrari",63,2,false
740,2005,9,4,4,"4","williams","bmw",47,-1,false
740,2005,9,5,5,"5","toyota","toyota",47,-1,false
740,2005,9,6,6,"6","red-bull","cosworth",22,0,false
740,2005,9,7,7,"7","sauber","petronas",12,0,false
740,2005,9,8,8,"8","jordan","toyota",11,0,false
740,2005,9,9,9,"9","minardi","cosworth",7,1,false
740,2005,9,10,10,"10","bar","honda",0,-1,false
741,2005,10,1,1,"1","renault","renault",89,0,false
741,2005,10,2,2,"2","mclaren","mercedes",71,0,false
741,2005,10,3,3,"3","ferrari","ferrari",69,0,false
741,2005,10,4,4,"4","toyota","toyota",53,1,false
741,2005,10,5,5,"5","williams","bmw",47,-1,false
741,2005,10,6,6,"6","red-bull","cosworth",22,0,false
741,2005,10,7,7,"7","sauber","petronas",13,0,false
741,2005,10,8,8,"8","jordan","toyota",11,0,false
741,2005,10,9,9,"9","minardi","cosworth",7,0,false
741,2005,10,10,10,"10","bar","honda",5,0,false
742,2005,11,1,1,"1","renault","renault",102,0,false
742,2005,11,2,2,"2","mclaren","mercedes",87,0,false
742,2005,11,3,3,"3","ferrari","ferrari",74,0,false
742,2005,11,4,4,"4","toyota","toyota",54,0,false
742,2005,11,5,5,"5","williams","bmw",47,0,false
742,2005,11,6,6,"6","red-bull","cosworth",22,0,false
742,2005,11,7,7,"7","sauber","petronas",13,0,false
742,2005,11,8,8,"8","jordan","toyota",11,0,false
742,2005,11,9,9,"9","bar","honda",9,1,false
742,2005,11,10,10,"10","minardi","cosworth",7,-1,false
743,2005,12,1,1,"1","renault","renault",117,0,false
743,2005,12,2,2,"2","mclaren","mercedes",95,0,false
743,2005,12,3,3,"3","ferrari","ferrari",78,0,false
743,2005,12,4,4,"4","toyota","toyota",57,0,false
743,2005,12,5,5,"5","williams","bmw",47,0,false
743,2005,12,6,6,"6","red-bull","cosworth",24,0,false
743,2005,12,7,7,"7","bar","honda",15,2,false
743,2005,12,8,8,"8","sauber","petronas",14,-1,false
743,2005,12,9,9,"9","jordan","toyota",11,-1,false
743,2005,12,10,10,"10","minardi","cosworth",7,0,false
744,2005,13,1,1,"1","renault","renault",117,0,false
744,2005,13,2,2,"2","mclaren","mercedes",105,0,false
744,2005,13,3,3,"3","ferrari","ferrari",86,0,false
744,2005,13,4,4,"4","toyota","toyota",68,0,false
744,2005,13,5,5,"5","williams","bmw",52,0,false
744,2005,13,6,6,"6","red-bull","cosworth",24,0,false
744,2005,13,7,7,"7","bar","honda",20,0,false
744,2005,13,8,8,"8","sauber","petronas",14,0,false
744,2005,13,9,9,"9","jordan","toyota",11,0,false
744,2005,13,10,10,"10","minardi","cosworth",7,0,false
745,2005,14,1,1,"1","renault","renault",130,0,false
745,2005,14,2,2,"2","mclaren","mercedes",121,0,false
745,2005,14,3,3,"3","ferrari","ferrari",86,0,false
745,2005,14,4,4,"4","toyota","toyota",71,0,false
745,2005,14,5,5,"5","williams","bmw",52,0,false
745,2005,14,6,6,"6","red-bull","cosworth",27,0,false
745,2005,14,7,7,"7","bar","honda",24,0,false
745,2005,14,8,8,"8","sauber","petronas",14,0,false
745,2005,14,9,9,"9","jordan","toyota",11,0,false
745,2005,14,10,10,"10","minardi","cosworth",7,0,false
746,2005,15,1,1,"1","renault","renault",144,0,false
746,2005,15,2,2,"2","mclaren","mercedes",136,0,false
746,2005,15,3,3,"3","ferrari","ferrari",86,0,false
746,2005,15,4,4,"4","toyota","toyota",78,0,false
746,2005,15,5,5,"5","williams","bmw",54,0,false
746,2005,15,6,6,"6","red-bull","cosworth",27,0,false
746,2005,15,7,7,"7","bar","honda",25,0,false
746,2005,15,8,8,"8","sauber","petronas",14,0,false
746,2005,15,9,9,"9","jordan","toyota",11,0,false
746,2005,15,10,10,"10","minardi","cosworth",7,0,false
747,2005,16,1,1,"1","renault","renault",152,0,false
747,2005,16,2,2,"2","mclaren","mercedes",146,0,false
747,2005,16,3,3,"3","ferrari","ferrari",90,0,false
747,2005,16,4,4,"4","toyota","toyota",80,0,false
747,2005,16,5,5,"5","williams","bmw",59,0,false
747,2005,16,6,6,"6","bar","honda",31,1,false
747,2005,16,7,7,"7","red-bull","cosworth",27,-1,false
747,2005,16,8,8,"8","sauber","petronas",17,0,false
747,2005,16,9,9,"9","jordan","toyota",12,0,false
747,2005,16,10,10,"10","minardi","cosworth",7,0,false
748,2005,17,1,1,"1","mclaren","mercedes",164,1,false
748,2005,17,2,2,"2","renault","renault",162,-1,false
748,2005,17,3,3,"3","ferrari","ferrari",98,0,false
748,2005,17,4,4,"4","toyota","toyota",81,0,false
748,2005,17,5,5,"5","williams","bmw",59,0,false
748,2005,17,6,6,"6","bar","honda",33,0,false
748,2005,17,7,7,"7","red-bull","cosworth",27,0,false
748,2005,17,8,8,"8","sauber","petronas",17,0,false
748,2005,17,9,9,"9","jordan","toyota",12,0,false
748,2005,17,10,10,"10","minardi","cosworth",7,0,false
749,2005,18,1,1,"1","renault","renault",176,1,false
749,2005,18,2,2,"2","mclaren","mercedes",174,-1,false
749,2005,18,3,3,"3","ferrari","ferrari",100,0,false
749,2005,18,4,4,"4","toyota","toyota",82,0,false
749,2005,18,5,5,"5","williams","bmw",64,0,false
749,2005,18,6,6,"6","bar","honda",37,0,false
749,2005,18,7,7,"7","red-bull","cosworth",30,0,false
749,2005,18,8,8,"8","sauber","petronas",17,0,false
749,2005,18,9,9,"9","jordan","toyota",12,0,false
749,2005,18,10,10,"10","minardi","cosworth",7,0,false
750,2005,19,1,1,"1","renault","renault",191,0,true
750,2005,19,2,2,"2","mclaren","mercedes",182,0,false
750,2005,19,3,3,"3","ferrari","ferrari",100,0,false
750,2005,19,4,4,"4","toyota","toyota",88,0,false
750,2005,19,5,5,"5","williams","bmw",66,0,false
750,2005,19,6,6,"6","bar","honda",38,0,false
750,2005,19,7,7,"7","red-bull","cosworth",34,0,false
750,2005,19,8,8,"8","sauber","petronas",20,0,false
750,2005,19,9,9,"9","jordan","toyota",12,0,false
750,2005,19,10,10,"10","minardi","cosworth",7,0,false
751,2006,1,1,1,"1","renault","renault",10,,false
751,2006,1,2,2,"2","mclaren","mercedes",10,,false
751,2006,1,3,3,"3","ferrari","ferrari",8,,false
751,2006,1,4,4,"4","honda","honda",5,,false
751,2006,1,5,5,"5","williams","cosworth",5,,false
751,2006,1,6,6,"6","red-bull","ferrari",1,,false
751,2006,1,7,7,"7","toro-rosso","cosworth",0,,false
751,2006,1,8,8,"8","bmw-sauber","bmw",0,,false
751,2006,1,9,9,"9","toyota","toyota",0,,false
751,2006,1,10,10,"10","midland","toyota",0,,false
751,2006,1,11,11,"11","super-aguri","honda",0,,false
752,2006,2,1,1,"1","renault","renault",28,0,false
752,2006,2,2,2,"2","ferrari","ferrari",15,1,false
752,2006,2,3,3,"3","mclaren","mercedes",15,-1,false
752,2006,2,4,4,"4","honda","honda",11,0,false
752,2006,2,5,5,"5","williams","cosworth",5,0,false
752,2006,2,6,6,"6","bmw-sauber","bmw",2,2,false
752,2006,2,7,7,"7","toyota","toyota",1,2,false
752,2006,2,8,8,"8","red-bull","ferrari",1,-2,false
752,2006,2,9,9,"9","toro-rosso","cosworth",0,-2,false
752,2006,2,10,10,"10","midland","toyota",0,0,false
752,2006,2,11,11,"11","super-aguri","honda",0,0,false
753,2006,3,1,1,"1","renault","renault",42,0,false
753,2006,3,2,2,"2","mclaren","mercedes",23,1,false
753,2006,3,3,3,"3","ferrari","ferrari",15,-1,false
753,2006,3,4,4,"4","honda","honda",13,0,false
753,2006,3,5,5,"5","bmw-sauber","bmw",10,1,false
753,2006,3,6,6,"6","toyota","toyota",7,1,false
753,2006,3,7,7,"7","williams","cosworth",5,-2,false
753,2006,3,8,8,"8","red-bull","ferrari",2,0,false
753,2006,3,9,9,"9","toro-rosso","cosworth",0,0,false
753,2006,3,10,10,"10","midland","toyota",0,0,false
753,2006,3,11,11,"11","super-aguri","honda",0,0,false
754,2006,4,1,1,"1","renault","renault",51,0,false
754,2006,4,2,2,"2","mclaren","mercedes",33,0,false
754,2006,4,3,3,"3","ferrari","ferrari",30,0,false
754,2006,4,4,4,"4","honda","honda",15,0,false
754,2006,4,5,5,"5","bmw-sauber","bmw",10,0,false
754,2006,4,6,6,"6","williams","cosworth",8,1,false
754,2006,4,7,7,"7","toyota","toyota",7,-1,false
754,2006,4,8,8,"8","red-bull","ferrari",2,0,false
754,2006,4,9,9,"9","toro-rosso","cosworth",0,0,false
754,2006,4,10,10,"10","midland","toyota",0,0,false
754,2006,4,11,11,"11","super-aguri","honda",0,0,false
755,2006,5,1,1,"1","renault","renault",62,0,false
755,2006,5,2,2,"2","ferrari","ferrari",46,1,false
755,2006,5,3,3,"3","mclaren","mercedes",38,-1,false
755,2006,5,4,4,"4","honda","honda",19,0,false
755,2006,5,5,5,"5","bmw-sauber","bmw",11,0,false
755,2006,5,6,6,"6","williams","cosworth",10,0,false
755,2006,5,7,7,"7","toyota","toyota",7,0,false
755,2006,5,8,8,"8","red-bull","ferrari",2,0,false
755,2006,5,9,9,"9","toro-rosso","cosworth",0,0,false
755,2006,5,10,10,"10","midland","toyota",0,0,false
755,2006,5,11,11,"11","super-aguri","honda",0,0,false
756,2006,6,1,1,"1","renault","renault",78,0,false
756,2006,6,2,2,"2","ferrari","ferrari",59,0,false
756,2006,6,3,3,"3","mclaren","mercedes",42,0,false
756,2006,6,4,4,"4","honda","honda",24,0,false
756,2006,6,5,5,"5","bmw-sauber","bmw",12,0,false
756,2006,6,6,6,"6","williams","cosworth",10,0,false
756,2006,6,7,7,"7","toyota","toyota",7,0,false
756,2006,6,8,8,"8","red-bull","ferrari",2,0,false
756,2006,6,9,9,"9","toro-rosso","cosworth",0,0,false
756,2006,6,10,10,"10","midland","toyota",0,0,false
756,2006,6,11,11,"11","super-aguri","honda",0,0,false
757,2006,7,1,1,"1","renault","renault",91,0,false
757,2006,7,2,2,"2","ferrari","ferrari",63,0,false
757,2006,7,3,3,"3","mclaren","mercedes",50,0,false
757,2006,7,4,4,"4","honda","honda",29,0,false
757,2006,7,5,5,"5","bmw-sauber","bmw",14,0,false
757,2006,7,6,6,"6","williams","cosworth",10,0,false
757,2006,7,7,7,"7","toyota","toyota",8,0,false
757,2006,7,8,8,"8","red-bull","ferrari",8,0,false
757,2006,7,9,9,"9","toro-rosso","cosworth",0,0,false
757,2006,7,10,10,"10","midland","toyota",0,0,false
757,2006,7,11,11,"11","super-aguri","honda",0,0,false
758,2006,8,1,1,"1","renault","renault",106,0,false
758,2006,8,2,2,"2","ferrari","ferrari",75,0,false
758,2006,8,3,3,"3","mclaren","mercedes",59,0,false
758,2006,8,4,4,"4","honda","honda",29,0,false
758,2006,8,5,5,"5","bmw-sauber","bmw",17,0,false
758,2006,8,6,6,"6","williams","cosworth",10,0,false
758,2006,8,7,7,"7","toyota","toyota",8,0,false
758,2006,8,8,8,"8","red-bull","ferrari",8,0,false
758,2006,8,9,9,"9","toro-rosso","cosworth",0,0,false
758,2006,8,10,10,"10","midland","toyota",0,0,false
758,2006,8,11,11,"11","super-aguri","honda",0,0,false
759,2006,9,1,1,"1","renault","renault",121,0,false
759,2006,9,2,2,"2","ferrari","ferrari",87,0,false
759,2006,9,3,3,"3","mclaren","mercedes",65,0,false
759,2006,9,4,4,"4","honda","honda",29,0,false
759,2006,9,5,5,"5","bmw-sauber","bmw",19,0,false
759,2006,9,6,6,"6","toyota","toyota",11,1,false
759,2006,9,7,7,"7","williams","cosworth",10,-1,false
759,2006,9,8,8,"8","red-bull","ferrari",9,0,false
759,2006,9,9,9,"9","toro-rosso","cosworth",0,0,false
759,2006,9,10,10,"10","midland","toyota",0,0,false
759,2006,9,11,11,"11","super-aguri","honda",0,0,false
760,2006,10,1,1,"1","renault","renault",131,0,false
760,2006,10,2,2,"2","ferrari","ferrari",105,0,false
760,2006,10,3,3,"3","mclaren","mercedes",65,0,false
760,2006,10,4,4,"4","honda","honda",32,0,false
760,2006,10,5,5,"5","bmw-sauber","bmw",19,0,false
760,2006,10,6,6,"6","toyota","toyota",16,0,false
760,2006,10,7,7,"7","red-bull","ferrari",11,1,false
760,2006,10,8,8,"8","williams","cosworth",10,-1,false
760,2006,10,9,9,"9","toro-rosso","cosworth",1,0,false
760,2006,10,10,10,"10","midland","toyota",0,0,false
760,2006,10,11,11,"11","super-aguri","honda",0,0,false
761,2006,11,1,1,"1","renault","renault",142,0,false
761,2006,11,2,2,"2","ferrari","ferrari",121,0,false
761,2006,11,3,3,"3","mclaren","mercedes",71,0,false
761,2006,11,4,4,"4","honda","honda",32,0,false
761,2006,11,5,5,"5","toyota","toyota",21,1,false
761,2006,11,6,6,"6","bmw-sauber","bmw",20,-1,false
761,2006,11,7,7,"7","red-bull","ferrari",11,0,false
761,2006,11,8,8,"8","williams","cosworth",10,0,false
761,2006,11,9,9,"9","toro-rosso","cosworth",1,0,false
761,2006,11,10,10,"10","midland","toyota",0,0,false
761,2006,11,11,11,"11","super-aguri","honda",0,0,false
762,2006,12,1,1,"1","renault","renault",149,0,false
762,2006,12,2,2,"2","ferrari","ferrari",139,0,false
762,2006,12,3,3,"3","mclaren","mercedes",77,0,false
762,2006,12,4,4,"4","honda","honda",37,0,false
762,2006,12,5,5,"5","toyota","toyota",23,0,false
762,2006,12,6,6,"6","bmw-sauber","bmw",20,0,false
762,2006,12,7,7,"7","red-bull","ferrari",12,0,false
762,2006,12,8,8,"8","williams","cosworth",10,0,false
762,2006,12,9,9,"9","toro-rosso","cosworth",1,0,false
762,2006,12,10,10,"10","midland","toyota",0,0,false
762,2006,12,11,11,"11","super-aguri","honda",0,0,false
763,2006,13,1,1,"1","renault","renault",149,0,false
763,2006,13,2,2,"2","ferrari","ferrari",142,0,false
763,2006,13,3,3,"3","mclaren","mercedes",85,0,false
763,2006,13,4,4,"4","honda","honda",52,0,false
763,2006,13,5,5,"5","toyota","toyota",26,0,false
763,2006,13,6,6,"6","bmw-sauber","bmw",26,0,false
763,2006,13,7,7,"7","red-bull","ferrari",16,0,false
763,2006,13,8,8,"8","williams","cosworth",10,0,false
763,2006,13,9,9,"9","toro-rosso","cosworth",1,0,false
763,2006,13,10,10,"10","midland","toyota",0,0,false
763,2006,13,11,11,"11","super-aguri","honda",0,0,false
764,2006,14,1,1,"1","renault","renault",160,0,false
764,2006,14,2,2,"2","ferrari","ferrari",158,0,false
764,2006,14,3,3,"3","mclaren","mercedes",89,0,false
764,2006,14,4,4,"4","honda","honda",58,0,false
764,2006,14,5,5,"5","toyota","toyota",28,0,false
764,2006,14,6,6,"6","bmw-sauber","bmw",26,0,false
764,2006,14,7,7,"7","red-bull","ferrari",16,0,false
764,2006,14,8,8,"8","williams","cosworth",10,0,false
764,2006,14,9,9,"9","toro-rosso","cosworth",1,0,false
764,2006,14,10,10,"10","midland","toyota",0,0,false
764,2006,14,11,11,"11","super-aguri","honda",0,0,false
765,2006,15,1,1,"1","ferrari","ferrari",168,1,false
765,2006,15,2,2,"2","renault","renault",165,-1,false
765,2006,15,3,3,"3","mclaren","mercedes",97,0,false
765,2006,15,4,4,"4","honda","honda",65,0,false
765,2006,15,5,5,"5","bmw-sauber","bmw",33,1,false
765,2006,15,6,6,"6","toyota","toyota",30,-1,false
765,2006,15,7,7,"7","red-bull","ferrari",16,0,false
765,2006,15,8,8,"8","williams","cosworth",10,0,false
765,2006,15,9,9,"9","toro-rosso","cosworth",1,0,false
765,2006,15,10,10,"10","midland","toyota",0,0,false
765,2006,15,11,11,"11","super-aguri","honda",0,0,false
766,2006,16,1,1,"1","renault","renault",179,1,false
766,2006,16,2,2,"2","ferrari","ferrari",178,-1,false
766,2006,16,3,3,"3","mclaren","mercedes",101,0,false
766,2006,16,4,4,"4","honda","honda",73,0,false
766,2006,16,5,5,"5","bmw-sauber","bmw",35,0,false
766,2006,16,6,6,"6","toyota","toyota",30,0,false
766,2006,16,7,7,"7","red-bull","ferrari",16,0,false
766,2006,16,8,8,"8","williams","cosworth",11,0,false
766,2006,16,9,9,"9","toro-rosso","cosworth",1,0,false
766,2006,16,10,10,"10","midland","toyota",0,0,false
766,2006,16,11,11,"11","super-aguri","honda",0,0,false
767,2006,17,1,1,"1","renault","renault",195,0,false
767,2006,17,2,2,"2","ferrari","ferrari",186,0,false
767,2006,17,3,3,"3","mclaren","mercedes",105,0,false
767,2006,17,4,4,"4","honda","honda",78,0,false
767,2006,17,5,5,"5","bmw-sauber","bmw",36,0,false
767,2006,17,6,6,"6","toyota","toyota",35,0,false
767,2006,17,7,7,"7","red-bull","ferrari",16,0,false
767,2006,17,8,8,"8","williams","cosworth",11,0,false
767,2006,17,9,9,"9","toro-rosso","cosworth",1,0,false
767,2006,17,10,10,"10","midland","toyota",0,0,false
767,2006,17,11,11,"11","super-aguri","honda",0,0,false
768,2006,18,1,1,"1","renault","renault",206,0,true
768,2006,18,2,2,"2","ferrari","ferrari",201,0,false
768,2006,18,3,3,"3","mclaren","mercedes",110,0,false
768,2006,18,4,4,"4","honda","honda",86,0,false
768,2006,18,5,5,"5","bmw-sauber","bmw",36,0,false
768,2006,18,6,6,"6","toyota","toyota",35,0,false
768,2006,18,7,7,"7","red-bull","ferrari",16,0,false
768,2006,18,8,8,"8","williams","cosworth",11,0,false
768,2006,18,9,9,"9","toro-rosso","cosworth",1,0,false
768,2006,18,10,10,"10","midland","toyota",0,0,false
768,2006,18,11,11,"11","super-aguri","honda",0,0,false
769,2007,1,1,1,"1","ferrari","ferrari",13,,false
769,2007,1,2,2,"2","bmw-sauber","bmw",5,,false
769,2007,1,3,3,"3","renault","renault",4,,false
769,2007,1,4,4,"4","williams","toyota",2,,false
769,2007,1,5,5,"5","toyota","toyota",1,,false
769,2007,1,6,6,"6","honda","honda",0,,false
769,2007,1,7,7,"7","super-aguri","honda",0,,false
769,2007,1,8,8,"8","red-bull","renault",0,,false
769,2007,1,9,9,"9","toro-rosso","ferrari",0,,false
769,2007,1,10,10,"10","spyker","ferrari",0,,false
769,2007,1,11,,"EX","mclaren","mercedes",0,,false
770,2007,2,1,1,"1","ferrari","ferrari",23,0,false
770,2007,2,2,2,"2","bmw-sauber","bmw",10,0,false
770,2007,2,3,3,"3","renault","renault",8,0,false
770,2007,2,4,4,"4","toyota","toyota",3,1,false
770,2007,2,5,5,"5","williams","toyota",2,-1,false
770,2007,2,6,6,"6","red-bull","renault",0,2,false
770,2007,2,7,7,"7","honda","honda",0,-1,false
770,2007,2,8,8,"8","super-aguri","honda",0,-1,false
770,2007,2,9,9,"9","toro-rosso","ferrari",0,0,false
770,2007,2,10,10,"10","spyker","ferrari",0,0,false
770,2007,2,11,,"EX","mclaren","mercedes",0,,false
771,2007,3,1,1,"1","ferrari","ferrari",39,0,false
771,2007,3,2,2,"2","bmw-sauber","bmw",18,0,false
771,2007,3,3,3,"3","renault","renault",9,0,false
771,2007,3,4,4,"4","toyota","toyota",5,0,false
771,2007,3,5,5,"5","williams","toyota",2,0,false
771,2007,3,6,6,"6","red-bull","renault",0,0,false
771,2007,3,7,7,"7","honda","honda",0,0,false
771,2007,3,8,8,"8","super-aguri","honda",0,0,false
771,2007,3,9,9,"9","toro-rosso","ferrari",0,0,false
771,2007,3,10,10,"10","spyker","ferrari",0,0,false
771,2007,3,11,,"EX","mclaren","mercedes",0,,false
772,2007,4,1,1,"1","ferrari","ferrari",49,0,false
772,2007,4,2,2,"2","bmw-sauber","bmw",23,0,false
772,2007,4,3,3,"3","renault","renault",11,0,false
772,2007,4,4,4,"4","williams","toyota",5,1,false
772,2007,4,5,5,"5","toyota","toyota",5,-1,false
772,2007,4,6,6,"6","red-bull","renault",4,0,false
772,2007,4,7,7,"7","super-aguri","honda",1,1,false
772,2007,4,8,8,"8","honda","honda",0,-1,false
772,2007,4,9,9,"9","spyker","ferrari",0,1,false
772,2007,4,10,10,"10","toro-rosso","ferrari",0,-1,false
772,2007,4,11,,"EX","mclaren","mercedes",0,,false
773,2007,5,1,1,"1","ferrari","ferrari",56,0,false
773,2007,5,2,2,"2","bmw-sauber","bmw",30,0,false
773,2007,5,3,3,"3","renault","renault",16,0,false
773,2007,5,4,4,"4","williams","toyota",7,0,false
773,2007,5,5,5,"5","toyota","toyota",5,0,false
773,2007,5,6,6,"6","red-bull","renault",4,0,false
773,2007,5,7,7,"7","super-aguri","honda",1,0,false
773,2007,5,8,8,"8","toro-rosso","ferrari",0,2,false
773,2007,5,9,9,"9","honda","honda",0,-1,false
773,2007,5,10,10,"10","spyker","ferrari",0,-1,false
773,2007,5,11,,"EX","mclaren","mercedes",0,,false
774,2007,6,1,2,"2","ferrari","ferrari",60,-1,false
774,2007,6,2,3,"3","bmw-sauber","bmw",38,-1,false
774,2007,6,3,4,"4","renault","renault",21,-1,false
774,2007,6,4,5,"5","williams","toyota",13,-1,false
774,2007,6,5,6,"6","toyota","toyota",6,-1,false
774,2007,6,6,7,"7","red-bull","renault",4,-1,false
774,2007,6,7,8,"8","super-aguri","honda",4,-1,false
774,2007,6,8,9,"9","toro-rosso","ferrari",0,-1,false
774,2007,6,9,10,"10","honda","honda",0,-1,false
774,2007,6,10,11,"11","spyker","ferrari",0,-1,false
774,2007,6,11,,"EX","mclaren","mercedes",0,,false
775,2007,7,1,1,"1","ferrari","ferrari",71,1,false
775,2007,7,2,2,"2","bmw-sauber","bmw",39,1,false
775,2007,7,3,3,"3","renault","renault",25,1,false
775,2007,7,4,4,"4","williams","toyota",13,1,false
775,2007,7,5,5,"5","toyota","toyota",9,1,false
775,2007,7,6,6,"6","red-bull","renault",6,1,false
775,2007,7,7,7,"7","super-aguri","honda",4,1,false
775,2007,7,8,8,"8","toro-rosso","ferrari",0,1,false
775,2007,7,9,9,"9","honda","honda",0,1,false
775,2007,7,10,10,"10","spyker","ferrari",0,1,false
775,2007,7,11,,"EX","mclaren","mercedes",0,,false
776,2007,8,1,1,"1","ferrari","ferrari",89,0,false
776,2007,8,2,2,"2","bmw-sauber","bmw",48,0,false
776,2007,8,3,3,"3","renault","renault",28,0,false
776,2007,8,4,4,"4","williams","toyota",13,0,false
776,2007,8,5,5,"5","toyota","toyota",9,0,false
776,2007,8,6,6,"6","red-bull","renault",6,0,false
776,2007,8,7,7,"7","super-aguri","honda",4,0,false
776,2007,8,8,8,"8","honda","honda",1,1,false
776,2007,8,9,9,"9","toro-rosso","ferrari",0,-1,false
776,2007,8,10,10,"10","spyker","ferrari",0,0,false
776,2007,8,11,,"EX","mclaren","mercedes",0,,false
777,2007,9,1,1,"1","ferrari","ferrari",103,0,false
777,2007,9,2,2,"2","bmw-sauber","bmw",56,0,false
777,2007,9,3,3,"3","renault","renault",31,0,false
777,2007,9,4,4,"4","williams","toyota",13,0,false
777,2007,9,5,5,"5","toyota","toyota",9,0,false
777,2007,9,6,6,"6","red-bull","renault",6,0,false
777,2007,9,7,7,"7","super-aguri","honda",4,0,false
777,2007,9,8,8,"8","honda","honda",1,0,false
777,2007,9,9,9,"9","toro-rosso","ferrari",0,0,false
777,2007,9,10,10,"10","spyker","ferrari",0,0,false
777,2007,9,11,,"EX","mclaren","mercedes",0,,false
778,2007,10,1,1,"1","ferrari","ferrari",111,0,false
778,2007,10,2,2,"2","bmw-sauber","bmw",61,0,false
778,2007,10,3,3,"3","renault","renault",32,0,false
778,2007,10,4,4,"4","williams","toyota",18,0,false
778,2007,10,5,5,"5","red-bull","renault",16,1,false
778,2007,10,6,6,"6","toyota","toyota",9,-1,false
778,2007,10,7,7,"7","super-aguri","honda",4,0,false
778,2007,10,8,8,"8","honda","honda",1,0,false
778,2007,10,9,9,"9","toro-rosso","ferrari",0,0,false
778,2007,10,10,10,"10","spyker","ferrari",0,0,false
778,2007,10,11,,"EX","mclaren","mercedes",0,,false
779,2007,11,1,1,"1","ferrari","ferrari",119,0,false
779,2007,11,2,2,"2","bmw-sauber","bmw",71,0,false
779,2007,11,3,3,"3","renault","renault",33,0,false
779,2007,11,4,4,"4","williams","toyota",20,0,false
779,2007,11,5,5,"5","red-bull","renault",16,0,false
779,2007,11,6,6,"6","toyota","toyota",12,0,false
779,2007,11,7,7,"7","super-aguri","honda",4,0,false
779,2007,11,8,8,"8","honda","honda",1,0,false
779,2007,11,9,9,"9","toro-rosso","ferrari",0,0,false
779,2007,11,10,10,"10","spyker","ferrari",0,0,false
779,2007,11,11,,"EX","mclaren","mercedes",0,,false
780,2007,12,1,1,"1","ferrari","ferrari",137,0,false
780,2007,12,2,2,"2","bmw-sauber","bmw",77,0,false
780,2007,12,3,3,"3","renault","renault",36,0,false
780,2007,12,4,4,"4","williams","toyota",22,0,false
780,2007,12,5,5,"5","red-bull","renault",16,0,false
780,2007,12,6,6,"6","toyota","toyota",12,0,false
780,2007,12,7,7,"7","super-aguri","honda",4,0,false
780,2007,12,8,8,"8","honda","honda",1,0,false
780,2007,12,9,9,"9","toro-rosso","ferrari",0,0,false
780,2007,12,10,10,"10","spyker","ferrari",0,0,false
780,2007,12,11,,"EX","mclaren","mercedes",0,,false
781,2007,13,1,1,"1","ferrari","ferrari",143,0,false
781,2007,13,2,2,"2","bmw-sauber","bmw",86,0,false
781,2007,13,3,3,"3","renault","renault",38,0,false
781,2007,13,4,4,"4","williams","toyota",25,0,false
781,2007,13,5,5,"5","red-bull","renault",16,0,false
781,2007,13,6,6,"6","toyota","toyota",12,0,false
781,2007,13,7,7,"7","super-aguri","honda",4,0,false
781,2007,13,8,8,"8","honda","honda",2,0,false
781,2007,13,9,9,"9","toro-rosso","ferrari",0,0,false
781,2007,13,10,10,"10","spyker","ferrari",0,0,false
781,2007,13,11,,"EX","mclaren","mercedes",0,,false
782,2007,14,1,1,"1","ferrari","ferrari",161,0,true
782,2007,14,2,2,"2","bmw-sauber","bmw",90,0,false
782,2007,14,3,3,"3","renault","renault",39,0,false
782,2007,14,4,4,"4","williams","toyota",28,0,false
782,2007,14,5,5,"5","red-bull","renault",18,0,false
782,2007,14,6,6,"6","toyota","toyota",12,0,false
782,2007,14,7,7,"7","super-aguri","honda",4,0,false
782,2007,14,8,8,"8","honda","honda",2,0,false
782,2007,14,9,9,"9","toro-rosso","ferrari",0,0,false
782,2007,14,10,10,"10","spyker","ferrari",0,0,false
782,2007,14,11,,"EX","mclaren","mercedes",0,,false
783,2007,15,1,1,"1","ferrari","ferrari",170,0,true
783,2007,15,2,2,"2","bmw-sauber","bmw",92,0,false
783,2007,15,3,3,"3","renault","renault",51,0,false
783,2007,15,4,4,"4","williams","toyota",28,0,false
783,2007,15,5,5,"5","red-bull","renault",23,0,false
783,2007,15,6,6,"6","toyota","toyota",12,0,false
783,2007,15,7,7,"7","super-aguri","honda",4,0,false
783,2007,15,8,8,"8","honda","honda",2,0,false
783,2007,15,9,9,"9","spyker","ferrari",1,1,false
783,2007,15,10,10,"10","toro-rosso","ferrari",0,-1,false
783,2007,15,11,,"EX","mclaren","mercedes",0,,false
784,2007,16,1,1,"1","ferrari","ferrari",186,0,true
784,2007,16,2,2,"2","bmw-sauber","bmw",94,0,false
784,2007,16,3,3,"3","renault","renault",51,0,false
784,2007,16,4,4,"4","williams","toyota",28,0,false
784,2007,16,5,5,"5","red-bull","renault",24,0,false
784,2007,16,6,6,"6","toyota","toyota",12,0,false
784,2007,16,7,7,"7","toro-rosso","ferrari",8,3,false
784,2007,16,8,8,"8","honda","honda",6,0,false
784,2007,16,9,9,"9","super-aguri","honda",4,-2,false
784,2007,16,10,10,"10","spyker","ferrari",1,-1,false
784,2007,16,11,,"EX","mclaren","mercedes",0,,false
785,2007,17,1,1,"1","ferrari","ferrari",204,0,true
785,2007,17,2,2,"2","bmw-sauber","bmw",101,0,false
785,2007,17,3,3,"3","renault","renault",51,0,false
785,2007,17,4,4,"4","williams","toyota",33,0,false
785,2007,17,5,5,"5","red-bull","renault",24,0,false
785,2007,17,6,6,"6","toyota","toyota",13,0,false
785,2007,17,7,7,"7","toro-rosso","ferrari",8,0,false
785,2007,17,8,8,"8","honda","honda",6,0,false
785,2007,17,9,9,"9","super-aguri","honda",4,0,false
785,2007,17,10,10,"10","spyker","ferrari",1,0,false
785,2007,17,11,,"EX","mclaren","mercedes",0,,false
786,2008,1,1,1,"1","mclaren","mercedes",14,,false
786,2008,1,2,2,"2","williams","toyota",9,,false
786,2008,1,3,3,"3","bmw-sauber","bmw",8,,false
786,2008,1,4,4,"4","renault","renault",5,,false
786,2008,1,5,5,"5","toro-rosso","ferrari",2,,false
786,2008,1,6,6,"6","ferrari","ferrari",1,,false
787,2008,2,1,1,"1","mclaren","mercedes",24,0,false
787,2008,2,2,2,"2","bmw-sauber","bmw",19,1,false
787,2008,2,3,3,"3","ferrari","ferrari",11,3,false
787,2008,2,4,4,"4","williams","toyota",9,-2,false
787,2008,2,5,5,"5","renault","renault",6,-1,false
787,2008,2,6,6,"6","toyota","toyota",5,1,false
787,2008,2,7,7,"7","red-bull","renault",2,0,false
787,2008,2,8,8,"8","toro-rosso","ferrari",2,-3,false
787,2008,2,9,9,"9","honda","honda",0,-2,false
787,2008,2,10,10,"10","force-india","ferrari",0,-3,false
787,2008,2,11,11,"11","super-aguri","honda",0,-4,false
788,2008,3,1,1,"1","bmw-sauber","bmw",30,1,false
788,2008,3,2,2,"2","ferrari","ferrari",29,1,false
788,2008,3,3,3,"3","mclaren","mercedes",28,-2,false
788,2008,3,4,4,"4","williams","toyota",10,0,false
788,2008,3,5,5,"5","toyota","toyota",8,1,false
788,2008,3,6,6,"6","renault","renault",6,-1,false
788,2008,3,7,7,"7","red-bull","renault",4,0,false
788,2008,3,8,8,"8","toro-rosso","ferrari",2,0,false
788,2008,3,9,9,"9","honda","honda",0,0,false
788,2008,3,10,10,"10","force-india","ferrari",0,0,false
788,2008,3,11,11,"11","super-aguri","honda",0,0,false
789,2008,4,1,1,"1","ferrari","ferrari",47,1,false
789,2008,4,2,2,"2","bmw-sauber","bmw",35,-1,false
789,2008,4,3,3,"3","mclaren","mercedes",34,0,false
789,2008,4,4,4,"4","williams","toyota",12,0,false
789,2008,4,5,5,"5","toyota","toyota",9,0,false
789,2008,4,6,6,"6","red-bull","renault",8,1,false
789,2008,4,7,7,"7","renault","renault",6,-1,false
789,2008,4,8,8,"8","honda","honda",3,1,false
789,2008,4,9,9,"9","toro-rosso","ferrari",2,-1,false
789,2008,4,10,10,"10","force-india","ferrari",0,0,false
789,2008,4,11,11,"11","super-aguri","honda",0,0,false
790,2008,5,1,1,"1","ferrari","ferrari",63,0,false
790,2008,5,2,2,"2","bmw-sauber","bmw",44,0,false
790,2008,5,3,3,"3","mclaren","mercedes",42,0,false
790,2008,5,4,4,"4","williams","toyota",13,0,false
790,2008,5,5,5,"5","red-bull","renault",10,1,false
790,2008,5,6,6,"6","toyota","toyota",9,-1,false
790,2008,5,7,7,"7","renault","renault",9,0,false
790,2008,5,8,8,"8","honda","honda",3,0,false
790,2008,5,9,9,"9","toro-rosso","ferrari",2,0,false
790,2008,5,10,10,"10","force-india","ferrari",0,0,false
790,2008,5,11,11,"11","super-aguri","honda",0,0,false
791,2008,6,1,1,"1","ferrari","ferrari",69,0,false
791,2008,6,2,2,"2","mclaren","mercedes",53,1,false
791,2008,6,3,3,"3","bmw-sauber","bmw",52,-1,false
791,2008,6,4,4,"4","williams","toyota",15,0,false
791,2008,6,5,5,"5","red-bull","renault",15,0,false
791,2008,6,6,6,"6","toyota","toyota",9,0,false
791,2008,6,7,7,"7","renault","renault",9,0,false
791,2008,6,8,8,"8","toro-rosso","ferrari",6,1,false
791,2008,6,9,9,"9","honda","honda",6,-1,false
791,2008,6,10,10,"10","force-india","ferrari",0,0,false
791,2008,6,11,11,"11","super-aguri","honda",0,0,false
792,2008,7,1,1,"1","ferrari","ferrari",73,0,false
792,2008,7,2,2,"2","bmw-sauber","bmw",70,1,false
792,2008,7,3,3,"3","mclaren","mercedes",53,-1,false
792,2008,7,4,4,"4","red-bull","renault",21,1,false
792,2008,7,5,5,"5","toyota","toyota",17,1,false
792,2008,7,6,6,"6","williams","toyota",15,-2,false
792,2008,7,7,7,"7","renault","renault",9,0,false
792,2008,7,8,8,"8","honda","honda",8,1,false
792,2008,7,9,9,"9","toro-rosso","ferrari",7,-1,false
792,2008,7,10,10,"10","force-india","ferrari",0,0,false
792,2008,7,11,11,"11","super-aguri","honda",0,0,false
793,2008,8,1,1,"1","ferrari","ferrari",91,0,false
793,2008,8,2,2,"2","bmw-sauber","bmw",74,0,false
793,2008,8,3,3,"3","mclaren","mercedes",58,0,false
793,2008,8,4,4,"4","red-bull","renault",24,0,false
793,2008,8,5,5,"5","toyota","toyota",23,0,false
793,2008,8,6,6,"6","williams","toyota",15,0,false
793,2008,8,7,7,"7","renault","renault",12,0,false
793,2008,8,8,8,"8","honda","honda",8,0,false
793,2008,8,9,9,"9","toro-rosso","ferrari",7,0,false
793,2008,8,10,10,"10","force-india","ferrari",0,0,false
793,2008,8,11,11,"11","super-aguri","honda",0,0,false
794,2008,9,1,1,"1","ferrari","ferrari",96,0,false
794,2008,9,2,2,"2","bmw-sauber","bmw",82,0,false
794,2008,9,3,3,"3","mclaren","mercedes",72,0,false
794,2008,9,4,4,"4","toyota","toyota",25,1,false
794,2008,9,5,5,"5","red-bull","renault",24,-1,false
794,2008,9,6,6,"6","williams","toyota",16,0,false
794,2008,9,7,7,"7","renault","renault",15,0,false
794,2008,9,8,8,"8","honda","honda",14,0,false
794,2008,9,9,9,"9","toro-rosso","ferrari",7,0,false
794,2008,9,10,10,"10","force-india","ferrari",0,0,false
794,2008,9,11,11,"11","super-aguri","honda",0,0,false
795,2008,10,1,1,"1","ferrari","ferrari",105,0,false
795,2008,10,2,2,"2","bmw-sauber","bmw",89,0,false
795,2008,10,3,3,"3","mclaren","mercedes",86,0,false
795,2008,10,4,4,"4","toyota","toyota",25,0,false
795,2008,10,5,5,"5","red-bull","renault",24,0,false
795,2008,10,6,6,"6","renault","renault",23,1,false
795,2008,10,7,7,"7","williams","toyota",16,-1,false
795,2008,10,8,8,"8","honda","honda",14,0,false
795,2008,10,9,9,"9","toro-rosso","ferrari",8,0,false
795,2008,10,10,10,"10","force-india","ferrari",0,0,false
795,2008,10,11,11,"11","super-aguri","honda",0,0,false
796,2008,11,1,1,"1","ferrari","ferrari",111,0,false
796,2008,11,2,2,"2","mclaren","mercedes",100,1,false
796,2008,11,3,3,"3","bmw-sauber","bmw",90,-1,false
796,2008,11,4,4,"4","toyota","toyota",35,0,false
796,2008,11,5,5,"5","renault","renault",31,1,false
796,2008,11,6,6,"6","red-bull","renault",24,-1,false
796,2008,11,7,7,"7","williams","toyota",16,0,false
796,2008,11,8,8,"8","honda","honda",14,0,false
796,2008,11,9,9,"9","toro-rosso","ferrari",8,0,false
796,2008,11,10,10,"10","force-india","ferrari",0,0,false
796,2008,11,11,11,"11","super-aguri","honda",0,0,false
797,2008,12,1,1,"1","ferrari","ferrari",121,0,false
797,2008,12,2,2,"2","mclaren","mercedes",113,0,false
797,2008,12,3,3,"3","bmw-sauber","bmw",96,0,false
797,2008,12,4,4,"4","toyota","toyota",41,0,false
797,2008,12,5,5,"5","renault","renault",31,0,false
797,2008,12,6,6,"6","red-bull","renault",24,0,false
797,2008,12,7,7,"7","williams","toyota",17,0,false
797,2008,12,8,8,"8","honda","honda",14,0,false
797,2008,12,9,9,"9","toro-rosso","ferrari",11,0,false
797,2008,12,10,10,"10","force-india","ferrari",0,0,false
797,2008,12,11,11,"11","super-aguri","honda",0,0,false
798,2008,13,1,1,"1","ferrari","ferrari",131,0,false
798,2008,13,2,2,"2","mclaren","mercedes",119,0,false
798,2008,13,3,3,"3","bmw-sauber","bmw",107,0,false
798,2008,13,4,4,"4","toyota","toyota",41,0,false
798,2008,13,5,5,"5","renault","renault",36,0,false
798,2008,13,6,6,"6","red-bull","renault",25,0,false
798,2008,13,7,7,"7","williams","toyota",17,0,false
798,2008,13,8,8,"8","toro-rosso","ferrari",17,1,false
798,2008,13,9,9,"9","honda","honda",14,-1,false
798,2008,13,10,10,"10","force-india","ferrari",0,0,false
798,2008,13,11,11,"11","super-aguri","honda",0,0,false
799,2008,14,1,1,"1","ferrari","ferrari",134,0,false
799,2008,14,2,2,"2","mclaren","mercedes",129,0,false
799,2008,14,3,3,"3","bmw-sauber","bmw",117,0,false
799,2008,14,4,4,"4","toyota","toyota",41,0,false
799,2008,14,5,5,"5","renault","renault",41,0,false
799,2008,14,6,6,"6","toro-rosso","ferrari",27,2,false
799,2008,14,7,7,"7","red-bull","renault",26,-1,false
799,2008,14,8,8,"8","williams","toyota",17,-1,false
799,2008,14,9,9,"9","honda","honda",14,0,false
799,2008,14,10,10,"10","force-india","ferrari",0,0,false
799,2008,14,11,11,"11","super-aguri","honda",0,0,false
800,2008,15,1,1,"1","mclaren","mercedes",135,1,false
800,2008,15,2,2,"2","ferrari","ferrari",134,-1,false
800,2008,15,3,3,"3","bmw-sauber","bmw",120,0,false
800,2008,15,4,4,"4","renault","renault",51,1,false
800,2008,15,5,5,"5","toyota","toyota",46,-1,false
800,2008,15,6,6,"6","toro-rosso","ferrari",31,0,false
800,2008,15,7,7,"7","red-bull","renault",28,0,false
800,2008,15,8,8,"8","williams","toyota",26,0,false
800,2008,15,9,9,"9","honda","honda",14,0,false
800,2008,15,10,10,"10","force-india","ferrari",0,0,false
800,2008,15,11,11,"11","super-aguri","honda",0,0,false
801,2008,16,1,1,"1","ferrari","ferrari",142,1,false
801,2008,16,2,2,"2","mclaren","mercedes",135,-1,false
801,2008,16,3,3,"3","bmw-sauber","bmw",128,0,false
801,2008,16,4,4,"4","renault","renault",66,0,false
801,2008,16,5,5,"5","toyota","toyota",50,0,false
801,2008,16,6,6,"6","toro-rosso","ferrari",34,0,false
801,2008,16,7,7,"7","red-bull","renault",29,0,false
801,2008,16,8,8,"8","williams","toyota",26,0,false
801,2008,16,9,9,"9","honda","honda",14,0,false
801,2008,16,10,10,"10","force-india","ferrari",0,0,false
801,2008,16,11,11,"11","super-aguri","honda",0,0,false
802,2008,17,1,1,"1","ferrari","ferrari",156,0,false
802,2008,17,2,2,"2","mclaren","mercedes",145,0,false
802,2008,17,3,3,"3","bmw-sauber","bmw",135,0,false
802,2008,17,4,4,"4","renault","renault",72,0,false
802,2008,17,5,5,"5","toyota","toyota",52,0,false
802,2008,17,6,6,"6","toro-rosso","ferrari",34,0,false
802,2008,17,7,7,"7","red-bull","renault",29,0,false
802,2008,17,8,8,"8","williams","toyota",26,0,false
802,2008,17,9,9,"9","honda","honda",14,0,false
802,2008,17,10,10,"10","force-india","ferrari",0,0,false
802,2008,17,11,11,"11","super-aguri","honda",0,0,false
803,2008,18,1,1,"1","ferrari","ferrari",172,0,true
803,2008,18,2,2,"2","mclaren","mercedes",151,0,false
803,2008,18,3,3,"3","bmw-sauber","bmw",135,0,false
803,2008,18,4,4,"4","renault","renault",80,0,false
803,2008,18,5,5,"5","toyota","toyota",56,0,false
803,2008,18,6,6,"6","toro-rosso","ferrari",39,0,false
803,2008,18,7,7,"7","red-bull","renault",29,0,false
803,2008,18,8,8,"8","williams","toyota",26,0,false
803,2008,18,9,9,"9","honda","honda",14,0,false
803,2008,18,10,10,"10","force-india","ferrari",0,0,false
803,2008,18,11,11,"11","super-aguri","honda",0,0,false
804,2009,1,1,1,"1","brawn","mercedes",18,,false
804,2009,1,2,2,"2","toyota","toyota",11,,false
804,2009,1,3,3,"3","renault","renault",4,,false
804,2009,1,4,4,"4","williams","toyota",3,,false
804,2009,1,5,5,"5","toro-rosso","ferrari",3,,false
804,2009,1,6,6,"6","force-india","mercedes",0,,false
804,2009,1,7,7,"7","bmw-sauber","bmw",0,,false
804,2009,1,8,8,"8","red-bull","renault",0,,false
804,2009,1,9,9,"9","ferrari","ferrari",0,,false
805,2009,2,1,1,"1","brawn","mercedes",25,0,false
805,2009,2,2,2,"2","toyota","toyota",16.5,0,false
805,2009,2,3,3,"3","bmw-sauber","bmw",4,4,false
805,2009,2,4,4,"4","renault","renault",4,-1,false
805,2009,2,5,5,"5","williams","toyota",3.5,-1,false
805,2009,2,6,6,"6","toro-rosso","ferrari",3,-1,false
805,2009,2,7,7,"7","red-bull","renault",1.5,1,false
805,2009,2,8,8,"8","mclaren","mercedes",1,2,false
805,2009,2,9,9,"9","force-india","mercedes",0,-3,false
805,2009,2,10,10,"10","ferrari","ferrari",0,-1,false
806,2009,3,1,1,"1","brawn","mercedes",36,0,false
806,2009,3,2,2,"2","red-bull","renault",19.5,5,false
806,2009,3,3,3,"3","toyota","toyota",18.5,-1,false
806,2009,3,4,4,"4","mclaren","mercedes",8,4,false
806,2009,3,5,5,"5","bmw-sauber","bmw",4,-2,false
806,2009,3,6,6,"6","renault","renault",4,-2,false
806,2009,3,7,7,"7","toro-rosso","ferrari",4,-1,false
806,2009,3,8,8,"8","williams","toyota",3.5,-3,false
806,2009,3,9,9,"9","ferrari","ferrari",0,1,false
806,2009,3,10,10,"10","force-india","mercedes",0,-1,false
807,2009,4,1,1,"1","brawn","mercedes",50,0,false
807,2009,4,2,2,"2","red-bull","renault",27.5,0,false
807,2009,4,3,3,"3","toyota","toyota",26.5,0,false
807,2009,4,4,4,"4","mclaren","mercedes",13,0,false
807,2009,4,5,5,"5","renault","renault",5,1,false
807,2009,4,6,6,"6","bmw-sauber","bmw",4,-1,false
807,2009,4,7,7,"7","toro-rosso","ferrari",4,0,false
807,2009,4,8,8,"8","williams","toyota",3.5,0,false
807,2009,4,9,9,"9","ferrari","ferrari",3,0,false
807,2009,4,10,10,"10","force-india","mercedes",0,0,false
808,2009,5,1,1,"1","brawn","mercedes",68,0,false
808,2009,5,2,2,"2","red-bull","renault",38.5,0,false
808,2009,5,3,3,"3","toyota","toyota",26.5,0,false
808,2009,5,4,4,"4","mclaren","mercedes",13,0,false
808,2009,5,5,5,"5","renault","renault",9,0,false
808,2009,5,6,6,"6","bmw-sauber","bmw",6,0,false
808,2009,5,7,7,"7","ferrari","ferrari",6,2,false
808,2009,5,8,8,"8","williams","toyota",4.5,0,false
808,2009,5,9,9,"9","toro-rosso","ferrari",4,-2,false
808,2009,5,10,10,"10","force-india","mercedes",0,0,false
809,2009,6,1,1,"1","brawn","mercedes",86,0,false
809,2009,6,2,2,"2","red-bull","renault",42.5,0,false
809,2009,6,3,3,"3","toyota","toyota",26.5,0,false
809,2009,6,4,4,"4","ferrari","ferrari",17,3,false
809,2009,6,5,5,"5","mclaren","mercedes",13,-1,false
809,2009,6,6,6,"6","renault","renault",11,-1,false
809,2009,6,7,7,"7","williams","toyota",7.5,1,false
809,2009,6,8,8,"8","bmw-sauber","bmw",6,-2,false
809,2009,6,9,9,"9","toro-rosso","ferrari",5,0,false
809,2009,6,10,10,"10","force-india","mercedes",0,0,false
810,2009,7,1,1,"1","brawn","mercedes",96,0,false
810,2009,7,2,2,"2","red-bull","renault",56.5,0,false
810,2009,7,3,3,"3","toyota","toyota",32.5,0,false
810,2009,7,4,4,"4","ferrari","ferrari",20,0,false
810,2009,7,5,5,"5","mclaren","mercedes",13,0,false
810,2009,7,6,6,"6","williams","toyota",11.5,1,false
810,2009,7,7,7,"7","renault","renault",11,-1,false
810,2009,7,8,8,"8","bmw-sauber","bmw",8,0,false
810,2009,7,9,9,"9","toro-rosso","ferrari",5,0,false
810,2009,7,10,10,"10","force-india","mercedes",0,0,false
811,2009,8,1,1,"1","brawn","mercedes",105,0,false
811,2009,8,2,2,"2","red-bull","renault",74.5,0,false
811,2009,8,3,3,"3","toyota","toyota",34.5,0,false
811,2009,8,4,4,"4","ferrari","ferrari",26,0,false
811,2009,8,5,5,"5","williams","toyota",15.5,1,false
811,2009,8,6,6,"6","mclaren","mercedes",13,-1,false
811,2009,8,7,7,"7","renault","renault",11,0,false
811,2009,8,8,8,"8","bmw-sauber","bmw",8,0,false
811,2009,8,9,9,"9","toro-rosso","ferrari",5,0,false
811,2009,8,10,10,"10","force-india","mercedes",0,0,false
812,2009,9,1,1,"1","brawn","mercedes",112,0,false
812,2009,9,2,2,"2","red-bull","renault",92.5,0,false
812,2009,9,3,3,"3","toyota","toyota",34.5,0,false
812,2009,9,4,4,"4","ferrari","ferrari",32,0,false
812,2009,9,5,5,"5","williams","toyota",20.5,0,false
812,2009,9,6,6,"6","mclaren","mercedes",14,0,false
812,2009,9,7,7,"7","renault","renault",13,0,false
812,2009,9,8,8,"8","bmw-sauber","bmw",8,0,false
812,2009,9,9,9,"9","toro-rosso","ferrari",5,0,false
812,2009,9,10,10,"10","force-india","mercedes",0,0,false
813,2009,10,1,1,"1","brawn","mercedes",114,0,false
813,2009,10,2,2,"2","red-bull","renault",98.5,0,false
813,2009,10,3,3,"3","ferrari","ferrari",40,1,false
813,2009,10,4,4,"4","toyota","toyota",38.5,-1,false
813,2009,10,5,5,"5","mclaren","mercedes",28,1,false
813,2009,10,6,6,"6","williams","toyota",25.5,-1,false
813,2009,10,7,7,"7","renault","renault",13,0,false
813,2009,10,8,8,"8","bmw-sauber","bmw",8,0,false
813,2009,10,9,9,"9","toro-rosso","ferrari",5,0,false
813,2009,10,10,10,"10","force-india","mercedes",0,0,false
814,2009,11,1,1,"1","brawn","mercedes",126,0,false
814,2009,11,2,2,"2","red-bull","renault",98.5,0,false
814,2009,11,3,3,"3","ferrari","ferrari",46,0,false
814,2009,11,4,4,"4","mclaren","mercedes",41,1,false
814,2009,11,5,5,"5","toyota","toyota",38.5,-1,false
814,2009,11,6,6,"6","williams","toyota",29.5,0,false
814,2009,11,7,7,"7","renault","renault",16,0,false
814,2009,11,8,8,"8","bmw-sauber","bmw",9,0,false
814,2009,11,9,9,"9","toro-rosso","ferrari",5,0,false
814,2009,11,10,10,"10","force-india","mercedes",0,0,false
815,2009,12,1,1,"1","brawn","mercedes",128,0,false
815,2009,12,2,2,"2","red-bull","renault",104.5,0,false
815,2009,12,3,3,"3","ferrari","ferrari",56,0,false
815,2009,12,4,4,"4","mclaren","mercedes",44,0,false
815,2009,12,5,5,"5","toyota","toyota",38.5,0,false
815,2009,12,6,6,"6","williams","toyota",30.5,0,false
815,2009,12,7,7,"7","bmw-sauber","bmw",18,1,false
815,2009,12,8,8,"8","renault","renault",16,-1,false
815,2009,12,9,9,"9","force-india","mercedes",8,1,false
815,2009,12,10,10,"10","toro-rosso","ferrari",5,-1,false
816,2009,13,1,1,"1","brawn","mercedes",146,0,false
816,2009,13,2,2,"2","red-bull","renault",105.5,0,false
816,2009,13,3,3,"3","ferrari","ferrari",62,0,false
816,2009,13,4,4,"4","mclaren","mercedes",47,0,false
816,2009,13,5,5,"5","toyota","toyota",38.5,0,false
816,2009,13,6,6,"6","williams","toyota",30.5,0,false
816,2009,13,7,7,"7","bmw-sauber","bmw",20,0,false
816,2009,13,8,8,"8","renault","renault",20,0,false
816,2009,13,9,9,"9","force-india","mercedes",13,0,false
816,2009,13,10,10,"10","toro-rosso","ferrari",5,0,false
817,2009,14,1,1,"1","brawn","mercedes",153,0,false
817,2009,14,2,2,"2","red-bull","renault",110.5,0,false
817,2009,14,3,3,"3","ferrari","ferrari",62,0,false
817,2009,14,4,4,"4","mclaren","mercedes",59,0,false
817,2009,14,5,5,"5","toyota","toyota",46.5,0,false
817,2009,14,6,6,"6","williams","toyota",30.5,0,false
817,2009,14,7,7,"7","renault","renault",26,1,false
817,2009,14,8,8,"8","bmw-sauber","bmw",21,-1,false
817,2009,14,9,9,"9","force-india","mercedes",13,0,false
817,2009,14,10,10,"10","toro-rosso","ferrari",5,0,false
818,2009,15,1,1,"1","brawn","mercedes",156,0,false
818,2009,15,2,2,"2","red-bull","renault",120.5,0,false
818,2009,15,3,3,"3","ferrari","ferrari",67,0,false
818,2009,15,4,4,"4","mclaren","mercedes",65,0,false
818,2009,15,5,5,"5","toyota","toyota",54.5,0,false
818,2009,15,6,6,"6","williams","toyota",34.5,0,false
818,2009,15,7,7,"7","renault","renault",26,0,false
818,2009,15,8,8,"8","bmw-sauber","bmw",24,0,false
818,2009,15,9,9,"9","force-india","mercedes",13,0,false
818,2009,15,10,10,"10","toro-rosso","ferrari",5,0,false
819,2009,16,1,1,"1","brawn","mercedes",161,0,true
819,2009,16,2,2,"2","red-bull","renault",135.5,0,false
819,2009,16,3,3,"3","mclaren","mercedes",71,1,false
819,2009,16,4,4,"4","ferrari","ferrari",70,-1,false
819,2009,16,5,5,"5","toyota","toyota",54.5,0,false
819,2009,16,6,6,"6","williams","toyota",34.5,0,false
819,2009,16,7,7,"7","bmw-sauber","bmw",32,1,false
819,2009,16,8,8,"8","renault","renault",26,-1,false
819,2009,16,9,9,"9","force-india","mercedes",13,0,false
819,2009,16,10,10,"10","toro-rosso","ferrari",7,0,false
820,2009,17,1,1,"1","brawn","mercedes",172,0,true
820,2009,17,2,2,"2","red-bull","renault",153.5,0,false
820,2009,17,3,3,"3","mclaren","mercedes",71,0,false
820,2009,17,4,4,"4","ferrari","ferrari",70,0,false
820,2009,17,5,5,"5","toyota","toyota",59.5,0,false
820,2009,17,6,6,"6","bmw-sauber","bmw",36,1,false
820,2009,17,7,7,"7","williams","toyota",34.5,-1,false
820,2009,17,8,8,"8","renault","renault",26,0,false
820,2009,17,9,9,"9","force-india","mercedes",13,0,false
820,2009,17,10,10,"10","toro-rosso","ferrari",8,0,false
821,2010,1,1,1,"1","ferrari","ferrari",43,,false
821,2010,1,2,2,"2","mclaren","mercedes",21,,false
821,2010,1,3,3,"3","mercedes","mercedes",18,,false
821,2010,1,4,4,"4","red-bull","renault",16,,false
821,2010,1,5,5,"5","force-india","mercedes",2,,false
821,2010,1,6,6,"6","williams","cosworth",1,,false
821,2010,1,7,7,"7","renault","renault",0,,false
821,2010,1,8,8,"8","toro-rosso","ferrari",0,,false
821,2010,1,9,9,"9","lotus-racing","cosworth",0,,false
822,2010,2,1,1,"1","ferrari","ferrari",70,0,false
822,2010,2,2,2,"2","mclaren","mercedes",54,0,false
822,2010,2,3,3,"3","mercedes","mercedes",29,0,false
822,2010,2,4,4,"4","renault","renault",18,3,false
822,2010,2,5,5,"5","red-bull","renault",18,-1,false
822,2010,2,6,6,"6","force-india","mercedes",8,-1,false
822,2010,2,7,7,"7","williams","cosworth",5,-1,false
822,2010,2,8,8,"8","toro-rosso","ferrari",0,0,false
822,2010,2,9,9,"9","sauber","ferrari",0,1,false
822,2010,2,10,10,"10","lotus-racing","cosworth",0,-1,false
822,2010,2,11,11,"11","hrt","cosworth",0,-1,false
823,2010,3,1,1,"1","ferrari","ferrari",76,0,false
823,2010,3,2,2,"2","mclaren","mercedes",66,0,false
823,2010,3,3,3,"3","red-bull","renault",61,2,false
823,2010,3,4,4,"4","mercedes","mercedes",44,-1,false
823,2010,3,5,5,"5","renault","renault",30,-1,false
823,2010,3,6,6,"6","force-india","mercedes",18,0,false
823,2010,3,7,7,"7","williams","cosworth",6,0,false
823,2010,3,8,8,"8","toro-rosso","ferrari",2,0,false
823,2010,3,9,9,"9","sauber","ferrari",0,0,false
823,2010,3,10,10,"10","lotus-racing","cosworth",0,0,false
823,2010,3,11,11,"11","hrt","cosworth",0,0,false
823,2010,3,12,12,"12","virgin","cosworth",0,0,false
824,2010,4,1,1,"1","mclaren","mercedes",109,1,false
824,2010,4,2,2,"2","ferrari","ferrari",90,-1,false
824,2010,4,3,3,"3","red-bull","renault",73,0,false
824,2010,4,4,4,"4","mercedes","mercedes",60,0,false
824,2010,4,5,5,"5","renault","renault",46,0,false
824,2010,4,6,6,"6","force-india","mercedes",18,0,false
824,2010,4,7,7,"7","williams","cosworth",6,0,false
824,2010,4,8,8,"8","toro-rosso","ferrari",2,0,false
824,2010,4,9,9,"9","sauber","ferrari",0,0,false
824,2010,4,10,10,"10","lotus-racing","cosworth",0,0,false
824,2010,4,11,11,"11","hrt","cosworth",0,0,false
824,2010,4,12,12,"12","virgin","cosworth",0,0,false
825,2010,5,1,1,"1","mclaren","mercedes",119,0,false
825,2010,5,2,2,"2","ferrari","ferrari",116,0,false
825,2010,5,3,3,"3","red-bull","renault",113,0,false
825,2010,5,4,4,"4","mercedes","mercedes",72,0,false
825,2010,5,5,5,"5","renault","renault",50,0,false
825,2010,5,6,6,"6","force-india","mercedes",24,0,false
825,2010,5,7,7,"7","williams","cosworth",8,0,false
825,2010,5,8,8,"8","toro-rosso","ferrari",3,0,false
825,2010,5,9,9,"9","sauber","ferrari",0,0,false
825,2010,5,10,10,"10","lotus-racing","cosworth",0,0,false
825,2010,5,11,11,"11","hrt","cosworth",0,0,false
825,2010,5,12,12,"12","virgin","cosworth",0,0,false
826,2010,6,1,1,"1","red-bull","renault",156,2,false
826,2010,6,2,2,"2","ferrari","ferrari",136,0,false
826,2010,6,3,3,"3","mclaren","mercedes",129,-2,false
826,2010,6,4,4,"4","mercedes","mercedes",78,0,false
826,2010,6,5,5,"5","renault","renault",65,0,false
826,2010,6,6,6,"6","force-india","mercedes",30,0,false
826,2010,6,7,7,"7","williams","cosworth",8,0,false
826,2010,6,8,8,"8","toro-rosso","ferrari",4,0,false
826,2010,6,9,9,"9","sauber","ferrari",0,0,false
826,2010,6,10,10,"10","lotus-racing","cosworth",0,0,false
826,2010,6,11,11,"11","hrt","cosworth",0,0,false
826,2010,6,12,12,"12","virgin","cosworth",0,0,false
827,2010,7,1,1,"1","mclaren","mercedes",172,2,false
827,2010,7,2,2,"2","red-bull","renault",171,-1,false
827,2010,7,3,3,"3","ferrari","ferrari",146,-1,false
827,2010,7,4,4,"4","mercedes","mercedes",100,0,false
827,2010,7,5,5,"5","renault","renault",73,0,false
827,2010,7,6,6,"6","force-india","mercedes",32,0,false
827,2010,7,7,7,"7","williams","cosworth",8,0,false
827,2010,7,8,8,"8","toro-rosso","ferrari",4,0,false
827,2010,7,9,9,"9","sauber","ferrari",1,0,false
827,2010,7,10,10,"10","lotus-racing","cosworth",0,0,false
827,2010,7,11,11,"11","hrt","cosworth",0,0,false
827,2010,7,12,12,"12","virgin","cosworth",0,0,false
828,2010,8,1,1,"1","mclaren","mercedes",215,0,false
828,2010,8,2,2,"2","red-bull","renault",193,0,false
828,2010,8,3,3,"3","ferrari","ferrari",161,0,false
828,2010,8,4,4,"4","mercedes","mercedes",108,0,false
828,2010,8,5,5,"5","renault","renault",79,0,false
828,2010,8,6,6,"6","force-india","mercedes",35,0,false
828,2010,8,7,7,"7","toro-rosso","ferrari",8,1,false
828,2010,8,8,8,"8","williams","cosworth",8,-1,false
828,2010,8,9,9,"9","sauber","ferrari",1,0,false
828,2010,8,10,10,"10","lotus-racing","cosworth",0,0,false
828,2010,8,11,11,"11","hrt","cosworth",0,0,false
828,2010,8,12,12,"12","virgin","cosworth",0,0,false
829,2010,9,1,1,"1","mclaren","mercedes",248,0,false
829,2010,9,2,2,"2","red-bull","renault",218,0,false
829,2010,9,3,3,"3","ferrari","ferrari",165,0,false
829,2010,9,4,4,"4","mercedes","mercedes",109,0,false
829,2010,9,5,5,"5","renault","renault",89,0,false
829,2010,9,6,6,"6","force-india","mercedes",43,0,false
829,2010,9,7,7,"7","williams","cosworth",20,1,false
829,2010,9,8,8,"8","toro-rosso","ferrari",10,-1,false
829,2010,9,9,9,"9","sauber","ferrari",7,0,false
829,2010,9,10,10,"10","lotus-racing","cosworth",0,0,false
829,2010,9,11,11,"11","hrt","cosworth",0,0,false
829,2010,9,12,12,"12","virgin","cosworth",0,0,false
830,2010,10,1,1,"1","mclaren","mercedes",278,0,false
830,2010,10,2,2,"2","red-bull","renault",249,0,false
830,2010,10,3,3,"3","ferrari","ferrari",165,0,false
830,2010,10,4,4,"4","mercedes","mercedes",126,0,false
830,2010,10,5,5,"5","renault","renault",89,0,false
830,2010,10,6,6,"6","force-india","mercedes",47,0,false
830,2010,10,7,7,"7","williams","cosworth",31,0,false
830,2010,10,8,8,"8","sauber","ferrari",15,1,false
830,2010,10,9,9,"9","toro-rosso","ferrari",10,-1,false
830,2010,10,10,10,"10","lotus-racing","cosworth",0,0,false
830,2010,10,11,11,"11","hrt","cosworth",0,0,false
830,2010,10,12,12,"12","virgin","cosworth",0,0,false
831,2010,11,1,1,"1","mclaren","mercedes",300,0,false
831,2010,11,2,2,"2","red-bull","renault",272,0,false
831,2010,11,3,3,"3","ferrari","ferrari",208,0,false
831,2010,11,4,4,"4","mercedes","mercedes",132,0,false
831,2010,11,5,5,"5","renault","renault",96,0,false
831,2010,11,6,6,"6","force-india","mercedes",47,0,false
831,2010,11,7,7,"7","williams","cosworth",31,0,false
831,2010,11,8,8,"8","sauber","ferrari",15,0,false
831,2010,11,9,9,"9","toro-rosso","ferrari",10,0,false
831,2010,11,10,10,"10","lotus-racing","cosworth",0,0,false
831,2010,11,11,11,"11","hrt","cosworth",0,0,false
831,2010,11,12,12,"12","virgin","cosworth",0,0,false
832,2010,12,1,1,"1","red-bull","renault",312,1,false
832,2010,12,2,2,"2","mclaren","mercedes",304,-1,false
832,2010,12,3,3,"3","ferrari","ferrari",238,0,false
832,2010,12,4,4,"4","mercedes","mercedes",132,0,false
832,2010,12,5,5,"5","renault","renault",106,0,false
832,2010,12,6,6,"6","force-india","mercedes",47,0,false
832,2010,12,7,7,"7","williams","cosworth",40,0,false
832,2010,12,8,8,"8","sauber","ferrari",23,0,false
832,2010,12,9,9,"9","toro-rosso","ferrari",10,0,false
832,2010,12,10,10,"10","lotus-racing","cosworth",0,0,false
832,2010,12,11,11,"11","hrt","cosworth",0,0,false
832,2010,12,12,12,"12","virgin","cosworth",0,0,false
833,2010,13,1,1,"1","red-bull","renault",330,0,false
833,2010,13,2,2,"2","mclaren","mercedes",329,0,false
833,2010,13,3,3,"3","ferrari","ferrari",250,0,false
833,2010,13,4,4,"4","mercedes","mercedes",146,0,false
833,2010,13,5,5,"5","renault","renault",123,0,false
833,2010,13,6,6,"6","force-india","mercedes",58,0,false
833,2010,13,7,7,"7","williams","cosworth",40,0,false
833,2010,13,8,8,"8","sauber","ferrari",27,0,false
833,2010,13,9,9,"9","toro-rosso","ferrari",10,0,false
833,2010,13,10,10,"10","lotus-racing","cosworth",0,0,false
833,2010,13,11,11,"11","hrt","cosworth",0,0,false
833,2010,13,12,12,"12","virgin","cosworth",0,0,false
834,2010,14,1,1,"1","red-bull","renault",350,0,false
834,2010,14,2,2,"2","mclaren","mercedes",347,0,false
834,2010,14,3,3,"3","ferrari","ferrari",290,0,false
834,2010,14,4,4,"4","mercedes","mercedes",158,0,false
834,2010,14,5,5,"5","renault","renault",127,0,false
834,2010,14,6,6,"6","force-india","mercedes",58,0,false
834,2010,14,7,7,"7","williams","cosworth",47,0,false
834,2010,14,8,8,"8","sauber","ferrari",27,0,false
834,2010,14,9,9,"9","toro-rosso","ferrari",10,0,false
834,2010,14,10,10,"10","lotus-racing","cosworth",0,0,false
834,2010,14,11,11,"11","hrt","cosworth",0,0,false
834,2010,14,12,12,"12","virgin","cosworth",0,0,false
835,2010,15,1,1,"1","red-bull","renault",383,0,false
835,2010,15,2,2,"2","mclaren","mercedes",359,0,false
835,2010,15,3,3,"3","ferrari","ferrari",319,0,false
835,2010,15,4,4,"4","mercedes","mercedes",168,0,false
835,2010,15,5,5,"5","renault","renault",133,0,false
835,2010,15,6,6,"6","force-india","mercedes",60,0,false
835,2010,15,7,7,"7","williams","cosworth",56,0,false
835,2010,15,8,8,"8","sauber","ferrari",27,0,false
835,2010,15,9,9,"9","toro-rosso","ferrari",10,0,false
835,2010,15,10,10,"10","lotus-racing","cosworth",0,0,false
835,2010,15,11,11,"11","hrt","cosworth",0,0,false
835,2010,15,12,12,"12","virgin","cosworth",0,0,false
836,2010,16,1,1,"1","red-bull","renault",426,0,false
836,2010,16,2,2,"2","mclaren","mercedes",381,0,false
836,2010,16,3,3,"3","ferrari","ferrari",334,0,false
836,2010,16,4,4,"4","mercedes","mercedes",176,0,false
836,2010,16,5,5,"5","renault","renault",133,0,false
836,2010,16,6,6,"6","force-india","mercedes",60,0,false
836,2010,16,7,7,"7","williams","cosworth",58,0,false
836,2010,16,8,8,"8","sauber","ferrari",37,0,false
836,2010,16,9,9,"9","toro-rosso","ferrari",11,0,false
836,2010,16,10,10,"10","lotus-racing","cosworth",0,0,false
836,2010,16,11,11,"11","hrt","cosworth",0,0,false
836,2010,16,12,12,"12","virgin","cosworth",0,0,false
837,2010,17,1,1,"1","red-bull","renault",426,0,false
837,2010,17,2,2,"2","mclaren","mercedes",399,0,false
837,2010,17,3,3,"3","ferrari","ferrari",374,0,false
837,2010,17,4,4,"4","mercedes","mercedes",188,0,false
837,2010,17,5,5,"5","renault","renault",143,0,false
837,2010,17,6,6,"6","force-india","mercedes",68,0,false
837,2010,17,7,7,"7","williams","cosworth",65,0,false
837,2010,17,8,8,"8","sauber","ferrari",43,0,false
837,2010,17,9,9,"9","toro-rosso","ferrari",11,0,false
837,2010,17,10,10,"10","lotus-racing","cosworth",0,0,false
837,2010,17,11,11,"11","hrt","cosworth",0,0,false
837,2010,17,12,12,"12","virgin","cosworth",0,0,false
838,2010,18,1,1,"1","red-bull","renault",469,0,true
838,2010,18,2,2,"2","mclaren","mercedes",421,0,false
838,2010,18,3,3,"3","ferrari","ferrari",389,0,false
838,2010,18,4,4,"4","mercedes","mercedes",202,0,false
838,2010,18,5,5,"5","renault","renault",145,0,false
838,2010,18,6,6,"6","williams","cosworth",69,1,false
838,2010,18,7,7,"7","force-india","mercedes",68,-1,false
838,2010,18,8,8,"8","sauber","ferrari",44,0,false
838,2010,18,9,9,"9","toro-rosso","ferrari",11,0,false
838,2010,18,10,10,"10","lotus-racing","cosworth",0,0,false
838,2010,18,11,11,"11","hrt","cosworth",0,0,false
838,2010,18,12,12,"12","virgin","cosworth",0,0,false
839,2010,19,1,1,"1","red-bull","renault",498,0,true
839,2010,19,2,2,"2","mclaren","mercedes",454,0,false
839,2010,19,3,3,"3","ferrari","ferrari",396,0,false
839,2010,19,4,4,"4","mercedes","mercedes",214,0,false
839,2010,19,5,5,"5","renault","renault",163,0,false
839,2010,19,6,6,"6","williams","cosworth",69,0,false
839,2010,19,7,7,"7","force-india","mercedes",68,0,false
839,2010,19,8,8,"8","sauber","ferrari",44,0,false
839,2010,19,9,9,"9","toro-rosso","ferrari",13,0,false
839,2010,19,10,10,"10","lotus-racing","cosworth",0,0,false
839,2010,19,11,11,"11","hrt","cosworth",0,0,false
839,2010,19,12,12,"12","virgin","cosworth",0,0,false
840,2011,1,1,1,"1","red-bull","renault",35,,false
840,2011,1,2,2,"2","mclaren","mercedes",26,,false
840,2011,1,3,3,"3","ferrari","ferrari",18,,false
840,2011,1,4,4,"4","renault","renault",15,,false
840,2011,1,5,5,"5","toro-rosso","ferrari",4,,false
840,2011,1,6,6,"6","force-india","mercedes",3,,false
840,2011,1,7,7,"7","lotus-racing","renault",0,,false
840,2011,1,8,8,"8","virgin","cosworth",0,,false
841,2011,2,1,1,"1","red-bull","renault",72,0,false
841,2011,2,2,2,"2","mclaren","mercedes",48,0,false
841,2011,2,3,3,"3","ferrari","ferrari",36,0,false
841,2011,2,4,4,"4","renault","renault",30,0,false
841,2011,2,5,5,"5","sauber","ferrari",6,4,false
841,2011,2,6,6,"6","toro-rosso","ferrari",4,-1,false
841,2011,2,7,7,"7","force-india","mercedes",4,-1,false
841,2011,2,8,8,"8","mercedes","mercedes",2,1,false
841,2011,2,9,9,"9","lotus-racing","renault",0,-2,false
841,2011,2,10,10,"10","virgin","cosworth",0,-2,false
842,2011,3,1,1,"1","red-bull","renault",105,0,false
842,2011,3,2,2,"2","mclaren","mercedes",85,0,false
842,2011,3,3,3,"3","ferrari","ferrari",50,0,false
842,2011,3,4,4,"4","renault","renault",32,0,false
842,2011,3,5,5,"5","mercedes","mercedes",16,3,false
842,2011,3,6,6,"6","sauber","ferrari",7,-1,false
842,2011,3,7,7,"7","toro-rosso","ferrari",4,-1,false
842,2011,3,8,8,"8","force-india","mercedes",4,-1,false
842,2011,3,9,9,"9","lotus-racing","renault",0,0,false
842,2011,3,10,10,"10","williams","cosworth",0,1,false
842,2011,3,11,11,"11","virgin","cosworth",0,-1,false
842,2011,3,12,12,"12","hrt","cosworth",0,-1,false
843,2011,4,1,1,"1","red-bull","renault",148,0,false
843,2011,4,2,2,"2","mclaren","mercedes",105,0,false
843,2011,4,3,3,"3","ferrari","ferrari",65,0,false
843,2011,4,4,4,"4","renault","renault",42,0,false
843,2011,4,5,5,"5","mercedes","mercedes",26,0,false
843,2011,4,6,6,"6","sauber","ferrari",8,0,false
843,2011,4,7,7,"7","toro-rosso","ferrari",6,0,false
843,2011,4,8,8,"8","force-india","mercedes",4,0,false
843,2011,4,9,9,"9","lotus-racing","renault",0,0,false
843,2011,4,10,10,"10","williams","cosworth",0,0,false
843,2011,4,11,11,"11","virgin","cosworth",0,0,false
843,2011,4,12,12,"12","hrt","cosworth",0,0,false
844,2011,5,1,1,"1","red-bull","renault",185,0,false
844,2011,5,2,2,"2","mclaren","mercedes",138,0,false
844,2011,5,3,3,"3","ferrari","ferrari",75,0,false
844,2011,5,4,4,"4","renault","renault",46,0,false
844,2011,5,5,5,"5","mercedes","mercedes",40,0,false
844,2011,5,6,6,"6","sauber","ferrari",11,0,false
844,2011,5,7,7,"7","toro-rosso","ferrari",6,0,false
844,2011,5,8,8,"8","force-india","mercedes",4,0,false
844,2011,5,9,9,"9","williams","cosworth",0,1,false
844,2011,5,10,10,"10","lotus-racing","renault",0,-1,false
844,2011,5,11,11,"11","virgin","cosworth",0,0,false
844,2011,5,12,12,"12","hrt","cosworth",0,0,false
845,2011,6,1,1,"1","red-bull","renault",222,0,false
845,2011,6,2,2,"2","mclaren","mercedes",161,0,false
845,2011,6,3,3,"3","ferrari","ferrari",93,0,false
845,2011,6,4,4,"4","renault","renault",50,0,false
845,2011,6,5,5,"5","mercedes","mercedes",40,0,false
845,2011,6,6,6,"6","sauber","ferrari",21,0,false
845,2011,6,7,7,"7","force-india","mercedes",10,1,false
845,2011,6,8,8,"8","toro-rosso","ferrari",7,-1,false
845,2011,6,9,9,"9","williams","cosworth",2,0,false
845,2011,6,10,10,"10","lotus-racing","renault",0,0,false
845,2011,6,11,11,"11","virgin","cosworth",0,0,false
845,2011,6,12,12,"12","hrt","cosworth",0,0,false
846,2011,7,1,1,"1","red-bull","renault",255,0,false
846,2011,7,2,2,"2","mclaren","mercedes",186,0,false
846,2011,7,3,3,"3","ferrari","ferrari",101,0,false
846,2011,7,4,4,"4","renault","renault",60,0,false
846,2011,7,5,5,"5","mercedes","mercedes",52,0,false
846,2011,7,6,6,"6","sauber","ferrari",27,0,false
846,2011,7,7,7,"7","toro-rosso","ferrari",12,1,false
846,2011,7,8,8,"8","force-india","mercedes",10,-1,false
846,2011,7,9,9,"9","williams","cosworth",4,0,false
846,2011,7,10,10,"10","lotus-racing","renault",0,0,false
846,2011,7,11,11,"11","hrt","cosworth",0,1,false
846,2011,7,12,12,"12","virgin","cosworth",0,-1,false
847,2011,8,1,1,"1","red-bull","renault",295,0,false
847,2011,8,2,2,"2","mclaren","mercedes",206,0,false
847,2011,8,3,3,"3","ferrari","ferrari",129,0,false
847,2011,8,4,4,"4","renault","renault",61,0,false
847,2011,8,5,5,"5","mercedes","mercedes",58,0,false
847,2011,8,6,6,"6","sauber","ferrari",27,0,false
847,2011,8,7,7,"7","toro-rosso","ferrari",16,0,false
847,2011,8,8,8,"8","force-india","mercedes",12,0,false
847,2011,8,9,9,"9","williams","cosworth",4,0,false
847,2011,8,10,10,"10","lotus-racing","renault",0,0,false
847,2011,8,11,11,"11","hrt","cosworth",0,0,false
847,2011,8,12,12,"12","virgin","cosworth",0,0,false
848,2011,9,1,1,"1","red-bull","renault",328,0,false
848,2011,9,2,2,"2","mclaren","mercedes",218,0,false
848,2011,9,3,3,"3","ferrari","ferrari",164,0,false
848,2011,9,4,4,"4","mercedes","mercedes",68,1,false
848,2011,9,5,5,"5","renault","renault",65,-1,false
848,2011,9,6,6,"6","sauber","ferrari",33,0,false
848,2011,9,7,7,"7","toro-rosso","ferrari",17,0,false
848,2011,9,8,8,"8","force-india","mercedes",12,0,false
848,2011,9,9,9,"9","williams","cosworth",4,0,false
848,2011,9,10,10,"10","lotus-racing","renault",0,0,false
848,2011,9,11,11,"11","hrt","cosworth",0,0,false
848,2011,9,12,12,"12","virgin","cosworth",0,0,false
849,2011,10,1,1,"1","red-bull","renault",355,0,false
849,2011,10,2,2,"2","mclaren","mercedes",243,0,false
849,2011,10,3,3,"3","ferrari","ferrari",192,0,false
849,2011,10,4,4,"4","mercedes","mercedes",78,0,false
849,2011,10,5,5,"5","renault","renault",66,0,false
849,2011,10,6,6,"6","sauber","ferrari",35,0,false
849,2011,10,7,7,"7","force-india","mercedes",20,1,false
849,2011,10,8,8,"8","toro-rosso","ferrari",17,-1,false
849,2011,10,9,9,"9","williams","cosworth",4,0,false
849,2011,10,10,10,"10","lotus-racing","renault",0,0,false
849,2011,10,11,11,"11","hrt","cosworth",0,0,false
849,2011,10,12,12,"12","virgin","cosworth",0,0,false
850,2011,11,1,1,"1","red-bull","renault",383,0,false
850,2011,11,2,2,"2","mclaren","mercedes",280,0,false
850,2011,11,3,3,"3","ferrari","ferrari",215,0,false
850,2011,11,4,4,"4","mercedes","mercedes",80,0,false
850,2011,11,5,5,"5","renault","renault",66,0,false
850,2011,11,6,6,"6","sauber","ferrari",35,0,false
850,2011,11,7,7,"7","force-india","mercedes",26,0,false
850,2011,11,8,8,"8","toro-rosso","ferrari",22,0,false
850,2011,11,9,9,"9","williams","cosworth",4,0,false
850,2011,11,10,10,"10","lotus-racing","renault",0,0,false
850,2011,11,11,11,"11","hrt","cosworth",0,0,false
850,2011,11,12,12,"12","virgin","cosworth",0,0,false
851,2011,12,1,1,"1","red-bull","renault",426,0,false
851,2011,12,2,2,"2","mclaren","mercedes",295,0,false
851,2011,12,3,3,"3","ferrari","ferrari",231,0,false
851,2011,12,4,4,"4","mercedes","mercedes",98,0,false
851,2011,12,5,5,"5","renault","renault",68,0,false
851,2011,12,6,6,"6","sauber","ferrari",35,0,false
851,2011,12,7,7,"7","force-india","mercedes",32,0,false
851,2011,12,8,8,"8","toro-rosso","ferrari",22,0,false
851,2011,12,9,9,"9","williams","cosworth",5,0,false
851,2011,12,10,10,"10","lotus-racing","renault",0,0,false
851,2011,12,11,11,"11","hrt","cosworth",0,0,false
851,2011,12,12,12,"12","virgin","cosworth",0,0,false
852,2011,13,1,1,"1","red-bull","renault",451,0,false
852,2011,13,2,2,"2","mclaren","mercedes",325,0,false
852,2011,13,3,3,"3","ferrari","ferrari",254,0,false
852,2011,13,4,4,"4","mercedes","mercedes",108,0,false
852,2011,13,5,5,"5","renault","renault",70,0,false
852,2011,13,6,6,"6","force-india","mercedes",36,1,false
852,2011,13,7,7,"7","sauber","ferrari",35,-1,false
852,2011,13,8,8,"8","toro-rosso","ferrari",29,0,false
852,2011,13,9,9,"9","williams","cosworth",5,0,false
852,2011,13,10,10,"10","lotus-racing","renault",0,0,false
852,2011,13,11,11,"11","hrt","cosworth",0,0,false
852,2011,13,12,12,"12","virgin","cosworth",0,0,false
853,2011,14,1,1,"1","red-bull","renault",491,0,false
853,2011,14,2,2,"2","mclaren","mercedes",353,0,false
853,2011,14,3,3,"3","ferrari","ferrari",268,0,false
853,2011,14,4,4,"4","mercedes","mercedes",114,0,false
853,2011,14,5,5,"5","renault","renault",70,0,false
853,2011,14,6,6,"6","force-india","mercedes",48,0,false
853,2011,14,7,7,"7","sauber","ferrari",36,0,false
853,2011,14,8,8,"8","toro-rosso","ferrari",29,0,false
853,2011,14,9,9,"9","williams","cosworth",5,0,false
853,2011,14,10,10,"10","lotus-racing","renault",0,0,false
853,2011,14,11,11,"11","hrt","cosworth",0,0,false
853,2011,14,12,12,"12","virgin","cosworth",0,0,false
854,2011,15,1,1,"1","red-bull","renault",518,0,false
854,2011,15,2,2,"2","mclaren","mercedes",388,0,false
854,2011,15,3,3,"3","ferrari","ferrari",292,0,false
854,2011,15,4,4,"4","mercedes","mercedes",123,0,false
854,2011,15,5,5,"5","renault","renault",72,0,false
854,2011,15,6,6,"6","force-india","mercedes",48,0,false
854,2011,15,7,7,"7","sauber","ferrari",40,0,false
854,2011,15,8,8,"8","toro-rosso","ferrari",29,0,false
854,2011,15,9,9,"9","williams","cosworth",5,0,false
854,2011,15,10,10,"10","lotus-racing","renault",0,0,false
854,2011,15,11,11,"11","hrt","cosworth",0,0,false
854,2011,15,12,12,"12","virgin","cosworth",0,0,false
855,2011,16,1,1,"1","red-bull","renault",558,0,true
855,2011,16,2,2,"2","mclaren","mercedes",418,0,false
855,2011,16,3,3,"3","ferrari","ferrari",310,0,false
855,2011,16,4,4,"4","mercedes","mercedes",127,0,false
855,2011,16,5,5,"5","renault","renault",72,0,false
855,2011,16,6,6,"6","force-india","mercedes",49,0,false
855,2011,16,7,7,"7","sauber","ferrari",40,0,false
855,2011,16,8,8,"8","toro-rosso","ferrari",37,0,false
855,2011,16,9,9,"9","williams","cosworth",5,0,false
855,2011,16,10,10,"10","lotus-racing","renault",0,0,false
855,2011,16,11,11,"11","hrt","cosworth",0,0,false
855,2011,16,12,12,"12","virgin","cosworth",0,0,false
856,2011,17,1,1,"1","red-bull","renault",595,0,true
856,2011,17,2,2,"2","mclaren","mercedes",442,0,false
856,2011,17,3,3,"3","ferrari","ferrari",325,0,false
856,2011,17,4,4,"4","mercedes","mercedes",145,0,false
856,2011,17,5,5,"5","renault","renault",72,0,false
856,2011,17,6,6,"6","force-india","mercedes",51,0,false
856,2011,17,7,7,"7","sauber","ferrari",41,0,false
856,2011,17,8,8,"8","toro-rosso","ferrari",41,0,false
856,2011,17,9,9,"9","williams","cosworth",5,0,false
856,2011,17,10,10,"10","lotus-racing","renault",0,0,false
856,2011,17,11,11,"11","hrt","cosworth",0,0,false
856,2011,17,12,12,"12","virgin","cosworth",0,0,false
857,2011,18,1,1,"1","red-bull","renault",607,0,true
857,2011,18,2,2,"2","mclaren","mercedes",482,0,false
857,2011,18,3,3,"3","ferrari","ferrari",353,0,false
857,2011,18,4,4,"4","mercedes","mercedes",159,0,false
857,2011,18,5,5,"5","renault","renault",72,0,false
857,2011,18,6,6,"6","force-india","mercedes",57,0,false
857,2011,18,7,7,"7","sauber","ferrari",42,0,false
857,2011,18,8,8,"8","toro-rosso","ferrari",41,0,false
857,2011,18,9,9,"9","williams","cosworth",5,0,false
857,2011,18,10,10,"10","lotus-racing","renault",0,0,false
857,2011,18,11,11,"11","hrt","cosworth",0,0,false
857,2011,18,12,12,"12","virgin","cosworth",0,0,false
858,2011,19,1,1,"1","red-bull","renault",650,0,true
858,2011,19,2,2,"2","mclaren","mercedes",497,0,false
858,2011,19,3,3,"3","ferrari","ferrari",375,0,false
858,2011,19,4,4,"4","mercedes","mercedes",165,0,false
858,2011,19,5,5,"5","renault","renault",73,0,false
858,2011,19,6,6,"6","force-india","mercedes",69,0,false
858,2011,19,7,7,"7","sauber","ferrari",44,0,false
858,2011,19,8,8,"8","toro-rosso","ferrari",41,0,false
858,2011,19,9,9,"9","williams","cosworth",5,0,false
858,2011,19,10,10,"10","lotus-racing","renault",0,0,false
858,2011,19,11,11,"11","hrt","cosworth",0,0,false
858,2011,19,12,12,"12","virgin","cosworth",0,0,false
859,2012,1,1,1,"1","mclaren","mercedes",40,,false
859,2012,1,2,2,"2","red-bull","renault",30,,false
859,2012,1,3,3,"3","sauber","ferrari",12,,false
859,2012,1,4,4,"4","ferrari","ferrari",10,,false
859,2012,1,5,5,"5","lotus-f1","renault",6,,false
859,2012,1,6,6,"6","toro-rosso","ferrari",2,,false
859,2012,1,7,7,"7","force-india","mercedes",1,,false
859,2012,1,8,8,"8","mercedes","mercedes",0,,false
859,2012,1,9,9,"9","williams","renault",0,,false
859,2012,1,10,10,"10","marussia","cosworth",0,,false
860,2012,2,1,1,"1","mclaren","mercedes",55,0,false
860,2012,2,2,2,"2","red-bull","renault",42,0,false
860,2012,2,3,3,"3","ferrari","ferrari",35,1,false
860,2012,2,4,4,"4","sauber","ferrari",30,-1,false
860,2012,2,5,5,"5","lotus-f1","renault",16,0,false
860,2012,2,6,6,"6","force-india","mercedes",9,1,false
860,2012,2,7,7,"7","williams","renault",8,2,false
860,2012,2,8,8,"8","toro-rosso","ferrari",6,-2,false
860,2012,2,9,9,"9","mercedes","mercedes",1,-1,false
860,2012,2,10,10,"10","marussia","cosworth",0,0,false
860,2012,2,11,11,"11","caterham","renault",0,0,false
860,2012,2,12,12,"12","hrt","cosworth",0,-1,false
861,2012,3,1,1,"1","mclaren","mercedes",88,0,false
861,2012,3,2,2,"2","red-bull","renault",64,0,false
861,2012,3,3,3,"3","ferrari","ferrari",37,0,false
861,2012,3,4,4,"4","sauber","ferrari",31,0,false
861,2012,3,5,5,"5","mercedes","mercedes",26,4,false
861,2012,3,6,6,"6","lotus-f1","renault",24,-1,false
861,2012,3,7,7,"7","williams","renault",18,0,false
861,2012,3,8,8,"8","force-india","mercedes",9,-2,false
861,2012,3,9,9,"9","toro-rosso","ferrari",6,-1,false
861,2012,3,10,10,"10","marussia","cosworth",0,0,false
861,2012,3,11,11,"11","caterham","renault",0,0,false
861,2012,3,12,12,"12","hrt","cosworth",0,0,false
862,2012,4,1,1,"1","red-bull","renault",101,1,false
862,2012,4,2,2,"2","mclaren","mercedes",92,-1,false
862,2012,4,3,3,"3","lotus-f1","renault",57,3,false
862,2012,4,4,4,"4","ferrari","ferrari",45,-1,false
862,2012,4,5,5,"5","mercedes","mercedes",37,0,false
862,2012,4,6,6,"6","sauber","ferrari",31,-2,false
862,2012,4,7,7,"7","williams","renault",18,0,false
862,2012,4,8,8,"8","force-india","mercedes",17,0,false
862,2012,4,9,9,"9","toro-rosso","ferrari",6,0,false
862,2012,4,10,10,"10","marussia","cosworth",0,0,false
862,2012,4,11,11,"11","caterham","renault",0,0,false
862,2012,4,12,12,"12","hrt","cosworth",0,0,false
863,2012,5,1,1,"1","red-bull","renault",109,0,false
863,2012,5,2,2,"2","mclaren","mercedes",98,0,false
863,2012,5,3,3,"3","lotus-f1","renault",84,0,false
863,2012,5,4,4,"4","ferrari","ferrari",63,0,false
863,2012,5,5,5,"5","mercedes","mercedes",43,0,false
863,2012,5,6,6,"6","williams","renault",43,1,false
863,2012,5,7,7,"7","sauber","ferrari",41,-1,false
863,2012,5,8,8,"8","force-india","mercedes",18,0,false
863,2012,5,9,9,"9","toro-rosso","ferrari",6,0,false
863,2012,5,10,10,"10","marussia","cosworth",0,0,false
863,2012,5,11,11,"11","caterham","renault",0,0,false
863,2012,5,12,12,"12","hrt","cosworth",0,0,false
864,2012,6,1,1,"1","red-bull","renault",146,0,false
864,2012,6,2,2,"2","mclaren","mercedes",108,0,false
864,2012,6,3,3,"3","ferrari","ferrari",86,1,false
864,2012,6,4,4,"4","lotus-f1","renault",86,-1,false
864,2012,6,5,5,"5","mercedes","mercedes",61,0,false
864,2012,6,6,6,"6","williams","renault",44,0,false
864,2012,6,7,7,"7","sauber","ferrari",41,0,false
864,2012,6,8,8,"8","force-india","mercedes",28,0,false
864,2012,6,9,9,"9","toro-rosso","ferrari",6,0,false
864,2012,6,10,10,"10","caterham","renault",0,1,false
864,2012,6,11,11,"11","marussia","cosworth",0,-1,false
864,2012,6,12,12,"12","hrt","cosworth",0,0,false
865,2012,7,1,1,"1","red-bull","renault",164,0,false
865,2012,7,2,2,"2","mclaren","mercedes",133,0,false
865,2012,7,3,3,"3","lotus-f1","renault",108,1,false
865,2012,7,4,4,"4","ferrari","ferrari",97,-1,false
865,2012,7,5,5,"5","mercedes","mercedes",69,0,false
865,2012,7,6,6,"6","sauber","ferrari",58,1,false
865,2012,7,7,7,"7","williams","renault",44,-1,false
865,2012,7,8,8,"8","force-india","mercedes",28,0,false
865,2012,7,9,9,"9","toro-rosso","ferrari",6,0,false
865,2012,7,10,10,"10","caterham","renault",0,0,false
865,2012,7,11,11,"11","marussia","cosworth",0,0,false
865,2012,7,12,12,"12","hrt","cosworth",0,0,false
866,2012,8,1,1,"1","red-bull","renault",176,0,false
866,2012,8,2,2,"2","mclaren","mercedes",137,0,false
866,2012,8,3,3,"3","lotus-f1","renault",126,0,false
866,2012,8,4,4,"4","ferrari","ferrari",122,0,false
866,2012,8,5,5,"5","mercedes","mercedes",92,0,false
866,2012,8,6,6,"6","sauber","ferrari",60,0,false
866,2012,8,7,7,"7","williams","renault",45,0,false
866,2012,8,8,8,"8","force-india","mercedes",44,0,false
866,2012,8,9,9,"9","toro-rosso","ferrari",6,0,false
866,2012,8,10,10,"10","caterham","renault",0,0,false
866,2012,8,11,11,"11","marussia","cosworth",0,0,false
866,2012,8,12,12,"12","hrt","cosworth",0,0,false
867,2012,9,1,1,"1","red-bull","renault",216,0,false
867,2012,9,2,2,"2","ferrari","ferrari",152,2,false
867,2012,9,3,3,"3","lotus-f1","renault",144,0,false
867,2012,9,4,4,"4","mclaren","mercedes",142,-2,false
867,2012,9,5,5,"5","mercedes","mercedes",98,0,false
867,2012,9,6,6,"6","sauber","ferrari",60,0,false
867,2012,9,7,7,"7","williams","renault",47,0,false
867,2012,9,8,8,"8","force-india","mercedes",44,0,false
867,2012,9,9,9,"9","toro-rosso","ferrari",6,0,false
867,2012,9,10,10,"10","caterham","renault",0,0,false
867,2012,9,11,11,"11","marussia","cosworth",0,0,false
867,2012,9,12,12,"12","hrt","cosworth",0,0,false
868,2012,10,1,1,"1","red-bull","renault",230,0,false
868,2012,10,2,2,"2","ferrari","ferrari",177,0,false
868,2012,10,3,3,"3","mclaren","mercedes",160,1,false
868,2012,10,4,4,"4","lotus-f1","renault",159,-1,false
868,2012,10,5,5,"5","mercedes","mercedes",105,0,false
868,2012,10,6,6,"6","sauber","ferrari",80,0,false
868,2012,10,7,7,"7","williams","renault",47,0,false
868,2012,10,8,8,"8","force-india","mercedes",46,0,false
868,2012,10,9,9,"9","toro-rosso","ferrari",6,0,false
868,2012,10,10,10,"10","caterham","renault",0,0,false
868,2012,10,11,11,"11","marussia","cosworth",0,0,false
868,2012,10,12,12,"12","hrt","cosworth",0,0,false
869,2012,11,1,1,"1","red-bull","renault",246,0,false
869,2012,11,2,2,"2","mclaren","mercedes",193,1,false
869,2012,11,3,3,"3","lotus-f1","renault",192,1,false
869,2012,11,4,4,"4","ferrari","ferrari",189,-2,false
869,2012,11,5,5,"5","mercedes","mercedes",106,0,false
869,2012,11,6,6,"6","sauber","ferrari",80,0,false
869,2012,11,7,7,"7","williams","renault",53,0,false
869,2012,11,8,8,"8","force-india","mercedes",46,0,false
869,2012,11,9,9,"9","toro-rosso","ferrari",6,0,false
869,2012,11,10,10,"10","caterham","renault",0,0,false
869,2012,11,11,11,"11","marussia","cosworth",0,0,false
869,2012,11,12,12,"12","hrt","cosworth",0,0,false
870,2012,12,1,1,"1","red-bull","renault",272,0,false
870,2012,12,2,2,"2","mclaren","mercedes",218,0,false
870,2012,12,3,3,"3","lotus-f1","renault",207,0,false
870,2012,12,4,4,"4","ferrari","ferrari",199,0,false
870,2012,12,5,5,"5","mercedes","mercedes",112,0,false
870,2012,12,6,6,"6","sauber","ferrari",80,0,false
870,2012,12,7,7,"7","force-india","mercedes",59,1,false
870,2012,12,8,8,"8","williams","renault",53,-1,false
870,2012,12,9,9,"9","toro-rosso","ferrari",12,0,false
870,2012,12,10,10,"10","caterham","renault",0,0,false
870,2012,12,11,11,"11","marussia","cosworth",0,0,false
870,2012,12,12,12,"12","hrt","cosworth",0,0,false
871,2012,13,1,1,"1","red-bull","renault",272,0,false
871,2012,13,2,2,"2","mclaren","mercedes",243,0,false
871,2012,13,3,3,"3","ferrari","ferrari",226,1,false
871,2012,13,4,4,"4","lotus-f1","renault",217,-1,false
871,2012,13,5,5,"5","mercedes","mercedes",126,0,false
871,2012,13,6,6,"6","sauber","ferrari",100,0,false
871,2012,13,7,7,"7","force-india","mercedes",63,0,false
871,2012,13,8,8,"8","williams","renault",54,0,false
871,2012,13,9,9,"9","toro-rosso","ferrari",12,0,false
871,2012,13,10,10,"10","caterham","renault",0,0,false
871,2012,13,11,11,"11","marussia","cosworth",0,0,false
871,2012,13,12,12,"12","hrt","cosworth",0,0,false
872,2012,14,1,1,"1","red-bull","renault",297,0,false
872,2012,14,2,2,"2","mclaren","mercedes",261,0,false
872,2012,14,3,3,"3","ferrari","ferrari",245,0,false
872,2012,14,4,4,"4","lotus-f1","renault",231,0,false
872,2012,14,5,5,"5","mercedes","mercedes",136,0,false
872,2012,14,6,6,"6","sauber","ferrari",101,0,false
872,2012,14,7,7,"7","force-india","mercedes",75,0,false
872,2012,14,8,8,"8","williams","renault",54,0,false
872,2012,14,9,9,"9","toro-rosso","ferrari",14,0,false
872,2012,14,10,10,"10","marussia","cosworth",0,1,false
872,2012,14,11,11,"11","caterham","renault",0,-1,false
872,2012,14,12,12,"12","hrt","cosworth",0,0,false
873,2012,15,1,1,"1","red-bull","renault",324,0,false
873,2012,15,2,2,"2","mclaren","mercedes",283,0,false
873,2012,15,3,3,"3","ferrari","ferrari",263,0,false
873,2012,15,4,4,"4","lotus-f1","renault",239,0,false
873,2012,15,5,5,"5","mercedes","mercedes",136,0,false
873,2012,15,6,6,"6","sauber","ferrari",116,0,false
873,2012,15,7,7,"7","force-india","mercedes",81,0,false
873,2012,15,8,8,"8","williams","renault",58,0,false
873,2012,15,9,9,"9","toro-rosso","ferrari",15,0,false
873,2012,15,10,10,"10","marussia","cosworth",0,0,false
873,2012,15,11,11,"11","caterham","renault",0,0,false
873,2012,15,12,12,"12","hrt","cosworth",0,0,false
874,2012,16,1,1,"1","red-bull","renault",367,0,false
874,2012,16,2,2,"2","ferrari","ferrari",290,1,false
874,2012,16,3,3,"3","mclaren","mercedes",284,-1,false
874,2012,16,4,4,"4","lotus-f1","renault",255,0,false
874,2012,16,5,5,"5","mercedes","mercedes",136,0,false
874,2012,16,6,6,"6","sauber","ferrari",116,0,false
874,2012,16,7,7,"7","force-india","mercedes",89,0,false
874,2012,16,8,8,"8","williams","renault",58,0,false
874,2012,16,9,9,"9","toro-rosso","ferrari",21,0,false
874,2012,16,10,10,"10","marussia","cosworth",0,0,false
874,2012,16,11,11,"11","caterham","renault",0,0,false
874,2012,16,12,12,"12","hrt","cosworth",0,0,false
875,2012,17,1,1,"1","red-bull","renault",407,0,false
875,2012,17,2,2,"2","ferrari","ferrari",316,0,false
875,2012,17,3,3,"3","mclaren","mercedes",306,0,false
875,2012,17,4,4,"4","lotus-f1","renault",263,0,false
875,2012,17,5,5,"5","mercedes","mercedes",136,0,false
875,2012,17,6,6,"6","sauber","ferrari",116,0,false
875,2012,17,7,7,"7","force-india","mercedes",93,0,false
875,2012,17,8,8,"8","williams","renault",59,0,false
875,2012,17,9,9,"9","toro-rosso","ferrari",21,0,false
875,2012,17,10,10,"10","marussia","cosworth",0,0,false
875,2012,17,11,11,"11","caterham","renault",0,0,false
875,2012,17,12,12,"12","hrt","cosworth",0,0,false
876,2012,18,1,1,"1","red-bull","renault",422,0,false
876,2012,18,2,2,"2","ferrari","ferrari",340,0,false
876,2012,18,3,3,"3","mclaren","mercedes",318,0,false
876,2012,18,4,4,"4","lotus-f1","renault",288,0,false
876,2012,18,5,5,"5","mercedes","mercedes",136,0,false
876,2012,18,6,6,"6","sauber","ferrari",124,0,false
876,2012,18,7,7,"7","force-india","mercedes",95,0,false
876,2012,18,8,8,"8","williams","renault",73,0,false
876,2012,18,9,9,"9","toro-rosso","ferrari",22,0,false
876,2012,18,10,10,"10","marussia","cosworth",0,0,false
876,2012,18,11,11,"11","caterham","renault",0,0,false
876,2012,18,12,12,"12","hrt","cosworth",0,0,false
877,2012,19,1,1,"1","red-bull","renault",440,0,true
877,2012,19,2,2,"2","ferrari","ferrari",367,0,false
877,2012,19,3,3,"3","mclaren","mercedes",353,0,false
877,2012,19,4,4,"4","lotus-f1","renault",302,0,false
877,2012,19,5,5,"5","mercedes","mercedes",136,0,false
877,2012,19,6,6,"6","sauber","ferrari",124,0,false
877,2012,19,7,7,"7","force-india","mercedes",99,0,false
877,2012,19,8,8,"8","williams","renault",76,0,false
877,2012,19,9,9,"9","toro-rosso","ferrari",22,0,false
877,2012,19,10,10,"10","marussia","cosworth",0,0,false
877,2012,19,11,11,"11","caterham","renault",0,0,false
877,2012,19,12,12,"12","hrt","cosworth",0,0,false
878,2012,20,1,1,"1","red-bull","renault",460,0,true
878,2012,20,2,2,"2","ferrari","ferrari",400,0,false
878,2012,20,3,3,"3","mclaren","mercedes",378,0,false
878,2012,20,4,4,"4","lotus-f1","renault",303,0,false
878,2012,20,5,5,"5","mercedes","mercedes",142,0,false
878,2012,20,6,6,"6","sauber","ferrari",126,0,false
878,2012,20,7,7,"7","force-india","mercedes",109,0,false
878,2012,20,8,8,"8","williams","renault",76,0,false
878,2012,20,9,9,"9","toro-rosso","ferrari",26,0,false
878,2012,20,10,10,"10","caterham","renault",0,1,false
878,2012,20,11,11,"11","marussia","cosworth",0,-1,false
878,2012,20,12,12,"12","hrt","cosworth",0,0,false
879,2013,1,1,1,"1","ferrari","ferrari",30,,false
879,2013,1,2,2,"2","lotus-f1","renault",26,,false
879,2013,1,3,3,"3","red-bull","renault",23,,false
879,2013,1,4,4,"4","mercedes","mercedes",10,,false
879,2013,1,5,5,"5","force-india","mercedes",10,,false
879,2013,1,6,6,"6","mclaren","mercedes",2,,false
879,2013,1,7,7,"7","toro-rosso","ferrari",0,,false
879,2013,1,8,8,"8","sauber","ferrari",0,,false
879,2013,1,9,9,"9","williams","renault",0,,false
879,2013,1,10,10,"10","marussia","cosworth",0,,false
879,2013,1,11,11,"11","caterham","renault",0,,false
880,2013,2,1,1,"1","red-bull","renault",66,2,false
880,2013,2,2,2,"2","lotus-f1","renault",40,0,false
880,2013,2,3,3,"3","ferrari","ferrari",40,-2,false
880,2013,2,4,4,"4","mercedes","mercedes",37,0,false
880,2013,2,5,5,"5","force-india","mercedes",10,0,false
880,2013,2,6,6,"6","sauber","ferrari",4,2,false
880,2013,2,7,7,"7","mclaren","mercedes",4,-1,false
880,2013,2,8,8,"8","toro-rosso","ferrari",1,-1,false
880,2013,2,9,9,"9","williams","renault",0,0,false
880,2013,2,10,10,"10","marussia","cosworth",0,0,false
880,2013,2,11,11,"11","caterham","renault",0,0,false
881,2013,3,1,1,"1","red-bull","renault",78,0,false
881,2013,3,2,2,"2","ferrari","ferrari",73,1,false
881,2013,3,3,3,"3","lotus-f1","renault",60,-1,false
881,2013,3,4,4,"4","mercedes","mercedes",52,0,false
881,2013,3,5,5,"5","mclaren","mercedes",14,2,false
881,2013,3,6,6,"6","force-india","mercedes",14,-1,false
881,2013,3,7,7,"7","toro-rosso","ferrari",7,1,false
881,2013,3,8,8,"8","sauber","ferrari",5,-2,false
881,2013,3,9,9,"9","williams","renault",0,0,false
881,2013,3,10,10,"10","marussia","cosworth",0,0,false
881,2013,3,11,11,"11","caterham","renault",0,0,false
882,2013,4,1,1,"1","red-bull","renault",109,0,false
882,2013,4,2,2,"2","lotus-f1","renault",93,1,false
882,2013,4,3,3,"3","ferrari","ferrari",77,-1,false
882,2013,4,4,4,"4","mercedes","mercedes",64,0,false
882,2013,4,5,5,"5","force-india","mercedes",26,1,false
882,2013,4,6,6,"6","mclaren","mercedes",23,-1,false
882,2013,4,7,7,"7","toro-rosso","ferrari",7,0,false
882,2013,4,8,8,"8","sauber","ferrari",5,0,false
882,2013,4,9,9,"9","williams","renault",0,0,false
882,2013,4,10,10,"10","marussia","cosworth",0,0,false
882,2013,4,11,11,"11","caterham","renault",0,0,false
883,2013,5,1,1,"1","red-bull","renault",131,0,false
883,2013,5,2,2,"2","ferrari","ferrari",117,1,false
883,2013,5,3,3,"3","lotus-f1","renault",111,-1,false
883,2013,5,4,4,"4","mercedes","mercedes",72,0,false
883,2013,5,5,5,"5","force-india","mercedes",32,0,false
883,2013,5,6,6,"6","mclaren","mercedes",29,0,false
883,2013,5,7,7,"7","toro-rosso","ferrari",8,0,false
883,2013,5,8,8,"8","sauber","ferrari",5,0,false
883,2013,5,9,9,"9","williams","renault",0,0,false
883,2013,5,10,10,"10","marussia","cosworth",0,0,false
883,2013,5,11,11,"11","caterham","renault",0,0,false
884,2013,6,1,1,"1","red-bull","renault",164,0,false
884,2013,6,2,2,"2","ferrari","ferrari",123,0,false
884,2013,6,3,3,"3","lotus-f1","renault",112,0,false
884,2013,6,4,4,"4","mercedes","mercedes",109,0,false
884,2013,6,5,5,"5","force-india","mercedes",44,0,false
884,2013,6,6,6,"6","mclaren","mercedes",37,0,false
884,2013,6,7,7,"7","toro-rosso","ferrari",12,0,false
884,2013,6,8,8,"8","sauber","ferrari",5,0,false
884,2013,6,9,9,"9","williams","renault",0,0,false
884,2013,6,10,10,"10","marussia","cosworth",0,0,false
884,2013,6,11,11,"11","caterham","renault",0,0,false
885,2013,7,1,1,"1","red-bull","renault",201,0,false
885,2013,7,2,2,"2","ferrari","ferrari",145,0,false
885,2013,7,3,3,"3","mercedes","mercedes",134,1,false
885,2013,7,4,4,"4","lotus-f1","renault",114,-1,false
885,2013,7,5,5,"5","force-india","mercedes",51,0,false
885,2013,7,6,6,"6","mclaren","mercedes",37,0,false
885,2013,7,7,7,"7","toro-rosso","ferrari",20,0,false
885,2013,7,8,8,"8","sauber","ferrari",5,0,false
885,2013,7,9,9,"9","williams","renault",0,0,false
885,2013,7,10,10,"10","marussia","cosworth",0,0,false
885,2013,7,11,11,"11","caterham","renault",0,0,false
886,2013,8,1,1,"1","red-bull","renault",219,0,false
886,2013,8,2,2,"2","mercedes","mercedes",171,1,false
886,2013,8,3,3,"3","ferrari","ferrari",168,-1,false
886,2013,8,4,4,"4","lotus-f1","renault",124,0,false
886,2013,8,5,5,"5","force-india","mercedes",59,0,false
886,2013,8,6,6,"6","mclaren","mercedes",37,0,false
886,2013,8,7,7,"7","toro-rosso","ferrari",24,0,false
886,2013,8,8,8,"8","sauber","ferrari",6,0,false
886,2013,8,9,9,"9","williams","renault",0,0,false
886,2013,8,10,10,"10","marussia","cosworth",0,0,false
886,2013,8,11,11,"11","caterham","renault",0,0,false
887,2013,9,1,1,"1","red-bull","renault",250,0,false
887,2013,9,2,2,"2","mercedes","mercedes",183,0,false
887,2013,9,3,3,"3","ferrari","ferrari",180,0,false
887,2013,9,4,4,"4","lotus-f1","renault",157,0,false
887,2013,9,5,5,"5","force-india","mercedes",59,0,false
887,2013,9,6,6,"6","mclaren","mercedes",49,0,false
887,2013,9,7,7,"7","toro-rosso","ferrari",24,0,false
887,2013,9,8,8,"8","sauber","ferrari",7,0,false
887,2013,9,9,9,"9","williams","renault",0,0,false
887,2013,9,10,10,"10","marussia","cosworth",0,0,false
887,2013,9,11,11,"11","caterham","renault",0,0,false
888,2013,10,1,1,"1","red-bull","renault",277,0,false
888,2013,10,2,2,"2","mercedes","mercedes",208,0,false
888,2013,10,3,3,"3","ferrari","ferrari",194,0,false
888,2013,10,4,4,"4","lotus-f1","renault",183,0,false
888,2013,10,5,5,"5","force-india","mercedes",59,0,false
888,2013,10,6,6,"6","mclaren","mercedes",57,0,false
888,2013,10,7,7,"7","toro-rosso","ferrari",24,0,false
888,2013,10,8,8,"8","sauber","ferrari",7,0,false
888,2013,10,9,9,"9","williams","renault",1,0,false
888,2013,10,10,10,"10","marussia","cosworth",0,0,false
888,2013,10,11,11,"11","caterham","renault",0,0,false
889,2013,11,1,1,"1","red-bull","renault",312,0,false
889,2013,11,2,2,"2","mercedes","mercedes",235,0,false
889,2013,11,3,3,"3","ferrari","ferrari",218,0,false
889,2013,11,4,4,"4","lotus-f1","renault",187,0,false
889,2013,11,5,5,"5","mclaren","mercedes",65,1,false
889,2013,11,6,6,"6","force-india","mercedes",61,-1,false
889,2013,11,7,7,"7","toro-rosso","ferrari",25,0,false
889,2013,11,8,8,"8","sauber","ferrari",7,0,false
889,2013,11,9,9,"9","williams","renault",1,0,false
889,2013,11,10,10,"10","marussia","cosworth",0,0,false
889,2013,11,11,11,"11","caterham","renault",0,0,false
890,2013,12,1,1,"1","red-bull","renault",352,0,false
890,2013,12,2,2,"2","ferrari","ferrari",248,1,false
890,2013,12,3,3,"3","mercedes","mercedes",245,-1,false
890,2013,12,4,4,"4","lotus-f1","renault",191,0,false
890,2013,12,5,5,"5","mclaren","mercedes",66,0,false
890,2013,12,6,6,"6","force-india","mercedes",61,0,false
890,2013,12,7,7,"7","toro-rosso","ferrari",31,0,false
890,2013,12,8,8,"8","sauber","ferrari",17,0,false
890,2013,12,9,9,"9","williams","renault",1,0,false
890,2013,12,10,10,"10","marussia","cosworth",0,0,false
890,2013,12,11,11,"11","caterham","renault",0,0,false
891,2013,13,1,1,"1","red-bull","renault",377,0,false
891,2013,13,2,2,"2","ferrari","ferrari",274,0,false
891,2013,13,3,3,"3","mercedes","mercedes",267,0,false
891,2013,13,4,4,"4","lotus-f1","renault",206,0,false
891,2013,13,5,5,"5","mclaren","mercedes",76,0,false
891,2013,13,6,6,"6","force-india","mercedes",62,0,false
891,2013,13,7,7,"7","toro-rosso","ferrari",31,0,false
891,2013,13,8,8,"8","sauber","ferrari",19,0,false
891,2013,13,9,9,"9","williams","renault",1,0,false
891,2013,13,10,10,"10","marussia","cosworth",0,0,false
891,2013,13,11,11,"11","caterham","renault",0,0,false
892,2013,14,1,1,"1","red-bull","renault",402,0,false
892,2013,14,2,2,"2","ferrari","ferrari",284,0,false
892,2013,14,3,3,"3","mercedes","mercedes",283,0,false
892,2013,14,4,4,"4","lotus-f1","renault",239,0,false
892,2013,14,5,5,"5","mclaren","mercedes",81,0,false
892,2013,14,6,6,"6","force-india","mercedes",62,0,false
892,2013,14,7,7,"7","sauber","ferrari",31,1,false
892,2013,14,8,8,"8","toro-rosso","ferrari",31,-1,false
892,2013,14,9,9,"9","williams","renault",1,0,false
892,2013,14,10,10,"10","marussia","cosworth",0,0,false
892,2013,14,11,11,"11","caterham","renault",0,0,false
893,2013,15,1,1,"1","red-bull","renault",445,0,false
893,2013,15,2,2,"2","ferrari","ferrari",297,0,false
893,2013,15,3,3,"3","mercedes","mercedes",287,0,false
893,2013,15,4,4,"4","lotus-f1","renault",264,0,false
893,2013,15,5,5,"5","mclaren","mercedes",83,0,false
893,2013,15,6,6,"6","force-india","mercedes",62,0,false
893,2013,15,7,7,"7","sauber","ferrari",45,0,false
893,2013,15,8,8,"8","toro-rosso","ferrari",31,0,false
893,2013,15,9,9,"9","williams","renault",1,0,false
893,2013,15,10,10,"10","marussia","cosworth",0,0,false
893,2013,15,11,11,"11","caterham","renault",0,0,false
894,2013,16,1,1,"1","red-bull","renault",470,0,true
894,2013,16,2,2,"2","mercedes","mercedes",313,1,false
894,2013,16,3,3,"3","ferrari","ferrari",309,-1,false
894,2013,16,4,4,"4","lotus-f1","renault",285,0,false
894,2013,16,5,5,"5","mclaren","mercedes",93,0,false
894,2013,16,6,6,"6","force-india","mercedes",68,0,false
894,2013,16,7,7,"7","sauber","ferrari",45,0,false
894,2013,16,8,8,"8","toro-rosso","ferrari",32,0,false
894,2013,16,9,9,"9","williams","renault",1,0,false
894,2013,16,10,10,"10","marussia","cosworth",0,0,false
894,2013,16,11,11,"11","caterham","renault",0,0,false
895,2013,17,1,1,"1","red-bull","renault",513,0,true
895,2013,17,2,2,"2","mercedes","mercedes",334,0,false
895,2013,17,3,3,"3","ferrari","ferrari",323,0,false
895,2013,17,4,4,"4","lotus-f1","renault",297,0,false
895,2013,17,5,5,"5","mclaren","mercedes",95,0,false
895,2013,17,6,6,"6","force-india","mercedes",77,0,false
895,2013,17,7,7,"7","sauber","ferrari",45,0,false
895,2013,17,8,8,"8","toro-rosso","ferrari",32,0,false
895,2013,17,9,9,"9","williams","renault",1,0,false
895,2013,17,10,10,"10","marussia","cosworth",0,0,false
895,2013,17,11,11,"11","caterham","renault",0,0,false
896,2013,18,1,1,"1","red-bull","renault",553,0,true
896,2013,18,2,2,"2","mercedes","mercedes",348,0,false
896,2013,18,3,3,"3","ferrari","ferrari",333,0,false
896,2013,18,4,4,"4","lotus-f1","renault",315,0,false
896,2013,18,5,5,"5","mclaren","mercedes",102,0,false
896,2013,18,6,6,"6","force-india","mercedes",77,0,false
896,2013,18,7,7,"7","sauber","ferrari",53,0,false
896,2013,18,8,8,"8","toro-rosso","ferrari",32,0,false
896,2013,18,9,9,"9","williams","renault",5,0,false
896,2013,18,10,10,"10","marussia","cosworth",0,0,false
896,2013,18,11,11,"11","caterham","renault",0,0,false
897,2013,19,1,1,"1","red-bull","renault",596,0,true
897,2013,19,2,2,"2","mercedes","mercedes",360,0,false
897,2013,19,3,3,"3","ferrari","ferrari",354,0,false
897,2013,19,4,4,"4","lotus-f1","renault",315,0,false
897,2013,19,5,5,"5","mclaren","mercedes",122,0,false
897,2013,19,6,6,"6","force-india","mercedes",77,0,false
897,2013,19,7,7,"7","sauber","ferrari",57,0,false
897,2013,19,8,8,"8","toro-rosso","ferrari",33,0,false
897,2013,19,9,9,"9","williams","renault",5,0,false
897,2013,19,10,10,"10","marussia","cosworth",0,0,false
897,2013,19,11,11,"11","caterham","renault",0,0,false
898,2014,1,1,1,"1","mclaren","mercedes",33,,false
898,2014,1,2,2,"2","mercedes","mercedes",25,,false
898,2014,1,3,3,"3","ferrari","ferrari",18,,false
898,2014,1,4,4,"4","williams","mercedes",10,,false
898,2014,1,5,5,"5","force-india","mercedes",9,,false
898,2014,1,6,6,"6","toro-rosso","renault",6,,false
898,2014,1,7,7,"7","sauber","ferrari",0,,false
898,2014,1,8,8,"8","marussia","ferrari",0,,false
899,2014,2,1,1,"1","mercedes","mercedes",68,1,false
899,2014,2,2,2,"2","mclaren","mercedes",43,-1,false
899,2014,2,3,3,"3","ferrari","ferrari",30,0,false
899,2014,2,4,4,"4","williams","mercedes",20,0,false
899,2014,2,5,5,"5","force-india","mercedes",19,0,false
899,2014,2,6,6,"6","red-bull","renault",15,3,false
899,2014,2,7,7,"7","toro-rosso","renault",7,-1,false
899,2014,2,8,8,"8","sauber","ferrari",0,-1,false
899,2014,2,9,9,"9","lotus-f1","renault",0,0,false
899,2014,2,10,10,"10","caterham","renault",0,-1,false
899,2014,2,11,11,"11","marussia","ferrari",0,-3,false
900,2014,3,1,1,"1","mercedes","mercedes",111,0,false
900,2014,3,2,2,"2","force-india","mercedes",44,3,false
900,2014,3,3,3,"3","mclaren","mercedes",43,-1,false
900,2014,3,4,4,"4","red-bull","renault",35,2,false
900,2014,3,5,5,"5","ferrari","ferrari",33,-2,false
900,2014,3,6,6,"6","williams","mercedes",30,-2,false
900,2014,3,7,7,"7","toro-rosso","renault",7,0,false
900,2014,3,8,8,"8","lotus-f1","renault",0,1,false
900,2014,3,9,9,"9","sauber","ferrari",0,-1,false
900,2014,3,10,10,"10","marussia","ferrari",0,1,false
900,2014,3,11,11,"11","caterham","renault",0,-1,false
901,2014,4,1,1,"1","mercedes","mercedes",154,0,false
901,2014,4,2,2,"2","red-bull","renault",57,2,false
901,2014,4,3,3,"3","force-india","mercedes",54,-1,false
901,2014,4,4,4,"4","ferrari","ferrari",52,1,false
901,2014,4,5,5,"5","mclaren","mercedes",43,-2,false
901,2014,4,6,6,"6","williams","mercedes",36,0,false
901,2014,4,7,7,"7","toro-rosso","renault",8,0,false
901,2014,4,8,8,"8","lotus-f1","renault",0,0,false
901,2014,4,9,9,"9","sauber","ferrari",0,0,false
901,2014,4,10,10,"10","marussia","ferrari",0,0,false
901,2014,4,11,11,"11","caterham","renault",0,0,false
902,2014,5,1,1,"1","mercedes","mercedes",197,0,false
902,2014,5,2,2,"2","red-bull","renault",84,0,false
902,2014,5,3,3,"3","ferrari","ferrari",66,1,false
902,2014,5,4,4,"4","force-india","mercedes",57,-1,false
902,2014,5,5,5,"5","williams","mercedes",46,1,false
902,2014,5,6,6,"6","mclaren","mercedes",43,-1,false
902,2014,5,7,7,"7","toro-rosso","renault",8,0,false
902,2014,5,8,8,"8","lotus-f1","renault",4,0,false
902,2014,5,9,9,"9","sauber","ferrari",0,0,false
902,2014,5,10,10,"10","marussia","ferrari",0,0,false
902,2014,5,11,11,"11","caterham","renault",0,0,false
903,2014,6,1,1,"1","mercedes","mercedes",240,0,false
903,2014,6,2,2,"2","red-bull","renault",99,0,false
903,2014,6,3,3,"3","ferrari","ferrari",78,0,false
903,2014,6,4,4,"4","force-india","mercedes",67,0,false
903,2014,6,5,5,"5","mclaren","mercedes",52,1,false
903,2014,6,6,6,"6","williams","mercedes",52,-1,false
903,2014,6,7,7,"7","lotus-f1","renault",8,1,false
903,2014,6,8,8,"8","toro-rosso","renault",8,-1,false
903,2014,6,9,9,"9","marussia","ferrari",2,1,false
903,2014,6,10,10,"10","sauber","ferrari",0,-1,false
903,2014,6,11,11,"11","caterham","renault",0,0,false
904,2014,7,1,1,"1","mercedes","mercedes",258,0,false
904,2014,7,2,2,"2","red-bull","renault",139,0,false
904,2014,7,3,3,"3","ferrari","ferrari",87,0,false
904,2014,7,4,4,"4","force-india","mercedes",77,0,false
904,2014,7,5,5,"5","mclaren","mercedes",66,0,false
904,2014,7,6,6,"6","williams","mercedes",58,0,false
904,2014,7,7,7,"7","toro-rosso","renault",12,1,false
904,2014,7,8,8,"8","lotus-f1","renault",8,-1,false
904,2014,7,9,9,"9","marussia","ferrari",2,0,false
904,2014,7,10,10,"10","sauber","ferrari",0,0,false
904,2014,7,11,11,"11","caterham","renault",0,0,false
905,2014,8,1,1,"1","mercedes","mercedes",301,0,false
905,2014,8,2,2,"2","red-bull","renault",143,0,false
905,2014,8,3,3,"3","ferrari","ferrari",98,0,false
905,2014,8,4,4,"4","force-india","mercedes",87,0,false
905,2014,8,5,5,"5","williams","mercedes",85,1,false
905,2014,8,6,6,"6","mclaren","mercedes",72,-1,false
905,2014,8,7,7,"7","toro-rosso","renault",12,0,false
905,2014,8,8,8,"8","lotus-f1","renault",8,0,false
905,2014,8,9,9,"9","marussia","ferrari",2,0,false
905,2014,8,10,10,"10","sauber","ferrari",0,0,false
905,2014,8,11,11,"11","caterham","renault",0,0,false
906,2014,9,1,1,"1","mercedes","mercedes",326,0,false
906,2014,9,2,2,"2","red-bull","renault",168,0,false
906,2014,9,3,3,"3","ferrari","ferrari",106,0,false
906,2014,9,4,4,"4","williams","mercedes",103,1,false
906,2014,9,5,5,"5","force-india","mercedes",91,-1,false
906,2014,9,6,6,"6","mclaren","mercedes",90,0,false
906,2014,9,7,7,"7","toro-rosso","renault",15,0,false
906,2014,9,8,8,"8","lotus-f1","renault",8,0,false
906,2014,9,9,9,"9","marussia","ferrari",2,0,false
906,2014,9,10,10,"10","sauber","ferrari",0,0,false
906,2014,9,11,11,"11","caterham","renault",0,0,false
907,2014,10,1,1,"1","mercedes","mercedes",366,0,false
907,2014,10,2,2,"2","red-bull","renault",188,0,false
907,2014,10,3,3,"3","williams","mercedes",121,1,false
907,2014,10,4,4,"4","ferrari","ferrari",116,-1,false
907,2014,10,5,5,"5","force-india","mercedes",98,0,false
907,2014,10,6,6,"6","mclaren","mercedes",96,0,false
907,2014,10,7,7,"7","toro-rosso","renault",15,0,false
907,2014,10,8,8,"8","lotus-f1","renault",8,0,false
907,2014,10,9,9,"9","marussia","ferrari",2,0,false
907,2014,10,10,10,"10","sauber","ferrari",0,0,false
907,2014,10,11,11,"11","caterham","renault",0,0,false
908,2014,11,1,1,"1","mercedes","mercedes",393,0,false
908,2014,11,2,2,"2","red-bull","renault",219,0,false
908,2014,11,3,3,"3","ferrari","ferrari",142,1,false
908,2014,11,4,4,"4","williams","mercedes",135,-1,false
908,2014,11,5,5,"5","force-india","mercedes",98,0,false
908,2014,11,6,6,"6","mclaren","mercedes",97,0,false
908,2014,11,7,7,"7","toro-rosso","renault",17,0,false
908,2014,11,8,8,"8","lotus-f1","renault",8,0,false
908,2014,11,9,9,"9","marussia","ferrari",2,0,false
908,2014,11,10,10,"10","sauber","ferrari",0,0,false
908,2014,11,11,11,"11","caterham","renault",0,0,false
909,2014,12,1,1,"1","mercedes","mercedes",411,0,false
909,2014,12,2,2,"2","red-bull","renault",254,0,false
909,2014,12,3,3,"3","ferrari","ferrari",160,0,false
909,2014,12,4,4,"4","williams","mercedes",150,0,false
909,2014,12,5,5,"5","mclaren","mercedes",105,1,false
909,2014,12,6,6,"6","force-india","mercedes",103,-1,false
909,2014,12,7,7,"7","toro-rosso","renault",19,0,false
909,2014,12,8,8,"8","lotus-f1","renault",8,0,false
909,2014,12,9,9,"9","marussia","ferrari",2,0,false
909,2014,12,10,10,"10","sauber","ferrari",0,0,false
909,2014,12,11,11,"11","caterham","renault",0,0,false
910,2014,13,1,1,"1","mercedes","mercedes",454,0,false
910,2014,13,2,2,"2","red-bull","renault",272,0,false
910,2014,13,3,3,"3","williams","mercedes",177,1,false
910,2014,13,4,4,"4","ferrari","ferrari",162,-1,false
910,2014,13,5,5,"5","mclaren","mercedes",110,0,false
910,2014,13,6,6,"6","force-india","mercedes",109,0,false
910,2014,13,7,7,"7","toro-rosso","renault",19,0,false
910,2014,13,8,8,"8","lotus-f1","renault",8,0,false
910,2014,13,9,9,"9","marussia","ferrari",2,0,false
910,2014,13,10,10,"10","sauber","ferrari",0,0,false
910,2014,13,11,11,"11","caterham","renault",0,0,false
911,2014,14,1,1,"1","mercedes","mercedes",479,0,false
911,2014,14,2,2,"2","red-bull","renault",305,0,false
911,2014,14,3,3,"3","williams","mercedes",187,0,false
911,2014,14,4,4,"4","ferrari","ferrari",178,0,false
911,2014,14,5,5,"5","force-india","mercedes",117,1,false
911,2014,14,6,6,"6","mclaren","mercedes",111,-1,false
911,2014,14,7,7,"7","toro-rosso","renault",27,0,false
911,2014,14,8,8,"8","lotus-f1","renault",8,0,false
911,2014,14,9,9,"9","marussia","ferrari",2,0,false
911,2014,14,10,10,"10","sauber","ferrari",0,0,false
911,2014,14,11,11,"11","caterham","renault",0,0,false
912,2014,15,1,1,"1","mercedes","mercedes",522,0,false
912,2014,15,2,2,"2","red-bull","renault",332,0,false
912,2014,15,3,3,"3","williams","mercedes",201,0,false
912,2014,15,4,4,"4","ferrari","ferrari",178,0,false
912,2014,15,5,5,"5","force-india","mercedes",122,0,false
912,2014,15,6,6,"6","mclaren","mercedes",121,0,false
912,2014,15,7,7,"7","toro-rosso","renault",29,0,false
912,2014,15,8,8,"8","lotus-f1","renault",8,0,false
912,2014,15,9,9,"9","marussia","ferrari",2,0,false
912,2014,15,10,10,"10","sauber","ferrari",0,0,false
912,2014,15,11,11,"11","caterham","renault",0,0,false
913,2014,16,1,1,"1","mercedes","mercedes",565,0,true
913,2014,16,2,2,"2","red-bull","renault",342,0,false
913,2014,16,3,3,"3","williams","mercedes",216,0,false
913,2014,16,4,4,"4","ferrari","ferrari",188,0,false
913,2014,16,5,5,"5","mclaren","mercedes",143,1,false
913,2014,16,6,6,"6","force-india","mercedes",123,-1,false
913,2014,16,7,7,"7","toro-rosso","renault",29,0,false
913,2014,16,8,8,"8","lotus-f1","renault",8,0,false
913,2014,16,9,9,"9","marussia","ferrari",2,0,false
913,2014,16,10,10,"10","sauber","ferrari",0,0,false
913,2014,16,11,11,"11","caterham","renault",0,0,false
914,2014,17,1,1,"1","mercedes","mercedes",608,0,true
914,2014,17,2,2,"2","red-bull","renault",363,0,false
914,2014,17,3,3,"3","williams","mercedes",238,0,false
914,2014,17,4,4,"4","ferrari","ferrari",196,0,false
914,2014,17,5,5,"5","mclaren","mercedes",147,0,false
914,2014,17,6,6,"6","force-india","mercedes",123,0,false
914,2014,17,7,7,"7","toro-rosso","renault",30,0,false
914,2014,17,8,8,"8","lotus-f1","renault",10,0,false
914,2014,17,9,9,"9","marussia","ferrari",2,0,false
914,2014,17,10,10,"10","sauber","ferrari",0,0,false
914,2014,17,11,11,"11","caterham","renault",0,0,false
915,2014,18,1,1,"1","mercedes","mercedes",651,0,true
915,2014,18,2,2,"2","red-bull","renault",373,0,false
915,2014,18,3,3,"3","williams","mercedes",254,0,false
915,2014,18,4,4,"4","ferrari","ferrari",210,0,false
915,2014,18,5,5,"5","mclaren","mercedes",161,0,false
915,2014,18,6,6,"6","force-india","mercedes",127,0,false
915,2014,18,7,7,"7","toro-rosso","renault",30,0,false
915,2014,18,8,8,"8","lotus-f1","renault",10,0,false
915,2014,18,9,9,"9","marussia","ferrari",2,0,false
915,2014,18,10,10,"10","sauber","ferrari",0,0,false
915,2014,18,11,11,"11","caterham","renault",0,0,false
916,2014,19,1,1,"1","mercedes","mercedes",701,0,true
916,2014,19,2,2,"2","red-bull","renault",405,0,false
916,2014,19,3,3,"3","williams","mercedes",320,0,false
916,2014,19,4,4,"4","ferrari","ferrari",216,0,false
916,2014,19,5,5,"5","mclaren","mercedes",181,0,false
916,2014,19,6,6,"6","force-india","mercedes",155,0,false
916,2014,19,7,7,"7","toro-rosso","renault",30,0,false
916,2014,19,8,8,"8","lotus-f1","renault",10,0,false
916,2014,19,9,9,"9","marussia","ferrari",2,0,false
916,2014,19,10,10,"10","sauber","ferrari",0,0,false
916,2014,19,11,11,"11","caterham","renault",0,0,false
917,2015,1,1,1,"1","mercedes","mercedes",43,,false
917,2015,1,2,2,"2","ferrari","ferrari",15,,false
917,2015,1,3,3,"3","sauber","ferrari",14,,false
917,2015,1,4,4,"4","williams","mercedes",12,,false
917,2015,1,5,5,"5","red-bull","renault",8,,false
917,2015,1,6,6,"6","force-india","mercedes",7,,false
917,2015,1,7,7,"7","toro-rosso","renault",2,,false
917,2015,1,8,8,"8","mclaren","honda",0,,false
918,2015,2,1,1,"1","mercedes","mercedes",76,0,false
918,2015,2,2,2,"2","ferrari","ferrari",52,0,false
918,2015,2,3,3,"3","williams","mercedes",30,1,false
918,2015,2,4,4,"4","sauber","ferrari",14,-1,false
918,2015,2,5,5,"5","toro-rosso","renault",12,2,false
918,2015,2,6,6,"6","red-bull","renault",11,-1,false
918,2015,2,7,7,"7","force-india","mercedes",7,-1,false
918,2015,2,8,8,"8","mclaren","honda",0,0,false
918,2015,2,9,8,"8","lotus-f1","mercedes",0,1,false
918,2015,2,10,10,"10","marussia","ferrari",0,-1,false
919,2015,3,1,1,"1","mercedes","mercedes",119,0,false
919,2015,3,2,2,"2","ferrari","ferrari",79,0,false
919,2015,3,3,3,"3","williams","mercedes",48,0,false
919,2015,3,4,4,"4","sauber","ferrari",19,0,false
919,2015,3,5,5,"5","red-bull","renault",13,1,false
919,2015,3,6,6,"6","toro-rosso","renault",12,-1,false
919,2015,3,7,7,"7","force-india","mercedes",7,0,false
919,2015,3,8,8,"8","lotus-f1","mercedes",6,0,false
919,2015,3,9,9,"9","mclaren","honda",0,-1,false
919,2015,3,10,10,"10","marussia","ferrari",0,0,false
920,2015,4,1,1,"1","mercedes","mercedes",159,0,false
920,2015,4,2,2,"2","ferrari","ferrari",107,0,false
920,2015,4,3,3,"3","williams","mercedes",61,0,false
920,2015,4,4,4,"4","red-bull","renault",23,1,false
920,2015,4,5,5,"5","sauber","ferrari",19,-1,false
920,2015,4,6,6,"6","lotus-f1","mercedes",12,2,false
920,2015,4,7,7,"7","toro-rosso","renault",12,-1,false
920,2015,4,8,8,"8","force-india","mercedes",11,-1,false
920,2015,4,9,9,"9","mclaren","honda",0,0,false
920,2015,4,10,10,"10","marussia","ferrari",0,0,false
921,2015,5,1,1,"1","mercedes","mercedes",202,0,false
921,2015,5,2,2,"2","ferrari","ferrari",132,0,false
921,2015,5,3,3,"3","williams","mercedes",81,0,false
921,2015,5,4,4,"4","red-bull","renault",30,0,false
921,2015,5,5,5,"5","sauber","ferrari",19,0,false
921,2015,5,6,6,"6","lotus-f1","mercedes",16,0,false
921,2015,5,7,7,"7","toro-rosso","renault",14,0,false
921,2015,5,8,8,"8","force-india","mercedes",11,0,false
921,2015,5,9,9,"9","mclaren","honda",0,0,false
921,2015,5,10,10,"10","marussia","ferrari",0,0,false
922,2015,6,1,1,"1","mercedes","mercedes",242,0,false
922,2015,6,2,2,"2","ferrari","ferrari",158,0,false
922,2015,6,3,3,"3","williams","mercedes",81,0,false
922,2015,6,4,4,"4","red-bull","renault",52,0,false
922,2015,6,5,5,"5","sauber","ferrari",21,0,false
922,2015,6,6,6,"6","force-india","mercedes",17,2,false
922,2015,6,7,7,"7","lotus-f1","mercedes",16,-1,false
922,2015,6,8,8,"8","toro-rosso","renault",15,-1,false
922,2015,6,9,9,"9","mclaren","honda",4,0,false
922,2015,6,10,10,"10","marussia","ferrari",0,0,false
923,2015,7,1,1,"1","mercedes","mercedes",285,0,false
923,2015,7,2,2,"2","ferrari","ferrari",180,0,false
923,2015,7,3,3,"3","williams","mercedes",104,0,false
923,2015,7,4,4,"4","red-bull","renault",54,0,false
923,2015,7,5,5,"5","lotus-f1","mercedes",23,2,false
923,2015,7,6,6,"6","sauber","ferrari",21,-1,false
923,2015,7,7,7,"7","force-india","mercedes",21,-1,false
923,2015,7,8,8,"8","toro-rosso","renault",15,0,false
923,2015,7,9,9,"9","mclaren","honda",4,0,false
923,2015,7,10,10,"10","marussia","ferrari",0,0,false
924,2015,8,1,1,"1","mercedes","mercedes",328,0,false
924,2015,8,2,2,"2","ferrari","ferrari",192,0,false
924,2015,8,3,3,"3","williams","mercedes",129,0,false
924,2015,8,4,4,"4","red-bull","renault",55,0,false
924,2015,8,5,5,"5","force-india","mercedes",31,2,false
924,2015,8,6,6,"6","lotus-f1","mercedes",29,-1,false
924,2015,8,7,7,"7","sauber","ferrari",21,-1,false
924,2015,8,8,8,"8","toro-rosso","renault",19,0,false
924,2015,8,9,9,"9","mclaren","honda",4,0,false
924,2015,8,10,10,"10","marussia","ferrari",0,0,false
925,2015,9,1,1,"1","mercedes","mercedes",371,0,false
925,2015,9,2,2,"2","ferrari","ferrari",211,0,false
925,2015,9,3,3,"3","williams","mercedes",151,0,false
925,2015,9,4,4,"4","red-bull","renault",63,0,false
925,2015,9,5,5,"5","force-india","mercedes",39,0,false
925,2015,9,6,6,"6","lotus-f1","mercedes",29,0,false
925,2015,9,7,7,"7","sauber","ferrari",21,0,false
925,2015,9,8,8,"8","toro-rosso","renault",19,0,false
925,2015,9,9,9,"9","mclaren","honda",5,0,false
925,2015,9,10,10,"10","marussia","ferrari",0,0,false
926,2015,10,1,1,"1","mercedes","mercedes",383,0,false
926,2015,10,2,2,"2","ferrari","ferrari",236,0,false
926,2015,10,3,3,"3","williams","mercedes",151,0,false
926,2015,10,4,4,"4","red-bull","renault",96,0,false
926,2015,10,5,5,"5","force-india","mercedes",39,0,false
926,2015,10,6,6,"6","lotus-f1","mercedes",35,0,false
926,2015,10,7,7,"7","toro-rosso","renault",31,1,false
926,2015,10,8,8,"8","sauber","ferrari",22,-1,false
926,2015,10,9,9,"9","mclaren","honda",17,0,false
926,2015,10,10,10,"10","marussia","ferrari",0,0,false
927,2015,11,1,1,"1","mercedes","mercedes",426,0,false
927,2015,11,2,2,"2","ferrari","ferrari",242,0,false
927,2015,11,3,3,"3","williams","mercedes",161,0,false
927,2015,11,4,4,"4","red-bull","renault",108,0,false
927,2015,11,5,5,"5","lotus-f1","mercedes",50,1,false
927,2015,11,6,6,"6","force-india","mercedes",49,-1,false
927,2015,11,7,7,"7","toro-rosso","renault",35,0,false
927,2015,11,8,8,"8","sauber","ferrari",23,0,false
927,2015,11,9,9,"9","mclaren","honda",17,0,false
927,2015,11,10,10,"10","marussia","ferrari",0,0,false
928,2015,12,1,1,"1","mercedes","mercedes",451,0,false
928,2015,12,2,2,"2","ferrari","ferrari",270,0,false
928,2015,12,3,3,"3","williams","mercedes",188,0,false
928,2015,12,4,4,"4","red-bull","renault",113,0,false
928,2015,12,5,5,"5","force-india","mercedes",63,1,false
928,2015,12,6,6,"6","lotus-f1","mercedes",50,-1,false
928,2015,12,7,7,"7","toro-rosso","renault",35,0,false
928,2015,12,8,8,"8","sauber","ferrari",25,0,false
928,2015,12,9,9,"9","mclaren","honda",17,0,false
928,2015,12,10,10,"10","marussia","ferrari",0,0,false
929,2015,13,1,1,"1","mercedes","mercedes",463,0,false
929,2015,13,2,2,"2","ferrari","ferrari",310,0,false
929,2015,13,3,3,"3","williams","mercedes",198,0,false
929,2015,13,4,4,"4","red-bull","renault",139,0,false
929,2015,13,5,5,"5","force-india","mercedes",69,0,false
929,2015,13,6,6,"6","lotus-f1","mercedes",50,0,false
929,2015,13,7,7,"7","toro-rosso","renault",41,0,false
929,2015,13,8,8,"8","sauber","ferrari",26,0,false
929,2015,13,9,9,"9","mclaren","honda",17,0,false
929,2015,13,10,10,"10","marussia","ferrari",0,0,false
930,2015,14,1,1,"1","mercedes","mercedes",506,0,false
930,2015,14,2,2,"2","ferrari","ferrari",337,0,false
930,2015,14,3,3,"3","williams","mercedes",208,0,false
930,2015,14,4,4,"4","red-bull","renault",139,0,false
930,2015,14,5,5,"5","force-india","mercedes",77,0,false
930,2015,14,6,6,"6","lotus-f1","mercedes",60,0,false
930,2015,14,7,7,"7","toro-rosso","renault",44,0,false
930,2015,14,8,8,"8","sauber","ferrari",26,0,false
930,2015,14,9,9,"9","mclaren","honda",17,0,false
930,2015,14,10,10,"10","marussia","ferrari",0,0,false
931,2015,15,1,1,"1","mercedes","mercedes",531,0,true
931,2015,15,2,2,"2","ferrari","ferrari",359,0,false
931,2015,15,3,3,"3","williams","mercedes",220,0,false
931,2015,15,4,4,"4","red-bull","renault",149,0,false
931,2015,15,5,5,"5","force-india","mercedes",92,0,false
931,2015,15,6,6,"6","lotus-f1","mercedes",66,0,false
931,2015,15,7,7,"7","toro-rosso","renault",45,0,false
931,2015,15,8,8,"8","sauber","ferrari",34,0,false
931,2015,15,9,9,"9","mclaren","honda",19,0,false
931,2015,15,10,10,"10","marussia","ferrari",0,0,false
932,2015,16,1,1,"1","mercedes","mercedes",574,0,true
932,2015,16,2,2,"2","ferrari","ferrari",374,0,false
932,2015,16,3,3,"3","williams","mercedes",220,0,false
932,2015,16,4,4,"4","red-bull","renault",150,0,false
932,2015,16,5,5,"5","force-india","mercedes",102,0,false
932,2015,16,6,6,"6","lotus-f1","mercedes",70,0,false
932,2015,16,7,7,"7","toro-rosso","renault",63,0,false
932,2015,16,8,8,"8","sauber","ferrari",36,0,false
932,2015,16,9,9,"9","mclaren","honda",27,0,false
932,2015,16,10,10,"10","marussia","ferrari",0,0,false
933,2015,17,1,1,"1","mercedes","mercedes",617,0,true
933,2015,17,2,2,"2","ferrari","ferrari",374,0,false
933,2015,17,3,3,"3","williams","mercedes",243,0,false
933,2015,17,4,4,"4","red-bull","renault",172,0,false
933,2015,17,5,5,"5","force-india","mercedes",112,0,false
933,2015,17,6,6,"6","lotus-f1","mercedes",71,0,false
933,2015,17,7,7,"7","toro-rosso","renault",65,0,false
933,2015,17,8,8,"8","sauber","ferrari",36,0,false
933,2015,17,9,9,"9","mclaren","honda",27,0,false
933,2015,17,10,10,"10","marussia","ferrari",0,0,false
934,2015,18,1,1,"1","mercedes","mercedes",660,0,true
934,2015,18,2,2,"2","ferrari","ferrari",401,0,false
934,2015,18,3,3,"3","williams","mercedes",253,0,false
934,2015,18,4,4,"4","red-bull","renault",178,0,false
934,2015,18,5,5,"5","force-india","mercedes",120,0,false
934,2015,18,6,6,"6","lotus-f1","mercedes",76,0,false
934,2015,18,7,7,"7","toro-rosso","renault",67,0,false
934,2015,18,8,8,"8","sauber","ferrari",36,0,false
934,2015,18,9,9,"9","mclaren","honda",27,0,false
934,2015,18,10,10,"10","marussia","ferrari",0,0,false
935,2015,19,1,1,"1","mercedes","mercedes",703,0,true
935,2015,19,2,2,"2","ferrari","ferrari",428,0,false
935,2015,19,3,3,"3","williams","mercedes",257,0,false
935,2015,19,4,4,"4","red-bull","renault",187,0,false
935,2015,19,5,5,"5","force-india","mercedes",136,0,false
935,2015,19,6,6,"6","lotus-f1","mercedes",78,0,false
935,2015,19,7,7,"7","toro-rosso","renault",67,0,false
935,2015,19,8,8,"8","sauber","ferrari",36,0,false
935,2015,19,9,9,"9","mclaren","honda",27,0,false
935,2015,19,10,10,"10","marussia","ferrari",0,0,false
936,2016,1,1,1,"1","mercedes","mercedes",43,,false
936,2016,1,2,2,"2","ferrari","ferrari",15,,false
936,2016,1,3,3,"3","williams","mercedes",14,,false
936,2016,1,4,4,"4","red-bull","tag-heuer",12,,false
936,2016,1,5,5,"5","haas","ferrari",8,,false
936,2016,1,6,6,"6","force-india","mercedes",6,,false
936,2016,1,7,7,"7","toro-rosso","ferrari",3,,false
936,2016,1,8,8,"8","renault","renault",0,,false
936,2016,1,9,9,"9","mclaren","honda",0,,false
936,2016,1,10,10,"10","sauber","ferrari",0,,false
936,2016,1,11,11,"11","manor","mercedes",0,,false
937,2016,2,1,1,"1","mercedes","mercedes",83,0,false
937,2016,2,2,2,"2","ferrari","ferrari",33,0,false
937,2016,2,3,3,"3","red-bull","tag-heuer",30,1,false
937,2016,2,4,4,"4","williams","mercedes",20,-1,false
937,2016,2,5,5,"5","haas","ferrari",18,0,false
937,2016,2,6,6,"6","toro-rosso","ferrari",11,1,false
937,2016,2,7,7,"7","force-india","mercedes",6,-1,false
937,2016,2,8,8,"8","mclaren","honda",1,1,false
937,2016,2,9,9,"9","renault","renault",0,-1,false
937,2016,2,10,10,"10","sauber","ferrari",0,0,false
937,2016,2,11,11,"11","manor","mercedes",0,0,false
938,2016,3,1,1,"1","mercedes","mercedes",114,0,false
938,2016,3,2,2,"2","ferrari","ferrari",61,0,false
938,2016,3,3,3,"3","red-bull","tag-heuer",57,0,false
938,2016,3,4,4,"4","williams","mercedes",29,0,false
938,2016,3,5,5,"5","haas","ferrari",18,0,false
938,2016,3,6,6,"6","toro-rosso","ferrari",17,0,false
938,2016,3,7,7,"7","force-india","mercedes",6,0,false
938,2016,3,8,8,"8","mclaren","honda",1,0,false
938,2016,3,9,9,"9","renault","renault",0,0,false
938,2016,3,10,10,"10","sauber","ferrari",0,0,false
938,2016,3,11,11,"11","manor","mercedes",0,0,false
939,2016,4,1,1,"1","mercedes","mercedes",157,0,false
939,2016,4,2,2,"2","ferrari","ferrari",76,0,false
939,2016,4,3,3,"3","red-bull","tag-heuer",57,0,false
939,2016,4,4,4,"4","williams","mercedes",51,0,false
939,2016,4,5,5,"5","haas","ferrari",22,0,false
939,2016,4,6,6,"6","toro-rosso","ferrari",17,0,false
939,2016,4,7,7,"7","mclaren","honda",10,1,false
939,2016,4,8,8,"8","force-india","mercedes",8,-1,false
939,2016,4,9,9,"9","renault","renault",6,0,false
939,2016,4,10,10,"10","sauber","ferrari",0,0,false
939,2016,4,11,11,"11","manor","mercedes",0,0,false
940,2016,5,1,1,"1","mercedes","mercedes",157,0,false
940,2016,5,2,2,"2","ferrari","ferrari",109,0,false
940,2016,5,3,3,"3","red-bull","tag-heuer",94,0,false
940,2016,5,4,4,"4","williams","mercedes",65,0,false
940,2016,5,5,5,"5","toro-rosso","ferrari",26,1,false
940,2016,5,6,6,"6","haas","ferrari",22,-1,false
940,2016,5,7,7,"7","force-india","mercedes",14,1,false
940,2016,5,8,8,"8","mclaren","honda",12,-1,false
940,2016,5,9,9,"9","renault","renault",6,0,false
940,2016,5,10,10,"10","sauber","ferrari",0,0,false
940,2016,5,11,11,"11","manor","mercedes",0,0,false
941,2016,6,1,1,"1","mercedes","mercedes",188,0,false
941,2016,6,2,2,"2","ferrari","ferrari",121,0,false
941,2016,6,3,3,"3","red-bull","tag-heuer",112,0,false
941,2016,6,4,4,"4","williams","mercedes",66,0,false
941,2016,6,5,5,"5","force-india","mercedes",37,2,false
941,2016,6,6,6,"6","toro-rosso","ferrari",30,-1,false
941,2016,6,7,7,"7","mclaren","honda",24,1,false
941,2016,6,8,8,"8","haas","ferrari",22,-2,false
941,2016,6,9,9,"9","renault","renault",6,0,false
941,2016,6,10,10,"10","sauber","ferrari",0,0,false
941,2016,6,11,11,"11","manor","mercedes",0,0,false
942,2016,7,1,1,"1","mercedes","mercedes",223,0,false
942,2016,7,2,2,"2","ferrari","ferrari",147,0,false
942,2016,7,3,3,"3","red-bull","tag-heuer",130,0,false
942,2016,7,4,4,"4","williams","mercedes",81,0,false
942,2016,7,5,5,"5","force-india","mercedes",42,0,false
942,2016,7,6,6,"6","toro-rosso","ferrari",32,0,false
942,2016,7,7,7,"7","mclaren","honda",24,0,false
942,2016,7,8,8,"8","haas","ferrari",22,0,false
942,2016,7,9,9,"9","renault","renault",6,0,false
942,2016,7,10,10,"10","sauber","ferrari",0,0,false
942,2016,7,11,11,"11","manor","mercedes",0,0,false
943,2016,8,1,1,"1","mercedes","mercedes",258,0,false
943,2016,8,2,2,"2","ferrari","ferrari",177,0,false
943,2016,8,3,3,"3","red-bull","tag-heuer",140,0,false
943,2016,8,4,4,"4","williams","mercedes",90,0,false
943,2016,8,5,5,"5","force-india","mercedes",59,0,false
943,2016,8,6,6,"6","toro-rosso","ferrari",32,0,false
943,2016,8,7,7,"7","mclaren","honda",24,0,false
943,2016,8,8,8,"8","haas","ferrari",22,0,false
943,2016,8,9,9,"9","renault","renault",6,0,false
943,2016,8,10,10,"10","sauber","ferrari",0,0,false
943,2016,8,11,11,"11","manor","mercedes",0,0,false
944,2016,9,1,1,"1","mercedes","mercedes",295,0,false
944,2016,9,2,2,"2","ferrari","ferrari",192,0,false
944,2016,9,3,3,"3","red-bull","tag-heuer",168,0,false
944,2016,9,4,4,"4","williams","mercedes",92,0,false
944,2016,9,5,5,"5","force-india","mercedes",59,0,false
944,2016,9,6,6,"6","toro-rosso","ferrari",36,0,false
944,2016,9,7,7,"7","mclaren","honda",32,0,false
944,2016,9,8,8,"8","haas","ferrari",28,0,false
944,2016,9,9,9,"9","renault","renault",6,0,false
944,2016,9,10,10,"10","manor","mercedes",1,1,false
944,2016,9,11,11,"11","sauber","ferrari",0,-1,false
945,2016,10,1,1,"1","mercedes","mercedes",335,0,false
945,2016,10,2,2,"2","ferrari","ferrari",204,0,false
945,2016,10,3,3,"3","red-bull","tag-heuer",198,0,false
945,2016,10,4,4,"4","williams","mercedes",92,0,false
945,2016,10,5,5,"5","force-india","mercedes",73,0,false
945,2016,10,6,6,"6","toro-rosso","ferrari",41,0,false
945,2016,10,7,7,"7","mclaren","honda",32,0,false
945,2016,10,8,8,"8","haas","ferrari",28,0,false
945,2016,10,9,9,"9","renault","renault",6,0,false
945,2016,10,10,10,"10","manor","mercedes",1,0,false
945,2016,10,11,11,"11","sauber","ferrari",0,0,false
946,2016,11,1,1,"1","mercedes","mercedes",378,0,false
946,2016,11,2,2,"2","ferrari","ferrari",224,0,false
946,2016,11,3,3,"3","red-bull","tag-heuer",223,0,false
946,2016,11,4,4,"4","williams","mercedes",94,0,false
946,2016,11,5,5,"5","force-india","mercedes",74,0,false
946,2016,11,6,6,"6","toro-rosso","ferrari",45,0,false
946,2016,11,7,7,"7","mclaren","honda",38,0,false
946,2016,11,8,8,"8","haas","ferrari",28,0,false
946,2016,11,9,9,"9","renault","renault",6,0,false
946,2016,11,10,10,"10","manor","mercedes",1,0,false
946,2016,11,11,11,"11","sauber","ferrari",0,0,false
947,2016,12,1,1,"1","mercedes","mercedes",415,0,false
947,2016,12,2,2,"2","red-bull","tag-heuer",256,1,false
947,2016,12,3,3,"3","ferrari","ferrari",242,-1,false
947,2016,12,4,4,"4","williams","mercedes",96,0,false
947,2016,12,5,5,"5","force-india","mercedes",81,0,false
947,2016,12,6,6,"6","toro-rosso","ferrari",45,0,false
947,2016,12,7,7,"7","mclaren","honda",42,0,false
947,2016,12,8,8,"8","haas","ferrari",28,0,false
947,2016,12,9,9,"9","renault","renault",6,0,false
947,2016,12,10,10,"10","manor","mercedes",1,0,false
947,2016,12,11,11,"11","sauber","ferrari",0,0,false
948,2016,13,1,1,"1","mercedes","mercedes",455,0,false
948,2016,13,2,2,"2","red-bull","tag-heuer",274,0,false
948,2016,13,3,3,"3","ferrari","ferrari",252,0,false
948,2016,13,4,4,"4","force-india","mercedes",103,1,false
948,2016,13,5,5,"5","williams","mercedes",101,-1,false
948,2016,13,6,6,"6","mclaren","honda",48,1,false
948,2016,13,7,7,"7","toro-rosso","ferrari",45,-1,false
948,2016,13,8,8,"8","haas","ferrari",28,0,false
948,2016,13,9,9,"9","renault","renault",6,0,false
948,2016,13,10,10,"10","manor","mercedes",1,0,false
948,2016,13,11,11,"11","sauber","ferrari",0,0,false
949,2016,14,1,1,"1","mercedes","mercedes",498,0,false
949,2016,14,2,2,"2","red-bull","tag-heuer",290,0,false
949,2016,14,3,3,"3","ferrari","ferrari",279,0,false
949,2016,14,4,4,"4","williams","mercedes",111,1,false
949,2016,14,5,5,"5","force-india","mercedes",108,-1,false
949,2016,14,6,6,"6","mclaren","honda",48,0,false
949,2016,14,7,7,"7","toro-rosso","ferrari",45,0,false
949,2016,14,8,8,"8","haas","ferrari",28,0,false
949,2016,14,9,9,"9","renault","renault",6,0,false
949,2016,14,10,10,"10","manor","mercedes",1,0,false
949,2016,14,11,11,"11","sauber","ferrari",0,0,false
950,2016,15,1,1,"1","mercedes","mercedes",538,0,false
950,2016,15,2,2,"2","red-bull","tag-heuer",316,0,false
950,2016,15,3,3,"3","ferrari","ferrari",301,0,false
950,2016,15,4,4,"4","force-india","mercedes",112,1,false
950,2016,15,5,5,"5","williams","mercedes",111,-1,false
950,2016,15,6,6,"6","mclaren","honda",54,0,false
950,2016,15,7,7,"7","toro-rosso","ferrari",47,0,false
950,2016,15,8,8,"8","haas","ferrari",28,0,false
950,2016,15,9,9,"9","renault","renault",7,0,false
950,2016,15,10,10,"10","manor","mercedes",1,0,false
950,2016,15,11,11,"11","sauber","ferrari",0,0,false
951,2016,16,1,1,"1","mercedes","mercedes",553,0,false
951,2016,16,2,2,"2","red-bull","tag-heuer",359,0,false
951,2016,16,3,3,"3","ferrari","ferrari",313,0,false
951,2016,16,4,4,"4","force-india","mercedes",124,0,false
951,2016,16,5,5,"5","williams","mercedes",121,0,false
951,2016,16,6,6,"6","mclaren","honda",62,0,false
951,2016,16,7,7,"7","toro-rosso","ferrari",47,0,false
951,2016,16,8,8,"8","haas","ferrari",28,0,false
951,2016,16,9,9,"9","renault","renault",8,0,false
951,2016,16,10,10,"10","manor","mercedes",1,0,false
951,2016,16,11,11,"11","sauber","ferrari",0,0,false
952,2016,17,1,1,"1","mercedes","mercedes",593,0,true
952,2016,17,2,2,"2","red-bull","tag-heuer",385,0,false
952,2016,17,3,3,"3","ferrari","ferrari",335,0,false
952,2016,17,4,4,"4","force-india","mercedes",134,0,false
952,2016,17,5,5,"5","williams","mercedes",124,0,false
952,2016,17,6,6,"6","mclaren","honda",62,0,false
952,2016,17,7,7,"7","toro-rosso","ferrari",47,0,false
952,2016,17,8,8,"8","haas","ferrari",28,0,false
952,2016,17,9,9,"9","renault","renault",8,0,false
952,2016,17,10,10,"10","manor","mercedes",1,0,false
952,2016,17,11,11,"11","sauber","ferrari",0,0,false
953,2016,18,1,1,"1","mercedes","mercedes",636,0,true
953,2016,18,2,2,"2","red-bull","tag-heuer",400,0,false
953,2016,18,3,3,"3","ferrari","ferrari",347,0,false
953,2016,18,4,4,"4","force-india","mercedes",138,0,false
953,2016,18,5,5,"5","williams","mercedes",130,0,false
953,2016,18,6,6,"6","mclaren","honda",74,0,false
953,2016,18,7,7,"7","toro-rosso","ferrari",55,0,false
953,2016,18,8,8,"8","haas","ferrari",29,0,false
953,2016,18,9,9,"9","renault","renault",8,0,false
953,2016,18,10,10,"10","manor","mercedes",1,0,false
953,2016,18,11,11,"11","sauber","ferrari",0,0,false
954,2016,19,1,1,"1","mercedes","mercedes",679,0,true
954,2016,19,2,2,"2","red-bull","tag-heuer",427,0,false
954,2016,19,3,3,"3","ferrari","ferrari",365,0,false
954,2016,19,4,4,"4","force-india","mercedes",145,0,false
954,2016,19,5,5,"5","williams","mercedes",136,0,false
954,2016,19,6,6,"6","mclaren","honda",74,0,false
954,2016,19,7,7,"7","toro-rosso","ferrari",55,0,false
954,2016,19,8,8,"8","haas","ferrari",29,0,false
954,2016,19,9,9,"9","renault","renault",8,0,false
954,2016,19,10,10,"10","manor","mercedes",1,0,false
954,2016,19,11,11,"11","sauber","ferrari",0,0,false
955,2016,20,1,1,"1","mercedes","mercedes",722,0,true
955,2016,20,2,2,"2","red-bull","tag-heuer",446,0,false
955,2016,20,3,3,"3","ferrari","ferrari",375,0,false
955,2016,20,4,4,"4","force-india","mercedes",163,0,false
955,2016,20,5,5,"5","williams","mercedes",136,0,false
955,2016,20,6,6,"6","mclaren","honda",75,0,false
955,2016,20,7,7,"7","toro-rosso","ferrari",63,0,false
955,2016,20,8,8,"8","haas","ferrari",29,0,false
955,2016,20,9,9,"9","renault","renault",8,0,false
955,2016,20,10,10,"10","sauber","ferrari",2,1,false
955,2016,20,11,11,"11","manor","mercedes",1,-1,false
956,2016,21,1,1,"1","mercedes","mercedes",765,0,true
956,2016,21,2,2,"2","red-bull","tag-heuer",468,0,false
956,2016,21,3,3,"3","ferrari","ferrari",398,0,false
956,2016,21,4,4,"4","force-india","mercedes",173,0,false
956,2016,21,5,5,"5","williams","mercedes",138,0,false
956,2016,21,6,6,"6","mclaren","honda",76,0,false
956,2016,21,7,7,"7","toro-rosso","ferrari",63,0,false
956,2016,21,8,8,"8","haas","ferrari",29,0,false
956,2016,21,9,9,"9","renault","renault",8,0,false
956,2016,21,10,10,"10","sauber","ferrari",2,0,false
956,2016,21,11,11,"11","manor","mercedes",1,0,false
957,2017,1,1,1,"1","ferrari","ferrari",37,,false
957,2017,1,2,2,"2","mercedes","mercedes",33,,false
957,2017,1,3,3,"3","red-bull","tag-heuer",10,,false
957,2017,1,4,4,"4","williams","mercedes",8,,false
957,2017,1,5,5,"5","force-india","mercedes",7,,false
957,2017,1,6,6,"6","toro-rosso","toro-rosso",6,,false
957,2017,1,7,7,"7","renault","renault",0,,false
957,2017,1,8,8,"8","sauber","ferrari",0,,false
957,2017,1,9,9,"9","mclaren","honda",0,,false
958,2017,2,1,1,"1","mercedes","mercedes",66,1,false
958,2017,2,2,2,"2","ferrari","ferrari",65,-1,false
958,2017,2,3,3,"3","red-bull","tag-heuer",37,0,false
958,2017,2,4,4,"4","toro-rosso","toro-rosso",12,2,false
958,2017,2,5,5,"5","force-india","mercedes",10,0,false
958,2017,2,6,6,"6","williams","mercedes",8,-2,false
958,2017,2,7,7,"7","haas","ferrari",4,3,false
958,2017,2,8,8,"8","renault","renault",0,-1,false
958,2017,2,9,9,"9","sauber","ferrari",0,-1,false
958,2017,2,10,10,"10","mclaren","honda",0,-1,false
959,2017,3,1,1,"1","ferrari","ferrari",102,1,false
959,2017,3,2,2,"2","mercedes","mercedes",99,-1,false
959,2017,3,3,3,"3","red-bull","tag-heuer",47,0,false
959,2017,3,4,4,"4","force-india","mercedes",17,1,false
959,2017,3,5,5,"5","williams","mercedes",16,1,false
959,2017,3,6,6,"6","toro-rosso","toro-rosso",12,-2,false
959,2017,3,7,7,"7","haas","ferrari",8,0,false
959,2017,3,8,8,"8","renault","renault",2,0,false
959,2017,3,9,9,"9","sauber","ferrari",0,0,false
959,2017,3,10,10,"10","mclaren","honda",0,0,false
960,2017,4,1,1,"1","mercedes","mercedes",136,1,false
960,2017,4,2,2,"2","ferrari","ferrari",135,-1,false
960,2017,4,3,3,"3","red-bull","tag-heuer",57,0,false
960,2017,4,4,4,"4","force-india","mercedes",31,0,false
960,2017,4,5,5,"5","williams","mercedes",18,0,false
960,2017,4,6,6,"6","toro-rosso","toro-rosso",13,0,false
960,2017,4,7,7,"7","haas","ferrari",8,0,false
960,2017,4,8,8,"8","renault","renault",6,0,false
960,2017,4,9,9,"9","sauber","ferrari",0,0,false
960,2017,4,10,10,"10","mclaren","honda",0,0,false
961,2017,5,1,1,"1","mercedes","mercedes",161,0,false
961,2017,5,2,2,"2","ferrari","ferrari",153,0,false
961,2017,5,3,3,"3","red-bull","tag-heuer",72,0,false
961,2017,5,4,4,"4","force-india","mercedes",53,0,false
961,2017,5,5,5,"5","toro-rosso","toro-rosso",21,1,false
961,2017,5,6,6,"6","williams","mercedes",18,-1,false
961,2017,5,7,7,"7","renault","renault",14,1,false
961,2017,5,8,8,"8","haas","ferrari",9,-1,false
961,2017,5,9,9,"9","sauber","ferrari",4,0,false
961,2017,5,10,10,"10","mclaren","honda",0,0,false
962,2017,6,1,1,"1","ferrari","ferrari",196,1,false
962,2017,6,2,2,"2","mercedes","mercedes",179,-1,false
962,2017,6,3,3,"3","red-bull","tag-heuer",97,0,false
962,2017,6,4,4,"4","force-india","mercedes",53,0,false
962,2017,6,5,5,"5","toro-rosso","toro-rosso",29,0,false
962,2017,6,6,6,"6","williams","mercedes",20,0,false
962,2017,6,7,7,"7","renault","renault",14,0,false
962,2017,6,8,8,"8","haas","ferrari",14,0,false
962,2017,6,9,9,"9","sauber","ferrari",4,0,false
962,2017,6,10,10,"10","mclaren","honda",0,0,false
963,2017,7,1,1,"1","mercedes","mercedes",222,1,false
963,2017,7,2,2,"2","ferrari","ferrari",214,-1,false
963,2017,7,3,3,"3","red-bull","tag-heuer",112,0,false
963,2017,7,4,4,"4","force-india","mercedes",71,0,false
963,2017,7,5,5,"5","toro-rosso","toro-rosso",29,0,false
963,2017,7,6,6,"6","williams","mercedes",22,0,false
963,2017,7,7,7,"7","renault","renault",18,0,false
963,2017,7,8,8,"8","haas","ferrari",15,0,false
963,2017,7,9,9,"9","sauber","ferrari",4,0,false
963,2017,7,10,10,"10","mclaren","honda",0,0,false
964,2017,8,1,1,"1","mercedes","mercedes",250,0,false
964,2017,8,2,2,"2","ferrari","ferrari",226,0,false
964,2017,8,3,3,"3","red-bull","tag-heuer",137,0,false
964,2017,8,4,4,"4","force-india","mercedes",79,0,false
964,2017,8,5,5,"5","williams","mercedes",37,1,false
964,2017,8,6,6,"6","toro-rosso","toro-rosso",33,-1,false
964,2017,8,7,7,"7","haas","ferrari",21,1,false
964,2017,8,8,8,"8","renault","renault",18,-1,false
964,2017,8,9,9,"9","sauber","ferrari",5,0,false
964,2017,8,10,10,"10","mclaren","honda",2,0,false
965,2017,9,1,1,"1","mercedes","mercedes",287,0,false
965,2017,9,2,2,"2","ferrari","ferrari",254,0,false
965,2017,9,3,3,"3","red-bull","tag-heuer",152,0,false
965,2017,9,4,4,"4","force-india","mercedes",89,0,false
965,2017,9,5,5,"5","williams","mercedes",40,0,false
965,2017,9,6,6,"6","toro-rosso","toro-rosso",33,0,false
965,2017,9,7,7,"7","haas","ferrari",29,0,false
965,2017,9,8,8,"8","renault","renault",18,0,false
965,2017,9,9,9,"9","sauber","ferrari",5,0,false
965,2017,9,10,10,"10","mclaren","honda",2,0,false
966,2017,10,1,1,"1","mercedes","mercedes",330,0,false
966,2017,10,2,2,"2","ferrari","ferrari",275,0,false
966,2017,10,3,3,"3","red-bull","tag-heuer",174,0,false
966,2017,10,4,4,"4","force-india","mercedes",95,0,false
966,2017,10,5,5,"5","williams","mercedes",41,0,false
966,2017,10,6,6,"6","toro-rosso","toro-rosso",33,0,false
966,2017,10,7,7,"7","haas","ferrari",29,0,false
966,2017,10,8,8,"8","renault","renault",26,0,false
966,2017,10,9,9,"9","sauber","ferrari",5,0,false
966,2017,10,10,10,"10","mclaren","honda",2,0,false
967,2017,11,1,1,"1","mercedes","mercedes",357,0,false
967,2017,11,2,2,"2","ferrari","ferrari",318,0,false
967,2017,11,3,3,"3","red-bull","tag-heuer",184,0,false
967,2017,11,4,4,"4","force-india","mercedes",101,0,false
967,2017,11,5,5,"5","williams","mercedes",41,0,false
967,2017,11,6,6,"6","toro-rosso","toro-rosso",39,0,false
967,2017,11,7,7,"7","haas","ferrari",29,0,false
967,2017,11,8,8,"8","renault","renault",26,0,false
967,2017,11,9,9,"9","mclaren","honda",11,1,false
967,2017,11,10,10,"10","sauber","ferrari",5,-1,false
968,2017,12,1,1,"1","mercedes","mercedes",392,0,false
968,2017,12,2,2,"2","ferrari","ferrari",348,0,false
968,2017,12,3,3,"3","red-bull","tag-heuer",199,0,false
968,2017,12,4,4,"4","force-india","mercedes",103,0,false
968,2017,12,5,5,"5","williams","mercedes",45,0,false
968,2017,12,6,6,"6","toro-rosso","toro-rosso",40,0,false
968,2017,12,7,7,"7","haas","ferrari",35,0,false
968,2017,12,8,8,"8","renault","renault",34,0,false
968,2017,12,9,9,"9","mclaren","honda",11,0,false
968,2017,12,10,10,"10","sauber","ferrari",5,0,false
969,2017,13,1,1,"1","mercedes","mercedes",435,0,false
969,2017,13,2,2,"2","ferrari","ferrari",373,0,false
969,2017,13,3,3,"3","red-bull","tag-heuer",212,0,false
969,2017,13,4,4,"4","force-india","mercedes",113,0,false
969,2017,13,5,5,"5","williams","mercedes",55,0,false
969,2017,13,6,6,"6","toro-rosso","toro-rosso",40,0,false
969,2017,13,7,7,"7","haas","ferrari",35,0,false
969,2017,13,8,8,"8","renault","renault",34,0,false
969,2017,13,9,9,"9","mclaren","honda",11,0,false
969,2017,13,10,10,"10","sauber","ferrari",5,0,false
970,2017,14,1,1,"1","mercedes","mercedes",475,0,false
970,2017,14,2,2,"2","ferrari","ferrari",373,0,false
970,2017,14,3,3,"3","red-bull","tag-heuer",230,0,false
970,2017,14,4,4,"4","force-india","mercedes",124,0,false
970,2017,14,5,5,"5","williams","mercedes",59,0,false
970,2017,14,6,6,"6","toro-rosso","toro-rosso",52,0,false
970,2017,14,7,7,"7","renault","renault",42,1,false
970,2017,14,8,8,"8","haas","ferrari",37,-1,false
970,2017,14,9,9,"9","mclaren","honda",17,0,false
970,2017,14,10,10,"10","sauber","ferrari",5,0,false
971,2017,15,1,1,"1","mercedes","mercedes",503,0,false
971,2017,15,2,2,"2","ferrari","ferrari",385,0,false
971,2017,15,3,3,"3","red-bull","tag-heuer",270,0,false
971,2017,15,4,4,"4","force-india","mercedes",133,0,false
971,2017,15,5,5,"5","williams","mercedes",65,0,false
971,2017,15,6,6,"6","toro-rosso","toro-rosso",52,0,false
971,2017,15,7,7,"7","renault","renault",42,0,false
971,2017,15,8,8,"8","haas","ferrari",37,0,false
971,2017,15,9,9,"9","mclaren","honda",23,0,false
971,2017,15,10,10,"10","sauber","ferrari",5,0,false
972,2017,16,1,1,"1","mercedes","mercedes",540,0,false
972,2017,16,2,2,"2","ferrari","ferrari",395,0,false
972,2017,16,3,3,"3","red-bull","tag-heuer",303,0,false
972,2017,16,4,4,"4","force-india","mercedes",147,0,false
972,2017,16,5,5,"5","williams","mercedes",66,0,false
972,2017,16,6,6,"6","toro-rosso","toro-rosso",52,0,false
972,2017,16,7,7,"7","haas","ferrari",43,1,false
972,2017,16,8,8,"8","renault","renault",42,-1,false
972,2017,16,9,9,"9","mclaren","honda",23,0,false
972,2017,16,10,10,"10","sauber","ferrari",5,0,false
973,2017,17,1,1,"1","mercedes","mercedes",575,0,true
973,2017,17,2,2,"2","ferrari","ferrari",428,0,false
973,2017,17,3,3,"3","red-bull","tag-heuer",315,0,false
973,2017,17,4,4,"4","force-india","mercedes",159,0,false
973,2017,17,5,5,"5","williams","mercedes",68,0,false
973,2017,17,6,6,"6","toro-rosso","toro-rosso",53,0,false
973,2017,17,7,7,"7","renault","renault",48,1,false
973,2017,17,8,8,"8","haas","ferrari",43,-1,false
973,2017,17,9,9,"9","mclaren","honda",23,0,false
973,2017,17,10,10,"10","sauber","ferrari",5,0,false
974,2017,18,1,1,"1","mercedes","mercedes",595,0,true
974,2017,18,2,2,"2","ferrari","ferrari",455,0,false
974,2017,18,3,3,"3","red-bull","tag-heuer",340,0,false
974,2017,18,4,4,"4","force-india","mercedes",175,0,false
974,2017,18,5,5,"5","williams","mercedes",76,0,false
974,2017,18,6,6,"6","toro-rosso","toro-rosso",53,0,false
974,2017,18,7,7,"7","renault","renault",48,0,false
974,2017,18,8,8,"8","haas","ferrari",47,0,false
974,2017,18,9,9,"9","mclaren","honda",24,0,false
974,2017,18,10,10,"10","sauber","ferrari",5,0,false
975,2017,19,1,1,"1","mercedes","mercedes",625,0,true
975,2017,19,2,2,"2","ferrari","ferrari",495,0,false
975,2017,19,3,3,"3","red-bull","tag-heuer",358,0,false
975,2017,19,4,4,"4","force-india","mercedes",177,0,false
975,2017,19,5,5,"5","williams","mercedes",82,0,false
975,2017,19,6,6,"6","toro-rosso","toro-rosso",53,0,false
975,2017,19,7,7,"7","renault","renault",49,0,false
975,2017,19,8,8,"8","haas","ferrari",47,0,false
975,2017,19,9,9,"9","mclaren","honda",28,0,false
975,2017,19,10,10,"10","sauber","ferrari",5,0,false
976,2017,20,1,1,"1","mercedes","mercedes",668,0,true
976,2017,20,2,2,"2","ferrari","ferrari",522,0,false
976,2017,20,3,3,"3","red-bull","tag-heuer",368,0,false
976,2017,20,4,4,"4","force-india","mercedes",187,0,false
976,2017,20,5,5,"5","williams","mercedes",83,0,false
976,2017,20,6,6,"6","renault","renault",57,1,false
976,2017,20,7,7,"7","toro-rosso","toro-rosso",53,-1,false
976,2017,20,8,8,"8","haas","ferrari",47,0,false
976,2017,20,9,9,"9","mclaren","honda",30,0,false
976,2017,20,10,10,"10","sauber","ferrari",5,0,false
977,2018,1,1,1,"1","ferrari","ferrari",40,,false
977,2018,1,2,2,"2","mercedes","mercedes",22,,false
977,2018,1,3,3,"3","red-bull","tag-heuer",20,,false
977,2018,1,4,4,"4","mclaren","renault",12,,false
977,2018,1,5,5,"5","renault","renault",7,,false
977,2018,1,6,6,"6","force-india","mercedes",0,,false
977,2018,1,7,7,"7","sauber","ferrari",0,,false
977,2018,1,8,8,"8","williams","mercedes",0,,false
977,2018,1,9,9,"9","toro-rosso","honda",0,,false
978,2018,2,1,1,"1","ferrari","ferrari",65,0,false
978,2018,2,2,2,"2","mercedes","mercedes",55,0,false
978,2018,2,3,3,"3","mclaren","renault",22,1,false
978,2018,2,4,4,"4","red-bull","tag-heuer",20,-1,false
978,2018,2,5,5,"5","renault","renault",15,0,false
978,2018,2,6,6,"6","toro-rosso","honda",12,3,false
978,2018,2,7,7,"7","haas","ferrari",10,3,false
978,2018,2,8,8,"8","sauber","ferrari",2,-1,false
978,2018,2,9,9,"9","force-india","mercedes",1,-3,false
978,2018,2,10,10,"10","williams","mercedes",0,-2,false
979,2018,3,1,1,"1","mercedes","mercedes",85,1,false
979,2018,3,2,2,"2","ferrari","ferrari",84,-1,false
979,2018,3,3,3,"3","red-bull","tag-heuer",55,1,false
979,2018,3,4,4,"4","mclaren","renault",28,-1,false
979,2018,3,5,5,"5","renault","renault",25,0,false
979,2018,3,6,6,"6","toro-rosso","honda",12,0,false
979,2018,3,7,7,"7","haas","ferrari",11,0,false
979,2018,3,8,8,"8","sauber","ferrari",2,0,false
979,2018,3,9,9,"9","force-india","mercedes",1,0,false
979,2018,3,10,10,"10","williams","mercedes",0,0,false
980,2018,4,1,1,"1","ferrari","ferrari",114,1,false
980,2018,4,2,2,"2","mercedes","mercedes",110,-1,false
980,2018,4,3,3,"3","red-bull","tag-heuer",55,0,false
980,2018,4,4,4,"4","mclaren","renault",36,0,false
980,2018,4,5,5,"5","renault","renault",35,0,false
980,2018,4,6,6,"6","force-india","mercedes",16,3,false
980,2018,4,7,7,"7","toro-rosso","honda",13,-1,false
980,2018,4,8,8,"8","haas","ferrari",11,-1,false
980,2018,4,9,9,"9","sauber","ferrari",10,-1,false
980,2018,4,10,10,"10","williams","mercedes",4,0,false
981,2018,5,1,1,"1","mercedes","mercedes",153,1,false
981,2018,5,2,2,"2","ferrari","ferrari",126,-1,false
981,2018,5,3,3,"3","red-bull","tag-heuer",80,0,false
981,2018,5,4,4,"4","renault","renault",41,1,false
981,2018,5,5,5,"5","mclaren","renault",40,-1,false
981,2018,5,6,6,"6","haas","ferrari",19,2,false
981,2018,5,7,7,"7","force-india","mercedes",18,-1,false
981,2018,5,8,8,"8","toro-rosso","honda",13,-1,false
981,2018,5,9,9,"9","sauber","ferrari",11,0,false
981,2018,5,10,10,"10","williams","mercedes",4,0,false
982,2018,6,1,1,"1","mercedes","mercedes",178,0,false
982,2018,6,2,2,"2","ferrari","ferrari",156,0,false
982,2018,6,3,3,"3","red-bull","tag-heuer",107,0,false
982,2018,6,4,4,"4","renault","renault",46,0,false
982,2018,6,5,5,"5","mclaren","renault",40,0,false
982,2018,6,6,6,"6","force-india","mercedes",26,1,false
982,2018,6,7,7,"7","toro-rosso","honda",19,1,false
982,2018,6,8,8,"8","haas","ferrari",19,-2,false
982,2018,6,9,9,"9","sauber","ferrari",11,0,false
982,2018,6,10,10,"10","williams","mercedes",4,0,false
983,2018,7,1,1,"1","mercedes","mercedes",206,0,false
983,2018,7,2,2,"2","ferrari","ferrari",189,0,false
983,2018,7,3,3,"3","red-bull","tag-heuer",134,0,false
983,2018,7,4,4,"4","renault","renault",56,0,false
983,2018,7,5,5,"5","mclaren","renault",40,0,false
983,2018,7,6,6,"6","force-india","mercedes",28,0,false
983,2018,7,7,7,"7","toro-rosso","honda",19,0,false
983,2018,7,8,8,"8","haas","ferrari",19,0,false
983,2018,7,9,9,"9","sauber","ferrari",12,0,false
983,2018,7,10,10,"10","williams","mercedes",4,0,false
984,2018,8,1,1,"1","mercedes","mercedes",237,0,false
984,2018,8,2,2,"2","ferrari","ferrari",214,0,false
984,2018,8,3,3,"3","red-bull","tag-heuer",164,0,false
984,2018,8,4,4,"4","renault","renault",62,0,false
984,2018,8,5,5,"5","mclaren","renault",40,0,false
984,2018,8,6,6,"6","force-india","mercedes",28,0,false
984,2018,8,7,7,"7","haas","ferrari",27,1,false
984,2018,8,8,8,"8","toro-rosso","honda",19,-1,false
984,2018,8,9,9,"9","sauber","ferrari",13,0,false
984,2018,8,10,10,"10","williams","mercedes",4,0,false
985,2018,9,1,1,"1","ferrari","ferrari",247,1,false
985,2018,9,2,2,"2","mercedes","mercedes",237,-1,false
985,2018,9,3,3,"3","red-bull","tag-heuer",189,0,false
985,2018,9,4,4,"4","renault","renault",62,0,false
985,2018,9,5,5,"5","haas","ferrari",49,2,false
985,2018,9,6,6,"6","mclaren","renault",44,-1,false
985,2018,9,7,7,"7","force-india","mercedes",42,-1,false
985,2018,9,8,8,"8","toro-rosso","honda",19,0,false
985,2018,9,9,9,"9","sauber","ferrari",16,0,false
985,2018,9,10,10,"10","williams","mercedes",4,0,false
986,2018,10,1,1,"1","ferrari","ferrari",287,0,false
986,2018,10,2,2,"2","mercedes","mercedes",267,0,false
986,2018,10,3,3,"3","red-bull","tag-heuer",199,0,false
986,2018,10,4,4,"4","renault","renault",70,0,false
986,2018,10,5,5,"5","haas","ferrari",51,0,false
986,2018,10,6,6,"6","force-india","mercedes",49,1,false
986,2018,10,7,7,"7","mclaren","renault",48,-1,false
986,2018,10,8,8,"8","toro-rosso","honda",19,0,false
986,2018,10,9,9,"9","sauber","ferrari",16,0,false
986,2018,10,10,10,"10","williams","mercedes",4,0,false
987,2018,11,1,1,"1","mercedes","mercedes",310,1,false
987,2018,11,2,2,"2","ferrari","ferrari",302,-1,false
987,2018,11,3,3,"3","red-bull","tag-heuer",211,0,false
987,2018,11,4,4,"4","renault","renault",80,0,false
987,2018,11,5,5,"5","force-india","mercedes",59,1,false
987,2018,11,6,6,"6","haas","ferrari",59,-1,false
987,2018,11,7,7,"7","mclaren","renault",48,0,false
987,2018,11,8,8,"8","toro-rosso","honda",20,0,false
987,2018,11,9,9,"9","sauber","ferrari",18,0,false
987,2018,11,10,10,"10","williams","mercedes",4,0,false
988,2018,12,1,1,"1","mercedes","mercedes",345,0,false
988,2018,12,2,2,"2","ferrari","ferrari",335,0,false
988,2018,12,3,3,"3","red-bull","tag-heuer",223,0,false
988,2018,12,4,4,"4","renault","renault",82,0,false
988,2018,12,5,5,"5","haas","ferrari",66,1,false
988,2018,12,6,6,"6","force-india","mercedes",59,-1,false
988,2018,12,7,7,"7","mclaren","renault",52,0,false
988,2018,12,8,8,"8","toro-rosso","honda",28,0,false
988,2018,12,9,9,"9","sauber","ferrari",18,0,false
988,2018,12,10,10,"10","williams","mercedes",4,0,false
989,2018,13,1,1,"1","mercedes","mercedes",375,0,false
989,2018,13,2,2,"2","ferrari","ferrari",360,0,false
989,2018,13,3,3,"3","red-bull","tag-heuer",238,0,false
989,2018,13,4,4,"4","renault","renault",82,0,false
989,2018,13,5,5,"5","haas","ferrari",76,0,false
989,2018,13,6,6,"6","mclaren","renault",52,1,false
989,2018,13,7,7,"7","toro-rosso","honda",30,1,false
989,2018,13,8,8,"8","sauber","ferrari",19,1,false
989,2018,13,9,9,"9","force-india","mercedes",18,-3,false
989,2018,13,10,10,"10","williams","mercedes",4,0,false
990,2018,14,1,1,"1","mercedes","mercedes",415,0,false
990,2018,14,2,2,"2","ferrari","ferrari",390,0,false
990,2018,14,3,3,"3","red-bull","tag-heuer",248,0,false
990,2018,14,4,4,"4","renault","renault",86,0,false
990,2018,14,5,5,"5","haas","ferrari",76,0,false
990,2018,14,6,6,"6","mclaren","renault",52,0,false
990,2018,14,7,7,"7","force-india","mercedes",32,2,false
990,2018,14,8,8,"8","toro-rosso","honda",30,-1,false
990,2018,14,9,9,"9","sauber","ferrari",19,-1,false
990,2018,14,10,10,"10","williams","mercedes",7,0,false
991,2018,15,1,1,"1","mercedes","mercedes",452,0,false
991,2018,15,2,2,"2","ferrari","ferrari",415,0,false
991,2018,15,3,3,"3","red-bull","tag-heuer",274,0,false
991,2018,15,4,4,"4","renault","renault",91,0,false
991,2018,15,5,5,"5","haas","ferrari",76,0,false
991,2018,15,6,6,"6","mclaren","renault",58,0,false
991,2018,15,7,7,"7","force-india","mercedes",32,0,false
991,2018,15,8,8,"8","toro-rosso","honda",30,0,false
991,2018,15,9,9,"9","sauber","ferrari",21,0,false
991,2018,15,10,10,"10","williams","mercedes",7,0,false
992,2018,16,1,1,"1","mercedes","mercedes",495,0,false
992,2018,16,2,2,"2","ferrari","ferrari",442,0,false
992,2018,16,3,3,"3","red-bull","tag-heuer",292,0,false
992,2018,16,4,4,"4","renault","renault",91,0,false
992,2018,16,5,5,"5","haas","ferrari",80,0,false
992,2018,16,6,6,"6","mclaren","renault",58,0,false
992,2018,16,7,7,"7","force-india","mercedes",35,0,false
992,2018,16,8,8,"8","toro-rosso","honda",30,0,false
992,2018,16,9,9,"9","sauber","ferrari",27,0,false
992,2018,16,10,10,"10","williams","mercedes",7,0,false
993,2018,17,1,1,"1","mercedes","mercedes",538,0,false
993,2018,17,2,2,"2","ferrari","ferrari",460,0,false
993,2018,17,3,3,"3","red-bull","tag-heuer",319,0,false
993,2018,17,4,4,"4","renault","renault",92,0,false
993,2018,17,5,5,"5","haas","ferrari",84,0,false
993,2018,17,6,6,"6","mclaren","renault",58,0,false
993,2018,17,7,7,"7","force-india","mercedes",43,0,false
993,2018,17,8,8,"8","toro-rosso","honda",30,0,false
993,2018,17,9,9,"9","sauber","ferrari",27,0,false
993,2018,17,10,10,"10","williams","mercedes",7,0,false
994,2018,18,1,1,"1","mercedes","mercedes",563,0,false
994,2018,18,2,2,"2","ferrari","ferrari",497,0,false
994,2018,18,3,3,"3","red-bull","tag-heuer",337,0,false
994,2018,18,4,4,"4","renault","renault",106,0,false
994,2018,18,5,5,"5","haas","ferrari",84,0,false
994,2018,18,6,6,"6","mclaren","renault",58,0,false
994,2018,18,7,7,"7","force-india","mercedes",47,0,false
994,2018,18,8,8,"8","toro-rosso","honda",32,0,false
994,2018,18,9,9,"9","sauber","ferrari",28,0,false
994,2018,18,10,10,"10","williams","mercedes",7,0,false
995,2018,19,1,1,"1","mercedes","mercedes",585,0,false
995,2018,19,2,2,"2","ferrari","ferrari",530,0,false
995,2018,19,3,3,"3","red-bull","tag-heuer",362,0,false
995,2018,19,4,4,"4","renault","renault",114,0,false
995,2018,19,5,5,"5","haas","ferrari",84,0,false
995,2018,19,6,6,"6","mclaren","renault",62,0,false
995,2018,19,7,7,"7","force-india","mercedes",47,0,false
995,2018,19,8,8,"8","sauber","ferrari",36,1,false
995,2018,19,9,9,"9","toro-rosso","honda",33,-1,false
995,2018,19,10,10,"10","williams","mercedes",7,0,false
996,2018,20,1,1,"1","mercedes","mercedes",620,0,true
996,2018,20,2,2,"2","ferrari","ferrari",553,0,false
996,2018,20,3,3,"3","red-bull","tag-heuer",392,0,false
996,2018,20,4,4,"4","renault","renault",114,0,false
996,2018,20,5,5,"5","haas","ferrari",90,0,false
996,2018,20,6,6,"6","mclaren","renault",62,0,false
996,2018,20,7,7,"7","force-india","mercedes",48,0,false
996,2018,20,8,8,"8","sauber","ferrari",42,0,false
996,2018,20,9,9,"9","toro-rosso","honda",33,0,false
996,2018,20,10,10,"10","williams","mercedes",7,0,false
997,2018,21,1,1,"1","mercedes","mercedes",655,0,true
997,2018,21,2,2,"2","ferrari","ferrari",571,0,false
997,2018,21,3,3,"3","red-bull","tag-heuer",419,0,false
997,2018,21,4,4,"4","renault","renault",122,0,false
997,2018,21,5,5,"5","haas","ferrari",93,0,false
997,2018,21,6,6,"6","mclaren","renault",62,0,false
997,2018,21,7,7,"7","force-india","mercedes",52,0,false
997,2018,21,8,8,"8","sauber","ferrari",48,0,false
997,2018,21,9,9,"9","toro-rosso","honda",33,0,false
997,2018,21,10,10,"10","williams","mercedes",7,0,false
998,2019,1,1,1,"1","mercedes","mercedes",44,,false
998,2019,1,2,2,"2","ferrari","ferrari",22,,false
998,2019,1,3,3,"3","red-bull","honda",15,,false
998,2019,1,4,4,"4","haas","ferrari",8,,false
998,2019,1,5,5,"5","renault","renault",6,,false
998,2019,1,6,6,"6","alfa-romeo","ferrari",4,,false
998,2019,1,7,7,"7","racing-point","bwt-mercedes",2,,false
998,2019,1,8,8,"8","toro-rosso","honda",1,,false
998,2019,1,9,9,"9","mclaren","renault",0,,false
998,2019,1,10,10,"10","williams","mercedes",0,,false
999,2019,2,1,1,"1","mercedes","mercedes",87,0,false
999,2019,2,2,2,"2","ferrari","ferrari",48,0,false
999,2019,2,3,3,"3","red-bull","honda",31,0,false
999,2019,2,4,4,"4","alfa-romeo","ferrari",10,2,false
999,2019,2,5,5,"5","mclaren","renault",8,4,false
999,2019,2,6,6,"6","haas","ferrari",8,-2,false
999,2019,2,7,7,"7","renault","renault",6,-2,false
999,2019,2,8,8,"8","toro-rosso","honda",3,0,false
999,2019,2,9,9,"9","racing-point","bwt-mercedes",3,-2,false
999,2019,2,10,10,"10","williams","mercedes",0,0,false
1000,2019,3,1,1,"1","mercedes","mercedes",130,0,false
1000,2019,3,2,2,"2","ferrari","ferrari",73,0,false
1000,2019,3,3,3,"3","red-bull","honda",52,0,false
1000,2019,3,4,4,"4","renault","renault",12,3,false
1000,2019,3,5,5,"5","alfa-romeo","ferrari",12,-1,false
1000,2019,3,6,6,"6","haas","ferrari",8,0,false
1000,2019,3,7,7,"7","mclaren","renault",8,-2,false
1000,2019,3,8,8,"8","racing-point","bwt-mercedes",7,1,false
1000,2019,3,9,9,"9","toro-rosso","honda",4,-1,false
1000,2019,3,10,10,"10","williams","mercedes",0,0,false
1001,2019,4,1,1,"1","mercedes","mercedes",173,0,false
1001,2019,4,2,2,"2","ferrari","ferrari",99,0,false
1001,2019,4,3,3,"3","red-bull","honda",64,0,false
1001,2019,4,4,4,"4","mclaren","renault",18,3,false
1001,2019,4,5,5,"5","racing-point","bwt-mercedes",17,3,false
1001,2019,4,6,6,"6","alfa-romeo","ferrari",13,-1,false
1001,2019,4,7,7,"7","renault","renault",12,-3,false
1001,2019,4,8,8,"8","haas","ferrari",8,-2,false
1001,2019,4,9,9,"9","toro-rosso","honda",4,0,false
1001,2019,4,10,10,"10","williams","mercedes",0,0,false
1002,2019,5,1,1,"1","mercedes","mercedes",217,0,false
1002,2019,5,2,2,"2","ferrari","ferrari",121,0,false
1002,2019,5,3,3,"3","red-bull","honda",87,0,false
1002,2019,5,4,4,"4","mclaren","renault",22,0,false
1002,2019,5,5,5,"5","racing-point","bwt-mercedes",17,0,false
1002,2019,5,6,6,"6","haas","ferrari",15,2,false
1002,2019,5,7,7,"7","alfa-romeo","ferrari",13,-1,false
1002,2019,5,8,8,"8","renault","renault",12,-1,false
1002,2019,5,9,9,"9","toro-rosso","honda",6,0,false
1002,2019,5,10,10,"10","williams","mercedes",0,0,false
1003,2019,6,1,1,"1","mercedes","mercedes",257,0,false
1003,2019,6,2,2,"2","ferrari","ferrari",139,0,false
1003,2019,6,3,3,"3","red-bull","honda",110,0,false
1003,2019,6,4,4,"4","mclaren","renault",30,0,false
1003,2019,6,5,5,"5","racing-point","bwt-mercedes",17,0,false
1003,2019,6,6,6,"6","haas","ferrari",16,0,false
1003,2019,6,7,7,"7","toro-rosso","honda",16,2,false
1003,2019,6,8,8,"8","renault","renault",14,0,false
1003,2019,6,9,9,"9","alfa-romeo","ferrari",13,-2,false
1003,2019,6,10,10,"10","williams","mercedes",0,0,false
1004,2019,7,1,1,"1","mercedes","mercedes",295,0,false
1004,2019,7,2,2,"2","ferrari","ferrari",172,0,false
1004,2019,7,3,3,"3","red-bull","honda",124,0,false
1004,2019,7,4,4,"4","mclaren","renault",30,0,false
1004,2019,7,5,5,"5","renault","renault",28,3,false
1004,2019,7,6,6,"6","racing-point","bwt-mercedes",19,-1,false
1004,2019,7,7,7,"7","toro-rosso","honda",17,0,false
1004,2019,7,8,8,"8","haas","ferrari",16,-2,false
1004,2019,7,9,9,"9","alfa-romeo","ferrari",13,0,false
1004,2019,7,10,10,"10","williams","mercedes",0,0,false
1005,2019,8,1,1,"1","mercedes","mercedes",338,0,false
1005,2019,8,2,2,"2","ferrari","ferrari",198,0,false
1005,2019,8,3,3,"3","red-bull","honda",137,0,false
1005,2019,8,4,4,"4","mclaren","renault",40,0,false
1005,2019,8,5,5,"5","renault","renault",32,0,false
1005,2019,8,6,6,"6","racing-point","bwt-mercedes",19,0,false
1005,2019,8,7,7,"7","alfa-romeo","ferrari",19,2,false
1005,2019,8,8,8,"8","toro-rosso","honda",17,-1,false
1005,2019,8,9,9,"9","haas","ferrari",16,-1,false
1005,2019,8,10,10,"10","williams","mercedes",0,0,false
1006,2019,9,1,1,"1","mercedes","mercedes",363,0,false
1006,2019,9,2,2,"2","ferrari","ferrari",228,0,false
1006,2019,9,3,3,"3","red-bull","honda",169,0,false
1006,2019,9,4,4,"4","mclaren","renault",52,0,false
1006,2019,9,5,5,"5","renault","renault",32,0,false
1006,2019,9,6,6,"6","alfa-romeo","ferrari",22,1,false
1006,2019,9,7,7,"7","racing-point","bwt-mercedes",19,-1,false
1006,2019,9,8,8,"8","toro-rosso","honda",17,0,false
1006,2019,9,9,9,"9","haas","ferrari",16,0,false
1006,2019,9,10,10,"10","williams","mercedes",0,0,false
1007,2019,10,1,1,"1","mercedes","mercedes",407,0,false
1007,2019,10,2,2,"2","ferrari","ferrari",243,0,false
1007,2019,10,3,3,"3","red-bull","honda",191,0,false
1007,2019,10,4,4,"4","mclaren","renault",60,0,false
1007,2019,10,5,5,"5","renault","renault",39,0,false
1007,2019,10,6,6,"6","alfa-romeo","ferrari",26,0,false
1007,2019,10,7,7,"7","racing-point","bwt-mercedes",19,0,false
1007,2019,10,8,8,"8","toro-rosso","honda",19,0,false
1007,2019,10,9,9,"9","haas","ferrari",16,0,false
1007,2019,10,10,10,"10","williams","mercedes",0,0,false
1008,2019,11,1,1,"1","mercedes","mercedes",409,0,false
1008,2019,11,2,2,"2","ferrari","ferrari",261,0,false
1008,2019,11,3,3,"3","red-bull","honda",217,0,false
1008,2019,11,4,4,"4","mclaren","renault",70,0,false
1008,2019,11,5,5,"5","toro-rosso","honda",42,3,false
1008,2019,11,6,6,"6","renault","renault",39,-1,false
1008,2019,11,7,7,"7","racing-point","bwt-mercedes",31,0,false
1008,2019,11,8,8,"8","haas","ferrari",26,1,false
1008,2019,11,9,9,"9","alfa-romeo","ferrari",26,-3,false
1008,2019,11,10,10,"10","williams","mercedes",1,0,false
1009,2019,12,1,1,"1","mercedes","mercedes",438,0,false
1009,2019,12,2,2,"2","ferrari","ferrari",288,0,false
1009,2019,12,3,3,"3","red-bull","honda",244,0,false
1009,2019,12,4,4,"4","mclaren","renault",82,0,false
1009,2019,12,5,5,"5","toro-rosso","honda",43,0,false
1009,2019,12,6,6,"6","renault","renault",39,0,false
1009,2019,12,7,7,"7","alfa-romeo","ferrari",32,2,false
1009,2019,12,8,8,"8","racing-point","bwt-mercedes",31,-1,false
1009,2019,12,9,9,"9","haas","ferrari",26,-1,false
1009,2019,12,10,10,"10","williams","mercedes",1,0,false
1010,2019,13,1,1,"1","mercedes","mercedes",471,0,false
1010,2019,13,2,2,"2","ferrari","ferrari",326,0,false
1010,2019,13,3,3,"3","red-bull","honda",254,0,false
1010,2019,13,4,4,"4","mclaren","renault",82,0,false
1010,2019,13,5,5,"5","toro-rosso","honda",51,0,false
1010,2019,13,6,6,"6","renault","renault",43,0,false
1010,2019,13,7,7,"7","racing-point","bwt-mercedes",40,1,false
1010,2019,13,8,8,"8","alfa-romeo","ferrari",32,-1,false
1010,2019,13,9,9,"9","haas","ferrari",26,0,false
1010,2019,13,10,10,"10","williams","mercedes",1,0,false
1011,2019,14,1,1,"1","mercedes","mercedes",505,0,false
1011,2019,14,2,2,"2","ferrari","ferrari",351,0,false
1011,2019,14,3,3,"3","red-bull","honda",266,0,false
1011,2019,14,4,4,"4","mclaren","renault",83,0,false
1011,2019,14,5,5,"5","renault","renault",65,1,false
1011,2019,14,6,6,"6","toro-rosso","honda",51,-1,false
1011,2019,14,7,7,"7","racing-point","bwt-mercedes",46,0,false
1011,2019,14,8,8,"8","alfa-romeo","ferrari",34,0,false
1011,2019,14,9,9,"9","haas","ferrari",26,0,false
1011,2019,14,10,10,"10","williams","mercedes",1,0,false
1012,2019,15,1,1,"1","mercedes","mercedes",527,0,false
1012,2019,15,2,2,"2","ferrari","ferrari",394,0,false
1012,2019,15,3,3,"3","red-bull","honda",289,0,false
1012,2019,15,4,4,"4","mclaren","renault",89,0,false
1012,2019,15,5,5,"5","renault","renault",67,0,false
1012,2019,15,6,6,"6","toro-rosso","honda",55,0,false
1012,2019,15,7,7,"7","racing-point","bwt-mercedes",46,0,false
1012,2019,15,8,8,"8","alfa-romeo","ferrari",35,0,false
1012,2019,15,9,9,"9","haas","ferrari",26,0,false
1012,2019,15,10,10,"10","williams","mercedes",1,0,false
1013,2019,16,1,1,"1","mercedes","mercedes",571,0,false
1013,2019,16,2,2,"2","ferrari","ferrari",409,0,false
1013,2019,16,3,3,"3","red-bull","honda",311,0,false
1013,2019,16,4,4,"4","mclaren","renault",101,0,false
1013,2019,16,5,5,"5","renault","renault",68,0,false
1013,2019,16,6,6,"6","toro-rosso","honda",55,0,false
1013,2019,16,7,7,"7","racing-point","bwt-mercedes",52,0,false
1013,2019,16,8,8,"8","alfa-romeo","ferrari",35,0,false
1013,2019,16,9,9,"9","haas","ferrari",28,0,false
1013,2019,16,10,10,"10","williams","mercedes",1,0,false
1014,2019,17,1,1,"1","mercedes","mercedes",612,0,true
1014,2019,17,2,2,"2","ferrari","ferrari",435,0,false
1014,2019,17,3,3,"3","red-bull","honda",323,0,false
1014,2019,17,4,4,"4","mclaren","renault",111,0,false
1014,2019,17,5,5,"5","renault","renault",68,0,false
1014,2019,17,6,6,"6","toro-rosso","honda",62,0,false
1014,2019,17,7,7,"7","racing-point","bwt-mercedes",58,0,false
1014,2019,17,8,8,"8","alfa-romeo","ferrari",35,0,false
1014,2019,17,9,9,"9","haas","ferrari",28,0,false
1014,2019,17,10,10,"10","williams","mercedes",1,0,false
1015,2019,18,1,1,"1","mercedes","mercedes",652,0,true
1015,2019,18,2,2,"2","ferrari","ferrari",466,0,false
1015,2019,18,3,3,"3","red-bull","honda",341,0,false
1015,2019,18,4,4,"4","mclaren","renault",111,0,false
1015,2019,18,5,5,"5","renault","renault",73,0,false
1015,2019,18,6,6,"6","toro-rosso","honda",64,0,false
1015,2019,18,7,7,"7","racing-point","bwt-mercedes",64,0,false
1015,2019,18,8,8,"8","alfa-romeo","ferrari",35,0,false
1015,2019,18,9,9,"9","haas","ferrari",28,0,false
1015,2019,18,10,10,"10","williams","mercedes",1,0,false
1016,2019,19,1,1,"1","mercedes","mercedes",695,0,true
1016,2019,19,2,2,"2","ferrari","ferrari",479,0,false
1016,2019,19,3,3,"3","red-bull","honda",366,0,false
1016,2019,19,4,4,"4","mclaren","renault",121,0,false
1016,2019,19,5,5,"5","renault","renault",83,0,false
1016,2019,19,6,6,"6","racing-point","bwt-mercedes",65,1,false
1016,2019,19,7,7,"7","toro-rosso","honda",64,-1,false
1016,2019,19,8,8,"8","alfa-romeo","ferrari",35,0,false
1016,2019,19,9,9,"9","haas","ferrari",28,0,false
1016,2019,19,10,10,"10","williams","mercedes",1,0,false
1017,2019,20,1,1,"1","mercedes","mercedes",701,0,true
1017,2019,20,2,2,"2","ferrari","ferrari",479,0,false
1017,2019,20,3,3,"3","red-bull","honda",391,0,false
1017,2019,20,4,4,"4","mclaren","renault",140,0,false
1017,2019,20,5,5,"5","renault","renault",91,0,false
1017,2019,20,6,6,"6","toro-rosso","honda",83,1,false
1017,2019,20,7,7,"7","racing-point","bwt-mercedes",67,-1,false
1017,2019,20,8,8,"8","alfa-romeo","ferrari",57,0,false
1017,2019,20,9,9,"9","haas","ferrari",28,0,false
1017,2019,20,10,10,"10","williams","mercedes",1,0,false
1018,2019,21,1,1,"1","mercedes","mercedes",739,0,true
1018,2019,21,2,2,"2","ferrari","ferrari",504,0,false
1018,2019,21,3,3,"3","red-bull","honda",417,0,false
1018,2019,21,4,4,"4","mclaren","renault",145,0,false
1018,2019,21,5,5,"5","renault","renault",91,0,false
1018,2019,21,6,6,"6","toro-rosso","honda",85,0,false
1018,2019,21,7,7,"7","racing-point","bwt-mercedes",73,0,false
1018,2019,21,8,8,"8","alfa-romeo","ferrari",57,0,false
1018,2019,21,9,9,"9","haas","ferrari",28,0,false
1018,2019,21,10,10,"10","williams","mercedes",1,0,false
1019,2020,1,1,1,"1","mercedes","mercedes",37,,false
1019,2020,1,2,2,"2","mclaren","renault",26,,false
1019,2020,1,3,3,"3","ferrari","ferrari",19,,false
1019,2020,1,4,4,"4","racing-point","bwt-mercedes",8,,false
1019,2020,1,5,5,"5","alphatauri","honda",6,,false
1019,2020,1,6,6,"6","renault","renault",4,,false
1019,2020,1,7,7,"7","alfa-romeo","ferrari",2,,false
1019,2020,1,8,8,"8","williams","mercedes",0,,false
1019,2020,1,9,9,"9","red-bull","honda",0,,false
1020,2020,2,1,1,"1","mercedes","mercedes",80,0,false
1020,2020,2,2,2,"2","mclaren","renault",39,0,false
1020,2020,2,3,3,"3","red-bull","honda",27,6,false
1020,2020,2,4,4,"4","racing-point","bwt-mercedes",22,0,false
1020,2020,2,5,5,"5","ferrari","ferrari",19,-2,false
1020,2020,2,6,6,"6","renault","renault",8,0,false
1020,2020,2,7,7,"7","alphatauri","honda",7,-2,false
1020,2020,2,8,8,"8","alfa-romeo","ferrari",2,-1,false
1020,2020,2,9,9,"9","williams","mercedes",0,-1,false
1020,2020,2,10,10,"10","haas","ferrari",0,0,false
1021,2020,3,1,1,"1","mercedes","mercedes",121,0,false
1021,2020,3,2,2,"2","red-bull","honda",55,1,false
1021,2020,3,3,3,"3","mclaren","renault",41,-1,false
1021,2020,3,4,4,"4","racing-point","bwt-mercedes",40,0,false
1021,2020,3,5,5,"5","ferrari","ferrari",27,0,false
1021,2020,3,6,6,"6","renault","renault",12,0,false
1021,2020,3,7,7,"7","alphatauri","honda",7,0,false
1021,2020,3,8,8,"8","alfa-romeo","ferrari",2,0,false
1021,2020,3,9,9,"9","haas","ferrari",1,1,false
1021,2020,3,10,10,"10","williams","mercedes",0,-1,false
1022,2020,4,1,1,"1","mercedes","mercedes",146,0,false
1022,2020,4,2,2,"2","red-bull","honda",78,0,false
1022,2020,4,3,3,"3","mclaren","renault",51,0,false
1022,2020,4,4,4,"4","ferrari","ferrari",43,1,false
1022,2020,4,5,5,"5","racing-point","bwt-mercedes",42,-1,false
1022,2020,4,6,6,"6","renault","renault",32,0,false
1022,2020,4,7,7,"7","alphatauri","honda",13,0,false
1022,2020,4,8,8,"8","alfa-romeo","ferrari",2,0,false
1022,2020,4,9,9,"9","haas","ferrari",1,0,false
1022,2020,4,10,10,"10","williams","mercedes",0,0,false
1023,2020,5,1,1,"1","mercedes","mercedes",180,0,false
1023,2020,5,2,2,"2","red-bull","honda",113,0,false
1023,2020,5,3,3,"3","ferrari","ferrari",55,1,false
1023,2020,5,4,4,"4","mclaren","renault",53,-1,false
1023,2020,5,5,5,"5","racing-point","bwt-mercedes",41,0,false
1023,2020,5,6,6,"6","renault","renault",36,0,false
1023,2020,5,7,7,"7","alphatauri","honda",14,0,false
1023,2020,5,8,8,"8","alfa-romeo","ferrari",2,0,false
1023,2020,5,9,9,"9","haas","ferrari",1,0,false
1023,2020,5,10,10,"10","williams","mercedes",0,0,false
1024,2020,6,1,1,"1","mercedes","mercedes",221,0,false
1024,2020,6,2,2,"2","red-bull","honda",135,0,false
1024,2020,6,3,3,"3","racing-point","bwt-mercedes",63,2,false
1024,2020,6,4,4,"4","mclaren","renault",62,0,false
1024,2020,6,5,5,"5","ferrari","ferrari",61,-2,false
1024,2020,6,6,6,"6","renault","renault",36,0,false
1024,2020,6,7,7,"7","alphatauri","honda",16,0,false
1024,2020,6,8,8,"8","alfa-romeo","ferrari",2,0,false
1024,2020,6,9,9,"9","haas","ferrari",1,0,false
1024,2020,6,10,10,"10","williams","mercedes",0,0,false
1025,2020,7,1,1,"1","mercedes","mercedes",264,0,false
1025,2020,7,2,2,"2","red-bull","honda",158,0,false
1025,2020,7,3,3,"3","mclaren","renault",68,1,false
1025,2020,7,4,4,"4","racing-point","bwt-mercedes",66,-1,false
1025,2020,7,5,5,"5","ferrari","ferrari",61,0,false
1025,2020,7,6,6,"6","renault","renault",59,0,false
1025,2020,7,7,7,"7","alphatauri","honda",20,0,false
1025,2020,7,8,8,"8","alfa-romeo","ferrari",2,0,false
1025,2020,7,9,9,"9","haas","ferrari",1,0,false
1025,2020,7,10,10,"10","williams","mercedes",0,0,false
1026,2020,8,1,1,"1","mercedes","mercedes",281,0,false
1026,2020,8,2,2,"2","red-bull","honda",158,0,false
1026,2020,8,3,3,"3","mclaren","renault",98,0,false
1026,2020,8,4,4,"4","racing-point","bwt-mercedes",82,0,false
1026,2020,8,5,5,"5","renault","renault",71,1,false
1026,2020,8,6,6,"6","ferrari","ferrari",61,-1,false
1026,2020,8,7,7,"7","alphatauri","honda",47,0,false
1026,2020,8,8,8,"8","alfa-romeo","ferrari",2,0,false
1026,2020,8,9,9,"9","haas","ferrari",1,0,false
1026,2020,8,10,10,"10","williams","mercedes",0,0,false
1027,2020,9,1,1,"1","mercedes","mercedes",325,0,false
1027,2020,9,2,2,"2","red-bull","honda",173,0,false
1027,2020,9,3,3,"3","mclaren","renault",106,0,false
1027,2020,9,4,4,"4","racing-point","bwt-mercedes",92,0,false
1027,2020,9,5,5,"5","renault","renault",83,0,false
1027,2020,9,6,6,"6","ferrari","ferrari",66,0,false
1027,2020,9,7,7,"7","alphatauri","honda",53,0,false
1027,2020,9,8,8,"8","alfa-romeo","ferrari",4,0,false
1027,2020,9,9,9,"9","haas","ferrari",1,0,false
1027,2020,9,10,10,"10","williams","mercedes",0,0,false
1028,2020,10,1,1,"1","mercedes","mercedes",366,0,false
1028,2020,10,2,2,"2","red-bull","honda",192,0,false
1028,2020,10,3,3,"3","mclaren","renault",106,0,false
1028,2020,10,4,4,"4","racing-point","bwt-mercedes",104,0,false
1028,2020,10,5,5,"5","renault","renault",99,0,false
1028,2020,10,6,6,"6","ferrari","ferrari",74,0,false
1028,2020,10,7,7,"7","alphatauri","honda",59,0,false
1028,2020,10,8,8,"8","alfa-romeo","ferrari",4,0,false
1028,2020,10,9,9,"9","haas","ferrari",1,0,false
1028,2020,10,10,10,"10","williams","mercedes",0,0,false
1029,2020,11,1,1,"1","mercedes","mercedes",391,0,false
1029,2020,11,2,2,"2","red-bull","honda",211,0,false
1029,2020,11,3,3,"3","racing-point","bwt-mercedes",120,1,false
1029,2020,11,4,4,"4","mclaren","renault",116,-1,false
1029,2020,11,5,5,"5","renault","renault",114,0,false
1029,2020,11,6,6,"6","ferrari","ferrari",80,0,false
1029,2020,11,7,7,"7","alphatauri","honda",67,0,false
1029,2020,11,8,8,"8","alfa-romeo","ferrari",5,0,false
1029,2020,11,9,9,"9","haas","ferrari",3,0,false
1029,2020,11,10,10,"10","williams","mercedes",0,0,false
1030,2020,12,1,1,"1","mercedes","mercedes",435,0,false
1030,2020,12,2,2,"2","red-bull","honda",226,0,false
1030,2020,12,3,3,"3","racing-point","bwt-mercedes",126,0,false
1030,2020,12,4,4,"4","mclaren","renault",124,0,false
1030,2020,12,5,5,"5","renault","renault",120,0,false
1030,2020,12,6,6,"6","ferrari","ferrari",93,0,false
1030,2020,12,7,7,"7","alphatauri","honda",77,0,false
1030,2020,12,8,8,"8","alfa-romeo","ferrari",5,0,false
1030,2020,12,9,9,"9","haas","ferrari",3,0,false
1030,2020,12,10,10,"10","williams","mercedes",0,0,false
1031,2020,13,1,1,"1","mercedes","mercedes",479,0,true
1031,2020,13,2,2,"2","red-bull","honda",226,0,false
1031,2020,13,3,3,"3","renault","renault",135,2,false
1031,2020,13,4,4,"4","mclaren","renault",134,0,false
1031,2020,13,5,5,"5","racing-point","bwt-mercedes",134,-2,false
1031,2020,13,6,6,"6","ferrari","ferrari",103,0,false
1031,2020,13,7,7,"7","alphatauri","honda",89,0,false
1031,2020,13,8,8,"8","alfa-romeo","ferrari",8,0,false
1031,2020,13,9,9,"9","haas","ferrari",3,0,false
1031,2020,13,10,10,"10","williams","mercedes",0,0,false
1032,2020,14,1,1,"1","mercedes","mercedes",504,0,true
1032,2020,14,2,2,"2","red-bull","honda",240,0,false
1032,2020,14,3,3,"3","racing-point","bwt-mercedes",154,2,false
1032,2020,14,4,4,"4","mclaren","renault",149,0,false
1032,2020,14,5,5,"5","renault","renault",136,-2,false
1032,2020,14,6,6,"6","ferrari","ferrari",130,0,false
1032,2020,14,7,7,"7","alphatauri","honda",89,0,false
1032,2020,14,8,8,"8","alfa-romeo","ferrari",8,0,false
1032,2020,14,9,9,"9","haas","ferrari",3,0,false
1032,2020,14,10,10,"10","williams","mercedes",0,0,false
1033,2020,15,1,1,"1","mercedes","mercedes",533,0,true
1033,2020,15,2,2,"2","red-bull","honda",274,0,false
1033,2020,15,3,3,"3","mclaren","renault",171,1,false
1033,2020,15,4,4,"4","racing-point","bwt-mercedes",154,-1,false
1033,2020,15,5,5,"5","renault","renault",144,0,false
1033,2020,15,6,6,"6","ferrari","ferrari",131,0,false
1033,2020,15,7,7,"7","alphatauri","honda",97,0,false
1033,2020,15,8,8,"8","alfa-romeo","ferrari",8,0,false
1033,2020,15,9,9,"9","haas","ferrari",3,0,false
1033,2020,15,10,10,"10","williams","mercedes",0,0,false
1034,2020,16,1,1,"1","mercedes","mercedes",540,0,true
1034,2020,16,2,2,"2","red-bull","honda",282,0,false
1034,2020,16,3,3,"3","racing-point","bwt-mercedes",194,1,false
1034,2020,16,4,4,"4","mclaren","renault",184,-1,false
1034,2020,16,5,5,"5","renault","renault",172,0,false
1034,2020,16,6,6,"6","ferrari","ferrari",131,0,false
1034,2020,16,7,7,"7","alphatauri","honda",103,0,false
1034,2020,16,8,8,"8","alfa-romeo","ferrari",8,0,false
1034,2020,16,9,9,"9","haas","ferrari",3,0,false
1034,2020,16,10,10,"10","williams","mercedes",0,0,false
1035,2020,17,1,1,"1","mercedes","mercedes",573,0,true
1035,2020,17,2,2,"2","red-bull","honda",319,0,false
1035,2020,17,3,3,"3","mclaren","renault",202,1,false
1035,2020,17,4,4,"4","racing-point","bwt-mercedes",195,-1,false
1035,2020,17,5,5,"5","renault","renault",181,0,false
1035,2020,17,6,6,"6","ferrari","ferrari",131,0,false
1035,2020,17,7,7,"7","alphatauri","honda",107,0,false
1035,2020,17,8,8,"8","alfa-romeo","ferrari",8,0,false
1035,2020,17,9,9,"9","haas","ferrari",3,0,false
1035,2020,17,10,10,"10","williams","mercedes",0,0,false
1036,2021,1,1,1,"1","mercedes","mercedes",41,,false
1036,2021,1,2,2,"2","red-bull","honda",28,,false
1036,2021,1,3,3,"3","mclaren","mercedes",18,,false
1036,2021,1,4,4,"4","ferrari","ferrari",12,,false
1036,2021,1,5,5,"5","alphatauri","honda",2,,false
1036,2021,1,6,6,"6","aston-martin","mercedes",1,,false
1036,2021,1,7,7,"7","alfa-romeo","ferrari",0,,false
1036,2021,1,8,8,"8","alpine","renault",0,,false
1036,2021,1,9,9,"9","williams","mercedes",0,,false
1036,2021,1,10,10,"10","haas","ferrari",0,,false
1037,2021,2,1,1,"1","mercedes","mercedes",60,0,false
1037,2021,2,2,2,"2","red-bull","honda",53,0,false
1037,2021,2,3,3,"3","mclaren","mercedes",41,0,false
1037,2021,2,4,4,"4","ferrari","ferrari",34,0,false
1037,2021,2,5,5,"5","alphatauri","honda",8,0,false
1037,2021,2,6,6,"6","aston-martin","mercedes",5,0,false
1037,2021,2,7,7,"7","alpine","renault",3,1,false
1037,2021,2,8,8,"8","alfa-romeo","ferrari",0,-1,false
1037,2021,2,9,9,"9","williams","mercedes",0,0,false
1037,2021,2,10,10,"10","haas","ferrari",0,0,false
1038,2021,3,1,1,"1","mercedes","mercedes",101,0,false
1038,2021,3,2,2,"2","red-bull","honda",83,0,false
1038,2021,3,3,3,"3","mclaren","mercedes",53,0,false
1038,2021,3,4,4,"4","ferrari","ferrari",42,0,false
1038,2021,3,5,5,"5","alpine","renault",13,2,false
1038,2021,3,6,6,"6","alphatauri","honda",9,-1,false
1038,2021,3,7,7,"7","aston-martin","mercedes",5,-1,false
1038,2021,3,8,8,"8","alfa-romeo","ferrari",0,0,false
1038,2021,3,9,9,"9","williams","mercedes",0,0,false
1038,2021,3,10,10,"10","haas","ferrari",0,0,false
1039,2021,4,1,1,"1","mercedes","mercedes",141,0,false
1039,2021,4,2,2,"2","red-bull","honda",112,0,false
1039,2021,4,3,3,"3","mclaren","mercedes",65,0,false
1039,2021,4,4,4,"4","ferrari","ferrari",60,0,false
1039,2021,4,5,5,"5","alpine","renault",15,0,false
1039,2021,4,6,6,"6","alphatauri","honda",10,0,false
1039,2021,4,7,7,"7","aston-martin","mercedes",5,0,false
1039,2021,4,8,8,"8","alfa-romeo","ferrari",0,0,false
1039,2021,4,9,9,"9","williams","mercedes",0,0,false
1039,2021,4,10,10,"10","haas","ferrari",0,0,false
1040,2021,5,1,1,"1","red-bull","honda",149,1,false
1040,2021,5,2,2,"2","mercedes","mercedes",148,-1,false
1040,2021,5,3,3,"3","mclaren","mercedes",80,0,false
1040,2021,5,4,4,"4","ferrari","ferrari",78,0,false
1040,2021,5,5,5,"5","aston-martin","mercedes",19,2,false
1040,2021,5,6,6,"6","alphatauri","honda",18,0,false
1040,2021,5,7,7,"7","alpine","renault",17,-2,false
1040,2021,5,8,8,"8","alfa-romeo","ferrari",1,0,false
1040,2021,5,9,9,"9","williams","mercedes",0,0,false
1040,2021,5,10,10,"10","haas","ferrari",0,0,false
1041,2021,6,1,1,"1","red-bull","honda",174,0,false
1041,2021,6,2,2,"2","mercedes","mercedes",148,0,false
1041,2021,6,3,3,"3","ferrari","ferrari",94,1,false
1041,2021,6,4,4,"4","mclaren","mercedes",92,-1,false
1041,2021,6,5,5,"5","alphatauri","honda",39,1,false
1041,2021,6,6,6,"6","aston-martin","mercedes",37,-1,false
1041,2021,6,7,7,"7","alpine","renault",25,0,false
1041,2021,6,8,8,"8","alfa-romeo","ferrari",2,0,false
1041,2021,6,9,9,"9","haas","ferrari",0,1,false
1041,2021,6,10,10,"10","williams","mercedes",0,-1,false
1042,2021,7,1,1,"1","red-bull","honda",215,0,false
1042,2021,7,2,2,"2","mercedes","mercedes",178,0,false
1042,2021,7,3,3,"3","mclaren","mercedes",110,1,false
1042,2021,7,4,4,"4","ferrari","ferrari",94,-1,false
1042,2021,7,5,5,"5","alphatauri","honda",45,0,false
1042,2021,7,6,6,"6","aston-martin","mercedes",40,0,false
1042,2021,7,7,7,"7","alpine","renault",29,0,false
1042,2021,7,8,8,"8","alfa-romeo","ferrari",2,0,false
1042,2021,7,9,9,"9","williams","mercedes",0,1,false
1042,2021,7,10,10,"10","haas","ferrari",0,-1,false
1043,2021,8,1,1,"1","red-bull","honda",252,0,false
1043,2021,8,2,2,"2","mercedes","mercedes",212,0,false
1043,2021,8,3,3,"3","mclaren","mercedes",120,0,false
1043,2021,8,4,4,"4","ferrari","ferrari",108,0,false
1043,2021,8,5,5,"5","alphatauri","honda",46,0,false
1043,2021,8,6,6,"6","aston-martin","mercedes",44,0,false
1043,2021,8,7,7,"7","alpine","renault",31,0,false
1043,2021,8,8,8,"8","alfa-romeo","ferrari",2,0,false
1043,2021,8,9,9,"9","williams","mercedes",0,0,false
1043,2021,8,10,10,"10","haas","ferrari",0,0,false
1044,2021,9,1,1,"1","red-bull","honda",286,0,false
1044,2021,9,2,2,"2","mercedes","mercedes",242,0,false
1044,2021,9,3,3,"3","mclaren","mercedes",141,0,false
1044,2021,9,4,4,"4","ferrari","ferrari",122,0,false
1044,2021,9,5,5,"5","alphatauri","honda",48,0,false
1044,2021,9,6,6,"6","aston-martin","mercedes",44,0,false
1044,2021,9,7,7,"7","alpine","renault",32,0,false
1044,2021,9,8,8,"8","alfa-romeo","ferrari",2,0,false
1044,2021,9,9,9,"9","williams","mercedes",0,0,false
1044,2021,9,10,10,"10","haas","ferrari",0,0,false
1045,2021,10,1,1,"1","red-bull","honda",289,0,false
1045,2021,10,2,2,"2","mercedes","mercedes",285,0,false
1045,2021,10,3,3,"3","mclaren","mercedes",163,0,false
1045,2021,10,4,4,"4","ferrari","ferrari",148,0,false
1045,2021,10,5,5,"5","alphatauri","honda",49,0,false
1045,2021,10,6,6,"6","aston-martin","mercedes",48,0,false
1045,2021,10,7,7,"7","alpine","renault",40,0,false
1045,2021,10,8,8,"8","alfa-romeo","ferrari",2,0,false
1045,2021,10,9,9,"9","williams","mercedes",0,0,false
1045,2021,10,10,10,"10","haas","ferrari",0,0,false
1046,2021,11,1,1,"1","mercedes","mercedes",303,1,false
1046,2021,11,2,2,"2","red-bull","honda",291,-1,false
1046,2021,11,3,3,"3","ferrari","ferrari",163,1,false
1046,2021,11,4,4,"4","mclaren","mercedes",163,-1,false
1046,2021,11,5,5,"5","alpine","renault",77,2,false
1046,2021,11,6,6,"6","alphatauri","honda",68,-1,false
1046,2021,11,7,7,"7","aston-martin","mercedes",48,-1,false
1046,2021,11,8,8,"8","williams","mercedes",10,1,false
1046,2021,11,9,9,"9","alfa-romeo","ferrari",3,-1,false
1046,2021,11,10,10,"10","haas","ferrari",0,0,false
1047,2021,12,1,1,"1","mercedes","mercedes",310.5,0,false
1047,2021,12,2,2,"2","red-bull","honda",303.5,0,false
1047,2021,12,3,3,"3","mclaren","mercedes",169,1,false
1047,2021,12,4,4,"4","ferrari","ferrari",165.5,-1,false
1047,2021,12,5,5,"5","alpine","renault",80,0,false
1047,2021,12,6,6,"6","alphatauri","honda",72,0,false
1047,2021,12,7,7,"7","aston-martin","mercedes",53,0,false
1047,2021,12,8,8,"8","williams","mercedes",20,0,false
1047,2021,12,9,9,"9","alfa-romeo","ferrari",3,0,false
1047,2021,12,10,10,"10","haas","ferrari",0,0,false
1048,2021,13,1,1,"1","mercedes","mercedes",344.5,0,false
1048,2021,13,2,2,"2","red-bull","honda",332.5,0,false
1048,2021,13,3,3,"3","ferrari","ferrari",181.5,1,false
1048,2021,13,4,4,"4","mclaren","mercedes",170,-1,false
1048,2021,13,5,5,"5","alpine","renault",90,0,false
1048,2021,13,6,6,"6","alphatauri","honda",84,0,false
1048,2021,13,7,7,"7","aston-martin","mercedes",53,0,false
1048,2021,13,8,8,"8","williams","mercedes",20,0,false
1048,2021,13,9,9,"9","alfa-romeo","ferrari",3,0,false
1048,2021,13,10,10,"10","haas","ferrari",0,0,false
1049,2021,14,1,1,"1","mercedes","mercedes",362.5,0,false
1049,2021,14,2,2,"2","red-bull","honda",344.5,0,false
1049,2021,14,3,3,"3","mclaren","mercedes",215,1,false
1049,2021,14,4,4,"4","ferrari","ferrari",201.5,-1,false
1049,2021,14,5,5,"5","alpine","renault",95,0,false
1049,2021,14,6,6,"6","alphatauri","honda",84,0,false
1049,2021,14,7,7,"7","aston-martin","mercedes",59,0,false
1049,2021,14,8,8,"8","williams","mercedes",22,0,false
1049,2021,14,9,9,"9","alfa-romeo","ferrari",3,0,false
1049,2021,14,10,10,"10","haas","ferrari",0,0,false
1050,2021,15,1,1,"1","mercedes","mercedes",397.5,0,false
1050,2021,15,2,2,"2","red-bull","honda",364.5,0,false
1050,2021,15,3,3,"3","mclaren","mercedes",234,0,false
1050,2021,15,4,4,"4","ferrari","ferrari",216.5,0,false
1050,2021,15,5,5,"5","alpine","renault",103,0,false
1050,2021,15,6,6,"6","alphatauri","honda",84,0,false
1050,2021,15,7,7,"7","aston-martin","mercedes",59,0,false
1050,2021,15,8,8,"8","williams","mercedes",23,0,false
1050,2021,15,9,9,"9","alfa-romeo","ferrari",7,0,false
1050,2021,15,10,10,"10","haas","ferrari",0,0,false
1051,2021,16,1,1,"1","mercedes","mercedes",433.5,0,false
1051,2021,16,2,2,"2","red-bull","honda",397.5,0,false
1051,2021,16,3,3,"3","mclaren","mercedes",240,0,false
1051,2021,16,4,4,"4","ferrari","ferrari",232.5,0,false
1051,2021,16,5,5,"5","alpine","renault",104,0,false
1051,2021,16,6,6,"6","alphatauri","honda",92,0,false
1051,2021,16,7,7,"7","aston-martin","mercedes",61,0,false
1051,2021,16,8,8,"8","williams","mercedes",23,0,false
1051,2021,16,9,9,"9","alfa-romeo","ferrari",7,0,false
1051,2021,16,10,10,"10","haas","ferrari",0,0,false
1052,2021,17,1,1,"1","mercedes","mercedes",460.5,0,false
1052,2021,17,2,2,"2","red-bull","honda",437.5,0,false
1052,2021,17,3,3,"3","mclaren","mercedes",254,0,false
1052,2021,17,4,4,"4","ferrari","ferrari",250.5,0,false
1052,2021,17,5,5,"5","alpine","renault",104,0,false
1052,2021,17,6,6,"6","alphatauri","honda",94,0,false
1052,2021,17,7,7,"7","aston-martin","mercedes",62,0,false
1052,2021,17,8,8,"8","williams","mercedes",23,0,false
1052,2021,17,9,9,"9","alfa-romeo","ferrari",7,0,false
1052,2021,17,10,10,"10","haas","ferrari",0,0,false
1053,2021,18,1,1,"1","mercedes","mercedes",478.5,0,false
1053,2021,18,2,2,"2","red-bull","honda",477.5,0,false
1053,2021,18,3,3,"3","ferrari","ferrari",268.5,1,false
1053,2021,18,4,4,"4","mclaren","mercedes",255,-1,false
1053,2021,18,5,5,"5","alpine","renault",106,0,false
1053,2021,18,6,6,"6","alphatauri","honda",106,0,false
1053,2021,18,7,7,"7","aston-martin","mercedes",68,0,false
1053,2021,18,8,8,"8","williams","mercedes",23,0,false
1053,2021,18,9,9,"9","alfa-romeo","ferrari",11,0,false
1053,2021,18,10,10,"10","haas","ferrari",0,0,false
1054,2021,19,1,1,"1","mercedes","mercedes",521.5,0,false
1054,2021,19,2,2,"2","red-bull","honda",510.5,0,false
1054,2021,19,3,3,"3","ferrari","ferrari",287.5,0,false
1054,2021,19,4,4,"4","mclaren","mercedes",256,0,false
1054,2021,19,5,5,"5","alpine","renault",112,0,false
1054,2021,19,6,6,"6","alphatauri","honda",112,0,false
1054,2021,19,7,7,"7","aston-martin","mercedes",68,0,false
1054,2021,19,8,8,"8","williams","mercedes",23,0,false
1054,2021,19,9,9,"9","alfa-romeo","ferrari",11,0,false
1054,2021,19,10,10,"10","haas","ferrari",0,0,false
1055,2021,20,1,1,"1","mercedes","mercedes",546.5,0,false
1055,2021,20,2,2,"2","red-bull","honda",541.5,0,false
1055,2021,20,3,3,"3","ferrari","ferrari",297.5,0,false
1055,2021,20,4,4,"4","mclaren","mercedes",258,0,false
1055,2021,20,5,5,"5","alpine","renault",137,0,false
1055,2021,20,6,6,"6","alphatauri","honda",112,0,false
1055,2021,20,7,7,"7","aston-martin","mercedes",77,0,false
1055,2021,20,8,8,"8","williams","mercedes",23,0,false
1055,2021,20,9,9,"9","alfa-romeo","ferrari",11,0,false
1055,2021,20,10,10,"10","haas","ferrari",0,0,false
1056,2021,21,1,1,"1","mercedes","mercedes",587.5,0,false
1056,2021,21,2,2,"2","red-bull","honda",559.5,0,false
1056,2021,21,3,3,"3","ferrari","ferrari",307.5,0,false
1056,2021,21,4,4,"4","mclaren","mercedes",269,0,false
1056,2021,21,5,5,"5","alpine","renault",149,0,false
1056,2021,21,6,6,"6","alphatauri","honda",120,0,false
1056,2021,21,7,7,"7","aston-martin","mercedes",77,0,false
1056,2021,21,8,8,"8","williams","mercedes",23,0,false
1056,2021,21,9,9,"9","alfa-romeo","ferrari",13,0,false
1056,2021,21,10,10,"10","haas","ferrari",0,0,false
1057,2021,22,1,1,"1","mercedes","mercedes",613.5,0,true
1057,2021,22,2,2,"2","red-bull","honda",585.5,0,false
1057,2021,22,3,3,"3","ferrari","ferrari",323.5,0,false
1057,2021,22,4,4,"4","mclaren","mercedes",275,0,false
1057,2021,22,5,5,"5","alpine","renault",155,0,false
1057,2021,22,6,6,"6","alphatauri","honda",142,0,false
1057,2021,22,7,7,"7","aston-martin","mercedes",77,0,false
1057,2021,22,8,8,"8","williams","mercedes",23,0,false
1057,2021,22,9,9,"9","alfa-romeo","ferrari",13,0,false
1057,2021,22,10,10,"10","haas","ferrari",0,0,false
1058,2022,1,1,1,"1","ferrari","ferrari",44,,false
1058,2022,1,2,2,"2","mercedes","mercedes",27,,false
1058,2022,1,3,3,"3","haas","ferrari",10,,false
1058,2022,1,4,4,"4","alfa-romeo","ferrari",9,,false
1058,2022,1,5,5,"5","alpine","renault",8,,false
1058,2022,1,6,6,"6","alphatauri","rbpt",4,,false
1058,2022,1,7,7,"7","aston-martin","mercedes",0,,false
1058,2022,1,8,8,"8","williams","mercedes",0,,false
1058,2022,1,9,9,"9","mclaren","mercedes",0,,false
1058,2022,1,10,10,"10","red-bull","rbpt",0,,false
1059,2022,2,1,1,"1","ferrari","ferrari",78,0,false
1059,2022,2,2,2,"2","mercedes","mercedes",38,0,false
1059,2022,2,3,3,"3","red-bull","rbpt",37,7,false
1059,2022,2,4,4,"4","alpine","renault",16,1,false
1059,2022,2,5,5,"5","haas","ferrari",12,-2,false
1059,2022,2,6,6,"6","alfa-romeo","ferrari",9,-2,false
1059,2022,2,7,7,"7","alphatauri","rbpt",8,-1,false
1059,2022,2,8,8,"8","mclaren","mercedes",6,1,false
1059,2022,2,9,9,"9","aston-martin","mercedes",0,-2,false
1059,2022,2,10,10,"10","williams","mercedes",0,-2,false
1060,2022,3,1,1,"1","ferrari","ferrari",104,0,false
1060,2022,3,2,2,"2","mercedes","mercedes",65,0,false
1060,2022,3,3,3,"3","red-bull","rbpt",55,0,false
1060,2022,3,4,4,"4","mclaren","mercedes",24,4,false
1060,2022,3,5,5,"5","alpine","renault",22,-1,false
1060,2022,3,6,6,"6","alfa-romeo","ferrari",13,0,false
1060,2022,3,7,7,"7","haas","ferrari",12,-2,false
1060,2022,3,8,8,"8","alphatauri","rbpt",10,-1,false
1060,2022,3,9,9,"9","williams","mercedes",1,1,false
1060,2022,3,10,10,"10","aston-martin","mercedes",0,-1,false
1061,2022,4,1,1,"1","ferrari","ferrari",124,0,false
1061,2022,4,2,2,"2","red-bull","rbpt",113,1,false
1061,2022,4,3,3,"3","mercedes","mercedes",77,-1,false
1061,2022,4,4,4,"4","mclaren","mercedes",46,0,false
1061,2022,4,5,5,"5","alfa-romeo","ferrari",25,1,false
1061,2022,4,6,6,"6","alpine","renault",22,-1,false
1061,2022,4,7,7,"7","alphatauri","rbpt",16,1,false
1061,2022,4,8,8,"8","haas","ferrari",15,-1,false
1061,2022,4,9,9,"9","aston-martin","mercedes",5,1,false
1061,2022,4,10,10,"10","williams","mercedes",1,-1,false
1062,2022,5,1,1,"1","ferrari","ferrari",157,0,false
1062,2022,5,2,2,"2","red-bull","rbpt",151,0,false
1062,2022,5,3,3,"3","mercedes","mercedes",95,0,false
1062,2022,5,4,4,"4","mclaren","mercedes",46,0,false
1062,2022,5,5,5,"5","alfa-romeo","ferrari",31,0,false
1062,2022,5,6,6,"6","alpine","renault",26,0,false
1062,2022,5,7,7,"7","alphatauri","rbpt",16,0,false
1062,2022,5,8,8,"8","haas","ferrari",15,0,false
1062,2022,5,9,9,"9","aston-martin","mercedes",6,0,false
1062,2022,5,10,10,"10","williams","mercedes",3,0,false
1063,2022,6,1,1,"1","red-bull","rbpt",195,1,false
1063,2022,6,2,2,"2","ferrari","ferrari",169,-1,false
1063,2022,6,3,3,"3","mercedes","mercedes",120,0,false
1063,2022,6,4,4,"4","mclaren","mercedes",50,0,false
1063,2022,6,5,5,"5","alfa-romeo","ferrari",39,0,false
1063,2022,6,6,6,"6","alpine","renault",34,0,false
1063,2022,6,7,7,"7","alphatauri","rbpt",17,0,false
1063,2022,6,8,8,"8","haas","ferrari",15,0,false
1063,2022,6,9,9,"9","aston-martin","mercedes",6,0,false
1063,2022,6,10,10,"10","williams","mercedes",3,0,false
1064,2022,7,1,1,"1","red-bull","rbpt",235,0,false
1064,2022,7,2,2,"2","ferrari","ferrari",199,0,false
1064,2022,7,3,3,"3","mercedes","mercedes",134,0,false
1064,2022,7,4,4,"4","mclaren","mercedes",59,0,false
1064,2022,7,5,5,"5","alfa-romeo","ferrari",41,0,false
1064,2022,7,6,6,"6","alpine","renault",40,0,false
1064,2022,7,7,7,"7","alphatauri","rbpt",17,0,false
1064,2022,7,8,8,"8","haas","ferrari",15,0,false
1064,2022,7,9,9,"9","aston-martin","mercedes",7,0,false
1064,2022,7,10,10,"10","williams","mercedes",3,0,false
1065,2022,8,1,1,"1","red-bull","rbpt",279,0,false
1065,2022,8,2,2,"2","ferrari","ferrari",199,0,false
1065,2022,8,3,3,"3","mercedes","mercedes",161,0,false
1065,2022,8,4,4,"4","mclaren","mercedes",65,0,false
1065,2022,8,5,5,"5","alpine","renault",47,1,false
1065,2022,8,6,6,"6","alfa-romeo","ferrari",41,-1,false
1065,2022,8,7,7,"7","alphatauri","rbpt",27,0,false
1065,2022,8,8,8,"8","haas","ferrari",15,0,false
1065,2022,8,9,9,"9","aston-martin","mercedes",15,0,false
1065,2022,8,10,10,"10","williams","mercedes",3,0,false
1066,2022,9,1,1,"1","red-bull","rbpt",304,0,false
1066,2022,9,2,2,"2","ferrari","ferrari",228,0,false
1066,2022,9,3,3,"3","mercedes","mercedes",188,0,false
1066,2022,9,4,4,"4","mclaren","mercedes",65,0,false
1066,2022,9,5,5,"5","alpine","renault",57,0,false
1066,2022,9,6,6,"6","alfa-romeo","ferrari",51,0,false
1066,2022,9,7,7,"7","alphatauri","rbpt",27,0,false
1066,2022,9,8,8,"8","aston-martin","mercedes",16,1,false
1066,2022,9,9,9,"9","haas","ferrari",15,-1,false
1066,2022,9,10,10,"10","williams","mercedes",3,0,false
1067,2022,10,1,1,"1","red-bull","rbpt",328,0,false
1067,2022,10,2,2,"2","ferrari","ferrari",265,0,false
1067,2022,10,3,3,"3","mercedes","mercedes",204,0,false
1067,2022,10,4,4,"4","mclaren","mercedes",73,0,false
1067,2022,10,5,5,"5","alpine","renault",67,0,false
1067,2022,10,6,6,"6","alfa-romeo","ferrari",51,0,false
1067,2022,10,7,7,"7","alphatauri","rbpt",27,0,false
1067,2022,10,8,8,"8","haas","ferrari",20,1,false
1067,2022,10,9,9,"9","aston-martin","mercedes",18,-1,false
1067,2022,10,10,10,"10","williams","mercedes",3,0,false
1068,2022,11,1,1,"1","red-bull","rbpt",359,0,false
1068,2022,11,2,2,"2","ferrari","ferrari",303,0,false
1068,2022,11,3,3,"3","mercedes","mercedes",237,0,false
1068,2022,11,4,4,"4","mclaren","mercedes",81,0,false
1068,2022,11,5,5,"5","alpine","renault",81,0,false
1068,2022,11,6,6,"6","alfa-romeo","ferrari",51,0,false
1068,2022,11,7,7,"7","haas","ferrari",34,1,false
1068,2022,11,8,8,"8","alphatauri","rbpt",27,-1,false
1068,2022,11,9,9,"9","aston-martin","mercedes",18,0,false
1068,2022,11,10,10,"10","williams","mercedes",3,0,false
1069,2022,12,1,1,"1","red-bull","rbpt",396,0,false
1069,2022,12,2,2,"2","ferrari","ferrari",314,0,false
1069,2022,12,3,3,"3","mercedes","mercedes",270,0,false
1069,2022,12,4,4,"4","alpine","renault",93,1,false
1069,2022,12,5,5,"5","mclaren","mercedes",89,-1,false
1069,2022,12,6,6,"6","alfa-romeo","ferrari",51,0,false
1069,2022,12,7,7,"7","haas","ferrari",34,0,false
1069,2022,12,8,8,"8","alphatauri","rbpt",27,0,false
1069,2022,12,9,9,"9","aston-martin","mercedes",19,0,false
1069,2022,12,10,10,"10","williams","mercedes",3,0,false
1070,2022,13,1,1,"1","red-bull","rbpt",431,0,false
1070,2022,13,2,2,"2","ferrari","ferrari",334,0,false
1070,2022,13,3,3,"3","mercedes","mercedes",304,0,false
1070,2022,13,4,4,"4","alpine","renault",99,0,false
1070,2022,13,5,5,"5","mclaren","mercedes",95,0,false
1070,2022,13,6,6,"6","alfa-romeo","ferrari",51,0,false
1070,2022,13,7,7,"7","haas","ferrari",34,0,false
1070,2022,13,8,8,"8","alphatauri","rbpt",27,0,false
1070,2022,13,9,9,"9","aston-martin","mercedes",20,0,false
1070,2022,13,10,10,"10","williams","mercedes",3,0,false
1071,2022,14,1,1,"1","red-bull","rbpt",475,0,false
1071,2022,14,2,2,"2","ferrari","ferrari",357,0,false
1071,2022,14,3,3,"3","mercedes","mercedes",316,0,false
1071,2022,14,4,4,"4","alpine","renault",115,0,false
1071,2022,14,5,5,"5","mclaren","mercedes",95,0,false
1071,2022,14,6,6,"6","alfa-romeo","ferrari",51,0,false
1071,2022,14,7,7,"7","haas","ferrari",34,0,false
1071,2022,14,8,8,"8","alphatauri","rbpt",29,0,false
1071,2022,14,9,9,"9","aston-martin","mercedes",24,0,false
1071,2022,14,10,10,"10","williams","mercedes",4,0,false
1072,2022,15,1,1,"1","red-bull","rbpt",511,0,false
1072,2022,15,2,2,"2","ferrari","ferrari",376,0,false
1072,2022,15,3,3,"3","mercedes","mercedes",346,0,false
1072,2022,15,4,4,"4","alpine","renault",125,0,false
1072,2022,15,5,5,"5","mclaren","mercedes",101,0,false
1072,2022,15,6,6,"6","alfa-romeo","ferrari",51,0,false
1072,2022,15,7,7,"7","haas","ferrari",34,0,false
1072,2022,15,8,8,"8","alphatauri","rbpt",29,0,false
1072,2022,15,9,9,"9","aston-martin","mercedes",25,0,false
1072,2022,15,10,10,"10","williams","mercedes",4,0,false
1073,2022,16,1,1,"1","red-bull","rbpt",545,0,false
1073,2022,16,2,2,"2","ferrari","ferrari",406,0,false
1073,2022,16,3,3,"3","mercedes","mercedes",371,0,false
1073,2022,16,4,4,"4","alpine","renault",125,0,false
1073,2022,16,5,5,"5","mclaren","mercedes",107,0,false
1073,2022,16,6,6,"6","alfa-romeo","ferrari",52,0,false
1073,2022,16,7,7,"7","haas","ferrari",34,0,false
1073,2022,16,8,8,"8","alphatauri","rbpt",33,0,false
1073,2022,16,9,9,"9","aston-martin","mercedes",25,0,false
1073,2022,16,10,10,"10","williams","mercedes",6,0,false
1074,2022,17,1,1,"1","red-bull","rbpt",576,0,false
1074,2022,17,2,2,"2","ferrari","ferrari",439,0,false
1074,2022,17,3,3,"3","mercedes","mercedes",373,0,false
1074,2022,17,4,4,"4","mclaren","mercedes",129,1,false
1074,2022,17,5,5,"5","alpine","renault",125,-1,false
1074,2022,17,6,6,"6","alfa-romeo","ferrari",52,0,false
1074,2022,17,7,7,"7","aston-martin","mercedes",37,2,false
1074,2022,17,8,8,"8","haas","ferrari",34,-1,false
1074,2022,17,9,9,"9","alphatauri","rbpt",34,-1,false
1074,2022,17,10,10,"10","williams","mercedes",6,0,false
1075,2022,18,1,1,"1","red-bull","rbpt",619,0,false
1075,2022,18,2,2,"2","ferrari","ferrari",454,0,false
1075,2022,18,3,3,"3","mercedes","mercedes",387,0,false
1075,2022,18,4,4,"4","alpine","renault",143,1,false
1075,2022,18,5,5,"5","mclaren","mercedes",130,-1,false
1075,2022,18,6,6,"6","alfa-romeo","ferrari",52,0,false
1075,2022,18,7,7,"7","aston-martin","mercedes",45,0,false
1075,2022,18,8,8,"8","haas","ferrari",34,0,false
1075,2022,18,9,9,"9","alphatauri","rbpt",34,0,false
1075,2022,18,10,10,"10","williams","mercedes",8,0,false
1076,2022,19,1,1,"1","red-bull","rbpt",656,0,true
1076,2022,19,2,2,"2","ferrari","ferrari",469,0,false
1076,2022,19,3,3,"3","mercedes","mercedes",416,0,false
1076,2022,19,4,4,"4","alpine","renault",149,0,false
1076,2022,19,5,5,"5","mclaren","mercedes",138,0,false
1076,2022,19,6,6,"6","alfa-romeo","ferrari",52,0,false
1076,2022,19,7,7,"7","aston-martin","mercedes",49,0,false
1076,2022,19,8,8,"8","haas","ferrari",36,0,false
1076,2022,19,9,9,"9","alphatauri","rbpt",35,0,false
1076,2022,19,10,10,"10","williams","mercedes",8,0,false
1077,2022,20,1,1,"1","red-bull","rbpt",696,0,true
1077,2022,20,2,2,"2","ferrari","ferrari",487,0,false
1077,2022,20,3,3,"3","mercedes","mercedes",447,0,false
1077,2022,20,4,4,"4","alpine","renault",153,0,false
1077,2022,20,5,5,"5","mclaren","mercedes",146,0,false
1077,2022,20,6,6,"6","alfa-romeo","ferrari",53,0,false
1077,2022,20,7,7,"7","aston-martin","mercedes",49,0,false
1077,2022,20,8,8,"8","haas","ferrari",36,0,false
1077,2022,20,9,9,"9","alphatauri","rbpt",35,0,false
1077,2022,20,10,10,"10","williams","mercedes",8,0,false
1078,2022,21,1,1,"1","red-bull","rbpt",719,0,true
1078,2022,21,2,2,"2","ferrari","ferrari",524,0,false
1078,2022,21,3,3,"3","mercedes","mercedes",505,0,false
1078,2022,21,4,4,"4","alpine","renault",167,0,false
1078,2022,21,5,5,"5","mclaren","mercedes",148,0,false
1078,2022,21,6,6,"6","alfa-romeo","ferrari",55,0,false
1078,2022,21,7,7,"7","aston-martin","mercedes",50,0,false
1078,2022,21,8,8,"8","haas","ferrari",37,0,false
1078,2022,21,9,9,"9","alphatauri","rbpt",35,0,false
1078,2022,21,10,10,"10","williams","mercedes",8,0,false
1079,2022,22,1,1,"1","red-bull","rbpt",759,0,true
1079,2022,22,2,2,"2","ferrari","ferrari",554,0,false
1079,2022,22,3,3,"3","mercedes","mercedes",515,0,false
1079,2022,22,4,4,"4","alpine","renault",173,0,false
1079,2022,22,5,5,"5","mclaren","mercedes",159,0,false
1079,2022,22,6,6,"6","alfa-romeo","ferrari",55,0,false
1079,2022,22,7,7,"7","aston-martin","mercedes",55,0,false
1079,2022,22,8,8,"8","haas","ferrari",37,0,false
1079,2022,22,9,9,"9","alphatauri","rbpt",35,0,false
1079,2022,22,10,10,"10","williams","mercedes",8,0,false
1080,2023,1,1,1,"1","red-bull","honda-rbpt",43,,false
1080,2023,1,2,2,"2","aston-martin","mercedes",23,,false
1080,2023,1,3,3,"3","mercedes","mercedes",16,,false
1080,2023,1,4,4,"4","ferrari","ferrari",12,,false
1080,2023,1,5,5,"5","alfa-romeo","ferrari",4,,false
1080,2023,1,6,6,"6","alpine","renault",2,,false
1080,2023,1,7,7,"7","williams","mercedes",1,,false
1080,2023,1,8,8,"8","alphatauri","honda-rbpt",0,,false
1080,2023,1,9,9,"9","haas","ferrari",0,,false
1080,2023,1,10,10,"10","mclaren","mercedes",0,,false
1081,2023,2,1,1,"1","red-bull","honda-rbpt",87,0,false
1081,2023,2,2,2,"2","aston-martin","mercedes",38,0,false
1081,2023,2,3,3,"3","mercedes","mercedes",38,0,false
1081,2023,2,4,4,"4","ferrari","ferrari",26,0,false
1081,2023,2,5,5,"5","alpine","renault",8,1,false
1081,2023,2,6,6,"6","alfa-romeo","ferrari",4,-1,false
1081,2023,2,7,7,"7","haas","ferrari",1,2,false
1081,2023,2,8,8,"8","williams","mercedes",1,-1,false
1081,2023,2,9,9,"9","alphatauri","honda-rbpt",0,-1,false
1081,2023,2,10,10,"10","mclaren","mercedes",0,0,false
1082,2023,3,1,1,"1","red-bull","honda-rbpt",123,0,false
1082,2023,3,2,2,"2","aston-martin","mercedes",65,0,false
1082,2023,3,3,3,"3","mercedes","mercedes",56,0,false
1082,2023,3,4,4,"4","ferrari","ferrari",26,0,false
1082,2023,3,5,5,"5","mclaren","mercedes",12,5,false
1082,2023,3,6,6,"6","alpine","renault",8,-1,false
1082,2023,3,7,7,"7","haas","ferrari",7,0,false
1082,2023,3,8,8,"8","alfa-romeo","ferrari",6,-2,false
1082,2023,3,9,9,"9","alphatauri","honda-rbpt",1,0,false
1082,2023,3,10,10,"10","williams","mercedes",1,-2,false
1083,2023,4,1,1,"1","red-bull","honda-rbpt",180,0,false
1083,2023,4,2,2,"2","aston-martin","mercedes",87,0,false
1083,2023,4,3,3,"3","mercedes","mercedes",76,0,false
1083,2023,4,4,4,"4","ferrari","ferrari",62,0,false
1083,2023,4,5,5,"5","mclaren","mercedes",14,0,false
1083,2023,4,6,6,"6","alpine","renault",8,0,false
1083,2023,4,7,7,"7","haas","ferrari",7,0,false
1083,2023,4,8,8,"8","alfa-romeo","ferrari",6,0,false
1083,2023,4,9,9,"9","alphatauri","honda-rbpt",2,0,false
1083,2023,4,10,10,"10","williams","mercedes",1,0,false
1084,2023,5,1,1,"1","red-bull","honda-rbpt",224,0,false
1084,2023,5,2,2,"2","aston-martin","mercedes",102,0,false
1084,2023,5,3,3,"3","mercedes","mercedes",96,0,false
1084,2023,5,4,4,"4","ferrari","ferrari",78,0,false
1084,2023,5,5,5,"5","mclaren","mercedes",14,0,false
1084,2023,5,6,6,"6","alpine","renault",14,0,false
1084,2023,5,7,7,"7","haas","ferrari",8,0,false
1084,2023,5,8,8,"8","alfa-romeo","ferrari",6,0,false
1084,2023,5,9,9,"9","alphatauri","honda-rbpt",2,0,false
1084,2023,5,10,10,"10","williams","mercedes",1,0,false
1085,2023,6,1,1,"1","red-bull","honda-rbpt",249,0,false
1085,2023,6,2,2,"2","aston-martin","mercedes",120,0,false
1085,2023,6,3,3,"3","mercedes","mercedes",119,0,false
1085,2023,6,4,4,"4","ferrari","ferrari",90,0,false
1085,2023,6,5,5,"5","alpine","renault",35,1,false
1085,2023,6,6,6,"6","mclaren","mercedes",17,-1,false
1085,2023,6,7,7,"7","haas","ferrari",8,0,false
1085,2023,6,8,8,"8","alfa-romeo","ferrari",6,0,false
1085,2023,6,9,9,"9","alphatauri","honda-rbpt",2,0,false
1085,2023,6,10,10,"10","williams","mercedes",1,0,false
1086,2023,7,1,1,"1","red-bull","honda-rbpt",287,0,false
1086,2023,7,2,2,"2","mercedes","mercedes",152,1,false
1086,2023,7,3,3,"3","aston-martin","mercedes",134,-1,false
1086,2023,7,4,4,"4","ferrari","ferrari",100,0,false
1086,2023,7,5,5,"5","alpine","renault",40,0,false
1086,2023,7,6,6,"6","mclaren","mercedes",17,0,false
1086,2023,7,7,7,"7","haas","ferrari",8,0,false
1086,2023,7,8,8,"8","alfa-romeo","ferrari",8,0,false
1086,2023,7,9,9,"9","alphatauri","honda-rbpt",2,0,false
1086,2023,7,10,10,"10","williams","mercedes",1,0,false
1087,2023,8,1,1,"1","red-bull","honda-rbpt",321,0,false
1087,2023,8,2,2,"2","mercedes","mercedes",167,0,false
1087,2023,8,3,3,"3","aston-martin","mercedes",154,0,false
1087,2023,8,4,4,"4","ferrari","ferrari",122,0,false
1087,2023,8,5,5,"5","alpine","renault",44,0,false
1087,2023,8,6,6,"6","mclaren","mercedes",17,0,false
1087,2023,8,7,7,"7","alfa-romeo","ferrari",9,1,false
1087,2023,8,8,8,"8","haas","ferrari",8,-1,false
1087,2023,8,9,9,"9","williams","mercedes",7,1,false
1087,2023,8,10,10,"10","alphatauri","honda-rbpt",2,-1,false
1088,2023,9,1,1,"1","red-bull","honda-rbpt",377,0,false
1088,2023,9,2,2,"2","mercedes","mercedes",178,0,false
1088,2023,9,3,3,"3","aston-martin","mercedes",175,0,false
1088,2023,9,4,4,"4","ferrari","ferrari",154,0,false
1088,2023,9,5,5,"5","alpine","renault",47,0,false
1088,2023,9,6,6,"6","mclaren","mercedes",29,0,false
1088,2023,9,7,7,"7","haas","ferrari",11,1,false
1088,2023,9,8,8,"8","alfa-romeo","ferrari",9,-1,false
1088,2023,9,9,9,"9","williams","mercedes",7,0,false
1088,2023,9,10,10,"10","alphatauri","honda-rbpt",2,0,false
1089,2023,10,1,1,"1","red-bull","honda-rbpt",411,0,false
1089,2023,10,2,2,"2","mercedes","mercedes",203,0,false
1089,2023,10,3,3,"3","aston-martin","mercedes",181,0,false
1089,2023,10,4,4,"4","ferrari","ferrari",157,0,false
1089,2023,10,5,5,"5","mclaren","mercedes",59,1,false
1089,2023,10,6,6,"6","alpine","renault",47,-1,false
1089,2023,10,7,7,"7","williams","mercedes",11,2,false
1089,2023,10,8,8,"8","haas","ferrari",11,-1,false
1089,2023,10,9,9,"9","alfa-romeo","ferrari",9,-1,false
1089,2023,10,10,10,"10","alphatauri","honda-rbpt",2,0,false
1090,2023,11,1,1,"1","red-bull","honda-rbpt",452,0,false
1090,2023,11,2,2,"2","mercedes","mercedes",223,0,false
1090,2023,11,3,3,"3","aston-martin","mercedes",184,0,false
1090,2023,11,4,4,"4","ferrari","ferrari",167,0,false
1090,2023,11,5,5,"5","mclaren","mercedes",87,0,false
1090,2023,11,6,6,"6","alpine","renault",47,0,false
1090,2023,11,7,7,"7","williams","mercedes",11,0,false
1090,2023,11,8,8,"8","haas","ferrari",11,0,false
1090,2023,11,9,9,"9","alfa-romeo","ferrari",9,0,false
1090,2023,11,10,10,"10","alphatauri","honda-rbpt",2,0,false
1091,2023,12,1,1,"1","red-bull","honda-rbpt",503,0,false
1091,2023,12,2,2,"2","mercedes","mercedes",247,0,false
1091,2023,12,3,3,"3","aston-martin","mercedes",196,0,false
1091,2023,12,4,4,"4","ferrari","ferrari",191,0,false
1091,2023,12,5,5,"5","mclaren","mercedes",103,0,false
1091,2023,12,6,6,"6","alpine","renault",57,0,false
1091,2023,12,7,7,"7","williams","mercedes",11,0,false
1091,2023,12,8,8,"8","haas","ferrari",11,0,false
1091,2023,12,9,9,"9","alfa-romeo","ferrari",9,0,false
1091,2023,12,10,10,"10","alphatauri","honda-rbpt",3,0,false
1092,2023,13,1,1,"1","red-bull","honda-rbpt",540,0,false
1092,2023,13,2,2,"2","mercedes","mercedes",255,0,false
1092,2023,13,3,3,"3","aston-martin","mercedes",215,0,false
1092,2023,13,4,4,"4","ferrari","ferrari",201,0,false
1092,2023,13,5,5,"5","mclaren","mercedes",111,0,false
1092,2023,13,6,6,"6","alpine","renault",73,0,false
1092,2023,13,7,7,"7","williams","mercedes",15,0,false
1092,2023,13,8,8,"8","haas","ferrari",11,0,false
1092,2023,13,9,9,"9","alfa-romeo","ferrari",9,0,false
1092,2023,13,10,10,"10","alphatauri","honda-rbpt",3,0,false
1093,2023,14,1,1,"1","red-bull","honda-rbpt",583,0,false
1093,2023,14,2,2,"2","mercedes","mercedes",273,0,false
1093,2023,14,3,3,"3","ferrari","ferrari",228,1,false
1093,2023,14,4,4,"4","aston-martin","mercedes",217,-1,false
1093,2023,14,5,5,"5","mclaren","mercedes",115,0,false
1093,2023,14,6,6,"6","alpine","renault",73,0,false
1093,2023,14,7,7,"7","williams","mercedes",21,0,false
1093,2023,14,8,8,"8","haas","ferrari",11,0,false
1093,2023,14,9,9,"9","alfa-romeo","ferrari",10,0,false
1093,2023,14,10,10,"10","alphatauri","honda-rbpt",3,0,false
1094,2023,15,1,1,"1","red-bull","honda-rbpt",597,0,false
1094,2023,15,2,2,"2","mercedes","mercedes",289,0,false
1094,2023,15,3,3,"3","ferrari","ferrari",265,0,false
1094,2023,15,4,4,"4","aston-martin","mercedes",217,0,false
1094,2023,15,5,5,"5","mclaren","mercedes",139,0,false
1094,2023,15,6,6,"6","alpine","renault",81,0,false
1094,2023,15,7,7,"7","williams","mercedes",21,0,false
1094,2023,15,8,8,"8","haas","ferrari",12,0,false
1094,2023,15,9,9,"9","alfa-romeo","ferrari",10,0,false
1094,2023,15,10,10,"10","alphatauri","honda-rbpt",5,0,false
1095,2023,16,1,1,"1","red-bull","honda-rbpt",623,0,true
1095,2023,16,2,2,"2","mercedes","mercedes",305,0,false
1095,2023,16,3,3,"3","ferrari","ferrari",285,0,false
1095,2023,16,4,4,"4","aston-martin","mercedes",221,0,false
1095,2023,16,5,5,"5","mclaren","mercedes",172,0,false
1095,2023,16,6,6,"6","alpine","renault",84,0,false
1095,2023,16,7,7,"7","williams","mercedes",21,0,false
1095,2023,16,8,8,"8","haas","ferrari",12,0,false
1095,2023,16,9,9,"9","alfa-romeo","ferrari",10,0,false
1095,2023,16,10,10,"10","alphatauri","honda-rbpt",5,0,false
1096,2023,17,1,1,"1","red-bull","honda-rbpt",657,0,true
1096,2023,17,2,2,"2","mercedes","mercedes",326,0,false
1096,2023,17,3,3,"3","ferrari","ferrari",298,0,false
1096,2023,17,4,4,"4","aston-martin","mercedes",230,0,false
1096,2023,17,5,5,"5","mclaren","mercedes",219,0,false
1096,2023,17,6,6,"6","alpine","renault",90,0,false
1096,2023,17,7,7,"7","williams","mercedes",23,0,false
1096,2023,17,8,8,"8","alfa-romeo","ferrari",16,1,false
1096,2023,17,9,9,"9","haas","ferrari",12,-1,false
1096,2023,17,10,10,"10","alphatauri","honda-rbpt",5,0,false
1097,2023,18,1,1,"1","red-bull","honda-rbpt",706,0,true
1097,2023,18,2,2,"2","mercedes","mercedes",344,0,false
1097,2023,18,3,3,"3","ferrari","ferrari",322,0,false
1097,2023,18,4,4,"4","mclaren","mercedes",242,1,false
1097,2023,18,5,5,"5","aston-martin","mercedes",236,-1,false
1097,2023,18,6,6,"6","alpine","renault",100,0,false
1097,2023,18,7,7,"7","williams","mercedes",26,0,false
1097,2023,18,8,8,"8","alfa-romeo","ferrari",16,0,false
1097,2023,18,9,9,"9","haas","ferrari",12,0,false
1097,2023,18,10,10,"10","alphatauri","honda-rbpt",10,0,false
1098,2023,19,1,1,"1","red-bull","honda-rbpt",731,0,true
1098,2023,19,2,2,"2","mercedes","mercedes",371,0,false
1098,2023,19,3,3,"3","ferrari","ferrari",349,0,false
1098,2023,19,4,4,"4","mclaren","mercedes",256,0,false
1098,2023,19,5,5,"5","aston-martin","mercedes",236,0,false
1098,2023,19,6,6,"6","alpine","renault",101,0,false
1098,2023,19,7,7,"7","williams","mercedes",28,0,false
1098,2023,19,8,8,"8","alphatauri","honda-rbpt",16,2,false
1098,2023,19,9,9,"9","alfa-romeo","ferrari",16,-1,false
1098,2023,19,10,10,"10","haas","ferrari",12,-1,false
1099,2023,20,1,1,"1","red-bull","honda-rbpt",782,0,true
1099,2023,20,2,2,"2","mercedes","mercedes",382,0,false
1099,2023,20,3,3,"3","ferrari","ferrari",362,0,false
1099,2023,20,4,4,"4","mclaren","mercedes",282,0,false
1099,2023,20,5,5,"5","aston-martin","mercedes",261,0,false
1099,2023,20,6,6,"6","alpine","renault",108,0,false
1099,2023,20,7,7,"7","williams","mercedes",28,0,false
1099,2023,20,8,8,"8","alphatauri","honda-rbpt",21,0,false
1099,2023,20,9,9,"9","alfa-romeo","ferrari",16,0,false
1099,2023,20,10,10,"10","haas","ferrari",12,0,false
1100,2023,21,1,1,"1","red-bull","honda-rbpt",822,0,true
1100,2023,21,2,2,"2","mercedes","mercedes",392,0,false
1100,2023,21,3,3,"3","ferrari","ferrari",388,0,false
1100,2023,21,4,4,"4","mclaren","mercedes",284,0,false
1100,2023,21,5,5,"5","aston-martin","mercedes",273,0,false
1100,2023,21,6,6,"6","alpine","renault",120,0,false
1100,2023,21,7,7,"7","williams","mercedes",28,0,false
1100,2023,21,8,8,"8","alphatauri","honda-rbpt",21,0,false
1100,2023,21,9,9,"9","alfa-romeo","ferrari",16,0,false
1100,2023,21,10,10,"10","haas","ferrari",12,0,false
1101,2023,22,1,1,"1","red-bull","honda-rbpt",860,0,true
1101,2023,22,2,2,"2","mercedes","mercedes",409,0,false
1101,2023,22,3,3,"3","ferrari","ferrari",406,0,false
1101,2023,22,4,4,"4","mclaren","mercedes",302,0,false
1101,2023,22,5,5,"5","aston-martin","mercedes",280,0,false
1101,2023,22,6,6,"6","alpine","renault",120,0,false
1101,2023,22,7,7,"7","williams","mercedes",28,0,false
1101,2023,22,8,8,"8","alphatauri","honda-rbpt",25,0,false
1101,2023,22,9,9,"9","alfa-romeo","ferrari",16,0,false
1101,2023,22,10,10,"10","haas","ferrari",12,0,false
1102,2024,1,1,1,"1","red-bull","honda-rbpt",44,,false
1102,2024,1,2,2,"2","ferrari","ferrari",27,,false
1102,2024,1,3,3,"3","mercedes","mercedes",16,,false
1102,2024,1,4,4,"4","mclaren","mercedes",12,,false
1102,2024,1,5,5,"5","aston-martin","mercedes",3,,false
1102,2024,1,6,6,"6","kick-sauber","ferrari",0,,false
1102,2024,1,7,7,"7","haas","ferrari",0,,false
1102,2024,1,8,8,"8","rb","honda-rbpt",0,,false
1102,2024,1,9,9,"9","williams","mercedes",0,,false
1102,2024,1,10,10,"10","alpine","renault",0,,false
1103,2024,2,1,1,"1","red-bull","honda-rbpt",87,0,false
1103,2024,2,2,2,"2","ferrari","ferrari",49,0,false
1103,2024,2,3,3,"3","mclaren","mercedes",28,1,false
1103,2024,2,4,4,"4","mercedes","mercedes",26,-1,false
1103,2024,2,5,5,"5","aston-martin","mercedes",13,0,false
1103,2024,2,6,6,"6","haas","ferrari",1,1,false
1103,2024,2,7,7,"7","williams","mercedes",0,2,false
1103,2024,2,8,8,"8","kick-sauber","ferrari",0,-2,false
1103,2024,2,9,9,"9","rb","honda-rbpt",0,-1,false
1103,2024,2,10,10,"10","alpine","renault",0,0,false
1104,2024,3,1,1,"1","red-bull","honda-rbpt",97,0,false
1104,2024,3,2,2,"2","ferrari","ferrari",93,0,false
1104,2024,3,3,3,"3","mclaren","mercedes",55,0,false
1104,2024,3,4,4,"4","mercedes","mercedes",26,0,false
1104,2024,3,5,5,"5","aston-martin","mercedes",25,0,false
1104,2024,3,6,6,"6","rb","honda-rbpt",6,3,false
1104,2024,3,7,7,"7","haas","ferrari",4,-1,false
1104,2024,3,8,8,"8","williams","mercedes",0,-1,false
1104,2024,3,9,9,"9","kick-sauber","ferrari",0,-1,false
1104,2024,3,10,10,"10","alpine","renault",0,0,false
1105,2024,4,1,1,"1","red-bull","honda-rbpt",141,0,false
1105,2024,4,2,2,"2","ferrari","ferrari",120,0,false
1105,2024,4,3,3,"3","mclaren","mercedes",69,0,false
1105,2024,4,4,4,"4","mercedes","mercedes",34,0,false
1105,2024,4,5,5,"5","aston-martin","mercedes",33,0,false
1105,2024,4,6,6,"6","rb","honda-rbpt",7,0,false
1105,2024,4,7,7,"7","haas","ferrari",4,0,false
1105,2024,4,8,8,"8","williams","mercedes",0,0,false
1105,2024,4,9,9,"9","kick-sauber","ferrari",0,0,false
1105,2024,4,10,10,"10","alpine","renault",0,0,false
1106,2024,5,1,1,"1","red-bull","honda-rbpt",195,0,false
1106,2024,5,2,2,"2","ferrari","ferrari",151,0,false
1106,2024,5,3,3,"3","mclaren","mercedes",96,0,false
1106,2024,5,4,4,"4","mercedes","mercedes",52,0,false
1106,2024,5,5,5,"5","aston-martin","mercedes",40,0,false
1106,2024,5,6,6,"6","rb","honda-rbpt",7,0,false
1106,2024,5,7,7,"7","haas","ferrari",5,0,false
1106,2024,5,8,8,"8","williams","mercedes",0,0,false
1106,2024,5,9,9,"9","alpine","renault",0,1,false
1106,2024,5,10,10,"10","kick-sauber","ferrari",0,-1,false
1107,2024,6,1,1,"1","red-bull","honda-rbpt",239,0,false
1107,2024,6,2,2,"2","ferrari","ferrari",187,0,false
1107,2024,6,3,3,"3","mclaren","mercedes",124,0,false
1107,2024,6,4,4,"4","mercedes","mercedes",64,0,false
1107,2024,6,5,5,"5","aston-martin","mercedes",42,0,false
1107,2024,6,6,6,"6","rb","honda-rbpt",19,0,false
1107,2024,6,7,7,"7","haas","ferrari",7,0,false
1107,2024,6,8,8,"8","alpine","renault",1,1,false
1107,2024,6,9,9,"9","williams","mercedes",0,-1,false
1107,2024,6,10,10,"10","kick-sauber","ferrari",0,0,false
1108,2024,7,1,1,"1","red-bull","honda-rbpt",268,0,false
1108,2024,7,2,2,"2","ferrari","ferrari",212,0,false
1108,2024,7,3,3,"3","mclaren","mercedes",154,0,false
1108,2024,7,4,4,"4","mercedes","mercedes",79,0,false
1108,2024,7,5,5,"5","aston-martin","mercedes",44,0,false
1108,2024,7,6,6,"6","rb","honda-rbpt",20,0,false
1108,2024,7,7,7,"7","haas","ferrari",7,0,false
1108,2024,7,8,8,"8","alpine","renault",1,0,false
1108,2024,7,9,9,"9","williams","mercedes",0,0,false
1108,2024,7,10,10,"10","kick-sauber","ferrari",0,0,false
1109,2024,8,1,1,"1","red-bull","honda-rbpt",276,0,false
1109,2024,8,2,2,"2","ferrari","ferrari",252,0,false
1109,2024,8,3,3,"3","mclaren","mercedes",184,0,false
1109,2024,8,4,4,"4","mercedes","mercedes",96,0,false
1109,2024,8,5,5,"5","aston-martin","mercedes",44,0,false
1109,2024,8,6,6,"6","rb","honda-rbpt",24,0,false
1109,2024,8,7,7,"7","haas","ferrari",7,0,false
1109,2024,8,8,8,"8","williams","mercedes",2,1,false
1109,2024,8,9,9,"9","alpine","renault",2,-1,false
1109,2024,8,10,10,"10","kick-sauber","ferrari",0,0,false
1110,2024,9,1,1,"1","red-bull","honda-rbpt",301,0,false
1110,2024,9,2,2,"2","ferrari","ferrari",252,0,false
1110,2024,9,3,3,"3","mclaren","mercedes",212,0,false
1110,2024,9,4,4,"4","mercedes","mercedes",124,0,false
1110,2024,9,5,5,"5","aston-martin","mercedes",58,0,false
1110,2024,9,6,6,"6","rb","honda-rbpt",28,0,false
1110,2024,9,7,7,"7","haas","ferrari",7,0,false
1110,2024,9,8,8,"8","alpine","renault",5,1,false
1110,2024,9,9,9,"9","williams","mercedes",2,-1,false
1110,2024,9,10,10,"10","kick-sauber","ferrari",0,0,false
1111,2024,10,1,1,"1","red-bull","honda-rbpt",330,0,false
1111,2024,10,2,2,"2","ferrari","ferrari",270,0,false
1111,2024,10,3,3,"3","mclaren","mercedes",237,0,false
1111,2024,10,4,4,"4","mercedes","mercedes",151,0,false
1111,2024,10,5,5,"5","aston-martin","mercedes",58,0,false
1111,2024,10,6,6,"6","rb","honda-rbpt",28,0,false
1111,2024,10,7,7,"7","alpine","renault",8,1,false
1111,2024,10,8,8,"8","haas","ferrari",7,-1,false
1111,2024,10,9,9,"9","williams","mercedes",2,0,false
1111,2024,10,10,10,"10","kick-sauber","ferrari",0,0,false
1112,2024,11,1,1,"1","red-bull","honda-rbpt",355,0,false
1112,2024,11,2,2,"2","ferrari","ferrari",291,0,false
1112,2024,11,3,3,"3","mclaren","mercedes",268,0,false
1112,2024,11,4,4,"4","mercedes","mercedes",196,0,false
1112,2024,11,5,5,"5","aston-martin","mercedes",58,0,false
1112,2024,11,6,6,"6","rb","honda-rbpt",30,0,false
1112,2024,11,7,7,"7","haas","ferrari",19,1,false
1112,2024,11,8,8,"8","alpine","renault",9,-1,false
1112,2024,11,9,9,"9","williams","mercedes",2,0,false
1112,2024,11,10,10,"10","kick-sauber","ferrari",0,0,false
1113,2024,12,1,1,"1","red-bull","honda-rbpt",373,0,false
1113,2024,12,2,2,"2","ferrari","ferrari",302,0,false
1113,2024,12,3,3,"3","mclaren","mercedes",295,0,false
1113,2024,12,4,4,"4","mercedes","mercedes",221,0,false
1113,2024,12,5,5,"5","aston-martin","mercedes",68,0,false
1113,2024,12,6,6,"6","rb","honda-rbpt",31,0,false
1113,2024,12,7,7,"7","haas","ferrari",27,0,false
1113,2024,12,8,8,"8","alpine","renault",9,0,false
1113,2024,12,9,9,"9","williams","mercedes",4,0,false
1113,2024,12,10,10,"10","kick-sauber","ferrari",0,0,false
1114,2024,13,1,1,"1","red-bull","honda-rbpt",389,0,false
1114,2024,13,2,2,"2","mclaren","mercedes",338,1,false
1114,2024,13,3,3,"3","ferrari","ferrari",322,-1,false
1114,2024,13,4,4,"4","mercedes","mercedes",241,0,false
1114,2024,13,5,5,"5","aston-martin","mercedes",69,0,false
1114,2024,13,6,6,"6","rb","honda-rbpt",33,0,false
1114,2024,13,7,7,"7","haas","ferrari",27,0,false
1114,2024,13,8,8,"8","alpine","renault",9,0,false
1114,2024,13,9,9,"9","williams","mercedes",4,0,false
1114,2024,13,10,10,"10","kick-sauber","ferrari",0,0,false
1115,2024,14,1,1,"1","red-bull","honda-rbpt",408,0,false
1115,2024,14,2,2,"2","mclaren","mercedes",366,0,false
1115,2024,14,3,3,"3","ferrari","ferrari",345,0,false
1115,2024,14,4,4,"4","mercedes","mercedes",266,0,false
1115,2024,14,5,5,"5","aston-martin","mercedes",73,0,false
1115,2024,14,6,6,"6","rb","honda-rbpt",34,0,false
1115,2024,14,7,7,"7","haas","ferrari",27,0,false
1115,2024,14,8,8,"8","alpine","renault",11,0,false
1115,2024,14,9,9,"9","williams","mercedes",4,0,false
1115,2024,14,10,10,"10","kick-sauber","ferrari",0,0,false
1116,2024,15,1,1,"1","red-bull","honda-rbpt",434,0,false
1116,2024,15,2,2,"2","mclaren","mercedes",404,0,false
1116,2024,15,3,3,"3","ferrari","ferrari",370,0,false
1116,2024,15,4,4,"4","mercedes","mercedes",276,0,false
1116,2024,15,5,5,"5","aston-martin","mercedes",74,0,false
1116,2024,15,6,6,"6","rb","honda-rbpt",34,0,false
1116,2024,15,7,7,"7","haas","ferrari",27,0,false
1116,2024,15,8,8,"8","alpine","renault",13,0,false
1116,2024,15,9,9,"9","williams","mercedes",4,0,false
1116,2024,15,10,10,"10","kick-sauber","ferrari",0,0,false
1117,2024,16,1,1,"1","red-bull","honda-rbpt",446,0,false
1117,2024,16,2,2,"2","mclaren","mercedes",438,0,false
1117,2024,16,3,3,"3","ferrari","ferrari",407,0,false
1117,2024,16,4,4,"4","mercedes","mercedes",292,0,false
1117,2024,16,5,5,"5","aston-martin","mercedes",74,0,false
1117,2024,16,6,6,"6","rb","honda-rbpt",34,0,false
1117,2024,16,7,7,"7","haas","ferrari",28,0,false
1117,2024,16,8,8,"8","alpine","renault",13,0,false
1117,2024,16,9,9,"9","williams","mercedes",6,0,false
1117,2024,16,10,10,"10","kick-sauber","ferrari",0,0,false
1118,2024,17,1,1,"1","mclaren","mercedes",476,1,false
1118,2024,17,2,2,"2","red-bull","honda-rbpt",456,-1,false
1118,2024,17,3,3,"3","ferrari","ferrari",425,0,false
1118,2024,17,4,4,"4","mercedes","mercedes",309,0,false
1118,2024,17,5,5,"5","aston-martin","mercedes",82,0,false
1118,2024,17,6,6,"6","rb","honda-rbpt",34,0,false
1118,2024,17,7,7,"7","haas","ferrari",29,0,false
1118,2024,17,8,8,"8","williams","mercedes",16,1,false
1118,2024,17,9,9,"9","alpine","renault",13,-1,false
1118,2024,17,10,10,"10","kick-sauber","ferrari",0,0,false
1119,2024,18,1,1,"1","mclaren","mercedes",516,0,false
1119,2024,18,2,2,"2","red-bull","honda-rbpt",475,0,false
1119,2024,18,3,3,"3","ferrari","ferrari",441,0,false
1119,2024,18,4,4,"4","mercedes","mercedes",329,0,false
1119,2024,18,5,5,"5","aston-martin","mercedes",86,0,false
1119,2024,18,6,6,"6","rb","honda-rbpt",34,0,false
1119,2024,18,7,7,"7","haas","ferrari",31,0,false
1119,2024,18,8,8,"8","williams","mercedes",16,0,false
1119,2024,18,9,9,"9","alpine","renault",13,0,false
1119,2024,18,10,10,"10","kick-sauber","ferrari",0,0,false
1120,2024,19,1,1,"1","mclaren","mercedes",544,0,false
1120,2024,19,2,2,"2","red-bull","honda-rbpt",504,0,false
1120,2024,19,3,3,"3","ferrari","ferrari",496,0,false
1120,2024,19,4,4,"4","mercedes","mercedes",344,0,false
1120,2024,19,5,5,"5","aston-martin","mercedes",86,0,false
1120,2024,19,6,6,"6","haas","ferrari",38,1,false
1120,2024,19,7,7,"7","rb","honda-rbpt",36,-1,false
1120,2024,19,8,8,"8","williams","mercedes",17,0,false
1120,2024,19,9,9,"9","alpine","renault",13,0,false
1120,2024,19,10,10,"10","kick-sauber","ferrari",0,0,false
1121,2024,20,1,1,"1","mclaren","mercedes",566,0,false
1121,2024,20,2,2,"2","ferrari","ferrari",537,1,false
1121,2024,20,3,3,"3","red-bull","honda-rbpt",512,-1,false
1121,2024,20,4,4,"4","mercedes","mercedes",366,0,false
1121,2024,20,5,5,"5","aston-martin","mercedes",86,0,false
1121,2024,20,6,6,"6","haas","ferrari",46,0,false
1121,2024,20,7,7,"7","rb","honda-rbpt",36,0,false
1121,2024,20,8,8,"8","williams","mercedes",17,0,false
1121,2024,20,9,9,"9","alpine","renault",14,0,false
1121,2024,20,10,10,"10","kick-sauber","ferrari",0,0,false
1122,2024,21,1,1,"1","mclaren","mercedes",593,0,false
1122,2024,21,2,2,"2","ferrari","ferrari",557,0,false
1122,2024,21,3,3,"3","red-bull","honda-rbpt",544,0,false
1122,2024,21,4,4,"4","mercedes","mercedes",382,0,false
1122,2024,21,5,5,"5","aston-martin","mercedes",86,0,false
1122,2024,21,6,6,"6","alpine","renault",49,3,false
1122,2024,21,7,7,"7","haas","ferrari",46,-1,false
1122,2024,21,8,8,"8","rb","honda-rbpt",44,-1,false
1122,2024,21,9,9,"9","williams","mercedes",17,-1,false
1122,2024,21,10,10,"10","kick-sauber","ferrari",0,0,false
1123,2024,22,1,1,"1","mclaren","mercedes",608,0,false
1123,2024,22,2,2,"2","ferrari","ferrari",584,0,false
1123,2024,22,3,3,"3","red-bull","honda-rbpt",555,0,false
1123,2024,22,4,4,"4","mercedes","mercedes",425,0,false
1123,2024,22,5,5,"5","aston-martin","mercedes",86,0,false
1123,2024,22,6,6,"6","haas","ferrari",50,1,false
1123,2024,22,7,7,"7","alpine","renault",49,-1,false
1123,2024,22,8,8,"8","rb","honda-rbpt",46,0,false
1123,2024,22,9,9,"9","williams","mercedes",17,0,false
1123,2024,22,10,10,"10","kick-sauber","ferrari",0,0,false
1124,2024,23,1,1,"1","mclaren","mercedes",640,0,false
1124,2024,23,2,2,"2","ferrari","ferrari",619,0,false
1124,2024,23,3,3,"3","red-bull","honda-rbpt",581,0,false
1124,2024,23,4,4,"4","mercedes","mercedes",446,0,false
1124,2024,23,5,5,"5","aston-martin","mercedes",92,0,false
1124,2024,23,6,6,"6","alpine","renault",59,1,false
1124,2024,23,7,7,"7","haas","ferrari",54,-1,false
1124,2024,23,8,8,"8","rb","honda-rbpt",46,0,false
1124,2024,23,9,9,"9","williams","mercedes",17,0,false
1124,2024,23,10,10,"10","kick-sauber","ferrari",4,0,false
1125,2024,24,1,1,"1","mclaren","mercedes",666,0,true
1125,2024,24,2,2,"2","ferrari","ferrari",652,0,false
1125,2024,24,3,3,"3","red-bull","honda-rbpt",589,0,false
1125,2024,24,4,4,"4","mercedes","mercedes",468,0,false
1125,2024,24,5,5,"5","aston-martin","mercedes",94,0,false
1125,2024,24,6,6,"6","alpine","renault",65,0,false
1125,2024,24,7,7,"7","haas","ferrari",58,0,false
1125,2024,24,8,8,"8","rb","honda-rbpt",46,0,false
1125,2024,24,9,9,"9","williams","mercedes",17,0,false
1125,2024,24,10,10,"10","kick-sauber","ferrari",4,0,false
1126,2025,1,1,1,"1","mclaren","mercedes",27,,false
1126,2025,1,2,2,"2","mercedes","mercedes",27,,false
1126,2025,1,3,3,"3","red-bull","honda-rbpt",18,,false
1126,2025,1,4,4,"4","williams","mercedes",10,,false
1126,2025,1,5,5,"5","aston-martin","mercedes",8,,false
1126,2025,1,6,6,"6","kick-sauber","ferrari",6,,false
1126,2025,1,7,7,"7","ferrari","ferrari",5,,false
1126,2025,1,8,8,"8","alpine","renault",0,,false
1126,2025,1,9,9,"9","racing-bulls","honda-rbpt",0,,false
1126,2025,1,10,10,"10","haas","ferrari",0,,false
1127,2025,2,1,1,"1","mclaren","mercedes",78,0,false
1127,2025,2,2,2,"2","mercedes","mercedes",57,0,false
1127,2025,2,3,3,"3","red-bull","honda-rbpt",36,0,false
1127,2025,2,4,4,"4","williams","mercedes",17,0,false
1127,2025,2,5,5,"5","ferrari","ferrari",17,2,false
1127,2025,2,6,6,"6","haas","ferrari",14,4,false
1127,2025,2,7,7,"7","aston-martin","mercedes",10,-2,false
1127,2025,2,8,8,"8","kick-sauber","ferrari",6,-2,false
1127,2025,2,9,9,"9","racing-bulls","honda-rbpt",3,0,false
1127,2025,2,10,10,"10","alpine","renault",0,-2,false
1128,2025,3,1,1,"1","mclaren","mercedes",111,0,false
1128,2025,3,2,2,"2","mercedes","mercedes",75,0,false
1128,2025,3,3,3,"3","red-bull","honda-rbpt",61,0,false
1128,2025,3,4,4,"4","ferrari","ferrari",35,1,false
1128,2025,3,5,5,"5","williams","mercedes",19,-1,false
1128,2025,3,6,6,"6","haas","ferrari",15,0,false
1128,2025,3,7,7,"7","aston-martin","mercedes",10,0,false
1128,2025,3,8,8,"8","racing-bulls","honda-rbpt",7,1,false
1128,2025,3,9,9,"9","kick-sauber","ferrari",6,-1,false
1128,2025,3,10,10,"10","alpine","renault",0,0,false
1129,2025,4,1,1,"1","mclaren","mercedes",151,0,false
1129,2025,4,2,2,"2","mercedes","mercedes",93,0,false
1129,2025,4,3,3,"3","red-bull","honda-rbpt",71,0,false
1129,2025,4,4,4,"4","ferrari","ferrari",57,0,false
1129,2025,4,5,5,"5","haas","ferrari",20,1,false
1129,2025,4,6,6,"6","williams","mercedes",19,-1,false
1129,2025,4,7,7,"7","aston-martin","mercedes",10,0,false
1129,2025,4,8,8,"8","racing-bulls","honda-rbpt",7,0,false
1129,2025,4,9,9,"9","alpine","renault",6,1,false
1129,2025,4,10,10,"10","kick-sauber","ferrari",6,-1,false
1130,2025,5,1,1,"1","mclaren","mercedes",188,0,false
1130,2025,5,2,2,"2","mercedes","mercedes",111,0,false
1130,2025,5,3,3,"3","red-bull","honda-rbpt",89,0,false
1130,2025,5,4,4,"4","ferrari","ferrari",78,0,false
1130,2025,5,5,5,"5","williams","mercedes",25,1,false
1130,2025,5,6,6,"6","haas","ferrari",20,-1,false
1130,2025,5,7,7,"7","aston-martin","mercedes",10,0,false
1130,2025,5,8,8,"8","racing-bulls","honda-rbpt",8,0,false
1130,2025,5,9,9,"9","alpine","renault",6,0,false
1130,2025,5,10,10,"10","kick-sauber","ferrari",6,0,false
1131,2025,6,1,1,"1","mclaren","mercedes",246,0,false
1131,2025,6,2,2,"2","mercedes","mercedes",141,0,false
1131,2025,6,3,3,"3","red-bull","honda-rbpt",105,0,false
1131,2025,6,4,4,"4","ferrari","ferrari",94,0,false
1131,2025,6,5,5,"5","williams","mercedes",37,0,false
1131,2025,6,6,6,"6","haas","ferrari",20,0,false
1131,2025,6,7,7,"7","aston-martin","mercedes",14,0,false
1131,2025,6,8,8,"8","racing-bulls","honda-rbpt",8,0,false
1131,2025,6,9,9,"9","alpine","renault",7,0,false
1131,2025,6,10,10,"10","kick-sauber","ferrari",6,0,false
1132,2025,7,1,1,"1","mclaren","mercedes",279,0,false
1132,2025,7,2,2,"2","mercedes","mercedes",147,0,false
1132,2025,7,3,3,"3","red-bull","honda-rbpt",131,0,false
1132,2025,7,4,4,"4","ferrari","ferrari",114,0,false
1132,2025,7,5,5,"5","williams","mercedes",51,0,false
1132,2025,7,6,6,"6","haas","ferrari",20,0,false
1132,2025,7,7,7,"7","aston-martin","mercedes",14,0,false
1132,2025,7,8,8,"8","racing-bulls","honda-rbpt",10,0,false
1132,2025,7,9,9,"9","alpine","renault",7,0,false
1132,2025,7,10,10,"10","kick-sauber","ferrari",6,0,false
1133,2025,8,1,1,"1","mclaren","mercedes",319,0,false
1133,2025,8,2,2,"2","mercedes","mercedes",147,0,false
1133,2025,8,3,3,"3","red-bull","honda-rbpt",143,0,false
1133,2025,8,4,4,"4","ferrari","ferrari",142,0,false
1133,2025,8,5,5,"5","williams","mercedes",54,0,false
1133,2025,8,6,6,"6","haas","ferrari",26,0,false
1133,2025,8,7,7,"7","racing-bulls","honda-rbpt",22,1,false
1133,2025,8,8,8,"8","aston-martin","mercedes",14,-1,false
1133,2025,8,9,9,"9","alpine","renault",7,0,false
1133,2025,8,10,10,"10","kick-sauber","ferrari",6,0,false
1134,2025,9,1,1,"1","mclaren","mercedes",362,0,false
1134,2025,9,2,2,"2","ferrari","ferrari",165,2,false
1134,2025,9,3,3,"3","mercedes","mercedes",159,-1,false
1134,2025,9,4,4,"4","red-bull","honda-rbpt",144,-1,false
1134,2025,9,5,5,"5","williams","mercedes",54,0,false
1134,2025,9,6,6,"6","racing-bulls","honda-rbpt",28,1,false
1134,2025,9,7,7,"7","haas","ferrari",26,-1,false
1134,2025,9,8,8,"8","kick-sauber","ferrari",16,2,false
1134,2025,9,9,9,"9","aston-martin","mercedes",16,-1,false
1134,2025,9,10,10,"10","alpine","renault",11,-1,false
1135,2025,10,1,1,"1","mclaren","mercedes",374,0,false
1135,2025,10,2,2,"2","mercedes","mercedes",199,1,false
1135,2025,10,3,3,"3","ferrari","ferrari",183,-1,false
1135,2025,10,4,4,"4","red-bull","honda-rbpt",162,0,false
1135,2025,10,5,5,"5","williams","mercedes",55,0,false
1135,2025,10,6,6,"6","haas","ferrari",28,1,false
1135,2025,10,7,7,"7","racing-bulls","honda-rbpt",28,-1,false
1135,2025,10,8,8,"8","aston-martin","mercedes",22,1,false
1135,2025,10,9,9,"9","kick-sauber","ferrari",20,-1,false
1135,2025,10,10,10,"10","alpine","renault",11,0,false
1136,2025,11,1,1,"1","mclaren","mercedes",417,0,false
1136,2025,11,2,2,"2","ferrari","ferrari",210,1,false
1136,2025,11,3,3,"3","mercedes","mercedes",209,-1,false
1136,2025,11,4,4,"4","red-bull","honda-rbpt",162,0,false
1136,2025,11,5,5,"5","williams","mercedes",55,0,false
1136,2025,11,6,6,"6","racing-bulls","honda-rbpt",36,1,false
1136,2025,11,7,7,"7","haas","ferrari",29,-1,false
1136,2025,11,8,8,"8","aston-martin","mercedes",28,0,false
1136,2025,11,9,9,"9","kick-sauber","ferrari",26,0,false
1136,2025,11,10,10,"10","alpine","renault",11,0,false
1137,2025,12,1,1,"1","mclaren","mercedes",460,0,false
1137,2025,12,2,2,"2","ferrari","ferrari",222,0,false
1137,2025,12,3,3,"3","mercedes","mercedes",210,0,false
1137,2025,12,4,4,"4","red-bull","honda-rbpt",172,0,false
1137,2025,12,5,5,"5","williams","mercedes",59,0,false
1137,2025,12,6,6,"6","kick-sauber","ferrari",41,3,false
1137,2025,12,7,7,"7","racing-bulls","honda-rbpt",36,-1,false
1137,2025,12,8,8,"8","aston-martin","mercedes",36,0,false
1137,2025,12,9,9,"9","haas","ferrari",29,-2,false
1137,2025,12,10,10,"10","alpine","renault",19,0,false
1138,2025,13,1,1,"1","mclaren","mercedes",516,0,false
1138,2025,13,2,2,"2","ferrari","ferrari",248,0,false
1138,2025,13,3,3,"3","mercedes","mercedes",220,0,false
1138,2025,13,4,4,"4","red-bull","honda-rbpt",192,0,false
1138,2025,13,5,5,"5","williams","mercedes",70,0,false
1138,2025,13,6,6,"6","kick-sauber","ferrari",43,0,false
1138,2025,13,7,7,"7","racing-bulls","honda-rbpt",41,0,false
1138,2025,13,8,8,"8","aston-martin","mercedes",36,0,false
1138,2025,13,9,9,"9","haas","ferrari",35,0,false
1138,2025,13,10,10,"10","alpine","renault",20,0,false
1139,2025,14,1,1,"1","mclaren","mercedes",559,0,false
1139,2025,14,2,2,"2","ferrari","ferrari",260,0,false
1139,2025,14,3,3,"3","mercedes","mercedes",236,0,false
1139,2025,14,4,4,"4","red-bull","honda-rbpt",194,0,false
1139,2025,14,5,5,"5","williams","mercedes",70,0,false
1139,2025,14,6,6,"6","aston-martin","mercedes",52,2,false
1139,2025,14,7,7,"7","kick-sauber","ferrari",51,-1,false
1139,2025,14,8,8,"8","racing-bulls","honda-rbpt",45,-1,false
1139,2025,14,9,9,"9","haas","ferrari",35,0,false
1139,2025,14,10,10,"10","alpine","renault",20,0,false
1140,2025,15,1,1,"1","mclaren","mercedes",584,0,false
1140,2025,15,2,2,"2","ferrari","ferrari",260,0,false
1140,2025,15,3,3,"3","mercedes","mercedes",248,0,false
1140,2025,15,4,4,"4","red-bull","honda-rbpt",214,0,false
1140,2025,15,5,5,"5","williams","mercedes",80,0,false
1140,2025,15,6,6,"6","aston-martin","mercedes",62,0,false
1140,2025,15,7,7,"7","racing-bulls","honda-rbpt",60,1,false
1140,2025,15,8,8,"8","kick-sauber","ferrari",51,-1,false
1140,2025,15,9,9,"9","haas","ferrari",44,0,false
1140,2025,15,10,10,"10","alpine","renault",20,0,false
1141,2025,16,1,1,"1","mclaren","mercedes",617,0,false
1141,2025,16,2,2,"2","ferrari","ferrari",280,0,false
1141,2025,16,3,3,"3","mercedes","mercedes",260,0,false
1141,2025,16,4,4,"4","red-bull","honda-rbpt",239,0,false
1141,2025,16,5,5,"5","williams","mercedes",86,0,false
1141,2025,16,6,6,"6","aston-martin","mercedes",62,0,false
1141,2025,16,7,7,"7","racing-bulls","honda-rbpt",61,0,false
1141,2025,16,8,8,"8","kick-sauber","ferrari",55,0,false
1141,2025,16,9,9,"9","haas","ferrari",44,0,false
1141,2025,16,10,10,"10","alpine","renault",20,0,false
1142,2025,17,1,1,"1","mclaren","mercedes",623,0,false
1142,2025,17,2,2,"2","mercedes","mercedes",290,1,false
1142,2025,17,3,3,"3","ferrari","ferrari",286,-1,false
1142,2025,17,4,4,"4","red-bull","honda-rbpt",272,0,false
1142,2025,17,5,5,"5","williams","mercedes",101,0,false
1142,2025,17,6,6,"6","racing-bulls","honda-rbpt",72,1,false
1142,2025,17,7,7,"7","aston-martin","mercedes",62,-1,false
1142,2025,17,8,8,"8","kick-sauber","ferrari",55,0,false
1142,2025,17,9,9,"9","haas","ferrari",44,0,false
1142,2025,17,10,10,"10","alpine","renault",20,0,false
1143,2025,18,1,1,"1","mclaren","mercedes",650,0,true
1143,2025,18,2,2,"2","mercedes","mercedes",325,0,false
1143,2025,18,3,3,"3","ferrari","ferrari",298,0,false
1143,2025,18,4,4,"4","red-bull","honda-rbpt",290,0,false
1143,2025,18,5,5,"5","williams","mercedes",102,0,false
1143,2025,18,6,6,"6","racing-bulls","honda-rbpt",72,0,false
1143,2025,18,7,7,"7","aston-martin","mercedes",68,0,false
1143,2025,18,8,8,"8","kick-sauber","ferrari",55,0,false
1143,2025,18,9,9,"9","haas","ferrari",46,0,false
1143,2025,18,10,10,"10","alpine","renault",20,0,false
1144,2025,19,1,1,"1","mclaren","mercedes",678,0,true
1144,2025,19,2,2,"2","mercedes","mercedes",341,0,false
1144,2025,19,3,3,"3","ferrari","ferrari",334,0,false
1144,2025,19,4,4,"4","red-bull","honda-rbpt",331,0,false
1144,2025,19,5,5,"5","williams","mercedes",111,0,false
1144,2025,19,6,6,"6","racing-bulls","honda-rbpt",72,0,false
1144,2025,19,7,7,"7","aston-martin","mercedes",69,0,false
1144,2025,19,8,8,"8","kick-sauber","ferrari",59,0,false
1144,2025,19,9,9,"9","haas","ferrari",48,0,false
1144,2025,19,10,10,"10","alpine","renault",20,0,false
1145,2025,20,1,1,"1","mclaren","mercedes",713,0,true
1145,2025,20,2,2,"2","ferrari","ferrari",356,1,false
1145,2025,20,3,3,"3","mercedes","mercedes",355,-1,false
1145,2025,20,4,4,"4","red-bull","honda-rbpt",346,0,false
1145,2025,20,5,5,"5","williams","mercedes",111,0,false
1145,2025,20,6,6,"6","racing-bulls","honda-rbpt",72,0,false
1145,2025,20,7,7,"7","aston-martin","mercedes",69,0,false
1145,2025,20,8,8,"8","haas","ferrari",62,1,false
1145,2025,20,9,9,"9","kick-sauber","ferrari",60,-1,false
1145,2025,20,10,10,"10","alpine","renault",20,0,false
1146,2025,21,1,1,"1","mclaren","mercedes",756,0,true
1146,2025,21,2,2,"2","mercedes","mercedes",398,1,false
1146,2025,21,3,3,"3","red-bull","honda-rbpt",366,1,false
1146,2025,21,4,4,"4","ferrari","ferrari",362,-2,false
1146,2025,21,5,5,"5","williams","mercedes",111,0,false
1146,2025,21,6,6,"6","racing-bulls","honda-rbpt",82,0,false
1146,2025,21,7,7,"7","aston-martin","mercedes",72,0,false
1146,2025,21,8,8,"8","haas","ferrari",70,0,false
1146,2025,21,9,9,"9","kick-sauber","ferrari",62,0,false
1146,2025,21,10,10,"10","alpine","renault",22,0,false
1147,2025,22,1,1,"1","mclaren","mercedes",756,0,true
1147,2025,22,2,2,"2","mercedes","mercedes",431,0,false
1147,2025,22,3,3,"3","red-bull","honda-rbpt",391,0,false
1147,2025,22,4,4,"4","ferrari","ferrari",378,0,false
1147,2025,22,5,5,"5","williams","mercedes",121,0,false
1147,2025,22,6,6,"6","racing-bulls","honda-rbpt",90,0,false
1147,2025,22,7,7,"7","haas","ferrari",73,1,false
1147,2025,22,8,8,"8","aston-martin","mercedes",72,-1,false
1147,2025,22,9,9,"9","kick-sauber","ferrari",68,0,false
1147,2025,22,10,10,"10","alpine","renault",22,0,false
1148,2025,23,1,1,"1","mclaren","mercedes",800,0,true
1148,2025,23,2,2,"2","mercedes","mercedes",459,0,false
1148,2025,23,3,3,"3","red-bull","honda-rbpt",426,0,false
1148,2025,23,4,4,"4","ferrari","ferrari",382,0,false
1148,2025,23,5,5,"5","williams","mercedes",137,0,false
1148,2025,23,6,6,"6","racing-bulls","honda-rbpt",92,0,false
1148,2025,23,7,7,"7","aston-martin","mercedes",80,1,false
1148,2025,23,8,8,"8","haas","ferrari",73,-1,false
1148,2025,23,9,9,"9","kick-sauber","ferrari",68,0,false
1148,2025,23,10,10,"10","alpine","renault",22,0,false
1149,2025,24,1,1,"1","mclaren","mercedes",833,0,true
1149,2025,24,2,2,"2","mercedes","mercedes",469,0,false
1149,2025,24,3,3,"3","red-bull","honda-rbpt",451,0,false
1149,2025,24,4,4,"4","ferrari","ferrari",398,0,false
1149,2025,24,5,5,"5","williams","mercedes",137,0,false
1149,2025,24,6,6,"6","racing-bulls","honda-rbpt",92,0,false
1149,2025,24,7,7,"7","aston-martin","mercedes",89,0,false
1149,2025,24,8,8,"8","haas","ferrari",79,0,false
1149,2025,24,9,9,"9","kick-sauber","ferrari",70,0,false
1149,2025,24,10,10,"10","alpine","renault",22,0,false
1150,2026,1,1,1,"1","mercedes","mercedes",43,,false
1150,2026,1,2,2,"2","ferrari","ferrari",27,,false
1150,2026,1,3,3,"3","mclaren","mercedes",10,,false
1150,2026,1,4,4,"4","red-bull","red-bull-ford",8,,false
1150,2026,1,5,5,"5","haas","ferrari",6,,false
1150,2026,1,6,6,"6","racing-bulls","red-bull-ford",4,,false
1150,2026,1,7,7,"7","audi","audi",2,,false
1150,2026,1,8,8,"8","alpine","mercedes",1,,false
1150,2026,1,9,9,"9","williams","mercedes",0,,false
1150,2026,1,10,10,"10","cadillac","ferrari",0,,false
1150,2026,1,11,11,"11","aston-martin","honda",0,,false
1151,2026,2,1,1,"1","mercedes","mercedes",98,0,false
1151,2026,2,2,2,"2","ferrari","ferrari",67,0,false
1151,2026,2,3,3,"3","mclaren","mercedes",18,0,false
1151,2026,2,4,4,"4","haas","ferrari",17,1,false
1151,2026,2,5,5,"5","red-bull","red-bull-ford",12,-1,false
1151,2026,2,6,6,"6","racing-bulls","red-bull-ford",12,0,false
1151,2026,2,7,7,"7","alpine","mercedes",10,1,false
1151,2026,2,8,8,"8","audi","audi",2,-1,false
1151,2026,2,9,9,"9","williams","mercedes",2,0,false
1151,2026,2,10,10,"10","cadillac","ferrari",0,0,false
1151,2026,2,11,11,"11","aston-martin","honda",0,0,false
1152,2026,3,1,1,"1","mercedes","mercedes",135,0,false
1152,2026,3,2,2,"2","ferrari","ferrari",90,0,false
1152,2026,3,3,3,"3","mclaren","mercedes",46,0,false
1152,2026,3,4,4,"4","haas","ferrari",18,0,false
1152,2026,3,5,5,"5","alpine","mercedes",16,2,false
1152,2026,3,6,6,"6","red-bull","red-bull-ford",16,-1,false
1152,2026,3,7,7,"7","racing-bulls","red-bull-ford",14,-1,false
1152,2026,3,8,8,"8","audi","audi",2,0,false
1152,2026,3,9,9,"9","williams","mercedes",2,0,false
1152,2026,3,10,10,"10","cadillac","ferrari",0,0,false
1152,2026,3,11,11,"11","aston-martin","honda",0,0,false
1153,2026,4,1,1,"1","mercedes","mercedes",180,0,false
1153,2026,4,2,2,"2","ferrari","ferrari",110,0,false
1153,2026,4,3,3,"3","mclaren","mercedes",94,0,false
1153,2026,4,4,4,"4","red-bull","red-bull-ford",30,2,false
1153,2026,4,5,5,"5","alpine","mercedes",23,0,false
1153,2026,4,6,6,"6","haas","ferrari",18,-2,false
1153,2026,4,7,7,"7","racing-bulls","red-bull-ford",14,0,false
1153,2026,4,8,8,"8","williams","mercedes",5,1,false
1153,2026,4,9,9,"9","audi","audi",2,-1,false
1153,2026,4,10,10,"10","cadillac","ferrari",0,0,false
1153,2026,4,11,11,"11","aston-martin","honda",0,0,false
1154,2026,5,1,1,"1","mercedes","mercedes",219,0,false
1154,2026,5,2,2,"2","ferrari","ferrari",147,0,false
1154,2026,5,3,3,"3","mclaren","mercedes",106,0,false
1154,2026,5,4,4,"4","red-bull","red-bull-ford",57,0,false
1154,2026,5,5,5,"5","alpine","mercedes",35,0,false
1154,2026,5,6,6,"6","racing-bulls","red-bull-ford",21,1,false
1154,2026,5,7,7,"7","haas","ferrari",19,-1,false
1154,2026,5,8,8,"8","williams","mercedes",7,0,false
1154,2026,5,9,9,"9","audi","audi",2,0,false
1154,2026,5,10,10,"10","cadillac","ferrari",0,0,false
1154,2026,5,11,11,"11","aston-martin","honda",0,0,false
1155,2026,6,1,1,"1","mercedes","mercedes",244,0,false
1155,2026,6,2,2,"2","ferrari","ferrari",165,0,false
1155,2026,6,3,3,"3","mclaren","mercedes",116,0,false
1155,2026,6,4,4,"4","red-bull","red-bull-ford",69,0,false
1155,2026,6,5,5,"5","alpine","mercedes",50,0,false
1155,2026,6,6,6,"6","racing-bulls","red-bull-ford",35,0,false
1155,2026,6,7,7,"7","haas","ferrari",21,0,false
1155,2026,6,8,8,"8","williams","mercedes",11,0,false
1155,2026,6,9,9,"9","audi","audi",2,0,false
1155,2026,6,10,10,"10","aston-martin","honda",1,1,false
1155,2026,6,11,11,"11","cadillac","ferrari",0,-1,false
1156,2026,7,1,1,"1","mercedes","mercedes",262,0,false
1156,2026,7,2,2,"2","ferrari","ferrari",190,0,false
1156,2026,7,3,3,"3","mclaren","mercedes",141,0,false
1156,2026,7,4,4,"4","red-bull","red-bull-ford",89,0,false
1156,2026,7,5,5,"5","alpine","mercedes",57,0,false
1156,2026,7,6,6,"6","racing-bulls","red-bull-ford",41,0,false
1156,2026,7,7,7,"7","haas","ferrari",21,0,false
1156,2026,7,8,8,"8","williams","mercedes",11,0,false
1156,2026,7,9,9,"9","audi","audi",2,0,false
1156,2026,7,10,10,"10","aston-martin","honda",1,0,false
1156,2026,7,11,11,"11","cadillac","ferrari",0,0,false
1157,2026,8,1,1,"1","mercedes","mercedes",302,0,false
1157,2026,8,2,2,"2","ferrari","ferrari",204,0,false
1157,2026,8,3,3,"3","mclaren","mercedes",159,0,false
1157,2026,8,4,4,"4","red-bull","red-bull-ford",115,0,false
1157,2026,8,5,5,"5","alpine","mercedes",57,0,false
1157,2026,8,6,6,"6","racing-bulls","red-bull-ford",44,0,false
1157,2026,8,7,7,"7","haas","ferrari",21,0,false
1157,2026,8,8,8,"8","williams","mercedes",11,0,false
1157,2026,8,9,9,"9","audi","audi",2,0,false
1157,2026,8,10,10,"10","aston-martin","honda",1,0,false
1157,2026,8,11,11,"11","cadillac","ferrari",0,0,false
1158,2026,9,1,1,"1","mercedes","mercedes",333,0,false
1158,2026,9,2,2,"2","ferrari","ferrari",255,0,false
1158,2026,9,3,3,"3","mclaren","mercedes",179,0,false
1158,2026,9,4,4,"4","red-bull","red-bull-ford",128,0,false
1158,2026,9,5,5,"5","alpine","mercedes",60,0,false
1158,2026,9,6,6,"6","racing-bulls","red-bull-ford",59,0,false
1158,2026,9,7,7,"7","haas","ferrari",21,0,false
1158,2026,9,8,8,"8","williams","mercedes",11,0,false
1158,2026,9,9,9,"9","audi","audi",6,0,false
1158,2026,9,10,10,"10","aston-martin","honda",1,0,false
1158,2026,9,11,11,"11","cadillac","ferrari",0,0,false
1159,2026,10,1,1,"1","mercedes","mercedes",358,0,false
1159,2026,10,2,2,"2","ferrari","ferrari",285,0,false
1159,2026,10,3,3,"3","mclaren","mercedes",195,0,false
1159,2026,10,4,4,"4","red-bull","red-bull-ford",151,0,false
1159,2026,10,5,5,"5","alpine","mercedes",61,0,false
1159,2026,10,6,6,"6","racing-bulls","red-bull-ford",61,0,false
1159,2026,10,7,7,"7","haas","ferrari",21,0,false
1159,2026,10,8,8,"8","williams","mercedes",11,0,false
1159,2026,10,9,9,"9","audi","audi",10,0,false
1159,2026,10,10,10,"10","aston-martin","honda",1,0,false
1159,2026,10,11,11,"11","cadillac","ferrari",0,0,false
1160,2026,11,1,1,"1","mercedes","mercedes",379,0,false
1160,2026,11,2,2,"2","ferrari","ferrari",307,0,false
1160,2026,11,3,3,"3","mclaren","mercedes",220,0,false
1160,2026,11,4,4,"4","red-bull","red-bull-ford",177,0,false
1160,2026,11,5,5,"5","racing-bulls","red-bull-ford",66,1,false
1160,2026,11,6,6,"6","alpine","mercedes",61,-1,false
1160,2026,11,7,7,"7","haas","ferrari",21,0,false
1160,2026,11,8,8,"8","audi","audi",12,1,false
1160,2026,11,9,9,"9","williams","mercedes",11,-1,false
1160,2026,11,10,10,"10","aston-martin","honda",1,0,false
1160,2026,11,11,11,"11","cadillac","ferrari",0,0,false
