raceId,year,round,driverNumber,driverId,constructorId,chassisId,engineId
17a5fb15-57a3-4e5f-81c2-2a8b2d80c9a6,2017,5,17,raffaele-marciello,trident-motorsport,Dallara GP2-11,Renault GP2
25792d4f-6576-45d8-be25-3cf181c12586,2017,1,7,nobuharu-matsushita,art-grand-prix,Dallara GP2-11,Renault GP2
25792d4f-6576-45d8-be25-3cf181c12586,2017,1,8,alexander-albon,art-grand-prix,Dallara GP2-11,Renault GP2
25792d4f-6576-45d8-be25-3cf181c12586,2017,1,11,ralph-boschung,campos-racing,Dallara GP2-11,Renault GP2
25792d4f-6576-45d8-be25-3cf181c12586,2017,1,12,stefano-coletti,campos-racing,Dallara GP2-11,Renault GP2
25792d4f-6576-45d8-be25-3cf181c12586,2017,1,9,oliver-rowland,dams,Dallara GP2-11,Renault GP2
25792d4f-6576-45d8-be25-3cf181c12586,2017,1,10,nicholas-latifi,dams,Dallara GP2-11,Renault GP2
25792d4f-6576-45d8-be25-3cf181c12586,2017,1,14,sergio-sette-camara,mp-motorsport,Dallara GP2-11,Renault GP2
25792d4f-6576-45d8-be25-3cf181c12586,2017,1,15,jordan-king,mp-motorsport,Dallara GP2-11,Renault GP2
25792d4f-6576-45d8-be25-3cf181c12586,2017,1,20,norman-nato,arden-international,Dallara GP2-11,Renault GP2
25792d4f-6576-45d8-be25-3cf181c12586,2017,1,21,sean-gelael,arden-international,Dallara GP2-11,Renault GP2
25792d4f-6576-45d8-be25-3cf181c12586,2017,1,1,charles-leclerc,prema-racing,Dallara GP2-11,Renault GP2
25792d4f-6576-45d8-be25-3cf181c12586,2017,1,2,antonio-fuoco,prema-racing,Dallara GP2-11,Renault GP2
25792d4f-6576-45d8-be25-3cf181c12586,2017,1,3,louis-deletraz,racing-engineering,Dallara GP2-11,Renault GP2
25792d4f-6576-45d8-be25-3cf181c12586,2017,1,4,gustav-malja,racing-engineering,Dallara GP2-11,Renault GP2
25792d4f-6576-45d8-be25-3cf181c12586,2017,1,18,nyck-de-vries,rapax,Dallara GP2-11,Renault GP2
25792d4f-6576-45d8-be25-3cf181c12586,2017,1,19,johnny-cecotto-jr,rapax,Dallara GP2-11,Renault GP2
25792d4f-6576-45d8-be25-3cf181c12586,2017,1,5,luca-ghiotto,russian-time,Dallara GP2-11,Renault GP2
25792d4f-6576-45d8-be25-3cf181c12586,2017,1,6,artem-markelov,russian-time,Dallara GP2-11,Renault GP2
25792d4f-6576-45d8-be25-3cf181c12586,2017,1,16,nabil-jeffri,trident-motorsport,Dallara GP2-11,Renault GP2
25792d4f-6576-45d8-be25-3cf181c12586,2017,1,17,sergio-canamasas,trident-motorsport,Dallara GP2-11,Renault GP2
5d86d520-0d33-42f8-8cd5-81cf37482ee8,2017,2,,,,,
5d86d520-0d33-42f8-8cd5-81cf37482ee8,2017,2,7,nobuharu-matsushita,art-grand-prix,Dallara GP2-11,Renault GP2
5d86d520-0d33-42f8-8cd5-81cf37482ee8,2017,2,8,alexander-albon,art-grand-prix,Dallara GP2-11,Renault GP2
5d86d520-0d33-42f8-8cd5-81cf37482ee8,2017,2,11,ralph-boschung,campos-racing,Dallara GP2-11,Renault GP2
5d86d520-0d33-42f8-8cd5-81cf37482ee8,2017,2,12,roberto-merhi,campos-racing,Dallara GP2-11,Renault GP2
5d86d520-0d33-42f8-8cd5-81cf37482ee8,2017,2,9,oliver-rowland,dams,Dallara GP2-11,Renault GP2
5d86d520-0d33-42f8-8cd5-81cf37482ee8,2017,2,10,nicholas-latifi,dams,Dallara GP2-11,Renault GP2
5d86d520-0d33-42f8-8cd5-81cf37482ee8,2017,2,14,sergio-sette-camara,mp-motorsport,Dallara GP2-11,Renault GP2
5d86d520-0d33-42f8-8cd5-81cf37482ee8,2017,2,15,jordan-king,mp-motorsport,Dallara GP2-11,Renault GP2
5d86d520-0d33-42f8-8cd5-81cf37482ee8,2017,2,20,norman-nato,arden-international,Dallara GP2-11,Renault GP2
5d86d520-0d33-42f8-8cd5-81cf37482ee8,2017,2,21,sean-gelael,arden-international,Dallara GP2-11,Renault GP2
5d86d520-0d33-42f8-8cd5-81cf37482ee8,2017,2,1,charles-leclerc,prema-racing,Dallara GP2-11,Renault GP2
5d86d520-0d33-42f8-8cd5-81cf37482ee8,2017,2,2,antonio-fuoco,prema-racing,Dallara GP2-11,Renault GP2
5d86d520-0d33-42f8-8cd5-81cf37482ee8,2017,2,3,louis-deletraz,racing-engineering,Dallara GP2-11,Renault GP2
5d86d520-0d33-42f8-8cd5-81cf37482ee8,2017,2,4,gustav-malja,racing-engineering,Dallara GP2-11,Renault GP2
5d86d520-0d33-42f8-8cd5-81cf37482ee8,2017,2,18,nyck-de-vries,rapax,Dallara GP2-11,Renault GP2
5d86d520-0d33-42f8-8cd5-81cf37482ee8,2017,2,19,johnny-cecotto-jr,rapax,Dallara GP2-11,Renault GP2
5d86d520-0d33-42f8-8cd5-81cf37482ee8,2017,2,5,luca-ghiotto,russian-time,Dallara GP2-11,Renault GP2
5d86d520-0d33-42f8-8cd5-81cf37482ee8,2017,2,6,artem-markelov,russian-time,Dallara GP2-11,Renault GP2
5d86d520-0d33-42f8-8cd5-81cf37482ee8,2017,2,16,nabil-jeffri,trident-motorsport,Dallara GP2-11,Renault GP2
667442c8-3b27-40ab-8b98-f24ac60236a2,2017,3,,,,,
667442c8-3b27-40ab-8b98-f24ac60236a2,2017,3,7,nobuharu-matsushita,art-grand-prix,Dallara GP2-11,Renault GP2
667442c8-3b27-40ab-8b98-f24ac60236a2,2017,3,8,alexander-albon,art-grand-prix,Dallara GP2-11,Renault GP2
667442c8-3b27-40ab-8b98-f24ac60236a2,2017,3,11,ralph-boschung,campos-racing,Dallara GP2-11,Renault GP2
667442c8-3b27-40ab-8b98-f24ac60236a2,2017,3,12,robert-visoiu,campos-racing,Dallara GP2-11,Renault GP2
667442c8-3b27-40ab-8b98-f24ac60236a2,2017,3,9,oliver-rowland,dams,Dallara GP2-11,Renault GP2
667442c8-3b27-40ab-8b98-f24ac60236a2,2017,3,10,nicholas-latifi,dams,Dallara GP2-11,Renault GP2
667442c8-3b27-40ab-8b98-f24ac60236a2,2017,3,14,sergio-sette-camara,mp-motorsport,Dallara GP2-11,Renault GP2
667442c8-3b27-40ab-8b98-f24ac60236a2,2017,3,15,jordan-king,mp-motorsport,Dallara GP2-11,Renault GP2
667442c8-3b27-40ab-8b98-f24ac60236a2,2017,3,20,norman-nato,arden-international,Dallara GP2-11,Renault GP2
667442c8-3b27-40ab-8b98-f24ac60236a2,2017,3,21,sean-gelael,arden-international,Dallara GP2-11,Renault GP2
667442c8-3b27-40ab-8b98-f24ac60236a2,2017,3,1,charles-leclerc,prema-racing,Dallara GP2-11,Renault GP2
667442c8-3b27-40ab-8b98-f24ac60236a2,2017,3,2,antonio-fuoco,prema-racing,Dallara GP2-11,Renault GP2
667442c8-3b27-40ab-8b98-f24ac60236a2,2017,3,3,louis-deletraz,racing-engineering,Dallara GP2-11,Renault GP2
667442c8-3b27-40ab-8b98-f24ac60236a2,2017,3,4,gustav-malja,racing-engineering,Dallara GP2-11,Renault GP2
667442c8-3b27-40ab-8b98-f24ac60236a2,2017,3,18,nyck-de-vries,rapax,Dallara GP2-11,Renault GP2
667442c8-3b27-40ab-8b98-f24ac60236a2,2017,3,19,johnny-cecotto-jr,rapax,Dallara GP2-11,Renault GP2
667442c8-3b27-40ab-8b98-f24ac60236a2,2017,3,5,luca-ghiotto,russian-time,Dallara GP2-11,Renault GP2
667442c8-3b27-40ab-8b98-f24ac60236a2,2017,3,6,artem-markelov,russian-time,Dallara GP2-11,Renault GP2
667442c8-3b27-40ab-8b98-f24ac60236a2,2017,3,16,nabil-jeffri,trident-motorsport,Dallara GP2-11,Renault GP2
811656dd-1804-4e03-b214-d3c2d19cda3d,2017,4,7,nobuharu-matsushita,art-grand-prix,Dallara GP2-11,Renault GP2
811656dd-1804-4e03-b214-d3c2d19cda3d,2017,4,8,sergey-sirotkin,art-grand-prix,Dallara GP2-11,Renault GP2
811656dd-1804-4e03-b214-d3c2d19cda3d,2017,4,11,ralph-boschung,campos-racing,Dallara GP2-11,Renault GP2
811656dd-1804-4e03-b214-d3c2d19cda3d,2017,4,12,robert-visoiu,campos-racing,Dallara GP2-11,Renault GP2
811656dd-1804-4e03-b214-d3c2d19cda3d,2017,4,9,oliver-rowland,dams,Dallara GP2-11,Renault GP2
811656dd-1804-4e03-b214-d3c2d19cda3d,2017,4,10,nicholas-latifi,dams,Dallara GP2-11,Renault GP2
811656dd-1804-4e03-b214-d3c2d19cda3d,2017,4,14,sergio-sette-camara,mp-motorsport,Dallara GP2-11,Renault GP2
811656dd-1804-4e03-b214-d3c2d19cda3d,2017,4,15,jordan-king,mp-motorsport,Dallara GP2-11,Renault GP2
811656dd-1804-4e03-b214-d3c2d19cda3d,2017,4,20,norman-nato,arden-international,Dallara GP2-11,Renault GP2
811656dd-1804-4e03-b214-d3c2d19cda3d,2017,4,21,sean-gelael,arden-international,Dallara GP2-11,Renault GP2
811656dd-1804-4e03-b214-d3c2d19cda3d,2017,4,1,charles-leclerc,prema-racing,Dallara GP2-11,Renault GP2
811656dd-1804-4e03-b214-d3c2d19cda3d,2017,4,2,antonio-fuoco,prema-racing,Dallara GP2-11,Renault GP2
811656dd-1804-4e03-b214-d3c2d19cda3d,2017,4,3,louis-deletraz,racing-engineering,Dallara GP2-11,Renault GP2
811656dd-1804-4e03-b214-d3c2d19cda3d,2017,4,4,gustav-malja,racing-engineering,Dallara GP2-11,Renault GP2
811656dd-1804-4e03-b214-d3c2d19cda3d,2017,4,18,nyck-de-vries,rapax,Dallara GP2-11,Renault GP2
811656dd-1804-4e03-b214-d3c2d19cda3d,2017,4,19,johnny-cecotto-jr,rapax,Dallara GP2-11,Renault GP2
811656dd-1804-4e03-b214-d3c2d19cda3d,2017,4,5,luca-ghiotto,russian-time,Dallara GP2-11,Renault GP2
811656dd-1804-4e03-b214-d3c2d19cda3d,2017,4,6,artem-markelov,russian-time,Dallara GP2-11,Renault GP2
811656dd-1804-4e03-b214-d3c2d19cda3d,2017,4,16,nabil-jeffri,trident-motorsport,Dallara GP2-11,Renault GP2
811656dd-1804-4e03-b214-d3c2d19cda3d,2017,4,17,sergio-canamasas,trident-motorsport,Dallara GP2-11,Renault GP2
17a5fb15-57a3-4e5f-81c2-2a8b2d80c9a6,2017,5,,,,,
17a5fb15-57a3-4e5f-81c2-2a8b2d80c9a6,2017,5,7,nobuharu-matsushita,art-grand-prix,Dallara GP2-11,Renault GP2
17a5fb15-57a3-4e5f-81c2-2a8b2d80c9a6,2017,5,8,alexander-albon,art-grand-prix,Dallara GP2-11,Renault GP2
17a5fb15-57a3-4e5f-81c2-2a8b2d80c9a6,2017,5,11,ralph-boschung,campos-racing,Dallara GP2-11,Renault GP2
17a5fb15-57a3-4e5f-81c2-2a8b2d80c9a6,2017,5,12,robert-visoiu,campos-racing,Dallara GP2-11,Renault GP2
17a5fb15-57a3-4e5f-81c2-2a8b2d80c9a6,2017,5,9,oliver-rowland,dams,Dallara GP2-11,Renault GP2
17a5fb15-57a3-4e5f-81c2-2a8b2d80c9a6,2017,5,10,nicholas-latifi,dams,Dallara GP2-11,Renault GP2
17a5fb15-57a3-4e5f-81c2-2a8b2d80c9a6,2017,5,14,sergio-sette-camara,mp-motorsport,Dallara GP2-11,Renault GP2
17a5fb15-57a3-4e5f-81c2-2a8b2d80c9a6,2017,5,15,jordan-king,mp-motorsport,Dallara GP2-11,Renault GP2
17a5fb15-57a3-4e5f-81c2-2a8b2d80c9a6,2017,5,20,norman-nato,arden-international,Dallara GP2-11,Renault GP2
17a5fb15-57a3-4e5f-81c2-2a8b2d80c9a6,2017,5,21,sean-gelael,arden-international,Dallara GP2-11,Renault GP2
17a5fb15-57a3-4e5f-81c2-2a8b2d80c9a6,2017,5,1,charles-leclerc,prema-racing,Dallara GP2-11,Renault GP2
17a5fb15-57a3-4e5f-81c2-2a8b2d80c9a6,2017,5,2,antonio-fuoco,prema-racing,Dallara GP2-11,Renault GP2
17a5fb15-57a3-4e5f-81c2-2a8b2d80c9a6,2017,5,3,louis-deletraz,racing-engineering,Dallara GP2-11,Renault GP2
17a5fb15-57a3-4e5f-81c2-2a8b2d80c9a6,2017,5,4,gustav-malja,racing-engineering,Dallara GP2-11,Renault GP2
17a5fb15-57a3-4e5f-81c2-2a8b2d80c9a6,2017,5,18,nyck-de-vries,rapax,Dallara GP2-11,Renault GP2
17a5fb15-57a3-4e5f-81c2-2a8b2d80c9a6,2017,5,19,sergio-canamasas,rapax,Dallara GP2-11,Renault GP2
17a5fb15-57a3-4e5f-81c2-2a8b2d80c9a6,2017,5,5,luca-ghiotto,russian-time,Dallara GP2-11,Renault GP2
17a5fb15-57a3-4e5f-81c2-2a8b2d80c9a6,2017,5,6,artem-markelov,russian-time,Dallara GP2-11,Renault GP2
17a5fb15-57a3-4e5f-81c2-2a8b2d80c9a6,2017,5,16,nabil-jeffri,trident-motorsport,Dallara GP2-11,Renault GP2
52a5ffe9-1be9-48ee-b695-31511f04bdbd,2017,6,,,,,
52a5ffe9-1be9-48ee-b695-31511f04bdbd,2017,6,7,nobuharu-matsushita,art-grand-prix,Dallara GP2-11,Renault GP2
52a5ffe9-1be9-48ee-b695-31511f04bdbd,2017,6,8,alexander-albon,art-grand-prix,Dallara GP2-11,Renault GP2
52a5ffe9-1be9-48ee-b695-31511f04bdbd,2017,6,11,ralph-boschung,campos-racing,Dallara GP2-11,Renault GP2
52a5ffe9-1be9-48ee-b695-31511f04bdbd,2017,6,12,robert-visoiu,campos-racing,Dallara GP2-11,Renault GP2
52a5ffe9-1be9-48ee-b695-31511f04bdbd,2017,6,9,oliver-rowland,dams,Dallara GP2-11,Renault GP2
52a5ffe9-1be9-48ee-b695-31511f04bdbd,2017,6,10,nicholas-latifi,dams,Dallara GP2-11,Renault GP2
52a5ffe9-1be9-48ee-b695-31511f04bdbd,2017,6,14,sergio-sette-camara,mp-motorsport,Dallara GP2-11,Renault GP2
52a5ffe9-1be9-48ee-b695-31511f04bdbd,2017,6,15,jordan-king,mp-motorsport,Dallara GP2-11,Renault GP2
52a5ffe9-1be9-48ee-b695-31511f04bdbd,2017,6,20,norman-nato,arden-international,Dallara GP2-11,Renault GP2
52a5ffe9-1be9-48ee-b695-31511f04bdbd,2017,6,21,sean-gelael,arden-international,Dallara GP2-11,Renault GP2
52a5ffe9-1be9-48ee-b695-31511f04bdbd,2017,6,1,charles-leclerc,prema-racing,Dallara GP2-11,Renault GP2
52a5ffe9-1be9-48ee-b695-31511f04bdbd,2017,6,2,antonio-fuoco,prema-racing,Dallara GP2-11,Renault GP2
52a5ffe9-1be9-48ee-b695-31511f04bdbd,2017,6,3,louis-deletraz,racing-engineering,Dallara GP2-11,Renault GP2
52a5ffe9-1be9-48ee-b695-31511f04bdbd,2017,6,4,gustav-malja,racing-engineering,Dallara GP2-11,Renault GP2
52a5ffe9-1be9-48ee-b695-31511f04bdbd,2017,6,18,nyck-de-vries,rapax,Dallara GP2-11,Renault GP2
52a5ffe9-1be9-48ee-b695-31511f04bdbd,2017,6,19,sergio-canamasas,rapax,Dallara GP2-11,Renault GP2
52a5ffe9-1be9-48ee-b695-31511f04bdbd,2017,6,5,luca-ghiotto,russian-time,Dallara GP2-11,Renault GP2
52a5ffe9-1be9-48ee-b695-31511f04bdbd,2017,6,6,artem-markelov,russian-time,Dallara GP2-11,Renault GP2
52a5ffe9-1be9-48ee-b695-31511f04bdbd,2017,6,16,nabil-jeffri,trident-motorsport,Dallara GP2-11,Renault GP2
5ff2e895-7a01-4490-a77e-aa4ba2383325,2017,7,,,,,
5ff2e895-7a01-4490-a77e-aa4ba2383325,2017,7,7,nobuharu-matsushita,art-grand-prix,Dallara GP2-11,Renault GP2
5ff2e895-7a01-4490-a77e-aa4ba2383325,2017,7,8,alexander-albon,art-grand-prix,Dallara GP2-11,Renault GP2
5ff2e895-7a01-4490-a77e-aa4ba2383325,2017,7,11,ralph-boschung,campos-racing,Dallara GP2-11,Renault GP2
5ff2e895-7a01-4490-a77e-aa4ba2383325,2017,7,12,robert-visoiu,campos-racing,Dallara GP2-11,Renault GP2
5ff2e895-7a01-4490-a77e-aa4ba2383325,2017,7,9,oliver-rowland,dams,Dallara GP2-11,Renault GP2
5ff2e895-7a01-4490-a77e-aa4ba2383325,2017,7,10,nicholas-latifi,dams,Dallara GP2-11,Renault GP2
5ff2e895-7a01-4490-a77e-aa4ba2383325,2017,7,14,sergio-sette-camara,mp-motorsport,Dallara GP2-11,Renault GP2
5ff2e895-7a01-4490-a77e-aa4ba2383325,2017,7,15,jordan-king,mp-motorsport,Dallara GP2-11,Renault GP2
5ff2e895-7a01-4490-a77e-aa4ba2383325,2017,7,20,norman-nato,arden-international,Dallara GP2-11,Renault GP2
5ff2e895-7a01-4490-a77e-aa4ba2383325,2017,7,21,sean-gelael,arden-international,Dallara GP2-11,Renault GP2
5ff2e895-7a01-4490-a77e-aa4ba2383325,2017,7,1,charles-leclerc,prema-racing,Dallara GP2-11,Renault GP2
5ff2e895-7a01-4490-a77e-aa4ba2383325,2017,7,2,antonio-fuoco,prema-racing,Dallara GP2-11,Renault GP2
5ff2e895-7a01-4490-a77e-aa4ba2383325,2017,7,3,louis-deletraz,racing-engineering,Dallara GP2-11,Renault GP2
5ff2e895-7a01-4490-a77e-aa4ba2383325,2017,7,4,gustav-malja,racing-engineering,Dallara GP2-11,Renault GP2
5ff2e895-7a01-4490-a77e-aa4ba2383325,2017,7,18,nyck-de-vries,rapax,Dallara GP2-11,Renault GP2
5ff2e895-7a01-4490-a77e-aa4ba2383325,2017,7,19,sergio-canamasas,rapax,Dallara GP2-11,Renault GP2
5ff2e895-7a01-4490-a77e-aa4ba2383325,2017,7,5,luca-ghiotto,russian-time,Dallara GP2-11,Renault GP2
5ff2e895-7a01-4490-a77e-aa4ba2383325,2017,7,6,artem-markelov,russian-time,Dallara GP2-11,Renault GP2
5ff2e895-7a01-4490-a77e-aa4ba2383325,2017,7,16,nabil-jeffri,trident-motorsport,Dallara GP2-11,Renault GP2
6eee62e5-1022-499b-8a62-e70b68e2706d,2017,8,,,,,
6eee62e5-1022-499b-8a62-e70b68e2706d,2017,8,7,nobuharu-matsushita,art-grand-prix,Dallara GP2-11,Renault GP2
6eee62e5-1022-499b-8a62-e70b68e2706d,2017,8,8,alexander-albon,art-grand-prix,Dallara GP2-11,Renault GP2
6eee62e5-1022-499b-8a62-e70b68e2706d,2017,8,11,ralph-boschung,campos-racing,Dallara GP2-11,Renault GP2
6eee62e5-1022-499b-8a62-e70b68e2706d,2017,8,12,robert-visoiu,campos-racing,Dallara GP2-11,Renault GP2
6eee62e5-1022-499b-8a62-e70b68e2706d,2017,8,9,oliver-rowland,dams,Dallara GP2-11,Renault GP2
6eee62e5-1022-499b-8a62-e70b68e2706d,2017,8,10,nicholas-latifi,dams,Dallara GP2-11,Renault GP2
6eee62e5-1022-499b-8a62-e70b68e2706d,2017,8,14,sergio-sette-camara,mp-motorsport,Dallara GP2-11,Renault GP2
6eee62e5-1022-499b-8a62-e70b68e2706d,2017,8,15,jordan-king,mp-motorsport,Dallara GP2-11,Renault GP2
6eee62e5-1022-499b-8a62-e70b68e2706d,2017,8,20,norman-nato,arden-international,Dallara GP2-11,Renault GP2
6eee62e5-1022-499b-8a62-e70b68e2706d,2017,8,21,sean-gelael,arden-international,Dallara GP2-11,Renault GP2
6eee62e5-1022-499b-8a62-e70b68e2706d,2017,8,1,charles-leclerc,prema-racing,Dallara GP2-11,Renault GP2
6eee62e5-1022-499b-8a62-e70b68e2706d,2017,8,2,antonio-fuoco,prema-racing,Dallara GP2-11,Renault GP2
6eee62e5-1022-499b-8a62-e70b68e2706d,2017,8,3,nyck-de-vries,racing-engineering,Dallara GP2-11,Renault GP2
6eee62e5-1022-499b-8a62-e70b68e2706d,2017,8,4,gustav-malja,racing-engineering,Dallara GP2-11,Renault GP2
6eee62e5-1022-499b-8a62-e70b68e2706d,2017,8,18,louis-deletraz,rapax,Dallara GP2-11,Renault GP2
6eee62e5-1022-499b-8a62-e70b68e2706d,2017,8,19,roberto-merhi,rapax,Dallara GP2-11,Renault GP2
6eee62e5-1022-499b-8a62-e70b68e2706d,2017,8,5,luca-ghiotto,russian-time,Dallara GP2-11,Renault GP2
6eee62e5-1022-499b-8a62-e70b68e2706d,2017,8,6,artem-markelov,russian-time,Dallara GP2-11,Renault GP2
6eee62e5-1022-499b-8a62-e70b68e2706d,2017,8,16,nabil-jeffri,trident-motorsport,Dallara GP2-11,Renault GP2
595ac392-7419-4272-a91f-5ff0f54e2b67,2017,9,,,,,
595ac392-7419-4272-a91f-5ff0f54e2b67,2017,9,7,nobuharu-matsushita,art-grand-prix,Dallara GP2-11,Renault GP2
595ac392-7419-4272-a91f-5ff0f54e2b67,2017,9,8,alexander-albon,art-grand-prix,Dallara GP2-11,Renault GP2
595ac392-7419-4272-a91f-5ff0f54e2b67,2017,9,11,ralph-boschung,campos-racing,Dallara GP2-11,Renault GP2
595ac392-7419-4272-a91f-5ff0f54e2b67,2017,9,12,robert-visoiu,campos-racing,Dallara GP2-11,Renault GP2
595ac392-7419-4272-a91f-5ff0f54e2b67,2017,9,9,oliver-rowland,dams,Dallara GP2-11,Renault GP2
595ac392-7419-4272-a91f-5ff0f54e2b67,2017,9,10,nicholas-latifi,dams,Dallara GP2-11,Renault GP2
595ac392-7419-4272-a91f-5ff0f54e2b67,2017,9,14,sergio-sette-camara,mp-motorsport,Dallara GP2-11,Renault GP2
595ac392-7419-4272-a91f-5ff0f54e2b67,2017,9,15,jordan-king,mp-motorsport,Dallara GP2-11,Renault GP2
595ac392-7419-4272-a91f-5ff0f54e2b67,2017,9,20,norman-nato,arden-international,Dallara GP2-11,Renault GP2
595ac392-7419-4272-a91f-5ff0f54e2b67,2017,9,21,sean-gelael,arden-international,Dallara GP2-11,Renault GP2
595ac392-7419-4272-a91f-5ff0f54e2b67,2017,9,1,charles-leclerc,prema-racing,Dallara GP2-11,Renault GP2
595ac392-7419-4272-a91f-5ff0f54e2b67,2017,9,2,antonio-fuoco,prema-racing,Dallara GP2-11,Renault GP2
595ac392-7419-4272-a91f-5ff0f54e2b67,2017,9,3,nyck-de-vries,racing-engineering,Dallara GP2-11,Renault GP2
595ac392-7419-4272-a91f-5ff0f54e2b67,2017,9,4,gustav-malja,racing-engineering,Dallara GP2-11,Renault GP2
595ac392-7419-4272-a91f-5ff0f54e2b67,2017,9,18,louis-deletraz,rapax,Dallara GP2-11,Renault GP2
595ac392-7419-4272-a91f-5ff0f54e2b67,2017,9,19,roberto-merhi,rapax,Dallara GP2-11,Renault GP2
595ac392-7419-4272-a91f-5ff0f54e2b67,2017,9,5,luca-ghiotto,russian-time,Dallara GP2-11,Renault GP2
595ac392-7419-4272-a91f-5ff0f54e2b67,2017,9,6,artem-markelov,russian-time,Dallara GP2-11,Renault GP2
595ac392-7419-4272-a91f-5ff0f54e2b67,2017,9,16,nabil-jeffri,trident-motorsport,Dallara GP2-11,Renault GP2
c52c9a8b-b778-4c82-8e7b-fd7861e50b00,2017,10,,,,,
c52c9a8b-b778-4c82-8e7b-fd7861e50b00,2017,10,7,nobuharu-matsushita,art-grand-prix,Dallara GP2-11,Renault GP2
c52c9a8b-b778-4c82-8e7b-fd7861e50b00,2017,10,8,alexander-albon,art-grand-prix,Dallara GP2-11,Renault GP2
c52c9a8b-b778-4c82-8e7b-fd7861e50b00,2017,10,11,ralph-boschung,campos-racing,Dallara GP2-11,Renault GP2
c52c9a8b-b778-4c82-8e7b-fd7861e50b00,2017,10,12,alex-palou,campos-racing,Dallara GP2-11,Renault GP2
c52c9a8b-b778-4c82-8e7b-fd7861e50b00,2017,10,9,oliver-rowland,dams,Dallara GP2-11,Renault GP2
c52c9a8b-b778-4c82-8e7b-fd7861e50b00,2017,10,10,nicholas-latifi,dams,Dallara GP2-11,Renault GP2
c52c9a8b-b778-4c82-8e7b-fd7861e50b00,2017,10,14,sergio-sette-camara,mp-motorsport,Dallara GP2-11,Renault GP2
c52c9a8b-b778-4c82-8e7b-fd7861e50b00,2017,10,15,jordan-king,mp-motorsport,Dallara GP2-11,Renault GP2
c52c9a8b-b778-4c82-8e7b-fd7861e50b00,2017,10,20,norman-nato,arden-international,Dallara GP2-11,Renault GP2
c52c9a8b-b778-4c82-8e7b-fd7861e50b00,2017,10,21,sean-gelael,arden-international,Dallara GP2-11,Renault GP2
c52c9a8b-b778-4c82-8e7b-fd7861e50b00,2017,10,1,charles-leclerc,prema-racing,Dallara GP2-11,Renault GP2
c52c9a8b-b778-4c82-8e7b-fd7861e50b00,2017,10,2,antonio-fuoco,prema-racing,Dallara GP2-11,Renault GP2
c52c9a8b-b778-4c82-8e7b-fd7861e50b00,2017,10,3,nyck-de-vries,racing-engineering,Dallara GP2-11,Renault GP2
c52c9a8b-b778-4c82-8e7b-fd7861e50b00,2017,10,4,gustav-malja,racing-engineering,Dallara GP2-11,Renault GP2
c52c9a8b-b778-4c82-8e7b-fd7861e50b00,2017,10,18,louis-deletraz,rapax,Dallara GP2-11,Renault GP2
c52c9a8b-b778-4c82-8e7b-fd7861e50b00,2017,10,19,rene-binder,rapax,Dallara GP2-11,Renault GP2
c52c9a8b-b778-4c82-8e7b-fd7861e50b00,2017,10,5,luca-ghiotto,russian-time,Dallara GP2-11,Renault GP2
c52c9a8b-b778-4c82-8e7b-fd7861e50b00,2017,10,6,artem-markelov,russian-time,Dallara GP2-11,Renault GP2
c52c9a8b-b778-4c82-8e7b-fd7861e50b00,2017,10,16,nabil-jeffri,trident-motorsport,Dallara GP2-11,Renault GP2
d11f46c3-477a-42ec-baf6-dd3e76a157ea,2017,11,7,nobuharu-matsushita,art-grand-prix,Dallara GP2-11,Renault GP2
d11f46c3-477a-42ec-baf6-dd3e76a157ea,2017,11,8,alexander-albon,art-grand-prix,Dallara GP2-11,Renault GP2
d11f46c3-477a-42ec-baf6-dd3e76a157ea,2017,11,11,lando-norris,campos-racing,Dallara GP2-11,Renault GP2
d11f46c3-477a-42ec-baf6-dd3e76a157ea,2017,11,12,alex-palou,campos-racing,Dallara GP2-11,Renault GP2
d11f46c3-477a-42ec-baf6-dd3e76a157ea,2017,11,9,oliver-rowland,dams,Dallara GP2-11,Renault GP2
d11f46c3-477a-42ec-baf6-dd3e76a157ea,2017,11,10,nicholas-latifi,dams,Dallara GP2-11,Renault GP2
d11f46c3-477a-42ec-baf6-dd3e76a157ea,2017,11,14,sergio-sette-camara,mp-motorsport,Dallara GP2-11,Renault GP2
d11f46c3-477a-42ec-baf6-dd3e76a157ea,2017,11,15,jordan-king,mp-motorsport,Dallara GP2-11,Renault GP2
d11f46c3-477a-42ec-baf6-dd3e76a157ea,2017,11,20,norman-nato,arden-international,Dallara GP2-11,Renault GP2
d11f46c3-477a-42ec-baf6-dd3e76a157ea,2017,11,21,sean-gelael,arden-international,Dallara GP2-11,Renault GP2
d11f46c3-477a-42ec-baf6-dd3e76a157ea,2017,11,1,charles-leclerc,prema-racing,Dallara GP2-11,Renault GP2
d11f46c3-477a-42ec-baf6-dd3e76a157ea,2017,11,2,antonio-fuoco,prema-racing,Dallara GP2-11,Renault GP2
d11f46c3-477a-42ec-baf6-dd3e76a157ea,2017,11,3,nyck-de-vries,racing-engineering,Dallara GP2-11,Renault GP2
d11f46c3-477a-42ec-baf6-dd3e76a157ea,2017,11,4,gustav-malja,racing-engineering,Dallara GP2-11,Renault GP2
d11f46c3-477a-42ec-baf6-dd3e76a157ea,2017,11,18,louis-deletraz,rapax,Dallara GP2-11,Renault GP2
d11f46c3-477a-42ec-baf6-dd3e76a157ea,2017,11,19,roberto-merhi,rapax,Dallara GP2-11,Renault GP2
d11f46c3-477a-42ec-baf6-dd3e76a157ea,2017,11,5,luca-ghiotto,russian-time,Dallara GP2-11,Renault GP2
d11f46c3-477a-42ec-baf6-dd3e76a157ea,2017,11,6,artem-markelov,russian-time,Dallara GP2-11,Renault GP2
d11f46c3-477a-42ec-baf6-dd3e76a157ea,2017,11,16,nabil-jeffri,trident-motorsport,Dallara GP2-11,Renault GP2
d11f46c3-477a-42ec-baf6-dd3e76a157ea,2017,11,17,santino-ferrucci,trident-motorsport,Dallara GP2-11,Renault GP2
80fb59c0-77df-4304-8cf8-7d091e7a753c,2018,1,7,jack-aitken,art-grand-prix,Dallara F2 2018,Mecachrome F2
80fb59c0-77df-4304-8cf8-7d091e7a753c,2018,1,8,george-russell,art-grand-prix,Dallara F2 2018,Mecachrome F2
80fb59c0-77df-4304-8cf8-7d091e7a753c,2018,1,11,maximilian-gunther,arden-international,Dallara F2 2018,Mecachrome F2
80fb59c0-77df-4304-8cf8-7d091e7a753c,2018,1,12,nirei-fukuzumi,arden-international,Dallara F2 2018,Mecachrome F2
80fb59c0-77df-4304-8cf8-7d091e7a753c,2018,1,14,luca-ghiotto,campos-racing,Dallara F2 2018,Mecachrome F2
80fb59c0-77df-4304-8cf8-7d091e7a753c,2018,1,15,roy-nissany,campos-racing,Dallara F2 2018,Mecachrome F2
80fb59c0-77df-4304-8cf8-7d091e7a753c,2018,1,18,sergio-sette-camara,carlin,Dallara F2 2018,Mecachrome F2
80fb59c0-77df-4304-8cf8-7d091e7a753c,2018,1,19,lando-norris,carlin,Dallara F2 2018,Mecachrome F2
80fb59c0-77df-4304-8cf8-7d091e7a753c,2018,1,20,louis-deletraz,charouz-racing-system,Dallara F2 2018,Mecachrome F2
80fb59c0-77df-4304-8cf8-7d091e7a753c,2018,1,21,antonio-fuoco,charouz-racing-system,Dallara F2 2018,Mecachrome F2
80fb59c0-77df-4304-8cf8-7d091e7a753c,2018,1,5,alexander-albon,dams,Dallara F2 2018,Mecachrome F2
80fb59c0-77df-4304-8cf8-7d091e7a753c,2018,1,6,nicholas-latifi,dams,Dallara F2 2018,Mecachrome F2
80fb59c0-77df-4304-8cf8-7d091e7a753c,2018,1,9,roberto-merhi,mp-motorsport,Dallara F2 2018,Mecachrome F2
80fb59c0-77df-4304-8cf8-7d091e7a753c,2018,1,10,ralph-boschung,mp-motorsport,Dallara F2 2018,Mecachrome F2
80fb59c0-77df-4304-8cf8-7d091e7a753c,2018,1,3,sean-gelael,prema-racing,Dallara F2 2018,Mecachrome F2
80fb59c0-77df-4304-8cf8-7d091e7a753c,2018,1,4,nyck-de-vries,prema-racing,Dallara F2 2018,Mecachrome F2
80fb59c0-77df-4304-8cf8-7d091e7a753c,2018,1,1,artem-markelov,russian-time,Dallara F2 2018,Mecachrome F2
80fb59c0-77df-4304-8cf8-7d091e7a753c,2018,1,2,tadasuke-makino,russian-time,Dallara F2 2018,Mecachrome F2
80fb59c0-77df-4304-8cf8-7d091e7a753c,2018,1,16,arjun-maini,trident-motorsport,Dallara F2 2018,Mecachrome F2
80fb59c0-77df-4304-8cf8-7d091e7a753c,2018,1,17,santino-ferrucci,trident-motorsport,Dallara F2 2018,Mecachrome F2
904fc720-e817-4cd7-97b4-c781c0f0a643,2018,2,7,jack-aitken,art-grand-prix,Dallara F2 2018,Mecachrome F2
904fc720-e817-4cd7-97b4-c781c0f0a643,2018,2,8,george-russell,art-grand-prix,Dallara F2 2018,Mecachrome F2
904fc720-e817-4cd7-97b4-c781c0f0a643,2018,2,11,maximilian-gunther,arden-international,Dallara F2 2018,Mecachrome F2
904fc720-e817-4cd7-97b4-c781c0f0a643,2018,2,12,nirei-fukuzumi,arden-international,Dallara F2 2018,Mecachrome F2
904fc720-e817-4cd7-97b4-c781c0f0a643,2018,2,14,luca-ghiotto,campos-racing,Dallara F2 2018,Mecachrome F2
904fc720-e817-4cd7-97b4-c781c0f0a643,2018,2,15,roy-nissany,campos-racing,Dallara F2 2018,Mecachrome F2
904fc720-e817-4cd7-97b4-c781c0f0a643,2018,2,18,sergio-sette-camara,carlin,Dallara F2 2018,Mecachrome F2
904fc720-e817-4cd7-97b4-c781c0f0a643,2018,2,19,lando-norris,carlin,Dallara F2 2018,Mecachrome F2
904fc720-e817-4cd7-97b4-c781c0f0a643,2018,2,20,louis-deletraz,charouz-racing-system,Dallara F2 2018,Mecachrome F2
904fc720-e817-4cd7-97b4-c781c0f0a643,2018,2,21,antonio-fuoco,charouz-racing-system,Dallara F2 2018,Mecachrome F2
904fc720-e817-4cd7-97b4-c781c0f0a643,2018,2,5,alexander-albon,dams,Dallara F2 2018,Mecachrome F2
904fc720-e817-4cd7-97b4-c781c0f0a643,2018,2,6,nicholas-latifi,dams,Dallara F2 2018,Mecachrome F2
904fc720-e817-4cd7-97b4-c781c0f0a643,2018,2,9,roberto-merhi,mp-motorsport,Dallara F2 2018,Mecachrome F2
904fc720-e817-4cd7-97b4-c781c0f0a643,2018,2,10,ralph-boschung,mp-motorsport,Dallara F2 2018,Mecachrome F2
904fc720-e817-4cd7-97b4-c781c0f0a643,2018,2,3,sean-gelael,prema-racing,Dallara F2 2018,Mecachrome F2
904fc720-e817-4cd7-97b4-c781c0f0a643,2018,2,4,nyck-de-vries,prema-racing,Dallara F2 2018,Mecachrome F2
904fc720-e817-4cd7-97b4-c781c0f0a643,2018,2,1,artem-markelov,russian-time,Dallara F2 2018,Mecachrome F2
904fc720-e817-4cd7-97b4-c781c0f0a643,2018,2,2,tadasuke-makino,russian-time,Dallara F2 2018,Mecachrome F2
904fc720-e817-4cd7-97b4-c781c0f0a643,2018,2,16,arjun-maini,trident-motorsport,Dallara F2 2018,Mecachrome F2
904fc720-e817-4cd7-97b4-c781c0f0a643,2018,2,17,santino-ferrucci,trident-motorsport,Dallara F2 2018,Mecachrome F2
ceb1a47b-8cc1-4209-a92d-81ae0f18a245,2018,3,7,jack-aitken,art-grand-prix,Dallara F2 2018,Mecachrome F2
ceb1a47b-8cc1-4209-a92d-81ae0f18a245,2018,3,8,george-russell,art-grand-prix,Dallara F2 2018,Mecachrome F2
ceb1a47b-8cc1-4209-a92d-81ae0f18a245,2018,3,11,maximilian-gunther,arden-international,Dallara F2 2018,Mecachrome F2
ceb1a47b-8cc1-4209-a92d-81ae0f18a245,2018,3,12,nirei-fukuzumi,arden-international,Dallara F2 2018,Mecachrome F2
ceb1a47b-8cc1-4209-a92d-81ae0f18a245,2018,3,14,luca-ghiotto,campos-racing,Dallara F2 2018,Mecachrome F2
ceb1a47b-8cc1-4209-a92d-81ae0f18a245,2018,3,15,roy-nissany,campos-racing,Dallara F2 2018,Mecachrome F2
ceb1a47b-8cc1-4209-a92d-81ae0f18a245,2018,3,18,sergio-sette-camara,carlin,Dallara F2 2018,Mecachrome F2
ceb1a47b-8cc1-4209-a92d-81ae0f18a245,2018,3,19,lando-norris,carlin,Dallara F2 2018,Mecachrome F2
ceb1a47b-8cc1-4209-a92d-81ae0f18a245,2018,3,20,louis-deletraz,charouz-racing-system,Dallara F2 2018,Mecachrome F2
ceb1a47b-8cc1-4209-a92d-81ae0f18a245,2018,3,21,antonio-fuoco,charouz-racing-system,Dallara F2 2018,Mecachrome F2
ceb1a47b-8cc1-4209-a92d-81ae0f18a245,2018,3,5,alexander-albon,dams,Dallara F2 2018,Mecachrome F2
ceb1a47b-8cc1-4209-a92d-81ae0f18a245,2018,3,6,nicholas-latifi,dams,Dallara F2 2018,Mecachrome F2
ceb1a47b-8cc1-4209-a92d-81ae0f18a245,2018,3,9,roberto-merhi,mp-motorsport,Dallara F2 2018,Mecachrome F2
ceb1a47b-8cc1-4209-a92d-81ae0f18a245,2018,3,10,ralph-boschung,mp-motorsport,Dallara F2 2018,Mecachrome F2
ceb1a47b-8cc1-4209-a92d-81ae0f18a245,2018,3,3,sean-gelael,prema-racing,Dallara F2 2018,Mecachrome F2
ceb1a47b-8cc1-4209-a92d-81ae0f18a245,2018,3,4,nyck-de-vries,prema-racing,Dallara F2 2018,Mecachrome F2
ceb1a47b-8cc1-4209-a92d-81ae0f18a245,2018,3,1,artem-markelov,russian-time,Dallara F2 2018,Mecachrome F2
ceb1a47b-8cc1-4209-a92d-81ae0f18a245,2018,3,2,tadasuke-makino,russian-time,Dallara F2 2018,Mecachrome F2
ceb1a47b-8cc1-4209-a92d-81ae0f18a245,2018,3,16,arjun-maini,trident-motorsport,Dallara F2 2018,Mecachrome F2
ceb1a47b-8cc1-4209-a92d-81ae0f18a245,2018,3,17,santino-ferrucci,trident-motorsport,Dallara F2 2018,Mecachrome F2
208b82c0-e722-4f9f-a03c-3b1ea71840b3,2018,4,7,jack-aitken,art-grand-prix,Dallara F2 2018,Mecachrome F2
208b82c0-e722-4f9f-a03c-3b1ea71840b3,2018,4,8,george-russell,art-grand-prix,Dallara F2 2018,Mecachrome F2
208b82c0-e722-4f9f-a03c-3b1ea71840b3,2018,4,11,maximilian-gunther,arden-international,Dallara F2 2018,Mecachrome F2
208b82c0-e722-4f9f-a03c-3b1ea71840b3,2018,4,12,nirei-fukuzumi,arden-international,Dallara F2 2018,Mecachrome F2
208b82c0-e722-4f9f-a03c-3b1ea71840b3,2018,4,14,luca-ghiotto,campos-racing,Dallara F2 2018,Mecachrome F2
208b82c0-e722-4f9f-a03c-3b1ea71840b3,2018,4,15,roy-nissany,campos-racing,Dallara F2 2018,Mecachrome F2
208b82c0-e722-4f9f-a03c-3b1ea71840b3,2018,4,18,sergio-sette-camara,carlin,Dallara F2 2018,Mecachrome F2
208b82c0-e722-4f9f-a03c-3b1ea71840b3,2018,4,19,lando-norris,carlin,Dallara F2 2018,Mecachrome F2
208b82c0-e722-4f9f-a03c-3b1ea71840b3,2018,4,20,louis-deletraz,charouz-racing-system,Dallara F2 2018,Mecachrome F2
208b82c0-e722-4f9f-a03c-3b1ea71840b3,2018,4,21,antonio-fuoco,charouz-racing-system,Dallara F2 2018,Mecachrome F2
208b82c0-e722-4f9f-a03c-3b1ea71840b3,2018,4,5,alexander-albon,dams,Dallara F2 2018,Mecachrome F2
208b82c0-e722-4f9f-a03c-3b1ea71840b3,2018,4,6,nicholas-latifi,dams,Dallara F2 2018,Mecachrome F2
208b82c0-e722-4f9f-a03c-3b1ea71840b3,2018,4,9,roberto-merhi,mp-motorsport,Dallara F2 2018,Mecachrome F2
208b82c0-e722-4f9f-a03c-3b1ea71840b3,2018,4,10,ralph-boschung,mp-motorsport,Dallara F2 2018,Mecachrome F2
208b82c0-e722-4f9f-a03c-3b1ea71840b3,2018,4,3,sean-gelael,prema-racing,Dallara F2 2018,Mecachrome F2
208b82c0-e722-4f9f-a03c-3b1ea71840b3,2018,4,4,nyck-de-vries,prema-racing,Dallara F2 2018,Mecachrome F2
208b82c0-e722-4f9f-a03c-3b1ea71840b3,2018,4,1,artem-markelov,russian-time,Dallara F2 2018,Mecachrome F2
208b82c0-e722-4f9f-a03c-3b1ea71840b3,2018,4,2,tadasuke-makino,russian-time,Dallara F2 2018,Mecachrome F2
208b82c0-e722-4f9f-a03c-3b1ea71840b3,2018,4,16,arjun-maini,trident-motorsport,Dallara F2 2018,Mecachrome F2
208b82c0-e722-4f9f-a03c-3b1ea71840b3,2018,4,17,santino-ferrucci,trident-motorsport,Dallara F2 2018,Mecachrome F2
d0c096c7-a35f-4312-8453-66b12714cc97,2018,5,7,jack-aitken,art-grand-prix,Dallara F2 2018,Mecachrome F2
d0c096c7-a35f-4312-8453-66b12714cc97,2018,5,8,george-russell,art-grand-prix,Dallara F2 2018,Mecachrome F2
d0c096c7-a35f-4312-8453-66b12714cc97,2018,5,11,maximilian-gunther,arden-international,Dallara F2 2018,Mecachrome F2
d0c096c7-a35f-4312-8453-66b12714cc97,2018,5,12,nirei-fukuzumi,arden-international,Dallara F2 2018,Mecachrome F2
d0c096c7-a35f-4312-8453-66b12714cc97,2018,5,14,luca-ghiotto,campos-racing,Dallara F2 2018,Mecachrome F2
d0c096c7-a35f-4312-8453-66b12714cc97,2018,5,15,roy-nissany,campos-racing,Dallara F2 2018,Mecachrome F2
d0c096c7-a35f-4312-8453-66b12714cc97,2018,5,18,sergio-sette-camara,carlin,Dallara F2 2018,Mecachrome F2
d0c096c7-a35f-4312-8453-66b12714cc97,2018,5,19,lando-norris,carlin,Dallara F2 2018,Mecachrome F2
d0c096c7-a35f-4312-8453-66b12714cc97,2018,5,20,louis-deletraz,charouz-racing-system,Dallara F2 2018,Mecachrome F2
d0c096c7-a35f-4312-8453-66b12714cc97,2018,5,21,antonio-fuoco,charouz-racing-system,Dallara F2 2018,Mecachrome F2
d0c096c7-a35f-4312-8453-66b12714cc97,2018,5,5,alexander-albon,dams,Dallara F2 2018,Mecachrome F2
d0c096c7-a35f-4312-8453-66b12714cc97,2018,5,6,nicholas-latifi,dams,Dallara F2 2018,Mecachrome F2
d0c096c7-a35f-4312-8453-66b12714cc97,2018,5,9,roberto-merhi,mp-motorsport,Dallara F2 2018,Mecachrome F2
d0c096c7-a35f-4312-8453-66b12714cc97,2018,5,10,ralph-boschung,mp-motorsport,Dallara F2 2018,Mecachrome F2
d0c096c7-a35f-4312-8453-66b12714cc97,2018,5,3,sean-gelael,prema-racing,Dallara F2 2018,Mecachrome F2
d0c096c7-a35f-4312-8453-66b12714cc97,2018,5,4,nyck-de-vries,prema-racing,Dallara F2 2018,Mecachrome F2
d0c096c7-a35f-4312-8453-66b12714cc97,2018,5,1,artem-markelov,russian-time,Dallara F2 2018,Mecachrome F2
d0c096c7-a35f-4312-8453-66b12714cc97,2018,5,2,tadasuke-makino,russian-time,Dallara F2 2018,Mecachrome F2
d0c096c7-a35f-4312-8453-66b12714cc97,2018,5,16,arjun-maini,trident-motorsport,Dallara F2 2018,Mecachrome F2
d0c096c7-a35f-4312-8453-66b12714cc97,2018,5,17,santino-ferrucci,trident-motorsport,Dallara F2 2018,Mecachrome F2
fa27ce18-d7e7-409b-a58e-b97905294818,2018,6,7,jack-aitken,art-grand-prix,Dallara F2 2018,Mecachrome F2
fa27ce18-d7e7-409b-a58e-b97905294818,2018,6,8,george-russell,art-grand-prix,Dallara F2 2018,Mecachrome F2
fa27ce18-d7e7-409b-a58e-b97905294818,2018,6,11,maximilian-gunther,arden-international,Dallara F2 2018,Mecachrome F2
fa27ce18-d7e7-409b-a58e-b97905294818,2018,6,12,nirei-fukuzumi,arden-international,Dallara F2 2018,Mecachrome F2
fa27ce18-d7e7-409b-a58e-b97905294818,2018,6,14,luca-ghiotto,campos-racing,Dallara F2 2018,Mecachrome F2
fa27ce18-d7e7-409b-a58e-b97905294818,2018,6,15,roy-nissany,campos-racing,Dallara F2 2018,Mecachrome F2
fa27ce18-d7e7-409b-a58e-b97905294818,2018,6,18,sergio-sette-camara,carlin,Dallara F2 2018,Mecachrome F2
fa27ce18-d7e7-409b-a58e-b97905294818,2018,6,19,lando-norris,carlin,Dallara F2 2018,Mecachrome F2
fa27ce18-d7e7-409b-a58e-b97905294818,2018,6,20,louis-deletraz,charouz-racing-system,Dallara F2 2018,Mecachrome F2
fa27ce18-d7e7-409b-a58e-b97905294818,2018,6,21,antonio-fuoco,charouz-racing-system,Dallara F2 2018,Mecachrome F2
fa27ce18-d7e7-409b-a58e-b97905294818,2018,6,5,alexander-albon,dams,Dallara F2 2018,Mecachrome F2
fa27ce18-d7e7-409b-a58e-b97905294818,2018,6,6,nicholas-latifi,dams,Dallara F2 2018,Mecachrome F2
fa27ce18-d7e7-409b-a58e-b97905294818,2018,6,9,roberto-merhi,mp-motorsport,Dallara F2 2018,Mecachrome F2
fa27ce18-d7e7-409b-a58e-b97905294818,2018,6,10,ralph-boschung,mp-motorsport,Dallara F2 2018,Mecachrome F2
fa27ce18-d7e7-409b-a58e-b97905294818,2018,6,3,sean-gelael,prema-racing,Dallara F2 2018,Mecachrome F2
fa27ce18-d7e7-409b-a58e-b97905294818,2018,6,4,nyck-de-vries,prema-racing,Dallara F2 2018,Mecachrome F2
fa27ce18-d7e7-409b-a58e-b97905294818,2018,6,1,artem-markelov,russian-time,Dallara F2 2018,Mecachrome F2
fa27ce18-d7e7-409b-a58e-b97905294818,2018,6,2,tadasuke-makino,russian-time,Dallara F2 2018,Mecachrome F2
fa27ce18-d7e7-409b-a58e-b97905294818,2018,6,16,arjun-maini,trident-motorsport,Dallara F2 2018,Mecachrome F2
fa27ce18-d7e7-409b-a58e-b97905294818,2018,6,17,santino-ferrucci,trident-motorsport,Dallara F2 2018,Mecachrome F2
d6c4c60d-5b64-415f-a400-cb8a307c3b5d,2018,7,7,jack-aitken,art-grand-prix,Dallara F2 2018,Mecachrome F2
d6c4c60d-5b64-415f-a400-cb8a307c3b5d,2018,7,8,george-russell,art-grand-prix,Dallara F2 2018,Mecachrome F2
d6c4c60d-5b64-415f-a400-cb8a307c3b5d,2018,7,11,maximilian-gunther,arden-international,Dallara F2 2018,Mecachrome F2
d6c4c60d-5b64-415f-a400-cb8a307c3b5d,2018,7,12,nirei-fukuzumi,arden-international,Dallara F2 2018,Mecachrome F2
d6c4c60d-5b64-415f-a400-cb8a307c3b5d,2018,7,14,luca-ghiotto,campos-racing,Dallara F2 2018,Mecachrome F2
d6c4c60d-5b64-415f-a400-cb8a307c3b5d,2018,7,15,roy-nissany,campos-racing,Dallara F2 2018,Mecachrome F2
d6c4c60d-5b64-415f-a400-cb8a307c3b5d,2018,7,18,sergio-sette-camara,carlin,Dallara F2 2018,Mecachrome F2
d6c4c60d-5b64-415f-a400-cb8a307c3b5d,2018,7,19,lando-norris,carlin,Dallara F2 2018,Mecachrome F2
d6c4c60d-5b64-415f-a400-cb8a307c3b5d,2018,7,20,louis-deletraz,charouz-racing-system,Dallara F2 2018,Mecachrome F2
d6c4c60d-5b64-415f-a400-cb8a307c3b5d,2018,7,21,antonio-fuoco,charouz-racing-system,Dallara F2 2018,Mecachrome F2
d6c4c60d-5b64-415f-a400-cb8a307c3b5d,2018,7,5,alexander-albon,dams,Dallara F2 2018,Mecachrome F2
d6c4c60d-5b64-415f-a400-cb8a307c3b5d,2018,7,6,nicholas-latifi,dams,Dallara F2 2018,Mecachrome F2
d6c4c60d-5b64-415f-a400-cb8a307c3b5d,2018,7,9,roberto-merhi,mp-motorsport,Dallara F2 2018,Mecachrome F2
d6c4c60d-5b64-415f-a400-cb8a307c3b5d,2018,7,10,ralph-boschung,mp-motorsport,Dallara F2 2018,Mecachrome F2
d6c4c60d-5b64-415f-a400-cb8a307c3b5d,2018,7,3,sean-gelael,prema-racing,Dallara F2 2018,Mecachrome F2
d6c4c60d-5b64-415f-a400-cb8a307c3b5d,2018,7,4,nyck-de-vries,prema-racing,Dallara F2 2018,Mecachrome F2
d6c4c60d-5b64-415f-a400-cb8a307c3b5d,2018,7,1,artem-markelov,russian-time,Dallara F2 2018,Mecachrome F2
d6c4c60d-5b64-415f-a400-cb8a307c3b5d,2018,7,2,tadasuke-makino,russian-time,Dallara F2 2018,Mecachrome F2
d6c4c60d-5b64-415f-a400-cb8a307c3b5d,2018,7,16,arjun-maini,trident-motorsport,Dallara F2 2018,Mecachrome F2
d6c4c60d-5b64-415f-a400-cb8a307c3b5d,2018,7,17,santino-ferrucci,trident-motorsport,Dallara F2 2018,Mecachrome F2
c460caf9-8786-4dc6-92a9-cac2e9f2a8cf,2018,8,7,jack-aitken,art-grand-prix,Dallara F2 2018,Mecachrome F2
c460caf9-8786-4dc6-92a9-cac2e9f2a8cf,2018,8,8,george-russell,art-grand-prix,Dallara F2 2018,Mecachrome F2
c460caf9-8786-4dc6-92a9-cac2e9f2a8cf,2018,8,11,maximilian-gunther,arden-international,Dallara F2 2018,Mecachrome F2
c460caf9-8786-4dc6-92a9-cac2e9f2a8cf,2018,8,12,nirei-fukuzumi,arden-international,Dallara F2 2018,Mecachrome F2
c460caf9-8786-4dc6-92a9-cac2e9f2a8cf,2018,8,14,luca-ghiotto,campos-racing,Dallara F2 2018,Mecachrome F2
c460caf9-8786-4dc6-92a9-cac2e9f2a8cf,2018,8,15,roy-nissany,campos-racing,Dallara F2 2018,Mecachrome F2
c460caf9-8786-4dc6-92a9-cac2e9f2a8cf,2018,8,18,sergio-sette-camara,carlin,Dallara F2 2018,Mecachrome F2
c460caf9-8786-4dc6-92a9-cac2e9f2a8cf,2018,8,19,lando-norris,carlin,Dallara F2 2018,Mecachrome F2
c460caf9-8786-4dc6-92a9-cac2e9f2a8cf,2018,8,20,louis-deletraz,charouz-racing-system,Dallara F2 2018,Mecachrome F2
c460caf9-8786-4dc6-92a9-cac2e9f2a8cf,2018,8,21,antonio-fuoco,charouz-racing-system,Dallara F2 2018,Mecachrome F2
c460caf9-8786-4dc6-92a9-cac2e9f2a8cf,2018,8,5,alexander-albon,dams,Dallara F2 2018,Mecachrome F2
c460caf9-8786-4dc6-92a9-cac2e9f2a8cf,2018,8,6,nicholas-latifi,dams,Dallara F2 2018,Mecachrome F2
c460caf9-8786-4dc6-92a9-cac2e9f2a8cf,2018,8,9,roberto-merhi,mp-motorsport,Dallara F2 2018,Mecachrome F2
c460caf9-8786-4dc6-92a9-cac2e9f2a8cf,2018,8,10,ralph-boschung,mp-motorsport,Dallara F2 2018,Mecachrome F2
c460caf9-8786-4dc6-92a9-cac2e9f2a8cf,2018,8,3,sean-gelael,prema-racing,Dallara F2 2018,Mecachrome F2
c460caf9-8786-4dc6-92a9-cac2e9f2a8cf,2018,8,4,nyck-de-vries,prema-racing,Dallara F2 2018,Mecachrome F2
c460caf9-8786-4dc6-92a9-cac2e9f2a8cf,2018,8,1,artem-markelov,russian-time,Dallara F2 2018,Mecachrome F2
c460caf9-8786-4dc6-92a9-cac2e9f2a8cf,2018,8,2,tadasuke-makino,russian-time,Dallara F2 2018,Mecachrome F2
c460caf9-8786-4dc6-92a9-cac2e9f2a8cf,2018,8,16,arjun-maini,trident-motorsport,Dallara F2 2018,Mecachrome F2
c460caf9-8786-4dc6-92a9-cac2e9f2a8cf,2018,8,17,alessio-lorandi,trident-motorsport,Dallara F2 2018,Mecachrome F2
ff1aab76-318d-4798-a43e-deb6126e9bc7,2018,9,7,jack-aitken,art-grand-prix,Dallara F2 2018,Mecachrome F2
ff1aab76-318d-4798-a43e-deb6126e9bc7,2018,9,8,george-russell,art-grand-prix,Dallara F2 2018,Mecachrome F2
ff1aab76-318d-4798-a43e-deb6126e9bc7,2018,9,11,maximilian-gunther,arden-international,Dallara F2 2018,Mecachrome F2
ff1aab76-318d-4798-a43e-deb6126e9bc7,2018,9,12,nirei-fukuzumi,arden-international,Dallara F2 2018,Mecachrome F2
ff1aab76-318d-4798-a43e-deb6126e9bc7,2018,9,14,luca-ghiotto,campos-racing,Dallara F2 2018,Mecachrome F2
ff1aab76-318d-4798-a43e-deb6126e9bc7,2018,9,15,roy-nissany,campos-racing,Dallara F2 2018,Mecachrome F2
ff1aab76-318d-4798-a43e-deb6126e9bc7,2018,9,18,sergio-sette-camara,carlin,Dallara F2 2018,Mecachrome F2
ff1aab76-318d-4798-a43e-deb6126e9bc7,2018,9,19,lando-norris,carlin,Dallara F2 2018,Mecachrome F2
ff1aab76-318d-4798-a43e-deb6126e9bc7,2018,9,20,louis-deletraz,charouz-racing-system,Dallara F2 2018,Mecachrome F2
ff1aab76-318d-4798-a43e-deb6126e9bc7,2018,9,21,antonio-fuoco,charouz-racing-system,Dallara F2 2018,Mecachrome F2
ff1aab76-318d-4798-a43e-deb6126e9bc7,2018,9,5,alexander-albon,dams,Dallara F2 2018,Mecachrome F2
ff1aab76-318d-4798-a43e-deb6126e9bc7,2018,9,6,nicholas-latifi,dams,Dallara F2 2018,Mecachrome F2
ff1aab76-318d-4798-a43e-deb6126e9bc7,2018,9,9,dorian-boccolacci,mp-motorsport,Dallara F2 2018,Mecachrome F2
ff1aab76-318d-4798-a43e-deb6126e9bc7,2018,9,10,ralph-boschung,mp-motorsport,Dallara F2 2018,Mecachrome F2
ff1aab76-318d-4798-a43e-deb6126e9bc7,2018,9,3,sean-gelael,prema-racing,Dallara F2 2018,Mecachrome F2
ff1aab76-318d-4798-a43e-deb6126e9bc7,2018,9,4,nyck-de-vries,prema-racing,Dallara F2 2018,Mecachrome F2
ff1aab76-318d-4798-a43e-deb6126e9bc7,2018,9,1,artem-markelov,russian-time,Dallara F2 2018,Mecachrome F2
ff1aab76-318d-4798-a43e-deb6126e9bc7,2018,9,2,tadasuke-makino,russian-time,Dallara F2 2018,Mecachrome F2
ff1aab76-318d-4798-a43e-deb6126e9bc7,2018,9,16,arjun-maini,trident-motorsport,Dallara F2 2018,Mecachrome F2
ff1aab76-318d-4798-a43e-deb6126e9bc7,2018,9,17,alessio-lorandi,trident-motorsport,Dallara F2 2018,Mecachrome F2
5d86f633-224f-4e5b-9194-d538f92b6c16,2018,10,7,jack-aitken,art-grand-prix,Dallara F2 2018,Mecachrome F2
5d86f633-224f-4e5b-9194-d538f92b6c16,2018,10,8,george-russell,art-grand-prix,Dallara F2 2018,Mecachrome F2
5d86f633-224f-4e5b-9194-d538f92b6c16,2018,10,11,maximilian-gunther,arden-international,Dallara F2 2018,Mecachrome F2
5d86f633-224f-4e5b-9194-d538f92b6c16,2018,10,12,nirei-fukuzumi,arden-international,Dallara F2 2018,Mecachrome F2
5d86f633-224f-4e5b-9194-d538f92b6c16,2018,10,14,luca-ghiotto,campos-racing,Dallara F2 2018,Mecachrome F2
5d86f633-224f-4e5b-9194-d538f92b6c16,2018,10,15,roy-nissany,campos-racing,Dallara F2 2018,Mecachrome F2
5d86f633-224f-4e5b-9194-d538f92b6c16,2018,10,18,sergio-sette-camara,carlin,Dallara F2 2018,Mecachrome F2
5d86f633-224f-4e5b-9194-d538f92b6c16,2018,10,19,lando-norris,carlin,Dallara F2 2018,Mecachrome F2
5d86f633-224f-4e5b-9194-d538f92b6c16,2018,10,20,louis-deletraz,charouz-racing-system,Dallara F2 2018,Mecachrome F2
5d86f633-224f-4e5b-9194-d538f92b6c16,2018,10,21,antonio-fuoco,charouz-racing-system,Dallara F2 2018,Mecachrome F2
5d86f633-224f-4e5b-9194-d538f92b6c16,2018,10,5,alexander-albon,dams,Dallara F2 2018,Mecachrome F2
5d86f633-224f-4e5b-9194-d538f92b6c16,2018,10,6,nicholas-latifi,dams,Dallara F2 2018,Mecachrome F2
5d86f633-224f-4e5b-9194-d538f92b6c16,2018,10,9,dorian-boccolacci,mp-motorsport,Dallara F2 2018,Mecachrome F2
5d86f633-224f-4e5b-9194-d538f92b6c16,2018,10,10,ralph-boschung,mp-motorsport,Dallara F2 2018,Mecachrome F2
5d86f633-224f-4e5b-9194-d538f92b6c16,2018,10,3,sean-gelael,prema-racing,Dallara F2 2018,Mecachrome F2
5d86f633-224f-4e5b-9194-d538f92b6c16,2018,10,4,nyck-de-vries,prema-racing,Dallara F2 2018,Mecachrome F2
5d86f633-224f-4e5b-9194-d538f92b6c16,2018,10,1,artem-markelov,russian-time,Dallara F2 2018,Mecachrome F2
5d86f633-224f-4e5b-9194-d538f92b6c16,2018,10,2,tadasuke-makino,russian-time,Dallara F2 2018,Mecachrome F2
5d86f633-224f-4e5b-9194-d538f92b6c16,2018,10,16,arjun-maini,trident-motorsport,Dallara F2 2018,Mecachrome F2
5d86f633-224f-4e5b-9194-d538f92b6c16,2018,10,17,alessio-lorandi,trident-motorsport,Dallara F2 2018,Mecachrome F2
32c96b60-875f-4274-9de5-9802ec3db133,2018,11,7,jack-aitken,art-grand-prix,Dallara F2 2018,Mecachrome F2
32c96b60-875f-4274-9de5-9802ec3db133,2018,11,8,george-russell,art-grand-prix,Dallara F2 2018,Mecachrome F2
32c96b60-875f-4274-9de5-9802ec3db133,2018,11,11,maximilian-gunther,arden-international,Dallara F2 2018,Mecachrome F2
32c96b60-875f-4274-9de5-9802ec3db133,2018,11,12,nirei-fukuzumi,arden-international,Dallara F2 2018,Mecachrome F2
32c96b60-875f-4274-9de5-9802ec3db133,2018,11,14,luca-ghiotto,campos-racing,Dallara F2 2018,Mecachrome F2
32c96b60-875f-4274-9de5-9802ec3db133,2018,11,15,roberto-merhi,campos-racing,Dallara F2 2018,Mecachrome F2
32c96b60-875f-4274-9de5-9802ec3db133,2018,11,18,sergio-sette-camara,carlin,Dallara F2 2018,Mecachrome F2
32c96b60-875f-4274-9de5-9802ec3db133,2018,11,19,lando-norris,carlin,Dallara F2 2018,Mecachrome F2
32c96b60-875f-4274-9de5-9802ec3db133,2018,11,20,louis-deletraz,charouz-racing-system,Dallara F2 2018,Mecachrome F2
32c96b60-875f-4274-9de5-9802ec3db133,2018,11,21,antonio-fuoco,charouz-racing-system,Dallara F2 2018,Mecachrome F2
32c96b60-875f-4274-9de5-9802ec3db133,2018,11,5,alexander-albon,dams,Dallara F2 2018,Mecachrome F2
32c96b60-875f-4274-9de5-9802ec3db133,2018,11,6,nicholas-latifi,dams,Dallara F2 2018,Mecachrome F2
32c96b60-875f-4274-9de5-9802ec3db133,2018,11,9,dorian-boccolacci,mp-motorsport,Dallara F2 2018,Mecachrome F2
32c96b60-875f-4274-9de5-9802ec3db133,2018,11,10,niko-kari,mp-motorsport,Dallara F2 2018,Mecachrome F2
32c96b60-875f-4274-9de5-9802ec3db133,2018,11,3,sean-gelael,prema-racing,Dallara F2 2018,Mecachrome F2
32c96b60-875f-4274-9de5-9802ec3db133,2018,11,4,nyck-de-vries,prema-racing,Dallara F2 2018,Mecachrome F2
32c96b60-875f-4274-9de5-9802ec3db133,2018,11,1,artem-markelov,russian-time,Dallara F2 2018,Mecachrome F2
32c96b60-875f-4274-9de5-9802ec3db133,2018,11,2,tadasuke-makino,russian-time,Dallara F2 2018,Mecachrome F2
32c96b60-875f-4274-9de5-9802ec3db133,2018,11,16,arjun-maini,trident-motorsport,Dallara F2 2018,Mecachrome F2
32c96b60-875f-4274-9de5-9802ec3db133,2018,11,17,alessio-lorandi,trident-motorsport,Dallara F2 2018,Mecachrome F2
f0406dc1-b002-47ed-950d-b30822b529cb,2018,12,7,jack-aitken,art-grand-prix,Dallara F2 2018,Mecachrome F2
f0406dc1-b002-47ed-950d-b30822b529cb,2018,12,8,george-russell,art-grand-prix,Dallara F2 2018,Mecachrome F2
f0406dc1-b002-47ed-950d-b30822b529cb,2018,12,11,daniel-ticktum,arden-international,Dallara F2 2018,Mecachrome F2
f0406dc1-b002-47ed-950d-b30822b529cb,2018,12,12,nirei-fukuzumi,arden-international,Dallara F2 2018,Mecachrome F2
f0406dc1-b002-47ed-950d-b30822b529cb,2018,12,14,luca-ghiotto,campos-racing,Dallara F2 2018,Mecachrome F2
f0406dc1-b002-47ed-950d-b30822b529cb,2018,12,15,roberto-merhi,campos-racing,Dallara F2 2018,Mecachrome F2
f0406dc1-b002-47ed-950d-b30822b529cb,2018,12,18,sergio-sette-camara,carlin,Dallara F2 2018,Mecachrome F2
f0406dc1-b002-47ed-950d-b30822b529cb,2018,12,19,lando-norris,carlin,Dallara F2 2018,Mecachrome F2
f0406dc1-b002-47ed-950d-b30822b529cb,2018,12,20,louis-deletraz,charouz-racing-system,Dallara F2 2018,Mecachrome F2
f0406dc1-b002-47ed-950d-b30822b529cb,2018,12,21,antonio-fuoco,charouz-racing-system,Dallara F2 2018,Mecachrome F2
f0406dc1-b002-47ed-950d-b30822b529cb,2018,12,5,alexander-albon,dams,Dallara F2 2018,Mecachrome F2
f0406dc1-b002-47ed-950d-b30822b529cb,2018,12,6,nicholas-latifi,dams,Dallara F2 2018,Mecachrome F2
f0406dc1-b002-47ed-950d-b30822b529cb,2018,12,9,dorian-boccolacci,mp-motorsport,Dallara F2 2018,Mecachrome F2
f0406dc1-b002-47ed-950d-b30822b529cb,2018,12,10,niko-kari,mp-motorsport,Dallara F2 2018,Mecachrome F2
f0406dc1-b002-47ed-950d-b30822b529cb,2018,12,3,sean-gelael,prema-racing,Dallara F2 2018,Mecachrome F2
f0406dc1-b002-47ed-950d-b30822b529cb,2018,12,4,nyck-de-vries,prema-racing,Dallara F2 2018,Mecachrome F2
f0406dc1-b002-47ed-950d-b30822b529cb,2018,12,1,artem-markelov,russian-time,Dallara F2 2018,Mecachrome F2
f0406dc1-b002-47ed-950d-b30822b529cb,2018,12,2,tadasuke-makino,russian-time,Dallara F2 2018,Mecachrome F2
f0406dc1-b002-47ed-950d-b30822b529cb,2018,12,16,arjun-maini,trident-motorsport,Dallara F2 2018,Mecachrome F2
f0406dc1-b002-47ed-950d-b30822b529cb,2018,12,17,alessio-lorandi,trident-motorsport,Dallara F2 2018,Mecachrome F2
b39166c6-16e9-4c1f-896d-226bc40367fc,2019,1,3,nikita-mazepin,art-grand-prix,Dallara F2 2018,Mecachrome F2
b39166c6-16e9-4c1f-896d-226bc40367fc,2019,1,4,nyck-de-vries,art-grand-prix,Dallara F2 2018,Mecachrome F2
b39166c6-16e9-4c1f-896d-226bc40367fc,2019,1,18,tatiana-calderon,arden-international,Dallara F2 2018,Mecachrome F2
b39166c6-16e9-4c1f-896d-226bc40367fc,2019,1,19,anthoine-hubert,arden-international,Dallara F2 2018,Mecachrome F2
b39166c6-16e9-4c1f-896d-226bc40367fc,2019,1,14,dorian-boccolacci,campos-racing,Dallara F2 2018,Mecachrome F2
b39166c6-16e9-4c1f-896d-226bc40367fc,2019,1,15,jack-aitken,campos-racing,Dallara F2 2018,Mecachrome F2
b39166c6-16e9-4c1f-896d-226bc40367fc,2019,1,1,louis-deletraz,carlin,Dallara F2 2018,Mecachrome F2
b39166c6-16e9-4c1f-896d-226bc40367fc,2019,1,2,nobuharu-matsushita,carlin,Dallara F2 2018,Mecachrome F2
b39166c6-16e9-4c1f-896d-226bc40367fc,2019,1,5,sergio-sette-camara,dams,Dallara F2 2018,Mecachrome F2
b39166c6-16e9-4c1f-896d-226bc40367fc,2019,1,6,nicholas-latifi,dams,Dallara F2 2018,Mecachrome F2
b39166c6-16e9-4c1f-896d-226bc40367fc,2019,1,16,jordan-king,mp-motorsport,Dallara F2 2018,Mecachrome F2
b39166c6-16e9-4c1f-896d-226bc40367fc,2019,1,17,mahaveer-raghunathan,mp-motorsport,Dallara F2 2018,Mecachrome F2
b39166c6-16e9-4c1f-896d-226bc40367fc,2019,1,9,mick-schumacher,prema-racing,Dallara F2 2018,Mecachrome F2
b39166c6-16e9-4c1f-896d-226bc40367fc,2019,1,10,sean-gelael,prema-racing,Dallara F2 2018,Mecachrome F2
b39166c6-16e9-4c1f-896d-226bc40367fc,2019,1,11,callum-ilott,sauber-junior-team-by-charouz,Dallara F2 2018,Mecachrome F2
b39166c6-16e9-4c1f-896d-226bc40367fc,2019,1,12,juan-manuel-correa,sauber-junior-team-by-charouz,Dallara F2 2018,Mecachrome F2
b39166c6-16e9-4c1f-896d-226bc40367fc,2019,1,20,giuliano-alesi,trident-motorsport,Dallara F2 2018,Mecachrome F2
b39166c6-16e9-4c1f-896d-226bc40367fc,2019,1,21,ralph-boschung,trident-motorsport,Dallara F2 2018,Mecachrome F2
b39166c6-16e9-4c1f-896d-226bc40367fc,2019,1,7,zhou-guanyu,virtuosi-racing,Dallara F2 2018,Mecachrome F2
b39166c6-16e9-4c1f-896d-226bc40367fc,2019,1,8,luca-ghiotto,virtuosi-racing,Dallara F2 2018,Mecachrome F2
faad1f37-0768-4a57-845b-0ef7d5b506a6,2019,2,3,nikita-mazepin,art-grand-prix,Dallara F2 2018,Mecachrome F2
faad1f37-0768-4a57-845b-0ef7d5b506a6,2019,2,4,nyck-de-vries,art-grand-prix,Dallara F2 2018,Mecachrome F2
faad1f37-0768-4a57-845b-0ef7d5b506a6,2019,2,18,tatiana-calderon,arden-international,Dallara F2 2018,Mecachrome F2
faad1f37-0768-4a57-845b-0ef7d5b506a6,2019,2,19,anthoine-hubert,arden-international,Dallara F2 2018,Mecachrome F2
faad1f37-0768-4a57-845b-0ef7d5b506a6,2019,2,14,dorian-boccolacci,campos-racing,Dallara F2 2018,Mecachrome F2
faad1f37-0768-4a57-845b-0ef7d5b506a6,2019,2,15,jack-aitken,campos-racing,Dallara F2 2018,Mecachrome F2
faad1f37-0768-4a57-845b-0ef7d5b506a6,2019,2,1,louis-deletraz,carlin,Dallara F2 2018,Mecachrome F2
faad1f37-0768-4a57-845b-0ef7d5b506a6,2019,2,2,nobuharu-matsushita,carlin,Dallara F2 2018,Mecachrome F2
faad1f37-0768-4a57-845b-0ef7d5b506a6,2019,2,5,sergio-sette-camara,dams,Dallara F2 2018,Mecachrome F2
faad1f37-0768-4a57-845b-0ef7d5b506a6,2019,2,6,nicholas-latifi,dams,Dallara F2 2018,Mecachrome F2
faad1f37-0768-4a57-845b-0ef7d5b506a6,2019,2,16,jordan-king,mp-motorsport,Dallara F2 2018,Mecachrome F2
faad1f37-0768-4a57-845b-0ef7d5b506a6,2019,2,17,mahaveer-raghunathan,mp-motorsport,Dallara F2 2018,Mecachrome F2
faad1f37-0768-4a57-845b-0ef7d5b506a6,2019,2,9,mick-schumacher,prema-racing,Dallara F2 2018,Mecachrome F2
faad1f37-0768-4a57-845b-0ef7d5b506a6,2019,2,10,sean-gelael,prema-racing,Dallara F2 2018,Mecachrome F2
faad1f37-0768-4a57-845b-0ef7d5b506a6,2019,2,11,callum-ilott,sauber-junior-team-by-charouz,Dallara F2 2018,Mecachrome F2
faad1f37-0768-4a57-845b-0ef7d5b506a6,2019,2,12,juan-manuel-correa,sauber-junior-team-by-charouz,Dallara F2 2018,Mecachrome F2
faad1f37-0768-4a57-845b-0ef7d5b506a6,2019,2,20,giuliano-alesi,trident-motorsport,Dallara F2 2018,Mecachrome F2
faad1f37-0768-4a57-845b-0ef7d5b506a6,2019,2,21,ralph-boschung,trident-motorsport,Dallara F2 2018,Mecachrome F2
faad1f37-0768-4a57-845b-0ef7d5b506a6,2019,2,7,zhou-guanyu,virtuosi-racing,Dallara F2 2018,Mecachrome F2
faad1f37-0768-4a57-845b-0ef7d5b506a6,2019,2,8,luca-ghiotto,virtuosi-racing,Dallara F2 2018,Mecachrome F2
ee3663f7-da8a-41b2-8761-54df52513993,2019,3,3,nikita-mazepin,art-grand-prix,Dallara F2 2018,Mecachrome F2
ee3663f7-da8a-41b2-8761-54df52513993,2019,3,4,nyck-de-vries,art-grand-prix,Dallara F2 2018,Mecachrome F2
ee3663f7-da8a-41b2-8761-54df52513993,2019,3,18,tatiana-calderon,arden-international,Dallara F2 2018,Mecachrome F2
ee3663f7-da8a-41b2-8761-54df52513993,2019,3,19,anthoine-hubert,arden-international,Dallara F2 2018,Mecachrome F2
ee3663f7-da8a-41b2-8761-54df52513993,2019,3,14,dorian-boccolacci,campos-racing,Dallara F2 2018,Mecachrome F2
ee3663f7-da8a-41b2-8761-54df52513993,2019,3,15,jack-aitken,campos-racing,Dallara F2 2018,Mecachrome F2
ee3663f7-da8a-41b2-8761-54df52513993,2019,3,1,louis-deletraz,carlin,Dallara F2 2018,Mecachrome F2
ee3663f7-da8a-41b2-8761-54df52513993,2019,3,2,nobuharu-matsushita,carlin,Dallara F2 2018,Mecachrome F2
ee3663f7-da8a-41b2-8761-54df52513993,2019,3,5,sergio-sette-camara,dams,Dallara F2 2018,Mecachrome F2
ee3663f7-da8a-41b2-8761-54df52513993,2019,3,6,nicholas-latifi,dams,Dallara F2 2018,Mecachrome F2
ee3663f7-da8a-41b2-8761-54df52513993,2019,3,16,jordan-king,mp-motorsport,Dallara F2 2018,Mecachrome F2
ee3663f7-da8a-41b2-8761-54df52513993,2019,3,17,mahaveer-raghunathan,mp-motorsport,Dallara F2 2018,Mecachrome F2
ee3663f7-da8a-41b2-8761-54df52513993,2019,3,9,mick-schumacher,prema-racing,Dallara F2 2018,Mecachrome F2
ee3663f7-da8a-41b2-8761-54df52513993,2019,3,10,sean-gelael,prema-racing,Dallara F2 2018,Mecachrome F2
ee3663f7-da8a-41b2-8761-54df52513993,2019,3,11,callum-ilott,sauber-junior-team-by-charouz,Dallara F2 2018,Mecachrome F2
ee3663f7-da8a-41b2-8761-54df52513993,2019,3,12,juan-manuel-correa,sauber-junior-team-by-charouz,Dallara F2 2018,Mecachrome F2
ee3663f7-da8a-41b2-8761-54df52513993,2019,3,20,giuliano-alesi,trident-motorsport,Dallara F2 2018,Mecachrome F2
ee3663f7-da8a-41b2-8761-54df52513993,2019,3,21,ralph-boschung,trident-motorsport,Dallara F2 2018,Mecachrome F2
ee3663f7-da8a-41b2-8761-54df52513993,2019,3,7,zhou-guanyu,virtuosi-racing,Dallara F2 2018,Mecachrome F2
ee3663f7-da8a-41b2-8761-54df52513993,2019,3,8,luca-ghiotto,virtuosi-racing,Dallara F2 2018,Mecachrome F2
19caaf49-dd66-414a-8f44-cd2f11a8f9d0,2019,4,3,nikita-mazepin,art-grand-prix,Dallara F2 2018,Mecachrome F2
19caaf49-dd66-414a-8f44-cd2f11a8f9d0,2019,4,4,nyck-de-vries,art-grand-prix,Dallara F2 2018,Mecachrome F2
19caaf49-dd66-414a-8f44-cd2f11a8f9d0,2019,4,18,tatiana-calderon,arden-international,Dallara F2 2018,Mecachrome F2
19caaf49-dd66-414a-8f44-cd2f11a8f9d0,2019,4,19,anthoine-hubert,arden-international,Dallara F2 2018,Mecachrome F2
19caaf49-dd66-414a-8f44-cd2f11a8f9d0,2019,4,14,dorian-boccolacci,campos-racing,Dallara F2 2018,Mecachrome F2
19caaf49-dd66-414a-8f44-cd2f11a8f9d0,2019,4,15,jack-aitken,campos-racing,Dallara F2 2018,Mecachrome F2
19caaf49-dd66-414a-8f44-cd2f11a8f9d0,2019,4,1,louis-deletraz,carlin,Dallara F2 2018,Mecachrome F2
19caaf49-dd66-414a-8f44-cd2f11a8f9d0,2019,4,2,nobuharu-matsushita,carlin,Dallara F2 2018,Mecachrome F2
19caaf49-dd66-414a-8f44-cd2f11a8f9d0,2019,4,5,sergio-sette-camara,dams,Dallara F2 2018,Mecachrome F2
19caaf49-dd66-414a-8f44-cd2f11a8f9d0,2019,4,6,nicholas-latifi,dams,Dallara F2 2018,Mecachrome F2
19caaf49-dd66-414a-8f44-cd2f11a8f9d0,2019,4,16,artem-markelov,mp-motorsport,Dallara F2 2018,Mecachrome F2
19caaf49-dd66-414a-8f44-cd2f11a8f9d0,2019,4,17,mahaveer-raghunathan,mp-motorsport,Dallara F2 2018,Mecachrome F2
19caaf49-dd66-414a-8f44-cd2f11a8f9d0,2019,4,9,mick-schumacher,prema-racing,Dallara F2 2018,Mecachrome F2
19caaf49-dd66-414a-8f44-cd2f11a8f9d0,2019,4,10,sean-gelael,prema-racing,Dallara F2 2018,Mecachrome F2
19caaf49-dd66-414a-8f44-cd2f11a8f9d0,2019,4,11,callum-ilott,sauber-junior-team-by-charouz,Dallara F2 2018,Mecachrome F2
19caaf49-dd66-414a-8f44-cd2f11a8f9d0,2019,4,12,juan-manuel-correa,sauber-junior-team-by-charouz,Dallara F2 2018,Mecachrome F2
19caaf49-dd66-414a-8f44-cd2f11a8f9d0,2019,4,20,giuliano-alesi,trident-motorsport,Dallara F2 2018,Mecachrome F2
19caaf49-dd66-414a-8f44-cd2f11a8f9d0,2019,4,21,ralph-boschung,trident-motorsport,Dallara F2 2018,Mecachrome F2
19caaf49-dd66-414a-8f44-cd2f11a8f9d0,2019,4,7,zhou-guanyu,virtuosi-racing,Dallara F2 2018,Mecachrome F2
19caaf49-dd66-414a-8f44-cd2f11a8f9d0,2019,4,8,luca-ghiotto,virtuosi-racing,Dallara F2 2018,Mecachrome F2
8ff399c5-3c85-4cc8-92d9-03b689353a1c,2019,5,3,nikita-mazepin,art-grand-prix,Dallara F2 2018,Mecachrome F2
8ff399c5-3c85-4cc8-92d9-03b689353a1c,2019,5,4,nyck-de-vries,art-grand-prix,Dallara F2 2018,Mecachrome F2
8ff399c5-3c85-4cc8-92d9-03b689353a1c,2019,5,18,tatiana-calderon,arden-international,Dallara F2 2018,Mecachrome F2
8ff399c5-3c85-4cc8-92d9-03b689353a1c,2019,5,19,anthoine-hubert,arden-international,Dallara F2 2018,Mecachrome F2
8ff399c5-3c85-4cc8-92d9-03b689353a1c,2019,5,14,dorian-boccolacci,campos-racing,Dallara F2 2018,Mecachrome F2
8ff399c5-3c85-4cc8-92d9-03b689353a1c,2019,5,15,jack-aitken,campos-racing,Dallara F2 2018,Mecachrome F2
8ff399c5-3c85-4cc8-92d9-03b689353a1c,2019,5,1,louis-deletraz,carlin,Dallara F2 2018,Mecachrome F2
8ff399c5-3c85-4cc8-92d9-03b689353a1c,2019,5,2,nobuharu-matsushita,carlin,Dallara F2 2018,Mecachrome F2
8ff399c5-3c85-4cc8-92d9-03b689353a1c,2019,5,5,sergio-sette-camara,dams,Dallara F2 2018,Mecachrome F2
8ff399c5-3c85-4cc8-92d9-03b689353a1c,2019,5,6,nicholas-latifi,dams,Dallara F2 2018,Mecachrome F2
8ff399c5-3c85-4cc8-92d9-03b689353a1c,2019,5,16,jordan-king,mp-motorsport,Dallara F2 2018,Mecachrome F2
8ff399c5-3c85-4cc8-92d9-03b689353a1c,2019,5,17,mahaveer-raghunathan,mp-motorsport,Dallara F2 2018,Mecachrome F2
8ff399c5-3c85-4cc8-92d9-03b689353a1c,2019,5,9,mick-schumacher,prema-racing,Dallara F2 2018,Mecachrome F2
8ff399c5-3c85-4cc8-92d9-03b689353a1c,2019,5,10,sean-gelael,prema-racing,Dallara F2 2018,Mecachrome F2
8ff399c5-3c85-4cc8-92d9-03b689353a1c,2019,5,11,callum-ilott,sauber-junior-team-by-charouz,Dallara F2 2018,Mecachrome F2
8ff399c5-3c85-4cc8-92d9-03b689353a1c,2019,5,12,juan-manuel-correa,sauber-junior-team-by-charouz,Dallara F2 2018,Mecachrome F2
8ff399c5-3c85-4cc8-92d9-03b689353a1c,2019,5,20,giuliano-alesi,trident-motorsport,Dallara F2 2018,Mecachrome F2
8ff399c5-3c85-4cc8-92d9-03b689353a1c,2019,5,21,ralph-boschung,trident-motorsport,Dallara F2 2018,Mecachrome F2
8ff399c5-3c85-4cc8-92d9-03b689353a1c,2019,5,7,zhou-guanyu,virtuosi-racing,Dallara F2 2018,Mecachrome F2
8ff399c5-3c85-4cc8-92d9-03b689353a1c,2019,5,8,luca-ghiotto,virtuosi-racing,Dallara F2 2018,Mecachrome F2
a66b17ae-96bd-441b-a536-67a64df51bb4,2019,6,3,nikita-mazepin,art-grand-prix,Dallara F2 2018,Mecachrome F2
a66b17ae-96bd-441b-a536-67a64df51bb4,2019,6,4,nyck-de-vries,art-grand-prix,Dallara F2 2018,Mecachrome F2
a66b17ae-96bd-441b-a536-67a64df51bb4,2019,6,18,tatiana-calderon,arden-international,Dallara F2 2018,Mecachrome F2
a66b17ae-96bd-441b-a536-67a64df51bb4,2019,6,19,anthoine-hubert,arden-international,Dallara F2 2018,Mecachrome F2
a66b17ae-96bd-441b-a536-67a64df51bb4,2019,6,14,arjun-maini,campos-racing,Dallara F2 2018,Mecachrome F2
a66b17ae-96bd-441b-a536-67a64df51bb4,2019,6,15,jack-aitken,campos-racing,Dallara F2 2018,Mecachrome F2
a66b17ae-96bd-441b-a536-67a64df51bb4,2019,6,1,louis-deletraz,carlin,Dallara F2 2018,Mecachrome F2
a66b17ae-96bd-441b-a536-67a64df51bb4,2019,6,2,nobuharu-matsushita,carlin,Dallara F2 2018,Mecachrome F2
a66b17ae-96bd-441b-a536-67a64df51bb4,2019,6,5,sergio-sette-camara,dams,Dallara F2 2018,Mecachrome F2
a66b17ae-96bd-441b-a536-67a64df51bb4,2019,6,6,nicholas-latifi,dams,Dallara F2 2018,Mecachrome F2
a66b17ae-96bd-441b-a536-67a64df51bb4,2019,6,16,jordan-king,mp-motorsport,Dallara F2 2018,Mecachrome F2
a66b17ae-96bd-441b-a536-67a64df51bb4,2019,6,17,pato-o-ward,mp-motorsport,Dallara F2 2018,Mecachrome F2
a66b17ae-96bd-441b-a536-67a64df51bb4,2019,6,9,mick-schumacher,prema-racing,Dallara F2 2018,Mecachrome F2
a66b17ae-96bd-441b-a536-67a64df51bb4,2019,6,10,sean-gelael,prema-racing,Dallara F2 2018,Mecachrome F2
a66b17ae-96bd-441b-a536-67a64df51bb4,2019,6,11,callum-ilott,sauber-junior-team-by-charouz,Dallara F2 2018,Mecachrome F2
a66b17ae-96bd-441b-a536-67a64df51bb4,2019,6,12,juan-manuel-correa,sauber-junior-team-by-charouz,Dallara F2 2018,Mecachrome F2
a66b17ae-96bd-441b-a536-67a64df51bb4,2019,6,20,giuliano-alesi,trident-motorsport,Dallara F2 2018,Mecachrome F2
a66b17ae-96bd-441b-a536-67a64df51bb4,2019,6,21,ryan-tveter,trident-motorsport,Dallara F2 2018,Mecachrome F2
a66b17ae-96bd-441b-a536-67a64df51bb4,2019,6,7,zhou-guanyu,virtuosi-racing,Dallara F2 2018,Mecachrome F2
a66b17ae-96bd-441b-a536-67a64df51bb4,2019,6,8,luca-ghiotto,virtuosi-racing,Dallara F2 2018,Mecachrome F2
e4fe319a-1bfb-487e-a633-5fb2567858a1,2019,7,3,nikita-mazepin,art-grand-prix,Dallara F2 2018,Mecachrome F2
e4fe319a-1bfb-487e-a633-5fb2567858a1,2019,7,4,nyck-de-vries,art-grand-prix,Dallara F2 2018,Mecachrome F2
e4fe319a-1bfb-487e-a633-5fb2567858a1,2019,7,18,tatiana-calderon,arden-international,Dallara F2 2018,Mecachrome F2
e4fe319a-1bfb-487e-a633-5fb2567858a1,2019,7,19,anthoine-hubert,arden-international,Dallara F2 2018,Mecachrome F2
e4fe319a-1bfb-487e-a633-5fb2567858a1,2019,7,14,arjun-maini,campos-racing,Dallara F2 2018,Mecachrome F2
e4fe319a-1bfb-487e-a633-5fb2567858a1,2019,7,15,jack-aitken,campos-racing,Dallara F2 2018,Mecachrome F2
e4fe319a-1bfb-487e-a633-5fb2567858a1,2019,7,1,louis-deletraz,carlin,Dallara F2 2018,Mecachrome F2
e4fe319a-1bfb-487e-a633-5fb2567858a1,2019,7,2,nobuharu-matsushita,carlin,Dallara F2 2018,Mecachrome F2
e4fe319a-1bfb-487e-a633-5fb2567858a1,2019,7,5,sergio-sette-camara,dams,Dallara F2 2018,Mecachrome F2
e4fe319a-1bfb-487e-a633-5fb2567858a1,2019,7,6,nicholas-latifi,dams,Dallara F2 2018,Mecachrome F2
e4fe319a-1bfb-487e-a633-5fb2567858a1,2019,7,16,jordan-king,mp-motorsport,Dallara F2 2018,Mecachrome F2
e4fe319a-1bfb-487e-a633-5fb2567858a1,2019,7,17,mahaveer-raghunathan,mp-motorsport,Dallara F2 2018,Mecachrome F2
e4fe319a-1bfb-487e-a633-5fb2567858a1,2019,7,9,mick-schumacher,prema-racing,Dallara F2 2018,Mecachrome F2
e4fe319a-1bfb-487e-a633-5fb2567858a1,2019,7,11,callum-ilott,sauber-junior-team-by-charouz,Dallara F2 2018,Mecachrome F2
e4fe319a-1bfb-487e-a633-5fb2567858a1,2019,7,12,juan-manuel-correa,sauber-junior-team-by-charouz,Dallara F2 2018,Mecachrome F2
e4fe319a-1bfb-487e-a633-5fb2567858a1,2019,7,20,giuliano-alesi,trident-motorsport,Dallara F2 2018,Mecachrome F2
e4fe319a-1bfb-487e-a633-5fb2567858a1,2019,7,21,dorian-boccolacci,trident-motorsport,Dallara F2 2018,Mecachrome F2
e4fe319a-1bfb-487e-a633-5fb2567858a1,2019,7,7,zhou-guanyu,virtuosi-racing,Dallara F2 2018,Mecachrome F2
e4fe319a-1bfb-487e-a633-5fb2567858a1,2019,7,8,luca-ghiotto,virtuosi-racing,Dallara F2 2018,Mecachrome F2
fdbc0701-a4d2-413a-a76a-60e244f9e60c,2019,8,3,nikita-mazepin,art-grand-prix,Dallara F2 2018,Mecachrome F2
fdbc0701-a4d2-413a-a76a-60e244f9e60c,2019,8,4,nyck-de-vries,art-grand-prix,Dallara F2 2018,Mecachrome F2
fdbc0701-a4d2-413a-a76a-60e244f9e60c,2019,8,18,tatiana-calderon,arden-international,Dallara F2 2018,Mecachrome F2
fdbc0701-a4d2-413a-a76a-60e244f9e60c,2019,8,19,anthoine-hubert,arden-international,Dallara F2 2018,Mecachrome F2
fdbc0701-a4d2-413a-a76a-60e244f9e60c,2019,8,14,arjun-maini,campos-racing,Dallara F2 2018,Mecachrome F2
fdbc0701-a4d2-413a-a76a-60e244f9e60c,2019,8,15,jack-aitken,campos-racing,Dallara F2 2018,Mecachrome F2
fdbc0701-a4d2-413a-a76a-60e244f9e60c,2019,8,1,louis-deletraz,carlin,Dallara F2 2018,Mecachrome F2
fdbc0701-a4d2-413a-a76a-60e244f9e60c,2019,8,2,nobuharu-matsushita,carlin,Dallara F2 2018,Mecachrome F2
fdbc0701-a4d2-413a-a76a-60e244f9e60c,2019,8,5,sergio-sette-camara,dams,Dallara F2 2018,Mecachrome F2
fdbc0701-a4d2-413a-a76a-60e244f9e60c,2019,8,6,nicholas-latifi,dams,Dallara F2 2018,Mecachrome F2
fdbc0701-a4d2-413a-a76a-60e244f9e60c,2019,8,16,jordan-king,mp-motorsport,Dallara F2 2018,Mecachrome F2
fdbc0701-a4d2-413a-a76a-60e244f9e60c,2019,8,17,mahaveer-raghunathan,mp-motorsport,Dallara F2 2018,Mecachrome F2
fdbc0701-a4d2-413a-a76a-60e244f9e60c,2019,8,9,mick-schumacher,prema-racing,Dallara F2 2018,Mecachrome F2
fdbc0701-a4d2-413a-a76a-60e244f9e60c,2019,8,10,sean-gelael,prema-racing,Dallara F2 2018,Mecachrome F2
fdbc0701-a4d2-413a-a76a-60e244f9e60c,2019,8,11,callum-ilott,sauber-junior-team-by-charouz,Dallara F2 2018,Mecachrome F2
fdbc0701-a4d2-413a-a76a-60e244f9e60c,2019,8,12,juan-manuel-correa,sauber-junior-team-by-charouz,Dallara F2 2018,Mecachrome F2
fdbc0701-a4d2-413a-a76a-60e244f9e60c,2019,8,20,giuliano-alesi,trident-motorsport,Dallara F2 2018,Mecachrome F2
fdbc0701-a4d2-413a-a76a-60e244f9e60c,2019,8,21,ralph-boschung,trident-motorsport,Dallara F2 2018,Mecachrome F2
fdbc0701-a4d2-413a-a76a-60e244f9e60c,2019,8,7,zhou-guanyu,virtuosi-racing,Dallara F2 2018,Mecachrome F2
fdbc0701-a4d2-413a-a76a-60e244f9e60c,2019,8,8,luca-ghiotto,virtuosi-racing,Dallara F2 2018,Mecachrome F2
3dab9ea9-3a5f-4d66-85df-7a53c54eed55,2019,9,3,nikita-mazepin,art-grand-prix,Dallara F2 2018,Mecachrome F2
3dab9ea9-3a5f-4d66-85df-7a53c54eed55,2019,9,4,nyck-de-vries,art-grand-prix,Dallara F2 2018,Mecachrome F2
3dab9ea9-3a5f-4d66-85df-7a53c54eed55,2019,9,18,tatiana-calderon,arden-international,Dallara F2 2018,Mecachrome F2
3dab9ea9-3a5f-4d66-85df-7a53c54eed55,2019,9,19,anthoine-hubert,arden-international,Dallara F2 2018,Mecachrome F2
3dab9ea9-3a5f-4d66-85df-7a53c54eed55,2019,9,14,marino-sato,campos-racing,Dallara F2 2018,Mecachrome F2
3dab9ea9-3a5f-4d66-85df-7a53c54eed55,2019,9,15,jack-aitken,campos-racing,Dallara F2 2018,Mecachrome F2
3dab9ea9-3a5f-4d66-85df-7a53c54eed55,2019,9,1,louis-deletraz,carlin,Dallara F2 2018,Mecachrome F2
3dab9ea9-3a5f-4d66-85df-7a53c54eed55,2019,9,2,nobuharu-matsushita,carlin,Dallara F2 2018,Mecachrome F2
3dab9ea9-3a5f-4d66-85df-7a53c54eed55,2019,9,5,sergio-sette-camara,dams,Dallara F2 2018,Mecachrome F2
3dab9ea9-3a5f-4d66-85df-7a53c54eed55,2019,9,6,nicholas-latifi,dams,Dallara F2 2018,Mecachrome F2
3dab9ea9-3a5f-4d66-85df-7a53c54eed55,2019,9,16,jordan-king,mp-motorsport,Dallara F2 2018,Mecachrome F2
3dab9ea9-3a5f-4d66-85df-7a53c54eed55,2019,9,17,mahaveer-raghunathan,mp-motorsport,Dallara F2 2018,Mecachrome F2
3dab9ea9-3a5f-4d66-85df-7a53c54eed55,2019,9,9,mick-schumacher,prema-racing,Dallara F2 2018,Mecachrome F2
3dab9ea9-3a5f-4d66-85df-7a53c54eed55,2019,9,10,sean-gelael,prema-racing,Dallara F2 2018,Mecachrome F2
3dab9ea9-3a5f-4d66-85df-7a53c54eed55,2019,9,11,callum-ilott,sauber-junior-team-by-charouz,Dallara F2 2018,Mecachrome F2
3dab9ea9-3a5f-4d66-85df-7a53c54eed55,2019,9,12,juan-manuel-correa,sauber-junior-team-by-charouz,Dallara F2 2018,Mecachrome F2
3dab9ea9-3a5f-4d66-85df-7a53c54eed55,2019,9,20,giuliano-alesi,trident-motorsport,Dallara F2 2018,Mecachrome F2
3dab9ea9-3a5f-4d66-85df-7a53c54eed55,2019,9,21,ralph-boschung,trident-motorsport,Dallara F2 2018,Mecachrome F2
3dab9ea9-3a5f-4d66-85df-7a53c54eed55,2019,9,7,zhou-guanyu,virtuosi-racing,Dallara F2 2018,Mecachrome F2
3dab9ea9-3a5f-4d66-85df-7a53c54eed55,2019,9,8,luca-ghiotto,virtuosi-racing,Dallara F2 2018,Mecachrome F2
c828636b-8f30-42f9-a204-c2c8fa098f7a,2019,10,3,nikita-mazepin,art-grand-prix,Dallara F2 2018,Mecachrome F2
c828636b-8f30-42f9-a204-c2c8fa098f7a,2019,10,4,nyck-de-vries,art-grand-prix,Dallara F2 2018,Mecachrome F2
c828636b-8f30-42f9-a204-c2c8fa098f7a,2019,10,18,tatiana-calderon,arden-international,Dallara F2 2018,Mecachrome F2
c828636b-8f30-42f9-a204-c2c8fa098f7a,2019,10,14,marino-sato,campos-racing,Dallara F2 2018,Mecachrome F2
c828636b-8f30-42f9-a204-c2c8fa098f7a,2019,10,15,jack-aitken,campos-racing,Dallara F2 2018,Mecachrome F2
c828636b-8f30-42f9-a204-c2c8fa098f7a,2019,10,1,louis-deletraz,carlin,Dallara F2 2018,Mecachrome F2
c828636b-8f30-42f9-a204-c2c8fa098f7a,2019,10,2,nobuharu-matsushita,carlin,Dallara F2 2018,Mecachrome F2
c828636b-8f30-42f9-a204-c2c8fa098f7a,2019,10,5,sergio-sette-camara,dams,Dallara F2 2018,Mecachrome F2
c828636b-8f30-42f9-a204-c2c8fa098f7a,2019,10,6,nicholas-latifi,dams,Dallara F2 2018,Mecachrome F2
c828636b-8f30-42f9-a204-c2c8fa098f7a,2019,10,16,jordan-king,mp-motorsport,Dallara F2 2018,Mecachrome F2
c828636b-8f30-42f9-a204-c2c8fa098f7a,2019,10,17,mahaveer-raghunathan,mp-motorsport,Dallara F2 2018,Mecachrome F2
c828636b-8f30-42f9-a204-c2c8fa098f7a,2019,10,9,mick-schumacher,prema-racing,Dallara F2 2018,Mecachrome F2
c828636b-8f30-42f9-a204-c2c8fa098f7a,2019,10,10,sean-gelael,prema-racing,Dallara F2 2018,Mecachrome F2
c828636b-8f30-42f9-a204-c2c8fa098f7a,2019,10,11,callum-ilott,sauber-junior-team-by-charouz,Dallara F2 2018,Mecachrome F2
c828636b-8f30-42f9-a204-c2c8fa098f7a,2019,10,20,giuliano-alesi,trident-motorsport,Dallara F2 2018,Mecachrome F2
c828636b-8f30-42f9-a204-c2c8fa098f7a,2019,10,7,zhou-guanyu,virtuosi-racing,Dallara F2 2018,Mecachrome F2
c828636b-8f30-42f9-a204-c2c8fa098f7a,2019,10,8,luca-ghiotto,virtuosi-racing,Dallara F2 2018,Mecachrome F2
d9122d03-c1b0-4982-8baf-ed552ff160f5,2019,11,3,nikita-mazepin,art-grand-prix,Dallara F2 2018,Mecachrome F2
d9122d03-c1b0-4982-8baf-ed552ff160f5,2019,11,4,nyck-de-vries,art-grand-prix,Dallara F2 2018,Mecachrome F2
d9122d03-c1b0-4982-8baf-ed552ff160f5,2019,11,18,tatiana-calderon,arden-international,Dallara F2 2018,Mecachrome F2
d9122d03-c1b0-4982-8baf-ed552ff160f5,2019,11,22,artem-markelov,arden-international,Dallara F2 2018,Mecachrome F2
d9122d03-c1b0-4982-8baf-ed552ff160f5,2019,11,14,marino-sato,campos-racing,Dallara F2 2018,Mecachrome F2
d9122d03-c1b0-4982-8baf-ed552ff160f5,2019,11,15,jack-aitken,campos-racing,Dallara F2 2018,Mecachrome F2
d9122d03-c1b0-4982-8baf-ed552ff160f5,2019,11,1,louis-deletraz,carlin,Dallara F2 2018,Mecachrome F2
d9122d03-c1b0-4982-8baf-ed552ff160f5,2019,11,2,nobuharu-matsushita,carlin,Dallara F2 2018,Mecachrome F2
d9122d03-c1b0-4982-8baf-ed552ff160f5,2019,11,5,sergio-sette-camara,dams,Dallara F2 2018,Mecachrome F2
d9122d03-c1b0-4982-8baf-ed552ff160f5,2019,11,6,nicholas-latifi,dams,Dallara F2 2018,Mecachrome F2
d9122d03-c1b0-4982-8baf-ed552ff160f5,2019,11,16,jordan-king,mp-motorsport,Dallara F2 2018,Mecachrome F2
d9122d03-c1b0-4982-8baf-ed552ff160f5,2019,11,17,mahaveer-raghunathan,mp-motorsport,Dallara F2 2018,Mecachrome F2
d9122d03-c1b0-4982-8baf-ed552ff160f5,2019,11,9,mick-schumacher,prema-racing,Dallara F2 2018,Mecachrome F2
d9122d03-c1b0-4982-8baf-ed552ff160f5,2019,11,10,sean-gelael,prema-racing,Dallara F2 2018,Mecachrome F2
d9122d03-c1b0-4982-8baf-ed552ff160f5,2019,11,11,callum-ilott,sauber-junior-team-by-charouz,Dallara F2 2018,Mecachrome F2
d9122d03-c1b0-4982-8baf-ed552ff160f5,2019,11,12,matevos-isaakyan,sauber-junior-team-by-charouz,Dallara F2 2018,Mecachrome F2
d9122d03-c1b0-4982-8baf-ed552ff160f5,2019,11,20,giuliano-alesi,trident-motorsport,Dallara F2 2018,Mecachrome F2
d9122d03-c1b0-4982-8baf-ed552ff160f5,2019,11,21,ralph-boschung,trident-motorsport,Dallara F2 2018,Mecachrome F2
d9122d03-c1b0-4982-8baf-ed552ff160f5,2019,11,7,zhou-guanyu,virtuosi-racing,Dallara F2 2018,Mecachrome F2
d9122d03-c1b0-4982-8baf-ed552ff160f5,2019,11,8,luca-ghiotto,virtuosi-racing,Dallara F2 2018,Mecachrome F2
463bcec8-e646-4ef4-9947-bfa17dc44d67,2019,12,3,nikita-mazepin,art-grand-prix,Dallara F2 2018,Mecachrome F2
463bcec8-e646-4ef4-9947-bfa17dc44d67,2019,12,4,nyck-de-vries,art-grand-prix,Dallara F2 2018,Mecachrome F2
463bcec8-e646-4ef4-9947-bfa17dc44d67,2019,12,18,tatiana-calderon,arden-international,Dallara F2 2018,Mecachrome F2
463bcec8-e646-4ef4-9947-bfa17dc44d67,2019,12,22,artem-markelov,arden-international,Dallara F2 2018,Mecachrome F2
463bcec8-e646-4ef4-9947-bfa17dc44d67,2019,12,14,marino-sato,campos-racing,Dallara F2 2018,Mecachrome F2
463bcec8-e646-4ef4-9947-bfa17dc44d67,2019,12,15,jack-aitken,campos-racing,Dallara F2 2018,Mecachrome F2
463bcec8-e646-4ef4-9947-bfa17dc44d67,2019,12,1,louis-deletraz,carlin,Dallara F2 2018,Mecachrome F2
463bcec8-e646-4ef4-9947-bfa17dc44d67,2019,12,2,nobuharu-matsushita,carlin,Dallara F2 2018,Mecachrome F2
463bcec8-e646-4ef4-9947-bfa17dc44d67,2019,12,5,sergio-sette-camara,dams,Dallara F2 2018,Mecachrome F2
463bcec8-e646-4ef4-9947-bfa17dc44d67,2019,12,6,nicholas-latifi,dams,Dallara F2 2018,Mecachrome F2
463bcec8-e646-4ef4-9947-bfa17dc44d67,2019,12,16,jordan-king,mp-motorsport,Dallara F2 2018,Mecachrome F2
463bcec8-e646-4ef4-9947-bfa17dc44d67,2019,12,17,mahaveer-raghunathan,mp-motorsport,Dallara F2 2018,Mecachrome F2
463bcec8-e646-4ef4-9947-bfa17dc44d67,2019,12,9,mick-schumacher,prema-racing,Dallara F2 2018,Mecachrome F2
463bcec8-e646-4ef4-9947-bfa17dc44d67,2019,12,10,sean-gelael,prema-racing,Dallara F2 2018,Mecachrome F2
463bcec8-e646-4ef4-9947-bfa17dc44d67,2019,12,11,callum-ilott,sauber-junior-team-by-charouz,Dallara F2 2018,Mecachrome F2
463bcec8-e646-4ef4-9947-bfa17dc44d67,2019,12,12,matevos-isaakyan,sauber-junior-team-by-charouz,Dallara F2 2018,Mecachrome F2
463bcec8-e646-4ef4-9947-bfa17dc44d67,2019,12,20,giuliano-alesi,trident-motorsport,Dallara F2 2018,Mecachrome F2
463bcec8-e646-4ef4-9947-bfa17dc44d67,2019,12,21,christian-lundgaard,trident-motorsport,Dallara F2 2018,Mecachrome F2
463bcec8-e646-4ef4-9947-bfa17dc44d67,2019,12,7,zhou-guanyu,virtuosi-racing,Dallara F2 2018,Mecachrome F2
463bcec8-e646-4ef4-9947-bfa17dc44d67,2019,12,8,luca-ghiotto,virtuosi-racing,Dallara F2 2018,Mecachrome F2
da549643-40c0-410f-9c53-8a5141c8cca6,2020,1,5,marcus-armstrong,art-grand-prix,Dallara F2 2018,Mecachrome F2
da549643-40c0-410f-9c53-8a5141c8cca6,2020,1,6,christian-lundgaard,art-grand-prix,Dallara F2 2018,Mecachrome F2
da549643-40c0-410f-9c53-8a5141c8cca6,2020,1,16,artem-markelov,hwa,Dallara F2 2018,Mecachrome F2
da549643-40c0-410f-9c53-8a5141c8cca6,2020,1,17,giuliano-alesi,hwa,Dallara F2 2018,Mecachrome F2
da549643-40c0-410f-9c53-8a5141c8cca6,2020,1,9,jack-aitken,campos-racing,Dallara F2 2018,Mecachrome F2
da549643-40c0-410f-9c53-8a5141c8cca6,2020,1,10,guilherme-samaia,campos-racing,Dallara F2 2018,Mecachrome F2
da549643-40c0-410f-9c53-8a5141c8cca6,2020,1,7,yuki-tsunoda,carlin,Dallara F2 2018,Mecachrome F2
da549643-40c0-410f-9c53-8a5141c8cca6,2020,1,8,jehan-daruvala,carlin,Dallara F2 2018,Mecachrome F2
da549643-40c0-410f-9c53-8a5141c8cca6,2020,1,11,louis-deletraz,charouz-racing-system,Dallara F2 2018,Mecachrome F2
da549643-40c0-410f-9c53-8a5141c8cca6,2020,1,12,pedro-piquet,charouz-racing-system,Dallara F2 2018,Mecachrome F2
da549643-40c0-410f-9c53-8a5141c8cca6,2020,1,1,sean-gelael,dams,Dallara F2 2018,Mecachrome F2
da549643-40c0-410f-9c53-8a5141c8cca6,2020,1,2,daniel-ticktum,dams,Dallara F2 2018,Mecachrome F2
da549643-40c0-410f-9c53-8a5141c8cca6,2020,1,24,nikita-mazepin,hitech-racing,Dallara F2 2018,Mecachrome F2
da549643-40c0-410f-9c53-8a5141c8cca6,2020,1,25,luca-ghiotto,hitech-racing,Dallara F2 2018,Mecachrome F2
da549643-40c0-410f-9c53-8a5141c8cca6,2020,1,14,nobuharu-matsushita,mp-motorsport,Dallara F2 2018,Mecachrome F2
da549643-40c0-410f-9c53-8a5141c8cca6,2020,1,15,felipe-drugovich,mp-motorsport,Dallara F2 2018,Mecachrome F2
da549643-40c0-410f-9c53-8a5141c8cca6,2020,1,20,mick-schumacher,prema-racing,Dallara F2 2018,Mecachrome F2
da549643-40c0-410f-9c53-8a5141c8cca6,2020,1,21,robert-shwartzman,prema-racing,Dallara F2 2018,Mecachrome F2
da549643-40c0-410f-9c53-8a5141c8cca6,2020,1,22,roy-nissany,trident-motorsport,Dallara F2 2018,Mecachrome F2
da549643-40c0-410f-9c53-8a5141c8cca6,2020,1,23,marino-sato,trident-motorsport,Dallara F2 2018,Mecachrome F2
c42b3347-4142-45ce-bf5f-9912827efd4f,2020,2,5,marcus-armstrong,art-grand-prix,Dallara F2 2018,Mecachrome F2
c42b3347-4142-45ce-bf5f-9912827efd4f,2020,2,6,christian-lundgaard,art-grand-prix,Dallara F2 2018,Mecachrome F2
c42b3347-4142-45ce-bf5f-9912827efd4f,2020,2,16,artem-markelov,hwa,Dallara F2 2018,Mecachrome F2
c42b3347-4142-45ce-bf5f-9912827efd4f,2020,2,17,giuliano-alesi,hwa,Dallara F2 2018,Mecachrome F2
c42b3347-4142-45ce-bf5f-9912827efd4f,2020,2,9,jack-aitken,campos-racing,Dallara F2 2018,Mecachrome F2
c42b3347-4142-45ce-bf5f-9912827efd4f,2020,2,10,guilherme-samaia,campos-racing,Dallara F2 2018,Mecachrome F2
c42b3347-4142-45ce-bf5f-9912827efd4f,2020,2,7,yuki-tsunoda,carlin,Dallara F2 2018,Mecachrome F2
c42b3347-4142-45ce-bf5f-9912827efd4f,2020,2,8,jehan-daruvala,carlin,Dallara F2 2018,Mecachrome F2
c42b3347-4142-45ce-bf5f-9912827efd4f,2020,2,11,louis-deletraz,charouz-racing-system,Dallara F2 2018,Mecachrome F2
c42b3347-4142-45ce-bf5f-9912827efd4f,2020,2,12,pedro-piquet,charouz-racing-system,Dallara F2 2018,Mecachrome F2
c42b3347-4142-45ce-bf5f-9912827efd4f,2020,2,1,sean-gelael,dams,Dallara F2 2018,Mecachrome F2
c42b3347-4142-45ce-bf5f-9912827efd4f,2020,2,2,daniel-ticktum,dams,Dallara F2 2018,Mecachrome F2
c42b3347-4142-45ce-bf5f-9912827efd4f,2020,2,24,nikita-mazepin,hitech-racing,Dallara F2 2018,Mecachrome F2
c42b3347-4142-45ce-bf5f-9912827efd4f,2020,2,25,luca-ghiotto,hitech-racing,Dallara F2 2018,Mecachrome F2
c42b3347-4142-45ce-bf5f-9912827efd4f,2020,2,14,nobuharu-matsushita,mp-motorsport,Dallara F2 2018,Mecachrome F2
c42b3347-4142-45ce-bf5f-9912827efd4f,2020,2,15,felipe-drugovich,mp-motorsport,Dallara F2 2018,Mecachrome F2
c42b3347-4142-45ce-bf5f-9912827efd4f,2020,2,20,mick-schumacher,prema-racing,Dallara F2 2018,Mecachrome F2
c42b3347-4142-45ce-bf5f-9912827efd4f,2020,2,21,robert-shwartzman,prema-racing,Dallara F2 2018,Mecachrome F2
c42b3347-4142-45ce-bf5f-9912827efd4f,2020,2,22,roy-nissany,trident-motorsport,Dallara F2 2018,Mecachrome F2
c42b3347-4142-45ce-bf5f-9912827efd4f,2020,2,23,marino-sato,trident-motorsport,Dallara F2 2018,Mecachrome F2
d60da7bd-234c-4eb6-b96a-f5a1dc0dd1d9,2020,3,5,marcus-armstrong,art-grand-prix,Dallara F2 2018,Mecachrome F2
d60da7bd-234c-4eb6-b96a-f5a1dc0dd1d9,2020,3,6,christian-lundgaard,art-grand-prix,Dallara F2 2018,Mecachrome F2
d60da7bd-234c-4eb6-b96a-f5a1dc0dd1d9,2020,3,16,artem-markelov,hwa,Dallara F2 2018,Mecachrome F2
d60da7bd-234c-4eb6-b96a-f5a1dc0dd1d9,2020,3,17,giuliano-alesi,hwa,Dallara F2 2018,Mecachrome F2
d60da7bd-234c-4eb6-b96a-f5a1dc0dd1d9,2020,3,9,jack-aitken,campos-racing,Dallara F2 2018,Mecachrome F2
d60da7bd-234c-4eb6-b96a-f5a1dc0dd1d9,2020,3,10,guilherme-samaia,campos-racing,Dallara F2 2018,Mecachrome F2
d60da7bd-234c-4eb6-b96a-f5a1dc0dd1d9,2020,3,7,yuki-tsunoda,carlin,Dallara F2 2018,Mecachrome F2
d60da7bd-234c-4eb6-b96a-f5a1dc0dd1d9,2020,3,8,jehan-daruvala,carlin,Dallara F2 2018,Mecachrome F2
d60da7bd-234c-4eb6-b96a-f5a1dc0dd1d9,2020,3,11,louis-deletraz,charouz-racing-system,Dallara F2 2018,Mecachrome F2
d60da7bd-234c-4eb6-b96a-f5a1dc0dd1d9,2020,3,12,pedro-piquet,charouz-racing-system,Dallara F2 2018,Mecachrome F2
d60da7bd-234c-4eb6-b96a-f5a1dc0dd1d9,2020,3,1,sean-gelael,dams,Dallara F2 2018,Mecachrome F2
d60da7bd-234c-4eb6-b96a-f5a1dc0dd1d9,2020,3,2,daniel-ticktum,dams,Dallara F2 2018,Mecachrome F2
d60da7bd-234c-4eb6-b96a-f5a1dc0dd1d9,2020,3,24,nikita-mazepin,hitech-racing,Dallara F2 2018,Mecachrome F2
d60da7bd-234c-4eb6-b96a-f5a1dc0dd1d9,2020,3,25,luca-ghiotto,hitech-racing,Dallara F2 2018,Mecachrome F2
d60da7bd-234c-4eb6-b96a-f5a1dc0dd1d9,2020,3,14,nobuharu-matsushita,mp-motorsport,Dallara F2 2018,Mecachrome F2
d60da7bd-234c-4eb6-b96a-f5a1dc0dd1d9,2020,3,15,felipe-drugovich,mp-motorsport,Dallara F2 2018,Mecachrome F2
d60da7bd-234c-4eb6-b96a-f5a1dc0dd1d9,2020,3,20,mick-schumacher,prema-racing,Dallara F2 2018,Mecachrome F2
d60da7bd-234c-4eb6-b96a-f5a1dc0dd1d9,2020,3,21,robert-shwartzman,prema-racing,Dallara F2 2018,Mecachrome F2
d60da7bd-234c-4eb6-b96a-f5a1dc0dd1d9,2020,3,22,roy-nissany,trident-motorsport,Dallara F2 2018,Mecachrome F2
d60da7bd-234c-4eb6-b96a-f5a1dc0dd1d9,2020,3,23,marino-sato,trident-motorsport,Dallara F2 2018,Mecachrome F2
835cc41b-f3ee-4205-ae0f-30c82ac651ad,2020,4,5,marcus-armstrong,art-grand-prix,Dallara F2 2018,Mecachrome F2
835cc41b-f3ee-4205-ae0f-30c82ac651ad,2020,4,6,christian-lundgaard,art-grand-prix,Dallara F2 2018,Mecachrome F2
835cc41b-f3ee-4205-ae0f-30c82ac651ad,2020,4,16,artem-markelov,hwa,Dallara F2 2018,Mecachrome F2
835cc41b-f3ee-4205-ae0f-30c82ac651ad,2020,4,17,giuliano-alesi,hwa,Dallara F2 2018,Mecachrome F2
835cc41b-f3ee-4205-ae0f-30c82ac651ad,2020,4,9,jack-aitken,campos-racing,Dallara F2 2018,Mecachrome F2
835cc41b-f3ee-4205-ae0f-30c82ac651ad,2020,4,10,guilherme-samaia,campos-racing,Dallara F2 2018,Mecachrome F2
835cc41b-f3ee-4205-ae0f-30c82ac651ad,2020,4,7,yuki-tsunoda,carlin,Dallara F2 2018,Mecachrome F2
835cc41b-f3ee-4205-ae0f-30c82ac651ad,2020,4,8,jehan-daruvala,carlin,Dallara F2 2018,Mecachrome F2
835cc41b-f3ee-4205-ae0f-30c82ac651ad,2020,4,11,louis-deletraz,charouz-racing-system,Dallara F2 2018,Mecachrome F2
835cc41b-f3ee-4205-ae0f-30c82ac651ad,2020,4,12,pedro-piquet,charouz-racing-system,Dallara F2 2018,Mecachrome F2
835cc41b-f3ee-4205-ae0f-30c82ac651ad,2020,4,1,sean-gelael,dams,Dallara F2 2018,Mecachrome F2
835cc41b-f3ee-4205-ae0f-30c82ac651ad,2020,4,2,daniel-ticktum,dams,Dallara F2 2018,Mecachrome F2
835cc41b-f3ee-4205-ae0f-30c82ac651ad,2020,4,24,nikita-mazepin,hitech-racing,Dallara F2 2018,Mecachrome F2
835cc41b-f3ee-4205-ae0f-30c82ac651ad,2020,4,25,luca-ghiotto,hitech-racing,Dallara F2 2018,Mecachrome F2
835cc41b-f3ee-4205-ae0f-30c82ac651ad,2020,4,14,nobuharu-matsushita,mp-motorsport,Dallara F2 2018,Mecachrome F2
835cc41b-f3ee-4205-ae0f-30c82ac651ad,2020,4,15,felipe-drugovich,mp-motorsport,Dallara F2 2018,Mecachrome F2
835cc41b-f3ee-4205-ae0f-30c82ac651ad,2020,4,20,mick-schumacher,prema-racing,Dallara F2 2018,Mecachrome F2
835cc41b-f3ee-4205-ae0f-30c82ac651ad,2020,4,21,robert-shwartzman,prema-racing,Dallara F2 2018,Mecachrome F2
835cc41b-f3ee-4205-ae0f-30c82ac651ad,2020,4,22,roy-nissany,trident-motorsport,Dallara F2 2018,Mecachrome F2
835cc41b-f3ee-4205-ae0f-30c82ac651ad,2020,4,23,marino-sato,trident-motorsport,Dallara F2 2018,Mecachrome F2
2d8473bf-eef5-4303-b311-aae9a6ab804c,2020,5,5,marcus-armstrong,art-grand-prix,Dallara F2 2018,Mecachrome F2
2d8473bf-eef5-4303-b311-aae9a6ab804c,2020,5,6,christian-lundgaard,art-grand-prix,Dallara F2 2018,Mecachrome F2
2d8473bf-eef5-4303-b311-aae9a6ab804c,2020,5,16,artem-markelov,hwa,Dallara F2 2018,Mecachrome F2
2d8473bf-eef5-4303-b311-aae9a6ab804c,2020,5,17,giuliano-alesi,hwa,Dallara F2 2018,Mecachrome F2
2d8473bf-eef5-4303-b311-aae9a6ab804c,2020,5,9,jack-aitken,campos-racing,Dallara F2 2018,Mecachrome F2
2d8473bf-eef5-4303-b311-aae9a6ab804c,2020,5,10,guilherme-samaia,campos-racing,Dallara F2 2018,Mecachrome F2
2d8473bf-eef5-4303-b311-aae9a6ab804c,2020,5,7,yuki-tsunoda,carlin,Dallara F2 2018,Mecachrome F2
2d8473bf-eef5-4303-b311-aae9a6ab804c,2020,5,8,jehan-daruvala,carlin,Dallara F2 2018,Mecachrome F2
2d8473bf-eef5-4303-b311-aae9a6ab804c,2020,5,11,louis-deletraz,charouz-racing-system,Dallara F2 2018,Mecachrome F2
2d8473bf-eef5-4303-b311-aae9a6ab804c,2020,5,12,pedro-piquet,charouz-racing-system,Dallara F2 2018,Mecachrome F2
2d8473bf-eef5-4303-b311-aae9a6ab804c,2020,5,1,sean-gelael,dams,Dallara F2 2018,Mecachrome F2
2d8473bf-eef5-4303-b311-aae9a6ab804c,2020,5,2,daniel-ticktum,dams,Dallara F2 2018,Mecachrome F2
2d8473bf-eef5-4303-b311-aae9a6ab804c,2020,5,24,nikita-mazepin,hitech-racing,Dallara F2 2018,Mecachrome F2
2d8473bf-eef5-4303-b311-aae9a6ab804c,2020,5,25,luca-ghiotto,hitech-racing,Dallara F2 2018,Mecachrome F2
2d8473bf-eef5-4303-b311-aae9a6ab804c,2020,5,14,nobuharu-matsushita,mp-motorsport,Dallara F2 2018,Mecachrome F2
2d8473bf-eef5-4303-b311-aae9a6ab804c,2020,5,15,felipe-drugovich,mp-motorsport,Dallara F2 2018,Mecachrome F2
2d8473bf-eef5-4303-b311-aae9a6ab804c,2020,5,20,mick-schumacher,prema-racing,Dallara F2 2018,Mecachrome F2
2d8473bf-eef5-4303-b311-aae9a6ab804c,2020,5,21,robert-shwartzman,prema-racing,Dallara F2 2018,Mecachrome F2
2d8473bf-eef5-4303-b311-aae9a6ab804c,2020,5,22,roy-nissany,trident-motorsport,Dallara F2 2018,Mecachrome F2
2d8473bf-eef5-4303-b311-aae9a6ab804c,2020,5,23,marino-sato,trident-motorsport,Dallara F2 2018,Mecachrome F2
8076d1b3-757f-4531-838e-ed118c7ddcd7,2020,6,5,marcus-armstrong,art-grand-prix,Dallara F2 2018,Mecachrome F2
8076d1b3-757f-4531-838e-ed118c7ddcd7,2020,6,6,christian-lundgaard,art-grand-prix,Dallara F2 2018,Mecachrome F2
8076d1b3-757f-4531-838e-ed118c7ddcd7,2020,6,16,artem-markelov,hwa,Dallara F2 2018,Mecachrome F2
8076d1b3-757f-4531-838e-ed118c7ddcd7,2020,6,17,giuliano-alesi,hwa,Dallara F2 2018,Mecachrome F2
8076d1b3-757f-4531-838e-ed118c7ddcd7,2020,6,9,jack-aitken,campos-racing,Dallara F2 2018,Mecachrome F2
8076d1b3-757f-4531-838e-ed118c7ddcd7,2020,6,10,guilherme-samaia,campos-racing,Dallara F2 2018,Mecachrome F2
8076d1b3-757f-4531-838e-ed118c7ddcd7,2020,6,7,yuki-tsunoda,carlin,Dallara F2 2018,Mecachrome F2
8076d1b3-757f-4531-838e-ed118c7ddcd7,2020,6,8,jehan-daruvala,carlin,Dallara F2 2018,Mecachrome F2
8076d1b3-757f-4531-838e-ed118c7ddcd7,2020,6,11,louis-deletraz,charouz-racing-system,Dallara F2 2018,Mecachrome F2
8076d1b3-757f-4531-838e-ed118c7ddcd7,2020,6,12,pedro-piquet,charouz-racing-system,Dallara F2 2018,Mecachrome F2
8076d1b3-757f-4531-838e-ed118c7ddcd7,2020,6,1,sean-gelael,dams,Dallara F2 2018,Mecachrome F2
8076d1b3-757f-4531-838e-ed118c7ddcd7,2020,6,2,daniel-ticktum,dams,Dallara F2 2018,Mecachrome F2
8076d1b3-757f-4531-838e-ed118c7ddcd7,2020,6,24,nikita-mazepin,hitech-racing,Dallara F2 2018,Mecachrome F2
8076d1b3-757f-4531-838e-ed118c7ddcd7,2020,6,25,luca-ghiotto,hitech-racing,Dallara F2 2018,Mecachrome F2
8076d1b3-757f-4531-838e-ed118c7ddcd7,2020,6,14,nobuharu-matsushita,mp-motorsport,Dallara F2 2018,Mecachrome F2
8076d1b3-757f-4531-838e-ed118c7ddcd7,2020,6,15,felipe-drugovich,mp-motorsport,Dallara F2 2018,Mecachrome F2
8076d1b3-757f-4531-838e-ed118c7ddcd7,2020,6,20,mick-schumacher,prema-racing,Dallara F2 2018,Mecachrome F2
8076d1b3-757f-4531-838e-ed118c7ddcd7,2020,6,21,robert-shwartzman,prema-racing,Dallara F2 2018,Mecachrome F2
8076d1b3-757f-4531-838e-ed118c7ddcd7,2020,6,22,roy-nissany,trident-motorsport,Dallara F2 2018,Mecachrome F2
8076d1b3-757f-4531-838e-ed118c7ddcd7,2020,6,23,marino-sato,trident-motorsport,Dallara F2 2018,Mecachrome F2
1ad0b4fc-14a3-431b-9bde-d21cda38f176,2020,7,5,marcus-armstrong,art-grand-prix,Dallara F2 2018,Mecachrome F2
1ad0b4fc-14a3-431b-9bde-d21cda38f176,2020,7,6,christian-lundgaard,art-grand-prix,Dallara F2 2018,Mecachrome F2
1ad0b4fc-14a3-431b-9bde-d21cda38f176,2020,7,16,artem-markelov,hwa,Dallara F2 2018,Mecachrome F2
1ad0b4fc-14a3-431b-9bde-d21cda38f176,2020,7,17,giuliano-alesi,hwa,Dallara F2 2018,Mecachrome F2
1ad0b4fc-14a3-431b-9bde-d21cda38f176,2020,7,9,jack-aitken,campos-racing,Dallara F2 2018,Mecachrome F2
1ad0b4fc-14a3-431b-9bde-d21cda38f176,2020,7,10,guilherme-samaia,campos-racing,Dallara F2 2018,Mecachrome F2
1ad0b4fc-14a3-431b-9bde-d21cda38f176,2020,7,7,yuki-tsunoda,carlin,Dallara F2 2018,Mecachrome F2
1ad0b4fc-14a3-431b-9bde-d21cda38f176,2020,7,8,jehan-daruvala,carlin,Dallara F2 2018,Mecachrome F2
1ad0b4fc-14a3-431b-9bde-d21cda38f176,2020,7,11,louis-deletraz,charouz-racing-system,Dallara F2 2018,Mecachrome F2
1ad0b4fc-14a3-431b-9bde-d21cda38f176,2020,7,12,pedro-piquet,charouz-racing-system,Dallara F2 2018,Mecachrome F2
1ad0b4fc-14a3-431b-9bde-d21cda38f176,2020,7,1,juri-vips,dams,Dallara F2 2018,Mecachrome F2
1ad0b4fc-14a3-431b-9bde-d21cda38f176,2020,7,2,daniel-ticktum,dams,Dallara F2 2018,Mecachrome F2
1ad0b4fc-14a3-431b-9bde-d21cda38f176,2020,7,24,nikita-mazepin,hitech-racing,Dallara F2 2018,Mecachrome F2
1ad0b4fc-14a3-431b-9bde-d21cda38f176,2020,7,25,luca-ghiotto,hitech-racing,Dallara F2 2018,Mecachrome F2
1ad0b4fc-14a3-431b-9bde-d21cda38f176,2020,7,14,nobuharu-matsushita,mp-motorsport,Dallara F2 2018,Mecachrome F2
1ad0b4fc-14a3-431b-9bde-d21cda38f176,2020,7,15,felipe-drugovich,mp-motorsport,Dallara F2 2018,Mecachrome F2
1ad0b4fc-14a3-431b-9bde-d21cda38f176,2020,7,20,mick-schumacher,prema-racing,Dallara F2 2018,Mecachrome F2
1ad0b4fc-14a3-431b-9bde-d21cda38f176,2020,7,21,robert-shwartzman,prema-racing,Dallara F2 2018,Mecachrome F2
1ad0b4fc-14a3-431b-9bde-d21cda38f176,2020,7,22,roy-nissany,trident-motorsport,Dallara F2 2018,Mecachrome F2
1ad0b4fc-14a3-431b-9bde-d21cda38f176,2020,7,23,marino-sato,trident-motorsport,Dallara F2 2018,Mecachrome F2
b67559b3-c3e3-46af-8702-1b30df331105,2020,8,5,marcus-armstrong,art-grand-prix,Dallara F2 2018,Mecachrome F2
b67559b3-c3e3-46af-8702-1b30df331105,2020,8,6,christian-lundgaard,art-grand-prix,Dallara F2 2018,Mecachrome F2
b67559b3-c3e3-46af-8702-1b30df331105,2020,8,16,artem-markelov,hwa,Dallara F2 2018,Mecachrome F2
b67559b3-c3e3-46af-8702-1b30df331105,2020,8,17,giuliano-alesi,hwa,Dallara F2 2018,Mecachrome F2
b67559b3-c3e3-46af-8702-1b30df331105,2020,8,9,jack-aitken,campos-racing,Dallara F2 2018,Mecachrome F2
b67559b3-c3e3-46af-8702-1b30df331105,2020,8,10,guilherme-samaia,campos-racing,Dallara F2 2018,Mecachrome F2
b67559b3-c3e3-46af-8702-1b30df331105,2020,8,7,yuki-tsunoda,carlin,Dallara F2 2018,Mecachrome F2
b67559b3-c3e3-46af-8702-1b30df331105,2020,8,8,jehan-daruvala,carlin,Dallara F2 2018,Mecachrome F2
b67559b3-c3e3-46af-8702-1b30df331105,2020,8,11,louis-deletraz,charouz-racing-system,Dallara F2 2018,Mecachrome F2
b67559b3-c3e3-46af-8702-1b30df331105,2020,8,12,pedro-piquet,charouz-racing-system,Dallara F2 2018,Mecachrome F2
b67559b3-c3e3-46af-8702-1b30df331105,2020,8,1,juri-vips,dams,Dallara F2 2018,Mecachrome F2
b67559b3-c3e3-46af-8702-1b30df331105,2020,8,2,daniel-ticktum,dams,Dallara F2 2018,Mecachrome F2
b67559b3-c3e3-46af-8702-1b30df331105,2020,8,24,nikita-mazepin,hitech-racing,Dallara F2 2018,Mecachrome F2
b67559b3-c3e3-46af-8702-1b30df331105,2020,8,25,luca-ghiotto,hitech-racing,Dallara F2 2018,Mecachrome F2
b67559b3-c3e3-46af-8702-1b30df331105,2020,8,14,nobuharu-matsushita,mp-motorsport,Dallara F2 2018,Mecachrome F2
b67559b3-c3e3-46af-8702-1b30df331105,2020,8,15,felipe-drugovich,mp-motorsport,Dallara F2 2018,Mecachrome F2
b67559b3-c3e3-46af-8702-1b30df331105,2020,8,20,mick-schumacher,prema-racing,Dallara F2 2018,Mecachrome F2
b67559b3-c3e3-46af-8702-1b30df331105,2020,8,21,robert-shwartzman,prema-racing,Dallara F2 2018,Mecachrome F2
b67559b3-c3e3-46af-8702-1b30df331105,2020,8,22,roy-nissany,trident-motorsport,Dallara F2 2018,Mecachrome F2
b67559b3-c3e3-46af-8702-1b30df331105,2020,8,23,marino-sato,trident-motorsport,Dallara F2 2018,Mecachrome F2
9b28c61c-2536-4a15-9ebc-44587e0961be,2020,9,5,marcus-armstrong,art-grand-prix,Dallara F2 2018,Mecachrome F2
9b28c61c-2536-4a15-9ebc-44587e0961be,2020,9,6,christian-lundgaard,art-grand-prix,Dallara F2 2018,Mecachrome F2
9b28c61c-2536-4a15-9ebc-44587e0961be,2020,9,16,artem-markelov,hwa,Dallara F2 2018,Mecachrome F2
9b28c61c-2536-4a15-9ebc-44587e0961be,2020,9,17,giuliano-alesi,hwa,Dallara F2 2018,Mecachrome F2
9b28c61c-2536-4a15-9ebc-44587e0961be,2020,9,9,jack-aitken,campos-racing,Dallara F2 2018,Mecachrome F2
9b28c61c-2536-4a15-9ebc-44587e0961be,2020,9,10,guilherme-samaia,campos-racing,Dallara F2 2018,Mecachrome F2
9b28c61c-2536-4a15-9ebc-44587e0961be,2020,9,7,yuki-tsunoda,carlin,Dallara F2 2018,Mecachrome F2
9b28c61c-2536-4a15-9ebc-44587e0961be,2020,9,8,jehan-daruvala,carlin,Dallara F2 2018,Mecachrome F2
9b28c61c-2536-4a15-9ebc-44587e0961be,2020,9,11,louis-deletraz,charouz-racing-system,Dallara F2 2018,Mecachrome F2
9b28c61c-2536-4a15-9ebc-44587e0961be,2020,9,12,pedro-piquet,charouz-racing-system,Dallara F2 2018,Mecachrome F2
9b28c61c-2536-4a15-9ebc-44587e0961be,2020,9,1,juri-vips,dams,Dallara F2 2018,Mecachrome F2
9b28c61c-2536-4a15-9ebc-44587e0961be,2020,9,2,daniel-ticktum,dams,Dallara F2 2018,Mecachrome F2
9b28c61c-2536-4a15-9ebc-44587e0961be,2020,9,24,nikita-mazepin,hitech-racing,Dallara F2 2018,Mecachrome F2
9b28c61c-2536-4a15-9ebc-44587e0961be,2020,9,25,luca-ghiotto,hitech-racing,Dallara F2 2018,Mecachrome F2
9b28c61c-2536-4a15-9ebc-44587e0961be,2020,9,14,nobuharu-matsushita,mp-motorsport,Dallara F2 2018,Mecachrome F2
9b28c61c-2536-4a15-9ebc-44587e0961be,2020,9,15,felipe-drugovich,mp-motorsport,Dallara F2 2018,Mecachrome F2
9b28c61c-2536-4a15-9ebc-44587e0961be,2020,9,20,mick-schumacher,prema-racing,Dallara F2 2018,Mecachrome F2
9b28c61c-2536-4a15-9ebc-44587e0961be,2020,9,21,robert-shwartzman,prema-racing,Dallara F2 2018,Mecachrome F2
9b28c61c-2536-4a15-9ebc-44587e0961be,2020,9,22,roy-nissany,trident-motorsport,Dallara F2 2018,Mecachrome F2
9b28c61c-2536-4a15-9ebc-44587e0961be,2020,9,23,marino-sato,trident-motorsport,Dallara F2 2018,Mecachrome F2
65d140ca-cd32-44d4-9950-fc73976c88d0,2020,10,5,marcus-armstrong,art-grand-prix,Dallara F2 2018,Mecachrome F2
65d140ca-cd32-44d4-9950-fc73976c88d0,2020,10,6,christian-lundgaard,art-grand-prix,Dallara F2 2018,Mecachrome F2
65d140ca-cd32-44d4-9950-fc73976c88d0,2020,10,16,artem-markelov,hwa,Dallara F2 2018,Mecachrome F2
65d140ca-cd32-44d4-9950-fc73976c88d0,2020,10,17,jake-hughes,hwa,Dallara F2 2018,Mecachrome F2
65d140ca-cd32-44d4-9950-fc73976c88d0,2020,10,9,jack-aitken,campos-racing,Dallara F2 2018,Mecachrome F2
65d140ca-cd32-44d4-9950-fc73976c88d0,2020,10,10,guilherme-samaia,campos-racing,Dallara F2 2018,Mecachrome F2
65d140ca-cd32-44d4-9950-fc73976c88d0,2020,10,7,yuki-tsunoda,carlin,Dallara F2 2018,Mecachrome F2
65d140ca-cd32-44d4-9950-fc73976c88d0,2020,10,8,jehan-daruvala,carlin,Dallara F2 2018,Mecachrome F2
65d140ca-cd32-44d4-9950-fc73976c88d0,2020,10,11,louis-deletraz,charouz-racing-system,Dallara F2 2018,Mecachrome F2
65d140ca-cd32-44d4-9950-fc73976c88d0,2020,10,12,pedro-piquet,charouz-racing-system,Dallara F2 2018,Mecachrome F2
65d140ca-cd32-44d4-9950-fc73976c88d0,2020,10,1,juri-vips,dams,Dallara F2 2018,Mecachrome F2
65d140ca-cd32-44d4-9950-fc73976c88d0,2020,10,2,daniel-ticktum,dams,Dallara F2 2018,Mecachrome F2
65d140ca-cd32-44d4-9950-fc73976c88d0,2020,10,24,nikita-mazepin,hitech-racing,Dallara F2 2018,Mecachrome F2
65d140ca-cd32-44d4-9950-fc73976c88d0,2020,10,25,luca-ghiotto,hitech-racing,Dallara F2 2018,Mecachrome F2
65d140ca-cd32-44d4-9950-fc73976c88d0,2020,10,14,giuliano-alesi,mp-motorsport,Dallara F2 2018,Mecachrome F2
65d140ca-cd32-44d4-9950-fc73976c88d0,2020,10,15,felipe-drugovich,mp-motorsport,Dallara F2 2018,Mecachrome F2
65d140ca-cd32-44d4-9950-fc73976c88d0,2020,10,20,mick-schumacher,prema-racing,Dallara F2 2018,Mecachrome F2
65d140ca-cd32-44d4-9950-fc73976c88d0,2020,10,21,robert-shwartzman,prema-racing,Dallara F2 2018,Mecachrome F2
65d140ca-cd32-44d4-9950-fc73976c88d0,2020,10,22,roy-nissany,trident-motorsport,Dallara F2 2018,Mecachrome F2
65d140ca-cd32-44d4-9950-fc73976c88d0,2020,10,23,marino-sato,trident-motorsport,Dallara F2 2018,Mecachrome F2
e24b74e1-0fd4-41e3-8df3-c780450a2acc,2020,11,5,marcus-armstrong,art-grand-prix,Dallara F2 2018,Mecachrome F2
e24b74e1-0fd4-41e3-8df3-c780450a2acc,2020,11,6,christian-lundgaard,art-grand-prix,Dallara F2 2018,Mecachrome F2
e24b74e1-0fd4-41e3-8df3-c780450a2acc,2020,11,16,artem-markelov,hwa,Dallara F2 2018,Mecachrome F2
e24b74e1-0fd4-41e3-8df3-c780450a2acc,2020,11,17,theo-pourchaire,hwa,Dallara F2 2018,Mecachrome F2
e24b74e1-0fd4-41e3-8df3-c780450a2acc,2020,11,9,jack-aitken,campos-racing,Dallara F2 2018,Mecachrome F2
e24b74e1-0fd4-41e3-8df3-c780450a2acc,2020,11,10,guilherme-samaia,campos-racing,Dallara F2 2018,Mecachrome F2
e24b74e1-0fd4-41e3-8df3-c780450a2acc,2020,11,7,yuki-tsunoda,carlin,Dallara F2 2018,Mecachrome F2
e24b74e1-0fd4-41e3-8df3-c780450a2acc,2020,11,8,jehan-daruvala,carlin,Dallara F2 2018,Mecachrome F2
e24b74e1-0fd4-41e3-8df3-c780450a2acc,2020,11,11,louis-deletraz,charouz-racing-system,Dallara F2 2018,Mecachrome F2
e24b74e1-0fd4-41e3-8df3-c780450a2acc,2020,11,12,pedro-piquet,charouz-racing-system,Dallara F2 2018,Mecachrome F2
e24b74e1-0fd4-41e3-8df3-c780450a2acc,2020,11,1,sean-gelael,dams,Dallara F2 2018,Mecachrome F2
e24b74e1-0fd4-41e3-8df3-c780450a2acc,2020,11,2,daniel-ticktum,dams,Dallara F2 2018,Mecachrome F2
e24b74e1-0fd4-41e3-8df3-c780450a2acc,2020,11,24,nikita-mazepin,hitech-racing,Dallara F2 2018,Mecachrome F2
e24b74e1-0fd4-41e3-8df3-c780450a2acc,2020,11,25,luca-ghiotto,hitech-racing,Dallara F2 2018,Mecachrome F2
e24b74e1-0fd4-41e3-8df3-c780450a2acc,2020,11,14,giuliano-alesi,mp-motorsport,Dallara F2 2018,Mecachrome F2
e24b74e1-0fd4-41e3-8df3-c780450a2acc,2020,11,15,felipe-drugovich,mp-motorsport,Dallara F2 2018,Mecachrome F2
e24b74e1-0fd4-41e3-8df3-c780450a2acc,2020,11,20,mick-schumacher,prema-racing,Dallara F2 2018,Mecachrome F2
e24b74e1-0fd4-41e3-8df3-c780450a2acc,2020,11,21,robert-shwartzman,prema-racing,Dallara F2 2018,Mecachrome F2
e24b74e1-0fd4-41e3-8df3-c780450a2acc,2020,11,22,roy-nissany,trident-motorsport,Dallara F2 2018,Mecachrome F2
e24b74e1-0fd4-41e3-8df3-c780450a2acc,2020,11,23,marino-sato,trident-motorsport,Dallara F2 2018,Mecachrome F2
5e964eb0-894a-4255-bde2-4a6a00860392,2020,12,5,marcus-armstrong,art-grand-prix,Dallara F2 2018,Mecachrome F2
5e964eb0-894a-4255-bde2-4a6a00860392,2020,12,6,christian-lundgaard,art-grand-prix,Dallara F2 2018,Mecachrome F2
5e964eb0-894a-4255-bde2-4a6a00860392,2020,12,16,artem-markelov,hwa,Dallara F2 2018,Mecachrome F2
5e964eb0-894a-4255-bde2-4a6a00860392,2020,12,17,theo-pourchaire,hwa,Dallara F2 2018,Mecachrome F2
5e964eb0-894a-4255-bde2-4a6a00860392,2020,12,9,ralph-boschung,campos-racing,Dallara F2 2018,Mecachrome F2
5e964eb0-894a-4255-bde2-4a6a00860392,2020,12,10,guilherme-samaia,campos-racing,Dallara F2 2018,Mecachrome F2
5e964eb0-894a-4255-bde2-4a6a00860392,2020,12,7,yuki-tsunoda,carlin,Dallara F2 2018,Mecachrome F2
5e964eb0-894a-4255-bde2-4a6a00860392,2020,12,8,jehan-daruvala,carlin,Dallara F2 2018,Mecachrome F2
5e964eb0-894a-4255-bde2-4a6a00860392,2020,12,11,louis-deletraz,charouz-racing-system,Dallara F2 2018,Mecachrome F2
5e964eb0-894a-4255-bde2-4a6a00860392,2020,12,12,pedro-piquet,charouz-racing-system,Dallara F2 2018,Mecachrome F2
5e964eb0-894a-4255-bde2-4a6a00860392,2020,12,1,sean-gelael,dams,Dallara F2 2018,Mecachrome F2
5e964eb0-894a-4255-bde2-4a6a00860392,2020,12,2,daniel-ticktum,dams,Dallara F2 2018,Mecachrome F2
5e964eb0-894a-4255-bde2-4a6a00860392,2020,12,24,nikita-mazepin,hitech-racing,Dallara F2 2018,Mecachrome F2
5e964eb0-894a-4255-bde2-4a6a00860392,2020,12,25,luca-ghiotto,hitech-racing,Dallara F2 2018,Mecachrome F2
5e964eb0-894a-4255-bde2-4a6a00860392,2020,12,14,giuliano-alesi,mp-motorsport,Dallara F2 2018,Mecachrome F2
5e964eb0-894a-4255-bde2-4a6a00860392,2020,12,15,felipe-drugovich,mp-motorsport,Dallara F2 2018,Mecachrome F2
5e964eb0-894a-4255-bde2-4a6a00860392,2020,12,20,mick-schumacher,prema-racing,Dallara F2 2018,Mecachrome F2
5e964eb0-894a-4255-bde2-4a6a00860392,2020,12,21,robert-shwartzman,prema-racing,Dallara F2 2018,Mecachrome F2
5e964eb0-894a-4255-bde2-4a6a00860392,2020,12,22,roy-nissany,trident-motorsport,Dallara F2 2018,Mecachrome F2
5e964eb0-894a-4255-bde2-4a6a00860392,2020,12,23,marino-sato,trident-motorsport,Dallara F2 2018,Mecachrome F2
af3bb76c-ea2b-4998-bc39-1ff1b11b6aba,2021,1,9,christian-lundgaard,art-grand-prix,Dallara F2 2018,Mecachrome F2
af3bb76c-ea2b-4998-bc39-1ff1b11b6aba,2021,1,10,theo-pourchaire,art-grand-prix,Dallara F2 2018,Mecachrome F2
af3bb76c-ea2b-4998-bc39-1ff1b11b6aba,2021,1,20,gianluca-petecof,campos-racing,Dallara F2 2018,Mecachrome F2
af3bb76c-ea2b-4998-bc39-1ff1b11b6aba,2021,1,21,ralph-boschung,campos-racing,Dallara F2 2018,Mecachrome F2
af3bb76c-ea2b-4998-bc39-1ff1b11b6aba,2021,1,5,daniel-ticktum,carlin,Dallara F2 2018,Mecachrome F2
af3bb76c-ea2b-4998-bc39-1ff1b11b6aba,2021,1,6,jehan-daruvala,carlin,Dallara F2 2018,Mecachrome F2
af3bb76c-ea2b-4998-bc39-1ff1b11b6aba,2021,1,14,david-beckmann,charouz-racing-system,Dallara F2 2018,Mecachrome F2
af3bb76c-ea2b-4998-bc39-1ff1b11b6aba,2021,1,15,guilherme-samaia,charouz-racing-system,Dallara F2 2018,Mecachrome F2
af3bb76c-ea2b-4998-bc39-1ff1b11b6aba,2021,1,16,roy-nissany,dams,Dallara F2 2018,Mecachrome F2
af3bb76c-ea2b-4998-bc39-1ff1b11b6aba,2021,1,17,marcus-armstrong,dams,Dallara F2 2018,Mecachrome F2
af3bb76c-ea2b-4998-bc39-1ff1b11b6aba,2021,1,7,liam-lawson,hitech-racing,Dallara F2 2018,Mecachrome F2
af3bb76c-ea2b-4998-bc39-1ff1b11b6aba,2021,1,8,juri-vips,hitech-racing,Dallara F2 2018,Mecachrome F2
af3bb76c-ea2b-4998-bc39-1ff1b11b6aba,2021,1,22,matteo-nannini,hwa,Dallara F2 2018,Mecachrome F2
af3bb76c-ea2b-4998-bc39-1ff1b11b6aba,2021,1,23,alessio-deledda,hwa,Dallara F2 2018,Mecachrome F2
af3bb76c-ea2b-4998-bc39-1ff1b11b6aba,2021,1,11,richard-verschoor,mp-motorsport,Dallara F2 2018,Mecachrome F2
af3bb76c-ea2b-4998-bc39-1ff1b11b6aba,2021,1,12,lirim-zendeli,mp-motorsport,Dallara F2 2018,Mecachrome F2
af3bb76c-ea2b-4998-bc39-1ff1b11b6aba,2021,1,1,robert-shwartzman,prema-racing,Dallara F2 2018,Mecachrome F2
af3bb76c-ea2b-4998-bc39-1ff1b11b6aba,2021,1,2,oscar-piastri,prema-racing,Dallara F2 2018,Mecachrome F2
af3bb76c-ea2b-4998-bc39-1ff1b11b6aba,2021,1,24,bent-viscaal,trident-motorsport,Dallara F2 2018,Mecachrome F2
af3bb76c-ea2b-4998-bc39-1ff1b11b6aba,2021,1,25,marino-sato,trident-motorsport,Dallara F2 2018,Mecachrome F2
8f0d7462-5023-4018-bc8c-15d4bdb8b61b,2021,2,9,christian-lundgaard,art-grand-prix,Dallara F2 2018,Mecachrome F2
8f0d7462-5023-4018-bc8c-15d4bdb8b61b,2021,2,10,theo-pourchaire,art-grand-prix,Dallara F2 2018,Mecachrome F2
8f0d7462-5023-4018-bc8c-15d4bdb8b61b,2021,2,20,gianluca-petecof,campos-racing,Dallara F2 2018,Mecachrome F2
8f0d7462-5023-4018-bc8c-15d4bdb8b61b,2021,2,21,ralph-boschung,campos-racing,Dallara F2 2018,Mecachrome F2
8f0d7462-5023-4018-bc8c-15d4bdb8b61b,2021,2,5,daniel-ticktum,carlin,Dallara F2 2018,Mecachrome F2
8f0d7462-5023-4018-bc8c-15d4bdb8b61b,2021,2,6,jehan-daruvala,carlin,Dallara F2 2018,Mecachrome F2
8f0d7462-5023-4018-bc8c-15d4bdb8b61b,2021,2,14,david-beckmann,charouz-racing-system,Dallara F2 2018,Mecachrome F2
8f0d7462-5023-4018-bc8c-15d4bdb8b61b,2021,2,15,guilherme-samaia,charouz-racing-system,Dallara F2 2018,Mecachrome F2
8f0d7462-5023-4018-bc8c-15d4bdb8b61b,2021,2,16,roy-nissany,dams,Dallara F2 2018,Mecachrome F2
8f0d7462-5023-4018-bc8c-15d4bdb8b61b,2021,2,17,marcus-armstrong,dams,Dallara F2 2018,Mecachrome F2
8f0d7462-5023-4018-bc8c-15d4bdb8b61b,2021,2,7,liam-lawson,hitech-racing,Dallara F2 2018,Mecachrome F2
8f0d7462-5023-4018-bc8c-15d4bdb8b61b,2021,2,8,juri-vips,hitech-racing,Dallara F2 2018,Mecachrome F2
8f0d7462-5023-4018-bc8c-15d4bdb8b61b,2021,2,22,jack-aitken,hwa,Dallara F2 2018,Mecachrome F2
8f0d7462-5023-4018-bc8c-15d4bdb8b61b,2021,2,23,alessio-deledda,hwa,Dallara F2 2018,Mecachrome F2
8f0d7462-5023-4018-bc8c-15d4bdb8b61b,2021,2,11,richard-verschoor,mp-motorsport,Dallara F2 2018,Mecachrome F2
8f0d7462-5023-4018-bc8c-15d4bdb8b61b,2021,2,12,lirim-zendeli,mp-motorsport,Dallara F2 2018,Mecachrome F2
8f0d7462-5023-4018-bc8c-15d4bdb8b61b,2021,2,1,robert-shwartzman,prema-racing,Dallara F2 2018,Mecachrome F2
8f0d7462-5023-4018-bc8c-15d4bdb8b61b,2021,2,2,oscar-piastri,prema-racing,Dallara F2 2018,Mecachrome F2
8f0d7462-5023-4018-bc8c-15d4bdb8b61b,2021,2,24,bent-viscaal,trident-motorsport,Dallara F2 2018,Mecachrome F2
8f0d7462-5023-4018-bc8c-15d4bdb8b61b,2021,2,25,marino-sato,trident-motorsport,Dallara F2 2018,Mecachrome F2
7f8265b3-6679-46cd-99a0-5141af076d12,2021,3,9,christian-lundgaard,art-grand-prix,Dallara F2 2018,Mecachrome F2
7f8265b3-6679-46cd-99a0-5141af076d12,2021,3,10,theo-pourchaire,art-grand-prix,Dallara F2 2018,Mecachrome F2
7f8265b3-6679-46cd-99a0-5141af076d12,2021,3,20,matteo-nannini,campos-racing,Dallara F2 2018,Mecachrome F2
7f8265b3-6679-46cd-99a0-5141af076d12,2021,3,21,ralph-boschung,campos-racing,Dallara F2 2018,Mecachrome F2
7f8265b3-6679-46cd-99a0-5141af076d12,2021,3,5,daniel-ticktum,carlin,Dallara F2 2018,Mecachrome F2
7f8265b3-6679-46cd-99a0-5141af076d12,2021,3,6,jehan-daruvala,carlin,Dallara F2 2018,Mecachrome F2
7f8265b3-6679-46cd-99a0-5141af076d12,2021,3,14,david-beckmann,charouz-racing-system,Dallara F2 2018,Mecachrome F2
7f8265b3-6679-46cd-99a0-5141af076d12,2021,3,15,guilherme-samaia,charouz-racing-system,Dallara F2 2018,Mecachrome F2
7f8265b3-6679-46cd-99a0-5141af076d12,2021,3,16,roy-nissany,dams,Dallara F2 2018,Mecachrome F2
7f8265b3-6679-46cd-99a0-5141af076d12,2021,3,17,marcus-armstrong,dams,Dallara F2 2018,Mecachrome F2
7f8265b3-6679-46cd-99a0-5141af076d12,2021,3,7,liam-lawson,hitech-racing,Dallara F2 2018,Mecachrome F2
7f8265b3-6679-46cd-99a0-5141af076d12,2021,3,8,juri-vips,hitech-racing,Dallara F2 2018,Mecachrome F2
7f8265b3-6679-46cd-99a0-5141af076d12,2021,3,22,jack-aitken,hwa,Dallara F2 2018,Mecachrome F2
7f8265b3-6679-46cd-99a0-5141af076d12,2021,3,23,alessio-deledda,hwa,Dallara F2 2018,Mecachrome F2
7f8265b3-6679-46cd-99a0-5141af076d12,2021,3,11,richard-verschoor,mp-motorsport,Dallara F2 2018,Mecachrome F2
7f8265b3-6679-46cd-99a0-5141af076d12,2021,3,12,lirim-zendeli,mp-motorsport,Dallara F2 2018,Mecachrome F2
7f8265b3-6679-46cd-99a0-5141af076d12,2021,3,1,robert-shwartzman,prema-racing,Dallara F2 2018,Mecachrome F2
7f8265b3-6679-46cd-99a0-5141af076d12,2021,3,2,oscar-piastri,prema-racing,Dallara F2 2018,Mecachrome F2
7f8265b3-6679-46cd-99a0-5141af076d12,2021,3,24,bent-viscaal,trident-motorsport,Dallara F2 2018,Mecachrome F2
7f8265b3-6679-46cd-99a0-5141af076d12,2021,3,25,marino-sato,trident-motorsport,Dallara F2 2018,Mecachrome F2
bbdfceac-9c45-45e3-972d-fd79af5e7951,2021,4,9,christian-lundgaard,art-grand-prix,Dallara F2 2018,Mecachrome F2
bbdfceac-9c45-45e3-972d-fd79af5e7951,2021,4,10,theo-pourchaire,art-grand-prix,Dallara F2 2018,Mecachrome F2
bbdfceac-9c45-45e3-972d-fd79af5e7951,2021,4,20,matteo-nannini,campos-racing,Dallara F2 2018,Mecachrome F2
bbdfceac-9c45-45e3-972d-fd79af5e7951,2021,4,21,ralph-boschung,campos-racing,Dallara F2 2018,Mecachrome F2
bbdfceac-9c45-45e3-972d-fd79af5e7951,2021,4,5,daniel-ticktum,carlin,Dallara F2 2018,Mecachrome F2
bbdfceac-9c45-45e3-972d-fd79af5e7951,2021,4,6,jehan-daruvala,carlin,Dallara F2 2018,Mecachrome F2
bbdfceac-9c45-45e3-972d-fd79af5e7951,2021,4,14,david-beckmann,charouz-racing-system,Dallara F2 2018,Mecachrome F2
bbdfceac-9c45-45e3-972d-fd79af5e7951,2021,4,15,guilherme-samaia,charouz-racing-system,Dallara F2 2018,Mecachrome F2
bbdfceac-9c45-45e3-972d-fd79af5e7951,2021,4,16,roy-nissany,dams,Dallara F2 2018,Mecachrome F2
bbdfceac-9c45-45e3-972d-fd79af5e7951,2021,4,17,marcus-armstrong,dams,Dallara F2 2018,Mecachrome F2
bbdfceac-9c45-45e3-972d-fd79af5e7951,2021,4,7,liam-lawson,hitech-racing,Dallara F2 2018,Mecachrome F2
bbdfceac-9c45-45e3-972d-fd79af5e7951,2021,4,8,juri-vips,hitech-racing,Dallara F2 2018,Mecachrome F2
bbdfceac-9c45-45e3-972d-fd79af5e7951,2021,4,22,jack-aitken,hwa,Dallara F2 2018,Mecachrome F2
bbdfceac-9c45-45e3-972d-fd79af5e7951,2021,4,23,alessio-deledda,hwa,Dallara F2 2018,Mecachrome F2
bbdfceac-9c45-45e3-972d-fd79af5e7951,2021,4,11,richard-verschoor,mp-motorsport,Dallara F2 2018,Mecachrome F2
bbdfceac-9c45-45e3-972d-fd79af5e7951,2021,4,12,lirim-zendeli,mp-motorsport,Dallara F2 2018,Mecachrome F2
bbdfceac-9c45-45e3-972d-fd79af5e7951,2021,4,1,robert-shwartzman,prema-racing,Dallara F2 2018,Mecachrome F2
bbdfceac-9c45-45e3-972d-fd79af5e7951,2021,4,2,oscar-piastri,prema-racing,Dallara F2 2018,Mecachrome F2
bbdfceac-9c45-45e3-972d-fd79af5e7951,2021,4,24,bent-viscaal,trident-motorsport,Dallara F2 2018,Mecachrome F2
bbdfceac-9c45-45e3-972d-fd79af5e7951,2021,4,25,marino-sato,trident-motorsport,Dallara F2 2018,Mecachrome F2
81b39dce-1ed3-4f10-a14d-5ec59af20117,2021,5,9,christian-lundgaard,art-grand-prix,Dallara F2 2018,Mecachrome F2
81b39dce-1ed3-4f10-a14d-5ec59af20117,2021,5,10,theo-pourchaire,art-grand-prix,Dallara F2 2018,Mecachrome F2
81b39dce-1ed3-4f10-a14d-5ec59af20117,2021,5,20,david-beckmann,campos-racing,Dallara F2 2018,Mecachrome F2
81b39dce-1ed3-4f10-a14d-5ec59af20117,2021,5,21,ralph-boschung,campos-racing,Dallara F2 2018,Mecachrome F2
81b39dce-1ed3-4f10-a14d-5ec59af20117,2021,5,5,daniel-ticktum,carlin,Dallara F2 2018,Mecachrome F2
81b39dce-1ed3-4f10-a14d-5ec59af20117,2021,5,6,jehan-daruvala,carlin,Dallara F2 2018,Mecachrome F2
81b39dce-1ed3-4f10-a14d-5ec59af20117,2021,5,14,enzo-fittipaldi,charouz-racing-system,Dallara F2 2018,Mecachrome F2
81b39dce-1ed3-4f10-a14d-5ec59af20117,2021,5,15,guilherme-samaia,charouz-racing-system,Dallara F2 2018,Mecachrome F2
81b39dce-1ed3-4f10-a14d-5ec59af20117,2021,5,16,roy-nissany,dams,Dallara F2 2018,Mecachrome F2
81b39dce-1ed3-4f10-a14d-5ec59af20117,2021,5,17,marcus-armstrong,dams,Dallara F2 2018,Mecachrome F2
81b39dce-1ed3-4f10-a14d-5ec59af20117,2021,5,7,liam-lawson,hitech-racing,Dallara F2 2018,Mecachrome F2
81b39dce-1ed3-4f10-a14d-5ec59af20117,2021,5,8,juri-vips,hitech-racing,Dallara F2 2018,Mecachrome F2
81b39dce-1ed3-4f10-a14d-5ec59af20117,2021,5,22,jake-hughes,hwa,Dallara F2 2018,Mecachrome F2
81b39dce-1ed3-4f10-a14d-5ec59af20117,2021,5,23,alessio-deledda,hwa,Dallara F2 2018,Mecachrome F2
81b39dce-1ed3-4f10-a14d-5ec59af20117,2021,5,11,richard-verschoor,mp-motorsport,Dallara F2 2018,Mecachrome F2
81b39dce-1ed3-4f10-a14d-5ec59af20117,2021,5,12,lirim-zendeli,mp-motorsport,Dallara F2 2018,Mecachrome F2
81b39dce-1ed3-4f10-a14d-5ec59af20117,2021,5,1,robert-shwartzman,prema-racing,Dallara F2 2018,Mecachrome F2
81b39dce-1ed3-4f10-a14d-5ec59af20117,2021,5,2,oscar-piastri,prema-racing,Dallara F2 2018,Mecachrome F2
81b39dce-1ed3-4f10-a14d-5ec59af20117,2021,5,24,bent-viscaal,trident-motorsport,Dallara F2 2018,Mecachrome F2
81b39dce-1ed3-4f10-a14d-5ec59af20117,2021,5,25,marino-sato,trident-motorsport,Dallara F2 2018,Mecachrome F2
096c0b2c-4105-45da-ba87-59a493f82ebd,2021,6,9,christian-lundgaard,art-grand-prix,Dallara F2 2018,Mecachrome F2
096c0b2c-4105-45da-ba87-59a493f82ebd,2021,6,10,theo-pourchaire,art-grand-prix,Dallara F2 2018,Mecachrome F2
096c0b2c-4105-45da-ba87-59a493f82ebd,2021,6,20,david-beckmann,campos-racing,Dallara F2 2018,Mecachrome F2
096c0b2c-4105-45da-ba87-59a493f82ebd,2021,6,21,ralph-boschung,campos-racing,Dallara F2 2018,Mecachrome F2
096c0b2c-4105-45da-ba87-59a493f82ebd,2021,6,5,daniel-ticktum,carlin,Dallara F2 2018,Mecachrome F2
096c0b2c-4105-45da-ba87-59a493f82ebd,2021,6,6,jehan-daruvala,carlin,Dallara F2 2018,Mecachrome F2
096c0b2c-4105-45da-ba87-59a493f82ebd,2021,6,14,enzo-fittipaldi,charouz-racing-system,Dallara F2 2018,Mecachrome F2
096c0b2c-4105-45da-ba87-59a493f82ebd,2021,6,15,guilherme-samaia,charouz-racing-system,Dallara F2 2018,Mecachrome F2
096c0b2c-4105-45da-ba87-59a493f82ebd,2021,6,16,roy-nissany,dams,Dallara F2 2018,Mecachrome F2
096c0b2c-4105-45da-ba87-59a493f82ebd,2021,6,17,marcus-armstrong,dams,Dallara F2 2018,Mecachrome F2
096c0b2c-4105-45da-ba87-59a493f82ebd,2021,6,7,liam-lawson,hitech-racing,Dallara F2 2018,Mecachrome F2
096c0b2c-4105-45da-ba87-59a493f82ebd,2021,6,8,juri-vips,hitech-racing,Dallara F2 2018,Mecachrome F2
096c0b2c-4105-45da-ba87-59a493f82ebd,2021,6,22,jake-hughes,hwa,Dallara F2 2018,Mecachrome F2
096c0b2c-4105-45da-ba87-59a493f82ebd,2021,6,23,alessio-deledda,hwa,Dallara F2 2018,Mecachrome F2
096c0b2c-4105-45da-ba87-59a493f82ebd,2021,6,11,richard-verschoor,mp-motorsport,Dallara F2 2018,Mecachrome F2
096c0b2c-4105-45da-ba87-59a493f82ebd,2021,6,12,lirim-zendeli,mp-motorsport,Dallara F2 2018,Mecachrome F2
096c0b2c-4105-45da-ba87-59a493f82ebd,2021,6,1,robert-shwartzman,prema-racing,Dallara F2 2018,Mecachrome F2
096c0b2c-4105-45da-ba87-59a493f82ebd,2021,6,2,oscar-piastri,prema-racing,Dallara F2 2018,Mecachrome F2
096c0b2c-4105-45da-ba87-59a493f82ebd,2021,6,24,bent-viscaal,trident-motorsport,Dallara F2 2018,Mecachrome F2
096c0b2c-4105-45da-ba87-59a493f82ebd,2021,6,25,marino-sato,trident-motorsport,Dallara F2 2018,Mecachrome F2
aaf36399-14b5-444b-9eab-778a2ca2ec37,2021,7,9,christian-lundgaard,art-grand-prix,Dallara F2 2018,Mecachrome F2
aaf36399-14b5-444b-9eab-778a2ca2ec37,2021,7,10,theo-pourchaire,art-grand-prix,Dallara F2 2018,Mecachrome F2
aaf36399-14b5-444b-9eab-778a2ca2ec37,2021,7,20,oliver-olli-caldwell,campos-racing,Dallara F2 2018,Mecachrome F2
aaf36399-14b5-444b-9eab-778a2ca2ec37,2021,7,21,ralph-boschung,campos-racing,Dallara F2 2018,Mecachrome F2
aaf36399-14b5-444b-9eab-778a2ca2ec37,2021,7,5,daniel-ticktum,carlin,Dallara F2 2018,Mecachrome F2
aaf36399-14b5-444b-9eab-778a2ca2ec37,2021,7,6,jehan-daruvala,carlin,Dallara F2 2018,Mecachrome F2
aaf36399-14b5-444b-9eab-778a2ca2ec37,2021,7,14,enzo-fittipaldi,charouz-racing-system,Dallara F2 2018,Mecachrome F2
aaf36399-14b5-444b-9eab-778a2ca2ec37,2021,7,15,guilherme-samaia,charouz-racing-system,Dallara F2 2018,Mecachrome F2
aaf36399-14b5-444b-9eab-778a2ca2ec37,2021,7,16,roy-nissany,dams,Dallara F2 2018,Mecachrome F2
aaf36399-14b5-444b-9eab-778a2ca2ec37,2021,7,17,marcus-armstrong,dams,Dallara F2 2018,Mecachrome F2
aaf36399-14b5-444b-9eab-778a2ca2ec37,2021,7,7,liam-lawson,hitech-racing,Dallara F2 2018,Mecachrome F2
aaf36399-14b5-444b-9eab-778a2ca2ec37,2021,7,8,juri-vips,hitech-racing,Dallara F2 2018,Mecachrome F2
aaf36399-14b5-444b-9eab-778a2ca2ec37,2021,7,22,logan-sargeant,hwa,Dallara F2 2018,Mecachrome F2
aaf36399-14b5-444b-9eab-778a2ca2ec37,2021,7,23,alessio-deledda,hwa,Dallara F2 2018,Mecachrome F2
aaf36399-14b5-444b-9eab-778a2ca2ec37,2021,7,11,jack-doohan,mp-motorsport,Dallara F2 2018,Mecachrome F2
aaf36399-14b5-444b-9eab-778a2ca2ec37,2021,7,12,clement-novalak,mp-motorsport,Dallara F2 2018,Mecachrome F2
aaf36399-14b5-444b-9eab-778a2ca2ec37,2021,7,1,robert-shwartzman,prema-racing,Dallara F2 2018,Mecachrome F2
aaf36399-14b5-444b-9eab-778a2ca2ec37,2021,7,2,oscar-piastri,prema-racing,Dallara F2 2018,Mecachrome F2
aaf36399-14b5-444b-9eab-778a2ca2ec37,2021,7,24,bent-viscaal,trident-motorsport,Dallara F2 2018,Mecachrome F2
aaf36399-14b5-444b-9eab-778a2ca2ec37,2021,7,25,marino-sato,trident-motorsport,Dallara F2 2018,Mecachrome F2
ce807a2f-8fcf-4a24-a6fe-6706b2a93fc9,2021,8,9,christian-lundgaard,art-grand-prix,Dallara F2 2018,Mecachrome F2
ce807a2f-8fcf-4a24-a6fe-6706b2a93fc9,2021,8,10,theo-pourchaire,art-grand-prix,Dallara F2 2018,Mecachrome F2
ce807a2f-8fcf-4a24-a6fe-6706b2a93fc9,2021,8,20,oliver-olli-caldwell,campos-racing,Dallara F2 2018,Mecachrome F2
ce807a2f-8fcf-4a24-a6fe-6706b2a93fc9,2021,8,21,ralph-boschung,campos-racing,Dallara F2 2018,Mecachrome F2
ce807a2f-8fcf-4a24-a6fe-6706b2a93fc9,2021,8,5,daniel-ticktum,carlin,Dallara F2 2018,Mecachrome F2
ce807a2f-8fcf-4a24-a6fe-6706b2a93fc9,2021,8,6,jehan-daruvala,carlin,Dallara F2 2018,Mecachrome F2
ce807a2f-8fcf-4a24-a6fe-6706b2a93fc9,2021,8,14,richard-verschoor,charouz-racing-system,Dallara F2 2018,Mecachrome F2
ce807a2f-8fcf-4a24-a6fe-6706b2a93fc9,2021,8,15,guilherme-samaia,charouz-racing-system,Dallara F2 2018,Mecachrome F2
ce807a2f-8fcf-4a24-a6fe-6706b2a93fc9,2021,8,16,roy-nissany,dams,Dallara F2 2018,Mecachrome F2
ce807a2f-8fcf-4a24-a6fe-6706b2a93fc9,2021,8,17,marcus-armstrong,dams,Dallara F2 2018,Mecachrome F2
ce807a2f-8fcf-4a24-a6fe-6706b2a93fc9,2021,8,7,liam-lawson,hitech-racing,Dallara F2 2018,Mecachrome F2
ce807a2f-8fcf-4a24-a6fe-6706b2a93fc9,2021,8,8,juri-vips,hitech-racing,Dallara F2 2018,Mecachrome F2
ce807a2f-8fcf-4a24-a6fe-6706b2a93fc9,2021,8,22,jake-hughes,hwa,Dallara F2 2018,Mecachrome F2
ce807a2f-8fcf-4a24-a6fe-6706b2a93fc9,2021,8,23,alessio-deledda,hwa,Dallara F2 2018,Mecachrome F2
ce807a2f-8fcf-4a24-a6fe-6706b2a93fc9,2021,8,11,jack-doohan,mp-motorsport,Dallara F2 2018,Mecachrome F2
ce807a2f-8fcf-4a24-a6fe-6706b2a93fc9,2021,8,12,clement-novalak,mp-motorsport,Dallara F2 2018,Mecachrome F2
ce807a2f-8fcf-4a24-a6fe-6706b2a93fc9,2021,8,1,robert-shwartzman,prema-racing,Dallara F2 2018,Mecachrome F2
ce807a2f-8fcf-4a24-a6fe-6706b2a93fc9,2021,8,2,oscar-piastri,prema-racing,Dallara F2 2018,Mecachrome F2
ce807a2f-8fcf-4a24-a6fe-6706b2a93fc9,2021,8,24,bent-viscaal,trident-motorsport,Dallara F2 2018,Mecachrome F2
ce807a2f-8fcf-4a24-a6fe-6706b2a93fc9,2021,8,25,marino-sato,trident-motorsport,Dallara F2 2018,Mecachrome F2
0dd3e5e5-ef33-47ce-84a1-baa77cb5a445,2022,1,9,frederik-vesti,art-grand-prix,Dallara F2 2018,Mecachrome F2
0dd3e5e5-ef33-47ce-84a1-baa77cb5a445,2022,1,10,theo-pourchaire,art-grand-prix,Dallara F2 2018,Mecachrome F2
0dd3e5e5-ef33-47ce-84a1-baa77cb5a445,2022,1,14,oliver-olli-caldwell,campos-racing,Dallara F2 2018,Mecachrome F2
0dd3e5e5-ef33-47ce-84a1-baa77cb5a445,2022,1,15,ralph-boschung,campos-racing,Dallara F2 2018,Mecachrome F2
0dd3e5e5-ef33-47ce-84a1-baa77cb5a445,2022,1,5,liam-lawson,carlin,Dallara F2 2018,Mecachrome F2
0dd3e5e5-ef33-47ce-84a1-baa77cb5a445,2022,1,6,logan-sargeant,carlin,Dallara F2 2018,Mecachrome F2
0dd3e5e5-ef33-47ce-84a1-baa77cb5a445,2022,1,22,enzo-fittipaldi,charouz-racing-system,Dallara F2 2018,Mecachrome F2
0dd3e5e5-ef33-47ce-84a1-baa77cb5a445,2022,1,23,cem-bolukbasi,charouz-racing-system,Dallara F2 2018,Mecachrome F2
0dd3e5e5-ef33-47ce-84a1-baa77cb5a445,2022,1,16,roy-nissany,dams,Dallara F2 2018,Mecachrome F2
0dd3e5e5-ef33-47ce-84a1-baa77cb5a445,2022,1,17,ayumu-iwasa,dams,Dallara F2 2018,Mecachrome F2
0dd3e5e5-ef33-47ce-84a1-baa77cb5a445,2022,1,7,marcus-armstrong,hitech-racing,Dallara F2 2018,Mecachrome F2
0dd3e5e5-ef33-47ce-84a1-baa77cb5a445,2022,1,8,juri-vips,hitech-racing,Dallara F2 2018,Mecachrome F2
0dd3e5e5-ef33-47ce-84a1-baa77cb5a445,2022,1,11,felipe-drugovich,mp-motorsport,Dallara F2 2018,Mecachrome F2
0dd3e5e5-ef33-47ce-84a1-baa77cb5a445,2022,1,12,clement-novalak,mp-motorsport,Dallara F2 2018,Mecachrome F2
0dd3e5e5-ef33-47ce-84a1-baa77cb5a445,2022,1,1,dennis-hauger,prema-racing,Dallara F2 2018,Mecachrome F2
0dd3e5e5-ef33-47ce-84a1-baa77cb5a445,2022,1,2,jehan-daruvala,prema-racing,Dallara F2 2018,Mecachrome F2
0dd3e5e5-ef33-47ce-84a1-baa77cb5a445,2022,1,20,richard-verschoor,trident-motorsport,Dallara F2 2018,Mecachrome F2
0dd3e5e5-ef33-47ce-84a1-baa77cb5a445,2022,1,21,calan-williams,trident-motorsport,Dallara F2 2018,Mecachrome F2
0dd3e5e5-ef33-47ce-84a1-baa77cb5a445,2022,1,24,jake-hughes,van-amersfoort-racing,Dallara F2 2018,Mecachrome F2
0dd3e5e5-ef33-47ce-84a1-baa77cb5a445,2022,1,25,amaury-cordeel,van-amersfoort-racing,Dallara F2 2018,Mecachrome F2
69b6dee4-0ef8-48e6-899c-fd3b638bee58,2022,2,9,frederik-vesti,art-grand-prix,Dallara F2 2018,Mecachrome F2
69b6dee4-0ef8-48e6-899c-fd3b638bee58,2022,2,10,theo-pourchaire,art-grand-prix,Dallara F2 2018,Mecachrome F2
69b6dee4-0ef8-48e6-899c-fd3b638bee58,2022,2,14,oliver-olli-caldwell,campos-racing,Dallara F2 2018,Mecachrome F2
69b6dee4-0ef8-48e6-899c-fd3b638bee58,2022,2,15,ralph-boschung,campos-racing,Dallara F2 2018,Mecachrome F2
69b6dee4-0ef8-48e6-899c-fd3b638bee58,2022,2,5,liam-lawson,carlin,Dallara F2 2018,Mecachrome F2
69b6dee4-0ef8-48e6-899c-fd3b638bee58,2022,2,6,logan-sargeant,carlin,Dallara F2 2018,Mecachrome F2
69b6dee4-0ef8-48e6-899c-fd3b638bee58,2022,2,22,enzo-fittipaldi,charouz-racing-system,Dallara F2 2018,Mecachrome F2
69b6dee4-0ef8-48e6-899c-fd3b638bee58,2022,2,23,cem-bolukbasi,charouz-racing-system,Dallara F2 2018,Mecachrome F2
69b6dee4-0ef8-48e6-899c-fd3b638bee58,2022,2,16,roy-nissany,dams,Dallara F2 2018,Mecachrome F2
69b6dee4-0ef8-48e6-899c-fd3b638bee58,2022,2,17,ayumu-iwasa,dams,Dallara F2 2018,Mecachrome F2
69b6dee4-0ef8-48e6-899c-fd3b638bee58,2022,2,7,marcus-armstrong,hitech-racing,Dallara F2 2018,Mecachrome F2
69b6dee4-0ef8-48e6-899c-fd3b638bee58,2022,2,8,juri-vips,hitech-racing,Dallara F2 2018,Mecachrome F2
69b6dee4-0ef8-48e6-899c-fd3b638bee58,2022,2,11,felipe-drugovich,mp-motorsport,Dallara F2 2018,Mecachrome F2
69b6dee4-0ef8-48e6-899c-fd3b638bee58,2022,2,12,clement-novalak,mp-motorsport,Dallara F2 2018,Mecachrome F2
69b6dee4-0ef8-48e6-899c-fd3b638bee58,2022,2,1,dennis-hauger,prema-racing,Dallara F2 2018,Mecachrome F2
69b6dee4-0ef8-48e6-899c-fd3b638bee58,2022,2,2,jehan-daruvala,prema-racing,Dallara F2 2018,Mecachrome F2
69b6dee4-0ef8-48e6-899c-fd3b638bee58,2022,2,20,richard-verschoor,trident-motorsport,Dallara F2 2018,Mecachrome F2
69b6dee4-0ef8-48e6-899c-fd3b638bee58,2022,2,21,calan-williams,trident-motorsport,Dallara F2 2018,Mecachrome F2
69b6dee4-0ef8-48e6-899c-fd3b638bee58,2022,2,24,jake-hughes,van-amersfoort-racing,Dallara F2 2018,Mecachrome F2
69b6dee4-0ef8-48e6-899c-fd3b638bee58,2022,2,25,amaury-cordeel,van-amersfoort-racing,Dallara F2 2018,Mecachrome F2
29aa9ff7-362c-4df2-a7e8-bbdbdb6cb53b,2022,3,9,frederik-vesti,art-grand-prix,Dallara F2 2018,Mecachrome F2
29aa9ff7-362c-4df2-a7e8-bbdbdb6cb53b,2022,3,10,theo-pourchaire,art-grand-prix,Dallara F2 2018,Mecachrome F2
29aa9ff7-362c-4df2-a7e8-bbdbdb6cb53b,2022,3,14,oliver-olli-caldwell,campos-racing,Dallara F2 2018,Mecachrome F2
29aa9ff7-362c-4df2-a7e8-bbdbdb6cb53b,2022,3,15,ralph-boschung,campos-racing,Dallara F2 2018,Mecachrome F2
29aa9ff7-362c-4df2-a7e8-bbdbdb6cb53b,2022,3,5,liam-lawson,carlin,Dallara F2 2018,Mecachrome F2
29aa9ff7-362c-4df2-a7e8-bbdbdb6cb53b,2022,3,6,logan-sargeant,carlin,Dallara F2 2018,Mecachrome F2
29aa9ff7-362c-4df2-a7e8-bbdbdb6cb53b,2022,3,22,enzo-fittipaldi,charouz-racing-system,Dallara F2 2018,Mecachrome F2
29aa9ff7-362c-4df2-a7e8-bbdbdb6cb53b,2022,3,23,david-beckmann,charouz-racing-system,Dallara F2 2018,Mecachrome F2
29aa9ff7-362c-4df2-a7e8-bbdbdb6cb53b,2022,3,16,roy-nissany,dams,Dallara F2 2018,Mecachrome F2
29aa9ff7-362c-4df2-a7e8-bbdbdb6cb53b,2022,3,17,ayumu-iwasa,dams,Dallara F2 2018,Mecachrome F2
29aa9ff7-362c-4df2-a7e8-bbdbdb6cb53b,2022,3,7,marcus-armstrong,hitech-racing,Dallara F2 2018,Mecachrome F2
29aa9ff7-362c-4df2-a7e8-bbdbdb6cb53b,2022,3,8,juri-vips,hitech-racing,Dallara F2 2018,Mecachrome F2
29aa9ff7-362c-4df2-a7e8-bbdbdb6cb53b,2022,3,11,felipe-drugovich,mp-motorsport,Dallara F2 2018,Mecachrome F2
29aa9ff7-362c-4df2-a7e8-bbdbdb6cb53b,2022,3,12,clement-novalak,mp-motorsport,Dallara F2 2018,Mecachrome F2
29aa9ff7-362c-4df2-a7e8-bbdbdb6cb53b,2022,3,1,dennis-hauger,prema-racing,Dallara F2 2018,Mecachrome F2
29aa9ff7-362c-4df2-a7e8-bbdbdb6cb53b,2022,3,2,jehan-daruvala,prema-racing,Dallara F2 2018,Mecachrome F2
29aa9ff7-362c-4df2-a7e8-bbdbdb6cb53b,2022,3,20,richard-verschoor,trident-motorsport,Dallara F2 2018,Mecachrome F2
29aa9ff7-362c-4df2-a7e8-bbdbdb6cb53b,2022,3,21,calan-williams,trident-motorsport,Dallara F2 2018,Mecachrome F2
29aa9ff7-362c-4df2-a7e8-bbdbdb6cb53b,2022,3,24,jake-hughes,van-amersfoort-racing,Dallara F2 2018,Mecachrome F2
29aa9ff7-362c-4df2-a7e8-bbdbdb6cb53b,2022,3,25,amaury-cordeel,van-amersfoort-racing,Dallara F2 2018,Mecachrome F2
defe9212-01f9-49ba-b666-710e065141a4,2022,4,9,frederik-vesti,art-grand-prix,Dallara F2 2018,Mecachrome F2
defe9212-01f9-49ba-b666-710e065141a4,2022,4,10,theo-pourchaire,art-grand-prix,Dallara F2 2018,Mecachrome F2
defe9212-01f9-49ba-b666-710e065141a4,2022,4,14,oliver-olli-caldwell,campos-racing,Dallara F2 2018,Mecachrome F2
defe9212-01f9-49ba-b666-710e065141a4,2022,4,15,ralph-boschung,campos-racing,Dallara F2 2018,Mecachrome F2
defe9212-01f9-49ba-b666-710e065141a4,2022,4,5,liam-lawson,carlin,Dallara F2 2018,Mecachrome F2
defe9212-01f9-49ba-b666-710e065141a4,2022,4,6,logan-sargeant,carlin,Dallara F2 2018,Mecachrome F2
defe9212-01f9-49ba-b666-710e065141a4,2022,4,22,enzo-fittipaldi,charouz-racing-system,Dallara F2 2018,Mecachrome F2
defe9212-01f9-49ba-b666-710e065141a4,2022,4,23,cem-bolukbasi,charouz-racing-system,Dallara F2 2018,Mecachrome F2
defe9212-01f9-49ba-b666-710e065141a4,2022,4,16,roy-nissany,dams,Dallara F2 2018,Mecachrome F2
defe9212-01f9-49ba-b666-710e065141a4,2022,4,17,ayumu-iwasa,dams,Dallara F2 2018,Mecachrome F2
defe9212-01f9-49ba-b666-710e065141a4,2022,4,7,marcus-armstrong,hitech-racing,Dallara F2 2018,Mecachrome F2
defe9212-01f9-49ba-b666-710e065141a4,2022,4,8,juri-vips,hitech-racing,Dallara F2 2018,Mecachrome F2
defe9212-01f9-49ba-b666-710e065141a4,2022,4,11,felipe-drugovich,mp-motorsport,Dallara F2 2018,Mecachrome F2
defe9212-01f9-49ba-b666-710e065141a4,2022,4,12,clement-novalak,mp-motorsport,Dallara F2 2018,Mecachrome F2
defe9212-01f9-49ba-b666-710e065141a4,2022,4,1,dennis-hauger,prema-racing,Dallara F2 2018,Mecachrome F2
defe9212-01f9-49ba-b666-710e065141a4,2022,4,2,jehan-daruvala,prema-racing,Dallara F2 2018,Mecachrome F2
defe9212-01f9-49ba-b666-710e065141a4,2022,4,20,richard-verschoor,trident-motorsport,Dallara F2 2018,Mecachrome F2
defe9212-01f9-49ba-b666-710e065141a4,2022,4,21,calan-williams,trident-motorsport,Dallara F2 2018,Mecachrome F2
defe9212-01f9-49ba-b666-710e065141a4,2022,4,24,jake-hughes,van-amersfoort-racing,Dallara F2 2018,Mecachrome F2
defe9212-01f9-49ba-b666-710e065141a4,2022,4,25,amaury-cordeel,van-amersfoort-racing,Dallara F2 2018,Mecachrome F2
3239da92-42de-467e-a4f9-088e550af0e2,2022,5,9,frederik-vesti,art-grand-prix,Dallara F2 2018,Mecachrome F2
3239da92-42de-467e-a4f9-088e550af0e2,2022,5,10,theo-pourchaire,art-grand-prix,Dallara F2 2018,Mecachrome F2
3239da92-42de-467e-a4f9-088e550af0e2,2022,5,14,oliver-olli-caldwell,campos-racing,Dallara F2 2018,Mecachrome F2
3239da92-42de-467e-a4f9-088e550af0e2,2022,5,15,ralph-boschung,campos-racing,Dallara F2 2018,Mecachrome F2
3239da92-42de-467e-a4f9-088e550af0e2,2022,5,5,liam-lawson,carlin,Dallara F2 2018,Mecachrome F2
3239da92-42de-467e-a4f9-088e550af0e2,2022,5,6,logan-sargeant,carlin,Dallara F2 2018,Mecachrome F2
3239da92-42de-467e-a4f9-088e550af0e2,2022,5,22,enzo-fittipaldi,charouz-racing-system,Dallara F2 2018,Mecachrome F2
3239da92-42de-467e-a4f9-088e550af0e2,2022,5,23,cem-bolukbasi,charouz-racing-system,Dallara F2 2018,Mecachrome F2
3239da92-42de-467e-a4f9-088e550af0e2,2022,5,16,roy-nissany,dams,Dallara F2 2018,Mecachrome F2
3239da92-42de-467e-a4f9-088e550af0e2,2022,5,17,ayumu-iwasa,dams,Dallara F2 2018,Mecachrome F2
3239da92-42de-467e-a4f9-088e550af0e2,2022,5,7,marcus-armstrong,hitech-racing,Dallara F2 2018,Mecachrome F2
3239da92-42de-467e-a4f9-088e550af0e2,2022,5,8,juri-vips,hitech-racing,Dallara F2 2018,Mecachrome F2
3239da92-42de-467e-a4f9-088e550af0e2,2022,5,11,felipe-drugovich,mp-motorsport,Dallara F2 2018,Mecachrome F2
3239da92-42de-467e-a4f9-088e550af0e2,2022,5,12,clement-novalak,mp-motorsport,Dallara F2 2018,Mecachrome F2
3239da92-42de-467e-a4f9-088e550af0e2,2022,5,1,dennis-hauger,prema-racing,Dallara F2 2018,Mecachrome F2
3239da92-42de-467e-a4f9-088e550af0e2,2022,5,2,jehan-daruvala,prema-racing,Dallara F2 2018,Mecachrome F2
3239da92-42de-467e-a4f9-088e550af0e2,2022,5,20,richard-verschoor,trident-motorsport,Dallara F2 2018,Mecachrome F2
3239da92-42de-467e-a4f9-088e550af0e2,2022,5,21,calan-williams,trident-motorsport,Dallara F2 2018,Mecachrome F2
3239da92-42de-467e-a4f9-088e550af0e2,2022,5,24,jake-hughes,van-amersfoort-racing,Dallara F2 2018,Mecachrome F2
3239da92-42de-467e-a4f9-088e550af0e2,2022,5,25,amaury-cordeel,van-amersfoort-racing,Dallara F2 2018,Mecachrome F2
22ec67d6-0f30-42b8-a2e0-9380d84ec004,2022,6,9,frederik-vesti,art-grand-prix,Dallara F2 2018,Mecachrome F2
22ec67d6-0f30-42b8-a2e0-9380d84ec004,2022,6,10,theo-pourchaire,art-grand-prix,Dallara F2 2018,Mecachrome F2
22ec67d6-0f30-42b8-a2e0-9380d84ec004,2022,6,14,oliver-olli-caldwell,campos-racing,Dallara F2 2018,Mecachrome F2
22ec67d6-0f30-42b8-a2e0-9380d84ec004,2022,6,15,ralph-boschung,campos-racing,Dallara F2 2018,Mecachrome F2
22ec67d6-0f30-42b8-a2e0-9380d84ec004,2022,6,5,liam-lawson,carlin,Dallara F2 2018,Mecachrome F2
22ec67d6-0f30-42b8-a2e0-9380d84ec004,2022,6,6,logan-sargeant,carlin,Dallara F2 2018,Mecachrome F2
22ec67d6-0f30-42b8-a2e0-9380d84ec004,2022,6,22,enzo-fittipaldi,charouz-racing-system,Dallara F2 2018,Mecachrome F2
22ec67d6-0f30-42b8-a2e0-9380d84ec004,2022,6,23,cem-bolukbasi,charouz-racing-system,Dallara F2 2018,Mecachrome F2
22ec67d6-0f30-42b8-a2e0-9380d84ec004,2022,6,16,roy-nissany,dams,Dallara F2 2018,Mecachrome F2
22ec67d6-0f30-42b8-a2e0-9380d84ec004,2022,6,17,ayumu-iwasa,dams,Dallara F2 2018,Mecachrome F2
22ec67d6-0f30-42b8-a2e0-9380d84ec004,2022,6,7,marcus-armstrong,hitech-racing,Dallara F2 2018,Mecachrome F2
22ec67d6-0f30-42b8-a2e0-9380d84ec004,2022,6,8,juri-vips,hitech-racing,Dallara F2 2018,Mecachrome F2
22ec67d6-0f30-42b8-a2e0-9380d84ec004,2022,6,11,felipe-drugovich,mp-motorsport,Dallara F2 2018,Mecachrome F2
22ec67d6-0f30-42b8-a2e0-9380d84ec004,2022,6,12,clement-novalak,mp-motorsport,Dallara F2 2018,Mecachrome F2
22ec67d6-0f30-42b8-a2e0-9380d84ec004,2022,6,1,dennis-hauger,prema-racing,Dallara F2 2018,Mecachrome F2
22ec67d6-0f30-42b8-a2e0-9380d84ec004,2022,6,2,jehan-daruvala,prema-racing,Dallara F2 2018,Mecachrome F2
22ec67d6-0f30-42b8-a2e0-9380d84ec004,2022,6,20,richard-verschoor,trident-motorsport,Dallara F2 2018,Mecachrome F2
22ec67d6-0f30-42b8-a2e0-9380d84ec004,2022,6,21,calan-williams,trident-motorsport,Dallara F2 2018,Mecachrome F2
22ec67d6-0f30-42b8-a2e0-9380d84ec004,2022,6,24,jake-hughes,van-amersfoort-racing,Dallara F2 2018,Mecachrome F2
22ec67d6-0f30-42b8-a2e0-9380d84ec004,2022,6,25,amaury-cordeel,van-amersfoort-racing,Dallara F2 2018,Mecachrome F2
84a8dddd-d240-4907-85a4-da76bd196e9e,2022,7,9,frederik-vesti,art-grand-prix,Dallara F2 2018,Mecachrome F2
84a8dddd-d240-4907-85a4-da76bd196e9e,2022,7,10,theo-pourchaire,art-grand-prix,Dallara F2 2018,Mecachrome F2
84a8dddd-d240-4907-85a4-da76bd196e9e,2022,7,14,oliver-olli-caldwell,campos-racing,Dallara F2 2018,Mecachrome F2
84a8dddd-d240-4907-85a4-da76bd196e9e,2022,7,15,ralph-boschung,campos-racing,Dallara F2 2018,Mecachrome F2
84a8dddd-d240-4907-85a4-da76bd196e9e,2022,7,5,liam-lawson,carlin,Dallara F2 2018,Mecachrome F2
84a8dddd-d240-4907-85a4-da76bd196e9e,2022,7,6,logan-sargeant,carlin,Dallara F2 2018,Mecachrome F2
84a8dddd-d240-4907-85a4-da76bd196e9e,2022,7,22,enzo-fittipaldi,charouz-racing-system,Dallara F2 2018,Mecachrome F2
84a8dddd-d240-4907-85a4-da76bd196e9e,2022,7,23,cem-bolukbasi,charouz-racing-system,Dallara F2 2018,Mecachrome F2
84a8dddd-d240-4907-85a4-da76bd196e9e,2022,7,16,roy-nissany,dams,Dallara F2 2018,Mecachrome F2
84a8dddd-d240-4907-85a4-da76bd196e9e,2022,7,17,ayumu-iwasa,dams,Dallara F2 2018,Mecachrome F2
84a8dddd-d240-4907-85a4-da76bd196e9e,2022,7,7,marcus-armstrong,hitech-racing,Dallara F2 2018,Mecachrome F2
84a8dddd-d240-4907-85a4-da76bd196e9e,2022,7,8,juri-vips,hitech-racing,Dallara F2 2018,Mecachrome F2
84a8dddd-d240-4907-85a4-da76bd196e9e,2022,7,11,felipe-drugovich,mp-motorsport,Dallara F2 2018,Mecachrome F2
84a8dddd-d240-4907-85a4-da76bd196e9e,2022,7,12,clement-novalak,mp-motorsport,Dallara F2 2018,Mecachrome F2
84a8dddd-d240-4907-85a4-da76bd196e9e,2022,7,1,dennis-hauger,prema-racing,Dallara F2 2018,Mecachrome F2
84a8dddd-d240-4907-85a4-da76bd196e9e,2022,7,2,jehan-daruvala,prema-racing,Dallara F2 2018,Mecachrome F2
84a8dddd-d240-4907-85a4-da76bd196e9e,2022,7,20,richard-verschoor,trident-motorsport,Dallara F2 2018,Mecachrome F2
84a8dddd-d240-4907-85a4-da76bd196e9e,2022,7,21,calan-williams,trident-motorsport,Dallara F2 2018,Mecachrome F2
84a8dddd-d240-4907-85a4-da76bd196e9e,2022,7,24,jake-hughes,van-amersfoort-racing,Dallara F2 2018,Mecachrome F2
84a8dddd-d240-4907-85a4-da76bd196e9e,2022,7,25,david-beckmann,van-amersfoort-racing,Dallara F2 2018,Mecachrome F2
4a101acc-3a7e-4e65-8bb7-07557208fe7f,2022,8,9,frederik-vesti,art-grand-prix,Dallara F2 2018,Mecachrome F2
4a101acc-3a7e-4e65-8bb7-07557208fe7f,2022,8,10,theo-pourchaire,art-grand-prix,Dallara F2 2018,Mecachrome F2
4a101acc-3a7e-4e65-8bb7-07557208fe7f,2022,8,14,oliver-olli-caldwell,campos-racing,Dallara F2 2018,Mecachrome F2
4a101acc-3a7e-4e65-8bb7-07557208fe7f,2022,8,15,roberto-merhi,campos-racing,Dallara F2 2018,Mecachrome F2
4a101acc-3a7e-4e65-8bb7-07557208fe7f,2022,8,5,liam-lawson,carlin,Dallara F2 2018,Mecachrome F2
4a101acc-3a7e-4e65-8bb7-07557208fe7f,2022,8,6,logan-sargeant,carlin,Dallara F2 2018,Mecachrome F2
4a101acc-3a7e-4e65-8bb7-07557208fe7f,2022,8,22,enzo-fittipaldi,charouz-racing-system,Dallara F2 2018,Mecachrome F2
4a101acc-3a7e-4e65-8bb7-07557208fe7f,2022,8,23,cem-bolukbasi,charouz-racing-system,Dallara F2 2018,Mecachrome F2
4a101acc-3a7e-4e65-8bb7-07557208fe7f,2022,8,16,roy-nissany,dams,Dallara F2 2018,Mecachrome F2
4a101acc-3a7e-4e65-8bb7-07557208fe7f,2022,8,17,ayumu-iwasa,dams,Dallara F2 2018,Mecachrome F2
4a101acc-3a7e-4e65-8bb7-07557208fe7f,2022,8,7,marcus-armstrong,hitech-racing,Dallara F2 2018,Mecachrome F2
4a101acc-3a7e-4e65-8bb7-07557208fe7f,2022,8,8,juri-vips,hitech-racing,Dallara F2 2018,Mecachrome F2
4a101acc-3a7e-4e65-8bb7-07557208fe7f,2022,8,11,felipe-drugovich,mp-motorsport,Dallara F2 2018,Mecachrome F2
4a101acc-3a7e-4e65-8bb7-07557208fe7f,2022,8,12,clement-novalak,mp-motorsport,Dallara F2 2018,Mecachrome F2
4a101acc-3a7e-4e65-8bb7-07557208fe7f,2022,8,1,dennis-hauger,prema-racing,Dallara F2 2018,Mecachrome F2
4a101acc-3a7e-4e65-8bb7-07557208fe7f,2022,8,2,jehan-daruvala,prema-racing,Dallara F2 2018,Mecachrome F2
4a101acc-3a7e-4e65-8bb7-07557208fe7f,2022,8,20,richard-verschoor,trident-motorsport,Dallara F2 2018,Mecachrome F2
4a101acc-3a7e-4e65-8bb7-07557208fe7f,2022,8,21,calan-williams,trident-motorsport,Dallara F2 2018,Mecachrome F2
4a101acc-3a7e-4e65-8bb7-07557208fe7f,2022,8,24,jake-hughes,van-amersfoort-racing,Dallara F2 2018,Mecachrome F2
4a101acc-3a7e-4e65-8bb7-07557208fe7f,2022,8,25,amaury-cordeel,van-amersfoort-racing,Dallara F2 2018,Mecachrome F2
1bbffe71-0c27-410c-be43-122ff2fa43f0,2022,9,9,frederik-vesti,art-grand-prix,Dallara F2 2018,Mecachrome F2
1bbffe71-0c27-410c-be43-122ff2fa43f0,2022,9,10,theo-pourchaire,art-grand-prix,Dallara F2 2018,Mecachrome F2
1bbffe71-0c27-410c-be43-122ff2fa43f0,2022,9,14,oliver-olli-caldwell,campos-racing,Dallara F2 2018,Mecachrome F2
1bbffe71-0c27-410c-be43-122ff2fa43f0,2022,9,15,roberto-merhi,campos-racing,Dallara F2 2018,Mecachrome F2
1bbffe71-0c27-410c-be43-122ff2fa43f0,2022,9,5,liam-lawson,carlin,Dallara F2 2018,Mecachrome F2
1bbffe71-0c27-410c-be43-122ff2fa43f0,2022,9,6,logan-sargeant,carlin,Dallara F2 2018,Mecachrome F2
1bbffe71-0c27-410c-be43-122ff2fa43f0,2022,9,22,enzo-fittipaldi,charouz-racing-system,Dallara F2 2018,Mecachrome F2
1bbffe71-0c27-410c-be43-122ff2fa43f0,2022,9,23,cem-bolukbasi,charouz-racing-system,Dallara F2 2018,Mecachrome F2
1bbffe71-0c27-410c-be43-122ff2fa43f0,2022,9,16,roy-nissany,dams,Dallara F2 2018,Mecachrome F2
1bbffe71-0c27-410c-be43-122ff2fa43f0,2022,9,17,ayumu-iwasa,dams,Dallara F2 2018,Mecachrome F2
1bbffe71-0c27-410c-be43-122ff2fa43f0,2022,9,7,marcus-armstrong,hitech-racing,Dallara F2 2018,Mecachrome F2
1bbffe71-0c27-410c-be43-122ff2fa43f0,2022,9,8,juri-vips,hitech-racing,Dallara F2 2018,Mecachrome F2
1bbffe71-0c27-410c-be43-122ff2fa43f0,2022,9,11,felipe-drugovich,mp-motorsport,Dallara F2 2018,Mecachrome F2
1bbffe71-0c27-410c-be43-122ff2fa43f0,2022,9,12,clement-novalak,mp-motorsport,Dallara F2 2018,Mecachrome F2
1bbffe71-0c27-410c-be43-122ff2fa43f0,2022,9,1,dennis-hauger,prema-racing,Dallara F2 2018,Mecachrome F2
1bbffe71-0c27-410c-be43-122ff2fa43f0,2022,9,2,jehan-daruvala,prema-racing,Dallara F2 2018,Mecachrome F2
1bbffe71-0c27-410c-be43-122ff2fa43f0,2022,9,20,richard-verschoor,trident-motorsport,Dallara F2 2018,Mecachrome F2
1bbffe71-0c27-410c-be43-122ff2fa43f0,2022,9,21,calan-williams,trident-motorsport,Dallara F2 2018,Mecachrome F2
1bbffe71-0c27-410c-be43-122ff2fa43f0,2022,9,24,david-beckmann,van-amersfoort-racing,Dallara F2 2018,Mecachrome F2
1bbffe71-0c27-410c-be43-122ff2fa43f0,2022,9,25,amaury-cordeel,van-amersfoort-racing,Dallara F2 2018,Mecachrome F2
79c6788d-fd09-44b8-8dad-32c6c68a4924,2022,10,9,frederik-vesti,art-grand-prix,Dallara F2 2018,Mecachrome F2
79c6788d-fd09-44b8-8dad-32c6c68a4924,2022,10,10,theo-pourchaire,art-grand-prix,Dallara F2 2018,Mecachrome F2
79c6788d-fd09-44b8-8dad-32c6c68a4924,2022,10,14,oliver-olli-caldwell,campos-racing,Dallara F2 2018,Mecachrome F2
79c6788d-fd09-44b8-8dad-32c6c68a4924,2022,10,15,roberto-merhi,campos-racing,Dallara F2 2018,Mecachrome F2
79c6788d-fd09-44b8-8dad-32c6c68a4924,2022,10,5,liam-lawson,carlin,Dallara F2 2018,Mecachrome F2
79c6788d-fd09-44b8-8dad-32c6c68a4924,2022,10,6,logan-sargeant,carlin,Dallara F2 2018,Mecachrome F2
79c6788d-fd09-44b8-8dad-32c6c68a4924,2022,10,22,enzo-fittipaldi,charouz-racing-system,Dallara F2 2018,Mecachrome F2
79c6788d-fd09-44b8-8dad-32c6c68a4924,2022,10,23,cem-bolukbasi,charouz-racing-system,Dallara F2 2018,Mecachrome F2
79c6788d-fd09-44b8-8dad-32c6c68a4924,2022,10,16,roy-nissany,dams,Dallara F2 2018,Mecachrome F2
79c6788d-fd09-44b8-8dad-32c6c68a4924,2022,10,17,ayumu-iwasa,dams,Dallara F2 2018,Mecachrome F2
79c6788d-fd09-44b8-8dad-32c6c68a4924,2022,10,7,marcus-armstrong,hitech-racing,Dallara F2 2018,Mecachrome F2
79c6788d-fd09-44b8-8dad-32c6c68a4924,2022,10,8,juri-vips,hitech-racing,Dallara F2 2018,Mecachrome F2
79c6788d-fd09-44b8-8dad-32c6c68a4924,2022,10,11,felipe-drugovich,mp-motorsport,Dallara F2 2018,Mecachrome F2
79c6788d-fd09-44b8-8dad-32c6c68a4924,2022,10,12,clement-novalak,mp-motorsport,Dallara F2 2018,Mecachrome F2
79c6788d-fd09-44b8-8dad-32c6c68a4924,2022,10,1,dennis-hauger,prema-racing,Dallara F2 2018,Mecachrome F2
79c6788d-fd09-44b8-8dad-32c6c68a4924,2022,10,2,jehan-daruvala,prema-racing,Dallara F2 2018,Mecachrome F2
79c6788d-fd09-44b8-8dad-32c6c68a4924,2022,10,20,richard-verschoor,trident-motorsport,Dallara F2 2018,Mecachrome F2
79c6788d-fd09-44b8-8dad-32c6c68a4924,2022,10,21,calan-williams,trident-motorsport,Dallara F2 2018,Mecachrome F2
79c6788d-fd09-44b8-8dad-32c6c68a4924,2022,10,24,david-beckmann,van-amersfoort-racing,Dallara F2 2018,Mecachrome F2
79c6788d-fd09-44b8-8dad-32c6c68a4924,2022,10,25,amaury-cordeel,van-amersfoort-racing,Dallara F2 2018,Mecachrome F2
1dec9ded-4f4b-44cf-9a16-95d284bae790,2022,11,9,frederik-vesti,art-grand-prix,Dallara F2 2018,Mecachrome F2
1dec9ded-4f4b-44cf-9a16-95d284bae790,2022,11,10,theo-pourchaire,art-grand-prix,Dallara F2 2018,Mecachrome F2
1dec9ded-4f4b-44cf-9a16-95d284bae790,2022,11,14,lirim-zendeli,campos-racing,Dallara F2 2018,Mecachrome F2
1dec9ded-4f4b-44cf-9a16-95d284bae790,2022,11,15,ralph-boschung,campos-racing,Dallara F2 2018,Mecachrome F2
1dec9ded-4f4b-44cf-9a16-95d284bae790,2022,11,5,liam-lawson,carlin,Dallara F2 2018,Mecachrome F2
1dec9ded-4f4b-44cf-9a16-95d284bae790,2022,11,6,logan-sargeant,carlin,Dallara F2 2018,Mecachrome F2
1dec9ded-4f4b-44cf-9a16-95d284bae790,2022,11,22,enzo-fittipaldi,charouz-racing-system,Dallara F2 2018,Mecachrome F2
1dec9ded-4f4b-44cf-9a16-95d284bae790,2022,11,23,tatiana-calderon,charouz-racing-system,Dallara F2 2018,Mecachrome F2
1dec9ded-4f4b-44cf-9a16-95d284bae790,2022,11,16,roy-nissany,dams,Dallara F2 2018,Mecachrome F2
1dec9ded-4f4b-44cf-9a16-95d284bae790,2022,11,17,ayumu-iwasa,dams,Dallara F2 2018,Mecachrome F2
1dec9ded-4f4b-44cf-9a16-95d284bae790,2022,11,7,marcus-armstrong,hitech-racing,Dallara F2 2018,Mecachrome F2
1dec9ded-4f4b-44cf-9a16-95d284bae790,2022,11,8,juri-vips,hitech-racing,Dallara F2 2018,Mecachrome F2
1dec9ded-4f4b-44cf-9a16-95d284bae790,2022,11,11,felipe-drugovich,mp-motorsport,Dallara F2 2018,Mecachrome F2
1dec9ded-4f4b-44cf-9a16-95d284bae790,2022,11,12,clement-novalak,mp-motorsport,Dallara F2 2018,Mecachrome F2
1dec9ded-4f4b-44cf-9a16-95d284bae790,2022,11,1,dennis-hauger,prema-racing,Dallara F2 2018,Mecachrome F2
1dec9ded-4f4b-44cf-9a16-95d284bae790,2022,11,2,jehan-daruvala,prema-racing,Dallara F2 2018,Mecachrome F2
1dec9ded-4f4b-44cf-9a16-95d284bae790,2022,11,20,richard-verschoor,trident-motorsport,Dallara F2 2018,Mecachrome F2
1dec9ded-4f4b-44cf-9a16-95d284bae790,2022,11,21,calan-williams,trident-motorsport,Dallara F2 2018,Mecachrome F2
1dec9ded-4f4b-44cf-9a16-95d284bae790,2022,11,24,david-beckmann,van-amersfoort-racing,Dallara F2 2018,Mecachrome F2
1dec9ded-4f4b-44cf-9a16-95d284bae790,2022,11,25,amaury-cordeel,van-amersfoort-racing,Dallara F2 2018,Mecachrome F2
947eb011-2ab4-4237-99cb-4e588b7c96db,2022,12,9,frederik-vesti,art-grand-prix,Dallara F2 2018,Mecachrome F2
947eb011-2ab4-4237-99cb-4e588b7c96db,2022,12,10,theo-pourchaire,art-grand-prix,Dallara F2 2018,Mecachrome F2
947eb011-2ab4-4237-99cb-4e588b7c96db,2022,12,14,oliver-olli-caldwell,campos-racing,Dallara F2 2018,Mecachrome F2
947eb011-2ab4-4237-99cb-4e588b7c96db,2022,12,15,ralph-boschung,campos-racing,Dallara F2 2018,Mecachrome F2
947eb011-2ab4-4237-99cb-4e588b7c96db,2022,12,5,liam-lawson,carlin,Dallara F2 2018,Mecachrome F2
947eb011-2ab4-4237-99cb-4e588b7c96db,2022,12,6,logan-sargeant,carlin,Dallara F2 2018,Mecachrome F2
947eb011-2ab4-4237-99cb-4e588b7c96db,2022,12,22,enzo-fittipaldi,charouz-racing-system,Dallara F2 2018,Mecachrome F2
947eb011-2ab4-4237-99cb-4e588b7c96db,2022,12,23,tatiana-calderon,charouz-racing-system,Dallara F2 2018,Mecachrome F2
947eb011-2ab4-4237-99cb-4e588b7c96db,2022,12,16,roy-nissany,dams,Dallara F2 2018,Mecachrome F2
947eb011-2ab4-4237-99cb-4e588b7c96db,2022,12,17,ayumu-iwasa,dams,Dallara F2 2018,Mecachrome F2
947eb011-2ab4-4237-99cb-4e588b7c96db,2022,12,7,marcus-armstrong,hitech-racing,Dallara F2 2018,Mecachrome F2
947eb011-2ab4-4237-99cb-4e588b7c96db,2022,12,8,juri-vips,hitech-racing,Dallara F2 2018,Mecachrome F2
947eb011-2ab4-4237-99cb-4e588b7c96db,2022,12,11,felipe-drugovich,mp-motorsport,Dallara F2 2018,Mecachrome F2
947eb011-2ab4-4237-99cb-4e588b7c96db,2022,12,12,clement-novalak,mp-motorsport,Dallara F2 2018,Mecachrome F2
947eb011-2ab4-4237-99cb-4e588b7c96db,2022,12,1,dennis-hauger,prema-racing,Dallara F2 2018,Mecachrome F2
947eb011-2ab4-4237-99cb-4e588b7c96db,2022,12,2,jehan-daruvala,prema-racing,Dallara F2 2018,Mecachrome F2
947eb011-2ab4-4237-99cb-4e588b7c96db,2022,12,20,richard-verschoor,trident-motorsport,Dallara F2 2018,Mecachrome F2
947eb011-2ab4-4237-99cb-4e588b7c96db,2022,12,21,calan-williams,trident-motorsport,Dallara F2 2018,Mecachrome F2
947eb011-2ab4-4237-99cb-4e588b7c96db,2022,12,24,david-beckmann,van-amersfoort-racing,Dallara F2 2018,Mecachrome F2
947eb011-2ab4-4237-99cb-4e588b7c96db,2022,12,25,amaury-cordeel,van-amersfoort-racing,Dallara F2 2018,Mecachrome F2
51b7dc2a-3755-4eac-b9f3-5ced142c2a5b,2022,13,9,frederik-vesti,art-grand-prix,Dallara F2 2018,Mecachrome F2
51b7dc2a-3755-4eac-b9f3-5ced142c2a5b,2022,13,10,theo-pourchaire,art-grand-prix,Dallara F2 2018,Mecachrome F2
51b7dc2a-3755-4eac-b9f3-5ced142c2a5b,2022,13,14,oliver-olli-caldwell,campos-racing,Dallara F2 2018,Mecachrome F2
51b7dc2a-3755-4eac-b9f3-5ced142c2a5b,2022,13,15,ralph-boschung,campos-racing,Dallara F2 2018,Mecachrome F2
51b7dc2a-3755-4eac-b9f3-5ced142c2a5b,2022,13,5,liam-lawson,carlin,Dallara F2 2018,Mecachrome F2
51b7dc2a-3755-4eac-b9f3-5ced142c2a5b,2022,13,6,logan-sargeant,carlin,Dallara F2 2018,Mecachrome F2
51b7dc2a-3755-4eac-b9f3-5ced142c2a5b,2022,13,22,enzo-fittipaldi,charouz-racing-system,Dallara F2 2018,Mecachrome F2
51b7dc2a-3755-4eac-b9f3-5ced142c2a5b,2022,13,23,tatiana-calderon,charouz-racing-system,Dallara F2 2018,Mecachrome F2
51b7dc2a-3755-4eac-b9f3-5ced142c2a5b,2022,13,16,luca-ghiotto,dams,Dallara F2 2018,Mecachrome F2
51b7dc2a-3755-4eac-b9f3-5ced142c2a5b,2022,13,17,ayumu-iwasa,dams,Dallara F2 2018,Mecachrome F2
51b7dc2a-3755-4eac-b9f3-5ced142c2a5b,2022,13,7,marcus-armstrong,hitech-racing,Dallara F2 2018,Mecachrome F2
51b7dc2a-3755-4eac-b9f3-5ced142c2a5b,2022,13,8,juri-vips,hitech-racing,Dallara F2 2018,Mecachrome F2
51b7dc2a-3755-4eac-b9f3-5ced142c2a5b,2022,13,11,felipe-drugovich,mp-motorsport,Dallara F2 2018,Mecachrome F2
51b7dc2a-3755-4eac-b9f3-5ced142c2a5b,2022,13,12,clement-novalak,mp-motorsport,Dallara F2 2018,Mecachrome F2
51b7dc2a-3755-4eac-b9f3-5ced142c2a5b,2022,13,1,dennis-hauger,prema-racing,Dallara F2 2018,Mecachrome F2
51b7dc2a-3755-4eac-b9f3-5ced142c2a5b,2022,13,2,jehan-daruvala,prema-racing,Dallara F2 2018,Mecachrome F2
51b7dc2a-3755-4eac-b9f3-5ced142c2a5b,2022,13,20,richard-verschoor,trident-motorsport,Dallara F2 2018,Mecachrome F2
51b7dc2a-3755-4eac-b9f3-5ced142c2a5b,2022,13,21,calan-williams,trident-motorsport,Dallara F2 2018,Mecachrome F2
51b7dc2a-3755-4eac-b9f3-5ced142c2a5b,2022,13,24,david-beckmann,van-amersfoort-racing,Dallara F2 2018,Mecachrome F2
51b7dc2a-3755-4eac-b9f3-5ced142c2a5b,2022,13,25,amaury-cordeel,van-amersfoort-racing,Dallara F2 2018,Mecachrome F2
018d07d9-1968-43fd-bf4b-402ab81064f1,2022,14,9,frederik-vesti,art-grand-prix,Dallara F2 2018,Mecachrome F2
018d07d9-1968-43fd-bf4b-402ab81064f1,2022,14,10,theo-pourchaire,art-grand-prix,Dallara F2 2018,Mecachrome F2
018d07d9-1968-43fd-bf4b-402ab81064f1,2022,14,14,oliver-olli-caldwell,campos-racing,Dallara F2 2018,Mecachrome F2
018d07d9-1968-43fd-bf4b-402ab81064f1,2022,14,15,ralph-boschung,campos-racing,Dallara F2 2018,Mecachrome F2
018d07d9-1968-43fd-bf4b-402ab81064f1,2022,14,5,liam-lawson,carlin,Dallara F2 2018,Mecachrome F2
018d07d9-1968-43fd-bf4b-402ab81064f1,2022,14,6,logan-sargeant,carlin,Dallara F2 2018,Mecachrome F2
018d07d9-1968-43fd-bf4b-402ab81064f1,2022,14,22,enzo-fittipaldi,charouz-racing-system,Dallara F2 2018,Mecachrome F2
018d07d9-1968-43fd-bf4b-402ab81064f1,2022,14,23,tatiana-calderon,charouz-racing-system,Dallara F2 2018,Mecachrome F2
018d07d9-1968-43fd-bf4b-402ab81064f1,2022,14,16,roy-nissany,dams,Dallara F2 2018,Mecachrome F2
018d07d9-1968-43fd-bf4b-402ab81064f1,2022,14,17,ayumu-iwasa,dams,Dallara F2 2018,Mecachrome F2
018d07d9-1968-43fd-bf4b-402ab81064f1,2022,14,7,marcus-armstrong,hitech-racing,Dallara F2 2018,Mecachrome F2
018d07d9-1968-43fd-bf4b-402ab81064f1,2022,14,8,juri-vips,hitech-racing,Dallara F2 2018,Mecachrome F2
018d07d9-1968-43fd-bf4b-402ab81064f1,2022,14,11,felipe-drugovich,mp-motorsport,Dallara F2 2018,Mecachrome F2
018d07d9-1968-43fd-bf4b-402ab81064f1,2022,14,12,clement-novalak,mp-motorsport,Dallara F2 2018,Mecachrome F2
018d07d9-1968-43fd-bf4b-402ab81064f1,2022,14,1,dennis-hauger,prema-racing,Dallara F2 2018,Mecachrome F2
018d07d9-1968-43fd-bf4b-402ab81064f1,2022,14,2,jehan-daruvala,prema-racing,Dallara F2 2018,Mecachrome F2
018d07d9-1968-43fd-bf4b-402ab81064f1,2022,14,20,richard-verschoor,trident-motorsport,Dallara F2 2018,Mecachrome F2
018d07d9-1968-43fd-bf4b-402ab81064f1,2022,14,21,zane-maloney,trident-motorsport,Dallara F2 2018,Mecachrome F2
018d07d9-1968-43fd-bf4b-402ab81064f1,2022,14,24,juan-manuel-correa,van-amersfoort-racing,Dallara F2 2018,Mecachrome F2
018d07d9-1968-43fd-bf4b-402ab81064f1,2022,14,25,amaury-cordeel,van-amersfoort-racing,Dallara F2 2018,Mecachrome F2
21eb5cdd-810c-4531-924d-7c4990812526,2023,1,5,theo-pourchaire,art-grand-prix,Dallara F2 2018,Mecachrome F2
21eb5cdd-810c-4531-924d-7c4990812526,2023,1,6,victor-martins,art-grand-prix,Dallara F2 2018,Mecachrome F2
21eb5cdd-810c-4531-924d-7c4990812526,2023,1,24,kush-maini,campos-racing,Dallara F2 2018,Mecachrome F2
21eb5cdd-810c-4531-924d-7c4990812526,2023,1,25,ralph-boschung,campos-racing,Dallara F2 2018,Mecachrome F2
21eb5cdd-810c-4531-924d-7c4990812526,2023,1,11,ayumu-iwasa,dams,Dallara F2 2018,Mecachrome F2
21eb5cdd-810c-4531-924d-7c4990812526,2023,1,12,arthur-leclerc,dams,Dallara F2 2018,Mecachrome F2
21eb5cdd-810c-4531-924d-7c4990812526,2023,1,9,jak-crawford,hitech-racing,Dallara F2 2018,Mecachrome F2
21eb5cdd-810c-4531-924d-7c4990812526,2023,1,10,isack-hadjar,hitech-racing,Dallara F2 2018,Mecachrome F2
21eb5cdd-810c-4531-924d-7c4990812526,2023,1,14,jack-doohan,virtuosi-racing,Dallara F2 2018,Mecachrome F2
21eb5cdd-810c-4531-924d-7c4990812526,2023,1,15,amaury-cordeel,virtuosi-racing,Dallara F2 2018,Mecachrome F2
21eb5cdd-810c-4531-924d-7c4990812526,2023,1,1,dennis-hauger,mp-motorsport,Dallara F2 2018,Mecachrome F2
21eb5cdd-810c-4531-924d-7c4990812526,2023,1,2,jehan-daruvala,mp-motorsport,Dallara F2 2018,Mecachrome F2
21eb5cdd-810c-4531-924d-7c4990812526,2023,1,16,roy-nissany,charouz-racing-system,Dallara F2 2018,Mecachrome F2
21eb5cdd-810c-4531-924d-7c4990812526,2023,1,17,brad-benavides,charouz-racing-system,Dallara F2 2018,Mecachrome F2
21eb5cdd-810c-4531-924d-7c4990812526,2023,1,7,frederik-vesti,prema-racing,Dallara F2 2018,Mecachrome F2
21eb5cdd-810c-4531-924d-7c4990812526,2023,1,8,oliver-bearman,prema-racing,Dallara F2 2018,Mecachrome F2
21eb5cdd-810c-4531-924d-7c4990812526,2023,1,3,zane-maloney,carlin,Dallara F2 2018,Mecachrome F2
21eb5cdd-810c-4531-924d-7c4990812526,2023,1,4,enzo-fittipaldi,carlin,Dallara F2 2018,Mecachrome F2
21eb5cdd-810c-4531-924d-7c4990812526,2023,1,20,roman-stanek,trident-motorsport,Dallara F2 2018,Mecachrome F2
21eb5cdd-810c-4531-924d-7c4990812526,2023,1,21,clement-novalak,trident-motorsport,Dallara F2 2018,Mecachrome F2
858dcff2-1d05-4ce4-8033-24f9171f9dfc,2023,2,5,theo-pourchaire,art-grand-prix,Dallara F2 2018,Mecachrome F2
858dcff2-1d05-4ce4-8033-24f9171f9dfc,2023,2,6,victor-martins,art-grand-prix,Dallara F2 2018,Mecachrome F2
858dcff2-1d05-4ce4-8033-24f9171f9dfc,2023,2,24,kush-maini,campos-racing,Dallara F2 2018,Mecachrome F2
858dcff2-1d05-4ce4-8033-24f9171f9dfc,2023,2,25,ralph-boschung,campos-racing,Dallara F2 2018,Mecachrome F2
858dcff2-1d05-4ce4-8033-24f9171f9dfc,2023,2,11,ayumu-iwasa,dams,Dallara F2 2018,Mecachrome F2
858dcff2-1d05-4ce4-8033-24f9171f9dfc,2023,2,12,arthur-leclerc,dams,Dallara F2 2018,Mecachrome F2
858dcff2-1d05-4ce4-8033-24f9171f9dfc,2023,2,9,jak-crawford,hitech-racing,Dallara F2 2018,Mecachrome F2
858dcff2-1d05-4ce4-8033-24f9171f9dfc,2023,2,10,isack-hadjar,hitech-racing,Dallara F2 2018,Mecachrome F2
858dcff2-1d05-4ce4-8033-24f9171f9dfc,2023,2,14,jack-doohan,virtuosi-racing,Dallara F2 2018,Mecachrome F2
858dcff2-1d05-4ce4-8033-24f9171f9dfc,2023,2,15,amaury-cordeel,virtuosi-racing,Dallara F2 2018,Mecachrome F2
858dcff2-1d05-4ce4-8033-24f9171f9dfc,2023,2,1,dennis-hauger,mp-motorsport,Dallara F2 2018,Mecachrome F2
858dcff2-1d05-4ce4-8033-24f9171f9dfc,2023,2,2,jehan-daruvala,mp-motorsport,Dallara F2 2018,Mecachrome F2
858dcff2-1d05-4ce4-8033-24f9171f9dfc,2023,2,16,roy-nissany,charouz-racing-system,Dallara F2 2018,Mecachrome F2
858dcff2-1d05-4ce4-8033-24f9171f9dfc,2023,2,17,brad-benavides,charouz-racing-system,Dallara F2 2018,Mecachrome F2
858dcff2-1d05-4ce4-8033-24f9171f9dfc,2023,2,7,frederik-vesti,prema-racing,Dallara F2 2018,Mecachrome F2
858dcff2-1d05-4ce4-8033-24f9171f9dfc,2023,2,8,oliver-bearman,prema-racing,Dallara F2 2018,Mecachrome F2
858dcff2-1d05-4ce4-8033-24f9171f9dfc,2023,2,3,zane-maloney,carlin,Dallara F2 2018,Mecachrome F2
858dcff2-1d05-4ce4-8033-24f9171f9dfc,2023,2,4,enzo-fittipaldi,carlin,Dallara F2 2018,Mecachrome F2
858dcff2-1d05-4ce4-8033-24f9171f9dfc,2023,2,20,roman-stanek,trident-motorsport,Dallara F2 2018,Mecachrome F2
858dcff2-1d05-4ce4-8033-24f9171f9dfc,2023,2,21,clement-novalak,trident-motorsport,Dallara F2 2018,Mecachrome F2
bbb52160-69ad-404d-93f8-7c75fefe7c94,2023,3,5,theo-pourchaire,art-grand-prix,Dallara F2 2018,Mecachrome F2
bbb52160-69ad-404d-93f8-7c75fefe7c94,2023,3,6,victor-martins,art-grand-prix,Dallara F2 2018,Mecachrome F2
bbb52160-69ad-404d-93f8-7c75fefe7c94,2023,3,24,kush-maini,campos-racing,Dallara F2 2018,Mecachrome F2
bbb52160-69ad-404d-93f8-7c75fefe7c94,2023,3,25,ralph-boschung,campos-racing,Dallara F2 2018,Mecachrome F2
bbb52160-69ad-404d-93f8-7c75fefe7c94,2023,3,11,ayumu-iwasa,dams,Dallara F2 2018,Mecachrome F2
bbb52160-69ad-404d-93f8-7c75fefe7c94,2023,3,12,arthur-leclerc,dams,Dallara F2 2018,Mecachrome F2
bbb52160-69ad-404d-93f8-7c75fefe7c94,2023,3,9,jak-crawford,hitech-racing,Dallara F2 2018,Mecachrome F2
bbb52160-69ad-404d-93f8-7c75fefe7c94,2023,3,10,isack-hadjar,hitech-racing,Dallara F2 2018,Mecachrome F2
bbb52160-69ad-404d-93f8-7c75fefe7c94,2023,3,14,jack-doohan,virtuosi-racing,Dallara F2 2018,Mecachrome F2
bbb52160-69ad-404d-93f8-7c75fefe7c94,2023,3,15,amaury-cordeel,virtuosi-racing,Dallara F2 2018,Mecachrome F2
bbb52160-69ad-404d-93f8-7c75fefe7c94,2023,3,1,dennis-hauger,mp-motorsport,Dallara F2 2018,Mecachrome F2
bbb52160-69ad-404d-93f8-7c75fefe7c94,2023,3,2,jehan-daruvala,mp-motorsport,Dallara F2 2018,Mecachrome F2
bbb52160-69ad-404d-93f8-7c75fefe7c94,2023,3,16,roy-nissany,charouz-racing-system,Dallara F2 2018,Mecachrome F2
bbb52160-69ad-404d-93f8-7c75fefe7c94,2023,3,17,brad-benavides,charouz-racing-system,Dallara F2 2018,Mecachrome F2
bbb52160-69ad-404d-93f8-7c75fefe7c94,2023,3,7,frederik-vesti,prema-racing,Dallara F2 2018,Mecachrome F2
bbb52160-69ad-404d-93f8-7c75fefe7c94,2023,3,8,oliver-bearman,prema-racing,Dallara F2 2018,Mecachrome F2
bbb52160-69ad-404d-93f8-7c75fefe7c94,2023,3,3,zane-maloney,carlin,Dallara F2 2018,Mecachrome F2
bbb52160-69ad-404d-93f8-7c75fefe7c94,2023,3,4,enzo-fittipaldi,carlin,Dallara F2 2018,Mecachrome F2
bbb52160-69ad-404d-93f8-7c75fefe7c94,2023,3,20,roman-stanek,trident-motorsport,Dallara F2 2018,Mecachrome F2
bbb52160-69ad-404d-93f8-7c75fefe7c94,2023,3,21,clement-novalak,trident-motorsport,Dallara F2 2018,Mecachrome F2
ae63f6e1-2eff-4b94-8c41-2715c5af55c9,2023,4,5,theo-pourchaire,art-grand-prix,Dallara F2 2018,Mecachrome F2
ae63f6e1-2eff-4b94-8c41-2715c5af55c9,2023,4,6,victor-martins,art-grand-prix,Dallara F2 2018,Mecachrome F2
ae63f6e1-2eff-4b94-8c41-2715c5af55c9,2023,4,24,kush-maini,campos-racing,Dallara F2 2018,Mecachrome F2
ae63f6e1-2eff-4b94-8c41-2715c5af55c9,2023,4,25,ralph-boschung,campos-racing,Dallara F2 2018,Mecachrome F2
ae63f6e1-2eff-4b94-8c41-2715c5af55c9,2023,4,11,ayumu-iwasa,dams,Dallara F2 2018,Mecachrome F2
ae63f6e1-2eff-4b94-8c41-2715c5af55c9,2023,4,12,arthur-leclerc,dams,Dallara F2 2018,Mecachrome F2
ae63f6e1-2eff-4b94-8c41-2715c5af55c9,2023,4,9,jak-crawford,hitech-racing,Dallara F2 2018,Mecachrome F2
ae63f6e1-2eff-4b94-8c41-2715c5af55c9,2023,4,10,isack-hadjar,hitech-racing,Dallara F2 2018,Mecachrome F2
ae63f6e1-2eff-4b94-8c41-2715c5af55c9,2023,4,14,jack-doohan,virtuosi-racing,Dallara F2 2018,Mecachrome F2
ae63f6e1-2eff-4b94-8c41-2715c5af55c9,2023,4,15,amaury-cordeel,virtuosi-racing,Dallara F2 2018,Mecachrome F2
ae63f6e1-2eff-4b94-8c41-2715c5af55c9,2023,4,1,dennis-hauger,mp-motorsport,Dallara F2 2018,Mecachrome F2
ae63f6e1-2eff-4b94-8c41-2715c5af55c9,2023,4,2,jehan-daruvala,mp-motorsport,Dallara F2 2018,Mecachrome F2
ae63f6e1-2eff-4b94-8c41-2715c5af55c9,2023,4,16,roy-nissany,charouz-racing-system,Dallara F2 2018,Mecachrome F2
ae63f6e1-2eff-4b94-8c41-2715c5af55c9,2023,4,17,brad-benavides,charouz-racing-system,Dallara F2 2018,Mecachrome F2
ae63f6e1-2eff-4b94-8c41-2715c5af55c9,2023,4,7,frederik-vesti,prema-racing,Dallara F2 2018,Mecachrome F2
ae63f6e1-2eff-4b94-8c41-2715c5af55c9,2023,4,8,oliver-bearman,prema-racing,Dallara F2 2018,Mecachrome F2
ae63f6e1-2eff-4b94-8c41-2715c5af55c9,2023,4,3,zane-maloney,carlin,Dallara F2 2018,Mecachrome F2
ae63f6e1-2eff-4b94-8c41-2715c5af55c9,2023,4,4,enzo-fittipaldi,carlin,Dallara F2 2018,Mecachrome F2
ae63f6e1-2eff-4b94-8c41-2715c5af55c9,2023,4,20,roman-stanek,trident-motorsport,Dallara F2 2018,Mecachrome F2
ae63f6e1-2eff-4b94-8c41-2715c5af55c9,2023,4,21,clement-novalak,trident-motorsport,Dallara F2 2018,Mecachrome F2
0b149556-ab24-4ecc-8bef-e1d6db1d3ae1,2023,6,5,theo-pourchaire,art-grand-prix,Dallara F2 2018,Mecachrome F2
0b149556-ab24-4ecc-8bef-e1d6db1d3ae1,2023,6,6,victor-martins,art-grand-prix,Dallara F2 2018,Mecachrome F2
0b149556-ab24-4ecc-8bef-e1d6db1d3ae1,2023,6,24,kush-maini,campos-racing,Dallara F2 2018,Mecachrome F2
0b149556-ab24-4ecc-8bef-e1d6db1d3ae1,2023,6,25,ralph-boschung,campos-racing,Dallara F2 2018,Mecachrome F2
0b149556-ab24-4ecc-8bef-e1d6db1d3ae1,2023,6,11,ayumu-iwasa,dams,Dallara F2 2018,Mecachrome F2
0b149556-ab24-4ecc-8bef-e1d6db1d3ae1,2023,6,12,arthur-leclerc,dams,Dallara F2 2018,Mecachrome F2
0b149556-ab24-4ecc-8bef-e1d6db1d3ae1,2023,6,9,jak-crawford,hitech-racing,Dallara F2 2018,Mecachrome F2
0b149556-ab24-4ecc-8bef-e1d6db1d3ae1,2023,6,10,isack-hadjar,hitech-racing,Dallara F2 2018,Mecachrome F2
0b149556-ab24-4ecc-8bef-e1d6db1d3ae1,2023,6,14,jack-doohan,virtuosi-racing,Dallara F2 2018,Mecachrome F2
0b149556-ab24-4ecc-8bef-e1d6db1d3ae1,2023,6,15,amaury-cordeel,virtuosi-racing,Dallara F2 2018,Mecachrome F2
0b149556-ab24-4ecc-8bef-e1d6db1d3ae1,2023,6,1,dennis-hauger,mp-motorsport,Dallara F2 2018,Mecachrome F2
0b149556-ab24-4ecc-8bef-e1d6db1d3ae1,2023,6,2,jehan-daruvala,mp-motorsport,Dallara F2 2018,Mecachrome F2
0b149556-ab24-4ecc-8bef-e1d6db1d3ae1,2023,6,16,roy-nissany,charouz-racing-system,Dallara F2 2018,Mecachrome F2
0b149556-ab24-4ecc-8bef-e1d6db1d3ae1,2023,6,17,brad-benavides,charouz-racing-system,Dallara F2 2018,Mecachrome F2
0b149556-ab24-4ecc-8bef-e1d6db1d3ae1,2023,6,7,frederik-vesti,prema-racing,Dallara F2 2018,Mecachrome F2
0b149556-ab24-4ecc-8bef-e1d6db1d3ae1,2023,6,8,oliver-bearman,prema-racing,Dallara F2 2018,Mecachrome F2
0b149556-ab24-4ecc-8bef-e1d6db1d3ae1,2023,6,3,zane-maloney,carlin,Dallara F2 2018,Mecachrome F2
0b149556-ab24-4ecc-8bef-e1d6db1d3ae1,2023,6,4,enzo-fittipaldi,carlin,Dallara F2 2018,Mecachrome F2
0b149556-ab24-4ecc-8bef-e1d6db1d3ae1,2023,6,20,roman-stanek,trident-motorsport,Dallara F2 2018,Mecachrome F2
0b149556-ab24-4ecc-8bef-e1d6db1d3ae1,2023,6,21,clement-novalak,trident-motorsport,Dallara F2 2018,Mecachrome F2
34088dc9-0f5a-4563-bae7-06c80a66c163,2023,7,5,theo-pourchaire,art-grand-prix,Dallara F2 2018,Mecachrome F2
34088dc9-0f5a-4563-bae7-06c80a66c163,2023,7,6,victor-martins,art-grand-prix,Dallara F2 2018,Mecachrome F2
34088dc9-0f5a-4563-bae7-06c80a66c163,2023,7,24,kush-maini,campos-racing,Dallara F2 2018,Mecachrome F2
34088dc9-0f5a-4563-bae7-06c80a66c163,2023,7,25,ralph-boschung,campos-racing,Dallara F2 2018,Mecachrome F2
34088dc9-0f5a-4563-bae7-06c80a66c163,2023,7,11,ayumu-iwasa,dams,Dallara F2 2018,Mecachrome F2
34088dc9-0f5a-4563-bae7-06c80a66c163,2023,7,12,arthur-leclerc,dams,Dallara F2 2018,Mecachrome F2
34088dc9-0f5a-4563-bae7-06c80a66c163,2023,7,9,jak-crawford,hitech-racing,Dallara F2 2018,Mecachrome F2
34088dc9-0f5a-4563-bae7-06c80a66c163,2023,7,10,isack-hadjar,hitech-racing,Dallara F2 2018,Mecachrome F2
34088dc9-0f5a-4563-bae7-06c80a66c163,2023,7,14,jack-doohan,virtuosi-racing,Dallara F2 2018,Mecachrome F2
34088dc9-0f5a-4563-bae7-06c80a66c163,2023,7,15,amaury-cordeel,virtuosi-racing,Dallara F2 2018,Mecachrome F2
34088dc9-0f5a-4563-bae7-06c80a66c163,2023,7,1,dennis-hauger,mp-motorsport,Dallara F2 2018,Mecachrome F2
34088dc9-0f5a-4563-bae7-06c80a66c163,2023,7,2,jehan-daruvala,mp-motorsport,Dallara F2 2018,Mecachrome F2
34088dc9-0f5a-4563-bae7-06c80a66c163,2023,7,16,roy-nissany,charouz-racing-system,Dallara F2 2018,Mecachrome F2
34088dc9-0f5a-4563-bae7-06c80a66c163,2023,7,17,brad-benavides,charouz-racing-system,Dallara F2 2018,Mecachrome F2
34088dc9-0f5a-4563-bae7-06c80a66c163,2023,7,7,frederik-vesti,prema-racing,Dallara F2 2018,Mecachrome F2
34088dc9-0f5a-4563-bae7-06c80a66c163,2023,7,8,oliver-bearman,prema-racing,Dallara F2 2018,Mecachrome F2
34088dc9-0f5a-4563-bae7-06c80a66c163,2023,7,3,zane-maloney,carlin,Dallara F2 2018,Mecachrome F2
34088dc9-0f5a-4563-bae7-06c80a66c163,2023,7,4,enzo-fittipaldi,carlin,Dallara F2 2018,Mecachrome F2
34088dc9-0f5a-4563-bae7-06c80a66c163,2023,7,20,roman-stanek,trident-motorsport,Dallara F2 2018,Mecachrome F2
34088dc9-0f5a-4563-bae7-06c80a66c163,2023,7,21,clement-novalak,trident-motorsport,Dallara F2 2018,Mecachrome F2
35772561-a143-4ce5-a543-d88eb920e66a,2023,8,5,theo-pourchaire,art-grand-prix,Dallara F2 2018,Mecachrome F2
35772561-a143-4ce5-a543-d88eb920e66a,2023,8,6,victor-martins,art-grand-prix,Dallara F2 2018,Mecachrome F2
35772561-a143-4ce5-a543-d88eb920e66a,2023,8,24,kush-maini,campos-racing,Dallara F2 2018,Mecachrome F2
35772561-a143-4ce5-a543-d88eb920e66a,2023,8,25,ralph-boschung,campos-racing,Dallara F2 2018,Mecachrome F2
35772561-a143-4ce5-a543-d88eb920e66a,2023,8,11,ayumu-iwasa,dams,Dallara F2 2018,Mecachrome F2
35772561-a143-4ce5-a543-d88eb920e66a,2023,8,12,arthur-leclerc,dams,Dallara F2 2018,Mecachrome F2
35772561-a143-4ce5-a543-d88eb920e66a,2023,8,9,jak-crawford,hitech-racing,Dallara F2 2018,Mecachrome F2
35772561-a143-4ce5-a543-d88eb920e66a,2023,8,10,isack-hadjar,hitech-racing,Dallara F2 2018,Mecachrome F2
35772561-a143-4ce5-a543-d88eb920e66a,2023,8,14,jack-doohan,virtuosi-racing,Dallara F2 2018,Mecachrome F2
35772561-a143-4ce5-a543-d88eb920e66a,2023,8,15,amaury-cordeel,virtuosi-racing,Dallara F2 2018,Mecachrome F2
35772561-a143-4ce5-a543-d88eb920e66a,2023,8,1,dennis-hauger,mp-motorsport,Dallara F2 2018,Mecachrome F2
35772561-a143-4ce5-a543-d88eb920e66a,2023,8,2,jehan-daruvala,mp-motorsport,Dallara F2 2018,Mecachrome F2
35772561-a143-4ce5-a543-d88eb920e66a,2023,8,16,roy-nissany,charouz-racing-system,Dallara F2 2018,Mecachrome F2
35772561-a143-4ce5-a543-d88eb920e66a,2023,8,17,brad-benavides,charouz-racing-system,Dallara F2 2018,Mecachrome F2
35772561-a143-4ce5-a543-d88eb920e66a,2023,8,7,frederik-vesti,prema-racing,Dallara F2 2018,Mecachrome F2
35772561-a143-4ce5-a543-d88eb920e66a,2023,8,8,oliver-bearman,prema-racing,Dallara F2 2018,Mecachrome F2
35772561-a143-4ce5-a543-d88eb920e66a,2023,8,3,zane-maloney,carlin,Dallara F2 2018,Mecachrome F2
35772561-a143-4ce5-a543-d88eb920e66a,2023,8,4,enzo-fittipaldi,carlin,Dallara F2 2018,Mecachrome F2
35772561-a143-4ce5-a543-d88eb920e66a,2023,8,20,roman-stanek,trident-motorsport,Dallara F2 2018,Mecachrome F2
35772561-a143-4ce5-a543-d88eb920e66a,2023,8,21,clement-novalak,trident-motorsport,Dallara F2 2018,Mecachrome F2
d8ee365e-3efa-49fe-8ea9-5299b50dfe44,2023,9,5,theo-pourchaire,art-grand-prix,Dallara F2 2018,Mecachrome F2
d8ee365e-3efa-49fe-8ea9-5299b50dfe44,2023,9,6,victor-martins,art-grand-prix,Dallara F2 2018,Mecachrome F2
d8ee365e-3efa-49fe-8ea9-5299b50dfe44,2023,9,24,kush-maini,campos-racing,Dallara F2 2018,Mecachrome F2
d8ee365e-3efa-49fe-8ea9-5299b50dfe44,2023,9,25,ralph-boschung,campos-racing,Dallara F2 2018,Mecachrome F2
d8ee365e-3efa-49fe-8ea9-5299b50dfe44,2023,9,11,ayumu-iwasa,dams,Dallara F2 2018,Mecachrome F2
d8ee365e-3efa-49fe-8ea9-5299b50dfe44,2023,9,12,arthur-leclerc,dams,Dallara F2 2018,Mecachrome F2
d8ee365e-3efa-49fe-8ea9-5299b50dfe44,2023,9,9,jak-crawford,hitech-racing,Dallara F2 2018,Mecachrome F2
d8ee365e-3efa-49fe-8ea9-5299b50dfe44,2023,9,10,isack-hadjar,hitech-racing,Dallara F2 2018,Mecachrome F2
d8ee365e-3efa-49fe-8ea9-5299b50dfe44,2023,9,14,jack-doohan,virtuosi-racing,Dallara F2 2018,Mecachrome F2
d8ee365e-3efa-49fe-8ea9-5299b50dfe44,2023,9,15,amaury-cordeel,virtuosi-racing,Dallara F2 2018,Mecachrome F2
d8ee365e-3efa-49fe-8ea9-5299b50dfe44,2023,9,1,dennis-hauger,mp-motorsport,Dallara F2 2018,Mecachrome F2
d8ee365e-3efa-49fe-8ea9-5299b50dfe44,2023,9,2,jehan-daruvala,mp-motorsport,Dallara F2 2018,Mecachrome F2
d8ee365e-3efa-49fe-8ea9-5299b50dfe44,2023,9,16,roy-nissany,charouz-racing-system,Dallara F2 2018,Mecachrome F2
d8ee365e-3efa-49fe-8ea9-5299b50dfe44,2023,9,17,brad-benavides,charouz-racing-system,Dallara F2 2018,Mecachrome F2
d8ee365e-3efa-49fe-8ea9-5299b50dfe44,2023,9,7,frederik-vesti,prema-racing,Dallara F2 2018,Mecachrome F2
d8ee365e-3efa-49fe-8ea9-5299b50dfe44,2023,9,8,oliver-bearman,prema-racing,Dallara F2 2018,Mecachrome F2
d8ee365e-3efa-49fe-8ea9-5299b50dfe44,2023,9,3,zane-maloney,carlin,Dallara F2 2018,Mecachrome F2
d8ee365e-3efa-49fe-8ea9-5299b50dfe44,2023,9,4,enzo-fittipaldi,carlin,Dallara F2 2018,Mecachrome F2
d8ee365e-3efa-49fe-8ea9-5299b50dfe44,2023,9,20,roman-stanek,trident-motorsport,Dallara F2 2018,Mecachrome F2
d8ee365e-3efa-49fe-8ea9-5299b50dfe44,2023,9,21,clement-novalak,trident-motorsport,Dallara F2 2018,Mecachrome F2
8b2bcdce-dc0e-4dab-852f-4504390b21de,2023,10,5,theo-pourchaire,art-grand-prix,Dallara F2 2018,Mecachrome F2
8b2bcdce-dc0e-4dab-852f-4504390b21de,2023,10,6,victor-martins,art-grand-prix,Dallara F2 2018,Mecachrome F2
8b2bcdce-dc0e-4dab-852f-4504390b21de,2023,10,24,kush-maini,campos-racing,Dallara F2 2018,Mecachrome F2
8b2bcdce-dc0e-4dab-852f-4504390b21de,2023,10,25,ralph-boschung,campos-racing,Dallara F2 2018,Mecachrome F2
8b2bcdce-dc0e-4dab-852f-4504390b21de,2023,10,11,ayumu-iwasa,dams,Dallara F2 2018,Mecachrome F2
8b2bcdce-dc0e-4dab-852f-4504390b21de,2023,10,12,arthur-leclerc,dams,Dallara F2 2018,Mecachrome F2
8b2bcdce-dc0e-4dab-852f-4504390b21de,2023,10,9,jak-crawford,hitech-racing,Dallara F2 2018,Mecachrome F2
8b2bcdce-dc0e-4dab-852f-4504390b21de,2023,10,10,isack-hadjar,hitech-racing,Dallara F2 2018,Mecachrome F2
8b2bcdce-dc0e-4dab-852f-4504390b21de,2023,10,14,jack-doohan,virtuosi-racing,Dallara F2 2018,Mecachrome F2
8b2bcdce-dc0e-4dab-852f-4504390b21de,2023,10,15,amaury-cordeel,virtuosi-racing,Dallara F2 2018,Mecachrome F2
8b2bcdce-dc0e-4dab-852f-4504390b21de,2023,10,1,dennis-hauger,mp-motorsport,Dallara F2 2018,Mecachrome F2
8b2bcdce-dc0e-4dab-852f-4504390b21de,2023,10,2,jehan-daruvala,mp-motorsport,Dallara F2 2018,Mecachrome F2
8b2bcdce-dc0e-4dab-852f-4504390b21de,2023,10,16,roy-nissany,charouz-racing-system,Dallara F2 2018,Mecachrome F2
8b2bcdce-dc0e-4dab-852f-4504390b21de,2023,10,17,brad-benavides,charouz-racing-system,Dallara F2 2018,Mecachrome F2
8b2bcdce-dc0e-4dab-852f-4504390b21de,2023,10,7,frederik-vesti,prema-racing,Dallara F2 2018,Mecachrome F2
8b2bcdce-dc0e-4dab-852f-4504390b21de,2023,10,8,oliver-bearman,prema-racing,Dallara F2 2018,Mecachrome F2
8b2bcdce-dc0e-4dab-852f-4504390b21de,2023,10,3,zane-maloney,carlin,Dallara F2 2018,Mecachrome F2
8b2bcdce-dc0e-4dab-852f-4504390b21de,2023,10,4,enzo-fittipaldi,carlin,Dallara F2 2018,Mecachrome F2
8b2bcdce-dc0e-4dab-852f-4504390b21de,2023,10,20,roman-stanek,trident-motorsport,Dallara F2 2018,Mecachrome F2
8b2bcdce-dc0e-4dab-852f-4504390b21de,2023,10,21,clement-novalak,trident-motorsport,Dallara F2 2018,Mecachrome F2
a20a9b68-9266-4ecb-b948-c43d8b83675f,2023,11,5,theo-pourchaire,art-grand-prix,Dallara F2 2018,Mecachrome F2
a20a9b68-9266-4ecb-b948-c43d8b83675f,2023,11,6,victor-martins,art-grand-prix,Dallara F2 2018,Mecachrome F2
a20a9b68-9266-4ecb-b948-c43d8b83675f,2023,11,24,kush-maini,campos-racing,Dallara F2 2018,Mecachrome F2
a20a9b68-9266-4ecb-b948-c43d8b83675f,2023,11,25,ralph-boschung,campos-racing,Dallara F2 2018,Mecachrome F2
a20a9b68-9266-4ecb-b948-c43d8b83675f,2023,11,11,ayumu-iwasa,dams,Dallara F2 2018,Mecachrome F2
a20a9b68-9266-4ecb-b948-c43d8b83675f,2023,11,12,arthur-leclerc,dams,Dallara F2 2018,Mecachrome F2
a20a9b68-9266-4ecb-b948-c43d8b83675f,2023,11,9,jak-crawford,hitech-racing,Dallara F2 2018,Mecachrome F2
a20a9b68-9266-4ecb-b948-c43d8b83675f,2023,11,10,isack-hadjar,hitech-racing,Dallara F2 2018,Mecachrome F2
a20a9b68-9266-4ecb-b948-c43d8b83675f,2023,11,14,jack-doohan,virtuosi-racing,Dallara F2 2018,Mecachrome F2
a20a9b68-9266-4ecb-b948-c43d8b83675f,2023,11,15,amaury-cordeel,virtuosi-racing,Dallara F2 2018,Mecachrome F2
a20a9b68-9266-4ecb-b948-c43d8b83675f,2023,11,1,dennis-hauger,mp-motorsport,Dallara F2 2018,Mecachrome F2
a20a9b68-9266-4ecb-b948-c43d8b83675f,2023,11,2,jehan-daruvala,mp-motorsport,Dallara F2 2018,Mecachrome F2
a20a9b68-9266-4ecb-b948-c43d8b83675f,2023,11,16,roy-nissany,charouz-racing-system,Dallara F2 2018,Mecachrome F2
a20a9b68-9266-4ecb-b948-c43d8b83675f,2023,11,17,josh-mason,charouz-racing-system,Dallara F2 2018,Mecachrome F2
a20a9b68-9266-4ecb-b948-c43d8b83675f,2023,11,7,frederik-vesti,prema-racing,Dallara F2 2018,Mecachrome F2
a20a9b68-9266-4ecb-b948-c43d8b83675f,2023,11,8,oliver-bearman,prema-racing,Dallara F2 2018,Mecachrome F2
a20a9b68-9266-4ecb-b948-c43d8b83675f,2023,11,3,zane-maloney,carlin,Dallara F2 2018,Mecachrome F2
a20a9b68-9266-4ecb-b948-c43d8b83675f,2023,11,4,enzo-fittipaldi,carlin,Dallara F2 2018,Mecachrome F2
a20a9b68-9266-4ecb-b948-c43d8b83675f,2023,11,20,roman-stanek,trident-motorsport,Dallara F2 2018,Mecachrome F2
a20a9b68-9266-4ecb-b948-c43d8b83675f,2023,11,21,clement-novalak,trident-motorsport,Dallara F2 2018,Mecachrome F2
1b94ef47-0a48-4186-b8fe-8d31c257c382,2023,12,5,theo-pourchaire,art-grand-prix,Dallara F2 2018,Mecachrome F2
1b94ef47-0a48-4186-b8fe-8d31c257c382,2023,12,6,victor-martins,art-grand-prix,Dallara F2 2018,Mecachrome F2
1b94ef47-0a48-4186-b8fe-8d31c257c382,2023,12,24,kush-maini,campos-racing,Dallara F2 2018,Mecachrome F2
1b94ef47-0a48-4186-b8fe-8d31c257c382,2023,12,25,ralph-boschung,campos-racing,Dallara F2 2018,Mecachrome F2
1b94ef47-0a48-4186-b8fe-8d31c257c382,2023,12,11,ayumu-iwasa,dams,Dallara F2 2018,Mecachrome F2
1b94ef47-0a48-4186-b8fe-8d31c257c382,2023,12,12,arthur-leclerc,dams,Dallara F2 2018,Mecachrome F2
1b94ef47-0a48-4186-b8fe-8d31c257c382,2023,12,9,jak-crawford,hitech-racing,Dallara F2 2018,Mecachrome F2
1b94ef47-0a48-4186-b8fe-8d31c257c382,2023,12,10,isack-hadjar,hitech-racing,Dallara F2 2018,Mecachrome F2
1b94ef47-0a48-4186-b8fe-8d31c257c382,2023,12,14,jack-doohan,virtuosi-racing,Dallara F2 2018,Mecachrome F2
1b94ef47-0a48-4186-b8fe-8d31c257c382,2023,12,15,amaury-cordeel,virtuosi-racing,Dallara F2 2018,Mecachrome F2
1b94ef47-0a48-4186-b8fe-8d31c257c382,2023,12,1,dennis-hauger,mp-motorsport,Dallara F2 2018,Mecachrome F2
1b94ef47-0a48-4186-b8fe-8d31c257c382,2023,12,2,jehan-daruvala,mp-motorsport,Dallara F2 2018,Mecachrome F2
1b94ef47-0a48-4186-b8fe-8d31c257c382,2023,12,16,roy-nissany,charouz-racing-system,Dallara F2 2018,Mecachrome F2
1b94ef47-0a48-4186-b8fe-8d31c257c382,2023,12,17,josh-mason,charouz-racing-system,Dallara F2 2018,Mecachrome F2
1b94ef47-0a48-4186-b8fe-8d31c257c382,2023,12,7,frederik-vesti,prema-racing,Dallara F2 2018,Mecachrome F2
1b94ef47-0a48-4186-b8fe-8d31c257c382,2023,12,8,oliver-bearman,prema-racing,Dallara F2 2018,Mecachrome F2
1b94ef47-0a48-4186-b8fe-8d31c257c382,2023,12,3,zane-maloney,carlin,Dallara F2 2018,Mecachrome F2
1b94ef47-0a48-4186-b8fe-8d31c257c382,2023,12,4,enzo-fittipaldi,carlin,Dallara F2 2018,Mecachrome F2
1b94ef47-0a48-4186-b8fe-8d31c257c382,2023,12,20,roman-stanek,trident-motorsport,Dallara F2 2018,Mecachrome F2
1b94ef47-0a48-4186-b8fe-8d31c257c382,2023,12,21,clement-novalak,trident-motorsport,Dallara F2 2018,Mecachrome F2
33910193-9638-473e-8d9a-f410c6264108,2023,13,5,theo-pourchaire,art-grand-prix,Dallara F2 2018,Mecachrome F2
33910193-9638-473e-8d9a-f410c6264108,2023,13,6,victor-martins,art-grand-prix,Dallara F2 2018,Mecachrome F2
33910193-9638-473e-8d9a-f410c6264108,2023,13,24,kush-maini,campos-racing,Dallara F2 2018,Mecachrome F2
33910193-9638-473e-8d9a-f410c6264108,2023,13,25,ralph-boschung,campos-racing,Dallara F2 2018,Mecachrome F2
33910193-9638-473e-8d9a-f410c6264108,2023,13,11,ayumu-iwasa,dams,Dallara F2 2018,Mecachrome F2
33910193-9638-473e-8d9a-f410c6264108,2023,13,12,arthur-leclerc,dams,Dallara F2 2018,Mecachrome F2
33910193-9638-473e-8d9a-f410c6264108,2023,13,9,jak-crawford,hitech-racing,Dallara F2 2018,Mecachrome F2
33910193-9638-473e-8d9a-f410c6264108,2023,13,10,isack-hadjar,hitech-racing,Dallara F2 2018,Mecachrome F2
33910193-9638-473e-8d9a-f410c6264108,2023,13,14,jack-doohan,virtuosi-racing,Dallara F2 2018,Mecachrome F2
33910193-9638-473e-8d9a-f410c6264108,2023,13,15,amaury-cordeel,virtuosi-racing,Dallara F2 2018,Mecachrome F2
33910193-9638-473e-8d9a-f410c6264108,2023,13,1,dennis-hauger,mp-motorsport,Dallara F2 2018,Mecachrome F2
33910193-9638-473e-8d9a-f410c6264108,2023,13,2,jehan-daruvala,mp-motorsport,Dallara F2 2018,Mecachrome F2
33910193-9638-473e-8d9a-f410c6264108,2023,13,16,roy-nissany,charouz-racing-system,Dallara F2 2018,Mecachrome F2
33910193-9638-473e-8d9a-f410c6264108,2023,13,17,josh-mason,charouz-racing-system,Dallara F2 2018,Mecachrome F2
33910193-9638-473e-8d9a-f410c6264108,2023,13,7,frederik-vesti,prema-racing,Dallara F2 2018,Mecachrome F2
33910193-9638-473e-8d9a-f410c6264108,2023,13,8,oliver-bearman,prema-racing,Dallara F2 2018,Mecachrome F2
33910193-9638-473e-8d9a-f410c6264108,2023,13,3,zane-maloney,carlin,Dallara F2 2018,Mecachrome F2
33910193-9638-473e-8d9a-f410c6264108,2023,13,4,enzo-fittipaldi,carlin,Dallara F2 2018,Mecachrome F2
33910193-9638-473e-8d9a-f410c6264108,2023,13,20,roman-stanek,trident-motorsport,Dallara F2 2018,Mecachrome F2
33910193-9638-473e-8d9a-f410c6264108,2023,13,21,clement-novalak,trident-motorsport,Dallara F2 2018,Mecachrome F2
7e7360b9-7708-4558-aadc-5c160695c9c4,2023,14,5,theo-pourchaire,art-grand-prix,Dallara F2 2018,Mecachrome F2
7e7360b9-7708-4558-aadc-5c160695c9c4,2023,14,6,victor-martins,art-grand-prix,Dallara F2 2018,Mecachrome F2
7e7360b9-7708-4558-aadc-5c160695c9c4,2023,14,24,kush-maini,campos-racing,Dallara F2 2018,Mecachrome F2
7e7360b9-7708-4558-aadc-5c160695c9c4,2023,14,25,ralph-boschung,campos-racing,Dallara F2 2018,Mecachrome F2
7e7360b9-7708-4558-aadc-5c160695c9c4,2023,14,11,ayumu-iwasa,dams,Dallara F2 2018,Mecachrome F2
7e7360b9-7708-4558-aadc-5c160695c9c4,2023,14,12,arthur-leclerc,dams,Dallara F2 2018,Mecachrome F2
7e7360b9-7708-4558-aadc-5c160695c9c4,2023,14,9,jak-crawford,hitech-racing,Dallara F2 2018,Mecachrome F2
7e7360b9-7708-4558-aadc-5c160695c9c4,2023,14,10,isack-hadjar,hitech-racing,Dallara F2 2018,Mecachrome F2
7e7360b9-7708-4558-aadc-5c160695c9c4,2023,14,14,jack-doohan,virtuosi-racing,Dallara F2 2018,Mecachrome F2
7e7360b9-7708-4558-aadc-5c160695c9c4,2023,14,15,amaury-cordeel,virtuosi-racing,Dallara F2 2018,Mecachrome F2
7e7360b9-7708-4558-aadc-5c160695c9c4,2023,14,1,dennis-hauger,mp-motorsport,Dallara F2 2018,Mecachrome F2
7e7360b9-7708-4558-aadc-5c160695c9c4,2023,14,2,franco-colapinto,mp-motorsport,Dallara F2 2018,Mecachrome F2
7e7360b9-7708-4558-aadc-5c160695c9c4,2023,14,16,roy-nissany,charouz-racing-system,Dallara F2 2018,Mecachrome F2
7e7360b9-7708-4558-aadc-5c160695c9c4,2023,14,17,josh-mason,charouz-racing-system,Dallara F2 2018,Mecachrome F2
7e7360b9-7708-4558-aadc-5c160695c9c4,2023,14,7,frederik-vesti,prema-racing,Dallara F2 2018,Mecachrome F2
7e7360b9-7708-4558-aadc-5c160695c9c4,2023,14,8,oliver-bearman,prema-racing,Dallara F2 2018,Mecachrome F2
7e7360b9-7708-4558-aadc-5c160695c9c4,2023,14,3,zane-maloney,carlin,Dallara F2 2018,Mecachrome F2
7e7360b9-7708-4558-aadc-5c160695c9c4,2023,14,4,enzo-fittipaldi,carlin,Dallara F2 2018,Mecachrome F2
7e7360b9-7708-4558-aadc-5c160695c9c4,2023,14,20,roman-stanek,trident-motorsport,Dallara F2 2018,Mecachrome F2
7e7360b9-7708-4558-aadc-5c160695c9c4,2023,14,21,paul-aron,trident-motorsport,Dallara F2 2018,Mecachrome F2
04436999-f5f0-4ae9-b830-0fdc05947c74,2024,1,1,victor-martins,art-grand-prix,Dallara F2 2024,Mecachrome F2
04436999-f5f0-4ae9-b830-0fdc05947c74,2024,1,2,zak-o-sullivan,art-grand-prix,Dallara F2 2024,Mecachrome F2
04436999-f5f0-4ae9-b830-0fdc05947c74,2024,1,20,isack-hadjar,campos-racing,Dallara F2 2024,Mecachrome F2
04436999-f5f0-4ae9-b830-0fdc05947c74,2024,1,21,pepe-marti,campos-racing,Dallara F2 2024,Mecachrome F2
04436999-f5f0-4ae9-b830-0fdc05947c74,2024,1,7,jak-crawford,dams,Dallara F2 2024,Mecachrome F2
04436999-f5f0-4ae9-b830-0fdc05947c74,2024,1,8,juan-manuel-correa,dams,Dallara F2 2024,Mecachrome F2
04436999-f5f0-4ae9-b830-0fdc05947c74,2024,1,16,amaury-cordeel,hitech-racing,Dallara F2 2024,Mecachrome F2
04436999-f5f0-4ae9-b830-0fdc05947c74,2024,1,17,paul-aron,hitech-racing,Dallara F2 2024,Mecachrome F2
04436999-f5f0-4ae9-b830-0fdc05947c74,2024,1,9,kush-maini,invicta-racing,Dallara F2 2024,Mecachrome F2
04436999-f5f0-4ae9-b830-0fdc05947c74,2024,1,10,gabriel-bortoleto,invicta-racing,Dallara F2 2024,Mecachrome F2
04436999-f5f0-4ae9-b830-0fdc05947c74,2024,1,11,dennis-hauger,mp-motorsport,Dallara F2 2024,Mecachrome F2
04436999-f5f0-4ae9-b830-0fdc05947c74,2024,1,12,franco-colapinto,mp-motorsport,Dallara F2 2024,Mecachrome F2
04436999-f5f0-4ae9-b830-0fdc05947c74,2024,1,24,joshua-durksen,phm-racing,Dallara F2 2024,Mecachrome F2
04436999-f5f0-4ae9-b830-0fdc05947c74,2024,1,25,taylor-barnard,phm-racing,Dallara F2 2024,Mecachrome F2
04436999-f5f0-4ae9-b830-0fdc05947c74,2024,1,3,oliver-bearman,prema-racing,Dallara F2 2024,Mecachrome F2
04436999-f5f0-4ae9-b830-0fdc05947c74,2024,1,4,andrea-kimi-antonelli,prema-racing,Dallara F2 2024,Mecachrome F2
04436999-f5f0-4ae9-b830-0fdc05947c74,2024,1,5,zane-maloney,rodin-motorsport,Dallara F2 2024,Mecachrome F2
04436999-f5f0-4ae9-b830-0fdc05947c74,2024,1,6,ritomo-miyata,rodin-motorsport,Dallara F2 2024,Mecachrome F2
04436999-f5f0-4ae9-b830-0fdc05947c74,2024,1,22,richard-verschoor,trident-motorsport,Dallara F2 2024,Mecachrome F2
04436999-f5f0-4ae9-b830-0fdc05947c74,2024,1,23,roman-stanek,trident-motorsport,Dallara F2 2024,Mecachrome F2
274ee1fe-eacd-420b-ab1e-d557fc034d58,2024,2,1,victor-martins,art-grand-prix,Dallara F2 2024,Mecachrome F2
274ee1fe-eacd-420b-ab1e-d557fc034d58,2024,2,2,zak-o-sullivan,art-grand-prix,Dallara F2 2024,Mecachrome F2
274ee1fe-eacd-420b-ab1e-d557fc034d58,2024,2,20,isack-hadjar,campos-racing,Dallara F2 2024,Mecachrome F2
274ee1fe-eacd-420b-ab1e-d557fc034d58,2024,2,21,pepe-marti,campos-racing,Dallara F2 2024,Mecachrome F2
274ee1fe-eacd-420b-ab1e-d557fc034d58,2024,2,7,jak-crawford,dams,Dallara F2 2024,Mecachrome F2
274ee1fe-eacd-420b-ab1e-d557fc034d58,2024,2,8,juan-manuel-correa,dams,Dallara F2 2024,Mecachrome F2
274ee1fe-eacd-420b-ab1e-d557fc034d58,2024,2,16,amaury-cordeel,hitech-racing,Dallara F2 2024,Mecachrome F2
274ee1fe-eacd-420b-ab1e-d557fc034d58,2024,2,17,paul-aron,hitech-racing,Dallara F2 2024,Mecachrome F2
274ee1fe-eacd-420b-ab1e-d557fc034d58,2024,2,9,kush-maini,invicta-racing,Dallara F2 2024,Mecachrome F2
274ee1fe-eacd-420b-ab1e-d557fc034d58,2024,2,10,gabriel-bortoleto,invicta-racing,Dallara F2 2024,Mecachrome F2
274ee1fe-eacd-420b-ab1e-d557fc034d58,2024,2,11,dennis-hauger,mp-motorsport,Dallara F2 2024,Mecachrome F2
274ee1fe-eacd-420b-ab1e-d557fc034d58,2024,2,12,franco-colapinto,mp-motorsport,Dallara F2 2024,Mecachrome F2
274ee1fe-eacd-420b-ab1e-d557fc034d58,2024,2,24,joshua-durksen,phm-racing,Dallara F2 2024,Mecachrome F2
274ee1fe-eacd-420b-ab1e-d557fc034d58,2024,2,25,taylor-barnard,phm-racing,Dallara F2 2024,Mecachrome F2
274ee1fe-eacd-420b-ab1e-d557fc034d58,2024,2,3,oliver-bearman,prema-racing,Dallara F2 2024,Mecachrome F2
274ee1fe-eacd-420b-ab1e-d557fc034d58,2024,2,4,andrea-kimi-antonelli,prema-racing,Dallara F2 2024,Mecachrome F2
274ee1fe-eacd-420b-ab1e-d557fc034d58,2024,2,5,zane-maloney,rodin-motorsport,Dallara F2 2024,Mecachrome F2
274ee1fe-eacd-420b-ab1e-d557fc034d58,2024,2,6,ritomo-miyata,rodin-motorsport,Dallara F2 2024,Mecachrome F2
274ee1fe-eacd-420b-ab1e-d557fc034d58,2024,2,22,richard-verschoor,trident-motorsport,Dallara F2 2024,Mecachrome F2
274ee1fe-eacd-420b-ab1e-d557fc034d58,2024,2,23,roman-stanek,trident-motorsport,Dallara F2 2024,Mecachrome F2
0c02d906-63cb-4497-ac05-cfc771475bba,2024,3,1,victor-martins,art-grand-prix,Dallara F2 2024,Mecachrome F2
0c02d906-63cb-4497-ac05-cfc771475bba,2024,3,2,zak-o-sullivan,art-grand-prix,Dallara F2 2024,Mecachrome F2
0c02d906-63cb-4497-ac05-cfc771475bba,2024,3,20,isack-hadjar,campos-racing,Dallara F2 2024,Mecachrome F2
0c02d906-63cb-4497-ac05-cfc771475bba,2024,3,21,pepe-marti,campos-racing,Dallara F2 2024,Mecachrome F2
0c02d906-63cb-4497-ac05-cfc771475bba,2024,3,7,jak-crawford,dams,Dallara F2 2024,Mecachrome F2
0c02d906-63cb-4497-ac05-cfc771475bba,2024,3,8,juan-manuel-correa,dams,Dallara F2 2024,Mecachrome F2
0c02d906-63cb-4497-ac05-cfc771475bba,2024,3,16,amaury-cordeel,hitech-racing,Dallara F2 2024,Mecachrome F2
0c02d906-63cb-4497-ac05-cfc771475bba,2024,3,17,paul-aron,hitech-racing,Dallara F2 2024,Mecachrome F2
0c02d906-63cb-4497-ac05-cfc771475bba,2024,3,9,kush-maini,invicta-racing,Dallara F2 2024,Mecachrome F2
0c02d906-63cb-4497-ac05-cfc771475bba,2024,3,10,gabriel-bortoleto,invicta-racing,Dallara F2 2024,Mecachrome F2
0c02d906-63cb-4497-ac05-cfc771475bba,2024,3,11,dennis-hauger,mp-motorsport,Dallara F2 2024,Mecachrome F2
0c02d906-63cb-4497-ac05-cfc771475bba,2024,3,12,franco-colapinto,mp-motorsport,Dallara F2 2024,Mecachrome F2
0c02d906-63cb-4497-ac05-cfc771475bba,2024,3,24,joshua-durksen,phm-racing,Dallara F2 2024,Mecachrome F2
0c02d906-63cb-4497-ac05-cfc771475bba,2024,3,25,taylor-barnard,phm-racing,Dallara F2 2024,Mecachrome F2
0c02d906-63cb-4497-ac05-cfc771475bba,2024,3,3,oliver-bearman,prema-racing,Dallara F2 2024,Mecachrome F2
0c02d906-63cb-4497-ac05-cfc771475bba,2024,3,4,andrea-kimi-antonelli,prema-racing,Dallara F2 2024,Mecachrome F2
0c02d906-63cb-4497-ac05-cfc771475bba,2024,3,5,zane-maloney,rodin-motorsport,Dallara F2 2024,Mecachrome F2
0c02d906-63cb-4497-ac05-cfc771475bba,2024,3,6,ritomo-miyata,rodin-motorsport,Dallara F2 2024,Mecachrome F2
0c02d906-63cb-4497-ac05-cfc771475bba,2024,3,22,richard-verschoor,trident-motorsport,Dallara F2 2024,Mecachrome F2
0c02d906-63cb-4497-ac05-cfc771475bba,2024,3,23,roman-stanek,trident-motorsport,Dallara F2 2024,Mecachrome F2
bb5b09d5-fc30-4cc8-8f0e-5d25f65bb587,2024,4,1,victor-martins,art-grand-prix,Dallara F2 2024,Mecachrome F2
bb5b09d5-fc30-4cc8-8f0e-5d25f65bb587,2024,4,2,zak-o-sullivan,art-grand-prix,Dallara F2 2024,Mecachrome F2
bb5b09d5-fc30-4cc8-8f0e-5d25f65bb587,2024,4,20,isack-hadjar,campos-racing,Dallara F2 2024,Mecachrome F2
bb5b09d5-fc30-4cc8-8f0e-5d25f65bb587,2024,4,21,pepe-marti,campos-racing,Dallara F2 2024,Mecachrome F2
bb5b09d5-fc30-4cc8-8f0e-5d25f65bb587,2024,4,7,jak-crawford,dams,Dallara F2 2024,Mecachrome F2
bb5b09d5-fc30-4cc8-8f0e-5d25f65bb587,2024,4,8,juan-manuel-correa,dams,Dallara F2 2024,Mecachrome F2
bb5b09d5-fc30-4cc8-8f0e-5d25f65bb587,2024,4,16,amaury-cordeel,hitech-racing,Dallara F2 2024,Mecachrome F2
bb5b09d5-fc30-4cc8-8f0e-5d25f65bb587,2024,4,17,paul-aron,hitech-racing,Dallara F2 2024,Mecachrome F2
bb5b09d5-fc30-4cc8-8f0e-5d25f65bb587,2024,4,9,kush-maini,invicta-racing,Dallara F2 2024,Mecachrome F2
bb5b09d5-fc30-4cc8-8f0e-5d25f65bb587,2024,4,10,gabriel-bortoleto,invicta-racing,Dallara F2 2024,Mecachrome F2
bb5b09d5-fc30-4cc8-8f0e-5d25f65bb587,2024,4,11,dennis-hauger,mp-motorsport,Dallara F2 2024,Mecachrome F2
bb5b09d5-fc30-4cc8-8f0e-5d25f65bb587,2024,4,12,franco-colapinto,mp-motorsport,Dallara F2 2024,Mecachrome F2
bb5b09d5-fc30-4cc8-8f0e-5d25f65bb587,2024,4,24,joshua-durksen,phm-racing,Dallara F2 2024,Mecachrome F2
bb5b09d5-fc30-4cc8-8f0e-5d25f65bb587,2024,4,25,taylor-barnard,phm-racing,Dallara F2 2024,Mecachrome F2
bb5b09d5-fc30-4cc8-8f0e-5d25f65bb587,2024,4,3,oliver-bearman,prema-racing,Dallara F2 2024,Mecachrome F2
bb5b09d5-fc30-4cc8-8f0e-5d25f65bb587,2024,4,4,andrea-kimi-antonelli,prema-racing,Dallara F2 2024,Mecachrome F2
bb5b09d5-fc30-4cc8-8f0e-5d25f65bb587,2024,4,5,zane-maloney,rodin-motorsport,Dallara F2 2024,Mecachrome F2
bb5b09d5-fc30-4cc8-8f0e-5d25f65bb587,2024,4,6,ritomo-miyata,rodin-motorsport,Dallara F2 2024,Mecachrome F2
bb5b09d5-fc30-4cc8-8f0e-5d25f65bb587,2024,4,22,richard-verschoor,trident-motorsport,Dallara F2 2024,Mecachrome F2
bb5b09d5-fc30-4cc8-8f0e-5d25f65bb587,2024,4,23,roman-stanek,trident-motorsport,Dallara F2 2024,Mecachrome F2
b4c7b508-cce0-4c57-8de0-c2ae067f69c9,2024,5,1,victor-martins,art-grand-prix,Dallara F2 2024,Mecachrome F2
b4c7b508-cce0-4c57-8de0-c2ae067f69c9,2024,5,2,zak-o-sullivan,art-grand-prix,Dallara F2 2024,Mecachrome F2
b4c7b508-cce0-4c57-8de0-c2ae067f69c9,2024,5,20,isack-hadjar,campos-racing,Dallara F2 2024,Mecachrome F2
b4c7b508-cce0-4c57-8de0-c2ae067f69c9,2024,5,21,pepe-marti,campos-racing,Dallara F2 2024,Mecachrome F2
b4c7b508-cce0-4c57-8de0-c2ae067f69c9,2024,5,7,jak-crawford,dams,Dallara F2 2024,Mecachrome F2
b4c7b508-cce0-4c57-8de0-c2ae067f69c9,2024,5,8,juan-manuel-correa,dams,Dallara F2 2024,Mecachrome F2
b4c7b508-cce0-4c57-8de0-c2ae067f69c9,2024,5,16,amaury-cordeel,hitech-racing,Dallara F2 2024,Mecachrome F2
b4c7b508-cce0-4c57-8de0-c2ae067f69c9,2024,5,17,paul-aron,hitech-racing,Dallara F2 2024,Mecachrome F2
b4c7b508-cce0-4c57-8de0-c2ae067f69c9,2024,5,9,kush-maini,invicta-racing,Dallara F2 2024,Mecachrome F2
b4c7b508-cce0-4c57-8de0-c2ae067f69c9,2024,5,10,gabriel-bortoleto,invicta-racing,Dallara F2 2024,Mecachrome F2
b4c7b508-cce0-4c57-8de0-c2ae067f69c9,2024,5,11,dennis-hauger,mp-motorsport,Dallara F2 2024,Mecachrome F2
b4c7b508-cce0-4c57-8de0-c2ae067f69c9,2024,5,12,franco-colapinto,mp-motorsport,Dallara F2 2024,Mecachrome F2
b4c7b508-cce0-4c57-8de0-c2ae067f69c9,2024,5,24,joshua-durksen,phm-racing,Dallara F2 2024,Mecachrome F2
b4c7b508-cce0-4c57-8de0-c2ae067f69c9,2024,5,25,taylor-barnard,phm-racing,Dallara F2 2024,Mecachrome F2
b4c7b508-cce0-4c57-8de0-c2ae067f69c9,2024,5,3,oliver-bearman,prema-racing,Dallara F2 2024,Mecachrome F2
b4c7b508-cce0-4c57-8de0-c2ae067f69c9,2024,5,4,andrea-kimi-antonelli,prema-racing,Dallara F2 2024,Mecachrome F2
b4c7b508-cce0-4c57-8de0-c2ae067f69c9,2024,5,5,zane-maloney,rodin-motorsport,Dallara F2 2024,Mecachrome F2
b4c7b508-cce0-4c57-8de0-c2ae067f69c9,2024,5,6,ritomo-miyata,rodin-motorsport,Dallara F2 2024,Mecachrome F2
b4c7b508-cce0-4c57-8de0-c2ae067f69c9,2024,5,22,richard-verschoor,trident-motorsport,Dallara F2 2024,Mecachrome F2
b4c7b508-cce0-4c57-8de0-c2ae067f69c9,2024,5,23,roman-stanek,trident-motorsport,Dallara F2 2024,Mecachrome F2
ca53a24d-f9a6-4ee2-8642-d030498d1d5a,2024,6,1,victor-martins,art-grand-prix,Dallara F2 2024,Mecachrome F2
ca53a24d-f9a6-4ee2-8642-d030498d1d5a,2024,6,2,zak-o-sullivan,art-grand-prix,Dallara F2 2024,Mecachrome F2
ca53a24d-f9a6-4ee2-8642-d030498d1d5a,2024,6,20,isack-hadjar,campos-racing,Dallara F2 2024,Mecachrome F2
ca53a24d-f9a6-4ee2-8642-d030498d1d5a,2024,6,21,pepe-marti,campos-racing,Dallara F2 2024,Mecachrome F2
ca53a24d-f9a6-4ee2-8642-d030498d1d5a,2024,6,7,jak-crawford,dams,Dallara F2 2024,Mecachrome F2
ca53a24d-f9a6-4ee2-8642-d030498d1d5a,2024,6,8,juan-manuel-correa,dams,Dallara F2 2024,Mecachrome F2
ca53a24d-f9a6-4ee2-8642-d030498d1d5a,2024,6,16,amaury-cordeel,hitech-racing,Dallara F2 2024,Mecachrome F2
ca53a24d-f9a6-4ee2-8642-d030498d1d5a,2024,6,17,paul-aron,hitech-racing,Dallara F2 2024,Mecachrome F2
ca53a24d-f9a6-4ee2-8642-d030498d1d5a,2024,6,9,kush-maini,invicta-racing,Dallara F2 2024,Mecachrome F2
ca53a24d-f9a6-4ee2-8642-d030498d1d5a,2024,6,10,gabriel-bortoleto,invicta-racing,Dallara F2 2024,Mecachrome F2
ca53a24d-f9a6-4ee2-8642-d030498d1d5a,2024,6,11,dennis-hauger,mp-motorsport,Dallara F2 2024,Mecachrome F2
ca53a24d-f9a6-4ee2-8642-d030498d1d5a,2024,6,12,franco-colapinto,mp-motorsport,Dallara F2 2024,Mecachrome F2
ca53a24d-f9a6-4ee2-8642-d030498d1d5a,2024,6,24,joshua-durksen,phm-racing,Dallara F2 2024,Mecachrome F2
ca53a24d-f9a6-4ee2-8642-d030498d1d5a,2024,6,25,taylor-barnard,phm-racing,Dallara F2 2024,Mecachrome F2
ca53a24d-f9a6-4ee2-8642-d030498d1d5a,2024,6,3,oliver-bearman,prema-racing,Dallara F2 2024,Mecachrome F2
ca53a24d-f9a6-4ee2-8642-d030498d1d5a,2024,6,4,andrea-kimi-antonelli,prema-racing,Dallara F2 2024,Mecachrome F2
ca53a24d-f9a6-4ee2-8642-d030498d1d5a,2024,6,5,zane-maloney,rodin-motorsport,Dallara F2 2024,Mecachrome F2
ca53a24d-f9a6-4ee2-8642-d030498d1d5a,2024,6,6,ritomo-miyata,rodin-motorsport,Dallara F2 2024,Mecachrome F2
ca53a24d-f9a6-4ee2-8642-d030498d1d5a,2024,6,22,richard-verschoor,trident-motorsport,Dallara F2 2024,Mecachrome F2
ca53a24d-f9a6-4ee2-8642-d030498d1d5a,2024,6,23,roman-stanek,trident-motorsport,Dallara F2 2024,Mecachrome F2
d9a5d8d8-784b-4147-a9eb-2fd4486f88a7,2024,7,1,victor-martins,art-grand-prix,Dallara F2 2024,Mecachrome F2
d9a5d8d8-784b-4147-a9eb-2fd4486f88a7,2024,7,2,zak-o-sullivan,art-grand-prix,Dallara F2 2024,Mecachrome F2
d9a5d8d8-784b-4147-a9eb-2fd4486f88a7,2024,7,20,isack-hadjar,campos-racing,Dallara F2 2024,Mecachrome F2
d9a5d8d8-784b-4147-a9eb-2fd4486f88a7,2024,7,21,pepe-marti,campos-racing,Dallara F2 2024,Mecachrome F2
d9a5d8d8-784b-4147-a9eb-2fd4486f88a7,2024,7,7,jak-crawford,dams,Dallara F2 2024,Mecachrome F2
d9a5d8d8-784b-4147-a9eb-2fd4486f88a7,2024,7,8,juan-manuel-correa,dams,Dallara F2 2024,Mecachrome F2
d9a5d8d8-784b-4147-a9eb-2fd4486f88a7,2024,7,16,amaury-cordeel,hitech-racing,Dallara F2 2024,Mecachrome F2
d9a5d8d8-784b-4147-a9eb-2fd4486f88a7,2024,7,17,paul-aron,hitech-racing,Dallara F2 2024,Mecachrome F2
d9a5d8d8-784b-4147-a9eb-2fd4486f88a7,2024,7,9,kush-maini,invicta-racing,Dallara F2 2024,Mecachrome F2
d9a5d8d8-784b-4147-a9eb-2fd4486f88a7,2024,7,10,gabriel-bortoleto,invicta-racing,Dallara F2 2024,Mecachrome F2
d9a5d8d8-784b-4147-a9eb-2fd4486f88a7,2024,7,11,dennis-hauger,mp-motorsport,Dallara F2 2024,Mecachrome F2
d9a5d8d8-784b-4147-a9eb-2fd4486f88a7,2024,7,12,franco-colapinto,mp-motorsport,Dallara F2 2024,Mecachrome F2
d9a5d8d8-784b-4147-a9eb-2fd4486f88a7,2024,7,24,joshua-durksen,phm-racing,Dallara F2 2024,Mecachrome F2
d9a5d8d8-784b-4147-a9eb-2fd4486f88a7,2024,7,25,taylor-barnard,phm-racing,Dallara F2 2024,Mecachrome F2
d9a5d8d8-784b-4147-a9eb-2fd4486f88a7,2024,7,3,oliver-bearman,prema-racing,Dallara F2 2024,Mecachrome F2
d9a5d8d8-784b-4147-a9eb-2fd4486f88a7,2024,7,4,andrea-kimi-antonelli,prema-racing,Dallara F2 2024,Mecachrome F2
d9a5d8d8-784b-4147-a9eb-2fd4486f88a7,2024,7,5,zane-maloney,rodin-motorsport,Dallara F2 2024,Mecachrome F2
d9a5d8d8-784b-4147-a9eb-2fd4486f88a7,2024,7,6,ritomo-miyata,rodin-motorsport,Dallara F2 2024,Mecachrome F2
d9a5d8d8-784b-4147-a9eb-2fd4486f88a7,2024,7,22,richard-verschoor,trident-motorsport,Dallara F2 2024,Mecachrome F2
d9a5d8d8-784b-4147-a9eb-2fd4486f88a7,2024,7,23,roman-stanek,trident-motorsport,Dallara F2 2024,Mecachrome F2
efd63b5b-8d6c-43aa-89e6-6c91169b392d,2024,8,1,victor-martins,art-grand-prix,Dallara F2 2024,Mecachrome F2
efd63b5b-8d6c-43aa-89e6-6c91169b392d,2024,8,2,zak-o-sullivan,art-grand-prix,Dallara F2 2024,Mecachrome F2
efd63b5b-8d6c-43aa-89e6-6c91169b392d,2024,8,20,isack-hadjar,campos-racing,Dallara F2 2024,Mecachrome F2
efd63b5b-8d6c-43aa-89e6-6c91169b392d,2024,8,21,pepe-marti,campos-racing,Dallara F2 2024,Mecachrome F2
efd63b5b-8d6c-43aa-89e6-6c91169b392d,2024,8,7,jak-crawford,dams,Dallara F2 2024,Mecachrome F2
efd63b5b-8d6c-43aa-89e6-6c91169b392d,2024,8,8,juan-manuel-correa,dams,Dallara F2 2024,Mecachrome F2
efd63b5b-8d6c-43aa-89e6-6c91169b392d,2024,8,16,amaury-cordeel,hitech-racing,Dallara F2 2024,Mecachrome F2
efd63b5b-8d6c-43aa-89e6-6c91169b392d,2024,8,17,paul-aron,hitech-racing,Dallara F2 2024,Mecachrome F2
efd63b5b-8d6c-43aa-89e6-6c91169b392d,2024,8,9,kush-maini,invicta-racing,Dallara F2 2024,Mecachrome F2
efd63b5b-8d6c-43aa-89e6-6c91169b392d,2024,8,10,gabriel-bortoleto,invicta-racing,Dallara F2 2024,Mecachrome F2
efd63b5b-8d6c-43aa-89e6-6c91169b392d,2024,8,11,dennis-hauger,mp-motorsport,Dallara F2 2024,Mecachrome F2
efd63b5b-8d6c-43aa-89e6-6c91169b392d,2024,8,12,franco-colapinto,mp-motorsport,Dallara F2 2024,Mecachrome F2
efd63b5b-8d6c-43aa-89e6-6c91169b392d,2024,8,24,joshua-durksen,phm-racing,Dallara F2 2024,Mecachrome F2
efd63b5b-8d6c-43aa-89e6-6c91169b392d,2024,8,25,taylor-barnard,phm-racing,Dallara F2 2024,Mecachrome F2
efd63b5b-8d6c-43aa-89e6-6c91169b392d,2024,8,3,oliver-bearman,prema-racing,Dallara F2 2024,Mecachrome F2
efd63b5b-8d6c-43aa-89e6-6c91169b392d,2024,8,4,andrea-kimi-antonelli,prema-racing,Dallara F2 2024,Mecachrome F2
efd63b5b-8d6c-43aa-89e6-6c91169b392d,2024,8,5,zane-maloney,rodin-motorsport,Dallara F2 2024,Mecachrome F2
efd63b5b-8d6c-43aa-89e6-6c91169b392d,2024,8,6,ritomo-miyata,rodin-motorsport,Dallara F2 2024,Mecachrome F2
efd63b5b-8d6c-43aa-89e6-6c91169b392d,2024,8,22,richard-verschoor,trident-motorsport,Dallara F2 2024,Mecachrome F2
efd63b5b-8d6c-43aa-89e6-6c91169b392d,2024,8,23,roman-stanek,trident-motorsport,Dallara F2 2024,Mecachrome F2
5e0c4aa5-0d87-448d-9732-303a04816f2c,2024,9,1,victor-martins,art-grand-prix,Dallara F2 2024,Mecachrome F2
5e0c4aa5-0d87-448d-9732-303a04816f2c,2024,9,2,zak-o-sullivan,art-grand-prix,Dallara F2 2024,Mecachrome F2
5e0c4aa5-0d87-448d-9732-303a04816f2c,2024,9,20,isack-hadjar,campos-racing,Dallara F2 2024,Mecachrome F2
5e0c4aa5-0d87-448d-9732-303a04816f2c,2024,9,21,pepe-marti,campos-racing,Dallara F2 2024,Mecachrome F2
5e0c4aa5-0d87-448d-9732-303a04816f2c,2024,9,7,jak-crawford,dams,Dallara F2 2024,Mecachrome F2
5e0c4aa5-0d87-448d-9732-303a04816f2c,2024,9,8,juan-manuel-correa,dams,Dallara F2 2024,Mecachrome F2
5e0c4aa5-0d87-448d-9732-303a04816f2c,2024,9,16,amaury-cordeel,hitech-racing,Dallara F2 2024,Mecachrome F2
5e0c4aa5-0d87-448d-9732-303a04816f2c,2024,9,17,paul-aron,hitech-racing,Dallara F2 2024,Mecachrome F2
5e0c4aa5-0d87-448d-9732-303a04816f2c,2024,9,9,kush-maini,invicta-racing,Dallara F2 2024,Mecachrome F2
5e0c4aa5-0d87-448d-9732-303a04816f2c,2024,9,10,gabriel-bortoleto,invicta-racing,Dallara F2 2024,Mecachrome F2
5e0c4aa5-0d87-448d-9732-303a04816f2c,2024,9,11,dennis-hauger,mp-motorsport,Dallara F2 2024,Mecachrome F2
5e0c4aa5-0d87-448d-9732-303a04816f2c,2024,9,12,franco-colapinto,mp-motorsport,Dallara F2 2024,Mecachrome F2
5e0c4aa5-0d87-448d-9732-303a04816f2c,2024,9,24,joshua-durksen,phm-racing,Dallara F2 2024,Mecachrome F2
5e0c4aa5-0d87-448d-9732-303a04816f2c,2024,9,25,taylor-barnard,phm-racing,Dallara F2 2024,Mecachrome F2
5e0c4aa5-0d87-448d-9732-303a04816f2c,2024,9,3,oliver-bearman,prema-racing,Dallara F2 2024,Mecachrome F2
5e0c4aa5-0d87-448d-9732-303a04816f2c,2024,9,4,andrea-kimi-antonelli,prema-racing,Dallara F2 2024,Mecachrome F2
5e0c4aa5-0d87-448d-9732-303a04816f2c,2024,9,5,zane-maloney,rodin-motorsport,Dallara F2 2024,Mecachrome F2
5e0c4aa5-0d87-448d-9732-303a04816f2c,2024,9,6,ritomo-miyata,rodin-motorsport,Dallara F2 2024,Mecachrome F2
5e0c4aa5-0d87-448d-9732-303a04816f2c,2024,9,22,richard-verschoor,trident-motorsport,Dallara F2 2024,Mecachrome F2
5e0c4aa5-0d87-448d-9732-303a04816f2c,2024,9,23,roman-stanek,trident-motorsport,Dallara F2 2024,Mecachrome F2
a56c4ba8-f66d-4fb9-acb7-2b1a504af9c9,2024,10,1,victor-martins,art-grand-prix,Dallara F2 2024,Mecachrome F2
a56c4ba8-f66d-4fb9-acb7-2b1a504af9c9,2024,10,2,zak-o-sullivan,art-grand-prix,Dallara F2 2024,Mecachrome F2
a56c4ba8-f66d-4fb9-acb7-2b1a504af9c9,2024,10,20,isack-hadjar,campos-racing,Dallara F2 2024,Mecachrome F2
a56c4ba8-f66d-4fb9-acb7-2b1a504af9c9,2024,10,21,pepe-marti,campos-racing,Dallara F2 2024,Mecachrome F2
a56c4ba8-f66d-4fb9-acb7-2b1a504af9c9,2024,10,7,jak-crawford,dams,Dallara F2 2024,Mecachrome F2
a56c4ba8-f66d-4fb9-acb7-2b1a504af9c9,2024,10,8,juan-manuel-correa,dams,Dallara F2 2024,Mecachrome F2
a56c4ba8-f66d-4fb9-acb7-2b1a504af9c9,2024,10,16,amaury-cordeel,hitech-racing,Dallara F2 2024,Mecachrome F2
a56c4ba8-f66d-4fb9-acb7-2b1a504af9c9,2024,10,17,paul-aron,hitech-racing,Dallara F2 2024,Mecachrome F2
a56c4ba8-f66d-4fb9-acb7-2b1a504af9c9,2024,10,9,kush-maini,invicta-racing,Dallara F2 2024,Mecachrome F2
a56c4ba8-f66d-4fb9-acb7-2b1a504af9c9,2024,10,10,gabriel-bortoleto,invicta-racing,Dallara F2 2024,Mecachrome F2
a56c4ba8-f66d-4fb9-acb7-2b1a504af9c9,2024,10,11,dennis-hauger,mp-motorsport,Dallara F2 2024,Mecachrome F2
a56c4ba8-f66d-4fb9-acb7-2b1a504af9c9,2024,10,12,franco-colapinto,mp-motorsport,Dallara F2 2024,Mecachrome F2
a56c4ba8-f66d-4fb9-acb7-2b1a504af9c9,2024,10,24,joshua-durksen,phm-racing,Dallara F2 2024,Mecachrome F2
a56c4ba8-f66d-4fb9-acb7-2b1a504af9c9,2024,10,25,taylor-barnard,phm-racing,Dallara F2 2024,Mecachrome F2
a56c4ba8-f66d-4fb9-acb7-2b1a504af9c9,2024,10,3,oliver-bearman,prema-racing,Dallara F2 2024,Mecachrome F2
a56c4ba8-f66d-4fb9-acb7-2b1a504af9c9,2024,10,4,andrea-kimi-antonelli,prema-racing,Dallara F2 2024,Mecachrome F2
a56c4ba8-f66d-4fb9-acb7-2b1a504af9c9,2024,10,5,zane-maloney,rodin-motorsport,Dallara F2 2024,Mecachrome F2
a56c4ba8-f66d-4fb9-acb7-2b1a504af9c9,2024,10,6,ritomo-miyata,rodin-motorsport,Dallara F2 2024,Mecachrome F2
a56c4ba8-f66d-4fb9-acb7-2b1a504af9c9,2024,10,22,richard-verschoor,trident-motorsport,Dallara F2 2024,Mecachrome F2
a56c4ba8-f66d-4fb9-acb7-2b1a504af9c9,2024,10,23,roman-stanek,trident-motorsport,Dallara F2 2024,Mecachrome F2
cdd4ad52-da4d-4f0c-a7d8-cdba1238d451,2024,11,1,victor-martins,art-grand-prix,Dallara F2 2024,Mecachrome F2
cdd4ad52-da4d-4f0c-a7d8-cdba1238d451,2024,11,2,zak-o-sullivan,art-grand-prix,Dallara F2 2024,Mecachrome F2
cdd4ad52-da4d-4f0c-a7d8-cdba1238d451,2024,11,20,isack-hadjar,campos-racing,Dallara F2 2024,Mecachrome F2
cdd4ad52-da4d-4f0c-a7d8-cdba1238d451,2024,11,21,pepe-marti,campos-racing,Dallara F2 2024,Mecachrome F2
cdd4ad52-da4d-4f0c-a7d8-cdba1238d451,2024,11,7,jak-crawford,dams,Dallara F2 2024,Mecachrome F2
cdd4ad52-da4d-4f0c-a7d8-cdba1238d451,2024,11,8,juan-manuel-correa,dams,Dallara F2 2024,Mecachrome F2
cdd4ad52-da4d-4f0c-a7d8-cdba1238d451,2024,11,16,amaury-cordeel,hitech-racing,Dallara F2 2024,Mecachrome F2
cdd4ad52-da4d-4f0c-a7d8-cdba1238d451,2024,11,17,paul-aron,hitech-racing,Dallara F2 2024,Mecachrome F2
cdd4ad52-da4d-4f0c-a7d8-cdba1238d451,2024,11,9,kush-maini,invicta-racing,Dallara F2 2024,Mecachrome F2
cdd4ad52-da4d-4f0c-a7d8-cdba1238d451,2024,11,10,gabriel-bortoleto,invicta-racing,Dallara F2 2024,Mecachrome F2
cdd4ad52-da4d-4f0c-a7d8-cdba1238d451,2024,11,11,dennis-hauger,mp-motorsport,Dallara F2 2024,Mecachrome F2
cdd4ad52-da4d-4f0c-a7d8-cdba1238d451,2024,11,12,oliver-goethe,mp-motorsport,Dallara F2 2024,Mecachrome F2
cdd4ad52-da4d-4f0c-a7d8-cdba1238d451,2024,11,24,joshua-durksen,phm-racing,Dallara F2 2024,Mecachrome F2
cdd4ad52-da4d-4f0c-a7d8-cdba1238d451,2024,11,25,niels-koolen,phm-racing,Dallara F2 2024,Mecachrome F2
cdd4ad52-da4d-4f0c-a7d8-cdba1238d451,2024,11,3,oliver-bearman,prema-racing,Dallara F2 2024,Mecachrome F2
cdd4ad52-da4d-4f0c-a7d8-cdba1238d451,2024,11,4,andrea-kimi-antonelli,prema-racing,Dallara F2 2024,Mecachrome F2
cdd4ad52-da4d-4f0c-a7d8-cdba1238d451,2024,11,5,zane-maloney,rodin-motorsport,Dallara F2 2024,Mecachrome F2
cdd4ad52-da4d-4f0c-a7d8-cdba1238d451,2024,11,6,ritomo-miyata,rodin-motorsport,Dallara F2 2024,Mecachrome F2
cdd4ad52-da4d-4f0c-a7d8-cdba1238d451,2024,11,22,richard-verschoor,trident-motorsport,Dallara F2 2024,Mecachrome F2
cdd4ad52-da4d-4f0c-a7d8-cdba1238d451,2024,11,23,roman-stanek,trident-motorsport,Dallara F2 2024,Mecachrome F2
761f0484-9b8d-41a6-b60e-3124d1e665a8,2024,12,1,victor-martins,art-grand-prix,Dallara F2 2024,Mecachrome F2
761f0484-9b8d-41a6-b60e-3124d1e665a8,2024,12,2,luke-browning,art-grand-prix,Dallara F2 2024,Mecachrome F2
761f0484-9b8d-41a6-b60e-3124d1e665a8,2024,12,20,isack-hadjar,campos-racing,Dallara F2 2024,Mecachrome F2
761f0484-9b8d-41a6-b60e-3124d1e665a8,2024,12,21,pepe-marti,campos-racing,Dallara F2 2024,Mecachrome F2
761f0484-9b8d-41a6-b60e-3124d1e665a8,2024,12,7,jak-crawford,dams,Dallara F2 2024,Mecachrome F2
761f0484-9b8d-41a6-b60e-3124d1e665a8,2024,12,8,juan-manuel-correa,dams,Dallara F2 2024,Mecachrome F2
761f0484-9b8d-41a6-b60e-3124d1e665a8,2024,12,16,amaury-cordeel,hitech-racing,Dallara F2 2024,Mecachrome F2
761f0484-9b8d-41a6-b60e-3124d1e665a8,2024,12,17,paul-aron,hitech-racing,Dallara F2 2024,Mecachrome F2
761f0484-9b8d-41a6-b60e-3124d1e665a8,2024,12,9,kush-maini,invicta-racing,Dallara F2 2024,Mecachrome F2
761f0484-9b8d-41a6-b60e-3124d1e665a8,2024,12,10,gabriel-bortoleto,invicta-racing,Dallara F2 2024,Mecachrome F2
761f0484-9b8d-41a6-b60e-3124d1e665a8,2024,12,11,dennis-hauger,mp-motorsport,Dallara F2 2024,Mecachrome F2
761f0484-9b8d-41a6-b60e-3124d1e665a8,2024,12,12,oliver-goethe,mp-motorsport,Dallara F2 2024,Mecachrome F2
761f0484-9b8d-41a6-b60e-3124d1e665a8,2024,12,24,joshua-durksen,phm-racing,Dallara F2 2024,Mecachrome F2
761f0484-9b8d-41a6-b60e-3124d1e665a8,2024,12,25,niels-koolen,phm-racing,Dallara F2 2024,Mecachrome F2
761f0484-9b8d-41a6-b60e-3124d1e665a8,2024,12,3,gabriele-mini,prema-racing,Dallara F2 2024,Mecachrome F2
761f0484-9b8d-41a6-b60e-3124d1e665a8,2024,12,4,andrea-kimi-antonelli,prema-racing,Dallara F2 2024,Mecachrome F2
761f0484-9b8d-41a6-b60e-3124d1e665a8,2024,12,5,zane-maloney,rodin-motorsport,Dallara F2 2024,Mecachrome F2
761f0484-9b8d-41a6-b60e-3124d1e665a8,2024,12,6,ritomo-miyata,rodin-motorsport,Dallara F2 2024,Mecachrome F2
761f0484-9b8d-41a6-b60e-3124d1e665a8,2024,12,22,richard-verschoor,trident-motorsport,Dallara F2 2024,Mecachrome F2
761f0484-9b8d-41a6-b60e-3124d1e665a8,2024,12,23,christian-mansell,trident-motorsport,Dallara F2 2024,Mecachrome F2
934eb008-a635-4338-ba53-b772c60b4902,2024,13,1,victor-martins,art-grand-prix,Dallara F2 2024,Mecachrome F2
934eb008-a635-4338-ba53-b772c60b4902,2024,13,2,luke-browning,art-grand-prix,Dallara F2 2024,Mecachrome F2
934eb008-a635-4338-ba53-b772c60b4902,2024,13,20,isack-hadjar,campos-racing,Dallara F2 2024,Mecachrome F2
934eb008-a635-4338-ba53-b772c60b4902,2024,13,21,pepe-marti,campos-racing,Dallara F2 2024,Mecachrome F2
934eb008-a635-4338-ba53-b772c60b4902,2024,13,7,jak-crawford,dams,Dallara F2 2024,Mecachrome F2
934eb008-a635-4338-ba53-b772c60b4902,2024,13,8,dino-beganovic,dams,Dallara F2 2024,Mecachrome F2
934eb008-a635-4338-ba53-b772c60b4902,2024,13,16,amaury-cordeel,hitech-racing,Dallara F2 2024,Mecachrome F2
934eb008-a635-4338-ba53-b772c60b4902,2024,13,17,paul-aron,hitech-racing,Dallara F2 2024,Mecachrome F2
934eb008-a635-4338-ba53-b772c60b4902,2024,13,9,kush-maini,invicta-racing,Dallara F2 2024,Mecachrome F2
934eb008-a635-4338-ba53-b772c60b4902,2024,13,10,gabriel-bortoleto,invicta-racing,Dallara F2 2024,Mecachrome F2
934eb008-a635-4338-ba53-b772c60b4902,2024,13,11,richard-verschoor,mp-motorsport,Dallara F2 2024,Mecachrome F2
934eb008-a635-4338-ba53-b772c60b4902,2024,13,12,oliver-goethe,mp-motorsport,Dallara F2 2024,Mecachrome F2
934eb008-a635-4338-ba53-b772c60b4902,2024,13,24,joshua-durksen,phm-racing,Dallara F2 2024,Mecachrome F2
934eb008-a635-4338-ba53-b772c60b4902,2024,13,25,cian-shields,phm-racing,Dallara F2 2024,Mecachrome F2
934eb008-a635-4338-ba53-b772c60b4902,2024,13,3,oliver-bearman,prema-racing,Dallara F2 2024,Mecachrome F2
934eb008-a635-4338-ba53-b772c60b4902,2024,13,4,andrea-kimi-antonelli,prema-racing,Dallara F2 2024,Mecachrome F2
934eb008-a635-4338-ba53-b772c60b4902,2024,13,5,zane-maloney,rodin-motorsport,Dallara F2 2024,Mecachrome F2
934eb008-a635-4338-ba53-b772c60b4902,2024,13,6,ritomo-miyata,rodin-motorsport,Dallara F2 2024,Mecachrome F2
934eb008-a635-4338-ba53-b772c60b4902,2024,13,22,maxwell-esterson,trident-motorsport,Dallara F2 2024,Mecachrome F2
934eb008-a635-4338-ba53-b772c60b4902,2024,13,23,christian-mansell,trident-motorsport,Dallara F2 2024,Mecachrome F2
87f8d3be-6e5b-4ac5-b113-f5d57a3c3397,2024,14,1,victor-martins,art-grand-prix,Dallara F2 2024,Mecachrome F2
87f8d3be-6e5b-4ac5-b113-f5d57a3c3397,2024,14,2,luke-browning,art-grand-prix,Dallara F2 2024,Mecachrome F2
87f8d3be-6e5b-4ac5-b113-f5d57a3c3397,2024,14,20,isack-hadjar,campos-racing,Dallara F2 2024,Mecachrome F2
87f8d3be-6e5b-4ac5-b113-f5d57a3c3397,2024,14,21,pepe-marti,campos-racing,Dallara F2 2024,Mecachrome F2
87f8d3be-6e5b-4ac5-b113-f5d57a3c3397,2024,14,7,jak-crawford,dams,Dallara F2 2024,Mecachrome F2
87f8d3be-6e5b-4ac5-b113-f5d57a3c3397,2024,14,8,dino-beganovic,dams,Dallara F2 2024,Mecachrome F2
87f8d3be-6e5b-4ac5-b113-f5d57a3c3397,2024,14,16,amaury-cordeel,hitech-racing,Dallara F2 2024,Mecachrome F2
87f8d3be-6e5b-4ac5-b113-f5d57a3c3397,2024,14,17,paul-aron,hitech-racing,Dallara F2 2024,Mecachrome F2
87f8d3be-6e5b-4ac5-b113-f5d57a3c3397,2024,14,9,kush-maini,invicta-racing,Dallara F2 2024,Mecachrome F2
87f8d3be-6e5b-4ac5-b113-f5d57a3c3397,2024,14,10,gabriel-bortoleto,invicta-racing,Dallara F2 2024,Mecachrome F2
87f8d3be-6e5b-4ac5-b113-f5d57a3c3397,2024,14,11,richard-verschoor,mp-motorsport,Dallara F2 2024,Mecachrome F2
87f8d3be-6e5b-4ac5-b113-f5d57a3c3397,2024,14,12,oliver-goethe,mp-motorsport,Dallara F2 2024,Mecachrome F2
87f8d3be-6e5b-4ac5-b113-f5d57a3c3397,2024,14,24,joshua-durksen,phm-racing,Dallara F2 2024,Mecachrome F2
87f8d3be-6e5b-4ac5-b113-f5d57a3c3397,2024,14,25,cian-shields,phm-racing,Dallara F2 2024,Mecachrome F2
87f8d3be-6e5b-4ac5-b113-f5d57a3c3397,2024,14,3,oliver-bearman,prema-racing,Dallara F2 2024,Mecachrome F2
87f8d3be-6e5b-4ac5-b113-f5d57a3c3397,2024,14,4,andrea-kimi-antonelli,prema-racing,Dallara F2 2024,Mecachrome F2
87f8d3be-6e5b-4ac5-b113-f5d57a3c3397,2024,14,5,leonardo-fornaroli,rodin-motorsport,Dallara F2 2024,Mecachrome F2
87f8d3be-6e5b-4ac5-b113-f5d57a3c3397,2024,14,6,ritomo-miyata,rodin-motorsport,Dallara F2 2024,Mecachrome F2
87f8d3be-6e5b-4ac5-b113-f5d57a3c3397,2024,14,22,maxwell-esterson,trident-motorsport,Dallara F2 2024,Mecachrome F2
87f8d3be-6e5b-4ac5-b113-f5d57a3c3397,2024,14,23,christian-mansell,trident-motorsport,Dallara F2 2024,Mecachrome F2
21bd4adc-f209-4c2c-9e1a-eeac4b6a753f,2025,1,20,joshua-durksen,phm-racing,Dallara F2 2024,Mecachrome F2
21bd4adc-f209-4c2c-9e1a-eeac4b6a753f,2025,1,21,cian-shields,phm-racing,Dallara F2 2024,Mecachrome F2
21bd4adc-f209-4c2c-9e1a-eeac4b6a753f,2025,1,14,victor-martins,art-grand-prix,Dallara F2 2024,Mecachrome F2
21bd4adc-f209-4c2c-9e1a-eeac4b6a753f,2025,1,15,ritomo-miyata,art-grand-prix,Dallara F2 2024,Mecachrome F2
21bd4adc-f209-4c2c-9e1a-eeac4b6a753f,2025,1,3,pepe-marti,campos-racing,Dallara F2 2024,Mecachrome F2
21bd4adc-f209-4c2c-9e1a-eeac4b6a753f,2025,1,4,arvid-lindblad,campos-racing,Dallara F2 2024,Mecachrome F2
21bd4adc-f209-4c2c-9e1a-eeac4b6a753f,2025,1,11,jak-crawford,dams,Dallara F2 2024,Mecachrome F2
21bd4adc-f209-4c2c-9e1a-eeac4b6a753f,2025,1,12,kush-maini,dams,Dallara F2 2024,Mecachrome F2
21bd4adc-f209-4c2c-9e1a-eeac4b6a753f,2025,1,7,luke-browning,hitech-racing,Dallara F2 2024,Mecachrome F2
21bd4adc-f209-4c2c-9e1a-eeac4b6a753f,2025,1,8,dino-beganovic,hitech-racing,Dallara F2 2024,Mecachrome F2
21bd4adc-f209-4c2c-9e1a-eeac4b6a753f,2025,1,1,leonardo-fornaroli,invicta-racing,Dallara F2 2024,Mecachrome F2
21bd4adc-f209-4c2c-9e1a-eeac4b6a753f,2025,1,2,roman-stanek,invicta-racing,Dallara F2 2024,Mecachrome F2
21bd4adc-f209-4c2c-9e1a-eeac4b6a753f,2025,1,5,oliver-goethe,mp-motorsport,Dallara F2 2024,Mecachrome F2
21bd4adc-f209-4c2c-9e1a-eeac4b6a753f,2025,1,6,richard-verschoor,mp-motorsport,Dallara F2 2024,Mecachrome F2
21bd4adc-f209-4c2c-9e1a-eeac4b6a753f,2025,1,9,sebastian-montoya,prema-racing,Dallara F2 2024,Mecachrome F2
21bd4adc-f209-4c2c-9e1a-eeac4b6a753f,2025,1,10,gabriele-mini,prema-racing,Dallara F2 2024,Mecachrome F2
21bd4adc-f209-4c2c-9e1a-eeac4b6a753f,2025,1,16,amaury-cordeel,rodin-motorsport,Dallara F2 2024,Mecachrome F2
21bd4adc-f209-4c2c-9e1a-eeac4b6a753f,2025,1,17,alex-dunne,rodin-motorsport,Dallara F2 2024,Mecachrome F2
21bd4adc-f209-4c2c-9e1a-eeac4b6a753f,2025,1,22,sami-meguetounif,trident-motorsport,Dallara F2 2024,Mecachrome F2
21bd4adc-f209-4c2c-9e1a-eeac4b6a753f,2025,1,23,maxwell-esterson,trident-motorsport,Dallara F2 2024,Mecachrome F2
4de71228-38a4-44dc-bfab-5ca687fa8ee9,2025,2,20,joshua-durksen,phm-racing,Dallara F2 2024,Mecachrome F2
4de71228-38a4-44dc-bfab-5ca687fa8ee9,2025,2,21,cian-shields,phm-racing,Dallara F2 2024,Mecachrome F2
4de71228-38a4-44dc-bfab-5ca687fa8ee9,2025,2,14,victor-martins,art-grand-prix,Dallara F2 2024,Mecachrome F2
4de71228-38a4-44dc-bfab-5ca687fa8ee9,2025,2,15,ritomo-miyata,art-grand-prix,Dallara F2 2024,Mecachrome F2
4de71228-38a4-44dc-bfab-5ca687fa8ee9,2025,2,3,pepe-marti,campos-racing,Dallara F2 2024,Mecachrome F2
4de71228-38a4-44dc-bfab-5ca687fa8ee9,2025,2,4,arvid-lindblad,campos-racing,Dallara F2 2024,Mecachrome F2
4de71228-38a4-44dc-bfab-5ca687fa8ee9,2025,2,11,jak-crawford,dams,Dallara F2 2024,Mecachrome F2
4de71228-38a4-44dc-bfab-5ca687fa8ee9,2025,2,12,kush-maini,dams,Dallara F2 2024,Mecachrome F2
4de71228-38a4-44dc-bfab-5ca687fa8ee9,2025,2,7,luke-browning,hitech-racing,Dallara F2 2024,Mecachrome F2
4de71228-38a4-44dc-bfab-5ca687fa8ee9,2025,2,8,dino-beganovic,hitech-racing,Dallara F2 2024,Mecachrome F2
4de71228-38a4-44dc-bfab-5ca687fa8ee9,2025,2,1,leonardo-fornaroli,invicta-racing,Dallara F2 2024,Mecachrome F2
4de71228-38a4-44dc-bfab-5ca687fa8ee9,2025,2,2,roman-stanek,invicta-racing,Dallara F2 2024,Mecachrome F2
4de71228-38a4-44dc-bfab-5ca687fa8ee9,2025,2,5,oliver-goethe,mp-motorsport,Dallara F2 2024,Mecachrome F2
4de71228-38a4-44dc-bfab-5ca687fa8ee9,2025,2,6,richard-verschoor,mp-motorsport,Dallara F2 2024,Mecachrome F2
4de71228-38a4-44dc-bfab-5ca687fa8ee9,2025,2,9,sebastian-montoya,prema-racing,Dallara F2 2024,Mecachrome F2
4de71228-38a4-44dc-bfab-5ca687fa8ee9,2025,2,10,gabriele-mini,prema-racing,Dallara F2 2024,Mecachrome F2
4de71228-38a4-44dc-bfab-5ca687fa8ee9,2025,2,16,amaury-cordeel,rodin-motorsport,Dallara F2 2024,Mecachrome F2
4de71228-38a4-44dc-bfab-5ca687fa8ee9,2025,2,17,alex-dunne,rodin-motorsport,Dallara F2 2024,Mecachrome F2
4de71228-38a4-44dc-bfab-5ca687fa8ee9,2025,2,22,sami-meguetounif,trident-motorsport,Dallara F2 2024,Mecachrome F2
4de71228-38a4-44dc-bfab-5ca687fa8ee9,2025,2,23,maxwell-esterson,trident-motorsport,Dallara F2 2024,Mecachrome F2
8e9aa1dd-89f7-44c4-bb68-429eea483329,2025,3,20,joshua-durksen,phm-racing,Dallara F2 2024,Mecachrome F2
8e9aa1dd-89f7-44c4-bb68-429eea483329,2025,3,21,cian-shields,phm-racing,Dallara F2 2024,Mecachrome F2
8e9aa1dd-89f7-44c4-bb68-429eea483329,2025,3,14,victor-martins,art-grand-prix,Dallara F2 2024,Mecachrome F2
8e9aa1dd-89f7-44c4-bb68-429eea483329,2025,3,15,ritomo-miyata,art-grand-prix,Dallara F2 2024,Mecachrome F2
8e9aa1dd-89f7-44c4-bb68-429eea483329,2025,3,3,pepe-marti,campos-racing,Dallara F2 2024,Mecachrome F2
8e9aa1dd-89f7-44c4-bb68-429eea483329,2025,3,4,arvid-lindblad,campos-racing,Dallara F2 2024,Mecachrome F2
8e9aa1dd-89f7-44c4-bb68-429eea483329,2025,3,11,jak-crawford,dams,Dallara F2 2024,Mecachrome F2
8e9aa1dd-89f7-44c4-bb68-429eea483329,2025,3,12,kush-maini,dams,Dallara F2 2024,Mecachrome F2
8e9aa1dd-89f7-44c4-bb68-429eea483329,2025,3,7,luke-browning,hitech-racing,Dallara F2 2024,Mecachrome F2
8e9aa1dd-89f7-44c4-bb68-429eea483329,2025,3,8,dino-beganovic,hitech-racing,Dallara F2 2024,Mecachrome F2
8e9aa1dd-89f7-44c4-bb68-429eea483329,2025,3,1,leonardo-fornaroli,invicta-racing,Dallara F2 2024,Mecachrome F2
8e9aa1dd-89f7-44c4-bb68-429eea483329,2025,3,2,roman-stanek,invicta-racing,Dallara F2 2024,Mecachrome F2
8e9aa1dd-89f7-44c4-bb68-429eea483329,2025,3,5,oliver-goethe,mp-motorsport,Dallara F2 2024,Mecachrome F2
8e9aa1dd-89f7-44c4-bb68-429eea483329,2025,3,6,richard-verschoor,mp-motorsport,Dallara F2 2024,Mecachrome F2
8e9aa1dd-89f7-44c4-bb68-429eea483329,2025,3,9,sebastian-montoya,prema-racing,Dallara F2 2024,Mecachrome F2
8e9aa1dd-89f7-44c4-bb68-429eea483329,2025,3,10,gabriele-mini,prema-racing,Dallara F2 2024,Mecachrome F2
8e9aa1dd-89f7-44c4-bb68-429eea483329,2025,3,16,amaury-cordeel,rodin-motorsport,Dallara F2 2024,Mecachrome F2
8e9aa1dd-89f7-44c4-bb68-429eea483329,2025,3,17,alex-dunne,rodin-motorsport,Dallara F2 2024,Mecachrome F2
8e9aa1dd-89f7-44c4-bb68-429eea483329,2025,3,22,sami-meguetounif,trident-motorsport,Dallara F2 2024,Mecachrome F2
8e9aa1dd-89f7-44c4-bb68-429eea483329,2025,3,23,maxwell-esterson,trident-motorsport,Dallara F2 2024,Mecachrome F2
492bf8fc-6c7f-416a-9c4b-41e4ef4be1fe,2025,4,20,joshua-durksen,phm-racing,Dallara F2 2024,Mecachrome F2
492bf8fc-6c7f-416a-9c4b-41e4ef4be1fe,2025,4,21,cian-shields,phm-racing,Dallara F2 2024,Mecachrome F2
492bf8fc-6c7f-416a-9c4b-41e4ef4be1fe,2025,4,14,victor-martins,art-grand-prix,Dallara F2 2024,Mecachrome F2
492bf8fc-6c7f-416a-9c4b-41e4ef4be1fe,2025,4,15,ritomo-miyata,art-grand-prix,Dallara F2 2024,Mecachrome F2
492bf8fc-6c7f-416a-9c4b-41e4ef4be1fe,2025,4,3,pepe-marti,campos-racing,Dallara F2 2024,Mecachrome F2
492bf8fc-6c7f-416a-9c4b-41e4ef4be1fe,2025,4,4,arvid-lindblad,campos-racing,Dallara F2 2024,Mecachrome F2
492bf8fc-6c7f-416a-9c4b-41e4ef4be1fe,2025,4,11,jak-crawford,dams,Dallara F2 2024,Mecachrome F2
492bf8fc-6c7f-416a-9c4b-41e4ef4be1fe,2025,4,12,kush-maini,dams,Dallara F2 2024,Mecachrome F2
492bf8fc-6c7f-416a-9c4b-41e4ef4be1fe,2025,4,7,luke-browning,hitech-racing,Dallara F2 2024,Mecachrome F2
492bf8fc-6c7f-416a-9c4b-41e4ef4be1fe,2025,4,8,dino-beganovic,hitech-racing,Dallara F2 2024,Mecachrome F2
492bf8fc-6c7f-416a-9c4b-41e4ef4be1fe,2025,4,1,leonardo-fornaroli,invicta-racing,Dallara F2 2024,Mecachrome F2
492bf8fc-6c7f-416a-9c4b-41e4ef4be1fe,2025,4,2,roman-stanek,invicta-racing,Dallara F2 2024,Mecachrome F2
492bf8fc-6c7f-416a-9c4b-41e4ef4be1fe,2025,4,5,oliver-goethe,mp-motorsport,Dallara F2 2024,Mecachrome F2
492bf8fc-6c7f-416a-9c4b-41e4ef4be1fe,2025,4,6,richard-verschoor,mp-motorsport,Dallara F2 2024,Mecachrome F2
492bf8fc-6c7f-416a-9c4b-41e4ef4be1fe,2025,4,9,sebastian-montoya,prema-racing,Dallara F2 2024,Mecachrome F2
492bf8fc-6c7f-416a-9c4b-41e4ef4be1fe,2025,4,10,gabriele-mini,prema-racing,Dallara F2 2024,Mecachrome F2
492bf8fc-6c7f-416a-9c4b-41e4ef4be1fe,2025,4,16,amaury-cordeel,rodin-motorsport,Dallara F2 2024,Mecachrome F2
492bf8fc-6c7f-416a-9c4b-41e4ef4be1fe,2025,4,17,alex-dunne,rodin-motorsport,Dallara F2 2024,Mecachrome F2
492bf8fc-6c7f-416a-9c4b-41e4ef4be1fe,2025,4,22,sami-meguetounif,trident-motorsport,Dallara F2 2024,Mecachrome F2
492bf8fc-6c7f-416a-9c4b-41e4ef4be1fe,2025,4,23,maxwell-esterson,trident-motorsport,Dallara F2 2024,Mecachrome F2
58d4e5f7-09cd-4c7a-a91b-2b36cd1316be,2025,5,20,joshua-durksen,phm-racing,Dallara F2 2024,Mecachrome F2
58d4e5f7-09cd-4c7a-a91b-2b36cd1316be,2025,5,21,cian-shields,phm-racing,Dallara F2 2024,Mecachrome F2
58d4e5f7-09cd-4c7a-a91b-2b36cd1316be,2025,5,14,victor-martins,art-grand-prix,Dallara F2 2024,Mecachrome F2
58d4e5f7-09cd-4c7a-a91b-2b36cd1316be,2025,5,15,ritomo-miyata,art-grand-prix,Dallara F2 2024,Mecachrome F2
58d4e5f7-09cd-4c7a-a91b-2b36cd1316be,2025,5,3,pepe-marti,campos-racing,Dallara F2 2024,Mecachrome F2
58d4e5f7-09cd-4c7a-a91b-2b36cd1316be,2025,5,4,arvid-lindblad,campos-racing,Dallara F2 2024,Mecachrome F2
58d4e5f7-09cd-4c7a-a91b-2b36cd1316be,2025,5,11,jak-crawford,dams,Dallara F2 2024,Mecachrome F2
58d4e5f7-09cd-4c7a-a91b-2b36cd1316be,2025,5,12,kush-maini,dams,Dallara F2 2024,Mecachrome F2
58d4e5f7-09cd-4c7a-a91b-2b36cd1316be,2025,5,7,luke-browning,hitech-racing,Dallara F2 2024,Mecachrome F2
58d4e5f7-09cd-4c7a-a91b-2b36cd1316be,2025,5,8,dino-beganovic,hitech-racing,Dallara F2 2024,Mecachrome F2
58d4e5f7-09cd-4c7a-a91b-2b36cd1316be,2025,5,1,leonardo-fornaroli,invicta-racing,Dallara F2 2024,Mecachrome F2
58d4e5f7-09cd-4c7a-a91b-2b36cd1316be,2025,5,2,roman-stanek,invicta-racing,Dallara F2 2024,Mecachrome F2
58d4e5f7-09cd-4c7a-a91b-2b36cd1316be,2025,5,5,oliver-goethe,mp-motorsport,Dallara F2 2024,Mecachrome F2
58d4e5f7-09cd-4c7a-a91b-2b36cd1316be,2025,5,6,richard-verschoor,mp-motorsport,Dallara F2 2024,Mecachrome F2
58d4e5f7-09cd-4c7a-a91b-2b36cd1316be,2025,5,9,sebastian-montoya,prema-racing,Dallara F2 2024,Mecachrome F2
58d4e5f7-09cd-4c7a-a91b-2b36cd1316be,2025,5,10,gabriele-mini,prema-racing,Dallara F2 2024,Mecachrome F2
58d4e5f7-09cd-4c7a-a91b-2b36cd1316be,2025,5,16,amaury-cordeel,rodin-motorsport,Dallara F2 2024,Mecachrome F2
58d4e5f7-09cd-4c7a-a91b-2b36cd1316be,2025,5,17,alex-dunne,rodin-motorsport,Dallara F2 2024,Mecachrome F2
58d4e5f7-09cd-4c7a-a91b-2b36cd1316be,2025,5,22,sami-meguetounif,trident-motorsport,Dallara F2 2024,Mecachrome F2
58d4e5f7-09cd-4c7a-a91b-2b36cd1316be,2025,5,23,maxwell-esterson,trident-motorsport,Dallara F2 2024,Mecachrome F2
a0006f0a-58ff-410f-83b9-dc2f14d908c4,2025,6,20,joshua-durksen,phm-racing,Dallara F2 2024,Mecachrome F2
a0006f0a-58ff-410f-83b9-dc2f14d908c4,2025,6,21,cian-shields,phm-racing,Dallara F2 2024,Mecachrome F2
a0006f0a-58ff-410f-83b9-dc2f14d908c4,2025,6,14,victor-martins,art-grand-prix,Dallara F2 2024,Mecachrome F2
a0006f0a-58ff-410f-83b9-dc2f14d908c4,2025,6,15,ritomo-miyata,art-grand-prix,Dallara F2 2024,Mecachrome F2
a0006f0a-58ff-410f-83b9-dc2f14d908c4,2025,6,3,pepe-marti,campos-racing,Dallara F2 2024,Mecachrome F2
a0006f0a-58ff-410f-83b9-dc2f14d908c4,2025,6,4,arvid-lindblad,campos-racing,Dallara F2 2024,Mecachrome F2
a0006f0a-58ff-410f-83b9-dc2f14d908c4,2025,6,11,jak-crawford,dams,Dallara F2 2024,Mecachrome F2
a0006f0a-58ff-410f-83b9-dc2f14d908c4,2025,6,12,kush-maini,dams,Dallara F2 2024,Mecachrome F2
a0006f0a-58ff-410f-83b9-dc2f14d908c4,2025,6,7,luke-browning,hitech-racing,Dallara F2 2024,Mecachrome F2
a0006f0a-58ff-410f-83b9-dc2f14d908c4,2025,6,8,dino-beganovic,hitech-racing,Dallara F2 2024,Mecachrome F2
a0006f0a-58ff-410f-83b9-dc2f14d908c4,2025,6,1,leonardo-fornaroli,invicta-racing,Dallara F2 2024,Mecachrome F2
a0006f0a-58ff-410f-83b9-dc2f14d908c4,2025,6,2,roman-stanek,invicta-racing,Dallara F2 2024,Mecachrome F2
a0006f0a-58ff-410f-83b9-dc2f14d908c4,2025,6,5,oliver-goethe,mp-motorsport,Dallara F2 2024,Mecachrome F2
a0006f0a-58ff-410f-83b9-dc2f14d908c4,2025,6,6,richard-verschoor,mp-motorsport,Dallara F2 2024,Mecachrome F2
a0006f0a-58ff-410f-83b9-dc2f14d908c4,2025,6,9,sebastian-montoya,prema-racing,Dallara F2 2024,Mecachrome F2
a0006f0a-58ff-410f-83b9-dc2f14d908c4,2025,6,10,gabriele-mini,prema-racing,Dallara F2 2024,Mecachrome F2
a0006f0a-58ff-410f-83b9-dc2f14d908c4,2025,6,16,amaury-cordeel,rodin-motorsport,Dallara F2 2024,Mecachrome F2
a0006f0a-58ff-410f-83b9-dc2f14d908c4,2025,6,17,alex-dunne,rodin-motorsport,Dallara F2 2024,Mecachrome F2
a0006f0a-58ff-410f-83b9-dc2f14d908c4,2025,6,22,sami-meguetounif,trident-motorsport,Dallara F2 2024,Mecachrome F2
a0006f0a-58ff-410f-83b9-dc2f14d908c4,2025,6,23,maxwell-esterson,trident-motorsport,Dallara F2 2024,Mecachrome F2
e5d69823-a80d-4829-aa92-5f225880770f,2025,7,20,joshua-durksen,phm-racing,Dallara F2 2024,Mecachrome F2
e5d69823-a80d-4829-aa92-5f225880770f,2025,7,21,cian-shields,phm-racing,Dallara F2 2024,Mecachrome F2
e5d69823-a80d-4829-aa92-5f225880770f,2025,7,14,victor-martins,art-grand-prix,Dallara F2 2024,Mecachrome F2
e5d69823-a80d-4829-aa92-5f225880770f,2025,7,15,ritomo-miyata,art-grand-prix,Dallara F2 2024,Mecachrome F2
e5d69823-a80d-4829-aa92-5f225880770f,2025,7,3,pepe-marti,campos-racing,Dallara F2 2024,Mecachrome F2
e5d69823-a80d-4829-aa92-5f225880770f,2025,7,4,arvid-lindblad,campos-racing,Dallara F2 2024,Mecachrome F2
e5d69823-a80d-4829-aa92-5f225880770f,2025,7,11,jak-crawford,dams,Dallara F2 2024,Mecachrome F2
e5d69823-a80d-4829-aa92-5f225880770f,2025,7,12,kush-maini,dams,Dallara F2 2024,Mecachrome F2
e5d69823-a80d-4829-aa92-5f225880770f,2025,7,7,luke-browning,hitech-racing,Dallara F2 2024,Mecachrome F2
e5d69823-a80d-4829-aa92-5f225880770f,2025,7,8,dino-beganovic,hitech-racing,Dallara F2 2024,Mecachrome F2
e5d69823-a80d-4829-aa92-5f225880770f,2025,7,1,leonardo-fornaroli,invicta-racing,Dallara F2 2024,Mecachrome F2
e5d69823-a80d-4829-aa92-5f225880770f,2025,7,2,roman-stanek,invicta-racing,Dallara F2 2024,Mecachrome F2
e5d69823-a80d-4829-aa92-5f225880770f,2025,7,5,oliver-goethe,mp-motorsport,Dallara F2 2024,Mecachrome F2
e5d69823-a80d-4829-aa92-5f225880770f,2025,7,6,richard-verschoor,mp-motorsport,Dallara F2 2024,Mecachrome F2
e5d69823-a80d-4829-aa92-5f225880770f,2025,7,9,sebastian-montoya,prema-racing,Dallara F2 2024,Mecachrome F2
e5d69823-a80d-4829-aa92-5f225880770f,2025,7,10,gabriele-mini,prema-racing,Dallara F2 2024,Mecachrome F2
e5d69823-a80d-4829-aa92-5f225880770f,2025,7,16,amaury-cordeel,rodin-motorsport,Dallara F2 2024,Mecachrome F2
e5d69823-a80d-4829-aa92-5f225880770f,2025,7,17,alex-dunne,rodin-motorsport,Dallara F2 2024,Mecachrome F2
e5d69823-a80d-4829-aa92-5f225880770f,2025,7,22,sami-meguetounif,trident-motorsport,Dallara F2 2024,Mecachrome F2
e5d69823-a80d-4829-aa92-5f225880770f,2025,7,23,maxwell-esterson,trident-motorsport,Dallara F2 2024,Mecachrome F2
a57a2e66-56c8-4f8c-a5ad-a7042d63566b,2025,8,20,joshua-durksen,phm-racing,Dallara F2 2024,Mecachrome F2
a57a2e66-56c8-4f8c-a5ad-a7042d63566b,2025,8,21,cian-shields,phm-racing,Dallara F2 2024,Mecachrome F2
a57a2e66-56c8-4f8c-a5ad-a7042d63566b,2025,8,14,victor-martins,art-grand-prix,Dallara F2 2024,Mecachrome F2
a57a2e66-56c8-4f8c-a5ad-a7042d63566b,2025,8,15,ritomo-miyata,art-grand-prix,Dallara F2 2024,Mecachrome F2
a57a2e66-56c8-4f8c-a5ad-a7042d63566b,2025,8,3,pepe-marti,campos-racing,Dallara F2 2024,Mecachrome F2
a57a2e66-56c8-4f8c-a5ad-a7042d63566b,2025,8,4,arvid-lindblad,campos-racing,Dallara F2 2024,Mecachrome F2
a57a2e66-56c8-4f8c-a5ad-a7042d63566b,2025,8,11,jak-crawford,dams,Dallara F2 2024,Mecachrome F2
a57a2e66-56c8-4f8c-a5ad-a7042d63566b,2025,8,12,kush-maini,dams,Dallara F2 2024,Mecachrome F2
a57a2e66-56c8-4f8c-a5ad-a7042d63566b,2025,8,7,luke-browning,hitech-racing,Dallara F2 2024,Mecachrome F2
a57a2e66-56c8-4f8c-a5ad-a7042d63566b,2025,8,8,dino-beganovic,hitech-racing,Dallara F2 2024,Mecachrome F2
a57a2e66-56c8-4f8c-a5ad-a7042d63566b,2025,8,1,leonardo-fornaroli,invicta-racing,Dallara F2 2024,Mecachrome F2
a57a2e66-56c8-4f8c-a5ad-a7042d63566b,2025,8,2,roman-stanek,invicta-racing,Dallara F2 2024,Mecachrome F2
a57a2e66-56c8-4f8c-a5ad-a7042d63566b,2025,8,5,oliver-goethe,mp-motorsport,Dallara F2 2024,Mecachrome F2
a57a2e66-56c8-4f8c-a5ad-a7042d63566b,2025,8,6,richard-verschoor,mp-motorsport,Dallara F2 2024,Mecachrome F2
a57a2e66-56c8-4f8c-a5ad-a7042d63566b,2025,8,9,sebastian-montoya,prema-racing,Dallara F2 2024,Mecachrome F2
a57a2e66-56c8-4f8c-a5ad-a7042d63566b,2025,8,10,gabriele-mini,prema-racing,Dallara F2 2024,Mecachrome F2
a57a2e66-56c8-4f8c-a5ad-a7042d63566b,2025,8,16,amaury-cordeel,rodin-motorsport,Dallara F2 2024,Mecachrome F2
a57a2e66-56c8-4f8c-a5ad-a7042d63566b,2025,8,17,alex-dunne,rodin-motorsport,Dallara F2 2024,Mecachrome F2
a57a2e66-56c8-4f8c-a5ad-a7042d63566b,2025,8,22,sami-meguetounif,trident-motorsport,Dallara F2 2024,Mecachrome F2
a57a2e66-56c8-4f8c-a5ad-a7042d63566b,2025,8,23,maxwell-esterson,trident-motorsport,Dallara F2 2024,Mecachrome F2
e2100488-d6ac-499e-ae4b-3b72d6cf1734,2025,9,20,joshua-durksen,phm-racing,Dallara F2 2024,Mecachrome F2
e2100488-d6ac-499e-ae4b-3b72d6cf1734,2025,9,21,cian-shields,phm-racing,Dallara F2 2024,Mecachrome F2
e2100488-d6ac-499e-ae4b-3b72d6cf1734,2025,9,14,victor-martins,art-grand-prix,Dallara F2 2024,Mecachrome F2
e2100488-d6ac-499e-ae4b-3b72d6cf1734,2025,9,15,ritomo-miyata,art-grand-prix,Dallara F2 2024,Mecachrome F2
e2100488-d6ac-499e-ae4b-3b72d6cf1734,2025,9,3,pepe-marti,campos-racing,Dallara F2 2024,Mecachrome F2
e2100488-d6ac-499e-ae4b-3b72d6cf1734,2025,9,4,arvid-lindblad,campos-racing,Dallara F2 2024,Mecachrome F2
e2100488-d6ac-499e-ae4b-3b72d6cf1734,2025,9,11,jak-crawford,dams,Dallara F2 2024,Mecachrome F2
e2100488-d6ac-499e-ae4b-3b72d6cf1734,2025,9,12,kush-maini,dams,Dallara F2 2024,Mecachrome F2
e2100488-d6ac-499e-ae4b-3b72d6cf1734,2025,9,7,luke-browning,hitech-racing,Dallara F2 2024,Mecachrome F2
e2100488-d6ac-499e-ae4b-3b72d6cf1734,2025,9,8,dino-beganovic,hitech-racing,Dallara F2 2024,Mecachrome F2
e2100488-d6ac-499e-ae4b-3b72d6cf1734,2025,9,1,leonardo-fornaroli,invicta-racing,Dallara F2 2024,Mecachrome F2
e2100488-d6ac-499e-ae4b-3b72d6cf1734,2025,9,2,roman-stanek,invicta-racing,Dallara F2 2024,Mecachrome F2
e2100488-d6ac-499e-ae4b-3b72d6cf1734,2025,9,5,oliver-goethe,mp-motorsport,Dallara F2 2024,Mecachrome F2
e2100488-d6ac-499e-ae4b-3b72d6cf1734,2025,9,6,richard-verschoor,mp-motorsport,Dallara F2 2024,Mecachrome F2
e2100488-d6ac-499e-ae4b-3b72d6cf1734,2025,9,9,sebastian-montoya,prema-racing,Dallara F2 2024,Mecachrome F2
e2100488-d6ac-499e-ae4b-3b72d6cf1734,2025,9,10,gabriele-mini,prema-racing,Dallara F2 2024,Mecachrome F2
e2100488-d6ac-499e-ae4b-3b72d6cf1734,2025,9,16,amaury-cordeel,rodin-motorsport,Dallara F2 2024,Mecachrome F2
e2100488-d6ac-499e-ae4b-3b72d6cf1734,2025,9,17,alex-dunne,rodin-motorsport,Dallara F2 2024,Mecachrome F2
e2100488-d6ac-499e-ae4b-3b72d6cf1734,2025,9,22,sami-meguetounif,trident-motorsport,Dallara F2 2024,Mecachrome F2
e2100488-d6ac-499e-ae4b-3b72d6cf1734,2025,9,23,maxwell-esterson,trident-motorsport,Dallara F2 2024,Mecachrome F2
82c79647-d5d7-4ff2-803d-fe49d16dc8e4,2025,10,20,joshua-durksen,phm-racing,Dallara F2 2024,Mecachrome F2
82c79647-d5d7-4ff2-803d-fe49d16dc8e4,2025,10,21,cian-shields,phm-racing,Dallara F2 2024,Mecachrome F2
82c79647-d5d7-4ff2-803d-fe49d16dc8e4,2025,10,14,victor-martins,art-grand-prix,Dallara F2 2024,Mecachrome F2
82c79647-d5d7-4ff2-803d-fe49d16dc8e4,2025,10,15,ritomo-miyata,art-grand-prix,Dallara F2 2024,Mecachrome F2
82c79647-d5d7-4ff2-803d-fe49d16dc8e4,2025,10,3,pepe-marti,campos-racing,Dallara F2 2024,Mecachrome F2
82c79647-d5d7-4ff2-803d-fe49d16dc8e4,2025,10,4,arvid-lindblad,campos-racing,Dallara F2 2024,Mecachrome F2
82c79647-d5d7-4ff2-803d-fe49d16dc8e4,2025,10,11,jak-crawford,dams,Dallara F2 2024,Mecachrome F2
82c79647-d5d7-4ff2-803d-fe49d16dc8e4,2025,10,12,kush-maini,dams,Dallara F2 2024,Mecachrome F2
82c79647-d5d7-4ff2-803d-fe49d16dc8e4,2025,10,7,luke-browning,hitech-racing,Dallara F2 2024,Mecachrome F2
82c79647-d5d7-4ff2-803d-fe49d16dc8e4,2025,10,8,dino-beganovic,hitech-racing,Dallara F2 2024,Mecachrome F2
82c79647-d5d7-4ff2-803d-fe49d16dc8e4,2025,10,1,leonardo-fornaroli,invicta-racing,Dallara F2 2024,Mecachrome F2
82c79647-d5d7-4ff2-803d-fe49d16dc8e4,2025,10,2,roman-stanek,invicta-racing,Dallara F2 2024,Mecachrome F2
82c79647-d5d7-4ff2-803d-fe49d16dc8e4,2025,10,5,oliver-goethe,mp-motorsport,Dallara F2 2024,Mecachrome F2
82c79647-d5d7-4ff2-803d-fe49d16dc8e4,2025,10,6,richard-verschoor,mp-motorsport,Dallara F2 2024,Mecachrome F2
82c79647-d5d7-4ff2-803d-fe49d16dc8e4,2025,10,9,sebastian-montoya,prema-racing,Dallara F2 2024,Mecachrome F2
82c79647-d5d7-4ff2-803d-fe49d16dc8e4,2025,10,10,gabriele-mini,prema-racing,Dallara F2 2024,Mecachrome F2
82c79647-d5d7-4ff2-803d-fe49d16dc8e4,2025,10,16,amaury-cordeel,rodin-motorsport,Dallara F2 2024,Mecachrome F2
82c79647-d5d7-4ff2-803d-fe49d16dc8e4,2025,10,17,alex-dunne,rodin-motorsport,Dallara F2 2024,Mecachrome F2
82c79647-d5d7-4ff2-803d-fe49d16dc8e4,2025,10,22,sami-meguetounif,trident-motorsport,Dallara F2 2024,Mecachrome F2
82c79647-d5d7-4ff2-803d-fe49d16dc8e4,2025,10,23,maxwell-esterson,trident-motorsport,Dallara F2 2024,Mecachrome F2
10d7bb89-2029-4717-9f70-357aedf20a07,2025,11,20,joshua-durksen,phm-racing,Dallara F2 2024,Mecachrome F2
10d7bb89-2029-4717-9f70-357aedf20a07,2025,11,21,cian-shields,phm-racing,Dallara F2 2024,Mecachrome F2
10d7bb89-2029-4717-9f70-357aedf20a07,2025,11,14,victor-martins,art-grand-prix,Dallara F2 2024,Mecachrome F2
10d7bb89-2029-4717-9f70-357aedf20a07,2025,11,15,ritomo-miyata,art-grand-prix,Dallara F2 2024,Mecachrome F2
10d7bb89-2029-4717-9f70-357aedf20a07,2025,11,3,pepe-marti,campos-racing,Dallara F2 2024,Mecachrome F2
10d7bb89-2029-4717-9f70-357aedf20a07,2025,11,4,arvid-lindblad,campos-racing,Dallara F2 2024,Mecachrome F2
10d7bb89-2029-4717-9f70-357aedf20a07,2025,11,11,jak-crawford,dams,Dallara F2 2024,Mecachrome F2
10d7bb89-2029-4717-9f70-357aedf20a07,2025,11,12,kush-maini,dams,Dallara F2 2024,Mecachrome F2
10d7bb89-2029-4717-9f70-357aedf20a07,2025,11,7,luke-browning,hitech-racing,Dallara F2 2024,Mecachrome F2
10d7bb89-2029-4717-9f70-357aedf20a07,2025,11,8,dino-beganovic,hitech-racing,Dallara F2 2024,Mecachrome F2
10d7bb89-2029-4717-9f70-357aedf20a07,2025,11,1,leonardo-fornaroli,invicta-racing,Dallara F2 2024,Mecachrome F2
10d7bb89-2029-4717-9f70-357aedf20a07,2025,11,2,roman-stanek,invicta-racing,Dallara F2 2024,Mecachrome F2
10d7bb89-2029-4717-9f70-357aedf20a07,2025,11,5,oliver-goethe,mp-motorsport,Dallara F2 2024,Mecachrome F2
10d7bb89-2029-4717-9f70-357aedf20a07,2025,11,6,richard-verschoor,mp-motorsport,Dallara F2 2024,Mecachrome F2
10d7bb89-2029-4717-9f70-357aedf20a07,2025,11,9,sebastian-montoya,prema-racing,Dallara F2 2024,Mecachrome F2
10d7bb89-2029-4717-9f70-357aedf20a07,2025,11,10,gabriele-mini,prema-racing,Dallara F2 2024,Mecachrome F2
10d7bb89-2029-4717-9f70-357aedf20a07,2025,11,16,amaury-cordeel,rodin-motorsport,Dallara F2 2024,Mecachrome F2
10d7bb89-2029-4717-9f70-357aedf20a07,2025,11,17,alex-dunne,rodin-motorsport,Dallara F2 2024,Mecachrome F2
10d7bb89-2029-4717-9f70-357aedf20a07,2025,11,22,sami-meguetounif,trident-motorsport,Dallara F2 2024,Mecachrome F2
10d7bb89-2029-4717-9f70-357aedf20a07,2025,11,23,maxwell-esterson,trident-motorsport,Dallara F2 2024,Mecachrome F2
029cb890-bf31-494d-bdf2-08f07b40b2f1,2025,12,20,joshua-durksen,phm-racing,Dallara F2 2024,Mecachrome F2
029cb890-bf31-494d-bdf2-08f07b40b2f1,2025,12,21,cian-shields,phm-racing,Dallara F2 2024,Mecachrome F2
029cb890-bf31-494d-bdf2-08f07b40b2f1,2025,12,14,victor-martins,art-grand-prix,Dallara F2 2024,Mecachrome F2
029cb890-bf31-494d-bdf2-08f07b40b2f1,2025,12,15,ritomo-miyata,art-grand-prix,Dallara F2 2024,Mecachrome F2
029cb890-bf31-494d-bdf2-08f07b40b2f1,2025,12,3,pepe-marti,campos-racing,Dallara F2 2024,Mecachrome F2
029cb890-bf31-494d-bdf2-08f07b40b2f1,2025,12,4,arvid-lindblad,campos-racing,Dallara F2 2024,Mecachrome F2
029cb890-bf31-494d-bdf2-08f07b40b2f1,2025,12,11,jak-crawford,dams,Dallara F2 2024,Mecachrome F2
029cb890-bf31-494d-bdf2-08f07b40b2f1,2025,12,12,kush-maini,dams,Dallara F2 2024,Mecachrome F2
029cb890-bf31-494d-bdf2-08f07b40b2f1,2025,12,7,luke-browning,hitech-racing,Dallara F2 2024,Mecachrome F2
029cb890-bf31-494d-bdf2-08f07b40b2f1,2025,12,8,dino-beganovic,hitech-racing,Dallara F2 2024,Mecachrome F2
029cb890-bf31-494d-bdf2-08f07b40b2f1,2025,12,1,leonardo-fornaroli,invicta-racing,Dallara F2 2024,Mecachrome F2
029cb890-bf31-494d-bdf2-08f07b40b2f1,2025,12,2,roman-stanek,invicta-racing,Dallara F2 2024,Mecachrome F2
029cb890-bf31-494d-bdf2-08f07b40b2f1,2025,12,5,oliver-goethe,mp-motorsport,Dallara F2 2024,Mecachrome F2
029cb890-bf31-494d-bdf2-08f07b40b2f1,2025,12,6,richard-verschoor,mp-motorsport,Dallara F2 2024,Mecachrome F2
029cb890-bf31-494d-bdf2-08f07b40b2f1,2025,12,9,sebastian-montoya,prema-racing,Dallara F2 2024,Mecachrome F2
029cb890-bf31-494d-bdf2-08f07b40b2f1,2025,12,10,gabriele-mini,prema-racing,Dallara F2 2024,Mecachrome F2
029cb890-bf31-494d-bdf2-08f07b40b2f1,2025,12,16,amaury-cordeel,rodin-motorsport,Dallara F2 2024,Mecachrome F2
029cb890-bf31-494d-bdf2-08f07b40b2f1,2025,12,17,alex-dunne,rodin-motorsport,Dallara F2 2024,Mecachrome F2
029cb890-bf31-494d-bdf2-08f07b40b2f1,2025,12,22,laurens-van-hoepen,trident-motorsport,Dallara F2 2024,Mecachrome F2
029cb890-bf31-494d-bdf2-08f07b40b2f1,2025,12,23,martinius-stenshorne,trident-motorsport,Dallara F2 2024,Mecachrome F2
7de4f609-e1e5-477f-98f1-10b9e434b885,2025,13,20,joshua-durksen,phm-racing,Dallara F2 2024,Mecachrome F2
7de4f609-e1e5-477f-98f1-10b9e434b885,2025,13,21,cian-shields,phm-racing,Dallara F2 2024,Mecachrome F2
7de4f609-e1e5-477f-98f1-10b9e434b885,2025,13,14,victor-martins,art-grand-prix,Dallara F2 2024,Mecachrome F2
7de4f609-e1e5-477f-98f1-10b9e434b885,2025,13,15,ritomo-miyata,art-grand-prix,Dallara F2 2024,Mecachrome F2
7de4f609-e1e5-477f-98f1-10b9e434b885,2025,13,3,nikola-tsolov,campos-racing,Dallara F2 2024,Mecachrome F2
7de4f609-e1e5-477f-98f1-10b9e434b885,2025,13,4,arvid-lindblad,campos-racing,Dallara F2 2024,Mecachrome F2
7de4f609-e1e5-477f-98f1-10b9e434b885,2025,13,11,jak-crawford,dams,Dallara F2 2024,Mecachrome F2
7de4f609-e1e5-477f-98f1-10b9e434b885,2025,13,12,kush-maini,dams,Dallara F2 2024,Mecachrome F2
7de4f609-e1e5-477f-98f1-10b9e434b885,2025,13,7,luke-browning,hitech-racing,Dallara F2 2024,Mecachrome F2
7de4f609-e1e5-477f-98f1-10b9e434b885,2025,13,8,dino-beganovic,hitech-racing,Dallara F2 2024,Mecachrome F2
7de4f609-e1e5-477f-98f1-10b9e434b885,2025,13,1,leonardo-fornaroli,invicta-racing,Dallara F2 2024,Mecachrome F2
7de4f609-e1e5-477f-98f1-10b9e434b885,2025,13,2,roman-stanek,invicta-racing,Dallara F2 2024,Mecachrome F2
7de4f609-e1e5-477f-98f1-10b9e434b885,2025,13,5,oliver-goethe,mp-motorsport,Dallara F2 2024,Mecachrome F2
7de4f609-e1e5-477f-98f1-10b9e434b885,2025,13,6,richard-verschoor,mp-motorsport,Dallara F2 2024,Mecachrome F2
7de4f609-e1e5-477f-98f1-10b9e434b885,2025,13,9,sebastian-montoya,prema-racing,Dallara F2 2024,Mecachrome F2
7de4f609-e1e5-477f-98f1-10b9e434b885,2025,13,10,gabriele-mini,prema-racing,Dallara F2 2024,Mecachrome F2
7de4f609-e1e5-477f-98f1-10b9e434b885,2025,13,16,martinius-stenshorne,rodin-motorsport,Dallara F2 2024,Mecachrome F2
7de4f609-e1e5-477f-98f1-10b9e434b885,2025,13,17,alex-dunne,rodin-motorsport,Dallara F2 2024,Mecachrome F2
7de4f609-e1e5-477f-98f1-10b9e434b885,2025,13,22,laurens-van-hoepen,trident-motorsport,Dallara F2 2024,Mecachrome F2
7de4f609-e1e5-477f-98f1-10b9e434b885,2025,13,23,james-wharton,trident-motorsport,Dallara F2 2024,Mecachrome F2
cc39b84f-2a59-4bb6-b5c8-2153a058015d,2025,14,20,joshua-durksen,phm-racing,Dallara F2 2024,Mecachrome F2
cc39b84f-2a59-4bb6-b5c8-2153a058015d,2025,14,21,cian-shields,phm-racing,Dallara F2 2024,Mecachrome F2
cc39b84f-2a59-4bb6-b5c8-2153a058015d,2025,14,14,victor-martins,art-grand-prix,Dallara F2 2024,Mecachrome F2
cc39b84f-2a59-4bb6-b5c8-2153a058015d,2025,14,15,ritomo-miyata,art-grand-prix,Dallara F2 2024,Mecachrome F2
cc39b84f-2a59-4bb6-b5c8-2153a058015d,2025,14,3,nikola-tsolov,campos-racing,Dallara F2 2024,Mecachrome F2
cc39b84f-2a59-4bb6-b5c8-2153a058015d,2025,14,4,arvid-lindblad,campos-racing,Dallara F2 2024,Mecachrome F2
cc39b84f-2a59-4bb6-b5c8-2153a058015d,2025,14,11,jak-crawford,dams,Dallara F2 2024,Mecachrome F2
cc39b84f-2a59-4bb6-b5c8-2153a058015d,2025,14,12,kush-maini,dams,Dallara F2 2024,Mecachrome F2
cc39b84f-2a59-4bb6-b5c8-2153a058015d,2025,14,7,luke-browning,hitech-racing,Dallara F2 2024,Mecachrome F2
cc39b84f-2a59-4bb6-b5c8-2153a058015d,2025,14,8,dino-beganovic,hitech-racing,Dallara F2 2024,Mecachrome F2
cc39b84f-2a59-4bb6-b5c8-2153a058015d,2025,14,1,leonardo-fornaroli,invicta-racing,Dallara F2 2024,Mecachrome F2
cc39b84f-2a59-4bb6-b5c8-2153a058015d,2025,14,2,roman-stanek,invicta-racing,Dallara F2 2024,Mecachrome F2
cc39b84f-2a59-4bb6-b5c8-2153a058015d,2025,14,5,oliver-goethe,mp-motorsport,Dallara F2 2024,Mecachrome F2
cc39b84f-2a59-4bb6-b5c8-2153a058015d,2025,14,6,richard-verschoor,mp-motorsport,Dallara F2 2024,Mecachrome F2
cc39b84f-2a59-4bb6-b5c8-2153a058015d,2025,14,9,sebastian-montoya,prema-racing,Dallara F2 2024,Mecachrome F2
cc39b84f-2a59-4bb6-b5c8-2153a058015d,2025,14,10,gabriele-mini,prema-racing,Dallara F2 2024,Mecachrome F2
cc39b84f-2a59-4bb6-b5c8-2153a058015d,2025,14,16,martinius-stenshorne,rodin-motorsport,Dallara F2 2024,Mecachrome F2
cc39b84f-2a59-4bb6-b5c8-2153a058015d,2025,14,17,alex-dunne,rodin-motorsport,Dallara F2 2024,Mecachrome F2
cc39b84f-2a59-4bb6-b5c8-2153a058015d,2025,14,22,laurens-van-hoepen,trident-motorsport,Dallara F2 2024,Mecachrome F2
cc39b84f-2a59-4bb6-b5c8-2153a058015d,2025,14,23,tasanapol-inthraphuvasak,trident-motorsport,Dallara F2 2024,Mecachrome F2
3f688f6d-9907-462c-a8a0-4eb71f140d80,2026,1,20,emerson-fanucchi-fittipaldi-jr,phm-racing,Dallara F2 2024,Mecachrome F2
3f688f6d-9907-462c-a8a0-4eb71f140d80,2026,1,21,cian-shields,phm-racing,Dallara F2 2024,Mecachrome F2
3f688f6d-9907-462c-a8a0-4eb71f140d80,2026,1,16,kush-maini,art-grand-prix,Dallara F2 2024,Mecachrome F2
3f688f6d-9907-462c-a8a0-4eb71f140d80,2026,1,17,tasanapol-inthraphuvasak,art-grand-prix,Dallara F2 2024,Mecachrome F2
3f688f6d-9907-462c-a8a0-4eb71f140d80,2026,1,5,noel-leon,campos-racing,Dallara F2 2024,Mecachrome F2
3f688f6d-9907-462c-a8a0-4eb71f140d80,2026,1,6,nikola-tsolov,campos-racing,Dallara F2 2024,Mecachrome F2
3f688f6d-9907-462c-a8a0-4eb71f140d80,2026,1,7,dino-beganovic,dams,Dallara F2 2024,Mecachrome F2
3f688f6d-9907-462c-a8a0-4eb71f140d80,2026,1,8,roman-bilinski,dams,Dallara F2 2024,Mecachrome F2
3f688f6d-9907-462c-a8a0-4eb71f140d80,2026,1,3,ritomo-miyata,hitech-racing,Dallara F2 2024,Mecachrome F2
3f688f6d-9907-462c-a8a0-4eb71f140d80,2026,1,4,colton-herta,hitech-racing,Dallara F2 2024,Mecachrome F2
3f688f6d-9907-462c-a8a0-4eb71f140d80,2026,1,1,rafael-camara,invicta-racing,Dallara F2 2024,Mecachrome F2
3f688f6d-9907-462c-a8a0-4eb71f140d80,2026,1,2,joshua-durksen,invicta-racing,Dallara F2 2024,Mecachrome F2
3f688f6d-9907-462c-a8a0-4eb71f140d80,2026,1,9,gabriele-mini,mp-motorsport,Dallara F2 2024,Mecachrome F2
3f688f6d-9907-462c-a8a0-4eb71f140d80,2026,1,10,oliver-goethe,mp-motorsport,Dallara F2 2024,Mecachrome F2
3f688f6d-9907-462c-a8a0-4eb71f140d80,2026,1,11,sebastian-montoya,prema-racing,Dallara F2 2024,Mecachrome F2
3f688f6d-9907-462c-a8a0-4eb71f140d80,2026,1,12,mari-boya,prema-racing,Dallara F2 2024,Mecachrome F2
3f688f6d-9907-462c-a8a0-4eb71f140d80,2026,1,14,martinius-stenshorne,rodin-motorsport,Dallara F2 2024,Mecachrome F2
3f688f6d-9907-462c-a8a0-4eb71f140d80,2026,1,15,alex-dunne,rodin-motorsport,Dallara F2 2024,Mecachrome F2
3f688f6d-9907-462c-a8a0-4eb71f140d80,2026,1,24,laurens-van-hoepen,trident-motorsport,Dallara F2 2024,Mecachrome F2
3f688f6d-9907-462c-a8a0-4eb71f140d80,2026,1,25,john-bennett,trident-motorsport,Dallara F2 2024,Mecachrome F2
215440cc-d273-4d46-8eff-95c43acc7d12,2026,2,20,emerson-fanucchi-fittipaldi-jr,phm-racing,Dallara F2 2024,Mecachrome F2
215440cc-d273-4d46-8eff-95c43acc7d12,2026,2,21,cian-shields,phm-racing,Dallara F2 2024,Mecachrome F2
215440cc-d273-4d46-8eff-95c43acc7d12,2026,2,16,kush-maini,art-grand-prix,Dallara F2 2024,Mecachrome F2
215440cc-d273-4d46-8eff-95c43acc7d12,2026,2,17,tasanapol-inthraphuvasak,art-grand-prix,Dallara F2 2024,Mecachrome F2
215440cc-d273-4d46-8eff-95c43acc7d12,2026,2,5,noel-leon,campos-racing,Dallara F2 2024,Mecachrome F2
215440cc-d273-4d46-8eff-95c43acc7d12,2026,2,6,nikola-tsolov,campos-racing,Dallara F2 2024,Mecachrome F2
215440cc-d273-4d46-8eff-95c43acc7d12,2026,2,7,dino-beganovic,dams,Dallara F2 2024,Mecachrome F2
215440cc-d273-4d46-8eff-95c43acc7d12,2026,2,8,roman-bilinski,dams,Dallara F2 2024,Mecachrome F2
215440cc-d273-4d46-8eff-95c43acc7d12,2026,2,3,ritomo-miyata,hitech-racing,Dallara F2 2024,Mecachrome F2
215440cc-d273-4d46-8eff-95c43acc7d12,2026,2,4,colton-herta,hitech-racing,Dallara F2 2024,Mecachrome F2
215440cc-d273-4d46-8eff-95c43acc7d12,2026,2,1,rafael-camara,invicta-racing,Dallara F2 2024,Mecachrome F2
215440cc-d273-4d46-8eff-95c43acc7d12,2026,2,2,joshua-durksen,invicta-racing,Dallara F2 2024,Mecachrome F2
215440cc-d273-4d46-8eff-95c43acc7d12,2026,2,9,gabriele-mini,mp-motorsport,Dallara F2 2024,Mecachrome F2
215440cc-d273-4d46-8eff-95c43acc7d12,2026,2,10,oliver-goethe,mp-motorsport,Dallara F2 2024,Mecachrome F2
215440cc-d273-4d46-8eff-95c43acc7d12,2026,2,11,sebastian-montoya,prema-racing,Dallara F2 2024,Mecachrome F2
215440cc-d273-4d46-8eff-95c43acc7d12,2026,2,12,mari-boya,prema-racing,Dallara F2 2024,Mecachrome F2
215440cc-d273-4d46-8eff-95c43acc7d12,2026,2,14,martinius-stenshorne,rodin-motorsport,Dallara F2 2024,Mecachrome F2
215440cc-d273-4d46-8eff-95c43acc7d12,2026,2,15,alex-dunne,rodin-motorsport,Dallara F2 2024,Mecachrome F2
215440cc-d273-4d46-8eff-95c43acc7d12,2026,2,24,laurens-van-hoepen,trident-motorsport,Dallara F2 2024,Mecachrome F2
215440cc-d273-4d46-8eff-95c43acc7d12,2026,2,25,john-bennett,trident-motorsport,Dallara F2 2024,Mecachrome F2
1a1e0b5e-8481-4660-b108-d1fa932e3803,2026,3,20,emerson-fanucchi-fittipaldi-jr,phm-racing,Dallara F2 2024,Mecachrome F2
1a1e0b5e-8481-4660-b108-d1fa932e3803,2026,3,21,cian-shields,phm-racing,Dallara F2 2024,Mecachrome F2
1a1e0b5e-8481-4660-b108-d1fa932e3803,2026,3,16,kush-maini,art-grand-prix,Dallara F2 2024,Mecachrome F2
1a1e0b5e-8481-4660-b108-d1fa932e3803,2026,3,17,tasanapol-inthraphuvasak,art-grand-prix,Dallara F2 2024,Mecachrome F2
1a1e0b5e-8481-4660-b108-d1fa932e3803,2026,3,5,noel-leon,campos-racing,Dallara F2 2024,Mecachrome F2
1a1e0b5e-8481-4660-b108-d1fa932e3803,2026,3,6,nikola-tsolov,campos-racing,Dallara F2 2024,Mecachrome F2
1a1e0b5e-8481-4660-b108-d1fa932e3803,2026,3,7,dino-beganovic,dams,Dallara F2 2024,Mecachrome F2
1a1e0b5e-8481-4660-b108-d1fa932e3803,2026,3,8,roman-bilinski,dams,Dallara F2 2024,Mecachrome F2
1a1e0b5e-8481-4660-b108-d1fa932e3803,2026,3,3,ritomo-miyata,hitech-racing,Dallara F2 2024,Mecachrome F2
1a1e0b5e-8481-4660-b108-d1fa932e3803,2026,3,4,colton-herta,hitech-racing,Dallara F2 2024,Mecachrome F2
1a1e0b5e-8481-4660-b108-d1fa932e3803,2026,3,1,rafael-camara,invicta-racing,Dallara F2 2024,Mecachrome F2
1a1e0b5e-8481-4660-b108-d1fa932e3803,2026,3,2,joshua-durksen,invicta-racing,Dallara F2 2024,Mecachrome F2
1a1e0b5e-8481-4660-b108-d1fa932e3803,2026,3,9,gabriele-mini,mp-motorsport,Dallara F2 2024,Mecachrome F2
1a1e0b5e-8481-4660-b108-d1fa932e3803,2026,3,10,oliver-goethe,mp-motorsport,Dallara F2 2024,Mecachrome F2
1a1e0b5e-8481-4660-b108-d1fa932e3803,2026,3,11,sebastian-montoya,prema-racing,Dallara F2 2024,Mecachrome F2
1a1e0b5e-8481-4660-b108-d1fa932e3803,2026,3,12,mari-boya,prema-racing,Dallara F2 2024,Mecachrome F2
1a1e0b5e-8481-4660-b108-d1fa932e3803,2026,3,14,martinius-stenshorne,rodin-motorsport,Dallara F2 2024,Mecachrome F2
1a1e0b5e-8481-4660-b108-d1fa932e3803,2026,3,15,alex-dunne,rodin-motorsport,Dallara F2 2024,Mecachrome F2
1a1e0b5e-8481-4660-b108-d1fa932e3803,2026,3,24,laurens-van-hoepen,trident-motorsport,Dallara F2 2024,Mecachrome F2
1a1e0b5e-8481-4660-b108-d1fa932e3803,2026,3,25,john-bennett,trident-motorsport,Dallara F2 2024,Mecachrome F2
b3aae6bb-854a-4915-9fc3-85363196fc7c,2026,4,20,emerson-fanucchi-fittipaldi-jr,phm-racing,Dallara F2 2024,Mecachrome F2
b3aae6bb-854a-4915-9fc3-85363196fc7c,2026,4,21,cian-shields,phm-racing,Dallara F2 2024,Mecachrome F2
b3aae6bb-854a-4915-9fc3-85363196fc7c,2026,4,16,kush-maini,art-grand-prix,Dallara F2 2024,Mecachrome F2
b3aae6bb-854a-4915-9fc3-85363196fc7c,2026,4,17,tasanapol-inthraphuvasak,art-grand-prix,Dallara F2 2024,Mecachrome F2
b3aae6bb-854a-4915-9fc3-85363196fc7c,2026,4,5,noel-leon,campos-racing,Dallara F2 2024,Mecachrome F2
b3aae6bb-854a-4915-9fc3-85363196fc7c,2026,4,6,nikola-tsolov,campos-racing,Dallara F2 2024,Mecachrome F2
b3aae6bb-854a-4915-9fc3-85363196fc7c,2026,4,7,dino-beganovic,dams,Dallara F2 2024,Mecachrome F2
b3aae6bb-854a-4915-9fc3-85363196fc7c,2026,4,8,roman-bilinski,dams,Dallara F2 2024,Mecachrome F2
b3aae6bb-854a-4915-9fc3-85363196fc7c,2026,4,3,ritomo-miyata,hitech-racing,Dallara F2 2024,Mecachrome F2
b3aae6bb-854a-4915-9fc3-85363196fc7c,2026,4,4,colton-herta,hitech-racing,Dallara F2 2024,Mecachrome F2
b3aae6bb-854a-4915-9fc3-85363196fc7c,2026,4,1,rafael-camara,invicta-racing,Dallara F2 2024,Mecachrome F2
b3aae6bb-854a-4915-9fc3-85363196fc7c,2026,4,2,joshua-durksen,invicta-racing,Dallara F2 2024,Mecachrome F2
b3aae6bb-854a-4915-9fc3-85363196fc7c,2026,4,9,gabriele-mini,mp-motorsport,Dallara F2 2024,Mecachrome F2
b3aae6bb-854a-4915-9fc3-85363196fc7c,2026,4,10,oliver-goethe,mp-motorsport,Dallara F2 2024,Mecachrome F2
b3aae6bb-854a-4915-9fc3-85363196fc7c,2026,4,11,sebastian-montoya,prema-racing,Dallara F2 2024,Mecachrome F2
b3aae6bb-854a-4915-9fc3-85363196fc7c,2026,4,12,mari-boya,prema-racing,Dallara F2 2024,Mecachrome F2
b3aae6bb-854a-4915-9fc3-85363196fc7c,2026,4,14,martinius-stenshorne,rodin-motorsport,Dallara F2 2024,Mecachrome F2
b3aae6bb-854a-4915-9fc3-85363196fc7c,2026,4,15,alex-dunne,rodin-motorsport,Dallara F2 2024,Mecachrome F2
b3aae6bb-854a-4915-9fc3-85363196fc7c,2026,4,24,laurens-van-hoepen,trident-motorsport,Dallara F2 2024,Mecachrome F2
b3aae6bb-854a-4915-9fc3-85363196fc7c,2026,4,25,john-bennett,trident-motorsport,Dallara F2 2024,Mecachrome F2
edf5e377-c873-4b2f-9c80-0ad90e6179bc,2026,5,20,emerson-fanucchi-fittipaldi-jr,phm-racing,Dallara F2 2024,Mecachrome F2
edf5e377-c873-4b2f-9c80-0ad90e6179bc,2026,5,21,cian-shields,phm-racing,Dallara F2 2024,Mecachrome F2
edf5e377-c873-4b2f-9c80-0ad90e6179bc,2026,5,16,kush-maini,art-grand-prix,Dallara F2 2024,Mecachrome F2
edf5e377-c873-4b2f-9c80-0ad90e6179bc,2026,5,17,tasanapol-inthraphuvasak,art-grand-prix,Dallara F2 2024,Mecachrome F2
edf5e377-c873-4b2f-9c80-0ad90e6179bc,2026,5,5,noel-leon,campos-racing,Dallara F2 2024,Mecachrome F2
edf5e377-c873-4b2f-9c80-0ad90e6179bc,2026,5,6,nikola-tsolov,campos-racing,Dallara F2 2024,Mecachrome F2
edf5e377-c873-4b2f-9c80-0ad90e6179bc,2026,5,7,dino-beganovic,dams,Dallara F2 2024,Mecachrome F2
edf5e377-c873-4b2f-9c80-0ad90e6179bc,2026,5,8,roman-bilinski,dams,Dallara F2 2024,Mecachrome F2
edf5e377-c873-4b2f-9c80-0ad90e6179bc,2026,5,3,ritomo-miyata,hitech-racing,Dallara F2 2024,Mecachrome F2
edf5e377-c873-4b2f-9c80-0ad90e6179bc,2026,5,4,colton-herta,hitech-racing,Dallara F2 2024,Mecachrome F2
edf5e377-c873-4b2f-9c80-0ad90e6179bc,2026,5,1,rafael-camara,invicta-racing,Dallara F2 2024,Mecachrome F2
edf5e377-c873-4b2f-9c80-0ad90e6179bc,2026,5,2,joshua-durksen,invicta-racing,Dallara F2 2024,Mecachrome F2
edf5e377-c873-4b2f-9c80-0ad90e6179bc,2026,5,9,gabriele-mini,mp-motorsport,Dallara F2 2024,Mecachrome F2
edf5e377-c873-4b2f-9c80-0ad90e6179bc,2026,5,10,oliver-goethe,mp-motorsport,Dallara F2 2024,Mecachrome F2
edf5e377-c873-4b2f-9c80-0ad90e6179bc,2026,5,11,sebastian-montoya,prema-racing,Dallara F2 2024,Mecachrome F2
edf5e377-c873-4b2f-9c80-0ad90e6179bc,2026,5,12,mari-boya,prema-racing,Dallara F2 2024,Mecachrome F2
edf5e377-c873-4b2f-9c80-0ad90e6179bc,2026,5,14,martinius-stenshorne,rodin-motorsport,Dallara F2 2024,Mecachrome F2
edf5e377-c873-4b2f-9c80-0ad90e6179bc,2026,5,15,alex-dunne,rodin-motorsport,Dallara F2 2024,Mecachrome F2
edf5e377-c873-4b2f-9c80-0ad90e6179bc,2026,5,24,laurens-van-hoepen,trident-motorsport,Dallara F2 2024,Mecachrome F2
edf5e377-c873-4b2f-9c80-0ad90e6179bc,2026,5,25,john-bennett,trident-motorsport,Dallara F2 2024,Mecachrome F2
b10e4629-c2ef-4222-a516-22bc6549e448,2026,6,20,emerson-fanucchi-fittipaldi-jr,phm-racing,Dallara F2 2024,Mecachrome F2
b10e4629-c2ef-4222-a516-22bc6549e448,2026,6,21,cian-shields,phm-racing,Dallara F2 2024,Mecachrome F2
b10e4629-c2ef-4222-a516-22bc6549e448,2026,6,16,kush-maini,art-grand-prix,Dallara F2 2024,Mecachrome F2
b10e4629-c2ef-4222-a516-22bc6549e448,2026,6,17,tasanapol-inthraphuvasak,art-grand-prix,Dallara F2 2024,Mecachrome F2
b10e4629-c2ef-4222-a516-22bc6549e448,2026,6,5,noel-leon,campos-racing,Dallara F2 2024,Mecachrome F2
b10e4629-c2ef-4222-a516-22bc6549e448,2026,6,6,nikola-tsolov,campos-racing,Dallara F2 2024,Mecachrome F2
b10e4629-c2ef-4222-a516-22bc6549e448,2026,6,7,dino-beganovic,dams,Dallara F2 2024,Mecachrome F2
b10e4629-c2ef-4222-a516-22bc6549e448,2026,6,8,roman-bilinski,dams,Dallara F2 2024,Mecachrome F2
b10e4629-c2ef-4222-a516-22bc6549e448,2026,6,3,ritomo-miyata,hitech-racing,Dallara F2 2024,Mecachrome F2
b10e4629-c2ef-4222-a516-22bc6549e448,2026,6,4,colton-herta,hitech-racing,Dallara F2 2024,Mecachrome F2
b10e4629-c2ef-4222-a516-22bc6549e448,2026,6,1,rafael-camara,invicta-racing,Dallara F2 2024,Mecachrome F2
b10e4629-c2ef-4222-a516-22bc6549e448,2026,6,2,joshua-durksen,invicta-racing,Dallara F2 2024,Mecachrome F2
b10e4629-c2ef-4222-a516-22bc6549e448,2026,6,9,gabriele-mini,mp-motorsport,Dallara F2 2024,Mecachrome F2
b10e4629-c2ef-4222-a516-22bc6549e448,2026,6,10,oliver-goethe,mp-motorsport,Dallara F2 2024,Mecachrome F2
b10e4629-c2ef-4222-a516-22bc6549e448,2026,6,11,sebastian-montoya,prema-racing,Dallara F2 2024,Mecachrome F2
b10e4629-c2ef-4222-a516-22bc6549e448,2026,6,12,mari-boya,prema-racing,Dallara F2 2024,Mecachrome F2
b10e4629-c2ef-4222-a516-22bc6549e448,2026,6,14,martinius-stenshorne,rodin-motorsport,Dallara F2 2024,Mecachrome F2
b10e4629-c2ef-4222-a516-22bc6549e448,2026,6,15,alex-dunne,rodin-motorsport,Dallara F2 2024,Mecachrome F2
b10e4629-c2ef-4222-a516-22bc6549e448,2026,6,24,laurens-van-hoepen,trident-motorsport,Dallara F2 2024,Mecachrome F2
b10e4629-c2ef-4222-a516-22bc6549e448,2026,6,25,john-bennett,trident-motorsport,Dallara F2 2024,Mecachrome F2
9fe381fb-6a53-4b0a-a417-619a11474bf9,2026,7,20,emerson-fanucchi-fittipaldi-jr,phm-racing,Dallara F2 2024,Mecachrome F2
9fe381fb-6a53-4b0a-a417-619a11474bf9,2026,7,21,cian-shields,phm-racing,Dallara F2 2024,Mecachrome F2
9fe381fb-6a53-4b0a-a417-619a11474bf9,2026,7,16,kush-maini,art-grand-prix,Dallara F2 2024,Mecachrome F2
9fe381fb-6a53-4b0a-a417-619a11474bf9,2026,7,17,tasanapol-inthraphuvasak,art-grand-prix,Dallara F2 2024,Mecachrome F2
9fe381fb-6a53-4b0a-a417-619a11474bf9,2026,7,5,noel-leon,campos-racing,Dallara F2 2024,Mecachrome F2
9fe381fb-6a53-4b0a-a417-619a11474bf9,2026,7,6,nikola-tsolov,campos-racing,Dallara F2 2024,Mecachrome F2
9fe381fb-6a53-4b0a-a417-619a11474bf9,2026,7,7,dino-beganovic,dams,Dallara F2 2024,Mecachrome F2
9fe381fb-6a53-4b0a-a417-619a11474bf9,2026,7,8,roman-bilinski,dams,Dallara F2 2024,Mecachrome F2
9fe381fb-6a53-4b0a-a417-619a11474bf9,2026,7,3,ritomo-miyata,hitech-racing,Dallara F2 2024,Mecachrome F2
9fe381fb-6a53-4b0a-a417-619a11474bf9,2026,7,4,colton-herta,hitech-racing,Dallara F2 2024,Mecachrome F2
9fe381fb-6a53-4b0a-a417-619a11474bf9,2026,7,1,rafael-camara,invicta-racing,Dallara F2 2024,Mecachrome F2
9fe381fb-6a53-4b0a-a417-619a11474bf9,2026,7,2,joshua-durksen,invicta-racing,Dallara F2 2024,Mecachrome F2
9fe381fb-6a53-4b0a-a417-619a11474bf9,2026,7,9,gabriele-mini,mp-motorsport,Dallara F2 2024,Mecachrome F2
9fe381fb-6a53-4b0a-a417-619a11474bf9,2026,7,10,oliver-goethe,mp-motorsport,Dallara F2 2024,Mecachrome F2
9fe381fb-6a53-4b0a-a417-619a11474bf9,2026,7,11,sebastian-montoya,prema-racing,Dallara F2 2024,Mecachrome F2
9fe381fb-6a53-4b0a-a417-619a11474bf9,2026,7,12,mari-boya,prema-racing,Dallara F2 2024,Mecachrome F2
9fe381fb-6a53-4b0a-a417-619a11474bf9,2026,7,14,martinius-stenshorne,rodin-motorsport,Dallara F2 2024,Mecachrome F2
9fe381fb-6a53-4b0a-a417-619a11474bf9,2026,7,15,alex-dunne,rodin-motorsport,Dallara F2 2024,Mecachrome F2
9fe381fb-6a53-4b0a-a417-619a11474bf9,2026,7,24,laurens-van-hoepen,trident-motorsport,Dallara F2 2024,Mecachrome F2
9fe381fb-6a53-4b0a-a417-619a11474bf9,2026,7,25,john-bennett,trident-motorsport,Dallara F2 2024,Mecachrome F2
a9f0699c-831d-4af0-b989-36a752e0cd34,2026,8,20,emerson-fanucchi-fittipaldi-jr,phm-racing,Dallara F2 2024,Mecachrome F2
a9f0699c-831d-4af0-b989-36a752e0cd34,2026,8,21,cian-shields,phm-racing,Dallara F2 2024,Mecachrome F2
a9f0699c-831d-4af0-b989-36a752e0cd34,2026,8,16,kush-maini,art-grand-prix,Dallara F2 2024,Mecachrome F2
a9f0699c-831d-4af0-b989-36a752e0cd34,2026,8,17,tasanapol-inthraphuvasak,art-grand-prix,Dallara F2 2024,Mecachrome F2
a9f0699c-831d-4af0-b989-36a752e0cd34,2026,8,5,noel-leon,campos-racing,Dallara F2 2024,Mecachrome F2
a9f0699c-831d-4af0-b989-36a752e0cd34,2026,8,6,nikola-tsolov,campos-racing,Dallara F2 2024,Mecachrome F2
a9f0699c-831d-4af0-b989-36a752e0cd34,2026,8,7,dino-beganovic,dams,Dallara F2 2024,Mecachrome F2
a9f0699c-831d-4af0-b989-36a752e0cd34,2026,8,8,roman-bilinski,dams,Dallara F2 2024,Mecachrome F2
a9f0699c-831d-4af0-b989-36a752e0cd34,2026,8,3,ritomo-miyata,hitech-racing,Dallara F2 2024,Mecachrome F2
a9f0699c-831d-4af0-b989-36a752e0cd34,2026,8,4,colton-herta,hitech-racing,Dallara F2 2024,Mecachrome F2
a9f0699c-831d-4af0-b989-36a752e0cd34,2026,8,1,rafael-camara,invicta-racing,Dallara F2 2024,Mecachrome F2
a9f0699c-831d-4af0-b989-36a752e0cd34,2026,8,2,joshua-durksen,invicta-racing,Dallara F2 2024,Mecachrome F2
a9f0699c-831d-4af0-b989-36a752e0cd34,2026,8,9,gabriele-mini,mp-motorsport,Dallara F2 2024,Mecachrome F2
a9f0699c-831d-4af0-b989-36a752e0cd34,2026,8,10,oliver-goethe,mp-motorsport,Dallara F2 2024,Mecachrome F2
a9f0699c-831d-4af0-b989-36a752e0cd34,2026,8,11,sebastian-montoya,prema-racing,Dallara F2 2024,Mecachrome F2
a9f0699c-831d-4af0-b989-36a752e0cd34,2026,8,12,mari-boya,prema-racing,Dallara F2 2024,Mecachrome F2
a9f0699c-831d-4af0-b989-36a752e0cd34,2026,8,14,martinius-stenshorne,rodin-motorsport,Dallara F2 2024,Mecachrome F2
a9f0699c-831d-4af0-b989-36a752e0cd34,2026,8,15,alex-dunne,rodin-motorsport,Dallara F2 2024,Mecachrome F2
a9f0699c-831d-4af0-b989-36a752e0cd34,2026,8,24,laurens-van-hoepen,trident-motorsport,Dallara F2 2024,Mecachrome F2
a9f0699c-831d-4af0-b989-36a752e0cd34,2026,8,25,john-bennett,trident-motorsport,Dallara F2 2024,Mecachrome F2
0ee16b9b-496d-4f26-b63d-518c74e7f3f0,2026,9,20,emerson-fanucchi-fittipaldi-jr,phm-racing,Dallara F2 2024,Mecachrome F2
0ee16b9b-496d-4f26-b63d-518c74e7f3f0,2026,9,21,cian-shields,phm-racing,Dallara F2 2024,Mecachrome F2
0ee16b9b-496d-4f26-b63d-518c74e7f3f0,2026,9,16,kush-maini,art-grand-prix,Dallara F2 2024,Mecachrome F2
0ee16b9b-496d-4f26-b63d-518c74e7f3f0,2026,9,17,tasanapol-inthraphuvasak,art-grand-prix,Dallara F2 2024,Mecachrome F2
0ee16b9b-496d-4f26-b63d-518c74e7f3f0,2026,9,5,noel-leon,campos-racing,Dallara F2 2024,Mecachrome F2
0ee16b9b-496d-4f26-b63d-518c74e7f3f0,2026,9,6,nikola-tsolov,campos-racing,Dallara F2 2024,Mecachrome F2
0ee16b9b-496d-4f26-b63d-518c74e7f3f0,2026,9,7,dino-beganovic,dams,Dallara F2 2024,Mecachrome F2
0ee16b9b-496d-4f26-b63d-518c74e7f3f0,2026,9,8,roman-bilinski,dams,Dallara F2 2024,Mecachrome F2
0ee16b9b-496d-4f26-b63d-518c74e7f3f0,2026,9,3,ritomo-miyata,hitech-racing,Dallara F2 2024,Mecachrome F2
0ee16b9b-496d-4f26-b63d-518c74e7f3f0,2026,9,4,colton-herta,hitech-racing,Dallara F2 2024,Mecachrome F2
0ee16b9b-496d-4f26-b63d-518c74e7f3f0,2026,9,1,rafael-camara,invicta-racing,Dallara F2 2024,Mecachrome F2
0ee16b9b-496d-4f26-b63d-518c74e7f3f0,2026,9,2,joshua-durksen,invicta-racing,Dallara F2 2024,Mecachrome F2
0ee16b9b-496d-4f26-b63d-518c74e7f3f0,2026,9,9,gabriele-mini,mp-motorsport,Dallara F2 2024,Mecachrome F2
0ee16b9b-496d-4f26-b63d-518c74e7f3f0,2026,9,10,oliver-goethe,mp-motorsport,Dallara F2 2024,Mecachrome F2
0ee16b9b-496d-4f26-b63d-518c74e7f3f0,2026,9,11,sebastian-montoya,prema-racing,Dallara F2 2024,Mecachrome F2
0ee16b9b-496d-4f26-b63d-518c74e7f3f0,2026,9,12,mari-boya,prema-racing,Dallara F2 2024,Mecachrome F2
0ee16b9b-496d-4f26-b63d-518c74e7f3f0,2026,9,14,martinius-stenshorne,rodin-motorsport,Dallara F2 2024,Mecachrome F2
0ee16b9b-496d-4f26-b63d-518c74e7f3f0,2026,9,15,alex-dunne,rodin-motorsport,Dallara F2 2024,Mecachrome F2
0ee16b9b-496d-4f26-b63d-518c74e7f3f0,2026,9,24,laurens-van-hoepen,trident-motorsport,Dallara F2 2024,Mecachrome F2
0ee16b9b-496d-4f26-b63d-518c74e7f3f0,2026,9,25,john-bennett,trident-motorsport,Dallara F2 2024,Mecachrome F2
