raceId,year,round,driverNumber,driverId,constructorId,chassisId,engineId
6d03f76e-70cc-4dbd-bc2f-23bfbbf38a32,2019,1,1,david-beckmann,art-grand-prix,dallara-f3-2019,mecachrome-v634
6d03f76e-70cc-4dbd-bc2f-23bfbbf38a32,2019,1,2,max-fewtrell,art-grand-prix,dallara-f3-2019,mecachrome-v634
6d03f76e-70cc-4dbd-bc2f-23bfbbf38a32,2019,1,3,christian-lundgaard,art-grand-prix,dallara-f3-2019,mecachrome-v634
6d03f76e-70cc-4dbd-bc2f-23bfbbf38a32,2019,1,4,liam-lawson,mp-motorsport,dallara-f3-2019,mecachrome-v634
6d03f76e-70cc-4dbd-bc2f-23bfbbf38a32,2019,1,5,simo-laaksonen,mp-motorsport,dallara-f3-2019,mecachrome-v634
6d03f76e-70cc-4dbd-bc2f-23bfbbf38a32,2019,1,6,richard-verschoor,mp-motorsport,dallara-f3-2019,mecachrome-v634
6d03f76e-70cc-4dbd-bc2f-23bfbbf38a32,2019,1,7,lirim-zendeli,sauber-junior-team-by-charouz,dallara-f3-2019,mecachrome-v634
6d03f76e-70cc-4dbd-bc2f-23bfbbf38a32,2019,1,8,fabio-scherer,sauber-junior-team-by-charouz,dallara-f3-2019,mecachrome-v634
6d03f76e-70cc-4dbd-bc2f-23bfbbf38a32,2019,1,9,raoul-hyman,sauber-junior-team-by-charouz,dallara-f3-2019,mecachrome-v634
6d03f76e-70cc-4dbd-bc2f-23bfbbf38a32,2019,1,10,bent-viscaal,hwa,dallara-f3-2019,mecachrome-v634
6d03f76e-70cc-4dbd-bc2f-23bfbbf38a32,2019,1,11,jake-hughes,hwa,dallara-f3-2019,mecachrome-v634
6d03f76e-70cc-4dbd-bc2f-23bfbbf38a32,2019,1,12,keyvan-andres,hwa,dallara-f3-2019,mecachrome-v634
6d03f76e-70cc-4dbd-bc2f-23bfbbf38a32,2019,1,14,yuki-tsunoda,jenzer-motorsport,dallara-f3-2019,mecachrome-v634
6d03f76e-70cc-4dbd-bc2f-23bfbbf38a32,2019,1,15,artem-petrov,jenzer-motorsport,dallara-f3-2019,mecachrome-v634
6d03f76e-70cc-4dbd-bc2f-23bfbbf38a32,2019,1,16,andreas-estner,jenzer-motorsport,dallara-f3-2019,mecachrome-v634
6d03f76e-70cc-4dbd-bc2f-23bfbbf38a32,2019,1,17,devlin-defrancesco,trident-motorsport,dallara-f3-2019,mecachrome-v634
6d03f76e-70cc-4dbd-bc2f-23bfbbf38a32,2019,1,18,pedro-piquet,trident-motorsport,dallara-f3-2019,mecachrome-v634
6d03f76e-70cc-4dbd-bc2f-23bfbbf38a32,2019,1,19,niko-kari,trident-motorsport,dallara-f3-2019,mecachrome-v634
6d03f76e-70cc-4dbd-bc2f-23bfbbf38a32,2019,1,20,leonardo-pulcini,hitech-racing,dallara-f3-2019,mecachrome-v634
6d03f76e-70cc-4dbd-bc2f-23bfbbf38a32,2019,1,21,juri-vips,hitech-racing,dallara-f3-2019,mecachrome-v634
6d03f76e-70cc-4dbd-bc2f-23bfbbf38a32,2019,1,22,yifei-ye,hitech-racing,dallara-f3-2019,mecachrome-v634
6d03f76e-70cc-4dbd-bc2f-23bfbbf38a32,2019,1,23,alex-peroni,campos-racing,dallara-f3-2019,mecachrome-v634
6d03f76e-70cc-4dbd-bc2f-23bfbbf38a32,2019,1,24,alessio-deledda,campos-racing,dallara-f3-2019,mecachrome-v634
6d03f76e-70cc-4dbd-bc2f-23bfbbf38a32,2019,1,25,sebastian-fernandez,campos-racing,dallara-f3-2019,mecachrome-v634
6d03f76e-70cc-4dbd-bc2f-23bfbbf38a32,2019,1,26,marcus-armstrong,prema-racing,dallara-f3-2019,mecachrome-v634
6d03f76e-70cc-4dbd-bc2f-23bfbbf38a32,2019,1,27,jehan-daruvala,prema-racing,dallara-f3-2019,mecachrome-v634
6d03f76e-70cc-4dbd-bc2f-23bfbbf38a32,2019,1,28,robert-shwartzman,prema-racing,dallara-f3-2019,mecachrome-v634
6d03f76e-70cc-4dbd-bc2f-23bfbbf38a32,2019,1,29,teppei-natori,carlin,dallara-f3-2019,mecachrome-v634
6d03f76e-70cc-4dbd-bc2f-23bfbbf38a32,2019,1,30,felipe-drugovich,carlin,dallara-f3-2019,mecachrome-v634
6d03f76e-70cc-4dbd-bc2f-23bfbbf38a32,2019,1,31,logan-sargeant,carlin,dallara-f3-2019,mecachrome-v634
b3fa9d64-82ef-4fb3-bd10-468d79f6c0a3,2019,2,1,david-beckmann,art-grand-prix,dallara-f3-2019,mecachrome-v634
b3fa9d64-82ef-4fb3-bd10-468d79f6c0a3,2019,2,2,max-fewtrell,art-grand-prix,dallara-f3-2019,mecachrome-v634
b3fa9d64-82ef-4fb3-bd10-468d79f6c0a3,2019,2,3,christian-lundgaard,art-grand-prix,dallara-f3-2019,mecachrome-v634
b3fa9d64-82ef-4fb3-bd10-468d79f6c0a3,2019,2,4,liam-lawson,mp-motorsport,dallara-f3-2019,mecachrome-v634
b3fa9d64-82ef-4fb3-bd10-468d79f6c0a3,2019,2,5,simo-laaksonen,mp-motorsport,dallara-f3-2019,mecachrome-v634
b3fa9d64-82ef-4fb3-bd10-468d79f6c0a3,2019,2,6,richard-verschoor,mp-motorsport,dallara-f3-2019,mecachrome-v634
b3fa9d64-82ef-4fb3-bd10-468d79f6c0a3,2019,2,7,lirim-zendeli,sauber-junior-team-by-charouz,dallara-f3-2019,mecachrome-v634
b3fa9d64-82ef-4fb3-bd10-468d79f6c0a3,2019,2,8,fabio-scherer,sauber-junior-team-by-charouz,dallara-f3-2019,mecachrome-v634
b3fa9d64-82ef-4fb3-bd10-468d79f6c0a3,2019,2,9,raoul-hyman,sauber-junior-team-by-charouz,dallara-f3-2019,mecachrome-v634
b3fa9d64-82ef-4fb3-bd10-468d79f6c0a3,2019,2,10,bent-viscaal,hwa,dallara-f3-2019,mecachrome-v634
b3fa9d64-82ef-4fb3-bd10-468d79f6c0a3,2019,2,11,jake-hughes,hwa,dallara-f3-2019,mecachrome-v634
b3fa9d64-82ef-4fb3-bd10-468d79f6c0a3,2019,2,12,keyvan-andres,hwa,dallara-f3-2019,mecachrome-v634
b3fa9d64-82ef-4fb3-bd10-468d79f6c0a3,2019,2,14,yuki-tsunoda,jenzer-motorsport,dallara-f3-2019,mecachrome-v634
b3fa9d64-82ef-4fb3-bd10-468d79f6c0a3,2019,2,16,andreas-estner,jenzer-motorsport,dallara-f3-2019,mecachrome-v634
b3fa9d64-82ef-4fb3-bd10-468d79f6c0a3,2019,2,17,devlin-defrancesco,trident-motorsport,dallara-f3-2019,mecachrome-v634
b3fa9d64-82ef-4fb3-bd10-468d79f6c0a3,2019,2,18,pedro-piquet,trident-motorsport,dallara-f3-2019,mecachrome-v634
b3fa9d64-82ef-4fb3-bd10-468d79f6c0a3,2019,2,19,niko-kari,trident-motorsport,dallara-f3-2019,mecachrome-v634
b3fa9d64-82ef-4fb3-bd10-468d79f6c0a3,2019,2,20,leonardo-pulcini,hitech-racing,dallara-f3-2019,mecachrome-v634
b3fa9d64-82ef-4fb3-bd10-468d79f6c0a3,2019,2,21,juri-vips,hitech-racing,dallara-f3-2019,mecachrome-v634
b3fa9d64-82ef-4fb3-bd10-468d79f6c0a3,2019,2,22,yifei-ye,hitech-racing,dallara-f3-2019,mecachrome-v634
b3fa9d64-82ef-4fb3-bd10-468d79f6c0a3,2019,2,23,alex-peroni,campos-racing,dallara-f3-2019,mecachrome-v634
b3fa9d64-82ef-4fb3-bd10-468d79f6c0a3,2019,2,24,alessio-deledda,campos-racing,dallara-f3-2019,mecachrome-v634
b3fa9d64-82ef-4fb3-bd10-468d79f6c0a3,2019,2,25,sebastian-fernandez,campos-racing,dallara-f3-2019,mecachrome-v634
b3fa9d64-82ef-4fb3-bd10-468d79f6c0a3,2019,2,26,marcus-armstrong,prema-racing,dallara-f3-2019,mecachrome-v634
b3fa9d64-82ef-4fb3-bd10-468d79f6c0a3,2019,2,27,jehan-daruvala,prema-racing,dallara-f3-2019,mecachrome-v634
b3fa9d64-82ef-4fb3-bd10-468d79f6c0a3,2019,2,28,robert-shwartzman,prema-racing,dallara-f3-2019,mecachrome-v634
b3fa9d64-82ef-4fb3-bd10-468d79f6c0a3,2019,2,29,teppei-natori,carlin,dallara-f3-2019,mecachrome-v634
b3fa9d64-82ef-4fb3-bd10-468d79f6c0a3,2019,2,30,felipe-drugovich,carlin,dallara-f3-2019,mecachrome-v634
b3fa9d64-82ef-4fb3-bd10-468d79f6c0a3,2019,2,31,logan-sargeant,carlin,dallara-f3-2019,mecachrome-v634
9b4df8cc-0941-41a0-a37e-ec2159b49f28,2019,3,1,david-beckmann,art-grand-prix,dallara-f3-2019,mecachrome-v634
9b4df8cc-0941-41a0-a37e-ec2159b49f28,2019,3,2,max-fewtrell,art-grand-prix,dallara-f3-2019,mecachrome-v634
9b4df8cc-0941-41a0-a37e-ec2159b49f28,2019,3,3,christian-lundgaard,art-grand-prix,dallara-f3-2019,mecachrome-v634
9b4df8cc-0941-41a0-a37e-ec2159b49f28,2019,3,4,liam-lawson,mp-motorsport,dallara-f3-2019,mecachrome-v634
9b4df8cc-0941-41a0-a37e-ec2159b49f28,2019,3,5,simo-laaksonen,mp-motorsport,dallara-f3-2019,mecachrome-v634
9b4df8cc-0941-41a0-a37e-ec2159b49f28,2019,3,6,richard-verschoor,mp-motorsport,dallara-f3-2019,mecachrome-v634
9b4df8cc-0941-41a0-a37e-ec2159b49f28,2019,3,7,lirim-zendeli,sauber-junior-team-by-charouz,dallara-f3-2019,mecachrome-v634
9b4df8cc-0941-41a0-a37e-ec2159b49f28,2019,3,8,fabio-scherer,sauber-junior-team-by-charouz,dallara-f3-2019,mecachrome-v634
9b4df8cc-0941-41a0-a37e-ec2159b49f28,2019,3,9,raoul-hyman,sauber-junior-team-by-charouz,dallara-f3-2019,mecachrome-v634
9b4df8cc-0941-41a0-a37e-ec2159b49f28,2019,3,10,bent-viscaal,hwa,dallara-f3-2019,mecachrome-v634
9b4df8cc-0941-41a0-a37e-ec2159b49f28,2019,3,11,jake-hughes,hwa,dallara-f3-2019,mecachrome-v634
9b4df8cc-0941-41a0-a37e-ec2159b49f28,2019,3,12,keyvan-andres,hwa,dallara-f3-2019,mecachrome-v634
9b4df8cc-0941-41a0-a37e-ec2159b49f28,2019,3,14,yuki-tsunoda,jenzer-motorsport,dallara-f3-2019,mecachrome-v634
9b4df8cc-0941-41a0-a37e-ec2159b49f28,2019,3,15,giorgio-carrara,jenzer-motorsport,dallara-f3-2019,mecachrome-v634
9b4df8cc-0941-41a0-a37e-ec2159b49f28,2019,3,16,andreas-estner,jenzer-motorsport,dallara-f3-2019,mecachrome-v634
9b4df8cc-0941-41a0-a37e-ec2159b49f28,2019,3,17,devlin-defrancesco,trident-motorsport,dallara-f3-2019,mecachrome-v634
9b4df8cc-0941-41a0-a37e-ec2159b49f28,2019,3,18,pedro-piquet,trident-motorsport,dallara-f3-2019,mecachrome-v634
9b4df8cc-0941-41a0-a37e-ec2159b49f28,2019,3,19,niko-kari,trident-motorsport,dallara-f3-2019,mecachrome-v634
9b4df8cc-0941-41a0-a37e-ec2159b49f28,2019,3,20,leonardo-pulcini,hitech-racing,dallara-f3-2019,mecachrome-v634
9b4df8cc-0941-41a0-a37e-ec2159b49f28,2019,3,21,juri-vips,hitech-racing,dallara-f3-2019,mecachrome-v634
9b4df8cc-0941-41a0-a37e-ec2159b49f28,2019,3,22,yifei-ye,hitech-racing,dallara-f3-2019,mecachrome-v634
9b4df8cc-0941-41a0-a37e-ec2159b49f28,2019,3,23,alex-peroni,campos-racing,dallara-f3-2019,mecachrome-v634
9b4df8cc-0941-41a0-a37e-ec2159b49f28,2019,3,24,alessio-deledda,campos-racing,dallara-f3-2019,mecachrome-v634
9b4df8cc-0941-41a0-a37e-ec2159b49f28,2019,3,25,sebastian-fernandez,campos-racing,dallara-f3-2019,mecachrome-v634
9b4df8cc-0941-41a0-a37e-ec2159b49f28,2019,3,26,marcus-armstrong,prema-racing,dallara-f3-2019,mecachrome-v634
9b4df8cc-0941-41a0-a37e-ec2159b49f28,2019,3,27,jehan-daruvala,prema-racing,dallara-f3-2019,mecachrome-v634
9b4df8cc-0941-41a0-a37e-ec2159b49f28,2019,3,28,robert-shwartzman,prema-racing,dallara-f3-2019,mecachrome-v634
9b4df8cc-0941-41a0-a37e-ec2159b49f28,2019,3,29,teppei-natori,carlin,dallara-f3-2019,mecachrome-v634
9b4df8cc-0941-41a0-a37e-ec2159b49f28,2019,3,30,felipe-drugovich,carlin,dallara-f3-2019,mecachrome-v634
9b4df8cc-0941-41a0-a37e-ec2159b49f28,2019,3,31,logan-sargeant,carlin,dallara-f3-2019,mecachrome-v634
8e8914b2-c12d-4140-8a72-4549781ed60a,2019,4,1,david-beckmann,art-grand-prix,dallara-f3-2019,mecachrome-v634
8e8914b2-c12d-4140-8a72-4549781ed60a,2019,4,2,max-fewtrell,art-grand-prix,dallara-f3-2019,mecachrome-v634
8e8914b2-c12d-4140-8a72-4549781ed60a,2019,4,3,christian-lundgaard,art-grand-prix,dallara-f3-2019,mecachrome-v634
8e8914b2-c12d-4140-8a72-4549781ed60a,2019,4,4,liam-lawson,mp-motorsport,dallara-f3-2019,mecachrome-v634
8e8914b2-c12d-4140-8a72-4549781ed60a,2019,4,5,simo-laaksonen,mp-motorsport,dallara-f3-2019,mecachrome-v634
8e8914b2-c12d-4140-8a72-4549781ed60a,2019,4,6,richard-verschoor,mp-motorsport,dallara-f3-2019,mecachrome-v634
8e8914b2-c12d-4140-8a72-4549781ed60a,2019,4,7,lirim-zendeli,sauber-junior-team-by-charouz,dallara-f3-2019,mecachrome-v634
8e8914b2-c12d-4140-8a72-4549781ed60a,2019,4,8,fabio-scherer,sauber-junior-team-by-charouz,dallara-f3-2019,mecachrome-v634
8e8914b2-c12d-4140-8a72-4549781ed60a,2019,4,9,raoul-hyman,sauber-junior-team-by-charouz,dallara-f3-2019,mecachrome-v634
8e8914b2-c12d-4140-8a72-4549781ed60a,2019,4,10,bent-viscaal,hwa,dallara-f3-2019,mecachrome-v634
8e8914b2-c12d-4140-8a72-4549781ed60a,2019,4,11,jake-hughes,hwa,dallara-f3-2019,mecachrome-v634
8e8914b2-c12d-4140-8a72-4549781ed60a,2019,4,12,keyvan-andres,hwa,dallara-f3-2019,mecachrome-v634
8e8914b2-c12d-4140-8a72-4549781ed60a,2019,4,14,yuki-tsunoda,jenzer-motorsport,dallara-f3-2019,mecachrome-v634
8e8914b2-c12d-4140-8a72-4549781ed60a,2019,4,15,federico-malvestiti,jenzer-motorsport,dallara-f3-2019,mecachrome-v634
8e8914b2-c12d-4140-8a72-4549781ed60a,2019,4,16,andreas-estner,jenzer-motorsport,dallara-f3-2019,mecachrome-v634
8e8914b2-c12d-4140-8a72-4549781ed60a,2019,4,17,devlin-defrancesco,trident-motorsport,dallara-f3-2019,mecachrome-v634
8e8914b2-c12d-4140-8a72-4549781ed60a,2019,4,18,pedro-piquet,trident-motorsport,dallara-f3-2019,mecachrome-v634
8e8914b2-c12d-4140-8a72-4549781ed60a,2019,4,19,niko-kari,trident-motorsport,dallara-f3-2019,mecachrome-v634
8e8914b2-c12d-4140-8a72-4549781ed60a,2019,4,20,leonardo-pulcini,hitech-racing,dallara-f3-2019,mecachrome-v634
8e8914b2-c12d-4140-8a72-4549781ed60a,2019,4,21,juri-vips,hitech-racing,dallara-f3-2019,mecachrome-v634
8e8914b2-c12d-4140-8a72-4549781ed60a,2019,4,22,yifei-ye,hitech-racing,dallara-f3-2019,mecachrome-v634
8e8914b2-c12d-4140-8a72-4549781ed60a,2019,4,23,alex-peroni,campos-racing,dallara-f3-2019,mecachrome-v634
8e8914b2-c12d-4140-8a72-4549781ed60a,2019,4,24,alessio-deledda,campos-racing,dallara-f3-2019,mecachrome-v634
8e8914b2-c12d-4140-8a72-4549781ed60a,2019,4,25,sebastian-fernandez,campos-racing,dallara-f3-2019,mecachrome-v634
8e8914b2-c12d-4140-8a72-4549781ed60a,2019,4,26,marcus-armstrong,prema-racing,dallara-f3-2019,mecachrome-v634
8e8914b2-c12d-4140-8a72-4549781ed60a,2019,4,27,jehan-daruvala,prema-racing,dallara-f3-2019,mecachrome-v634
8e8914b2-c12d-4140-8a72-4549781ed60a,2019,4,28,robert-shwartzman,prema-racing,dallara-f3-2019,mecachrome-v634
8e8914b2-c12d-4140-8a72-4549781ed60a,2019,4,29,teppei-natori,carlin,dallara-f3-2019,mecachrome-v634
8e8914b2-c12d-4140-8a72-4549781ed60a,2019,4,30,felipe-drugovich,carlin,dallara-f3-2019,mecachrome-v634
8e8914b2-c12d-4140-8a72-4549781ed60a,2019,4,31,logan-sargeant,carlin,dallara-f3-2019,mecachrome-v634
e7ffdc79-5641-4204-a1f6-12da31e791eb,2019,5,1,david-beckmann,art-grand-prix,dallara-f3-2019,mecachrome-v634
e7ffdc79-5641-4204-a1f6-12da31e791eb,2019,5,2,max-fewtrell,art-grand-prix,dallara-f3-2019,mecachrome-v634
e7ffdc79-5641-4204-a1f6-12da31e791eb,2019,5,3,christian-lundgaard,art-grand-prix,dallara-f3-2019,mecachrome-v634
e7ffdc79-5641-4204-a1f6-12da31e791eb,2019,5,4,liam-lawson,mp-motorsport,dallara-f3-2019,mecachrome-v634
e7ffdc79-5641-4204-a1f6-12da31e791eb,2019,5,5,simo-laaksonen,mp-motorsport,dallara-f3-2019,mecachrome-v634
e7ffdc79-5641-4204-a1f6-12da31e791eb,2019,5,6,richard-verschoor,mp-motorsport,dallara-f3-2019,mecachrome-v634
e7ffdc79-5641-4204-a1f6-12da31e791eb,2019,5,7,lirim-zendeli,sauber-junior-team-by-charouz,dallara-f3-2019,mecachrome-v634
e7ffdc79-5641-4204-a1f6-12da31e791eb,2019,5,8,fabio-scherer,sauber-junior-team-by-charouz,dallara-f3-2019,mecachrome-v634
e7ffdc79-5641-4204-a1f6-12da31e791eb,2019,5,9,raoul-hyman,sauber-junior-team-by-charouz,dallara-f3-2019,mecachrome-v634
e7ffdc79-5641-4204-a1f6-12da31e791eb,2019,5,10,bent-viscaal,hwa,dallara-f3-2019,mecachrome-v634
e7ffdc79-5641-4204-a1f6-12da31e791eb,2019,5,11,jake-hughes,hwa,dallara-f3-2019,mecachrome-v634
e7ffdc79-5641-4204-a1f6-12da31e791eb,2019,5,12,keyvan-andres,hwa,dallara-f3-2019,mecachrome-v634
e7ffdc79-5641-4204-a1f6-12da31e791eb,2019,5,14,yuki-tsunoda,jenzer-motorsport,dallara-f3-2019,mecachrome-v634
e7ffdc79-5641-4204-a1f6-12da31e791eb,2019,5,15,giorgio-carrara,jenzer-motorsport,dallara-f3-2019,mecachrome-v634
e7ffdc79-5641-4204-a1f6-12da31e791eb,2019,5,16,andreas-estner,jenzer-motorsport,dallara-f3-2019,mecachrome-v634
e7ffdc79-5641-4204-a1f6-12da31e791eb,2019,5,17,devlin-defrancesco,trident-motorsport,dallara-f3-2019,mecachrome-v634
e7ffdc79-5641-4204-a1f6-12da31e791eb,2019,5,18,pedro-piquet,trident-motorsport,dallara-f3-2019,mecachrome-v634
e7ffdc79-5641-4204-a1f6-12da31e791eb,2019,5,19,niko-kari,trident-motorsport,dallara-f3-2019,mecachrome-v634
e7ffdc79-5641-4204-a1f6-12da31e791eb,2019,5,20,leonardo-pulcini,hitech-racing,dallara-f3-2019,mecachrome-v634
e7ffdc79-5641-4204-a1f6-12da31e791eb,2019,5,21,juri-vips,hitech-racing,dallara-f3-2019,mecachrome-v634
e7ffdc79-5641-4204-a1f6-12da31e791eb,2019,5,22,yifei-ye,hitech-racing,dallara-f3-2019,mecachrome-v634
e7ffdc79-5641-4204-a1f6-12da31e791eb,2019,5,23,alex-peroni,campos-racing,dallara-f3-2019,mecachrome-v634
e7ffdc79-5641-4204-a1f6-12da31e791eb,2019,5,24,alessio-deledda,campos-racing,dallara-f3-2019,mecachrome-v634
e7ffdc79-5641-4204-a1f6-12da31e791eb,2019,5,25,sebastian-fernandez,campos-racing,dallara-f3-2019,mecachrome-v634
e7ffdc79-5641-4204-a1f6-12da31e791eb,2019,5,26,marcus-armstrong,prema-racing,dallara-f3-2019,mecachrome-v634
e7ffdc79-5641-4204-a1f6-12da31e791eb,2019,5,27,jehan-daruvala,prema-racing,dallara-f3-2019,mecachrome-v634
e7ffdc79-5641-4204-a1f6-12da31e791eb,2019,5,28,robert-shwartzman,prema-racing,dallara-f3-2019,mecachrome-v634
e7ffdc79-5641-4204-a1f6-12da31e791eb,2019,5,29,teppei-natori,carlin,dallara-f3-2019,mecachrome-v634
e7ffdc79-5641-4204-a1f6-12da31e791eb,2019,5,30,felipe-drugovich,carlin,dallara-f3-2019,mecachrome-v634
e7ffdc79-5641-4204-a1f6-12da31e791eb,2019,5,31,logan-sargeant,carlin,dallara-f3-2019,mecachrome-v634
bcbf1929-7b75-4fc4-a4a8-f60aa81dd771,2019,6,1,david-beckmann,art-grand-prix,dallara-f3-2019,mecachrome-v634
bcbf1929-7b75-4fc4-a4a8-f60aa81dd771,2019,6,2,max-fewtrell,art-grand-prix,dallara-f3-2019,mecachrome-v634
bcbf1929-7b75-4fc4-a4a8-f60aa81dd771,2019,6,3,christian-lundgaard,art-grand-prix,dallara-f3-2019,mecachrome-v634
bcbf1929-7b75-4fc4-a4a8-f60aa81dd771,2019,6,4,liam-lawson,mp-motorsport,dallara-f3-2019,mecachrome-v634
bcbf1929-7b75-4fc4-a4a8-f60aa81dd771,2019,6,5,simo-laaksonen,mp-motorsport,dallara-f3-2019,mecachrome-v634
bcbf1929-7b75-4fc4-a4a8-f60aa81dd771,2019,6,6,richard-verschoor,mp-motorsport,dallara-f3-2019,mecachrome-v634
bcbf1929-7b75-4fc4-a4a8-f60aa81dd771,2019,6,7,lirim-zendeli,sauber-junior-team-by-charouz,dallara-f3-2019,mecachrome-v634
bcbf1929-7b75-4fc4-a4a8-f60aa81dd771,2019,6,8,fabio-scherer,sauber-junior-team-by-charouz,dallara-f3-2019,mecachrome-v634
bcbf1929-7b75-4fc4-a4a8-f60aa81dd771,2019,6,9,raoul-hyman,sauber-junior-team-by-charouz,dallara-f3-2019,mecachrome-v634
bcbf1929-7b75-4fc4-a4a8-f60aa81dd771,2019,6,10,bent-viscaal,hwa,dallara-f3-2019,mecachrome-v634
bcbf1929-7b75-4fc4-a4a8-f60aa81dd771,2019,6,11,jake-hughes,hwa,dallara-f3-2019,mecachrome-v634
bcbf1929-7b75-4fc4-a4a8-f60aa81dd771,2019,6,12,keyvan-andres,hwa,dallara-f3-2019,mecachrome-v634
bcbf1929-7b75-4fc4-a4a8-f60aa81dd771,2019,6,14,yuki-tsunoda,jenzer-motorsport,dallara-f3-2019,mecachrome-v634
bcbf1929-7b75-4fc4-a4a8-f60aa81dd771,2019,6,15,giorgio-carrara,jenzer-motorsport,dallara-f3-2019,mecachrome-v634
bcbf1929-7b75-4fc4-a4a8-f60aa81dd771,2019,6,16,andreas-estner,jenzer-motorsport,dallara-f3-2019,mecachrome-v634
bcbf1929-7b75-4fc4-a4a8-f60aa81dd771,2019,6,17,devlin-defrancesco,trident-motorsport,dallara-f3-2019,mecachrome-v634
bcbf1929-7b75-4fc4-a4a8-f60aa81dd771,2019,6,18,pedro-piquet,trident-motorsport,dallara-f3-2019,mecachrome-v634
bcbf1929-7b75-4fc4-a4a8-f60aa81dd771,2019,6,19,niko-kari,trident-motorsport,dallara-f3-2019,mecachrome-v634
bcbf1929-7b75-4fc4-a4a8-f60aa81dd771,2019,6,20,leonardo-pulcini,hitech-racing,dallara-f3-2019,mecachrome-v634
bcbf1929-7b75-4fc4-a4a8-f60aa81dd771,2019,6,21,juri-vips,hitech-racing,dallara-f3-2019,mecachrome-v634
bcbf1929-7b75-4fc4-a4a8-f60aa81dd771,2019,6,22,yifei-ye,hitech-racing,dallara-f3-2019,mecachrome-v634
bcbf1929-7b75-4fc4-a4a8-f60aa81dd771,2019,6,23,alex-peroni,campos-racing,dallara-f3-2019,mecachrome-v634
bcbf1929-7b75-4fc4-a4a8-f60aa81dd771,2019,6,24,alessio-deledda,campos-racing,dallara-f3-2019,mecachrome-v634
bcbf1929-7b75-4fc4-a4a8-f60aa81dd771,2019,6,25,sebastian-fernandez,campos-racing,dallara-f3-2019,mecachrome-v634
bcbf1929-7b75-4fc4-a4a8-f60aa81dd771,2019,6,26,marcus-armstrong,prema-racing,dallara-f3-2019,mecachrome-v634
bcbf1929-7b75-4fc4-a4a8-f60aa81dd771,2019,6,27,jehan-daruvala,prema-racing,dallara-f3-2019,mecachrome-v634
bcbf1929-7b75-4fc4-a4a8-f60aa81dd771,2019,6,28,robert-shwartzman,prema-racing,dallara-f3-2019,mecachrome-v634
bcbf1929-7b75-4fc4-a4a8-f60aa81dd771,2019,6,29,teppei-natori,carlin,dallara-f3-2019,mecachrome-v634
bcbf1929-7b75-4fc4-a4a8-f60aa81dd771,2019,6,30,felipe-drugovich,carlin,dallara-f3-2019,mecachrome-v634
bcbf1929-7b75-4fc4-a4a8-f60aa81dd771,2019,6,31,logan-sargeant,carlin,dallara-f3-2019,mecachrome-v634
3509753b-3049-4a5a-be64-373597948a82,2019,7,1,david-beckmann,art-grand-prix,dallara-f3-2019,mecachrome-v634
3509753b-3049-4a5a-be64-373597948a82,2019,7,2,max-fewtrell,art-grand-prix,dallara-f3-2019,mecachrome-v634
3509753b-3049-4a5a-be64-373597948a82,2019,7,3,christian-lundgaard,art-grand-prix,dallara-f3-2019,mecachrome-v634
3509753b-3049-4a5a-be64-373597948a82,2019,7,4,liam-lawson,mp-motorsport,dallara-f3-2019,mecachrome-v634
3509753b-3049-4a5a-be64-373597948a82,2019,7,5,simo-laaksonen,mp-motorsport,dallara-f3-2019,mecachrome-v634
3509753b-3049-4a5a-be64-373597948a82,2019,7,6,richard-verschoor,mp-motorsport,dallara-f3-2019,mecachrome-v634
3509753b-3049-4a5a-be64-373597948a82,2019,7,7,lirim-zendeli,sauber-junior-team-by-charouz,dallara-f3-2019,mecachrome-v634
3509753b-3049-4a5a-be64-373597948a82,2019,7,8,fabio-scherer,sauber-junior-team-by-charouz,dallara-f3-2019,mecachrome-v634
3509753b-3049-4a5a-be64-373597948a82,2019,7,9,raoul-hyman,sauber-junior-team-by-charouz,dallara-f3-2019,mecachrome-v634
3509753b-3049-4a5a-be64-373597948a82,2019,7,10,bent-viscaal,hwa,dallara-f3-2019,mecachrome-v634
3509753b-3049-4a5a-be64-373597948a82,2019,7,11,jake-hughes,hwa,dallara-f3-2019,mecachrome-v634
3509753b-3049-4a5a-be64-373597948a82,2019,7,12,keyvan-andres,hwa,dallara-f3-2019,mecachrome-v634
3509753b-3049-4a5a-be64-373597948a82,2019,7,14,yuki-tsunoda,jenzer-motorsport,dallara-f3-2019,mecachrome-v634
3509753b-3049-4a5a-be64-373597948a82,2019,7,15,giorgio-carrara,jenzer-motorsport,dallara-f3-2019,mecachrome-v634
3509753b-3049-4a5a-be64-373597948a82,2019,7,16,andreas-estner,jenzer-motorsport,dallara-f3-2019,mecachrome-v634
3509753b-3049-4a5a-be64-373597948a82,2019,7,17,devlin-defrancesco,trident-motorsport,dallara-f3-2019,mecachrome-v634
3509753b-3049-4a5a-be64-373597948a82,2019,7,18,pedro-piquet,trident-motorsport,dallara-f3-2019,mecachrome-v634
3509753b-3049-4a5a-be64-373597948a82,2019,7,19,niko-kari,trident-motorsport,dallara-f3-2019,mecachrome-v634
3509753b-3049-4a5a-be64-373597948a82,2019,7,20,leonardo-pulcini,hitech-racing,dallara-f3-2019,mecachrome-v634
3509753b-3049-4a5a-be64-373597948a82,2019,7,21,juri-vips,hitech-racing,dallara-f3-2019,mecachrome-v634
3509753b-3049-4a5a-be64-373597948a82,2019,7,22,yifei-ye,hitech-racing,dallara-f3-2019,mecachrome-v634
3509753b-3049-4a5a-be64-373597948a82,2019,7,23,alex-peroni,campos-racing,dallara-f3-2019,mecachrome-v634
3509753b-3049-4a5a-be64-373597948a82,2019,7,24,alessio-deledda,campos-racing,dallara-f3-2019,mecachrome-v634
3509753b-3049-4a5a-be64-373597948a82,2019,7,25,sebastian-fernandez,campos-racing,dallara-f3-2019,mecachrome-v634
3509753b-3049-4a5a-be64-373597948a82,2019,7,26,marcus-armstrong,prema-racing,dallara-f3-2019,mecachrome-v634
3509753b-3049-4a5a-be64-373597948a82,2019,7,27,jehan-daruvala,prema-racing,dallara-f3-2019,mecachrome-v634
3509753b-3049-4a5a-be64-373597948a82,2019,7,28,robert-shwartzman,prema-racing,dallara-f3-2019,mecachrome-v634
3509753b-3049-4a5a-be64-373597948a82,2019,7,29,teppei-natori,carlin,dallara-f3-2019,mecachrome-v634
3509753b-3049-4a5a-be64-373597948a82,2019,7,30,felipe-drugovich,carlin,dallara-f3-2019,mecachrome-v634
3509753b-3049-4a5a-be64-373597948a82,2019,7,31,logan-sargeant,carlin,dallara-f3-2019,mecachrome-v634
08e595dd-2a8f-46c9-9deb-eaafb2b4e846,2019,8,1,david-beckmann,art-grand-prix,dallara-f3-2019,mecachrome-v634
08e595dd-2a8f-46c9-9deb-eaafb2b4e846,2019,8,2,max-fewtrell,art-grand-prix,dallara-f3-2019,mecachrome-v634
08e595dd-2a8f-46c9-9deb-eaafb2b4e846,2019,8,3,christian-lundgaard,art-grand-prix,dallara-f3-2019,mecachrome-v634
08e595dd-2a8f-46c9-9deb-eaafb2b4e846,2019,8,4,liam-lawson,mp-motorsport,dallara-f3-2019,mecachrome-v634
08e595dd-2a8f-46c9-9deb-eaafb2b4e846,2019,8,5,simo-laaksonen,mp-motorsport,dallara-f3-2019,mecachrome-v634
08e595dd-2a8f-46c9-9deb-eaafb2b4e846,2019,8,6,richard-verschoor,mp-motorsport,dallara-f3-2019,mecachrome-v634
08e595dd-2a8f-46c9-9deb-eaafb2b4e846,2019,8,7,lirim-zendeli,sauber-junior-team-by-charouz,dallara-f3-2019,mecachrome-v634
08e595dd-2a8f-46c9-9deb-eaafb2b4e846,2019,8,8,fabio-scherer,sauber-junior-team-by-charouz,dallara-f3-2019,mecachrome-v634
08e595dd-2a8f-46c9-9deb-eaafb2b4e846,2019,8,9,raoul-hyman,sauber-junior-team-by-charouz,dallara-f3-2019,mecachrome-v634
08e595dd-2a8f-46c9-9deb-eaafb2b4e846,2019,8,10,bent-viscaal,hwa,dallara-f3-2019,mecachrome-v634
08e595dd-2a8f-46c9-9deb-eaafb2b4e846,2019,8,11,jake-hughes,hwa,dallara-f3-2019,mecachrome-v634
08e595dd-2a8f-46c9-9deb-eaafb2b4e846,2019,8,12,keyvan-andres,hwa,dallara-f3-2019,mecachrome-v634
08e595dd-2a8f-46c9-9deb-eaafb2b4e846,2019,8,14,yuki-tsunoda,jenzer-motorsport,dallara-f3-2019,mecachrome-v634
08e595dd-2a8f-46c9-9deb-eaafb2b4e846,2019,8,15,charles-leong,jenzer-motorsport,dallara-f3-2019,mecachrome-v634
08e595dd-2a8f-46c9-9deb-eaafb2b4e846,2019,8,16,andreas-estner,jenzer-motorsport,dallara-f3-2019,mecachrome-v634
08e595dd-2a8f-46c9-9deb-eaafb2b4e846,2019,8,17,devlin-defrancesco,trident-motorsport,dallara-f3-2019,mecachrome-v634
08e595dd-2a8f-46c9-9deb-eaafb2b4e846,2019,8,18,pedro-piquet,trident-motorsport,dallara-f3-2019,mecachrome-v634
08e595dd-2a8f-46c9-9deb-eaafb2b4e846,2019,8,19,niko-kari,trident-motorsport,dallara-f3-2019,mecachrome-v634
08e595dd-2a8f-46c9-9deb-eaafb2b4e846,2019,8,20,leonardo-pulcini,hitech-racing,dallara-f3-2019,mecachrome-v634
08e595dd-2a8f-46c9-9deb-eaafb2b4e846,2019,8,21,juri-vips,hitech-racing,dallara-f3-2019,mecachrome-v634
08e595dd-2a8f-46c9-9deb-eaafb2b4e846,2019,8,22,yifei-ye,hitech-racing,dallara-f3-2019,mecachrome-v634
08e595dd-2a8f-46c9-9deb-eaafb2b4e846,2019,8,23,david-schumacher,campos-racing,dallara-f3-2019,mecachrome-v634
08e595dd-2a8f-46c9-9deb-eaafb2b4e846,2019,8,24,alessio-deledda,campos-racing,dallara-f3-2019,mecachrome-v634
08e595dd-2a8f-46c9-9deb-eaafb2b4e846,2019,8,25,sebastian-fernandez,campos-racing,dallara-f3-2019,mecachrome-v634
08e595dd-2a8f-46c9-9deb-eaafb2b4e846,2019,8,26,marcus-armstrong,prema-racing,dallara-f3-2019,mecachrome-v634
08e595dd-2a8f-46c9-9deb-eaafb2b4e846,2019,8,27,jehan-daruvala,prema-racing,dallara-f3-2019,mecachrome-v634
08e595dd-2a8f-46c9-9deb-eaafb2b4e846,2019,8,28,robert-shwartzman,prema-racing,dallara-f3-2019,mecachrome-v634
08e595dd-2a8f-46c9-9deb-eaafb2b4e846,2019,8,29,teppei-natori,carlin,dallara-f3-2019,mecachrome-v634
08e595dd-2a8f-46c9-9deb-eaafb2b4e846,2019,8,30,felipe-drugovich,carlin,dallara-f3-2019,mecachrome-v634
08e595dd-2a8f-46c9-9deb-eaafb2b4e846,2019,8,31,logan-sargeant,carlin,dallara-f3-2019,mecachrome-v634
8faa84bc-6f20-42ca-867a-7d37f6d1c671,2020,1,1,oscar-piastri,prema-racing,dallara-f3-2019,mecachrome-v634
8faa84bc-6f20-42ca-867a-7d37f6d1c671,2020,1,2,frederik-vesti,prema-racing,dallara-f3-2019,mecachrome-v634
8faa84bc-6f20-42ca-867a-7d37f6d1c671,2020,1,3,logan-sargeant,prema-racing,dallara-f3-2019,mecachrome-v634
8faa84bc-6f20-42ca-867a-7d37f6d1c671,2020,1,4,max-fewtrell,hitech-racing,dallara-f3-2019,mecachrome-v634
8faa84bc-6f20-42ca-867a-7d37f6d1c671,2020,1,5,liam-lawson,hitech-racing,dallara-f3-2019,mecachrome-v634
8faa84bc-6f20-42ca-867a-7d37f6d1c671,2020,1,6,dennis-hauger,hitech-racing,dallara-f3-2019,mecachrome-v634
8faa84bc-6f20-42ca-867a-7d37f6d1c671,2020,1,7,theo-pourchaire,art-grand-prix,dallara-f3-2019,mecachrome-v634
8faa84bc-6f20-42ca-867a-7d37f6d1c671,2020,1,8,alexander-smolyar,art-grand-prix,dallara-f3-2019,mecachrome-v634
8faa84bc-6f20-42ca-867a-7d37f6d1c671,2020,1,9,sebastian-fernandez,art-grand-prix,dallara-f3-2019,mecachrome-v634
8faa84bc-6f20-42ca-867a-7d37f6d1c671,2020,1,10,lirim-zendeli,trident-motorsport,dallara-f3-2019,mecachrome-v634
8faa84bc-6f20-42ca-867a-7d37f6d1c671,2020,1,11,david-beckmann,trident-motorsport,dallara-f3-2019,mecachrome-v634
8faa84bc-6f20-42ca-867a-7d37f6d1c671,2020,1,12,oliver-olli-caldwell,trident-motorsport,dallara-f3-2019,mecachrome-v634
8faa84bc-6f20-42ca-867a-7d37f6d1c671,2020,1,14,enzo-fittipaldi,hwa,dallara-f3-2019,mecachrome-v634
8faa84bc-6f20-42ca-867a-7d37f6d1c671,2020,1,15,jake-hughes,hwa,dallara-f3-2019,mecachrome-v634
8faa84bc-6f20-42ca-867a-7d37f6d1c671,2020,1,16,jack-doohan,hwa,dallara-f3-2019,mecachrome-v634
8faa84bc-6f20-42ca-867a-7d37f6d1c671,2020,1,17,richard-verschoor,mp-motorsport,dallara-f3-2019,mecachrome-v634
8faa84bc-6f20-42ca-867a-7d37f6d1c671,2020,1,18,bent-viscaal,mp-motorsport,dallara-f3-2019,mecachrome-v634
8faa84bc-6f20-42ca-867a-7d37f6d1c671,2020,1,19,lukas-dunner,mp-motorsport,dallara-f3-2019,mecachrome-v634
8faa84bc-6f20-42ca-867a-7d37f6d1c671,2020,1,20,calan-williams,jenzer-motorsport,dallara-f3-2019,mecachrome-v634
8faa84bc-6f20-42ca-867a-7d37f6d1c671,2020,1,21,federico-malvestiti,jenzer-motorsport,dallara-f3-2019,mecachrome-v634
8faa84bc-6f20-42ca-867a-7d37f6d1c671,2020,1,22,matteo-nannini,jenzer-motorsport,dallara-f3-2019,mecachrome-v634
8faa84bc-6f20-42ca-867a-7d37f6d1c671,2020,1,23,roman-stanek,charouz-racing-system,dallara-f3-2019,mecachrome-v634
8faa84bc-6f20-42ca-867a-7d37f6d1c671,2020,1,24,igor-fraga,charouz-racing-system,dallara-f3-2019,mecachrome-v634
8faa84bc-6f20-42ca-867a-7d37f6d1c671,2020,1,25,david-schumacher,charouz-racing-system,dallara-f3-2019,mecachrome-v634
8faa84bc-6f20-42ca-867a-7d37f6d1c671,2020,1,26,clement-novalak,carlin,dallara-f3-2019,mecachrome-v634
8faa84bc-6f20-42ca-867a-7d37f6d1c671,2020,1,27,enaam-ahmed,carlin,dallara-f3-2019,mecachrome-v634
8faa84bc-6f20-42ca-867a-7d37f6d1c671,2020,1,28,cameron-das,carlin,dallara-f3-2019,mecachrome-v634
8faa84bc-6f20-42ca-867a-7d37f6d1c671,2020,1,29,alex-peroni,campos-racing,dallara-f3-2019,mecachrome-v634
8faa84bc-6f20-42ca-867a-7d37f6d1c671,2020,1,30,alessio-deledda,campos-racing,dallara-f3-2019,mecachrome-v634
8faa84bc-6f20-42ca-867a-7d37f6d1c671,2020,1,31,sophia-florsch,campos-racing,dallara-f3-2019,mecachrome-v634
8fff3820-270b-4ec7-9402-a7b7e9905cb8,2020,2,1,oscar-piastri,prema-racing,dallara-f3-2019,mecachrome-v634
8fff3820-270b-4ec7-9402-a7b7e9905cb8,2020,2,2,frederik-vesti,prema-racing,dallara-f3-2019,mecachrome-v634
8fff3820-270b-4ec7-9402-a7b7e9905cb8,2020,2,3,logan-sargeant,prema-racing,dallara-f3-2019,mecachrome-v634
8fff3820-270b-4ec7-9402-a7b7e9905cb8,2020,2,4,max-fewtrell,hitech-racing,dallara-f3-2019,mecachrome-v634
8fff3820-270b-4ec7-9402-a7b7e9905cb8,2020,2,5,liam-lawson,hitech-racing,dallara-f3-2019,mecachrome-v634
8fff3820-270b-4ec7-9402-a7b7e9905cb8,2020,2,6,dennis-hauger,hitech-racing,dallara-f3-2019,mecachrome-v634
8fff3820-270b-4ec7-9402-a7b7e9905cb8,2020,2,7,theo-pourchaire,art-grand-prix,dallara-f3-2019,mecachrome-v634
8fff3820-270b-4ec7-9402-a7b7e9905cb8,2020,2,8,alexander-smolyar,art-grand-prix,dallara-f3-2019,mecachrome-v634
8fff3820-270b-4ec7-9402-a7b7e9905cb8,2020,2,9,sebastian-fernandez,art-grand-prix,dallara-f3-2019,mecachrome-v634
8fff3820-270b-4ec7-9402-a7b7e9905cb8,2020,2,10,lirim-zendeli,trident-motorsport,dallara-f3-2019,mecachrome-v634
8fff3820-270b-4ec7-9402-a7b7e9905cb8,2020,2,11,david-beckmann,trident-motorsport,dallara-f3-2019,mecachrome-v634
8fff3820-270b-4ec7-9402-a7b7e9905cb8,2020,2,12,oliver-olli-caldwell,trident-motorsport,dallara-f3-2019,mecachrome-v634
8fff3820-270b-4ec7-9402-a7b7e9905cb8,2020,2,14,enzo-fittipaldi,hwa,dallara-f3-2019,mecachrome-v634
8fff3820-270b-4ec7-9402-a7b7e9905cb8,2020,2,15,jake-hughes,hwa,dallara-f3-2019,mecachrome-v634
8fff3820-270b-4ec7-9402-a7b7e9905cb8,2020,2,16,jack-doohan,hwa,dallara-f3-2019,mecachrome-v634
8fff3820-270b-4ec7-9402-a7b7e9905cb8,2020,2,17,richard-verschoor,mp-motorsport,dallara-f3-2019,mecachrome-v634
8fff3820-270b-4ec7-9402-a7b7e9905cb8,2020,2,18,bent-viscaal,mp-motorsport,dallara-f3-2019,mecachrome-v634
8fff3820-270b-4ec7-9402-a7b7e9905cb8,2020,2,19,lukas-dunner,mp-motorsport,dallara-f3-2019,mecachrome-v634
8fff3820-270b-4ec7-9402-a7b7e9905cb8,2020,2,20,calan-williams,jenzer-motorsport,dallara-f3-2019,mecachrome-v634
8fff3820-270b-4ec7-9402-a7b7e9905cb8,2020,2,21,federico-malvestiti,jenzer-motorsport,dallara-f3-2019,mecachrome-v634
8fff3820-270b-4ec7-9402-a7b7e9905cb8,2020,2,22,matteo-nannini,jenzer-motorsport,dallara-f3-2019,mecachrome-v634
8fff3820-270b-4ec7-9402-a7b7e9905cb8,2020,2,23,roman-stanek,charouz-racing-system,dallara-f3-2019,mecachrome-v634
8fff3820-270b-4ec7-9402-a7b7e9905cb8,2020,2,24,igor-fraga,charouz-racing-system,dallara-f3-2019,mecachrome-v634
8fff3820-270b-4ec7-9402-a7b7e9905cb8,2020,2,25,david-schumacher,charouz-racing-system,dallara-f3-2019,mecachrome-v634
8fff3820-270b-4ec7-9402-a7b7e9905cb8,2020,2,26,clement-novalak,carlin,dallara-f3-2019,mecachrome-v634
8fff3820-270b-4ec7-9402-a7b7e9905cb8,2020,2,27,enaam-ahmed,carlin,dallara-f3-2019,mecachrome-v634
8fff3820-270b-4ec7-9402-a7b7e9905cb8,2020,2,28,cameron-das,carlin,dallara-f3-2019,mecachrome-v634
8fff3820-270b-4ec7-9402-a7b7e9905cb8,2020,2,29,alex-peroni,campos-racing,dallara-f3-2019,mecachrome-v634
8fff3820-270b-4ec7-9402-a7b7e9905cb8,2020,2,30,alessio-deledda,campos-racing,dallara-f3-2019,mecachrome-v634
8fff3820-270b-4ec7-9402-a7b7e9905cb8,2020,2,31,sophia-florsch,campos-racing,dallara-f3-2019,mecachrome-v634
ffc0ec06-d531-47f3-a4e6-f9d73f836c14,2020,3,1,oscar-piastri,prema-racing,dallara-f3-2019,mecachrome-v634
ffc0ec06-d531-47f3-a4e6-f9d73f836c14,2020,3,2,frederik-vesti,prema-racing,dallara-f3-2019,mecachrome-v634
ffc0ec06-d531-47f3-a4e6-f9d73f836c14,2020,3,3,logan-sargeant,prema-racing,dallara-f3-2019,mecachrome-v634
ffc0ec06-d531-47f3-a4e6-f9d73f836c14,2020,3,4,max-fewtrell,hitech-racing,dallara-f3-2019,mecachrome-v634
ffc0ec06-d531-47f3-a4e6-f9d73f836c14,2020,3,5,liam-lawson,hitech-racing,dallara-f3-2019,mecachrome-v634
ffc0ec06-d531-47f3-a4e6-f9d73f836c14,2020,3,6,dennis-hauger,hitech-racing,dallara-f3-2019,mecachrome-v634
ffc0ec06-d531-47f3-a4e6-f9d73f836c14,2020,3,7,theo-pourchaire,art-grand-prix,dallara-f3-2019,mecachrome-v634
ffc0ec06-d531-47f3-a4e6-f9d73f836c14,2020,3,8,alexander-smolyar,art-grand-prix,dallara-f3-2019,mecachrome-v634
ffc0ec06-d531-47f3-a4e6-f9d73f836c14,2020,3,9,sebastian-fernandez,art-grand-prix,dallara-f3-2019,mecachrome-v634
ffc0ec06-d531-47f3-a4e6-f9d73f836c14,2020,3,10,lirim-zendeli,trident-motorsport,dallara-f3-2019,mecachrome-v634
ffc0ec06-d531-47f3-a4e6-f9d73f836c14,2020,3,11,david-beckmann,trident-motorsport,dallara-f3-2019,mecachrome-v634
ffc0ec06-d531-47f3-a4e6-f9d73f836c14,2020,3,12,oliver-olli-caldwell,trident-motorsport,dallara-f3-2019,mecachrome-v634
ffc0ec06-d531-47f3-a4e6-f9d73f836c14,2020,3,14,enzo-fittipaldi,hwa,dallara-f3-2019,mecachrome-v634
ffc0ec06-d531-47f3-a4e6-f9d73f836c14,2020,3,15,jake-hughes,hwa,dallara-f3-2019,mecachrome-v634
ffc0ec06-d531-47f3-a4e6-f9d73f836c14,2020,3,16,jack-doohan,hwa,dallara-f3-2019,mecachrome-v634
ffc0ec06-d531-47f3-a4e6-f9d73f836c14,2020,3,17,richard-verschoor,mp-motorsport,dallara-f3-2019,mecachrome-v634
ffc0ec06-d531-47f3-a4e6-f9d73f836c14,2020,3,18,bent-viscaal,mp-motorsport,dallara-f3-2019,mecachrome-v634
ffc0ec06-d531-47f3-a4e6-f9d73f836c14,2020,3,19,lukas-dunner,mp-motorsport,dallara-f3-2019,mecachrome-v634
ffc0ec06-d531-47f3-a4e6-f9d73f836c14,2020,3,20,calan-williams,jenzer-motorsport,dallara-f3-2019,mecachrome-v634
ffc0ec06-d531-47f3-a4e6-f9d73f836c14,2020,3,21,federico-malvestiti,jenzer-motorsport,dallara-f3-2019,mecachrome-v634
ffc0ec06-d531-47f3-a4e6-f9d73f836c14,2020,3,22,matteo-nannini,jenzer-motorsport,dallara-f3-2019,mecachrome-v634
ffc0ec06-d531-47f3-a4e6-f9d73f836c14,2020,3,23,roman-stanek,charouz-racing-system,dallara-f3-2019,mecachrome-v634
ffc0ec06-d531-47f3-a4e6-f9d73f836c14,2020,3,24,igor-fraga,charouz-racing-system,dallara-f3-2019,mecachrome-v634
ffc0ec06-d531-47f3-a4e6-f9d73f836c14,2020,3,25,david-schumacher,charouz-racing-system,dallara-f3-2019,mecachrome-v634
ffc0ec06-d531-47f3-a4e6-f9d73f836c14,2020,3,26,clement-novalak,carlin,dallara-f3-2019,mecachrome-v634
ffc0ec06-d531-47f3-a4e6-f9d73f836c14,2020,3,27,enaam-ahmed,carlin,dallara-f3-2019,mecachrome-v634
ffc0ec06-d531-47f3-a4e6-f9d73f836c14,2020,3,28,cameron-das,carlin,dallara-f3-2019,mecachrome-v634
ffc0ec06-d531-47f3-a4e6-f9d73f836c14,2020,3,29,alex-peroni,campos-racing,dallara-f3-2019,mecachrome-v634
ffc0ec06-d531-47f3-a4e6-f9d73f836c14,2020,3,30,alessio-deledda,campos-racing,dallara-f3-2019,mecachrome-v634
ffc0ec06-d531-47f3-a4e6-f9d73f836c14,2020,3,31,sophia-florsch,campos-racing,dallara-f3-2019,mecachrome-v634
dcb57357-e1d1-4a5c-8f43-6faaa7c4131d,2020,4,1,oscar-piastri,prema-racing,dallara-f3-2019,mecachrome-v634
dcb57357-e1d1-4a5c-8f43-6faaa7c4131d,2020,4,2,frederik-vesti,prema-racing,dallara-f3-2019,mecachrome-v634
dcb57357-e1d1-4a5c-8f43-6faaa7c4131d,2020,4,3,logan-sargeant,prema-racing,dallara-f3-2019,mecachrome-v634
dcb57357-e1d1-4a5c-8f43-6faaa7c4131d,2020,4,4,max-fewtrell,hitech-racing,dallara-f3-2019,mecachrome-v634
dcb57357-e1d1-4a5c-8f43-6faaa7c4131d,2020,4,5,liam-lawson,hitech-racing,dallara-f3-2019,mecachrome-v634
dcb57357-e1d1-4a5c-8f43-6faaa7c4131d,2020,4,6,dennis-hauger,hitech-racing,dallara-f3-2019,mecachrome-v634
dcb57357-e1d1-4a5c-8f43-6faaa7c4131d,2020,4,7,theo-pourchaire,art-grand-prix,dallara-f3-2019,mecachrome-v634
dcb57357-e1d1-4a5c-8f43-6faaa7c4131d,2020,4,8,alexander-smolyar,art-grand-prix,dallara-f3-2019,mecachrome-v634
dcb57357-e1d1-4a5c-8f43-6faaa7c4131d,2020,4,9,sebastian-fernandez,art-grand-prix,dallara-f3-2019,mecachrome-v634
dcb57357-e1d1-4a5c-8f43-6faaa7c4131d,2020,4,10,lirim-zendeli,trident-motorsport,dallara-f3-2019,mecachrome-v634
dcb57357-e1d1-4a5c-8f43-6faaa7c4131d,2020,4,11,david-beckmann,trident-motorsport,dallara-f3-2019,mecachrome-v634
dcb57357-e1d1-4a5c-8f43-6faaa7c4131d,2020,4,12,oliver-olli-caldwell,trident-motorsport,dallara-f3-2019,mecachrome-v634
dcb57357-e1d1-4a5c-8f43-6faaa7c4131d,2020,4,14,enzo-fittipaldi,hwa,dallara-f3-2019,mecachrome-v634
dcb57357-e1d1-4a5c-8f43-6faaa7c4131d,2020,4,15,jake-hughes,hwa,dallara-f3-2019,mecachrome-v634
dcb57357-e1d1-4a5c-8f43-6faaa7c4131d,2020,4,16,jack-doohan,hwa,dallara-f3-2019,mecachrome-v634
dcb57357-e1d1-4a5c-8f43-6faaa7c4131d,2020,4,17,richard-verschoor,mp-motorsport,dallara-f3-2019,mecachrome-v634
dcb57357-e1d1-4a5c-8f43-6faaa7c4131d,2020,4,18,bent-viscaal,mp-motorsport,dallara-f3-2019,mecachrome-v634
dcb57357-e1d1-4a5c-8f43-6faaa7c4131d,2020,4,19,lukas-dunner,mp-motorsport,dallara-f3-2019,mecachrome-v634
dcb57357-e1d1-4a5c-8f43-6faaa7c4131d,2020,4,20,calan-williams,jenzer-motorsport,dallara-f3-2019,mecachrome-v634
dcb57357-e1d1-4a5c-8f43-6faaa7c4131d,2020,4,21,federico-malvestiti,jenzer-motorsport,dallara-f3-2019,mecachrome-v634
dcb57357-e1d1-4a5c-8f43-6faaa7c4131d,2020,4,22,matteo-nannini,jenzer-motorsport,dallara-f3-2019,mecachrome-v634
dcb57357-e1d1-4a5c-8f43-6faaa7c4131d,2020,4,23,roman-stanek,charouz-racing-system,dallara-f3-2019,mecachrome-v634
dcb57357-e1d1-4a5c-8f43-6faaa7c4131d,2020,4,24,igor-fraga,charouz-racing-system,dallara-f3-2019,mecachrome-v634
dcb57357-e1d1-4a5c-8f43-6faaa7c4131d,2020,4,25,david-schumacher,charouz-racing-system,dallara-f3-2019,mecachrome-v634
dcb57357-e1d1-4a5c-8f43-6faaa7c4131d,2020,4,26,clement-novalak,carlin,dallara-f3-2019,mecachrome-v634
dcb57357-e1d1-4a5c-8f43-6faaa7c4131d,2020,4,27,ben-barnicoat,carlin,dallara-f3-2019,mecachrome-v634
dcb57357-e1d1-4a5c-8f43-6faaa7c4131d,2020,4,28,cameron-das,carlin,dallara-f3-2019,mecachrome-v634
dcb57357-e1d1-4a5c-8f43-6faaa7c4131d,2020,4,29,alex-peroni,campos-racing,dallara-f3-2019,mecachrome-v634
dcb57357-e1d1-4a5c-8f43-6faaa7c4131d,2020,4,30,alessio-deledda,campos-racing,dallara-f3-2019,mecachrome-v634
dcb57357-e1d1-4a5c-8f43-6faaa7c4131d,2020,4,31,sophia-florsch,campos-racing,dallara-f3-2019,mecachrome-v634
0b1d80d6-5900-4cc4-83ac-f7ec83869e96,2020,5,1,oscar-piastri,prema-racing,dallara-f3-2019,mecachrome-v634
0b1d80d6-5900-4cc4-83ac-f7ec83869e96,2020,5,2,frederik-vesti,prema-racing,dallara-f3-2019,mecachrome-v634
0b1d80d6-5900-4cc4-83ac-f7ec83869e96,2020,5,3,logan-sargeant,prema-racing,dallara-f3-2019,mecachrome-v634
0b1d80d6-5900-4cc4-83ac-f7ec83869e96,2020,5,4,max-fewtrell,hitech-racing,dallara-f3-2019,mecachrome-v634
0b1d80d6-5900-4cc4-83ac-f7ec83869e96,2020,5,5,liam-lawson,hitech-racing,dallara-f3-2019,mecachrome-v634
0b1d80d6-5900-4cc4-83ac-f7ec83869e96,2020,5,6,dennis-hauger,hitech-racing,dallara-f3-2019,mecachrome-v634
0b1d80d6-5900-4cc4-83ac-f7ec83869e96,2020,5,7,theo-pourchaire,art-grand-prix,dallara-f3-2019,mecachrome-v634
0b1d80d6-5900-4cc4-83ac-f7ec83869e96,2020,5,8,alexander-smolyar,art-grand-prix,dallara-f3-2019,mecachrome-v634
0b1d80d6-5900-4cc4-83ac-f7ec83869e96,2020,5,9,sebastian-fernandez,art-grand-prix,dallara-f3-2019,mecachrome-v634
0b1d80d6-5900-4cc4-83ac-f7ec83869e96,2020,5,10,lirim-zendeli,trident-motorsport,dallara-f3-2019,mecachrome-v634
0b1d80d6-5900-4cc4-83ac-f7ec83869e96,2020,5,11,david-beckmann,trident-motorsport,dallara-f3-2019,mecachrome-v634
0b1d80d6-5900-4cc4-83ac-f7ec83869e96,2020,5,12,oliver-olli-caldwell,trident-motorsport,dallara-f3-2019,mecachrome-v634
0b1d80d6-5900-4cc4-83ac-f7ec83869e96,2020,5,14,enzo-fittipaldi,hwa,dallara-f3-2019,mecachrome-v634
0b1d80d6-5900-4cc4-83ac-f7ec83869e96,2020,5,15,jake-hughes,hwa,dallara-f3-2019,mecachrome-v634
0b1d80d6-5900-4cc4-83ac-f7ec83869e96,2020,5,16,jack-doohan,hwa,dallara-f3-2019,mecachrome-v634
0b1d80d6-5900-4cc4-83ac-f7ec83869e96,2020,5,17,richard-verschoor,mp-motorsport,dallara-f3-2019,mecachrome-v634
0b1d80d6-5900-4cc4-83ac-f7ec83869e96,2020,5,18,bent-viscaal,mp-motorsport,dallara-f3-2019,mecachrome-v634
0b1d80d6-5900-4cc4-83ac-f7ec83869e96,2020,5,19,lukas-dunner,mp-motorsport,dallara-f3-2019,mecachrome-v634
0b1d80d6-5900-4cc4-83ac-f7ec83869e96,2020,5,20,calan-williams,jenzer-motorsport,dallara-f3-2019,mecachrome-v634
0b1d80d6-5900-4cc4-83ac-f7ec83869e96,2020,5,21,federico-malvestiti,jenzer-motorsport,dallara-f3-2019,mecachrome-v634
0b1d80d6-5900-4cc4-83ac-f7ec83869e96,2020,5,22,matteo-nannini,jenzer-motorsport,dallara-f3-2019,mecachrome-v634
0b1d80d6-5900-4cc4-83ac-f7ec83869e96,2020,5,23,roman-stanek,charouz-racing-system,dallara-f3-2019,mecachrome-v634
0b1d80d6-5900-4cc4-83ac-f7ec83869e96,2020,5,24,igor-fraga,charouz-racing-system,dallara-f3-2019,mecachrome-v634
0b1d80d6-5900-4cc4-83ac-f7ec83869e96,2020,5,25,david-schumacher,charouz-racing-system,dallara-f3-2019,mecachrome-v634
0b1d80d6-5900-4cc4-83ac-f7ec83869e96,2020,5,26,clement-novalak,carlin,dallara-f3-2019,mecachrome-v634
0b1d80d6-5900-4cc4-83ac-f7ec83869e96,2020,5,27,ben-barnicoat,carlin,dallara-f3-2019,mecachrome-v634
0b1d80d6-5900-4cc4-83ac-f7ec83869e96,2020,5,28,cameron-das,carlin,dallara-f3-2019,mecachrome-v634
0b1d80d6-5900-4cc4-83ac-f7ec83869e96,2020,5,29,alex-peroni,campos-racing,dallara-f3-2019,mecachrome-v634
0b1d80d6-5900-4cc4-83ac-f7ec83869e96,2020,5,30,alessio-deledda,campos-racing,dallara-f3-2019,mecachrome-v634
0b1d80d6-5900-4cc4-83ac-f7ec83869e96,2020,5,31,sophia-florsch,campos-racing,dallara-f3-2019,mecachrome-v634
aecb6b15-edbe-4fc7-a65d-9fcf7009090c,2020,6,1,oscar-piastri,prema-racing,dallara-f3-2019,mecachrome-v634
aecb6b15-edbe-4fc7-a65d-9fcf7009090c,2020,6,2,frederik-vesti,prema-racing,dallara-f3-2019,mecachrome-v634
aecb6b15-edbe-4fc7-a65d-9fcf7009090c,2020,6,3,logan-sargeant,prema-racing,dallara-f3-2019,mecachrome-v634
aecb6b15-edbe-4fc7-a65d-9fcf7009090c,2020,6,4,max-fewtrell,hitech-racing,dallara-f3-2019,mecachrome-v634
aecb6b15-edbe-4fc7-a65d-9fcf7009090c,2020,6,5,liam-lawson,hitech-racing,dallara-f3-2019,mecachrome-v634
aecb6b15-edbe-4fc7-a65d-9fcf7009090c,2020,6,6,dennis-hauger,hitech-racing,dallara-f3-2019,mecachrome-v634
aecb6b15-edbe-4fc7-a65d-9fcf7009090c,2020,6,7,theo-pourchaire,art-grand-prix,dallara-f3-2019,mecachrome-v634
aecb6b15-edbe-4fc7-a65d-9fcf7009090c,2020,6,8,alexander-smolyar,art-grand-prix,dallara-f3-2019,mecachrome-v634
aecb6b15-edbe-4fc7-a65d-9fcf7009090c,2020,6,9,sebastian-fernandez,art-grand-prix,dallara-f3-2019,mecachrome-v634
aecb6b15-edbe-4fc7-a65d-9fcf7009090c,2020,6,10,lirim-zendeli,trident-motorsport,dallara-f3-2019,mecachrome-v634
aecb6b15-edbe-4fc7-a65d-9fcf7009090c,2020,6,11,david-beckmann,trident-motorsport,dallara-f3-2019,mecachrome-v634
aecb6b15-edbe-4fc7-a65d-9fcf7009090c,2020,6,12,oliver-olli-caldwell,trident-motorsport,dallara-f3-2019,mecachrome-v634
aecb6b15-edbe-4fc7-a65d-9fcf7009090c,2020,6,14,enzo-fittipaldi,hwa,dallara-f3-2019,mecachrome-v634
aecb6b15-edbe-4fc7-a65d-9fcf7009090c,2020,6,15,jake-hughes,hwa,dallara-f3-2019,mecachrome-v634
aecb6b15-edbe-4fc7-a65d-9fcf7009090c,2020,6,16,jack-doohan,hwa,dallara-f3-2019,mecachrome-v634
aecb6b15-edbe-4fc7-a65d-9fcf7009090c,2020,6,17,richard-verschoor,mp-motorsport,dallara-f3-2019,mecachrome-v634
aecb6b15-edbe-4fc7-a65d-9fcf7009090c,2020,6,18,bent-viscaal,mp-motorsport,dallara-f3-2019,mecachrome-v634
aecb6b15-edbe-4fc7-a65d-9fcf7009090c,2020,6,19,lukas-dunner,mp-motorsport,dallara-f3-2019,mecachrome-v634
aecb6b15-edbe-4fc7-a65d-9fcf7009090c,2020,6,20,calan-williams,jenzer-motorsport,dallara-f3-2019,mecachrome-v634
aecb6b15-edbe-4fc7-a65d-9fcf7009090c,2020,6,21,federico-malvestiti,jenzer-motorsport,dallara-f3-2019,mecachrome-v634
aecb6b15-edbe-4fc7-a65d-9fcf7009090c,2020,6,22,matteo-nannini,jenzer-motorsport,dallara-f3-2019,mecachrome-v634
aecb6b15-edbe-4fc7-a65d-9fcf7009090c,2020,6,23,roman-stanek,charouz-racing-system,dallara-f3-2019,mecachrome-v634
aecb6b15-edbe-4fc7-a65d-9fcf7009090c,2020,6,24,igor-fraga,charouz-racing-system,dallara-f3-2019,mecachrome-v634
aecb6b15-edbe-4fc7-a65d-9fcf7009090c,2020,6,25,david-schumacher,charouz-racing-system,dallara-f3-2019,mecachrome-v634
aecb6b15-edbe-4fc7-a65d-9fcf7009090c,2020,6,26,clement-novalak,carlin,dallara-f3-2019,mecachrome-v634
aecb6b15-edbe-4fc7-a65d-9fcf7009090c,2020,6,27,leonardo-pulcini,carlin,dallara-f3-2019,mecachrome-v634
aecb6b15-edbe-4fc7-a65d-9fcf7009090c,2020,6,28,cameron-das,carlin,dallara-f3-2019,mecachrome-v634
aecb6b15-edbe-4fc7-a65d-9fcf7009090c,2020,6,29,alex-peroni,campos-racing,dallara-f3-2019,mecachrome-v634
aecb6b15-edbe-4fc7-a65d-9fcf7009090c,2020,6,30,alessio-deledda,campos-racing,dallara-f3-2019,mecachrome-v634
aecb6b15-edbe-4fc7-a65d-9fcf7009090c,2020,6,31,sophia-florsch,campos-racing,dallara-f3-2019,mecachrome-v634
be93535b-6735-4e37-8cdc-af6337a907f1,2020,7,1,oscar-piastri,prema-racing,dallara-f3-2019,mecachrome-v634
be93535b-6735-4e37-8cdc-af6337a907f1,2020,7,2,frederik-vesti,prema-racing,dallara-f3-2019,mecachrome-v634
be93535b-6735-4e37-8cdc-af6337a907f1,2020,7,3,logan-sargeant,prema-racing,dallara-f3-2019,mecachrome-v634
be93535b-6735-4e37-8cdc-af6337a907f1,2020,7,4,pierre-louis-chovet,hitech-racing,dallara-f3-2019,mecachrome-v634
be93535b-6735-4e37-8cdc-af6337a907f1,2020,7,5,liam-lawson,hitech-racing,dallara-f3-2019,mecachrome-v634
be93535b-6735-4e37-8cdc-af6337a907f1,2020,7,6,dennis-hauger,hitech-racing,dallara-f3-2019,mecachrome-v634
be93535b-6735-4e37-8cdc-af6337a907f1,2020,7,7,theo-pourchaire,art-grand-prix,dallara-f3-2019,mecachrome-v634
be93535b-6735-4e37-8cdc-af6337a907f1,2020,7,8,alexander-smolyar,art-grand-prix,dallara-f3-2019,mecachrome-v634
be93535b-6735-4e37-8cdc-af6337a907f1,2020,7,9,sebastian-fernandez,art-grand-prix,dallara-f3-2019,mecachrome-v634
be93535b-6735-4e37-8cdc-af6337a907f1,2020,7,10,lirim-zendeli,trident-motorsport,dallara-f3-2019,mecachrome-v634
be93535b-6735-4e37-8cdc-af6337a907f1,2020,7,11,david-beckmann,trident-motorsport,dallara-f3-2019,mecachrome-v634
be93535b-6735-4e37-8cdc-af6337a907f1,2020,7,12,oliver-olli-caldwell,trident-motorsport,dallara-f3-2019,mecachrome-v634
be93535b-6735-4e37-8cdc-af6337a907f1,2020,7,14,enzo-fittipaldi,hwa,dallara-f3-2019,mecachrome-v634
be93535b-6735-4e37-8cdc-af6337a907f1,2020,7,15,jake-hughes,hwa,dallara-f3-2019,mecachrome-v634
be93535b-6735-4e37-8cdc-af6337a907f1,2020,7,16,jack-doohan,hwa,dallara-f3-2019,mecachrome-v634
be93535b-6735-4e37-8cdc-af6337a907f1,2020,7,17,richard-verschoor,mp-motorsport,dallara-f3-2019,mecachrome-v634
be93535b-6735-4e37-8cdc-af6337a907f1,2020,7,18,bent-viscaal,mp-motorsport,dallara-f3-2019,mecachrome-v634
be93535b-6735-4e37-8cdc-af6337a907f1,2020,7,19,lukas-dunner,mp-motorsport,dallara-f3-2019,mecachrome-v634
be93535b-6735-4e37-8cdc-af6337a907f1,2020,7,20,calan-williams,jenzer-motorsport,dallara-f3-2019,mecachrome-v634
be93535b-6735-4e37-8cdc-af6337a907f1,2020,7,21,federico-malvestiti,jenzer-motorsport,dallara-f3-2019,mecachrome-v634
be93535b-6735-4e37-8cdc-af6337a907f1,2020,7,22,matteo-nannini,jenzer-motorsport,dallara-f3-2019,mecachrome-v634
be93535b-6735-4e37-8cdc-af6337a907f1,2020,7,23,roman-stanek,charouz-racing-system,dallara-f3-2019,mecachrome-v634
be93535b-6735-4e37-8cdc-af6337a907f1,2020,7,24,igor-fraga,charouz-racing-system,dallara-f3-2019,mecachrome-v634
be93535b-6735-4e37-8cdc-af6337a907f1,2020,7,25,michael-belov,charouz-racing-system,dallara-f3-2019,mecachrome-v634
be93535b-6735-4e37-8cdc-af6337a907f1,2020,7,26,clement-novalak,carlin,dallara-f3-2019,mecachrome-v634
be93535b-6735-4e37-8cdc-af6337a907f1,2020,7,27,david-schumacher,carlin,dallara-f3-2019,mecachrome-v634
be93535b-6735-4e37-8cdc-af6337a907f1,2020,7,28,cameron-das,carlin,dallara-f3-2019,mecachrome-v634
be93535b-6735-4e37-8cdc-af6337a907f1,2020,7,29,alex-peroni,campos-racing,dallara-f3-2019,mecachrome-v634
be93535b-6735-4e37-8cdc-af6337a907f1,2020,7,30,alessio-deledda,campos-racing,dallara-f3-2019,mecachrome-v634
be93535b-6735-4e37-8cdc-af6337a907f1,2020,7,31,andreas-estner,campos-racing,dallara-f3-2019,mecachrome-v634
45bdb690-fc5d-46b1-9790-e2f96828583c,2020,8,1,oscar-piastri,prema-racing,dallara-f3-2019,mecachrome-v634
45bdb690-fc5d-46b1-9790-e2f96828583c,2020,8,2,frederik-vesti,prema-racing,dallara-f3-2019,mecachrome-v634
45bdb690-fc5d-46b1-9790-e2f96828583c,2020,8,3,logan-sargeant,prema-racing,dallara-f3-2019,mecachrome-v634
45bdb690-fc5d-46b1-9790-e2f96828583c,2020,8,4,pierre-louis-chovet,hitech-racing,dallara-f3-2019,mecachrome-v634
45bdb690-fc5d-46b1-9790-e2f96828583c,2020,8,5,liam-lawson,hitech-racing,dallara-f3-2019,mecachrome-v634
45bdb690-fc5d-46b1-9790-e2f96828583c,2020,8,6,dennis-hauger,hitech-racing,dallara-f3-2019,mecachrome-v634
45bdb690-fc5d-46b1-9790-e2f96828583c,2020,8,7,theo-pourchaire,art-grand-prix,dallara-f3-2019,mecachrome-v634
45bdb690-fc5d-46b1-9790-e2f96828583c,2020,8,8,alexander-smolyar,art-grand-prix,dallara-f3-2019,mecachrome-v634
45bdb690-fc5d-46b1-9790-e2f96828583c,2020,8,9,sebastian-fernandez,art-grand-prix,dallara-f3-2019,mecachrome-v634
45bdb690-fc5d-46b1-9790-e2f96828583c,2020,8,10,lirim-zendeli,trident-motorsport,dallara-f3-2019,mecachrome-v634
45bdb690-fc5d-46b1-9790-e2f96828583c,2020,8,11,david-beckmann,trident-motorsport,dallara-f3-2019,mecachrome-v634
45bdb690-fc5d-46b1-9790-e2f96828583c,2020,8,12,oliver-olli-caldwell,trident-motorsport,dallara-f3-2019,mecachrome-v634
45bdb690-fc5d-46b1-9790-e2f96828583c,2020,8,14,enzo-fittipaldi,hwa,dallara-f3-2019,mecachrome-v634
45bdb690-fc5d-46b1-9790-e2f96828583c,2020,8,15,jake-hughes,hwa,dallara-f3-2019,mecachrome-v634
45bdb690-fc5d-46b1-9790-e2f96828583c,2020,8,16,jack-doohan,hwa,dallara-f3-2019,mecachrome-v634
45bdb690-fc5d-46b1-9790-e2f96828583c,2020,8,17,richard-verschoor,mp-motorsport,dallara-f3-2019,mecachrome-v634
45bdb690-fc5d-46b1-9790-e2f96828583c,2020,8,18,bent-viscaal,mp-motorsport,dallara-f3-2019,mecachrome-v634
45bdb690-fc5d-46b1-9790-e2f96828583c,2020,8,19,lukas-dunner,mp-motorsport,dallara-f3-2019,mecachrome-v634
45bdb690-fc5d-46b1-9790-e2f96828583c,2020,8,20,calan-williams,jenzer-motorsport,dallara-f3-2019,mecachrome-v634
45bdb690-fc5d-46b1-9790-e2f96828583c,2020,8,21,federico-malvestiti,jenzer-motorsport,dallara-f3-2019,mecachrome-v634
45bdb690-fc5d-46b1-9790-e2f96828583c,2020,8,22,matteo-nannini,jenzer-motorsport,dallara-f3-2019,mecachrome-v634
45bdb690-fc5d-46b1-9790-e2f96828583c,2020,8,23,roman-stanek,charouz-racing-system,dallara-f3-2019,mecachrome-v634
45bdb690-fc5d-46b1-9790-e2f96828583c,2020,8,24,igor-fraga,charouz-racing-system,dallara-f3-2019,mecachrome-v634
45bdb690-fc5d-46b1-9790-e2f96828583c,2020,8,25,michael-belov,charouz-racing-system,dallara-f3-2019,mecachrome-v634
45bdb690-fc5d-46b1-9790-e2f96828583c,2020,8,26,clement-novalak,carlin,dallara-f3-2019,mecachrome-v634
45bdb690-fc5d-46b1-9790-e2f96828583c,2020,8,27,david-schumacher,carlin,dallara-f3-2019,mecachrome-v634
45bdb690-fc5d-46b1-9790-e2f96828583c,2020,8,28,cameron-das,carlin,dallara-f3-2019,mecachrome-v634
45bdb690-fc5d-46b1-9790-e2f96828583c,2020,8,29,alex-peroni,campos-racing,dallara-f3-2019,mecachrome-v634
45bdb690-fc5d-46b1-9790-e2f96828583c,2020,8,30,alessio-deledda,campos-racing,dallara-f3-2019,mecachrome-v634
45bdb690-fc5d-46b1-9790-e2f96828583c,2020,8,31,sophia-florsch,campos-racing,dallara-f3-2019,mecachrome-v634
6a3b72c3-cf93-493e-8924-f1ed62abfa97,2020,9,1,oscar-piastri,prema-racing,dallara-f3-2019,mecachrome-v634
6a3b72c3-cf93-493e-8924-f1ed62abfa97,2020,9,2,frederik-vesti,prema-racing,dallara-f3-2019,mecachrome-v634
6a3b72c3-cf93-493e-8924-f1ed62abfa97,2020,9,3,logan-sargeant,prema-racing,dallara-f3-2019,mecachrome-v634
6a3b72c3-cf93-493e-8924-f1ed62abfa97,2020,9,5,liam-lawson,hitech-racing,dallara-f3-2019,mecachrome-v634
6a3b72c3-cf93-493e-8924-f1ed62abfa97,2020,9,6,dennis-hauger,hitech-racing,dallara-f3-2019,mecachrome-v634
6a3b72c3-cf93-493e-8924-f1ed62abfa97,2020,9,7,theo-pourchaire,art-grand-prix,dallara-f3-2019,mecachrome-v634
6a3b72c3-cf93-493e-8924-f1ed62abfa97,2020,9,8,alexander-smolyar,art-grand-prix,dallara-f3-2019,mecachrome-v634
6a3b72c3-cf93-493e-8924-f1ed62abfa97,2020,9,9,sebastian-fernandez,art-grand-prix,dallara-f3-2019,mecachrome-v634
6a3b72c3-cf93-493e-8924-f1ed62abfa97,2020,9,10,lirim-zendeli,trident-motorsport,dallara-f3-2019,mecachrome-v634
6a3b72c3-cf93-493e-8924-f1ed62abfa97,2020,9,11,david-beckmann,trident-motorsport,dallara-f3-2019,mecachrome-v634
6a3b72c3-cf93-493e-8924-f1ed62abfa97,2020,9,12,oliver-olli-caldwell,trident-motorsport,dallara-f3-2019,mecachrome-v634
6a3b72c3-cf93-493e-8924-f1ed62abfa97,2020,9,14,enzo-fittipaldi,hwa,dallara-f3-2019,mecachrome-v634
6a3b72c3-cf93-493e-8924-f1ed62abfa97,2020,9,15,jake-hughes,hwa,dallara-f3-2019,mecachrome-v634
6a3b72c3-cf93-493e-8924-f1ed62abfa97,2020,9,16,jack-doohan,hwa,dallara-f3-2019,mecachrome-v634
6a3b72c3-cf93-493e-8924-f1ed62abfa97,2020,9,17,richard-verschoor,mp-motorsport,dallara-f3-2019,mecachrome-v634
6a3b72c3-cf93-493e-8924-f1ed62abfa97,2020,9,18,bent-viscaal,mp-motorsport,dallara-f3-2019,mecachrome-v634
6a3b72c3-cf93-493e-8924-f1ed62abfa97,2020,9,19,lukas-dunner,mp-motorsport,dallara-f3-2019,mecachrome-v634
6a3b72c3-cf93-493e-8924-f1ed62abfa97,2020,9,20,calan-williams,jenzer-motorsport,dallara-f3-2019,mecachrome-v634
6a3b72c3-cf93-493e-8924-f1ed62abfa97,2020,9,21,federico-malvestiti,jenzer-motorsport,dallara-f3-2019,mecachrome-v634
6a3b72c3-cf93-493e-8924-f1ed62abfa97,2020,9,22,matteo-nannini,jenzer-motorsport,dallara-f3-2019,mecachrome-v634
6a3b72c3-cf93-493e-8924-f1ed62abfa97,2020,9,23,roman-stanek,charouz-racing-system,dallara-f3-2019,mecachrome-v634
6a3b72c3-cf93-493e-8924-f1ed62abfa97,2020,9,24,igor-fraga,charouz-racing-system,dallara-f3-2019,mecachrome-v634
6a3b72c3-cf93-493e-8924-f1ed62abfa97,2020,9,25,michael-belov,charouz-racing-system,dallara-f3-2019,mecachrome-v634
6a3b72c3-cf93-493e-8924-f1ed62abfa97,2020,9,26,clement-novalak,carlin,dallara-f3-2019,mecachrome-v634
6a3b72c3-cf93-493e-8924-f1ed62abfa97,2020,9,27,david-schumacher,carlin,dallara-f3-2019,mecachrome-v634
6a3b72c3-cf93-493e-8924-f1ed62abfa97,2020,9,28,cameron-das,carlin,dallara-f3-2019,mecachrome-v634
6a3b72c3-cf93-493e-8924-f1ed62abfa97,2020,9,29,alex-peroni,campos-racing,dallara-f3-2019,mecachrome-v634
6a3b72c3-cf93-493e-8924-f1ed62abfa97,2020,9,30,alessio-deledda,campos-racing,dallara-f3-2019,mecachrome-v634
6a3b72c3-cf93-493e-8924-f1ed62abfa97,2020,9,31,sophia-florsch,campos-racing,dallara-f3-2019,mecachrome-v634
04fc0d29-690e-4697-9087-73b065895a97,2021,1,1,dennis-hauger,prema-racing,dallara-f3-2019,mecachrome-v634
04fc0d29-690e-4697-9087-73b065895a97,2021,1,2,arthur-leclerc,prema-racing,dallara-f3-2019,mecachrome-v634
04fc0d29-690e-4697-9087-73b065895a97,2021,1,3,oliver-olli-caldwell,prema-racing,dallara-f3-2019,mecachrome-v634
04fc0d29-690e-4697-9087-73b065895a97,2021,1,4,jack-doohan,trident-motorsport,dallara-f3-2019,mecachrome-v634
04fc0d29-690e-4697-9087-73b065895a97,2021,1,5,clement-novalak,trident-motorsport,dallara-f3-2019,mecachrome-v634
04fc0d29-690e-4697-9087-73b065895a97,2021,1,6,david-schumacher,trident-motorsport,dallara-f3-2019,mecachrome-v634
04fc0d29-690e-4697-9087-73b065895a97,2021,1,7,frederik-vesti,art-grand-prix,dallara-f3-2019,mecachrome-v634
04fc0d29-690e-4697-9087-73b065895a97,2021,1,8,alexander-smolyar,art-grand-prix,dallara-f3-2019,mecachrome-v634
04fc0d29-690e-4697-9087-73b065895a97,2021,1,9,juan-manuel-correa,art-grand-prix,dallara-f3-2019,mecachrome-v634
04fc0d29-690e-4697-9087-73b065895a97,2021,1,10,jak-crawford,hitech-racing,dallara-f3-2019,mecachrome-v634
04fc0d29-690e-4697-9087-73b065895a97,2021,1,11,ayumu-iwasa,hitech-racing,dallara-f3-2019,mecachrome-v634
04fc0d29-690e-4697-9087-73b065895a97,2021,1,12,roman-stanek,hitech-racing,dallara-f3-2019,mecachrome-v634
04fc0d29-690e-4697-9087-73b065895a97,2021,1,14,matteo-nannini,hwa,dallara-f3-2019,mecachrome-v634
04fc0d29-690e-4697-9087-73b065895a97,2021,1,15,oliver-rasmussen,hwa,dallara-f3-2019,mecachrome-v634
04fc0d29-690e-4697-9087-73b065895a97,2021,1,16,rafael-villagomez,hwa,dallara-f3-2019,mecachrome-v634
04fc0d29-690e-4697-9087-73b065895a97,2021,1,17,victor-martins,mp-motorsport,dallara-f3-2019,mecachrome-v634
04fc0d29-690e-4697-9087-73b065895a97,2021,1,18,caio-collet,mp-motorsport,dallara-f3-2019,mecachrome-v634
04fc0d29-690e-4697-9087-73b065895a97,2021,1,19,tijmen-van-der-helm,mp-motorsport,dallara-f3-2019,mecachrome-v634
04fc0d29-690e-4697-9087-73b065895a97,2021,1,20,laszlo-toth,campos-racing,dallara-f3-2019,mecachrome-v634
04fc0d29-690e-4697-9087-73b065895a97,2021,1,21,lorenzo-colombo,campos-racing,dallara-f3-2019,mecachrome-v634
04fc0d29-690e-4697-9087-73b065895a97,2021,1,22,amaury-cordeel,campos-racing,dallara-f3-2019,mecachrome-v634
04fc0d29-690e-4697-9087-73b065895a97,2021,1,23,ido-cohen,carlin,dallara-f3-2019,mecachrome-v634
04fc0d29-690e-4697-9087-73b065895a97,2021,1,24,kaylen-frederick,carlin,dallara-f3-2019,mecachrome-v634
04fc0d29-690e-4697-9087-73b065895a97,2021,1,25,jonny-edgar,carlin,dallara-f3-2019,mecachrome-v634
04fc0d29-690e-4697-9087-73b065895a97,2021,1,26,calan-williams,jenzer-motorsport,dallara-f3-2019,mecachrome-v634
04fc0d29-690e-4697-9087-73b065895a97,2021,1,27,pierre-louis-chovet,jenzer-motorsport,dallara-f3-2019,mecachrome-v634
04fc0d29-690e-4697-9087-73b065895a97,2021,1,28,filip-ugran,jenzer-motorsport,dallara-f3-2019,mecachrome-v634
04fc0d29-690e-4697-9087-73b065895a97,2021,1,29,logan-sargeant,charouz-racing-system,dallara-f3-2019,mecachrome-v634
04fc0d29-690e-4697-9087-73b065895a97,2021,1,30,enzo-fittipaldi,charouz-racing-system,dallara-f3-2019,mecachrome-v634
04fc0d29-690e-4697-9087-73b065895a97,2021,1,31,reshad-de-gerus,charouz-racing-system,dallara-f3-2019,mecachrome-v634
510d2ba3-b1c5-40ea-a20c-a93f6510ec3f,2021,2,1,dennis-hauger,prema-racing,dallara-f3-2019,mecachrome-v634
510d2ba3-b1c5-40ea-a20c-a93f6510ec3f,2021,2,2,arthur-leclerc,prema-racing,dallara-f3-2019,mecachrome-v634
510d2ba3-b1c5-40ea-a20c-a93f6510ec3f,2021,2,3,oliver-olli-caldwell,prema-racing,dallara-f3-2019,mecachrome-v634
510d2ba3-b1c5-40ea-a20c-a93f6510ec3f,2021,2,4,jack-doohan,trident-motorsport,dallara-f3-2019,mecachrome-v634
510d2ba3-b1c5-40ea-a20c-a93f6510ec3f,2021,2,5,clement-novalak,trident-motorsport,dallara-f3-2019,mecachrome-v634
510d2ba3-b1c5-40ea-a20c-a93f6510ec3f,2021,2,6,david-schumacher,trident-motorsport,dallara-f3-2019,mecachrome-v634
510d2ba3-b1c5-40ea-a20c-a93f6510ec3f,2021,2,7,frederik-vesti,art-grand-prix,dallara-f3-2019,mecachrome-v634
510d2ba3-b1c5-40ea-a20c-a93f6510ec3f,2021,2,8,alexander-smolyar,art-grand-prix,dallara-f3-2019,mecachrome-v634
510d2ba3-b1c5-40ea-a20c-a93f6510ec3f,2021,2,9,juan-manuel-correa,art-grand-prix,dallara-f3-2019,mecachrome-v634
510d2ba3-b1c5-40ea-a20c-a93f6510ec3f,2021,2,10,jak-crawford,hitech-racing,dallara-f3-2019,mecachrome-v634
510d2ba3-b1c5-40ea-a20c-a93f6510ec3f,2021,2,11,ayumu-iwasa,hitech-racing,dallara-f3-2019,mecachrome-v634
510d2ba3-b1c5-40ea-a20c-a93f6510ec3f,2021,2,12,roman-stanek,hitech-racing,dallara-f3-2019,mecachrome-v634
510d2ba3-b1c5-40ea-a20c-a93f6510ec3f,2021,2,14,matteo-nannini,hwa,dallara-f3-2019,mecachrome-v634
510d2ba3-b1c5-40ea-a20c-a93f6510ec3f,2021,2,15,oliver-rasmussen,hwa,dallara-f3-2019,mecachrome-v634
510d2ba3-b1c5-40ea-a20c-a93f6510ec3f,2021,2,16,rafael-villagomez,hwa,dallara-f3-2019,mecachrome-v634
510d2ba3-b1c5-40ea-a20c-a93f6510ec3f,2021,2,17,victor-martins,mp-motorsport,dallara-f3-2019,mecachrome-v634
510d2ba3-b1c5-40ea-a20c-a93f6510ec3f,2021,2,18,caio-collet,mp-motorsport,dallara-f3-2019,mecachrome-v634
510d2ba3-b1c5-40ea-a20c-a93f6510ec3f,2021,2,19,tijmen-van-der-helm,mp-motorsport,dallara-f3-2019,mecachrome-v634
510d2ba3-b1c5-40ea-a20c-a93f6510ec3f,2021,2,20,pierre-louis-chovet,campos-racing,dallara-f3-2019,mecachrome-v634
510d2ba3-b1c5-40ea-a20c-a93f6510ec3f,2021,2,21,lorenzo-colombo,campos-racing,dallara-f3-2019,mecachrome-v634
510d2ba3-b1c5-40ea-a20c-a93f6510ec3f,2021,2,22,amaury-cordeel,campos-racing,dallara-f3-2019,mecachrome-v634
510d2ba3-b1c5-40ea-a20c-a93f6510ec3f,2021,2,23,ido-cohen,carlin,dallara-f3-2019,mecachrome-v634
510d2ba3-b1c5-40ea-a20c-a93f6510ec3f,2021,2,24,kaylen-frederick,carlin,dallara-f3-2019,mecachrome-v634
510d2ba3-b1c5-40ea-a20c-a93f6510ec3f,2021,2,25,jonny-edgar,carlin,dallara-f3-2019,mecachrome-v634
510d2ba3-b1c5-40ea-a20c-a93f6510ec3f,2021,2,26,calan-williams,jenzer-motorsport,dallara-f3-2019,mecachrome-v634
510d2ba3-b1c5-40ea-a20c-a93f6510ec3f,2021,2,27,johnathan-hoggard,jenzer-motorsport,dallara-f3-2019,mecachrome-v634
510d2ba3-b1c5-40ea-a20c-a93f6510ec3f,2021,2,28,filip-ugran,jenzer-motorsport,dallara-f3-2019,mecachrome-v634
510d2ba3-b1c5-40ea-a20c-a93f6510ec3f,2021,2,29,logan-sargeant,charouz-racing-system,dallara-f3-2019,mecachrome-v634
510d2ba3-b1c5-40ea-a20c-a93f6510ec3f,2021,2,30,enzo-fittipaldi,charouz-racing-system,dallara-f3-2019,mecachrome-v634
510d2ba3-b1c5-40ea-a20c-a93f6510ec3f,2021,2,31,reshad-de-gerus,charouz-racing-system,dallara-f3-2019,mecachrome-v634
890ab620-4e33-4c0d-b80c-e18980c692d3,2021,3,1,dennis-hauger,prema-racing,dallara-f3-2019,mecachrome-v634
890ab620-4e33-4c0d-b80c-e18980c692d3,2021,3,2,arthur-leclerc,prema-racing,dallara-f3-2019,mecachrome-v634
890ab620-4e33-4c0d-b80c-e18980c692d3,2021,3,3,oliver-olli-caldwell,prema-racing,dallara-f3-2019,mecachrome-v634
890ab620-4e33-4c0d-b80c-e18980c692d3,2021,3,4,jack-doohan,trident-motorsport,dallara-f3-2019,mecachrome-v634
890ab620-4e33-4c0d-b80c-e18980c692d3,2021,3,5,clement-novalak,trident-motorsport,dallara-f3-2019,mecachrome-v634
890ab620-4e33-4c0d-b80c-e18980c692d3,2021,3,6,david-schumacher,trident-motorsport,dallara-f3-2019,mecachrome-v634
890ab620-4e33-4c0d-b80c-e18980c692d3,2021,3,7,frederik-vesti,art-grand-prix,dallara-f3-2019,mecachrome-v634
890ab620-4e33-4c0d-b80c-e18980c692d3,2021,3,8,alexander-smolyar,art-grand-prix,dallara-f3-2019,mecachrome-v634
890ab620-4e33-4c0d-b80c-e18980c692d3,2021,3,9,juan-manuel-correa,art-grand-prix,dallara-f3-2019,mecachrome-v634
890ab620-4e33-4c0d-b80c-e18980c692d3,2021,3,10,jak-crawford,hitech-racing,dallara-f3-2019,mecachrome-v634
890ab620-4e33-4c0d-b80c-e18980c692d3,2021,3,11,ayumu-iwasa,hitech-racing,dallara-f3-2019,mecachrome-v634
890ab620-4e33-4c0d-b80c-e18980c692d3,2021,3,12,roman-stanek,hitech-racing,dallara-f3-2019,mecachrome-v634
890ab620-4e33-4c0d-b80c-e18980c692d3,2021,3,14,matteo-nannini,hwa,dallara-f3-2019,mecachrome-v634
890ab620-4e33-4c0d-b80c-e18980c692d3,2021,3,15,oliver-rasmussen,hwa,dallara-f3-2019,mecachrome-v634
890ab620-4e33-4c0d-b80c-e18980c692d3,2021,3,16,rafael-villagomez,hwa,dallara-f3-2019,mecachrome-v634
890ab620-4e33-4c0d-b80c-e18980c692d3,2021,3,17,victor-martins,mp-motorsport,dallara-f3-2019,mecachrome-v634
890ab620-4e33-4c0d-b80c-e18980c692d3,2021,3,18,caio-collet,mp-motorsport,dallara-f3-2019,mecachrome-v634
890ab620-4e33-4c0d-b80c-e18980c692d3,2021,3,19,tijmen-van-der-helm,mp-motorsport,dallara-f3-2019,mecachrome-v634
890ab620-4e33-4c0d-b80c-e18980c692d3,2021,3,20,laszlo-toth,campos-racing,dallara-f3-2019,mecachrome-v634
890ab620-4e33-4c0d-b80c-e18980c692d3,2021,3,21,lorenzo-colombo,campos-racing,dallara-f3-2019,mecachrome-v634
890ab620-4e33-4c0d-b80c-e18980c692d3,2021,3,22,amaury-cordeel,campos-racing,dallara-f3-2019,mecachrome-v634
890ab620-4e33-4c0d-b80c-e18980c692d3,2021,3,23,ido-cohen,carlin,dallara-f3-2019,mecachrome-v634
890ab620-4e33-4c0d-b80c-e18980c692d3,2021,3,24,kaylen-frederick,carlin,dallara-f3-2019,mecachrome-v634
890ab620-4e33-4c0d-b80c-e18980c692d3,2021,3,25,jonny-edgar,carlin,dallara-f3-2019,mecachrome-v634
890ab620-4e33-4c0d-b80c-e18980c692d3,2021,3,26,calan-williams,jenzer-motorsport,dallara-f3-2019,mecachrome-v634
890ab620-4e33-4c0d-b80c-e18980c692d3,2021,3,27,johnathan-hoggard,jenzer-motorsport,dallara-f3-2019,mecachrome-v634
890ab620-4e33-4c0d-b80c-e18980c692d3,2021,3,28,filip-ugran,jenzer-motorsport,dallara-f3-2019,mecachrome-v634
890ab620-4e33-4c0d-b80c-e18980c692d3,2021,3,29,logan-sargeant,charouz-racing-system,dallara-f3-2019,mecachrome-v634
890ab620-4e33-4c0d-b80c-e18980c692d3,2021,3,30,enzo-fittipaldi,charouz-racing-system,dallara-f3-2019,mecachrome-v634
890ab620-4e33-4c0d-b80c-e18980c692d3,2021,3,31,reshad-de-gerus,charouz-racing-system,dallara-f3-2019,mecachrome-v634
e57991f7-4e8e-4e4f-afbe-6e8056031e30,2021,4,1,dennis-hauger,prema-racing,dallara-f3-2019,mecachrome-v634
e57991f7-4e8e-4e4f-afbe-6e8056031e30,2021,4,2,arthur-leclerc,prema-racing,dallara-f3-2019,mecachrome-v634
e57991f7-4e8e-4e4f-afbe-6e8056031e30,2021,4,3,oliver-olli-caldwell,prema-racing,dallara-f3-2019,mecachrome-v634
e57991f7-4e8e-4e4f-afbe-6e8056031e30,2021,4,4,jack-doohan,trident-motorsport,dallara-f3-2019,mecachrome-v634
e57991f7-4e8e-4e4f-afbe-6e8056031e30,2021,4,5,clement-novalak,trident-motorsport,dallara-f3-2019,mecachrome-v634
e57991f7-4e8e-4e4f-afbe-6e8056031e30,2021,4,6,david-schumacher,trident-motorsport,dallara-f3-2019,mecachrome-v634
e57991f7-4e8e-4e4f-afbe-6e8056031e30,2021,4,7,frederik-vesti,art-grand-prix,dallara-f3-2019,mecachrome-v634
e57991f7-4e8e-4e4f-afbe-6e8056031e30,2021,4,8,alexander-smolyar,art-grand-prix,dallara-f3-2019,mecachrome-v634
e57991f7-4e8e-4e4f-afbe-6e8056031e30,2021,4,9,juan-manuel-correa,art-grand-prix,dallara-f3-2019,mecachrome-v634
e57991f7-4e8e-4e4f-afbe-6e8056031e30,2021,4,10,jak-crawford,hitech-racing,dallara-f3-2019,mecachrome-v634
e57991f7-4e8e-4e4f-afbe-6e8056031e30,2021,4,11,ayumu-iwasa,hitech-racing,dallara-f3-2019,mecachrome-v634
e57991f7-4e8e-4e4f-afbe-6e8056031e30,2021,4,12,roman-stanek,hitech-racing,dallara-f3-2019,mecachrome-v634
e57991f7-4e8e-4e4f-afbe-6e8056031e30,2021,4,14,matteo-nannini,hwa,dallara-f3-2019,mecachrome-v634
e57991f7-4e8e-4e4f-afbe-6e8056031e30,2021,4,15,oliver-rasmussen,hwa,dallara-f3-2019,mecachrome-v634
e57991f7-4e8e-4e4f-afbe-6e8056031e30,2021,4,16,rafael-villagomez,hwa,dallara-f3-2019,mecachrome-v634
e57991f7-4e8e-4e4f-afbe-6e8056031e30,2021,4,17,victor-martins,mp-motorsport,dallara-f3-2019,mecachrome-v634
e57991f7-4e8e-4e4f-afbe-6e8056031e30,2021,4,18,caio-collet,mp-motorsport,dallara-f3-2019,mecachrome-v634
e57991f7-4e8e-4e4f-afbe-6e8056031e30,2021,4,19,tijmen-van-der-helm,mp-motorsport,dallara-f3-2019,mecachrome-v634
e57991f7-4e8e-4e4f-afbe-6e8056031e30,2021,4,20,laszlo-toth,campos-racing,dallara-f3-2019,mecachrome-v634
e57991f7-4e8e-4e4f-afbe-6e8056031e30,2021,4,21,lorenzo-colombo,campos-racing,dallara-f3-2019,mecachrome-v634
e57991f7-4e8e-4e4f-afbe-6e8056031e30,2021,4,22,amaury-cordeel,campos-racing,dallara-f3-2019,mecachrome-v634
e57991f7-4e8e-4e4f-afbe-6e8056031e30,2021,4,23,ido-cohen,carlin,dallara-f3-2019,mecachrome-v634
e57991f7-4e8e-4e4f-afbe-6e8056031e30,2021,4,24,jake-hughes,carlin,dallara-f3-2019,mecachrome-v634
e57991f7-4e8e-4e4f-afbe-6e8056031e30,2021,4,25,jonny-edgar,carlin,dallara-f3-2019,mecachrome-v634
e57991f7-4e8e-4e4f-afbe-6e8056031e30,2021,4,26,calan-williams,jenzer-motorsport,dallara-f3-2019,mecachrome-v634
e57991f7-4e8e-4e4f-afbe-6e8056031e30,2021,4,27,johnathan-hoggard,jenzer-motorsport,dallara-f3-2019,mecachrome-v634
e57991f7-4e8e-4e4f-afbe-6e8056031e30,2021,4,28,filip-ugran,jenzer-motorsport,dallara-f3-2019,mecachrome-v634
e57991f7-4e8e-4e4f-afbe-6e8056031e30,2021,4,29,logan-sargeant,charouz-racing-system,dallara-f3-2019,mecachrome-v634
e57991f7-4e8e-4e4f-afbe-6e8056031e30,2021,4,30,enzo-fittipaldi,charouz-racing-system,dallara-f3-2019,mecachrome-v634
e57991f7-4e8e-4e4f-afbe-6e8056031e30,2021,4,31,reshad-de-gerus,charouz-racing-system,dallara-f3-2019,mecachrome-v634
3dbcad69-5b5c-4488-b5f8-4efdc0b943a2,2021,5,1,dennis-hauger,prema-racing,dallara-f3-2019,mecachrome-v634
3dbcad69-5b5c-4488-b5f8-4efdc0b943a2,2021,5,2,arthur-leclerc,prema-racing,dallara-f3-2019,mecachrome-v634
3dbcad69-5b5c-4488-b5f8-4efdc0b943a2,2021,5,3,oliver-olli-caldwell,prema-racing,dallara-f3-2019,mecachrome-v634
3dbcad69-5b5c-4488-b5f8-4efdc0b943a2,2021,5,4,jack-doohan,trident-motorsport,dallara-f3-2019,mecachrome-v634
3dbcad69-5b5c-4488-b5f8-4efdc0b943a2,2021,5,5,clement-novalak,trident-motorsport,dallara-f3-2019,mecachrome-v634
3dbcad69-5b5c-4488-b5f8-4efdc0b943a2,2021,5,6,david-schumacher,trident-motorsport,dallara-f3-2019,mecachrome-v634
3dbcad69-5b5c-4488-b5f8-4efdc0b943a2,2021,5,7,frederik-vesti,art-grand-prix,dallara-f3-2019,mecachrome-v634
3dbcad69-5b5c-4488-b5f8-4efdc0b943a2,2021,5,8,alexander-smolyar,art-grand-prix,dallara-f3-2019,mecachrome-v634
3dbcad69-5b5c-4488-b5f8-4efdc0b943a2,2021,5,9,juan-manuel-correa,art-grand-prix,dallara-f3-2019,mecachrome-v634
3dbcad69-5b5c-4488-b5f8-4efdc0b943a2,2021,5,10,jak-crawford,hitech-racing,dallara-f3-2019,mecachrome-v634
3dbcad69-5b5c-4488-b5f8-4efdc0b943a2,2021,5,11,ayumu-iwasa,hitech-racing,dallara-f3-2019,mecachrome-v634
3dbcad69-5b5c-4488-b5f8-4efdc0b943a2,2021,5,12,roman-stanek,hitech-racing,dallara-f3-2019,mecachrome-v634
3dbcad69-5b5c-4488-b5f8-4efdc0b943a2,2021,5,14,matteo-nannini,hwa,dallara-f3-2019,mecachrome-v634
3dbcad69-5b5c-4488-b5f8-4efdc0b943a2,2021,5,15,oliver-rasmussen,hwa,dallara-f3-2019,mecachrome-v634
3dbcad69-5b5c-4488-b5f8-4efdc0b943a2,2021,5,16,rafael-villagomez,hwa,dallara-f3-2019,mecachrome-v634
3dbcad69-5b5c-4488-b5f8-4efdc0b943a2,2021,5,17,victor-martins,mp-motorsport,dallara-f3-2019,mecachrome-v634
3dbcad69-5b5c-4488-b5f8-4efdc0b943a2,2021,5,18,caio-collet,mp-motorsport,dallara-f3-2019,mecachrome-v634
3dbcad69-5b5c-4488-b5f8-4efdc0b943a2,2021,5,19,tijmen-van-der-helm,mp-motorsport,dallara-f3-2019,mecachrome-v634
3dbcad69-5b5c-4488-b5f8-4efdc0b943a2,2021,5,20,laszlo-toth,campos-racing,dallara-f3-2019,mecachrome-v634
3dbcad69-5b5c-4488-b5f8-4efdc0b943a2,2021,5,21,lorenzo-colombo,campos-racing,dallara-f3-2019,mecachrome-v634
3dbcad69-5b5c-4488-b5f8-4efdc0b943a2,2021,5,22,amaury-cordeel,campos-racing,dallara-f3-2019,mecachrome-v634
3dbcad69-5b5c-4488-b5f8-4efdc0b943a2,2021,5,23,ido-cohen,carlin,dallara-f3-2019,mecachrome-v634
3dbcad69-5b5c-4488-b5f8-4efdc0b943a2,2021,5,25,jonny-edgar,carlin,dallara-f3-2019,mecachrome-v634
3dbcad69-5b5c-4488-b5f8-4efdc0b943a2,2021,5,26,calan-williams,jenzer-motorsport,dallara-f3-2019,mecachrome-v634
3dbcad69-5b5c-4488-b5f8-4efdc0b943a2,2021,5,27,johnathan-hoggard,jenzer-motorsport,dallara-f3-2019,mecachrome-v634
3dbcad69-5b5c-4488-b5f8-4efdc0b943a2,2021,5,28,filip-ugran,jenzer-motorsport,dallara-f3-2019,mecachrome-v634
3dbcad69-5b5c-4488-b5f8-4efdc0b943a2,2021,5,29,logan-sargeant,charouz-racing-system,dallara-f3-2019,mecachrome-v634
3dbcad69-5b5c-4488-b5f8-4efdc0b943a2,2021,5,30,hunter-yeany,charouz-racing-system,dallara-f3-2019,mecachrome-v634
3dbcad69-5b5c-4488-b5f8-4efdc0b943a2,2021,5,31,zdenek-chovanec,charouz-racing-system,dallara-f3-2019,mecachrome-v634
8a9cbdcd-c23d-4ee2-b580-9b92f4fe7f2c,2021,6,1,dennis-hauger,prema-racing,dallara-f3-2019,mecachrome-v634
8a9cbdcd-c23d-4ee2-b580-9b92f4fe7f2c,2021,6,2,arthur-leclerc,prema-racing,dallara-f3-2019,mecachrome-v634
8a9cbdcd-c23d-4ee2-b580-9b92f4fe7f2c,2021,6,3,oliver-olli-caldwell,prema-racing,dallara-f3-2019,mecachrome-v634
8a9cbdcd-c23d-4ee2-b580-9b92f4fe7f2c,2021,6,4,jack-doohan,trident-motorsport,dallara-f3-2019,mecachrome-v634
8a9cbdcd-c23d-4ee2-b580-9b92f4fe7f2c,2021,6,5,clement-novalak,trident-motorsport,dallara-f3-2019,mecachrome-v634
8a9cbdcd-c23d-4ee2-b580-9b92f4fe7f2c,2021,6,6,david-schumacher,trident-motorsport,dallara-f3-2019,mecachrome-v634
8a9cbdcd-c23d-4ee2-b580-9b92f4fe7f2c,2021,6,7,frederik-vesti,art-grand-prix,dallara-f3-2019,mecachrome-v634
8a9cbdcd-c23d-4ee2-b580-9b92f4fe7f2c,2021,6,8,alexander-smolyar,art-grand-prix,dallara-f3-2019,mecachrome-v634
8a9cbdcd-c23d-4ee2-b580-9b92f4fe7f2c,2021,6,9,juan-manuel-correa,art-grand-prix,dallara-f3-2019,mecachrome-v634
8a9cbdcd-c23d-4ee2-b580-9b92f4fe7f2c,2021,6,10,jak-crawford,hitech-racing,dallara-f3-2019,mecachrome-v634
8a9cbdcd-c23d-4ee2-b580-9b92f4fe7f2c,2021,6,11,ayumu-iwasa,hitech-racing,dallara-f3-2019,mecachrome-v634
8a9cbdcd-c23d-4ee2-b580-9b92f4fe7f2c,2021,6,12,roman-stanek,hitech-racing,dallara-f3-2019,mecachrome-v634
8a9cbdcd-c23d-4ee2-b580-9b92f4fe7f2c,2021,6,14,matteo-nannini,hwa,dallara-f3-2019,mecachrome-v634
8a9cbdcd-c23d-4ee2-b580-9b92f4fe7f2c,2021,6,15,oliver-rasmussen,hwa,dallara-f3-2019,mecachrome-v634
8a9cbdcd-c23d-4ee2-b580-9b92f4fe7f2c,2021,6,16,rafael-villagomez,hwa,dallara-f3-2019,mecachrome-v634
8a9cbdcd-c23d-4ee2-b580-9b92f4fe7f2c,2021,6,17,victor-martins,mp-motorsport,dallara-f3-2019,mecachrome-v634
8a9cbdcd-c23d-4ee2-b580-9b92f4fe7f2c,2021,6,18,caio-collet,mp-motorsport,dallara-f3-2019,mecachrome-v634
8a9cbdcd-c23d-4ee2-b580-9b92f4fe7f2c,2021,6,19,tijmen-van-der-helm,mp-motorsport,dallara-f3-2019,mecachrome-v634
8a9cbdcd-c23d-4ee2-b580-9b92f4fe7f2c,2021,6,20,laszlo-toth,campos-racing,dallara-f3-2019,mecachrome-v634
8a9cbdcd-c23d-4ee2-b580-9b92f4fe7f2c,2021,6,21,lorenzo-colombo,campos-racing,dallara-f3-2019,mecachrome-v634
8a9cbdcd-c23d-4ee2-b580-9b92f4fe7f2c,2021,6,22,amaury-cordeel,campos-racing,dallara-f3-2019,mecachrome-v634
8a9cbdcd-c23d-4ee2-b580-9b92f4fe7f2c,2021,6,23,ido-cohen,carlin,dallara-f3-2019,mecachrome-v634
8a9cbdcd-c23d-4ee2-b580-9b92f4fe7f2c,2021,6,24,kaylen-frederick,carlin,dallara-f3-2019,mecachrome-v634
8a9cbdcd-c23d-4ee2-b580-9b92f4fe7f2c,2021,6,25,jonny-edgar,carlin,dallara-f3-2019,mecachrome-v634
8a9cbdcd-c23d-4ee2-b580-9b92f4fe7f2c,2021,6,26,calan-williams,jenzer-motorsport,dallara-f3-2019,mecachrome-v634
8a9cbdcd-c23d-4ee2-b580-9b92f4fe7f2c,2021,6,27,johnathan-hoggard,jenzer-motorsport,dallara-f3-2019,mecachrome-v634
8a9cbdcd-c23d-4ee2-b580-9b92f4fe7f2c,2021,6,28,filip-ugran,jenzer-motorsport,dallara-f3-2019,mecachrome-v634
8a9cbdcd-c23d-4ee2-b580-9b92f4fe7f2c,2021,6,29,logan-sargeant,charouz-racing-system,dallara-f3-2019,mecachrome-v634
8a9cbdcd-c23d-4ee2-b580-9b92f4fe7f2c,2021,6,30,hunter-yeany,charouz-racing-system,dallara-f3-2019,mecachrome-v634
8a9cbdcd-c23d-4ee2-b580-9b92f4fe7f2c,2021,6,31,zdenek-chovanec,charouz-racing-system,dallara-f3-2019,mecachrome-v634
c829a95e-7655-4798-a97a-c36714f13701,2021,7,1,dennis-hauger,prema-racing,dallara-f3-2019,mecachrome-v634
c829a95e-7655-4798-a97a-c36714f13701,2021,7,2,arthur-leclerc,prema-racing,dallara-f3-2019,mecachrome-v634
c829a95e-7655-4798-a97a-c36714f13701,2021,7,3,oliver-olli-caldwell,prema-racing,dallara-f3-2019,mecachrome-v634
c829a95e-7655-4798-a97a-c36714f13701,2021,7,4,jack-doohan,trident-motorsport,dallara-f3-2019,mecachrome-v634
c829a95e-7655-4798-a97a-c36714f13701,2021,7,5,clement-novalak,trident-motorsport,dallara-f3-2019,mecachrome-v634
c829a95e-7655-4798-a97a-c36714f13701,2021,7,6,david-schumacher,trident-motorsport,dallara-f3-2019,mecachrome-v634
c829a95e-7655-4798-a97a-c36714f13701,2021,7,7,frederik-vesti,art-grand-prix,dallara-f3-2019,mecachrome-v634
c829a95e-7655-4798-a97a-c36714f13701,2021,7,8,alexander-smolyar,art-grand-prix,dallara-f3-2019,mecachrome-v634
c829a95e-7655-4798-a97a-c36714f13701,2021,7,9,juan-manuel-correa,art-grand-prix,dallara-f3-2019,mecachrome-v634
c829a95e-7655-4798-a97a-c36714f13701,2021,7,10,jak-crawford,hitech-racing,dallara-f3-2019,mecachrome-v634
c829a95e-7655-4798-a97a-c36714f13701,2021,7,11,ayumu-iwasa,hitech-racing,dallara-f3-2019,mecachrome-v634
c829a95e-7655-4798-a97a-c36714f13701,2021,7,12,roman-stanek,hitech-racing,dallara-f3-2019,mecachrome-v634
c829a95e-7655-4798-a97a-c36714f13701,2021,7,14,matteo-nannini,hwa,dallara-f3-2019,mecachrome-v634
c829a95e-7655-4798-a97a-c36714f13701,2021,7,15,oliver-rasmussen,hwa,dallara-f3-2019,mecachrome-v634
c829a95e-7655-4798-a97a-c36714f13701,2021,7,16,rafael-villagomez,hwa,dallara-f3-2019,mecachrome-v634
c829a95e-7655-4798-a97a-c36714f13701,2021,7,17,victor-martins,mp-motorsport,dallara-f3-2019,mecachrome-v634
c829a95e-7655-4798-a97a-c36714f13701,2021,7,18,caio-collet,mp-motorsport,dallara-f3-2019,mecachrome-v634
c829a95e-7655-4798-a97a-c36714f13701,2021,7,19,tijmen-van-der-helm,mp-motorsport,dallara-f3-2019,mecachrome-v634
c829a95e-7655-4798-a97a-c36714f13701,2021,7,20,laszlo-toth,campos-racing,dallara-f3-2019,mecachrome-v634
c829a95e-7655-4798-a97a-c36714f13701,2021,7,21,lorenzo-colombo,campos-racing,dallara-f3-2019,mecachrome-v634
c829a95e-7655-4798-a97a-c36714f13701,2021,7,22,amaury-cordeel,campos-racing,dallara-f3-2019,mecachrome-v634
c829a95e-7655-4798-a97a-c36714f13701,2021,7,23,ido-cohen,carlin,dallara-f3-2019,mecachrome-v634
c829a95e-7655-4798-a97a-c36714f13701,2021,7,24,kaylen-frederick,carlin,dallara-f3-2019,mecachrome-v634
c829a95e-7655-4798-a97a-c36714f13701,2021,7,25,jonny-edgar,carlin,dallara-f3-2019,mecachrome-v634
c829a95e-7655-4798-a97a-c36714f13701,2021,7,26,calan-williams,jenzer-motorsport,dallara-f3-2019,mecachrome-v634
c829a95e-7655-4798-a97a-c36714f13701,2021,7,27,johnathan-hoggard,jenzer-motorsport,dallara-f3-2019,mecachrome-v634
c829a95e-7655-4798-a97a-c36714f13701,2021,7,28,filip-ugran,jenzer-motorsport,dallara-f3-2019,mecachrome-v634
c829a95e-7655-4798-a97a-c36714f13701,2021,7,29,logan-sargeant,charouz-racing-system,dallara-f3-2019,mecachrome-v634
c829a95e-7655-4798-a97a-c36714f13701,2021,7,30,ayrton-simmons,charouz-racing-system,dallara-f3-2019,mecachrome-v634
c829a95e-7655-4798-a97a-c36714f13701,2021,7,31,zdenek-chovanec,charouz-racing-system,dallara-f3-2019,mecachrome-v634
6299358d-b8a6-4581-a8d3-301f6098ad0a,2022,1,1,jonny-edgar,trident-motorsport,dallara-f3-2019,mecachrome-v634
6299358d-b8a6-4581-a8d3-301f6098ad0a,2022,1,2,roman-stanek,trident-motorsport,dallara-f3-2019,mecachrome-v634
6299358d-b8a6-4581-a8d3-301f6098ad0a,2022,1,3,zane-maloney,trident-motorsport,dallara-f3-2019,mecachrome-v634
6299358d-b8a6-4581-a8d3-301f6098ad0a,2022,1,4,arthur-leclerc,prema-racing,dallara-f3-2019,mecachrome-v634
6299358d-b8a6-4581-a8d3-301f6098ad0a,2022,1,5,jak-crawford,prema-racing,dallara-f3-2019,mecachrome-v634
6299358d-b8a6-4581-a8d3-301f6098ad0a,2022,1,6,oliver-bearman,prema-racing,dallara-f3-2019,mecachrome-v634
6299358d-b8a6-4581-a8d3-301f6098ad0a,2022,1,7,victor-martins,art-grand-prix,dallara-f3-2019,mecachrome-v634
6299358d-b8a6-4581-a8d3-301f6098ad0a,2022,1,8,gregoire-saucy,art-grand-prix,dallara-f3-2019,mecachrome-v634
6299358d-b8a6-4581-a8d3-301f6098ad0a,2022,1,9,juan-manuel-correa,art-grand-prix,dallara-f3-2019,mecachrome-v634
6299358d-b8a6-4581-a8d3-301f6098ad0a,2022,1,10,caio-collet,mp-motorsport,dallara-f3-2019,mecachrome-v634
6299358d-b8a6-4581-a8d3-301f6098ad0a,2022,1,11,alexander-smolyar,mp-motorsport,dallara-f3-2019,mecachrome-v634
6299358d-b8a6-4581-a8d3-301f6098ad0a,2022,1,12,kush-maini,mp-motorsport,dallara-f3-2019,mecachrome-v634
6299358d-b8a6-4581-a8d3-301f6098ad0a,2022,1,14,laszlo-toth,charouz-racing-system,dallara-f3-2019,mecachrome-v634
6299358d-b8a6-4581-a8d3-301f6098ad0a,2022,1,15,ayrton-simmons,charouz-racing-system,dallara-f3-2019,mecachrome-v634
6299358d-b8a6-4581-a8d3-301f6098ad0a,2022,1,16,francesco-pizzi,charouz-racing-system,dallara-f3-2019,mecachrome-v634
6299358d-b8a6-4581-a8d3-301f6098ad0a,2022,1,17,kaylen-frederick,hitech-racing,dallara-f3-2019,mecachrome-v634
6299358d-b8a6-4581-a8d3-301f6098ad0a,2022,1,18,isack-hadjar,hitech-racing,dallara-f3-2019,mecachrome-v634
6299358d-b8a6-4581-a8d3-301f6098ad0a,2022,1,19,nazim-azman,hitech-racing,dallara-f3-2019,mecachrome-v634
6299358d-b8a6-4581-a8d3-301f6098ad0a,2022,1,20,david-vidales,campos-racing,dallara-f3-2019,mecachrome-v634
6299358d-b8a6-4581-a8d3-301f6098ad0a,2022,1,21,hunter-yeany,campos-racing,dallara-f3-2019,mecachrome-v634
6299358d-b8a6-4581-a8d3-301f6098ad0a,2022,1,22,pepe-marti,campos-racing,dallara-f3-2019,mecachrome-v634
6299358d-b8a6-4581-a8d3-301f6098ad0a,2022,1,23,ido-cohen,jenzer-motorsport,dallara-f3-2019,mecachrome-v634
6299358d-b8a6-4581-a8d3-301f6098ad0a,2022,1,24,niko-kari,jenzer-motorsport,dallara-f3-2019,mecachrome-v634
6299358d-b8a6-4581-a8d3-301f6098ad0a,2022,1,25,william-alatalo,jenzer-motorsport,dallara-f3-2019,mecachrome-v634
6299358d-b8a6-4581-a8d3-301f6098ad0a,2022,1,26,zak-o-sullivan,carlin,dallara-f3-2019,mecachrome-v634
6299358d-b8a6-4581-a8d3-301f6098ad0a,2022,1,27,brad-benavides,carlin,dallara-f3-2019,mecachrome-v634
6299358d-b8a6-4581-a8d3-301f6098ad0a,2022,1,28,enzo-trulli,carlin,dallara-f3-2019,mecachrome-v634
6299358d-b8a6-4581-a8d3-301f6098ad0a,2022,1,29,franco-colapinto,van-amersfoort-racing,dallara-f3-2019,mecachrome-v634
6299358d-b8a6-4581-a8d3-301f6098ad0a,2022,1,30,rafael-villagomez,van-amersfoort-racing,dallara-f3-2019,mecachrome-v634
6299358d-b8a6-4581-a8d3-301f6098ad0a,2022,1,31,reece-ushijima,van-amersfoort-racing,dallara-f3-2019,mecachrome-v634
ce74df8e-5a17-483d-baf1-3d01b94722e8,2022,2,1,oliver-rasmussen,trident-motorsport,dallara-f3-2019,mecachrome-v634
ce74df8e-5a17-483d-baf1-3d01b94722e8,2022,2,2,roman-stanek,trident-motorsport,dallara-f3-2019,mecachrome-v634
ce74df8e-5a17-483d-baf1-3d01b94722e8,2022,2,3,zane-maloney,trident-motorsport,dallara-f3-2019,mecachrome-v634
ce74df8e-5a17-483d-baf1-3d01b94722e8,2022,2,4,arthur-leclerc,prema-racing,dallara-f3-2019,mecachrome-v634
ce74df8e-5a17-483d-baf1-3d01b94722e8,2022,2,5,jak-crawford,prema-racing,dallara-f3-2019,mecachrome-v634
ce74df8e-5a17-483d-baf1-3d01b94722e8,2022,2,6,oliver-bearman,prema-racing,dallara-f3-2019,mecachrome-v634
ce74df8e-5a17-483d-baf1-3d01b94722e8,2022,2,7,victor-martins,art-grand-prix,dallara-f3-2019,mecachrome-v634
ce74df8e-5a17-483d-baf1-3d01b94722e8,2022,2,8,gregoire-saucy,art-grand-prix,dallara-f3-2019,mecachrome-v634
ce74df8e-5a17-483d-baf1-3d01b94722e8,2022,2,10,caio-collet,mp-motorsport,dallara-f3-2019,mecachrome-v634
ce74df8e-5a17-483d-baf1-3d01b94722e8,2022,2,11,alexander-smolyar,mp-motorsport,dallara-f3-2019,mecachrome-v634
ce74df8e-5a17-483d-baf1-3d01b94722e8,2022,2,12,kush-maini,mp-motorsport,dallara-f3-2019,mecachrome-v634
ce74df8e-5a17-483d-baf1-3d01b94722e8,2022,2,14,laszlo-toth,charouz-racing-system,dallara-f3-2019,mecachrome-v634
ce74df8e-5a17-483d-baf1-3d01b94722e8,2022,2,15,david-schumacher,charouz-racing-system,dallara-f3-2019,mecachrome-v634
ce74df8e-5a17-483d-baf1-3d01b94722e8,2022,2,16,francesco-pizzi,charouz-racing-system,dallara-f3-2019,mecachrome-v634
ce74df8e-5a17-483d-baf1-3d01b94722e8,2022,2,17,kaylen-frederick,hitech-racing,dallara-f3-2019,mecachrome-v634
ce74df8e-5a17-483d-baf1-3d01b94722e8,2022,2,18,isack-hadjar,hitech-racing,dallara-f3-2019,mecachrome-v634
ce74df8e-5a17-483d-baf1-3d01b94722e8,2022,2,19,nazim-azman,hitech-racing,dallara-f3-2019,mecachrome-v634
ce74df8e-5a17-483d-baf1-3d01b94722e8,2022,2,20,david-vidales,campos-racing,dallara-f3-2019,mecachrome-v634
ce74df8e-5a17-483d-baf1-3d01b94722e8,2022,2,21,hunter-yeany,campos-racing,dallara-f3-2019,mecachrome-v634
ce74df8e-5a17-483d-baf1-3d01b94722e8,2022,2,22,pepe-marti,campos-racing,dallara-f3-2019,mecachrome-v634
ce74df8e-5a17-483d-baf1-3d01b94722e8,2022,2,23,ido-cohen,jenzer-motorsport,dallara-f3-2019,mecachrome-v634
ce74df8e-5a17-483d-baf1-3d01b94722e8,2022,2,24,federico-malvestiti,jenzer-motorsport,dallara-f3-2019,mecachrome-v634
ce74df8e-5a17-483d-baf1-3d01b94722e8,2022,2,25,william-alatalo,jenzer-motorsport,dallara-f3-2019,mecachrome-v634
ce74df8e-5a17-483d-baf1-3d01b94722e8,2022,2,26,zak-o-sullivan,carlin,dallara-f3-2019,mecachrome-v634
ce74df8e-5a17-483d-baf1-3d01b94722e8,2022,2,27,brad-benavides,carlin,dallara-f3-2019,mecachrome-v634
ce74df8e-5a17-483d-baf1-3d01b94722e8,2022,2,28,enzo-trulli,carlin,dallara-f3-2019,mecachrome-v634
ce74df8e-5a17-483d-baf1-3d01b94722e8,2022,2,29,franco-colapinto,van-amersfoort-racing,dallara-f3-2019,mecachrome-v634
ce74df8e-5a17-483d-baf1-3d01b94722e8,2022,2,30,rafael-villagomez,van-amersfoort-racing,dallara-f3-2019,mecachrome-v634
ce74df8e-5a17-483d-baf1-3d01b94722e8,2022,2,31,reece-ushijima,van-amersfoort-racing,dallara-f3-2019,mecachrome-v634
9ba41a94-0636-4c2d-aeba-42abc4b0d56a,2022,3,1,oliver-rasmussen,trident-motorsport,dallara-f3-2019,mecachrome-v634
9ba41a94-0636-4c2d-aeba-42abc4b0d56a,2022,3,2,roman-stanek,trident-motorsport,dallara-f3-2019,mecachrome-v634
9ba41a94-0636-4c2d-aeba-42abc4b0d56a,2022,3,3,zane-maloney,trident-motorsport,dallara-f3-2019,mecachrome-v634
9ba41a94-0636-4c2d-aeba-42abc4b0d56a,2022,3,4,arthur-leclerc,prema-racing,dallara-f3-2019,mecachrome-v634
9ba41a94-0636-4c2d-aeba-42abc4b0d56a,2022,3,5,jak-crawford,prema-racing,dallara-f3-2019,mecachrome-v634
9ba41a94-0636-4c2d-aeba-42abc4b0d56a,2022,3,6,oliver-bearman,prema-racing,dallara-f3-2019,mecachrome-v634
9ba41a94-0636-4c2d-aeba-42abc4b0d56a,2022,3,7,victor-martins,art-grand-prix,dallara-f3-2019,mecachrome-v634
9ba41a94-0636-4c2d-aeba-42abc4b0d56a,2022,3,8,gregoire-saucy,art-grand-prix,dallara-f3-2019,mecachrome-v634
9ba41a94-0636-4c2d-aeba-42abc4b0d56a,2022,3,9,juan-manuel-correa,art-grand-prix,dallara-f3-2019,mecachrome-v634
9ba41a94-0636-4c2d-aeba-42abc4b0d56a,2022,3,10,caio-collet,mp-motorsport,dallara-f3-2019,mecachrome-v634
9ba41a94-0636-4c2d-aeba-42abc4b0d56a,2022,3,11,alexander-smolyar,mp-motorsport,dallara-f3-2019,mecachrome-v634
9ba41a94-0636-4c2d-aeba-42abc4b0d56a,2022,3,12,kush-maini,mp-motorsport,dallara-f3-2019,mecachrome-v634
9ba41a94-0636-4c2d-aeba-42abc4b0d56a,2022,3,14,laszlo-toth,charouz-racing-system,dallara-f3-2019,mecachrome-v634
9ba41a94-0636-4c2d-aeba-42abc4b0d56a,2022,3,15,lirim-zendeli,charouz-racing-system,dallara-f3-2019,mecachrome-v634
9ba41a94-0636-4c2d-aeba-42abc4b0d56a,2022,3,16,francesco-pizzi,charouz-racing-system,dallara-f3-2019,mecachrome-v634
9ba41a94-0636-4c2d-aeba-42abc4b0d56a,2022,3,17,kaylen-frederick,hitech-racing,dallara-f3-2019,mecachrome-v634
9ba41a94-0636-4c2d-aeba-42abc4b0d56a,2022,3,18,isack-hadjar,hitech-racing,dallara-f3-2019,mecachrome-v634
9ba41a94-0636-4c2d-aeba-42abc4b0d56a,2022,3,19,nazim-azman,hitech-racing,dallara-f3-2019,mecachrome-v634
9ba41a94-0636-4c2d-aeba-42abc4b0d56a,2022,3,20,david-vidales,campos-racing,dallara-f3-2019,mecachrome-v634
9ba41a94-0636-4c2d-aeba-42abc4b0d56a,2022,3,21,hunter-yeany,campos-racing,dallara-f3-2019,mecachrome-v634
9ba41a94-0636-4c2d-aeba-42abc4b0d56a,2022,3,22,pepe-marti,campos-racing,dallara-f3-2019,mecachrome-v634
9ba41a94-0636-4c2d-aeba-42abc4b0d56a,2022,3,23,ido-cohen,jenzer-motorsport,dallara-f3-2019,mecachrome-v634
9ba41a94-0636-4c2d-aeba-42abc4b0d56a,2022,3,24,federico-malvestiti,jenzer-motorsport,dallara-f3-2019,mecachrome-v634
9ba41a94-0636-4c2d-aeba-42abc4b0d56a,2022,3,25,william-alatalo,jenzer-motorsport,dallara-f3-2019,mecachrome-v634
9ba41a94-0636-4c2d-aeba-42abc4b0d56a,2022,3,26,zak-o-sullivan,carlin,dallara-f3-2019,mecachrome-v634
9ba41a94-0636-4c2d-aeba-42abc4b0d56a,2022,3,27,brad-benavides,carlin,dallara-f3-2019,mecachrome-v634
9ba41a94-0636-4c2d-aeba-42abc4b0d56a,2022,3,28,enzo-trulli,carlin,dallara-f3-2019,mecachrome-v634
9ba41a94-0636-4c2d-aeba-42abc4b0d56a,2022,3,29,franco-colapinto,van-amersfoort-racing,dallara-f3-2019,mecachrome-v634
9ba41a94-0636-4c2d-aeba-42abc4b0d56a,2022,3,30,rafael-villagomez,van-amersfoort-racing,dallara-f3-2019,mecachrome-v634
9ba41a94-0636-4c2d-aeba-42abc4b0d56a,2022,3,31,reece-ushijima,van-amersfoort-racing,dallara-f3-2019,mecachrome-v634
566d728e-09be-4e0e-a874-b68069f6689e,2022,4,1,jonny-edgar,trident-motorsport,dallara-f3-2019,mecachrome-v634
566d728e-09be-4e0e-a874-b68069f6689e,2022,4,2,roman-stanek,trident-motorsport,dallara-f3-2019,mecachrome-v634
566d728e-09be-4e0e-a874-b68069f6689e,2022,4,3,zane-maloney,trident-motorsport,dallara-f3-2019,mecachrome-v634
566d728e-09be-4e0e-a874-b68069f6689e,2022,4,4,arthur-leclerc,prema-racing,dallara-f3-2019,mecachrome-v634
566d728e-09be-4e0e-a874-b68069f6689e,2022,4,5,jak-crawford,prema-racing,dallara-f3-2019,mecachrome-v634
566d728e-09be-4e0e-a874-b68069f6689e,2022,4,6,oliver-bearman,prema-racing,dallara-f3-2019,mecachrome-v634
566d728e-09be-4e0e-a874-b68069f6689e,2022,4,7,victor-martins,art-grand-prix,dallara-f3-2019,mecachrome-v634
566d728e-09be-4e0e-a874-b68069f6689e,2022,4,8,gregoire-saucy,art-grand-prix,dallara-f3-2019,mecachrome-v634
566d728e-09be-4e0e-a874-b68069f6689e,2022,4,9,juan-manuel-correa,art-grand-prix,dallara-f3-2019,mecachrome-v634
566d728e-09be-4e0e-a874-b68069f6689e,2022,4,10,caio-collet,mp-motorsport,dallara-f3-2019,mecachrome-v634
566d728e-09be-4e0e-a874-b68069f6689e,2022,4,11,filip-ugran,mp-motorsport,dallara-f3-2019,mecachrome-v634
566d728e-09be-4e0e-a874-b68069f6689e,2022,4,12,kush-maini,mp-motorsport,dallara-f3-2019,mecachrome-v634
566d728e-09be-4e0e-a874-b68069f6689e,2022,4,14,laszlo-toth,charouz-racing-system,dallara-f3-2019,mecachrome-v634
566d728e-09be-4e0e-a874-b68069f6689e,2022,4,15,zdenek-chovanec,charouz-racing-system,dallara-f3-2019,mecachrome-v634
566d728e-09be-4e0e-a874-b68069f6689e,2022,4,16,francesco-pizzi,charouz-racing-system,dallara-f3-2019,mecachrome-v634
566d728e-09be-4e0e-a874-b68069f6689e,2022,4,17,kaylen-frederick,hitech-racing,dallara-f3-2019,mecachrome-v634
566d728e-09be-4e0e-a874-b68069f6689e,2022,4,18,isack-hadjar,hitech-racing,dallara-f3-2019,mecachrome-v634
566d728e-09be-4e0e-a874-b68069f6689e,2022,4,19,nazim-azman,hitech-racing,dallara-f3-2019,mecachrome-v634
566d728e-09be-4e0e-a874-b68069f6689e,2022,4,20,david-vidales,campos-racing,dallara-f3-2019,mecachrome-v634
566d728e-09be-4e0e-a874-b68069f6689e,2022,4,21,hunter-yeany,campos-racing,dallara-f3-2019,mecachrome-v634
566d728e-09be-4e0e-a874-b68069f6689e,2022,4,22,pepe-marti,campos-racing,dallara-f3-2019,mecachrome-v634
566d728e-09be-4e0e-a874-b68069f6689e,2022,4,23,ido-cohen,jenzer-motorsport,dallara-f3-2019,mecachrome-v634
566d728e-09be-4e0e-a874-b68069f6689e,2022,4,24,federico-malvestiti,jenzer-motorsport,dallara-f3-2019,mecachrome-v634
566d728e-09be-4e0e-a874-b68069f6689e,2022,4,25,william-alatalo,jenzer-motorsport,dallara-f3-2019,mecachrome-v634
566d728e-09be-4e0e-a874-b68069f6689e,2022,4,26,zak-o-sullivan,carlin,dallara-f3-2019,mecachrome-v634
566d728e-09be-4e0e-a874-b68069f6689e,2022,4,27,brad-benavides,carlin,dallara-f3-2019,mecachrome-v634
566d728e-09be-4e0e-a874-b68069f6689e,2022,4,28,enzo-trulli,carlin,dallara-f3-2019,mecachrome-v634
566d728e-09be-4e0e-a874-b68069f6689e,2022,4,29,franco-colapinto,van-amersfoort-racing,dallara-f3-2019,mecachrome-v634
566d728e-09be-4e0e-a874-b68069f6689e,2022,4,30,rafael-villagomez,van-amersfoort-racing,dallara-f3-2019,mecachrome-v634
566d728e-09be-4e0e-a874-b68069f6689e,2022,4,31,reece-ushijima,van-amersfoort-racing,dallara-f3-2019,mecachrome-v634
eb629aa4-e491-469f-aace-f164b78a3f14,2022,5,1,jonny-edgar,trident-motorsport,dallara-f3-2019,mecachrome-v634
eb629aa4-e491-469f-aace-f164b78a3f14,2022,5,2,roman-stanek,trident-motorsport,dallara-f3-2019,mecachrome-v634
eb629aa4-e491-469f-aace-f164b78a3f14,2022,5,3,zane-maloney,trident-motorsport,dallara-f3-2019,mecachrome-v634
eb629aa4-e491-469f-aace-f164b78a3f14,2022,5,4,arthur-leclerc,prema-racing,dallara-f3-2019,mecachrome-v634
eb629aa4-e491-469f-aace-f164b78a3f14,2022,5,5,jak-crawford,prema-racing,dallara-f3-2019,mecachrome-v634
eb629aa4-e491-469f-aace-f164b78a3f14,2022,5,6,oliver-bearman,prema-racing,dallara-f3-2019,mecachrome-v634
eb629aa4-e491-469f-aace-f164b78a3f14,2022,5,7,victor-martins,art-grand-prix,dallara-f3-2019,mecachrome-v634
eb629aa4-e491-469f-aace-f164b78a3f14,2022,5,8,gregoire-saucy,art-grand-prix,dallara-f3-2019,mecachrome-v634
eb629aa4-e491-469f-aace-f164b78a3f14,2022,5,9,juan-manuel-correa,art-grand-prix,dallara-f3-2019,mecachrome-v634
eb629aa4-e491-469f-aace-f164b78a3f14,2022,5,10,caio-collet,mp-motorsport,dallara-f3-2019,mecachrome-v634
eb629aa4-e491-469f-aace-f164b78a3f14,2022,5,11,alexander-smolyar,mp-motorsport,dallara-f3-2019,mecachrome-v634
eb629aa4-e491-469f-aace-f164b78a3f14,2022,5,12,kush-maini,mp-motorsport,dallara-f3-2019,mecachrome-v634
eb629aa4-e491-469f-aace-f164b78a3f14,2022,5,14,laszlo-toth,charouz-racing-system,dallara-f3-2019,mecachrome-v634
eb629aa4-e491-469f-aace-f164b78a3f14,2022,5,15,zdenek-chovanec,charouz-racing-system,dallara-f3-2019,mecachrome-v634
eb629aa4-e491-469f-aace-f164b78a3f14,2022,5,16,francesco-pizzi,charouz-racing-system,dallara-f3-2019,mecachrome-v634
eb629aa4-e491-469f-aace-f164b78a3f14,2022,5,17,kaylen-frederick,hitech-racing,dallara-f3-2019,mecachrome-v634
eb629aa4-e491-469f-aace-f164b78a3f14,2022,5,18,isack-hadjar,hitech-racing,dallara-f3-2019,mecachrome-v634
eb629aa4-e491-469f-aace-f164b78a3f14,2022,5,19,nazim-azman,hitech-racing,dallara-f3-2019,mecachrome-v634
eb629aa4-e491-469f-aace-f164b78a3f14,2022,5,20,david-vidales,campos-racing,dallara-f3-2019,mecachrome-v634
eb629aa4-e491-469f-aace-f164b78a3f14,2022,5,21,hunter-yeany,campos-racing,dallara-f3-2019,mecachrome-v634
eb629aa4-e491-469f-aace-f164b78a3f14,2022,5,22,pepe-marti,campos-racing,dallara-f3-2019,mecachrome-v634
eb629aa4-e491-469f-aace-f164b78a3f14,2022,5,23,ido-cohen,jenzer-motorsport,dallara-f3-2019,mecachrome-v634
eb629aa4-e491-469f-aace-f164b78a3f14,2022,5,24,federico-malvestiti,jenzer-motorsport,dallara-f3-2019,mecachrome-v634
eb629aa4-e491-469f-aace-f164b78a3f14,2022,5,25,william-alatalo,jenzer-motorsport,dallara-f3-2019,mecachrome-v634
eb629aa4-e491-469f-aace-f164b78a3f14,2022,5,26,zak-o-sullivan,carlin,dallara-f3-2019,mecachrome-v634
eb629aa4-e491-469f-aace-f164b78a3f14,2022,5,27,brad-benavides,carlin,dallara-f3-2019,mecachrome-v634
eb629aa4-e491-469f-aace-f164b78a3f14,2022,5,28,enzo-trulli,carlin,dallara-f3-2019,mecachrome-v634
eb629aa4-e491-469f-aace-f164b78a3f14,2022,5,29,franco-colapinto,van-amersfoort-racing,dallara-f3-2019,mecachrome-v634
eb629aa4-e491-469f-aace-f164b78a3f14,2022,5,30,rafael-villagomez,van-amersfoort-racing,dallara-f3-2019,mecachrome-v634
eb629aa4-e491-469f-aace-f164b78a3f14,2022,5,31,reece-ushijima,van-amersfoort-racing,dallara-f3-2019,mecachrome-v634
5b05b15d-1179-49b0-9281-b3af40bcb8b1,2022,6,1,jonny-edgar,trident-motorsport,dallara-f3-2019,mecachrome-v634
5b05b15d-1179-49b0-9281-b3af40bcb8b1,2022,6,2,roman-stanek,trident-motorsport,dallara-f3-2019,mecachrome-v634
5b05b15d-1179-49b0-9281-b3af40bcb8b1,2022,6,3,zane-maloney,trident-motorsport,dallara-f3-2019,mecachrome-v634
5b05b15d-1179-49b0-9281-b3af40bcb8b1,2022,6,4,arthur-leclerc,prema-racing,dallara-f3-2019,mecachrome-v634
5b05b15d-1179-49b0-9281-b3af40bcb8b1,2022,6,5,jak-crawford,prema-racing,dallara-f3-2019,mecachrome-v634
5b05b15d-1179-49b0-9281-b3af40bcb8b1,2022,6,6,oliver-bearman,prema-racing,dallara-f3-2019,mecachrome-v634
5b05b15d-1179-49b0-9281-b3af40bcb8b1,2022,6,7,victor-martins,art-grand-prix,dallara-f3-2019,mecachrome-v634
5b05b15d-1179-49b0-9281-b3af40bcb8b1,2022,6,8,gregoire-saucy,art-grand-prix,dallara-f3-2019,mecachrome-v634
5b05b15d-1179-49b0-9281-b3af40bcb8b1,2022,6,9,juan-manuel-correa,art-grand-prix,dallara-f3-2019,mecachrome-v634
5b05b15d-1179-49b0-9281-b3af40bcb8b1,2022,6,10,caio-collet,mp-motorsport,dallara-f3-2019,mecachrome-v634
5b05b15d-1179-49b0-9281-b3af40bcb8b1,2022,6,11,alexander-smolyar,mp-motorsport,dallara-f3-2019,mecachrome-v634
5b05b15d-1179-49b0-9281-b3af40bcb8b1,2022,6,12,kush-maini,mp-motorsport,dallara-f3-2019,mecachrome-v634
5b05b15d-1179-49b0-9281-b3af40bcb8b1,2022,6,14,laszlo-toth,charouz-racing-system,dallara-f3-2019,mecachrome-v634
5b05b15d-1179-49b0-9281-b3af40bcb8b1,2022,6,15,christian-mansell,charouz-racing-system,dallara-f3-2019,mecachrome-v634
5b05b15d-1179-49b0-9281-b3af40bcb8b1,2022,6,16,francesco-pizzi,charouz-racing-system,dallara-f3-2019,mecachrome-v634
5b05b15d-1179-49b0-9281-b3af40bcb8b1,2022,6,17,kaylen-frederick,hitech-racing,dallara-f3-2019,mecachrome-v634
5b05b15d-1179-49b0-9281-b3af40bcb8b1,2022,6,18,isack-hadjar,hitech-racing,dallara-f3-2019,mecachrome-v634
5b05b15d-1179-49b0-9281-b3af40bcb8b1,2022,6,19,nazim-azman,hitech-racing,dallara-f3-2019,mecachrome-v634
5b05b15d-1179-49b0-9281-b3af40bcb8b1,2022,6,20,david-vidales,campos-racing,dallara-f3-2019,mecachrome-v634
5b05b15d-1179-49b0-9281-b3af40bcb8b1,2022,6,21,oliver-goethe,campos-racing,dallara-f3-2019,mecachrome-v634
5b05b15d-1179-49b0-9281-b3af40bcb8b1,2022,6,22,pepe-marti,campos-racing,dallara-f3-2019,mecachrome-v634
5b05b15d-1179-49b0-9281-b3af40bcb8b1,2022,6,23,ido-cohen,jenzer-motorsport,dallara-f3-2019,mecachrome-v634
5b05b15d-1179-49b0-9281-b3af40bcb8b1,2022,6,24,federico-malvestiti,jenzer-motorsport,dallara-f3-2019,mecachrome-v634
5b05b15d-1179-49b0-9281-b3af40bcb8b1,2022,6,25,william-alatalo,jenzer-motorsport,dallara-f3-2019,mecachrome-v634
5b05b15d-1179-49b0-9281-b3af40bcb8b1,2022,6,26,zak-o-sullivan,carlin,dallara-f3-2019,mecachrome-v634
5b05b15d-1179-49b0-9281-b3af40bcb8b1,2022,6,27,brad-benavides,carlin,dallara-f3-2019,mecachrome-v634
5b05b15d-1179-49b0-9281-b3af40bcb8b1,2022,6,28,enzo-trulli,carlin,dallara-f3-2019,mecachrome-v634
5b05b15d-1179-49b0-9281-b3af40bcb8b1,2022,6,29,franco-colapinto,van-amersfoort-racing,dallara-f3-2019,mecachrome-v634
5b05b15d-1179-49b0-9281-b3af40bcb8b1,2022,6,30,rafael-villagomez,van-amersfoort-racing,dallara-f3-2019,mecachrome-v634
5b05b15d-1179-49b0-9281-b3af40bcb8b1,2022,6,31,reece-ushijima,van-amersfoort-racing,dallara-f3-2019,mecachrome-v634
ab573472-2efd-4e08-b170-51db117aadc0,2022,7,1,jonny-edgar,trident-motorsport,dallara-f3-2019,mecachrome-v634
ab573472-2efd-4e08-b170-51db117aadc0,2022,7,2,roman-stanek,trident-motorsport,dallara-f3-2019,mecachrome-v634
ab573472-2efd-4e08-b170-51db117aadc0,2022,7,3,zane-maloney,trident-motorsport,dallara-f3-2019,mecachrome-v634
ab573472-2efd-4e08-b170-51db117aadc0,2022,7,4,arthur-leclerc,prema-racing,dallara-f3-2019,mecachrome-v634
ab573472-2efd-4e08-b170-51db117aadc0,2022,7,5,jak-crawford,prema-racing,dallara-f3-2019,mecachrome-v634
ab573472-2efd-4e08-b170-51db117aadc0,2022,7,6,oliver-bearman,prema-racing,dallara-f3-2019,mecachrome-v634
ab573472-2efd-4e08-b170-51db117aadc0,2022,7,7,victor-martins,art-grand-prix,dallara-f3-2019,mecachrome-v634
ab573472-2efd-4e08-b170-51db117aadc0,2022,7,8,gregoire-saucy,art-grand-prix,dallara-f3-2019,mecachrome-v634
ab573472-2efd-4e08-b170-51db117aadc0,2022,7,9,juan-manuel-correa,art-grand-prix,dallara-f3-2019,mecachrome-v634
ab573472-2efd-4e08-b170-51db117aadc0,2022,7,10,caio-collet,mp-motorsport,dallara-f3-2019,mecachrome-v634
ab573472-2efd-4e08-b170-51db117aadc0,2022,7,11,alexander-smolyar,mp-motorsport,dallara-f3-2019,mecachrome-v634
ab573472-2efd-4e08-b170-51db117aadc0,2022,7,12,kush-maini,mp-motorsport,dallara-f3-2019,mecachrome-v634
ab573472-2efd-4e08-b170-51db117aadc0,2022,7,14,laszlo-toth,charouz-racing-system,dallara-f3-2019,mecachrome-v634
ab573472-2efd-4e08-b170-51db117aadc0,2022,7,15,christian-mansell,charouz-racing-system,dallara-f3-2019,mecachrome-v634
ab573472-2efd-4e08-b170-51db117aadc0,2022,7,16,francesco-pizzi,charouz-racing-system,dallara-f3-2019,mecachrome-v634
ab573472-2efd-4e08-b170-51db117aadc0,2022,7,17,kaylen-frederick,hitech-racing,dallara-f3-2019,mecachrome-v634
ab573472-2efd-4e08-b170-51db117aadc0,2022,7,18,isack-hadjar,hitech-racing,dallara-f3-2019,mecachrome-v634
ab573472-2efd-4e08-b170-51db117aadc0,2022,7,19,nazim-azman,hitech-racing,dallara-f3-2019,mecachrome-v634
ab573472-2efd-4e08-b170-51db117aadc0,2022,7,20,david-vidales,campos-racing,dallara-f3-2019,mecachrome-v634
ab573472-2efd-4e08-b170-51db117aadc0,2022,7,21,oliver-goethe,campos-racing,dallara-f3-2019,mecachrome-v634
ab573472-2efd-4e08-b170-51db117aadc0,2022,7,22,pepe-marti,campos-racing,dallara-f3-2019,mecachrome-v634
ab573472-2efd-4e08-b170-51db117aadc0,2022,7,23,ido-cohen,jenzer-motorsport,dallara-f3-2019,mecachrome-v634
ab573472-2efd-4e08-b170-51db117aadc0,2022,7,24,federico-malvestiti,jenzer-motorsport,dallara-f3-2019,mecachrome-v634
ab573472-2efd-4e08-b170-51db117aadc0,2022,7,25,william-alatalo,jenzer-motorsport,dallara-f3-2019,mecachrome-v634
ab573472-2efd-4e08-b170-51db117aadc0,2022,7,26,zak-o-sullivan,carlin,dallara-f3-2019,mecachrome-v634
ab573472-2efd-4e08-b170-51db117aadc0,2022,7,27,brad-benavides,carlin,dallara-f3-2019,mecachrome-v634
ab573472-2efd-4e08-b170-51db117aadc0,2022,7,28,enzo-trulli,carlin,dallara-f3-2019,mecachrome-v634
ab573472-2efd-4e08-b170-51db117aadc0,2022,7,29,franco-colapinto,van-amersfoort-racing,dallara-f3-2019,mecachrome-v634
ab573472-2efd-4e08-b170-51db117aadc0,2022,7,30,rafael-villagomez,van-amersfoort-racing,dallara-f3-2019,mecachrome-v634
ab573472-2efd-4e08-b170-51db117aadc0,2022,7,31,reece-ushijima,van-amersfoort-racing,dallara-f3-2019,mecachrome-v634
9fe76735-b7fd-445b-9b22-ed53961cb772,2022,8,1,jonny-edgar,trident-motorsport,dallara-f3-2019,mecachrome-v634
9fe76735-b7fd-445b-9b22-ed53961cb772,2022,8,2,roman-stanek,trident-motorsport,dallara-f3-2019,mecachrome-v634
9fe76735-b7fd-445b-9b22-ed53961cb772,2022,8,3,zane-maloney,trident-motorsport,dallara-f3-2019,mecachrome-v634
9fe76735-b7fd-445b-9b22-ed53961cb772,2022,8,4,arthur-leclerc,prema-racing,dallara-f3-2019,mecachrome-v634
9fe76735-b7fd-445b-9b22-ed53961cb772,2022,8,5,jak-crawford,prema-racing,dallara-f3-2019,mecachrome-v634
9fe76735-b7fd-445b-9b22-ed53961cb772,2022,8,6,oliver-bearman,prema-racing,dallara-f3-2019,mecachrome-v634
9fe76735-b7fd-445b-9b22-ed53961cb772,2022,8,7,victor-martins,art-grand-prix,dallara-f3-2019,mecachrome-v634
9fe76735-b7fd-445b-9b22-ed53961cb772,2022,8,8,gregoire-saucy,art-grand-prix,dallara-f3-2019,mecachrome-v634
9fe76735-b7fd-445b-9b22-ed53961cb772,2022,8,9,juan-manuel-correa,art-grand-prix,dallara-f3-2019,mecachrome-v634
9fe76735-b7fd-445b-9b22-ed53961cb772,2022,8,10,caio-collet,mp-motorsport,dallara-f3-2019,mecachrome-v634
9fe76735-b7fd-445b-9b22-ed53961cb772,2022,8,11,alexander-smolyar,mp-motorsport,dallara-f3-2019,mecachrome-v634
9fe76735-b7fd-445b-9b22-ed53961cb772,2022,8,12,kush-maini,mp-motorsport,dallara-f3-2019,mecachrome-v634
9fe76735-b7fd-445b-9b22-ed53961cb772,2022,8,14,laszlo-toth,charouz-racing-system,dallara-f3-2019,mecachrome-v634
9fe76735-b7fd-445b-9b22-ed53961cb772,2022,8,15,david-schumacher,charouz-racing-system,dallara-f3-2019,mecachrome-v634
9fe76735-b7fd-445b-9b22-ed53961cb772,2022,8,16,francesco-pizzi,charouz-racing-system,dallara-f3-2019,mecachrome-v634
9fe76735-b7fd-445b-9b22-ed53961cb772,2022,8,17,kaylen-frederick,hitech-racing,dallara-f3-2019,mecachrome-v634
9fe76735-b7fd-445b-9b22-ed53961cb772,2022,8,18,isack-hadjar,hitech-racing,dallara-f3-2019,mecachrome-v634
9fe76735-b7fd-445b-9b22-ed53961cb772,2022,8,19,nazim-azman,hitech-racing,dallara-f3-2019,mecachrome-v634
9fe76735-b7fd-445b-9b22-ed53961cb772,2022,8,20,david-vidales,campos-racing,dallara-f3-2019,mecachrome-v634
9fe76735-b7fd-445b-9b22-ed53961cb772,2022,8,21,sebastian-montoya,campos-racing,dallara-f3-2019,mecachrome-v634
9fe76735-b7fd-445b-9b22-ed53961cb772,2022,8,22,pepe-marti,campos-racing,dallara-f3-2019,mecachrome-v634
9fe76735-b7fd-445b-9b22-ed53961cb772,2022,8,23,ido-cohen,jenzer-motorsport,dallara-f3-2019,mecachrome-v634
9fe76735-b7fd-445b-9b22-ed53961cb772,2022,8,24,federico-malvestiti,jenzer-motorsport,dallara-f3-2019,mecachrome-v634
9fe76735-b7fd-445b-9b22-ed53961cb772,2022,8,25,william-alatalo,jenzer-motorsport,dallara-f3-2019,mecachrome-v634
9fe76735-b7fd-445b-9b22-ed53961cb772,2022,8,26,zak-o-sullivan,carlin,dallara-f3-2019,mecachrome-v634
9fe76735-b7fd-445b-9b22-ed53961cb772,2022,8,27,brad-benavides,carlin,dallara-f3-2019,mecachrome-v634
9fe76735-b7fd-445b-9b22-ed53961cb772,2022,8,28,enzo-trulli,carlin,dallara-f3-2019,mecachrome-v634
9fe76735-b7fd-445b-9b22-ed53961cb772,2022,8,29,franco-colapinto,van-amersfoort-racing,dallara-f3-2019,mecachrome-v634
9fe76735-b7fd-445b-9b22-ed53961cb772,2022,8,30,rafael-villagomez,van-amersfoort-racing,dallara-f3-2019,mecachrome-v634
9fe76735-b7fd-445b-9b22-ed53961cb772,2022,8,31,reece-ushijima,van-amersfoort-racing,dallara-f3-2019,mecachrome-v634
01266e80-5ad0-4e07-b301-cd115f17dead,2022,9,1,jonny-edgar,trident-motorsport,dallara-f3-2019,mecachrome-v634
01266e80-5ad0-4e07-b301-cd115f17dead,2022,9,2,roman-stanek,trident-motorsport,dallara-f3-2019,mecachrome-v634
01266e80-5ad0-4e07-b301-cd115f17dead,2022,9,3,zane-maloney,trident-motorsport,dallara-f3-2019,mecachrome-v634
01266e80-5ad0-4e07-b301-cd115f17dead,2022,9,4,arthur-leclerc,prema-racing,dallara-f3-2019,mecachrome-v634
01266e80-5ad0-4e07-b301-cd115f17dead,2022,9,5,jak-crawford,prema-racing,dallara-f3-2019,mecachrome-v634
01266e80-5ad0-4e07-b301-cd115f17dead,2022,9,6,oliver-bearman,prema-racing,dallara-f3-2019,mecachrome-v634
01266e80-5ad0-4e07-b301-cd115f17dead,2022,9,7,victor-martins,art-grand-prix,dallara-f3-2019,mecachrome-v634
01266e80-5ad0-4e07-b301-cd115f17dead,2022,9,8,gregoire-saucy,art-grand-prix,dallara-f3-2019,mecachrome-v634
01266e80-5ad0-4e07-b301-cd115f17dead,2022,9,9,juan-manuel-correa,art-grand-prix,dallara-f3-2019,mecachrome-v634
01266e80-5ad0-4e07-b301-cd115f17dead,2022,9,10,caio-collet,mp-motorsport,dallara-f3-2019,mecachrome-v634
01266e80-5ad0-4e07-b301-cd115f17dead,2022,9,11,alexander-smolyar,mp-motorsport,dallara-f3-2019,mecachrome-v634
01266e80-5ad0-4e07-b301-cd115f17dead,2022,9,12,kush-maini,mp-motorsport,dallara-f3-2019,mecachrome-v634
01266e80-5ad0-4e07-b301-cd115f17dead,2022,9,14,laszlo-toth,charouz-racing-system,dallara-f3-2019,mecachrome-v634
01266e80-5ad0-4e07-b301-cd115f17dead,2022,9,15,alessandro-famularo,charouz-racing-system,dallara-f3-2019,mecachrome-v634
01266e80-5ad0-4e07-b301-cd115f17dead,2022,9,16,francesco-pizzi,charouz-racing-system,dallara-f3-2019,mecachrome-v634
01266e80-5ad0-4e07-b301-cd115f17dead,2022,9,17,kaylen-frederick,hitech-racing,dallara-f3-2019,mecachrome-v634
01266e80-5ad0-4e07-b301-cd115f17dead,2022,9,18,isack-hadjar,hitech-racing,dallara-f3-2019,mecachrome-v634
01266e80-5ad0-4e07-b301-cd115f17dead,2022,9,19,nazim-azman,hitech-racing,dallara-f3-2019,mecachrome-v634
01266e80-5ad0-4e07-b301-cd115f17dead,2022,9,20,david-vidales,campos-racing,dallara-f3-2019,mecachrome-v634
01266e80-5ad0-4e07-b301-cd115f17dead,2022,9,21,hunter-yeany,campos-racing,dallara-f3-2019,mecachrome-v634
01266e80-5ad0-4e07-b301-cd115f17dead,2022,9,22,pepe-marti,campos-racing,dallara-f3-2019,mecachrome-v634
01266e80-5ad0-4e07-b301-cd115f17dead,2022,9,23,ido-cohen,jenzer-motorsport,dallara-f3-2019,mecachrome-v634
01266e80-5ad0-4e07-b301-cd115f17dead,2022,9,24,federico-malvestiti,jenzer-motorsport,dallara-f3-2019,mecachrome-v634
01266e80-5ad0-4e07-b301-cd115f17dead,2022,9,25,william-alatalo,jenzer-motorsport,dallara-f3-2019,mecachrome-v634
01266e80-5ad0-4e07-b301-cd115f17dead,2022,9,26,zak-o-sullivan,carlin,dallara-f3-2019,mecachrome-v634
01266e80-5ad0-4e07-b301-cd115f17dead,2022,9,27,brad-benavides,carlin,dallara-f3-2019,mecachrome-v634
01266e80-5ad0-4e07-b301-cd115f17dead,2022,9,28,enzo-trulli,carlin,dallara-f3-2019,mecachrome-v634
01266e80-5ad0-4e07-b301-cd115f17dead,2022,9,29,franco-colapinto,van-amersfoort-racing,dallara-f3-2019,mecachrome-v634
01266e80-5ad0-4e07-b301-cd115f17dead,2022,9,30,rafael-villagomez,van-amersfoort-racing,dallara-f3-2019,mecachrome-v634
01266e80-5ad0-4e07-b301-cd115f17dead,2022,9,31,reece-ushijima,van-amersfoort-racing,dallara-f3-2019,mecachrome-v634
28999cd4-474e-47b3-97a8-0a281a660d4b,2023,1,1,paul-aron,prema-racing,dallara-f3-2019,mecachrome-v634
28999cd4-474e-47b3-97a8-0a281a660d4b,2023,1,2,dino-beganovic,prema-racing,dallara-f3-2019,mecachrome-v634
28999cd4-474e-47b3-97a8-0a281a660d4b,2023,1,3,zak-o-sullivan,prema-racing,dallara-f3-2019,mecachrome-v634
28999cd4-474e-47b3-97a8-0a281a660d4b,2023,1,4,leonardo-fornaroli,trident-motorsport,dallara-f3-2019,mecachrome-v634
28999cd4-474e-47b3-97a8-0a281a660d4b,2023,1,5,gabriel-bortoleto,trident-motorsport,dallara-f3-2019,mecachrome-v634
28999cd4-474e-47b3-97a8-0a281a660d4b,2023,1,6,oliver-goethe,trident-motorsport,dallara-f3-2019,mecachrome-v634
28999cd4-474e-47b3-97a8-0a281a660d4b,2023,1,7,kaylen-frederick,art-grand-prix,dallara-f3-2019,mecachrome-v634
28999cd4-474e-47b3-97a8-0a281a660d4b,2023,1,8,gregoire-saucy,art-grand-prix,dallara-f3-2019,mecachrome-v634
28999cd4-474e-47b3-97a8-0a281a660d4b,2023,1,9,nikola-tsolov,art-grand-prix,dallara-f3-2019,mecachrome-v634
28999cd4-474e-47b3-97a8-0a281a660d4b,2023,1,10,franco-colapinto,mp-motorsport,dallara-f3-2019,mecachrome-v634
28999cd4-474e-47b3-97a8-0a281a660d4b,2023,1,11,mari-boya,mp-motorsport,dallara-f3-2019,mecachrome-v634
28999cd4-474e-47b3-97a8-0a281a660d4b,2023,1,12,jonny-edgar,mp-motorsport,dallara-f3-2019,mecachrome-v634
28999cd4-474e-47b3-97a8-0a281a660d4b,2023,1,14,sebastian-montoya,hitech-racing,dallara-f3-2019,mecachrome-v634
28999cd4-474e-47b3-97a8-0a281a660d4b,2023,1,15,gabriele-mini,hitech-racing,dallara-f3-2019,mecachrome-v634
28999cd4-474e-47b3-97a8-0a281a660d4b,2023,1,16,luke-browning,hitech-racing,dallara-f3-2019,mecachrome-v634
28999cd4-474e-47b3-97a8-0a281a660d4b,2023,1,17,caio-collet,van-amersfoort-racing,dallara-f3-2019,mecachrome-v634
28999cd4-474e-47b3-97a8-0a281a660d4b,2023,1,18,rafael-villagomez,van-amersfoort-racing,dallara-f3-2019,mecachrome-v634
28999cd4-474e-47b3-97a8-0a281a660d4b,2023,1,19,tom-smith,van-amersfoort-racing,dallara-f3-2019,mecachrome-v634
28999cd4-474e-47b3-97a8-0a281a660d4b,2023,1,20,oliver-gray,carlin,dallara-f3-2019,mecachrome-v634
28999cd4-474e-47b3-97a8-0a281a660d4b,2023,1,21,hunter-yeany,carlin,dallara-f3-2019,mecachrome-v634
28999cd4-474e-47b3-97a8-0a281a660d4b,2023,1,22,ido-cohen,carlin,dallara-f3-2019,mecachrome-v634
28999cd4-474e-47b3-97a8-0a281a660d4b,2023,1,23,pepe-marti,campos-racing,dallara-f3-2019,mecachrome-v634
28999cd4-474e-47b3-97a8-0a281a660d4b,2023,1,24,christian-mansell,campos-racing,dallara-f3-2019,mecachrome-v634
28999cd4-474e-47b3-97a8-0a281a660d4b,2023,1,25,hugh-barter,campos-racing,dallara-f3-2019,mecachrome-v634
28999cd4-474e-47b3-97a8-0a281a660d4b,2023,1,26,nikita-bedrin,jenzer-motorsport,dallara-f3-2019,mecachrome-v634
28999cd4-474e-47b3-97a8-0a281a660d4b,2023,1,27,taylor-barnard,jenzer-motorsport,dallara-f3-2019,mecachrome-v634
28999cd4-474e-47b3-97a8-0a281a660d4b,2023,1,28,alejandro-garcia-2,jenzer-motorsport,dallara-f3-2019,mecachrome-v634
28999cd4-474e-47b3-97a8-0a281a660d4b,2023,1,29,sophia-florsch,charouz-racing-system,dallara-f3-2019,mecachrome-v634
28999cd4-474e-47b3-97a8-0a281a660d4b,2023,1,30,roberto-faria,charouz-racing-system,dallara-f3-2019,mecachrome-v634
28999cd4-474e-47b3-97a8-0a281a660d4b,2023,1,31,piotr-wisnicki,charouz-racing-system,dallara-f3-2019,mecachrome-v634
d7d3a7d3-1ef7-4614-8c68-cd4e0e0d8c67,2023,2,1,paul-aron,prema-racing,dallara-f3-2019,mecachrome-v634
d7d3a7d3-1ef7-4614-8c68-cd4e0e0d8c67,2023,2,2,dino-beganovic,prema-racing,dallara-f3-2019,mecachrome-v634
d7d3a7d3-1ef7-4614-8c68-cd4e0e0d8c67,2023,2,3,zak-o-sullivan,prema-racing,dallara-f3-2019,mecachrome-v634
d7d3a7d3-1ef7-4614-8c68-cd4e0e0d8c67,2023,2,4,leonardo-fornaroli,trident-motorsport,dallara-f3-2019,mecachrome-v634
d7d3a7d3-1ef7-4614-8c68-cd4e0e0d8c67,2023,2,5,gabriel-bortoleto,trident-motorsport,dallara-f3-2019,mecachrome-v634
d7d3a7d3-1ef7-4614-8c68-cd4e0e0d8c67,2023,2,6,oliver-goethe,trident-motorsport,dallara-f3-2019,mecachrome-v634
d7d3a7d3-1ef7-4614-8c68-cd4e0e0d8c67,2023,2,7,kaylen-frederick,art-grand-prix,dallara-f3-2019,mecachrome-v634
d7d3a7d3-1ef7-4614-8c68-cd4e0e0d8c67,2023,2,8,gregoire-saucy,art-grand-prix,dallara-f3-2019,mecachrome-v634
d7d3a7d3-1ef7-4614-8c68-cd4e0e0d8c67,2023,2,9,nikola-tsolov,art-grand-prix,dallara-f3-2019,mecachrome-v634
d7d3a7d3-1ef7-4614-8c68-cd4e0e0d8c67,2023,2,10,franco-colapinto,mp-motorsport,dallara-f3-2019,mecachrome-v634
d7d3a7d3-1ef7-4614-8c68-cd4e0e0d8c67,2023,2,11,mari-boya,mp-motorsport,dallara-f3-2019,mecachrome-v634
d7d3a7d3-1ef7-4614-8c68-cd4e0e0d8c67,2023,2,12,jonny-edgar,mp-motorsport,dallara-f3-2019,mecachrome-v634
d7d3a7d3-1ef7-4614-8c68-cd4e0e0d8c67,2023,2,14,sebastian-montoya,hitech-racing,dallara-f3-2019,mecachrome-v634
d7d3a7d3-1ef7-4614-8c68-cd4e0e0d8c67,2023,2,15,gabriele-mini,hitech-racing,dallara-f3-2019,mecachrome-v634
d7d3a7d3-1ef7-4614-8c68-cd4e0e0d8c67,2023,2,16,luke-browning,hitech-racing,dallara-f3-2019,mecachrome-v634
d7d3a7d3-1ef7-4614-8c68-cd4e0e0d8c67,2023,2,17,caio-collet,van-amersfoort-racing,dallara-f3-2019,mecachrome-v634
d7d3a7d3-1ef7-4614-8c68-cd4e0e0d8c67,2023,2,18,rafael-villagomez,van-amersfoort-racing,dallara-f3-2019,mecachrome-v634
d7d3a7d3-1ef7-4614-8c68-cd4e0e0d8c67,2023,2,19,tom-smith,van-amersfoort-racing,dallara-f3-2019,mecachrome-v634
d7d3a7d3-1ef7-4614-8c68-cd4e0e0d8c67,2023,2,20,oliver-gray,carlin,dallara-f3-2019,mecachrome-v634
d7d3a7d3-1ef7-4614-8c68-cd4e0e0d8c67,2023,2,21,hunter-yeany,carlin,dallara-f3-2019,mecachrome-v634
d7d3a7d3-1ef7-4614-8c68-cd4e0e0d8c67,2023,2,22,ido-cohen,carlin,dallara-f3-2019,mecachrome-v634
d7d3a7d3-1ef7-4614-8c68-cd4e0e0d8c67,2023,2,23,pepe-marti,campos-racing,dallara-f3-2019,mecachrome-v634
d7d3a7d3-1ef7-4614-8c68-cd4e0e0d8c67,2023,2,24,christian-mansell,campos-racing,dallara-f3-2019,mecachrome-v634
d7d3a7d3-1ef7-4614-8c68-cd4e0e0d8c67,2023,2,25,hugh-barter,campos-racing,dallara-f3-2019,mecachrome-v634
d7d3a7d3-1ef7-4614-8c68-cd4e0e0d8c67,2023,2,26,nikita-bedrin,jenzer-motorsport,dallara-f3-2019,mecachrome-v634
d7d3a7d3-1ef7-4614-8c68-cd4e0e0d8c67,2023,2,27,taylor-barnard,jenzer-motorsport,dallara-f3-2019,mecachrome-v634
d7d3a7d3-1ef7-4614-8c68-cd4e0e0d8c67,2023,2,28,alejandro-garcia-2,jenzer-motorsport,dallara-f3-2019,mecachrome-v634
d7d3a7d3-1ef7-4614-8c68-cd4e0e0d8c67,2023,2,29,sophia-florsch,charouz-racing-system,dallara-f3-2019,mecachrome-v634
d7d3a7d3-1ef7-4614-8c68-cd4e0e0d8c67,2023,2,30,roberto-faria,charouz-racing-system,dallara-f3-2019,mecachrome-v634
d7d3a7d3-1ef7-4614-8c68-cd4e0e0d8c67,2023,2,31,piotr-wisnicki,charouz-racing-system,dallara-f3-2019,mecachrome-v634
3003b6a8-2f16-46f7-9d3b-f78daec2d29c,2023,4,1,paul-aron,prema-racing,dallara-f3-2019,mecachrome-v634
3003b6a8-2f16-46f7-9d3b-f78daec2d29c,2023,4,2,dino-beganovic,prema-racing,dallara-f3-2019,mecachrome-v634
3003b6a8-2f16-46f7-9d3b-f78daec2d29c,2023,4,3,zak-o-sullivan,prema-racing,dallara-f3-2019,mecachrome-v634
3003b6a8-2f16-46f7-9d3b-f78daec2d29c,2023,4,4,leonardo-fornaroli,trident-motorsport,dallara-f3-2019,mecachrome-v634
3003b6a8-2f16-46f7-9d3b-f78daec2d29c,2023,4,5,gabriel-bortoleto,trident-motorsport,dallara-f3-2019,mecachrome-v634
3003b6a8-2f16-46f7-9d3b-f78daec2d29c,2023,4,6,oliver-goethe,trident-motorsport,dallara-f3-2019,mecachrome-v634
3003b6a8-2f16-46f7-9d3b-f78daec2d29c,2023,4,7,kaylen-frederick,art-grand-prix,dallara-f3-2019,mecachrome-v634
3003b6a8-2f16-46f7-9d3b-f78daec2d29c,2023,4,8,gregoire-saucy,art-grand-prix,dallara-f3-2019,mecachrome-v634
3003b6a8-2f16-46f7-9d3b-f78daec2d29c,2023,4,9,nikola-tsolov,art-grand-prix,dallara-f3-2019,mecachrome-v634
3003b6a8-2f16-46f7-9d3b-f78daec2d29c,2023,4,10,franco-colapinto,mp-motorsport,dallara-f3-2019,mecachrome-v634
3003b6a8-2f16-46f7-9d3b-f78daec2d29c,2023,4,11,mari-boya,mp-motorsport,dallara-f3-2019,mecachrome-v634
3003b6a8-2f16-46f7-9d3b-f78daec2d29c,2023,4,12,jonny-edgar,mp-motorsport,dallara-f3-2019,mecachrome-v634
3003b6a8-2f16-46f7-9d3b-f78daec2d29c,2023,4,14,sebastian-montoya,hitech-racing,dallara-f3-2019,mecachrome-v634
3003b6a8-2f16-46f7-9d3b-f78daec2d29c,2023,4,15,gabriele-mini,hitech-racing,dallara-f3-2019,mecachrome-v634
3003b6a8-2f16-46f7-9d3b-f78daec2d29c,2023,4,16,luke-browning,hitech-racing,dallara-f3-2019,mecachrome-v634
3003b6a8-2f16-46f7-9d3b-f78daec2d29c,2023,4,17,caio-collet,van-amersfoort-racing,dallara-f3-2019,mecachrome-v634
3003b6a8-2f16-46f7-9d3b-f78daec2d29c,2023,4,18,rafael-villagomez,van-amersfoort-racing,dallara-f3-2019,mecachrome-v634
3003b6a8-2f16-46f7-9d3b-f78daec2d29c,2023,4,19,tom-smith,van-amersfoort-racing,dallara-f3-2019,mecachrome-v634
3003b6a8-2f16-46f7-9d3b-f78daec2d29c,2023,4,20,oliver-gray,carlin,dallara-f3-2019,mecachrome-v634
3003b6a8-2f16-46f7-9d3b-f78daec2d29c,2023,4,21,hunter-yeany,carlin,dallara-f3-2019,mecachrome-v634
3003b6a8-2f16-46f7-9d3b-f78daec2d29c,2023,4,22,ido-cohen,carlin,dallara-f3-2019,mecachrome-v634
3003b6a8-2f16-46f7-9d3b-f78daec2d29c,2023,4,23,pepe-marti,campos-racing,dallara-f3-2019,mecachrome-v634
3003b6a8-2f16-46f7-9d3b-f78daec2d29c,2023,4,24,christian-mansell,campos-racing,dallara-f3-2019,mecachrome-v634
3003b6a8-2f16-46f7-9d3b-f78daec2d29c,2023,4,25,hugh-barter,campos-racing,dallara-f3-2019,mecachrome-v634
3003b6a8-2f16-46f7-9d3b-f78daec2d29c,2023,4,26,nikita-bedrin,jenzer-motorsport,dallara-f3-2019,mecachrome-v634
3003b6a8-2f16-46f7-9d3b-f78daec2d29c,2023,4,27,taylor-barnard,jenzer-motorsport,dallara-f3-2019,mecachrome-v634
3003b6a8-2f16-46f7-9d3b-f78daec2d29c,2023,4,28,alejandro-garcia-2,jenzer-motorsport,dallara-f3-2019,mecachrome-v634
3003b6a8-2f16-46f7-9d3b-f78daec2d29c,2023,4,29,sophia-florsch,charouz-racing-system,dallara-f3-2019,mecachrome-v634
3003b6a8-2f16-46f7-9d3b-f78daec2d29c,2023,4,30,roberto-faria,charouz-racing-system,dallara-f3-2019,mecachrome-v634
3003b6a8-2f16-46f7-9d3b-f78daec2d29c,2023,4,31,piotr-wisnicki,charouz-racing-system,dallara-f3-2019,mecachrome-v634
8dcac300-5645-4601-9ac4-d97f344e9b17,2023,5,1,paul-aron,prema-racing,dallara-f3-2019,mecachrome-v634
8dcac300-5645-4601-9ac4-d97f344e9b17,2023,5,2,dino-beganovic,prema-racing,dallara-f3-2019,mecachrome-v634
8dcac300-5645-4601-9ac4-d97f344e9b17,2023,5,3,zak-o-sullivan,prema-racing,dallara-f3-2019,mecachrome-v634
8dcac300-5645-4601-9ac4-d97f344e9b17,2023,5,4,leonardo-fornaroli,trident-motorsport,dallara-f3-2019,mecachrome-v634
8dcac300-5645-4601-9ac4-d97f344e9b17,2023,5,5,gabriel-bortoleto,trident-motorsport,dallara-f3-2019,mecachrome-v634
8dcac300-5645-4601-9ac4-d97f344e9b17,2023,5,6,oliver-goethe,trident-motorsport,dallara-f3-2019,mecachrome-v634
8dcac300-5645-4601-9ac4-d97f344e9b17,2023,5,7,kaylen-frederick,art-grand-prix,dallara-f3-2019,mecachrome-v634
8dcac300-5645-4601-9ac4-d97f344e9b17,2023,5,8,gregoire-saucy,art-grand-prix,dallara-f3-2019,mecachrome-v634
8dcac300-5645-4601-9ac4-d97f344e9b17,2023,5,9,nikola-tsolov,art-grand-prix,dallara-f3-2019,mecachrome-v634
8dcac300-5645-4601-9ac4-d97f344e9b17,2023,5,10,franco-colapinto,mp-motorsport,dallara-f3-2019,mecachrome-v634
8dcac300-5645-4601-9ac4-d97f344e9b17,2023,5,11,mari-boya,mp-motorsport,dallara-f3-2019,mecachrome-v634
8dcac300-5645-4601-9ac4-d97f344e9b17,2023,5,12,jonny-edgar,mp-motorsport,dallara-f3-2019,mecachrome-v634
8dcac300-5645-4601-9ac4-d97f344e9b17,2023,5,14,sebastian-montoya,hitech-racing,dallara-f3-2019,mecachrome-v634
8dcac300-5645-4601-9ac4-d97f344e9b17,2023,5,15,gabriele-mini,hitech-racing,dallara-f3-2019,mecachrome-v634
8dcac300-5645-4601-9ac4-d97f344e9b17,2023,5,16,luke-browning,hitech-racing,dallara-f3-2019,mecachrome-v634
8dcac300-5645-4601-9ac4-d97f344e9b17,2023,5,17,caio-collet,van-amersfoort-racing,dallara-f3-2019,mecachrome-v634
8dcac300-5645-4601-9ac4-d97f344e9b17,2023,5,18,rafael-villagomez,van-amersfoort-racing,dallara-f3-2019,mecachrome-v634
8dcac300-5645-4601-9ac4-d97f344e9b17,2023,5,19,tom-smith,van-amersfoort-racing,dallara-f3-2019,mecachrome-v634
8dcac300-5645-4601-9ac4-d97f344e9b17,2023,5,20,oliver-gray,carlin,dallara-f3-2019,mecachrome-v634
8dcac300-5645-4601-9ac4-d97f344e9b17,2023,5,21,hunter-yeany,carlin,dallara-f3-2019,mecachrome-v634
8dcac300-5645-4601-9ac4-d97f344e9b17,2023,5,22,ido-cohen,carlin,dallara-f3-2019,mecachrome-v634
8dcac300-5645-4601-9ac4-d97f344e9b17,2023,5,23,pepe-marti,campos-racing,dallara-f3-2019,mecachrome-v634
8dcac300-5645-4601-9ac4-d97f344e9b17,2023,5,24,christian-mansell,campos-racing,dallara-f3-2019,mecachrome-v634
8dcac300-5645-4601-9ac4-d97f344e9b17,2023,5,25,hugh-barter,campos-racing,dallara-f3-2019,mecachrome-v634
8dcac300-5645-4601-9ac4-d97f344e9b17,2023,5,26,nikita-bedrin,jenzer-motorsport,dallara-f3-2019,mecachrome-v634
8dcac300-5645-4601-9ac4-d97f344e9b17,2023,5,27,taylor-barnard,jenzer-motorsport,dallara-f3-2019,mecachrome-v634
8dcac300-5645-4601-9ac4-d97f344e9b17,2023,5,28,alejandro-garcia-2,jenzer-motorsport,dallara-f3-2019,mecachrome-v634
8dcac300-5645-4601-9ac4-d97f344e9b17,2023,5,29,sophia-florsch,charouz-racing-system,dallara-f3-2019,mecachrome-v634
8dcac300-5645-4601-9ac4-d97f344e9b17,2023,5,30,roberto-faria,charouz-racing-system,dallara-f3-2019,mecachrome-v634
8dcac300-5645-4601-9ac4-d97f344e9b17,2023,5,31,piotr-wisnicki,charouz-racing-system,dallara-f3-2019,mecachrome-v634
218c7cc4-b343-426e-9a7a-b7d2149a1e2a,2023,6,1,paul-aron,prema-racing,dallara-f3-2019,mecachrome-v634
218c7cc4-b343-426e-9a7a-b7d2149a1e2a,2023,6,2,dino-beganovic,prema-racing,dallara-f3-2019,mecachrome-v634
218c7cc4-b343-426e-9a7a-b7d2149a1e2a,2023,6,3,zak-o-sullivan,prema-racing,dallara-f3-2019,mecachrome-v634
218c7cc4-b343-426e-9a7a-b7d2149a1e2a,2023,6,4,leonardo-fornaroli,trident-motorsport,dallara-f3-2019,mecachrome-v634
218c7cc4-b343-426e-9a7a-b7d2149a1e2a,2023,6,5,gabriel-bortoleto,trident-motorsport,dallara-f3-2019,mecachrome-v634
218c7cc4-b343-426e-9a7a-b7d2149a1e2a,2023,6,6,oliver-goethe,trident-motorsport,dallara-f3-2019,mecachrome-v634
218c7cc4-b343-426e-9a7a-b7d2149a1e2a,2023,6,7,kaylen-frederick,art-grand-prix,dallara-f3-2019,mecachrome-v634
218c7cc4-b343-426e-9a7a-b7d2149a1e2a,2023,6,8,gregoire-saucy,art-grand-prix,dallara-f3-2019,mecachrome-v634
218c7cc4-b343-426e-9a7a-b7d2149a1e2a,2023,6,9,nikola-tsolov,art-grand-prix,dallara-f3-2019,mecachrome-v634
218c7cc4-b343-426e-9a7a-b7d2149a1e2a,2023,6,10,franco-colapinto,mp-motorsport,dallara-f3-2019,mecachrome-v634
218c7cc4-b343-426e-9a7a-b7d2149a1e2a,2023,6,11,mari-boya,mp-motorsport,dallara-f3-2019,mecachrome-v634
218c7cc4-b343-426e-9a7a-b7d2149a1e2a,2023,6,12,jonny-edgar,mp-motorsport,dallara-f3-2019,mecachrome-v634
218c7cc4-b343-426e-9a7a-b7d2149a1e2a,2023,6,14,sebastian-montoya,hitech-racing,dallara-f3-2019,mecachrome-v634
218c7cc4-b343-426e-9a7a-b7d2149a1e2a,2023,6,15,gabriele-mini,hitech-racing,dallara-f3-2019,mecachrome-v634
218c7cc4-b343-426e-9a7a-b7d2149a1e2a,2023,6,16,luke-browning,hitech-racing,dallara-f3-2019,mecachrome-v634
218c7cc4-b343-426e-9a7a-b7d2149a1e2a,2023,6,17,caio-collet,van-amersfoort-racing,dallara-f3-2019,mecachrome-v634
218c7cc4-b343-426e-9a7a-b7d2149a1e2a,2023,6,18,rafael-villagomez,van-amersfoort-racing,dallara-f3-2019,mecachrome-v634
218c7cc4-b343-426e-9a7a-b7d2149a1e2a,2023,6,19,tom-smith,van-amersfoort-racing,dallara-f3-2019,mecachrome-v634
218c7cc4-b343-426e-9a7a-b7d2149a1e2a,2023,6,20,oliver-gray,carlin,dallara-f3-2019,mecachrome-v634
218c7cc4-b343-426e-9a7a-b7d2149a1e2a,2023,6,21,hunter-yeany,carlin,dallara-f3-2019,mecachrome-v634
218c7cc4-b343-426e-9a7a-b7d2149a1e2a,2023,6,22,ido-cohen,carlin,dallara-f3-2019,mecachrome-v634
218c7cc4-b343-426e-9a7a-b7d2149a1e2a,2023,6,23,pepe-marti,campos-racing,dallara-f3-2019,mecachrome-v634
218c7cc4-b343-426e-9a7a-b7d2149a1e2a,2023,6,24,christian-mansell,campos-racing,dallara-f3-2019,mecachrome-v634
218c7cc4-b343-426e-9a7a-b7d2149a1e2a,2023,6,25,hugh-barter,campos-racing,dallara-f3-2019,mecachrome-v634
218c7cc4-b343-426e-9a7a-b7d2149a1e2a,2023,6,26,nikita-bedrin,jenzer-motorsport,dallara-f3-2019,mecachrome-v634
218c7cc4-b343-426e-9a7a-b7d2149a1e2a,2023,6,27,taylor-barnard,jenzer-motorsport,dallara-f3-2019,mecachrome-v634
218c7cc4-b343-426e-9a7a-b7d2149a1e2a,2023,6,28,alejandro-garcia-2,jenzer-motorsport,dallara-f3-2019,mecachrome-v634
218c7cc4-b343-426e-9a7a-b7d2149a1e2a,2023,6,29,sophia-florsch,charouz-racing-system,dallara-f3-2019,mecachrome-v634
218c7cc4-b343-426e-9a7a-b7d2149a1e2a,2023,6,30,roberto-faria,charouz-racing-system,dallara-f3-2019,mecachrome-v634
218c7cc4-b343-426e-9a7a-b7d2149a1e2a,2023,6,31,mckenzy-cresswell,charouz-racing-system,dallara-f3-2019,mecachrome-v634
0821400f-ba29-4e9d-8a12-2afa8cc52133,2023,7,1,paul-aron,prema-racing,dallara-f3-2019,mecachrome-v634
0821400f-ba29-4e9d-8a12-2afa8cc52133,2023,7,2,dino-beganovic,prema-racing,dallara-f3-2019,mecachrome-v634
0821400f-ba29-4e9d-8a12-2afa8cc52133,2023,7,3,zak-o-sullivan,prema-racing,dallara-f3-2019,mecachrome-v634
0821400f-ba29-4e9d-8a12-2afa8cc52133,2023,7,4,leonardo-fornaroli,trident-motorsport,dallara-f3-2019,mecachrome-v634
0821400f-ba29-4e9d-8a12-2afa8cc52133,2023,7,5,gabriel-bortoleto,trident-motorsport,dallara-f3-2019,mecachrome-v634
0821400f-ba29-4e9d-8a12-2afa8cc52133,2023,7,6,oliver-goethe,trident-motorsport,dallara-f3-2019,mecachrome-v634
0821400f-ba29-4e9d-8a12-2afa8cc52133,2023,7,7,kaylen-frederick,art-grand-prix,dallara-f3-2019,mecachrome-v634
0821400f-ba29-4e9d-8a12-2afa8cc52133,2023,7,8,gregoire-saucy,art-grand-prix,dallara-f3-2019,mecachrome-v634
0821400f-ba29-4e9d-8a12-2afa8cc52133,2023,7,9,nikola-tsolov,art-grand-prix,dallara-f3-2019,mecachrome-v634
0821400f-ba29-4e9d-8a12-2afa8cc52133,2023,7,10,franco-colapinto,mp-motorsport,dallara-f3-2019,mecachrome-v634
0821400f-ba29-4e9d-8a12-2afa8cc52133,2023,7,11,mari-boya,mp-motorsport,dallara-f3-2019,mecachrome-v634
0821400f-ba29-4e9d-8a12-2afa8cc52133,2023,7,12,jonny-edgar,mp-motorsport,dallara-f3-2019,mecachrome-v634
0821400f-ba29-4e9d-8a12-2afa8cc52133,2023,7,14,sebastian-montoya,hitech-racing,dallara-f3-2019,mecachrome-v634
0821400f-ba29-4e9d-8a12-2afa8cc52133,2023,7,15,gabriele-mini,hitech-racing,dallara-f3-2019,mecachrome-v634
0821400f-ba29-4e9d-8a12-2afa8cc52133,2023,7,16,luke-browning,hitech-racing,dallara-f3-2019,mecachrome-v634
0821400f-ba29-4e9d-8a12-2afa8cc52133,2023,7,17,caio-collet,van-amersfoort-racing,dallara-f3-2019,mecachrome-v634
0821400f-ba29-4e9d-8a12-2afa8cc52133,2023,7,18,rafael-villagomez,van-amersfoort-racing,dallara-f3-2019,mecachrome-v634
0821400f-ba29-4e9d-8a12-2afa8cc52133,2023,7,19,tom-smith,van-amersfoort-racing,dallara-f3-2019,mecachrome-v634
0821400f-ba29-4e9d-8a12-2afa8cc52133,2023,7,20,oliver-gray,carlin,dallara-f3-2019,mecachrome-v634
0821400f-ba29-4e9d-8a12-2afa8cc52133,2023,7,21,maxwell-esterson,carlin,dallara-f3-2019,mecachrome-v634
0821400f-ba29-4e9d-8a12-2afa8cc52133,2023,7,22,ido-cohen,carlin,dallara-f3-2019,mecachrome-v634
0821400f-ba29-4e9d-8a12-2afa8cc52133,2023,7,23,pepe-marti,campos-racing,dallara-f3-2019,mecachrome-v634
0821400f-ba29-4e9d-8a12-2afa8cc52133,2023,7,24,christian-mansell,campos-racing,dallara-f3-2019,mecachrome-v634
0821400f-ba29-4e9d-8a12-2afa8cc52133,2023,7,25,hugh-barter,campos-racing,dallara-f3-2019,mecachrome-v634
0821400f-ba29-4e9d-8a12-2afa8cc52133,2023,7,26,nikita-bedrin,jenzer-motorsport,dallara-f3-2019,mecachrome-v634
0821400f-ba29-4e9d-8a12-2afa8cc52133,2023,7,27,taylor-barnard,jenzer-motorsport,dallara-f3-2019,mecachrome-v634
0821400f-ba29-4e9d-8a12-2afa8cc52133,2023,7,28,alejandro-garcia-2,jenzer-motorsport,dallara-f3-2019,mecachrome-v634
0821400f-ba29-4e9d-8a12-2afa8cc52133,2023,7,29,sophia-florsch,charouz-racing-system,dallara-f3-2019,mecachrome-v634
0821400f-ba29-4e9d-8a12-2afa8cc52133,2023,7,30,roberto-faria,charouz-racing-system,dallara-f3-2019,mecachrome-v634
0821400f-ba29-4e9d-8a12-2afa8cc52133,2023,7,31,mckenzy-cresswell,charouz-racing-system,dallara-f3-2019,mecachrome-v634
e5ca6eed-455c-480b-b6cc-8945e045371f,2023,8,1,paul-aron,prema-racing,dallara-f3-2019,mecachrome-v634
e5ca6eed-455c-480b-b6cc-8945e045371f,2023,8,2,dino-beganovic,prema-racing,dallara-f3-2019,mecachrome-v634
e5ca6eed-455c-480b-b6cc-8945e045371f,2023,8,3,zak-o-sullivan,prema-racing,dallara-f3-2019,mecachrome-v634
e5ca6eed-455c-480b-b6cc-8945e045371f,2023,8,4,leonardo-fornaroli,trident-motorsport,dallara-f3-2019,mecachrome-v634
e5ca6eed-455c-480b-b6cc-8945e045371f,2023,8,5,gabriel-bortoleto,trident-motorsport,dallara-f3-2019,mecachrome-v634
e5ca6eed-455c-480b-b6cc-8945e045371f,2023,8,6,oliver-goethe,trident-motorsport,dallara-f3-2019,mecachrome-v634
e5ca6eed-455c-480b-b6cc-8945e045371f,2023,8,7,kaylen-frederick,art-grand-prix,dallara-f3-2019,mecachrome-v634
e5ca6eed-455c-480b-b6cc-8945e045371f,2023,8,8,gregoire-saucy,art-grand-prix,dallara-f3-2019,mecachrome-v634
e5ca6eed-455c-480b-b6cc-8945e045371f,2023,8,9,nikola-tsolov,art-grand-prix,dallara-f3-2019,mecachrome-v634
e5ca6eed-455c-480b-b6cc-8945e045371f,2023,8,10,franco-colapinto,mp-motorsport,dallara-f3-2019,mecachrome-v634
e5ca6eed-455c-480b-b6cc-8945e045371f,2023,8,11,mari-boya,mp-motorsport,dallara-f3-2019,mecachrome-v634
e5ca6eed-455c-480b-b6cc-8945e045371f,2023,8,12,jonny-edgar,mp-motorsport,dallara-f3-2019,mecachrome-v634
e5ca6eed-455c-480b-b6cc-8945e045371f,2023,8,14,sebastian-montoya,hitech-racing,dallara-f3-2019,mecachrome-v634
e5ca6eed-455c-480b-b6cc-8945e045371f,2023,8,15,gabriele-mini,hitech-racing,dallara-f3-2019,mecachrome-v634
e5ca6eed-455c-480b-b6cc-8945e045371f,2023,8,16,luke-browning,hitech-racing,dallara-f3-2019,mecachrome-v634
e5ca6eed-455c-480b-b6cc-8945e045371f,2023,8,17,caio-collet,van-amersfoort-racing,dallara-f3-2019,mecachrome-v634
e5ca6eed-455c-480b-b6cc-8945e045371f,2023,8,18,rafael-villagomez,van-amersfoort-racing,dallara-f3-2019,mecachrome-v634
e5ca6eed-455c-480b-b6cc-8945e045371f,2023,8,19,tom-smith,van-amersfoort-racing,dallara-f3-2019,mecachrome-v634
e5ca6eed-455c-480b-b6cc-8945e045371f,2023,8,20,oliver-gray,carlin,dallara-f3-2019,mecachrome-v634
e5ca6eed-455c-480b-b6cc-8945e045371f,2023,8,21,maxwell-esterson,carlin,dallara-f3-2019,mecachrome-v634
e5ca6eed-455c-480b-b6cc-8945e045371f,2023,8,22,ido-cohen,carlin,dallara-f3-2019,mecachrome-v634
e5ca6eed-455c-480b-b6cc-8945e045371f,2023,8,23,pepe-marti,campos-racing,dallara-f3-2019,mecachrome-v634
e5ca6eed-455c-480b-b6cc-8945e045371f,2023,8,24,christian-mansell,campos-racing,dallara-f3-2019,mecachrome-v634
e5ca6eed-455c-480b-b6cc-8945e045371f,2023,8,25,hugh-barter,campos-racing,dallara-f3-2019,mecachrome-v634
e5ca6eed-455c-480b-b6cc-8945e045371f,2023,8,26,nikita-bedrin,jenzer-motorsport,dallara-f3-2019,mecachrome-v634
e5ca6eed-455c-480b-b6cc-8945e045371f,2023,8,27,taylor-barnard,jenzer-motorsport,dallara-f3-2019,mecachrome-v634
e5ca6eed-455c-480b-b6cc-8945e045371f,2023,8,28,alejandro-garcia-2,jenzer-motorsport,dallara-f3-2019,mecachrome-v634
e5ca6eed-455c-480b-b6cc-8945e045371f,2023,8,29,sophia-florsch,charouz-racing-system,dallara-f3-2019,mecachrome-v634
e5ca6eed-455c-480b-b6cc-8945e045371f,2023,8,30,roberto-faria,charouz-racing-system,dallara-f3-2019,mecachrome-v634
e5ca6eed-455c-480b-b6cc-8945e045371f,2023,8,31,michael-shin,charouz-racing-system,dallara-f3-2019,mecachrome-v634
e1450d1f-25b3-4961-8fd8-91cdbb2f408f,2023,9,1,paul-aron,prema-racing,dallara-f3-2019,mecachrome-v634
e1450d1f-25b3-4961-8fd8-91cdbb2f408f,2023,9,2,dino-beganovic,prema-racing,dallara-f3-2019,mecachrome-v634
e1450d1f-25b3-4961-8fd8-91cdbb2f408f,2023,9,3,zak-o-sullivan,prema-racing,dallara-f3-2019,mecachrome-v634
e1450d1f-25b3-4961-8fd8-91cdbb2f408f,2023,9,4,leonardo-fornaroli,trident-motorsport,dallara-f3-2019,mecachrome-v634
e1450d1f-25b3-4961-8fd8-91cdbb2f408f,2023,9,5,gabriel-bortoleto,trident-motorsport,dallara-f3-2019,mecachrome-v634
e1450d1f-25b3-4961-8fd8-91cdbb2f408f,2023,9,6,oliver-goethe,trident-motorsport,dallara-f3-2019,mecachrome-v634
e1450d1f-25b3-4961-8fd8-91cdbb2f408f,2023,9,7,kaylen-frederick,art-grand-prix,dallara-f3-2019,mecachrome-v634
e1450d1f-25b3-4961-8fd8-91cdbb2f408f,2023,9,8,gregoire-saucy,art-grand-prix,dallara-f3-2019,mecachrome-v634
e1450d1f-25b3-4961-8fd8-91cdbb2f408f,2023,9,9,nikola-tsolov,art-grand-prix,dallara-f3-2019,mecachrome-v634
e1450d1f-25b3-4961-8fd8-91cdbb2f408f,2023,9,10,franco-colapinto,mp-motorsport,dallara-f3-2019,mecachrome-v634
e1450d1f-25b3-4961-8fd8-91cdbb2f408f,2023,9,11,mari-boya,mp-motorsport,dallara-f3-2019,mecachrome-v634
e1450d1f-25b3-4961-8fd8-91cdbb2f408f,2023,9,12,jonny-edgar,mp-motorsport,dallara-f3-2019,mecachrome-v634
e1450d1f-25b3-4961-8fd8-91cdbb2f408f,2023,9,14,sebastian-montoya,hitech-racing,dallara-f3-2019,mecachrome-v634
e1450d1f-25b3-4961-8fd8-91cdbb2f408f,2023,9,15,gabriele-mini,hitech-racing,dallara-f3-2019,mecachrome-v634
e1450d1f-25b3-4961-8fd8-91cdbb2f408f,2023,9,16,luke-browning,hitech-racing,dallara-f3-2019,mecachrome-v634
e1450d1f-25b3-4961-8fd8-91cdbb2f408f,2023,9,17,caio-collet,van-amersfoort-racing,dallara-f3-2019,mecachrome-v634
e1450d1f-25b3-4961-8fd8-91cdbb2f408f,2023,9,18,rafael-villagomez,van-amersfoort-racing,dallara-f3-2019,mecachrome-v634
e1450d1f-25b3-4961-8fd8-91cdbb2f408f,2023,9,19,tom-smith,van-amersfoort-racing,dallara-f3-2019,mecachrome-v634
e1450d1f-25b3-4961-8fd8-91cdbb2f408f,2023,9,20,oliver-gray,carlin,dallara-f3-2019,mecachrome-v634
e1450d1f-25b3-4961-8fd8-91cdbb2f408f,2023,9,21,francesco-simonazzi,carlin,dallara-f3-2019,mecachrome-v634
e1450d1f-25b3-4961-8fd8-91cdbb2f408f,2023,9,22,ido-cohen,carlin,dallara-f3-2019,mecachrome-v634
e1450d1f-25b3-4961-8fd8-91cdbb2f408f,2023,9,23,pepe-marti,campos-racing,dallara-f3-2019,mecachrome-v634
e1450d1f-25b3-4961-8fd8-91cdbb2f408f,2023,9,24,christian-mansell,campos-racing,dallara-f3-2019,mecachrome-v634
e1450d1f-25b3-4961-8fd8-91cdbb2f408f,2023,9,25,hugh-barter,campos-racing,dallara-f3-2019,mecachrome-v634
e1450d1f-25b3-4961-8fd8-91cdbb2f408f,2023,9,26,nikita-bedrin,jenzer-motorsport,dallara-f3-2019,mecachrome-v634
e1450d1f-25b3-4961-8fd8-91cdbb2f408f,2023,9,27,taylor-barnard,jenzer-motorsport,dallara-f3-2019,mecachrome-v634
e1450d1f-25b3-4961-8fd8-91cdbb2f408f,2023,9,28,alejandro-garcia-2,jenzer-motorsport,dallara-f3-2019,mecachrome-v634
e1450d1f-25b3-4961-8fd8-91cdbb2f408f,2023,9,29,sophia-florsch,charouz-racing-system,dallara-f3-2019,mecachrome-v634
e1450d1f-25b3-4961-8fd8-91cdbb2f408f,2023,9,30,roberto-faria,charouz-racing-system,dallara-f3-2019,mecachrome-v634
e1450d1f-25b3-4961-8fd8-91cdbb2f408f,2023,9,31,michael-shin,charouz-racing-system,dallara-f3-2019,mecachrome-v634
e55e4f5c-44bd-49f5-be1c-723ae69842d1,2023,10,1,paul-aron,prema-racing,dallara-f3-2019,mecachrome-v634
e55e4f5c-44bd-49f5-be1c-723ae69842d1,2023,10,2,dino-beganovic,prema-racing,dallara-f3-2019,mecachrome-v634
e55e4f5c-44bd-49f5-be1c-723ae69842d1,2023,10,3,zak-o-sullivan,prema-racing,dallara-f3-2019,mecachrome-v634
e55e4f5c-44bd-49f5-be1c-723ae69842d1,2023,10,4,leonardo-fornaroli,trident-motorsport,dallara-f3-2019,mecachrome-v634
e55e4f5c-44bd-49f5-be1c-723ae69842d1,2023,10,5,gabriel-bortoleto,trident-motorsport,dallara-f3-2019,mecachrome-v634
e55e4f5c-44bd-49f5-be1c-723ae69842d1,2023,10,6,oliver-goethe,trident-motorsport,dallara-f3-2019,mecachrome-v634
e55e4f5c-44bd-49f5-be1c-723ae69842d1,2023,10,7,kaylen-frederick,art-grand-prix,dallara-f3-2019,mecachrome-v634
e55e4f5c-44bd-49f5-be1c-723ae69842d1,2023,10,8,gregoire-saucy,art-grand-prix,dallara-f3-2019,mecachrome-v634
e55e4f5c-44bd-49f5-be1c-723ae69842d1,2023,10,9,nikola-tsolov,art-grand-prix,dallara-f3-2019,mecachrome-v634
e55e4f5c-44bd-49f5-be1c-723ae69842d1,2023,10,10,franco-colapinto,mp-motorsport,dallara-f3-2019,mecachrome-v634
e55e4f5c-44bd-49f5-be1c-723ae69842d1,2023,10,11,mari-boya,mp-motorsport,dallara-f3-2019,mecachrome-v634
e55e4f5c-44bd-49f5-be1c-723ae69842d1,2023,10,12,jonny-edgar,mp-motorsport,dallara-f3-2019,mecachrome-v634
e55e4f5c-44bd-49f5-be1c-723ae69842d1,2023,10,14,sebastian-montoya,hitech-racing,dallara-f3-2019,mecachrome-v634
e55e4f5c-44bd-49f5-be1c-723ae69842d1,2023,10,15,gabriele-mini,hitech-racing,dallara-f3-2019,mecachrome-v634
e55e4f5c-44bd-49f5-be1c-723ae69842d1,2023,10,16,luke-browning,hitech-racing,dallara-f3-2019,mecachrome-v634
e55e4f5c-44bd-49f5-be1c-723ae69842d1,2023,10,17,caio-collet,van-amersfoort-racing,dallara-f3-2019,mecachrome-v634
e55e4f5c-44bd-49f5-be1c-723ae69842d1,2023,10,18,rafael-villagomez,van-amersfoort-racing,dallara-f3-2019,mecachrome-v634
e55e4f5c-44bd-49f5-be1c-723ae69842d1,2023,10,19,tom-smith,van-amersfoort-racing,dallara-f3-2019,mecachrome-v634
e55e4f5c-44bd-49f5-be1c-723ae69842d1,2023,10,20,oliver-gray,carlin,dallara-f3-2019,mecachrome-v634
e55e4f5c-44bd-49f5-be1c-723ae69842d1,2023,10,21,francesco-simonazzi,carlin,dallara-f3-2019,mecachrome-v634
e55e4f5c-44bd-49f5-be1c-723ae69842d1,2023,10,22,ido-cohen,carlin,dallara-f3-2019,mecachrome-v634
e55e4f5c-44bd-49f5-be1c-723ae69842d1,2023,10,23,pepe-marti,campos-racing,dallara-f3-2019,mecachrome-v634
e55e4f5c-44bd-49f5-be1c-723ae69842d1,2023,10,24,christian-mansell,campos-racing,dallara-f3-2019,mecachrome-v634
e55e4f5c-44bd-49f5-be1c-723ae69842d1,2023,10,25,josh-dufek,campos-racing,dallara-f3-2019,mecachrome-v634
e55e4f5c-44bd-49f5-be1c-723ae69842d1,2023,10,26,nikita-bedrin,jenzer-motorsport,dallara-f3-2019,mecachrome-v634
e55e4f5c-44bd-49f5-be1c-723ae69842d1,2023,10,27,taylor-barnard,jenzer-motorsport,dallara-f3-2019,mecachrome-v634
e55e4f5c-44bd-49f5-be1c-723ae69842d1,2023,10,28,alejandro-garcia-2,jenzer-motorsport,dallara-f3-2019,mecachrome-v634
e55e4f5c-44bd-49f5-be1c-723ae69842d1,2023,10,29,sophia-florsch,charouz-racing-system,dallara-f3-2019,mecachrome-v634
e55e4f5c-44bd-49f5-be1c-723ae69842d1,2023,10,30,roberto-faria,charouz-racing-system,dallara-f3-2019,mecachrome-v634
e55e4f5c-44bd-49f5-be1c-723ae69842d1,2023,10,31,michael-shin,charouz-racing-system,dallara-f3-2019,mecachrome-v634
2a71a7b2-3132-41e4-9f86-4ae02b8fb398,2024,1,1,dino-beganovic,prema-racing,dallara-f3-2019,mecachrome-v634
2a71a7b2-3132-41e4-9f86-4ae02b8fb398,2024,1,2,gabriele-mini,prema-racing,dallara-f3-2019,mecachrome-v634
2a71a7b2-3132-41e4-9f86-4ae02b8fb398,2024,1,3,arvid-lindblad,prema-racing,dallara-f3-2019,mecachrome-v634
2a71a7b2-3132-41e4-9f86-4ae02b8fb398,2024,1,4,leonardo-fornaroli,trident-motorsport,dallara-f3-2019,mecachrome-v634
2a71a7b2-3132-41e4-9f86-4ae02b8fb398,2024,1,5,sami-meguetounif,trident-motorsport,dallara-f3-2019,mecachrome-v634
2a71a7b2-3132-41e4-9f86-4ae02b8fb398,2024,1,6,santiago-ramos,trident-motorsport,dallara-f3-2019,mecachrome-v634
2a71a7b2-3132-41e4-9f86-4ae02b8fb398,2024,1,7,tim-tramnitz,mp-motorsport,dallara-f3-2019,mecachrome-v634
2a71a7b2-3132-41e4-9f86-4ae02b8fb398,2024,1,8,kacper-sztuka,mp-motorsport,dallara-f3-2019,mecachrome-v634
2a71a7b2-3132-41e4-9f86-4ae02b8fb398,2024,1,9,alex-dunne,mp-motorsport,dallara-f3-2019,mecachrome-v634
2a71a7b2-3132-41e4-9f86-4ae02b8fb398,2024,1,10,oliver-goethe,campos-racing,dallara-f3-2019,mecachrome-v634
2a71a7b2-3132-41e4-9f86-4ae02b8fb398,2024,1,11,sebastian-montoya,campos-racing,dallara-f3-2019,mecachrome-v634
2a71a7b2-3132-41e4-9f86-4ae02b8fb398,2024,1,12,mari-boya,campos-racing,dallara-f3-2019,mecachrome-v634
2a71a7b2-3132-41e4-9f86-4ae02b8fb398,2024,1,14,luke-browning,hitech-racing,dallara-f3-2019,mecachrome-v634
2a71a7b2-3132-41e4-9f86-4ae02b8fb398,2024,1,15,martinius-stenshorne,hitech-racing,dallara-f3-2019,mecachrome-v634
2a71a7b2-3132-41e4-9f86-4ae02b8fb398,2024,1,16,cian-shields,hitech-racing,dallara-f3-2019,mecachrome-v634
2a71a7b2-3132-41e4-9f86-4ae02b8fb398,2024,1,17,charlie-wurz,jenzer-motorsport,dallara-f3-2019,mecachrome-v634
2a71a7b2-3132-41e4-9f86-4ae02b8fb398,2024,1,18,maxwell-esterson,jenzer-motorsport,dallara-f3-2019,mecachrome-v634
2a71a7b2-3132-41e4-9f86-4ae02b8fb398,2024,1,19,matias-zagazeta,jenzer-motorsport,dallara-f3-2019,mecachrome-v634
2a71a7b2-3132-41e4-9f86-4ae02b8fb398,2024,1,20,noel-leon,van-amersfoort-racing,dallara-f3-2019,mecachrome-v634
2a71a7b2-3132-41e4-9f86-4ae02b8fb398,2024,1,21,sophia-florsch,van-amersfoort-racing,dallara-f3-2019,mecachrome-v634
2a71a7b2-3132-41e4-9f86-4ae02b8fb398,2024,1,22,tom-smith,van-amersfoort-racing,dallara-f3-2019,mecachrome-v634
2a71a7b2-3132-41e4-9f86-4ae02b8fb398,2024,1,23,christian-mansell,art-grand-prix,dallara-f3-2019,mecachrome-v634
2a71a7b2-3132-41e4-9f86-4ae02b8fb398,2024,1,24,laurens-van-hoepen,art-grand-prix,dallara-f3-2019,mecachrome-v634
2a71a7b2-3132-41e4-9f86-4ae02b8fb398,2024,1,25,nikola-tsolov,art-grand-prix,dallara-f3-2019,mecachrome-v634
2a71a7b2-3132-41e4-9f86-4ae02b8fb398,2024,1,26,tasanapol-inthraphuvasak,phm-racing,dallara-f3-2019,mecachrome-v634
2a71a7b2-3132-41e4-9f86-4ae02b8fb398,2024,1,27,nikita-bedrin,phm-racing,dallara-f3-2019,mecachrome-v634
2a71a7b2-3132-41e4-9f86-4ae02b8fb398,2024,1,28,josh-dufek,phm-racing,dallara-f3-2019,mecachrome-v634
2a71a7b2-3132-41e4-9f86-4ae02b8fb398,2024,1,29,callum-voisin,rodin-motorsport,dallara-f3-2019,mecachrome-v634
2a71a7b2-3132-41e4-9f86-4ae02b8fb398,2024,1,30,piotr-wisnicki,rodin-motorsport,dallara-f3-2019,mecachrome-v634
2a71a7b2-3132-41e4-9f86-4ae02b8fb398,2024,1,31,joseph-loake,rodin-motorsport,dallara-f3-2019,mecachrome-v634
080edcf7-04ff-46d5-b159-c82643dce27b,2024,2,1,dino-beganovic,prema-racing,dallara-f3-2019,mecachrome-v634
080edcf7-04ff-46d5-b159-c82643dce27b,2024,2,2,gabriele-mini,prema-racing,dallara-f3-2019,mecachrome-v634
080edcf7-04ff-46d5-b159-c82643dce27b,2024,2,3,arvid-lindblad,prema-racing,dallara-f3-2019,mecachrome-v634
080edcf7-04ff-46d5-b159-c82643dce27b,2024,2,4,leonardo-fornaroli,trident-motorsport,dallara-f3-2019,mecachrome-v634
080edcf7-04ff-46d5-b159-c82643dce27b,2024,2,5,sami-meguetounif,trident-motorsport,dallara-f3-2019,mecachrome-v634
080edcf7-04ff-46d5-b159-c82643dce27b,2024,2,6,santiago-ramos,trident-motorsport,dallara-f3-2019,mecachrome-v634
080edcf7-04ff-46d5-b159-c82643dce27b,2024,2,7,tim-tramnitz,mp-motorsport,dallara-f3-2019,mecachrome-v634
080edcf7-04ff-46d5-b159-c82643dce27b,2024,2,8,kacper-sztuka,mp-motorsport,dallara-f3-2019,mecachrome-v634
080edcf7-04ff-46d5-b159-c82643dce27b,2024,2,9,alex-dunne,mp-motorsport,dallara-f3-2019,mecachrome-v634
080edcf7-04ff-46d5-b159-c82643dce27b,2024,2,10,oliver-goethe,campos-racing,dallara-f3-2019,mecachrome-v634
080edcf7-04ff-46d5-b159-c82643dce27b,2024,2,11,sebastian-montoya,campos-racing,dallara-f3-2019,mecachrome-v634
080edcf7-04ff-46d5-b159-c82643dce27b,2024,2,12,mari-boya,campos-racing,dallara-f3-2019,mecachrome-v634
080edcf7-04ff-46d5-b159-c82643dce27b,2024,2,14,luke-browning,hitech-racing,dallara-f3-2019,mecachrome-v634
080edcf7-04ff-46d5-b159-c82643dce27b,2024,2,15,martinius-stenshorne,hitech-racing,dallara-f3-2019,mecachrome-v634
080edcf7-04ff-46d5-b159-c82643dce27b,2024,2,16,cian-shields,hitech-racing,dallara-f3-2019,mecachrome-v634
080edcf7-04ff-46d5-b159-c82643dce27b,2024,2,17,charlie-wurz,jenzer-motorsport,dallara-f3-2019,mecachrome-v634
080edcf7-04ff-46d5-b159-c82643dce27b,2024,2,18,maxwell-esterson,jenzer-motorsport,dallara-f3-2019,mecachrome-v634
080edcf7-04ff-46d5-b159-c82643dce27b,2024,2,19,matias-zagazeta,jenzer-motorsport,dallara-f3-2019,mecachrome-v634
080edcf7-04ff-46d5-b159-c82643dce27b,2024,2,20,noel-leon,van-amersfoort-racing,dallara-f3-2019,mecachrome-v634
080edcf7-04ff-46d5-b159-c82643dce27b,2024,2,21,sophia-florsch,van-amersfoort-racing,dallara-f3-2019,mecachrome-v634
080edcf7-04ff-46d5-b159-c82643dce27b,2024,2,22,tom-smith,van-amersfoort-racing,dallara-f3-2019,mecachrome-v634
080edcf7-04ff-46d5-b159-c82643dce27b,2024,2,23,christian-mansell,art-grand-prix,dallara-f3-2019,mecachrome-v634
080edcf7-04ff-46d5-b159-c82643dce27b,2024,2,24,laurens-van-hoepen,art-grand-prix,dallara-f3-2019,mecachrome-v634
080edcf7-04ff-46d5-b159-c82643dce27b,2024,2,25,nikola-tsolov,art-grand-prix,dallara-f3-2019,mecachrome-v634
080edcf7-04ff-46d5-b159-c82643dce27b,2024,2,26,tasanapol-inthraphuvasak,phm-racing,dallara-f3-2019,mecachrome-v634
080edcf7-04ff-46d5-b159-c82643dce27b,2024,2,27,nikita-bedrin,phm-racing,dallara-f3-2019,mecachrome-v634
080edcf7-04ff-46d5-b159-c82643dce27b,2024,2,28,josh-dufek,phm-racing,dallara-f3-2019,mecachrome-v634
080edcf7-04ff-46d5-b159-c82643dce27b,2024,2,29,callum-voisin,rodin-motorsport,dallara-f3-2019,mecachrome-v634
080edcf7-04ff-46d5-b159-c82643dce27b,2024,2,30,piotr-wisnicki,rodin-motorsport,dallara-f3-2019,mecachrome-v634
080edcf7-04ff-46d5-b159-c82643dce27b,2024,2,31,joseph-loake,rodin-motorsport,dallara-f3-2019,mecachrome-v634
f1ad5b5b-a625-40b0-87dd-f6a590746ae4,2024,3,1,dino-beganovic,prema-racing,dallara-f3-2019,mecachrome-v634
f1ad5b5b-a625-40b0-87dd-f6a590746ae4,2024,3,2,gabriele-mini,prema-racing,dallara-f3-2019,mecachrome-v634
f1ad5b5b-a625-40b0-87dd-f6a590746ae4,2024,3,3,arvid-lindblad,prema-racing,dallara-f3-2019,mecachrome-v634
f1ad5b5b-a625-40b0-87dd-f6a590746ae4,2024,3,4,leonardo-fornaroli,trident-motorsport,dallara-f3-2019,mecachrome-v634
f1ad5b5b-a625-40b0-87dd-f6a590746ae4,2024,3,5,sami-meguetounif,trident-motorsport,dallara-f3-2019,mecachrome-v634
f1ad5b5b-a625-40b0-87dd-f6a590746ae4,2024,3,6,santiago-ramos,trident-motorsport,dallara-f3-2019,mecachrome-v634
f1ad5b5b-a625-40b0-87dd-f6a590746ae4,2024,3,7,tim-tramnitz,mp-motorsport,dallara-f3-2019,mecachrome-v634
f1ad5b5b-a625-40b0-87dd-f6a590746ae4,2024,3,8,kacper-sztuka,mp-motorsport,dallara-f3-2019,mecachrome-v634
f1ad5b5b-a625-40b0-87dd-f6a590746ae4,2024,3,9,alex-dunne,mp-motorsport,dallara-f3-2019,mecachrome-v634
f1ad5b5b-a625-40b0-87dd-f6a590746ae4,2024,3,10,oliver-goethe,campos-racing,dallara-f3-2019,mecachrome-v634
f1ad5b5b-a625-40b0-87dd-f6a590746ae4,2024,3,11,sebastian-montoya,campos-racing,dallara-f3-2019,mecachrome-v634
f1ad5b5b-a625-40b0-87dd-f6a590746ae4,2024,3,12,mari-boya,campos-racing,dallara-f3-2019,mecachrome-v634
f1ad5b5b-a625-40b0-87dd-f6a590746ae4,2024,3,14,luke-browning,hitech-racing,dallara-f3-2019,mecachrome-v634
f1ad5b5b-a625-40b0-87dd-f6a590746ae4,2024,3,15,martinius-stenshorne,hitech-racing,dallara-f3-2019,mecachrome-v634
f1ad5b5b-a625-40b0-87dd-f6a590746ae4,2024,3,16,cian-shields,hitech-racing,dallara-f3-2019,mecachrome-v634
f1ad5b5b-a625-40b0-87dd-f6a590746ae4,2024,3,17,charlie-wurz,jenzer-motorsport,dallara-f3-2019,mecachrome-v634
f1ad5b5b-a625-40b0-87dd-f6a590746ae4,2024,3,18,maxwell-esterson,jenzer-motorsport,dallara-f3-2019,mecachrome-v634
f1ad5b5b-a625-40b0-87dd-f6a590746ae4,2024,3,19,matias-zagazeta,jenzer-motorsport,dallara-f3-2019,mecachrome-v634
f1ad5b5b-a625-40b0-87dd-f6a590746ae4,2024,3,20,noel-leon,van-amersfoort-racing,dallara-f3-2019,mecachrome-v634
f1ad5b5b-a625-40b0-87dd-f6a590746ae4,2024,3,21,sophia-florsch,van-amersfoort-racing,dallara-f3-2019,mecachrome-v634
f1ad5b5b-a625-40b0-87dd-f6a590746ae4,2024,3,22,tom-smith,van-amersfoort-racing,dallara-f3-2019,mecachrome-v634
f1ad5b5b-a625-40b0-87dd-f6a590746ae4,2024,3,23,christian-mansell,art-grand-prix,dallara-f3-2019,mecachrome-v634
f1ad5b5b-a625-40b0-87dd-f6a590746ae4,2024,3,24,laurens-van-hoepen,art-grand-prix,dallara-f3-2019,mecachrome-v634
f1ad5b5b-a625-40b0-87dd-f6a590746ae4,2024,3,25,nikola-tsolov,art-grand-prix,dallara-f3-2019,mecachrome-v634
f1ad5b5b-a625-40b0-87dd-f6a590746ae4,2024,3,26,tasanapol-inthraphuvasak,phm-racing,dallara-f3-2019,mecachrome-v634
f1ad5b5b-a625-40b0-87dd-f6a590746ae4,2024,3,27,nikita-bedrin,phm-racing,dallara-f3-2019,mecachrome-v634
f1ad5b5b-a625-40b0-87dd-f6a590746ae4,2024,3,28,josh-dufek,phm-racing,dallara-f3-2019,mecachrome-v634
f1ad5b5b-a625-40b0-87dd-f6a590746ae4,2024,3,29,callum-voisin,rodin-motorsport,dallara-f3-2019,mecachrome-v634
f1ad5b5b-a625-40b0-87dd-f6a590746ae4,2024,3,30,piotr-wisnicki,rodin-motorsport,dallara-f3-2019,mecachrome-v634
f1ad5b5b-a625-40b0-87dd-f6a590746ae4,2024,3,31,joseph-loake,rodin-motorsport,dallara-f3-2019,mecachrome-v634
f6223b18-3f49-4dcd-8c1c-8f13a32ddcac,2024,4,1,dino-beganovic,prema-racing,dallara-f3-2019,mecachrome-v634
f6223b18-3f49-4dcd-8c1c-8f13a32ddcac,2024,4,2,gabriele-mini,prema-racing,dallara-f3-2019,mecachrome-v634
f6223b18-3f49-4dcd-8c1c-8f13a32ddcac,2024,4,3,arvid-lindblad,prema-racing,dallara-f3-2019,mecachrome-v634
f6223b18-3f49-4dcd-8c1c-8f13a32ddcac,2024,4,4,leonardo-fornaroli,trident-motorsport,dallara-f3-2019,mecachrome-v634
f6223b18-3f49-4dcd-8c1c-8f13a32ddcac,2024,4,5,sami-meguetounif,trident-motorsport,dallara-f3-2019,mecachrome-v634
f6223b18-3f49-4dcd-8c1c-8f13a32ddcac,2024,4,6,santiago-ramos,trident-motorsport,dallara-f3-2019,mecachrome-v634
f6223b18-3f49-4dcd-8c1c-8f13a32ddcac,2024,4,7,tim-tramnitz,mp-motorsport,dallara-f3-2019,mecachrome-v634
f6223b18-3f49-4dcd-8c1c-8f13a32ddcac,2024,4,8,kacper-sztuka,mp-motorsport,dallara-f3-2019,mecachrome-v634
f6223b18-3f49-4dcd-8c1c-8f13a32ddcac,2024,4,9,alex-dunne,mp-motorsport,dallara-f3-2019,mecachrome-v634
f6223b18-3f49-4dcd-8c1c-8f13a32ddcac,2024,4,10,oliver-goethe,campos-racing,dallara-f3-2019,mecachrome-v634
f6223b18-3f49-4dcd-8c1c-8f13a32ddcac,2024,4,11,sebastian-montoya,campos-racing,dallara-f3-2019,mecachrome-v634
f6223b18-3f49-4dcd-8c1c-8f13a32ddcac,2024,4,12,mari-boya,campos-racing,dallara-f3-2019,mecachrome-v634
f6223b18-3f49-4dcd-8c1c-8f13a32ddcac,2024,4,14,luke-browning,hitech-racing,dallara-f3-2019,mecachrome-v634
f6223b18-3f49-4dcd-8c1c-8f13a32ddcac,2024,4,15,martinius-stenshorne,hitech-racing,dallara-f3-2019,mecachrome-v634
f6223b18-3f49-4dcd-8c1c-8f13a32ddcac,2024,4,16,cian-shields,hitech-racing,dallara-f3-2019,mecachrome-v634
f6223b18-3f49-4dcd-8c1c-8f13a32ddcac,2024,4,17,charlie-wurz,jenzer-motorsport,dallara-f3-2019,mecachrome-v634
f6223b18-3f49-4dcd-8c1c-8f13a32ddcac,2024,4,18,maxwell-esterson,jenzer-motorsport,dallara-f3-2019,mecachrome-v634
f6223b18-3f49-4dcd-8c1c-8f13a32ddcac,2024,4,19,james-hedley,jenzer-motorsport,dallara-f3-2019,mecachrome-v634
f6223b18-3f49-4dcd-8c1c-8f13a32ddcac,2024,4,20,noel-leon,van-amersfoort-racing,dallara-f3-2019,mecachrome-v634
f6223b18-3f49-4dcd-8c1c-8f13a32ddcac,2024,4,21,sophia-florsch,van-amersfoort-racing,dallara-f3-2019,mecachrome-v634
f6223b18-3f49-4dcd-8c1c-8f13a32ddcac,2024,4,22,tom-smith,van-amersfoort-racing,dallara-f3-2019,mecachrome-v634
f6223b18-3f49-4dcd-8c1c-8f13a32ddcac,2024,4,23,christian-mansell,art-grand-prix,dallara-f3-2019,mecachrome-v634
f6223b18-3f49-4dcd-8c1c-8f13a32ddcac,2024,4,24,laurens-van-hoepen,art-grand-prix,dallara-f3-2019,mecachrome-v634
f6223b18-3f49-4dcd-8c1c-8f13a32ddcac,2024,4,25,nikola-tsolov,art-grand-prix,dallara-f3-2019,mecachrome-v634
f6223b18-3f49-4dcd-8c1c-8f13a32ddcac,2024,4,26,tasanapol-inthraphuvasak,phm-racing,dallara-f3-2019,mecachrome-v634
f6223b18-3f49-4dcd-8c1c-8f13a32ddcac,2024,4,27,nikita-bedrin,phm-racing,dallara-f3-2019,mecachrome-v634
f6223b18-3f49-4dcd-8c1c-8f13a32ddcac,2024,4,28,josh-dufek,phm-racing,dallara-f3-2019,mecachrome-v634
f6223b18-3f49-4dcd-8c1c-8f13a32ddcac,2024,4,29,callum-voisin,rodin-motorsport,dallara-f3-2019,mecachrome-v634
f6223b18-3f49-4dcd-8c1c-8f13a32ddcac,2024,4,30,piotr-wisnicki,rodin-motorsport,dallara-f3-2019,mecachrome-v634
f6223b18-3f49-4dcd-8c1c-8f13a32ddcac,2024,4,31,joseph-loake,rodin-motorsport,dallara-f3-2019,mecachrome-v634
7a2b5f9d-326a-44e2-b780-96d502a17b4a,2024,5,1,dino-beganovic,prema-racing,dallara-f3-2019,mecachrome-v634
7a2b5f9d-326a-44e2-b780-96d502a17b4a,2024,5,2,gabriele-mini,prema-racing,dallara-f3-2019,mecachrome-v634
7a2b5f9d-326a-44e2-b780-96d502a17b4a,2024,5,3,arvid-lindblad,prema-racing,dallara-f3-2019,mecachrome-v634
7a2b5f9d-326a-44e2-b780-96d502a17b4a,2024,5,4,leonardo-fornaroli,trident-motorsport,dallara-f3-2019,mecachrome-v634
7a2b5f9d-326a-44e2-b780-96d502a17b4a,2024,5,5,sami-meguetounif,trident-motorsport,dallara-f3-2019,mecachrome-v634
7a2b5f9d-326a-44e2-b780-96d502a17b4a,2024,5,6,santiago-ramos,trident-motorsport,dallara-f3-2019,mecachrome-v634
7a2b5f9d-326a-44e2-b780-96d502a17b4a,2024,5,7,tim-tramnitz,mp-motorsport,dallara-f3-2019,mecachrome-v634
7a2b5f9d-326a-44e2-b780-96d502a17b4a,2024,5,8,kacper-sztuka,mp-motorsport,dallara-f3-2019,mecachrome-v634
7a2b5f9d-326a-44e2-b780-96d502a17b4a,2024,5,9,alex-dunne,mp-motorsport,dallara-f3-2019,mecachrome-v634
7a2b5f9d-326a-44e2-b780-96d502a17b4a,2024,5,10,oliver-goethe,campos-racing,dallara-f3-2019,mecachrome-v634
7a2b5f9d-326a-44e2-b780-96d502a17b4a,2024,5,11,sebastian-montoya,campos-racing,dallara-f3-2019,mecachrome-v634
7a2b5f9d-326a-44e2-b780-96d502a17b4a,2024,5,12,mari-boya,campos-racing,dallara-f3-2019,mecachrome-v634
7a2b5f9d-326a-44e2-b780-96d502a17b4a,2024,5,14,luke-browning,hitech-racing,dallara-f3-2019,mecachrome-v634
7a2b5f9d-326a-44e2-b780-96d502a17b4a,2024,5,15,martinius-stenshorne,hitech-racing,dallara-f3-2019,mecachrome-v634
7a2b5f9d-326a-44e2-b780-96d502a17b4a,2024,5,16,cian-shields,hitech-racing,dallara-f3-2019,mecachrome-v634
7a2b5f9d-326a-44e2-b780-96d502a17b4a,2024,5,17,charlie-wurz,jenzer-motorsport,dallara-f3-2019,mecachrome-v634
7a2b5f9d-326a-44e2-b780-96d502a17b4a,2024,5,18,maxwell-esterson,jenzer-motorsport,dallara-f3-2019,mecachrome-v634
7a2b5f9d-326a-44e2-b780-96d502a17b4a,2024,5,19,matias-zagazeta,jenzer-motorsport,dallara-f3-2019,mecachrome-v634
7a2b5f9d-326a-44e2-b780-96d502a17b4a,2024,5,20,noel-leon,van-amersfoort-racing,dallara-f3-2019,mecachrome-v634
7a2b5f9d-326a-44e2-b780-96d502a17b4a,2024,5,21,sophia-florsch,van-amersfoort-racing,dallara-f3-2019,mecachrome-v634
7a2b5f9d-326a-44e2-b780-96d502a17b4a,2024,5,22,tom-smith,van-amersfoort-racing,dallara-f3-2019,mecachrome-v634
7a2b5f9d-326a-44e2-b780-96d502a17b4a,2024,5,23,christian-mansell,art-grand-prix,dallara-f3-2019,mecachrome-v634
7a2b5f9d-326a-44e2-b780-96d502a17b4a,2024,5,24,laurens-van-hoepen,art-grand-prix,dallara-f3-2019,mecachrome-v634
7a2b5f9d-326a-44e2-b780-96d502a17b4a,2024,5,25,nikola-tsolov,art-grand-prix,dallara-f3-2019,mecachrome-v634
7a2b5f9d-326a-44e2-b780-96d502a17b4a,2024,5,26,tasanapol-inthraphuvasak,phm-racing,dallara-f3-2019,mecachrome-v634
7a2b5f9d-326a-44e2-b780-96d502a17b4a,2024,5,27,nikita-bedrin,phm-racing,dallara-f3-2019,mecachrome-v634
7a2b5f9d-326a-44e2-b780-96d502a17b4a,2024,5,28,josh-dufek,phm-racing,dallara-f3-2019,mecachrome-v634
7a2b5f9d-326a-44e2-b780-96d502a17b4a,2024,5,29,callum-voisin,rodin-motorsport,dallara-f3-2019,mecachrome-v634
7a2b5f9d-326a-44e2-b780-96d502a17b4a,2024,5,30,piotr-wisnicki,rodin-motorsport,dallara-f3-2019,mecachrome-v634
7a2b5f9d-326a-44e2-b780-96d502a17b4a,2024,5,31,joseph-loake,rodin-motorsport,dallara-f3-2019,mecachrome-v634
9df89193-0314-4b5f-8759-b74c4aa56186,2024,6,1,dino-beganovic,prema-racing,dallara-f3-2019,mecachrome-v634
9df89193-0314-4b5f-8759-b74c4aa56186,2024,6,2,gabriele-mini,prema-racing,dallara-f3-2019,mecachrome-v634
9df89193-0314-4b5f-8759-b74c4aa56186,2024,6,3,arvid-lindblad,prema-racing,dallara-f3-2019,mecachrome-v634
9df89193-0314-4b5f-8759-b74c4aa56186,2024,6,4,leonardo-fornaroli,trident-motorsport,dallara-f3-2019,mecachrome-v634
9df89193-0314-4b5f-8759-b74c4aa56186,2024,6,5,sami-meguetounif,trident-motorsport,dallara-f3-2019,mecachrome-v634
9df89193-0314-4b5f-8759-b74c4aa56186,2024,6,6,santiago-ramos,trident-motorsport,dallara-f3-2019,mecachrome-v634
9df89193-0314-4b5f-8759-b74c4aa56186,2024,6,7,tim-tramnitz,mp-motorsport,dallara-f3-2019,mecachrome-v634
9df89193-0314-4b5f-8759-b74c4aa56186,2024,6,8,kacper-sztuka,mp-motorsport,dallara-f3-2019,mecachrome-v634
9df89193-0314-4b5f-8759-b74c4aa56186,2024,6,9,alex-dunne,mp-motorsport,dallara-f3-2019,mecachrome-v634
9df89193-0314-4b5f-8759-b74c4aa56186,2024,6,10,oliver-goethe,campos-racing,dallara-f3-2019,mecachrome-v634
9df89193-0314-4b5f-8759-b74c4aa56186,2024,6,11,sebastian-montoya,campos-racing,dallara-f3-2019,mecachrome-v634
9df89193-0314-4b5f-8759-b74c4aa56186,2024,6,12,mari-boya,campos-racing,dallara-f3-2019,mecachrome-v634
9df89193-0314-4b5f-8759-b74c4aa56186,2024,6,14,luke-browning,hitech-racing,dallara-f3-2019,mecachrome-v634
9df89193-0314-4b5f-8759-b74c4aa56186,2024,6,15,martinius-stenshorne,hitech-racing,dallara-f3-2019,mecachrome-v634
9df89193-0314-4b5f-8759-b74c4aa56186,2024,6,16,cian-shields,hitech-racing,dallara-f3-2019,mecachrome-v634
9df89193-0314-4b5f-8759-b74c4aa56186,2024,6,17,charlie-wurz,jenzer-motorsport,dallara-f3-2019,mecachrome-v634
9df89193-0314-4b5f-8759-b74c4aa56186,2024,6,18,maxwell-esterson,jenzer-motorsport,dallara-f3-2019,mecachrome-v634
9df89193-0314-4b5f-8759-b74c4aa56186,2024,6,19,matias-zagazeta,jenzer-motorsport,dallara-f3-2019,mecachrome-v634
9df89193-0314-4b5f-8759-b74c4aa56186,2024,6,20,noel-leon,van-amersfoort-racing,dallara-f3-2019,mecachrome-v634
9df89193-0314-4b5f-8759-b74c4aa56186,2024,6,21,sophia-florsch,van-amersfoort-racing,dallara-f3-2019,mecachrome-v634
9df89193-0314-4b5f-8759-b74c4aa56186,2024,6,22,tom-smith,van-amersfoort-racing,dallara-f3-2019,mecachrome-v634
9df89193-0314-4b5f-8759-b74c4aa56186,2024,6,23,christian-mansell,art-grand-prix,dallara-f3-2019,mecachrome-v634
9df89193-0314-4b5f-8759-b74c4aa56186,2024,6,24,laurens-van-hoepen,art-grand-prix,dallara-f3-2019,mecachrome-v634
9df89193-0314-4b5f-8759-b74c4aa56186,2024,6,25,nikola-tsolov,art-grand-prix,dallara-f3-2019,mecachrome-v634
9df89193-0314-4b5f-8759-b74c4aa56186,2024,6,26,tasanapol-inthraphuvasak,phm-racing,dallara-f3-2019,mecachrome-v634
9df89193-0314-4b5f-8759-b74c4aa56186,2024,6,27,nikita-bedrin,phm-racing,dallara-f3-2019,mecachrome-v634
9df89193-0314-4b5f-8759-b74c4aa56186,2024,6,28,josh-dufek,phm-racing,dallara-f3-2019,mecachrome-v634
9df89193-0314-4b5f-8759-b74c4aa56186,2024,6,29,callum-voisin,rodin-motorsport,dallara-f3-2019,mecachrome-v634
9df89193-0314-4b5f-8759-b74c4aa56186,2024,6,30,piotr-wisnicki,rodin-motorsport,dallara-f3-2019,mecachrome-v634
9df89193-0314-4b5f-8759-b74c4aa56186,2024,6,31,joseph-loake,rodin-motorsport,dallara-f3-2019,mecachrome-v634
0e02b48e-cde0-46f0-bae5-bc9a7b257958,2024,7,1,dino-beganovic,prema-racing,dallara-f3-2019,mecachrome-v634
0e02b48e-cde0-46f0-bae5-bc9a7b257958,2024,7,2,gabriele-mini,prema-racing,dallara-f3-2019,mecachrome-v634
0e02b48e-cde0-46f0-bae5-bc9a7b257958,2024,7,3,arvid-lindblad,prema-racing,dallara-f3-2019,mecachrome-v634
0e02b48e-cde0-46f0-bae5-bc9a7b257958,2024,7,4,leonardo-fornaroli,trident-motorsport,dallara-f3-2019,mecachrome-v634
0e02b48e-cde0-46f0-bae5-bc9a7b257958,2024,7,5,sami-meguetounif,trident-motorsport,dallara-f3-2019,mecachrome-v634
0e02b48e-cde0-46f0-bae5-bc9a7b257958,2024,7,6,santiago-ramos,trident-motorsport,dallara-f3-2019,mecachrome-v634
0e02b48e-cde0-46f0-bae5-bc9a7b257958,2024,7,7,tim-tramnitz,mp-motorsport,dallara-f3-2019,mecachrome-v634
0e02b48e-cde0-46f0-bae5-bc9a7b257958,2024,7,8,kacper-sztuka,mp-motorsport,dallara-f3-2019,mecachrome-v634
0e02b48e-cde0-46f0-bae5-bc9a7b257958,2024,7,9,alex-dunne,mp-motorsport,dallara-f3-2019,mecachrome-v634
0e02b48e-cde0-46f0-bae5-bc9a7b257958,2024,7,10,oliver-goethe,campos-racing,dallara-f3-2019,mecachrome-v634
0e02b48e-cde0-46f0-bae5-bc9a7b257958,2024,7,11,sebastian-montoya,campos-racing,dallara-f3-2019,mecachrome-v634
0e02b48e-cde0-46f0-bae5-bc9a7b257958,2024,7,12,mari-boya,campos-racing,dallara-f3-2019,mecachrome-v634
0e02b48e-cde0-46f0-bae5-bc9a7b257958,2024,7,14,luke-browning,hitech-racing,dallara-f3-2019,mecachrome-v634
0e02b48e-cde0-46f0-bae5-bc9a7b257958,2024,7,15,james-wharton,hitech-racing,dallara-f3-2019,mecachrome-v634
0e02b48e-cde0-46f0-bae5-bc9a7b257958,2024,7,16,cian-shields,hitech-racing,dallara-f3-2019,mecachrome-v634
0e02b48e-cde0-46f0-bae5-bc9a7b257958,2024,7,17,charlie-wurz,jenzer-motorsport,dallara-f3-2019,mecachrome-v634
0e02b48e-cde0-46f0-bae5-bc9a7b257958,2024,7,18,maxwell-esterson,jenzer-motorsport,dallara-f3-2019,mecachrome-v634
0e02b48e-cde0-46f0-bae5-bc9a7b257958,2024,7,19,matias-zagazeta,jenzer-motorsport,dallara-f3-2019,mecachrome-v634
0e02b48e-cde0-46f0-bae5-bc9a7b257958,2024,7,20,noel-leon,van-amersfoort-racing,dallara-f3-2019,mecachrome-v634
0e02b48e-cde0-46f0-bae5-bc9a7b257958,2024,7,21,sophia-florsch,van-amersfoort-racing,dallara-f3-2019,mecachrome-v634
0e02b48e-cde0-46f0-bae5-bc9a7b257958,2024,7,22,tom-smith,van-amersfoort-racing,dallara-f3-2019,mecachrome-v634
0e02b48e-cde0-46f0-bae5-bc9a7b257958,2024,7,23,christian-mansell,art-grand-prix,dallara-f3-2019,mecachrome-v634
0e02b48e-cde0-46f0-bae5-bc9a7b257958,2024,7,24,laurens-van-hoepen,art-grand-prix,dallara-f3-2019,mecachrome-v634
0e02b48e-cde0-46f0-bae5-bc9a7b257958,2024,7,25,nikola-tsolov,art-grand-prix,dallara-f3-2019,mecachrome-v634
0e02b48e-cde0-46f0-bae5-bc9a7b257958,2024,7,26,tasanapol-inthraphuvasak,phm-racing,dallara-f3-2019,mecachrome-v634
0e02b48e-cde0-46f0-bae5-bc9a7b257958,2024,7,27,nikita-bedrin,phm-racing,dallara-f3-2019,mecachrome-v634
0e02b48e-cde0-46f0-bae5-bc9a7b257958,2024,7,28,josh-dufek,phm-racing,dallara-f3-2019,mecachrome-v634
0e02b48e-cde0-46f0-bae5-bc9a7b257958,2024,7,29,callum-voisin,rodin-motorsport,dallara-f3-2019,mecachrome-v634
0e02b48e-cde0-46f0-bae5-bc9a7b257958,2024,7,30,piotr-wisnicki,rodin-motorsport,dallara-f3-2019,mecachrome-v634
0e02b48e-cde0-46f0-bae5-bc9a7b257958,2024,7,31,joseph-loake,rodin-motorsport,dallara-f3-2019,mecachrome-v634
e113bbad-95fa-4740-b2bc-39abe0a4e973,2024,8,1,dino-beganovic,prema-racing,dallara-f3-2019,mecachrome-v634
e113bbad-95fa-4740-b2bc-39abe0a4e973,2024,8,2,gabriele-mini,prema-racing,dallara-f3-2019,mecachrome-v634
e113bbad-95fa-4740-b2bc-39abe0a4e973,2024,8,3,arvid-lindblad,prema-racing,dallara-f3-2019,mecachrome-v634
e113bbad-95fa-4740-b2bc-39abe0a4e973,2024,8,4,leonardo-fornaroli,trident-motorsport,dallara-f3-2019,mecachrome-v634
e113bbad-95fa-4740-b2bc-39abe0a4e973,2024,8,5,sami-meguetounif,trident-motorsport,dallara-f3-2019,mecachrome-v634
e113bbad-95fa-4740-b2bc-39abe0a4e973,2024,8,6,santiago-ramos,trident-motorsport,dallara-f3-2019,mecachrome-v634
e113bbad-95fa-4740-b2bc-39abe0a4e973,2024,8,7,tim-tramnitz,mp-motorsport,dallara-f3-2019,mecachrome-v634
e113bbad-95fa-4740-b2bc-39abe0a4e973,2024,8,8,kacper-sztuka,mp-motorsport,dallara-f3-2019,mecachrome-v634
e113bbad-95fa-4740-b2bc-39abe0a4e973,2024,8,9,alex-dunne,mp-motorsport,dallara-f3-2019,mecachrome-v634
e113bbad-95fa-4740-b2bc-39abe0a4e973,2024,8,10,oliver-goethe,campos-racing,dallara-f3-2019,mecachrome-v634
e113bbad-95fa-4740-b2bc-39abe0a4e973,2024,8,11,sebastian-montoya,campos-racing,dallara-f3-2019,mecachrome-v634
e113bbad-95fa-4740-b2bc-39abe0a4e973,2024,8,12,mari-boya,campos-racing,dallara-f3-2019,mecachrome-v634
e113bbad-95fa-4740-b2bc-39abe0a4e973,2024,8,14,luke-browning,hitech-racing,dallara-f3-2019,mecachrome-v634
e113bbad-95fa-4740-b2bc-39abe0a4e973,2024,8,15,martinius-stenshorne,hitech-racing,dallara-f3-2019,mecachrome-v634
e113bbad-95fa-4740-b2bc-39abe0a4e973,2024,8,16,cian-shields,hitech-racing,dallara-f3-2019,mecachrome-v634
e113bbad-95fa-4740-b2bc-39abe0a4e973,2024,8,17,charlie-wurz,jenzer-motorsport,dallara-f3-2019,mecachrome-v634
e113bbad-95fa-4740-b2bc-39abe0a4e973,2024,8,18,maxwell-esterson,jenzer-motorsport,dallara-f3-2019,mecachrome-v634
e113bbad-95fa-4740-b2bc-39abe0a4e973,2024,8,19,matias-zagazeta,jenzer-motorsport,dallara-f3-2019,mecachrome-v634
e113bbad-95fa-4740-b2bc-39abe0a4e973,2024,8,20,noel-leon,van-amersfoort-racing,dallara-f3-2019,mecachrome-v634
e113bbad-95fa-4740-b2bc-39abe0a4e973,2024,8,21,sophia-florsch,van-amersfoort-racing,dallara-f3-2019,mecachrome-v634
e113bbad-95fa-4740-b2bc-39abe0a4e973,2024,8,22,tom-smith,van-amersfoort-racing,dallara-f3-2019,mecachrome-v634
e113bbad-95fa-4740-b2bc-39abe0a4e973,2024,8,23,christian-mansell,art-grand-prix,dallara-f3-2019,mecachrome-v634
e113bbad-95fa-4740-b2bc-39abe0a4e973,2024,8,24,laurens-van-hoepen,art-grand-prix,dallara-f3-2019,mecachrome-v634
e113bbad-95fa-4740-b2bc-39abe0a4e973,2024,8,25,nikola-tsolov,art-grand-prix,dallara-f3-2019,mecachrome-v634
e113bbad-95fa-4740-b2bc-39abe0a4e973,2024,8,26,tasanapol-inthraphuvasak,phm-racing,dallara-f3-2019,mecachrome-v634
e113bbad-95fa-4740-b2bc-39abe0a4e973,2024,8,27,nikita-bedrin,phm-racing,dallara-f3-2019,mecachrome-v634
e113bbad-95fa-4740-b2bc-39abe0a4e973,2024,8,28,josh-dufek,phm-racing,dallara-f3-2019,mecachrome-v634
e113bbad-95fa-4740-b2bc-39abe0a4e973,2024,8,29,callum-voisin,rodin-motorsport,dallara-f3-2019,mecachrome-v634
e113bbad-95fa-4740-b2bc-39abe0a4e973,2024,8,30,piotr-wisnicki,rodin-motorsport,dallara-f3-2019,mecachrome-v634
e113bbad-95fa-4740-b2bc-39abe0a4e973,2024,8,31,joseph-loake,rodin-motorsport,dallara-f3-2019,mecachrome-v634
dc771d20-51c3-4219-9e23-f88d2d076ffe,2024,9,1,dino-beganovic,prema-racing,dallara-f3-2019,mecachrome-v634
dc771d20-51c3-4219-9e23-f88d2d076ffe,2024,9,2,gabriele-mini,prema-racing,dallara-f3-2019,mecachrome-v634
dc771d20-51c3-4219-9e23-f88d2d076ffe,2024,9,3,arvid-lindblad,prema-racing,dallara-f3-2019,mecachrome-v634
dc771d20-51c3-4219-9e23-f88d2d076ffe,2024,9,4,leonardo-fornaroli,trident-motorsport,dallara-f3-2019,mecachrome-v634
dc771d20-51c3-4219-9e23-f88d2d076ffe,2024,9,5,sami-meguetounif,trident-motorsport,dallara-f3-2019,mecachrome-v634
dc771d20-51c3-4219-9e23-f88d2d076ffe,2024,9,6,santiago-ramos,trident-motorsport,dallara-f3-2019,mecachrome-v634
dc771d20-51c3-4219-9e23-f88d2d076ffe,2024,9,7,tim-tramnitz,mp-motorsport,dallara-f3-2019,mecachrome-v634
dc771d20-51c3-4219-9e23-f88d2d076ffe,2024,9,8,kacper-sztuka,mp-motorsport,dallara-f3-2019,mecachrome-v634
dc771d20-51c3-4219-9e23-f88d2d076ffe,2024,9,9,alex-dunne,mp-motorsport,dallara-f3-2019,mecachrome-v634
dc771d20-51c3-4219-9e23-f88d2d076ffe,2024,9,10,oliver-goethe,campos-racing,dallara-f3-2019,mecachrome-v634
dc771d20-51c3-4219-9e23-f88d2d076ffe,2024,9,11,sebastian-montoya,campos-racing,dallara-f3-2019,mecachrome-v634
dc771d20-51c3-4219-9e23-f88d2d076ffe,2024,9,12,mari-boya,campos-racing,dallara-f3-2019,mecachrome-v634
dc771d20-51c3-4219-9e23-f88d2d076ffe,2024,9,14,luke-browning,hitech-racing,dallara-f3-2019,mecachrome-v634
dc771d20-51c3-4219-9e23-f88d2d076ffe,2024,9,15,martinius-stenshorne,hitech-racing,dallara-f3-2019,mecachrome-v634
dc771d20-51c3-4219-9e23-f88d2d076ffe,2024,9,16,cian-shields,hitech-racing,dallara-f3-2019,mecachrome-v634
dc771d20-51c3-4219-9e23-f88d2d076ffe,2024,9,17,charlie-wurz,jenzer-motorsport,dallara-f3-2019,mecachrome-v634
dc771d20-51c3-4219-9e23-f88d2d076ffe,2024,9,18,maxwell-esterson,jenzer-motorsport,dallara-f3-2019,mecachrome-v634
dc771d20-51c3-4219-9e23-f88d2d076ffe,2024,9,19,matias-zagazeta,jenzer-motorsport,dallara-f3-2019,mecachrome-v634
dc771d20-51c3-4219-9e23-f88d2d076ffe,2024,9,20,noel-leon,van-amersfoort-racing,dallara-f3-2019,mecachrome-v634
dc771d20-51c3-4219-9e23-f88d2d076ffe,2024,9,21,sophia-florsch,van-amersfoort-racing,dallara-f3-2019,mecachrome-v634
dc771d20-51c3-4219-9e23-f88d2d076ffe,2024,9,22,tom-smith,van-amersfoort-racing,dallara-f3-2019,mecachrome-v634
dc771d20-51c3-4219-9e23-f88d2d076ffe,2024,9,23,christian-mansell,art-grand-prix,dallara-f3-2019,mecachrome-v634
dc771d20-51c3-4219-9e23-f88d2d076ffe,2024,9,24,laurens-van-hoepen,art-grand-prix,dallara-f3-2019,mecachrome-v634
dc771d20-51c3-4219-9e23-f88d2d076ffe,2024,9,25,tuukka-taponen,art-grand-prix,dallara-f3-2019,mecachrome-v634
dc771d20-51c3-4219-9e23-f88d2d076ffe,2024,9,26,tasanapol-inthraphuvasak,phm-racing,dallara-f3-2019,mecachrome-v634
dc771d20-51c3-4219-9e23-f88d2d076ffe,2024,9,27,nikita-bedrin,phm-racing,dallara-f3-2019,mecachrome-v634
dc771d20-51c3-4219-9e23-f88d2d076ffe,2024,9,28,josh-dufek,phm-racing,dallara-f3-2019,mecachrome-v634
dc771d20-51c3-4219-9e23-f88d2d076ffe,2024,9,29,callum-voisin,rodin-motorsport,dallara-f3-2019,mecachrome-v634
dc771d20-51c3-4219-9e23-f88d2d076ffe,2024,9,30,piotr-wisnicki,rodin-motorsport,dallara-f3-2019,mecachrome-v634
dc771d20-51c3-4219-9e23-f88d2d076ffe,2024,9,31,joseph-loake,rodin-motorsport,dallara-f3-2019,mecachrome-v634
3bad5a80-7d22-4833-be1a-ad574e8cc2e5,2024,10,1,dino-beganovic,prema-racing,dallara-f3-2019,mecachrome-v634
3bad5a80-7d22-4833-be1a-ad574e8cc2e5,2024,10,2,gabriele-mini,prema-racing,dallara-f3-2019,mecachrome-v634
3bad5a80-7d22-4833-be1a-ad574e8cc2e5,2024,10,3,arvid-lindblad,prema-racing,dallara-f3-2019,mecachrome-v634
3bad5a80-7d22-4833-be1a-ad574e8cc2e5,2024,10,4,leonardo-fornaroli,trident-motorsport,dallara-f3-2019,mecachrome-v634
3bad5a80-7d22-4833-be1a-ad574e8cc2e5,2024,10,5,sami-meguetounif,trident-motorsport,dallara-f3-2019,mecachrome-v634
3bad5a80-7d22-4833-be1a-ad574e8cc2e5,2024,10,6,santiago-ramos,trident-motorsport,dallara-f3-2019,mecachrome-v634
3bad5a80-7d22-4833-be1a-ad574e8cc2e5,2024,10,7,tim-tramnitz,mp-motorsport,dallara-f3-2019,mecachrome-v634
3bad5a80-7d22-4833-be1a-ad574e8cc2e5,2024,10,8,kacper-sztuka,mp-motorsport,dallara-f3-2019,mecachrome-v634
3bad5a80-7d22-4833-be1a-ad574e8cc2e5,2024,10,9,alex-dunne,mp-motorsport,dallara-f3-2019,mecachrome-v634
3bad5a80-7d22-4833-be1a-ad574e8cc2e5,2024,10,10,noah-stromsted,campos-racing,dallara-f3-2019,mecachrome-v634
3bad5a80-7d22-4833-be1a-ad574e8cc2e5,2024,10,11,sebastian-montoya,campos-racing,dallara-f3-2019,mecachrome-v634
3bad5a80-7d22-4833-be1a-ad574e8cc2e5,2024,10,12,mari-boya,campos-racing,dallara-f3-2019,mecachrome-v634
3bad5a80-7d22-4833-be1a-ad574e8cc2e5,2024,10,14,luke-browning,hitech-racing,dallara-f3-2019,mecachrome-v634
3bad5a80-7d22-4833-be1a-ad574e8cc2e5,2024,10,15,martinius-stenshorne,hitech-racing,dallara-f3-2019,mecachrome-v634
3bad5a80-7d22-4833-be1a-ad574e8cc2e5,2024,10,16,cian-shields,hitech-racing,dallara-f3-2019,mecachrome-v634
3bad5a80-7d22-4833-be1a-ad574e8cc2e5,2024,10,17,charlie-wurz,jenzer-motorsport,dallara-f3-2019,mecachrome-v634
3bad5a80-7d22-4833-be1a-ad574e8cc2e5,2024,10,18,maxwell-esterson,jenzer-motorsport,dallara-f3-2019,mecachrome-v634
3bad5a80-7d22-4833-be1a-ad574e8cc2e5,2024,10,19,matias-zagazeta,jenzer-motorsport,dallara-f3-2019,mecachrome-v634
3bad5a80-7d22-4833-be1a-ad574e8cc2e5,2024,10,20,noel-leon,van-amersfoort-racing,dallara-f3-2019,mecachrome-v634
3bad5a80-7d22-4833-be1a-ad574e8cc2e5,2024,10,21,sophia-florsch,van-amersfoort-racing,dallara-f3-2019,mecachrome-v634
3bad5a80-7d22-4833-be1a-ad574e8cc2e5,2024,10,22,tom-smith,van-amersfoort-racing,dallara-f3-2019,mecachrome-v634
3bad5a80-7d22-4833-be1a-ad574e8cc2e5,2024,10,23,christian-mansell,art-grand-prix,dallara-f3-2019,mecachrome-v634
3bad5a80-7d22-4833-be1a-ad574e8cc2e5,2024,10,24,laurens-van-hoepen,art-grand-prix,dallara-f3-2019,mecachrome-v634
3bad5a80-7d22-4833-be1a-ad574e8cc2e5,2024,10,25,nikola-tsolov,art-grand-prix,dallara-f3-2019,mecachrome-v634
3bad5a80-7d22-4833-be1a-ad574e8cc2e5,2024,10,26,tasanapol-inthraphuvasak,phm-racing,dallara-f3-2019,mecachrome-v634
3bad5a80-7d22-4833-be1a-ad574e8cc2e5,2024,10,27,nikita-bedrin,phm-racing,dallara-f3-2019,mecachrome-v634
3bad5a80-7d22-4833-be1a-ad574e8cc2e5,2024,10,28,josh-dufek,phm-racing,dallara-f3-2019,mecachrome-v634
3bad5a80-7d22-4833-be1a-ad574e8cc2e5,2024,10,29,callum-voisin,rodin-motorsport,dallara-f3-2019,mecachrome-v634
3bad5a80-7d22-4833-be1a-ad574e8cc2e5,2024,10,30,piotr-wisnicki,rodin-motorsport,dallara-f3-2019,mecachrome-v634
3bad5a80-7d22-4833-be1a-ad574e8cc2e5,2024,10,31,joseph-loake,rodin-motorsport,dallara-f3-2019,mecachrome-v634
8e305df1-b716-44ae-9434-a9dd55b7b99e,2025,1,1,brando-badoer,prema-racing,dallara-f3-2025,mecachrome-v634
8e305df1-b716-44ae-9434-a9dd55b7b99e,2025,1,2,noel-leon,prema-racing,dallara-f3-2025,mecachrome-v634
8e305df1-b716-44ae-9434-a9dd55b7b99e,2025,1,3,ugo-ugochukwu,prema-racing,dallara-f3-2025,mecachrome-v634
8e305df1-b716-44ae-9434-a9dd55b7b99e,2025,1,4,noah-stromsted,trident-motorsport,dallara-f3-2025,mecachrome-v634
8e305df1-b716-44ae-9434-a9dd55b7b99e,2025,1,5,rafael-camara,trident-motorsport,dallara-f3-2025,mecachrome-v634
8e305df1-b716-44ae-9434-a9dd55b7b99e,2025,1,6,charlie-wurz,trident-motorsport,dallara-f3-2025,mecachrome-v634
8e305df1-b716-44ae-9434-a9dd55b7b99e,2025,1,7,laurens-van-hoepen,art-grand-prix,dallara-f3-2025,mecachrome-v634
8e305df1-b716-44ae-9434-a9dd55b7b99e,2025,1,8,tuukka-taponen,art-grand-prix,dallara-f3-2025,mecachrome-v634
8e305df1-b716-44ae-9434-a9dd55b7b99e,2025,1,9,james-wharton,art-grand-prix,dallara-f3-2025,mecachrome-v634
8e305df1-b716-44ae-9434-a9dd55b7b99e,2025,1,10,mari-boya,campos-racing,dallara-f3-2025,mecachrome-v634
8e305df1-b716-44ae-9434-a9dd55b7b99e,2025,1,11,tasanapol-inthraphuvasak,campos-racing,dallara-f3-2025,mecachrome-v634
8e305df1-b716-44ae-9434-a9dd55b7b99e,2025,1,12,nikola-tsolov,campos-racing,dallara-f3-2025,mecachrome-v634
8e305df1-b716-44ae-9434-a9dd55b7b99e,2025,1,14,martinius-stenshorne,hitech-racing,dallara-f3-2025,mecachrome-v634
8e305df1-b716-44ae-9434-a9dd55b7b99e,2025,1,15,josh-dufek,hitech-racing,dallara-f3-2025,mecachrome-v634
8e305df1-b716-44ae-9434-a9dd55b7b99e,2025,1,16,wing-lam-gerrard-xie,hitech-racing,dallara-f3-2025,mecachrome-v634
8e305df1-b716-44ae-9434-a9dd55b7b99e,2025,1,17,tim-tramnitz,mp-motorsport,dallara-f3-2025,mecachrome-v634
8e305df1-b716-44ae-9434-a9dd55b7b99e,2025,1,18,bruno-del-pino,mp-motorsport,dallara-f3-2025,mecachrome-v634
8e305df1-b716-44ae-9434-a9dd55b7b99e,2025,1,19,alessandro-giusti,mp-motorsport,dallara-f3-2025,mecachrome-v634
8e305df1-b716-44ae-9434-a9dd55b7b99e,2025,1,20,theophile-nael,van-amersfoort-racing,dallara-f3-2025,mecachrome-v634
8e305df1-b716-44ae-9434-a9dd55b7b99e,2025,1,21,santiago-ramos,van-amersfoort-racing,dallara-f3-2025,mecachrome-v634
8e305df1-b716-44ae-9434-a9dd55b7b99e,2025,1,22,ivan-franco-domingues,van-amersfoort-racing,dallara-f3-2025,mecachrome-v634
8e305df1-b716-44ae-9434-a9dd55b7b99e,2025,1,23,callum-voisin,rodin-motorsport,dallara-f3-2025,mecachrome-v634
8e305df1-b716-44ae-9434-a9dd55b7b99e,2025,1,24,louis-sharp,rodin-motorsport,dallara-f3-2025,mecachrome-v634
8e305df1-b716-44ae-9434-a9dd55b7b99e,2025,1,25,roman-bilinski,rodin-motorsport,dallara-f3-2025,mecachrome-v634
8e305df1-b716-44ae-9434-a9dd55b7b99e,2025,1,26,francisco-javier-sagrera,phm-racing,dallara-f3-2025,mecachrome-v634
8e305df1-b716-44ae-9434-a9dd55b7b99e,2025,1,27,nicola-marinangeli,phm-racing,dallara-f3-2025,mecachrome-v634
8e305df1-b716-44ae-9434-a9dd55b7b99e,2025,1,28,nikita-bedrin,phm-racing,dallara-f3-2025,mecachrome-v634
8e305df1-b716-44ae-9434-a9dd55b7b99e,2025,1,29,nicola-lacorte,dams,dallara-f3-2025,mecachrome-v634
8e305df1-b716-44ae-9434-a9dd55b7b99e,2025,1,30,matias-zagazeta,dams,dallara-f3-2025,mecachrome-v634
8e305df1-b716-44ae-9434-a9dd55b7b99e,2025,1,31,christian-ho,dams,dallara-f3-2025,mecachrome-v634
2f216b4a-2864-480c-895a-0663a2f427bf,2025,2,1,brando-badoer,prema-racing,dallara-f3-2025,mecachrome-v634
2f216b4a-2864-480c-895a-0663a2f427bf,2025,2,2,noel-leon,prema-racing,dallara-f3-2025,mecachrome-v634
2f216b4a-2864-480c-895a-0663a2f427bf,2025,2,3,ugo-ugochukwu,prema-racing,dallara-f3-2025,mecachrome-v634
2f216b4a-2864-480c-895a-0663a2f427bf,2025,2,4,noah-stromsted,trident-motorsport,dallara-f3-2025,mecachrome-v634
2f216b4a-2864-480c-895a-0663a2f427bf,2025,2,5,rafael-camara,trident-motorsport,dallara-f3-2025,mecachrome-v634
2f216b4a-2864-480c-895a-0663a2f427bf,2025,2,6,charlie-wurz,trident-motorsport,dallara-f3-2025,mecachrome-v634
2f216b4a-2864-480c-895a-0663a2f427bf,2025,2,7,laurens-van-hoepen,art-grand-prix,dallara-f3-2025,mecachrome-v634
2f216b4a-2864-480c-895a-0663a2f427bf,2025,2,8,tuukka-taponen,art-grand-prix,dallara-f3-2025,mecachrome-v634
2f216b4a-2864-480c-895a-0663a2f427bf,2025,2,9,james-wharton,art-grand-prix,dallara-f3-2025,mecachrome-v634
2f216b4a-2864-480c-895a-0663a2f427bf,2025,2,10,mari-boya,campos-racing,dallara-f3-2025,mecachrome-v634
2f216b4a-2864-480c-895a-0663a2f427bf,2025,2,11,tasanapol-inthraphuvasak,campos-racing,dallara-f3-2025,mecachrome-v634
2f216b4a-2864-480c-895a-0663a2f427bf,2025,2,12,nikola-tsolov,campos-racing,dallara-f3-2025,mecachrome-v634
2f216b4a-2864-480c-895a-0663a2f427bf,2025,2,14,martinius-stenshorne,hitech-racing,dallara-f3-2025,mecachrome-v634
2f216b4a-2864-480c-895a-0663a2f427bf,2025,2,15,josh-dufek,hitech-racing,dallara-f3-2025,mecachrome-v634
2f216b4a-2864-480c-895a-0663a2f427bf,2025,2,16,wing-lam-gerrard-xie,hitech-racing,dallara-f3-2025,mecachrome-v634
2f216b4a-2864-480c-895a-0663a2f427bf,2025,2,17,tim-tramnitz,mp-motorsport,dallara-f3-2025,mecachrome-v634
2f216b4a-2864-480c-895a-0663a2f427bf,2025,2,18,bruno-del-pino,mp-motorsport,dallara-f3-2025,mecachrome-v634
2f216b4a-2864-480c-895a-0663a2f427bf,2025,2,19,alessandro-giusti,mp-motorsport,dallara-f3-2025,mecachrome-v634
2f216b4a-2864-480c-895a-0663a2f427bf,2025,2,20,theophile-nael,van-amersfoort-racing,dallara-f3-2025,mecachrome-v634
2f216b4a-2864-480c-895a-0663a2f427bf,2025,2,21,santiago-ramos,van-amersfoort-racing,dallara-f3-2025,mecachrome-v634
2f216b4a-2864-480c-895a-0663a2f427bf,2025,2,22,ivan-franco-domingues,van-amersfoort-racing,dallara-f3-2025,mecachrome-v634
2f216b4a-2864-480c-895a-0663a2f427bf,2025,2,23,callum-voisin,rodin-motorsport,dallara-f3-2025,mecachrome-v634
2f216b4a-2864-480c-895a-0663a2f427bf,2025,2,24,louis-sharp,rodin-motorsport,dallara-f3-2025,mecachrome-v634
2f216b4a-2864-480c-895a-0663a2f427bf,2025,2,25,roman-bilinski,rodin-motorsport,dallara-f3-2025,mecachrome-v634
2f216b4a-2864-480c-895a-0663a2f427bf,2025,2,26,francisco-javier-sagrera,phm-racing,dallara-f3-2025,mecachrome-v634
2f216b4a-2864-480c-895a-0663a2f427bf,2025,2,27,nicola-marinangeli,phm-racing,dallara-f3-2025,mecachrome-v634
2f216b4a-2864-480c-895a-0663a2f427bf,2025,2,28,freddie-slater,phm-racing,dallara-f3-2025,mecachrome-v634
2f216b4a-2864-480c-895a-0663a2f427bf,2025,2,29,nicola-lacorte,dams,dallara-f3-2025,mecachrome-v634
2f216b4a-2864-480c-895a-0663a2f427bf,2025,2,30,matias-zagazeta,dams,dallara-f3-2025,mecachrome-v634
2f216b4a-2864-480c-895a-0663a2f427bf,2025,2,31,christian-ho,dams,dallara-f3-2025,mecachrome-v634
1514a816-7a84-4961-aafb-ba33c4aa8fda,2025,3,1,brando-badoer,prema-racing,dallara-f3-2025,mecachrome-v634
1514a816-7a84-4961-aafb-ba33c4aa8fda,2025,3,2,noel-leon,prema-racing,dallara-f3-2025,mecachrome-v634
1514a816-7a84-4961-aafb-ba33c4aa8fda,2025,3,3,ugo-ugochukwu,prema-racing,dallara-f3-2025,mecachrome-v634
1514a816-7a84-4961-aafb-ba33c4aa8fda,2025,3,4,noah-stromsted,trident-motorsport,dallara-f3-2025,mecachrome-v634
1514a816-7a84-4961-aafb-ba33c4aa8fda,2025,3,5,rafael-camara,trident-motorsport,dallara-f3-2025,mecachrome-v634
1514a816-7a84-4961-aafb-ba33c4aa8fda,2025,3,6,charlie-wurz,trident-motorsport,dallara-f3-2025,mecachrome-v634
1514a816-7a84-4961-aafb-ba33c4aa8fda,2025,3,7,laurens-van-hoepen,art-grand-prix,dallara-f3-2025,mecachrome-v634
1514a816-7a84-4961-aafb-ba33c4aa8fda,2025,3,8,tuukka-taponen,art-grand-prix,dallara-f3-2025,mecachrome-v634
1514a816-7a84-4961-aafb-ba33c4aa8fda,2025,3,9,james-wharton,art-grand-prix,dallara-f3-2025,mecachrome-v634
1514a816-7a84-4961-aafb-ba33c4aa8fda,2025,3,10,mari-boya,campos-racing,dallara-f3-2025,mecachrome-v634
1514a816-7a84-4961-aafb-ba33c4aa8fda,2025,3,11,tasanapol-inthraphuvasak,campos-racing,dallara-f3-2025,mecachrome-v634
1514a816-7a84-4961-aafb-ba33c4aa8fda,2025,3,12,nikola-tsolov,campos-racing,dallara-f3-2025,mecachrome-v634
1514a816-7a84-4961-aafb-ba33c4aa8fda,2025,3,14,martinius-stenshorne,hitech-racing,dallara-f3-2025,mecachrome-v634
1514a816-7a84-4961-aafb-ba33c4aa8fda,2025,3,15,josh-dufek,hitech-racing,dallara-f3-2025,mecachrome-v634
1514a816-7a84-4961-aafb-ba33c4aa8fda,2025,3,16,wing-lam-gerrard-xie,hitech-racing,dallara-f3-2025,mecachrome-v634
1514a816-7a84-4961-aafb-ba33c4aa8fda,2025,3,17,tim-tramnitz,mp-motorsport,dallara-f3-2025,mecachrome-v634
1514a816-7a84-4961-aafb-ba33c4aa8fda,2025,3,18,bruno-del-pino,mp-motorsport,dallara-f3-2025,mecachrome-v634
1514a816-7a84-4961-aafb-ba33c4aa8fda,2025,3,19,alessandro-giusti,mp-motorsport,dallara-f3-2025,mecachrome-v634
1514a816-7a84-4961-aafb-ba33c4aa8fda,2025,3,20,theophile-nael,van-amersfoort-racing,dallara-f3-2025,mecachrome-v634
1514a816-7a84-4961-aafb-ba33c4aa8fda,2025,3,21,santiago-ramos,van-amersfoort-racing,dallara-f3-2025,mecachrome-v634
1514a816-7a84-4961-aafb-ba33c4aa8fda,2025,3,22,ivan-franco-domingues,van-amersfoort-racing,dallara-f3-2025,mecachrome-v634
1514a816-7a84-4961-aafb-ba33c4aa8fda,2025,3,23,callum-voisin,rodin-motorsport,dallara-f3-2025,mecachrome-v634
1514a816-7a84-4961-aafb-ba33c4aa8fda,2025,3,24,louis-sharp,rodin-motorsport,dallara-f3-2025,mecachrome-v634
1514a816-7a84-4961-aafb-ba33c4aa8fda,2025,3,25,roman-bilinski,rodin-motorsport,dallara-f3-2025,mecachrome-v634
1514a816-7a84-4961-aafb-ba33c4aa8fda,2025,3,26,james-hedley,phm-racing,dallara-f3-2025,mecachrome-v634
1514a816-7a84-4961-aafb-ba33c4aa8fda,2025,3,27,nicola-marinangeli,phm-racing,dallara-f3-2025,mecachrome-v634
1514a816-7a84-4961-aafb-ba33c4aa8fda,2025,3,28,brad-benavides,phm-racing,dallara-f3-2025,mecachrome-v634
1514a816-7a84-4961-aafb-ba33c4aa8fda,2025,3,29,nicola-lacorte,dams,dallara-f3-2025,mecachrome-v634
1514a816-7a84-4961-aafb-ba33c4aa8fda,2025,3,30,matias-zagazeta,dams,dallara-f3-2025,mecachrome-v634
1514a816-7a84-4961-aafb-ba33c4aa8fda,2025,3,31,christian-ho,dams,dallara-f3-2025,mecachrome-v634
5046c2a3-6d8d-42b5-8514-39d89ae64688,2025,4,1,brando-badoer,prema-racing,dallara-f3-2025,mecachrome-v634
5046c2a3-6d8d-42b5-8514-39d89ae64688,2025,4,2,noel-leon,prema-racing,dallara-f3-2025,mecachrome-v634
5046c2a3-6d8d-42b5-8514-39d89ae64688,2025,4,3,ugo-ugochukwu,prema-racing,dallara-f3-2025,mecachrome-v634
5046c2a3-6d8d-42b5-8514-39d89ae64688,2025,4,4,noah-stromsted,trident-motorsport,dallara-f3-2025,mecachrome-v634
5046c2a3-6d8d-42b5-8514-39d89ae64688,2025,4,5,rafael-camara,trident-motorsport,dallara-f3-2025,mecachrome-v634
5046c2a3-6d8d-42b5-8514-39d89ae64688,2025,4,6,charlie-wurz,trident-motorsport,dallara-f3-2025,mecachrome-v634
5046c2a3-6d8d-42b5-8514-39d89ae64688,2025,4,7,laurens-van-hoepen,art-grand-prix,dallara-f3-2025,mecachrome-v634
5046c2a3-6d8d-42b5-8514-39d89ae64688,2025,4,8,tuukka-taponen,art-grand-prix,dallara-f3-2025,mecachrome-v634
5046c2a3-6d8d-42b5-8514-39d89ae64688,2025,4,9,james-wharton,art-grand-prix,dallara-f3-2025,mecachrome-v634
5046c2a3-6d8d-42b5-8514-39d89ae64688,2025,4,10,mari-boya,campos-racing,dallara-f3-2025,mecachrome-v634
5046c2a3-6d8d-42b5-8514-39d89ae64688,2025,4,11,tasanapol-inthraphuvasak,campos-racing,dallara-f3-2025,mecachrome-v634
5046c2a3-6d8d-42b5-8514-39d89ae64688,2025,4,12,nikola-tsolov,campos-racing,dallara-f3-2025,mecachrome-v634
5046c2a3-6d8d-42b5-8514-39d89ae64688,2025,4,14,martinius-stenshorne,hitech-racing,dallara-f3-2025,mecachrome-v634
5046c2a3-6d8d-42b5-8514-39d89ae64688,2025,4,15,josh-dufek,hitech-racing,dallara-f3-2025,mecachrome-v634
5046c2a3-6d8d-42b5-8514-39d89ae64688,2025,4,16,wing-lam-gerrard-xie,hitech-racing,dallara-f3-2025,mecachrome-v634
5046c2a3-6d8d-42b5-8514-39d89ae64688,2025,4,17,tim-tramnitz,mp-motorsport,dallara-f3-2025,mecachrome-v634
5046c2a3-6d8d-42b5-8514-39d89ae64688,2025,4,18,bruno-del-pino,mp-motorsport,dallara-f3-2025,mecachrome-v634
5046c2a3-6d8d-42b5-8514-39d89ae64688,2025,4,19,alessandro-giusti,mp-motorsport,dallara-f3-2025,mecachrome-v634
5046c2a3-6d8d-42b5-8514-39d89ae64688,2025,4,20,theophile-nael,van-amersfoort-racing,dallara-f3-2025,mecachrome-v634
5046c2a3-6d8d-42b5-8514-39d89ae64688,2025,4,21,santiago-ramos,van-amersfoort-racing,dallara-f3-2025,mecachrome-v634
5046c2a3-6d8d-42b5-8514-39d89ae64688,2025,4,22,ivan-franco-domingues,van-amersfoort-racing,dallara-f3-2025,mecachrome-v634
5046c2a3-6d8d-42b5-8514-39d89ae64688,2025,4,23,callum-voisin,rodin-motorsport,dallara-f3-2025,mecachrome-v634
5046c2a3-6d8d-42b5-8514-39d89ae64688,2025,4,24,louis-sharp,rodin-motorsport,dallara-f3-2025,mecachrome-v634
5046c2a3-6d8d-42b5-8514-39d89ae64688,2025,4,25,roman-bilinski,rodin-motorsport,dallara-f3-2025,mecachrome-v634
5046c2a3-6d8d-42b5-8514-39d89ae64688,2025,4,26,james-hedley,phm-racing,dallara-f3-2025,mecachrome-v634
5046c2a3-6d8d-42b5-8514-39d89ae64688,2025,4,27,nicola-marinangeli,phm-racing,dallara-f3-2025,mecachrome-v634
5046c2a3-6d8d-42b5-8514-39d89ae64688,2025,4,28,brad-benavides,phm-racing,dallara-f3-2025,mecachrome-v634
5046c2a3-6d8d-42b5-8514-39d89ae64688,2025,4,29,nicola-lacorte,dams,dallara-f3-2025,mecachrome-v634
5046c2a3-6d8d-42b5-8514-39d89ae64688,2025,4,30,matias-zagazeta,dams,dallara-f3-2025,mecachrome-v634
5046c2a3-6d8d-42b5-8514-39d89ae64688,2025,4,31,christian-ho,dams,dallara-f3-2025,mecachrome-v634
c239f997-4cd8-420e-8617-2414a59a1039,2025,5,1,brando-badoer,prema-racing,dallara-f3-2025,mecachrome-v634
c239f997-4cd8-420e-8617-2414a59a1039,2025,5,2,noel-leon,prema-racing,dallara-f3-2025,mecachrome-v634
c239f997-4cd8-420e-8617-2414a59a1039,2025,5,3,ugo-ugochukwu,prema-racing,dallara-f3-2025,mecachrome-v634
c239f997-4cd8-420e-8617-2414a59a1039,2025,5,4,noah-stromsted,trident-motorsport,dallara-f3-2025,mecachrome-v634
c239f997-4cd8-420e-8617-2414a59a1039,2025,5,5,rafael-camara,trident-motorsport,dallara-f3-2025,mecachrome-v634
c239f997-4cd8-420e-8617-2414a59a1039,2025,5,6,charlie-wurz,trident-motorsport,dallara-f3-2025,mecachrome-v634
c239f997-4cd8-420e-8617-2414a59a1039,2025,5,7,laurens-van-hoepen,art-grand-prix,dallara-f3-2025,mecachrome-v634
c239f997-4cd8-420e-8617-2414a59a1039,2025,5,8,tuukka-taponen,art-grand-prix,dallara-f3-2025,mecachrome-v634
c239f997-4cd8-420e-8617-2414a59a1039,2025,5,9,james-wharton,art-grand-prix,dallara-f3-2025,mecachrome-v634
c239f997-4cd8-420e-8617-2414a59a1039,2025,5,10,mari-boya,campos-racing,dallara-f3-2025,mecachrome-v634
c239f997-4cd8-420e-8617-2414a59a1039,2025,5,11,tasanapol-inthraphuvasak,campos-racing,dallara-f3-2025,mecachrome-v634
c239f997-4cd8-420e-8617-2414a59a1039,2025,5,12,nikola-tsolov,campos-racing,dallara-f3-2025,mecachrome-v634
c239f997-4cd8-420e-8617-2414a59a1039,2025,5,14,martinius-stenshorne,hitech-racing,dallara-f3-2025,mecachrome-v634
c239f997-4cd8-420e-8617-2414a59a1039,2025,5,15,jesse-carrasquedo,hitech-racing,dallara-f3-2025,mecachrome-v634
c239f997-4cd8-420e-8617-2414a59a1039,2025,5,16,wing-lam-gerrard-xie,hitech-racing,dallara-f3-2025,mecachrome-v634
c239f997-4cd8-420e-8617-2414a59a1039,2025,5,17,tim-tramnitz,mp-motorsport,dallara-f3-2025,mecachrome-v634
c239f997-4cd8-420e-8617-2414a59a1039,2025,5,18,bruno-del-pino,mp-motorsport,dallara-f3-2025,mecachrome-v634
c239f997-4cd8-420e-8617-2414a59a1039,2025,5,19,alessandro-giusti,mp-motorsport,dallara-f3-2025,mecachrome-v634
c239f997-4cd8-420e-8617-2414a59a1039,2025,5,20,theophile-nael,van-amersfoort-racing,dallara-f3-2025,mecachrome-v634
c239f997-4cd8-420e-8617-2414a59a1039,2025,5,21,santiago-ramos,van-amersfoort-racing,dallara-f3-2025,mecachrome-v634
c239f997-4cd8-420e-8617-2414a59a1039,2025,5,22,ivan-franco-domingues,van-amersfoort-racing,dallara-f3-2025,mecachrome-v634
c239f997-4cd8-420e-8617-2414a59a1039,2025,5,23,callum-voisin,rodin-motorsport,dallara-f3-2025,mecachrome-v634
c239f997-4cd8-420e-8617-2414a59a1039,2025,5,24,louis-sharp,rodin-motorsport,dallara-f3-2025,mecachrome-v634
c239f997-4cd8-420e-8617-2414a59a1039,2025,5,25,roman-bilinski,rodin-motorsport,dallara-f3-2025,mecachrome-v634
c239f997-4cd8-420e-8617-2414a59a1039,2025,5,26,jose-garfias,phm-racing,dallara-f3-2025,mecachrome-v634
c239f997-4cd8-420e-8617-2414a59a1039,2025,5,27,nicola-marinangeli,phm-racing,dallara-f3-2025,mecachrome-v634
c239f997-4cd8-420e-8617-2414a59a1039,2025,5,28,brad-benavides,phm-racing,dallara-f3-2025,mecachrome-v634
c239f997-4cd8-420e-8617-2414a59a1039,2025,5,29,nicola-lacorte,dams,dallara-f3-2025,mecachrome-v634
c239f997-4cd8-420e-8617-2414a59a1039,2025,5,30,matias-zagazeta,dams,dallara-f3-2025,mecachrome-v634
c239f997-4cd8-420e-8617-2414a59a1039,2025,5,31,christian-ho,dams,dallara-f3-2025,mecachrome-v634
c870740f-0aa4-452f-9c42-361a3f082379,2025,6,1,brando-badoer,prema-racing,dallara-f3-2025,mecachrome-v634
c870740f-0aa4-452f-9c42-361a3f082379,2025,6,2,noel-leon,prema-racing,dallara-f3-2025,mecachrome-v634
c870740f-0aa4-452f-9c42-361a3f082379,2025,6,3,ugo-ugochukwu,prema-racing,dallara-f3-2025,mecachrome-v634
c870740f-0aa4-452f-9c42-361a3f082379,2025,6,4,noah-stromsted,trident-motorsport,dallara-f3-2025,mecachrome-v634
c870740f-0aa4-452f-9c42-361a3f082379,2025,6,5,rafael-camara,trident-motorsport,dallara-f3-2025,mecachrome-v634
c870740f-0aa4-452f-9c42-361a3f082379,2025,6,6,charlie-wurz,trident-motorsport,dallara-f3-2025,mecachrome-v634
c870740f-0aa4-452f-9c42-361a3f082379,2025,6,7,laurens-van-hoepen,art-grand-prix,dallara-f3-2025,mecachrome-v634
c870740f-0aa4-452f-9c42-361a3f082379,2025,6,8,tuukka-taponen,art-grand-prix,dallara-f3-2025,mecachrome-v634
c870740f-0aa4-452f-9c42-361a3f082379,2025,6,9,james-wharton,art-grand-prix,dallara-f3-2025,mecachrome-v634
c870740f-0aa4-452f-9c42-361a3f082379,2025,6,10,mari-boya,campos-racing,dallara-f3-2025,mecachrome-v634
c870740f-0aa4-452f-9c42-361a3f082379,2025,6,11,tasanapol-inthraphuvasak,campos-racing,dallara-f3-2025,mecachrome-v634
c870740f-0aa4-452f-9c42-361a3f082379,2025,6,12,nikola-tsolov,campos-racing,dallara-f3-2025,mecachrome-v634
c870740f-0aa4-452f-9c42-361a3f082379,2025,6,14,martinius-stenshorne,hitech-racing,dallara-f3-2025,mecachrome-v634
c870740f-0aa4-452f-9c42-361a3f082379,2025,6,15,jesse-carrasquedo,hitech-racing,dallara-f3-2025,mecachrome-v634
c870740f-0aa4-452f-9c42-361a3f082379,2025,6,16,wing-lam-gerrard-xie,hitech-racing,dallara-f3-2025,mecachrome-v634
c870740f-0aa4-452f-9c42-361a3f082379,2025,6,17,tim-tramnitz,mp-motorsport,dallara-f3-2025,mecachrome-v634
c870740f-0aa4-452f-9c42-361a3f082379,2025,6,18,bruno-del-pino,mp-motorsport,dallara-f3-2025,mecachrome-v634
c870740f-0aa4-452f-9c42-361a3f082379,2025,6,19,alessandro-giusti,mp-motorsport,dallara-f3-2025,mecachrome-v634
c870740f-0aa4-452f-9c42-361a3f082379,2025,6,20,theophile-nael,van-amersfoort-racing,dallara-f3-2025,mecachrome-v634
c870740f-0aa4-452f-9c42-361a3f082379,2025,6,21,santiago-ramos,van-amersfoort-racing,dallara-f3-2025,mecachrome-v634
c870740f-0aa4-452f-9c42-361a3f082379,2025,6,22,ivan-franco-domingues,van-amersfoort-racing,dallara-f3-2025,mecachrome-v634
c870740f-0aa4-452f-9c42-361a3f082379,2025,6,23,callum-voisin,rodin-motorsport,dallara-f3-2025,mecachrome-v634
c870740f-0aa4-452f-9c42-361a3f082379,2025,6,24,louis-sharp,rodin-motorsport,dallara-f3-2025,mecachrome-v634
c870740f-0aa4-452f-9c42-361a3f082379,2025,6,25,roman-bilinski,rodin-motorsport,dallara-f3-2025,mecachrome-v634
c870740f-0aa4-452f-9c42-361a3f082379,2025,6,26,james-hedley,phm-racing,dallara-f3-2025,mecachrome-v634
c870740f-0aa4-452f-9c42-361a3f082379,2025,6,27,nicola-marinangeli,phm-racing,dallara-f3-2025,mecachrome-v634
c870740f-0aa4-452f-9c42-361a3f082379,2025,6,28,brad-benavides,phm-racing,dallara-f3-2025,mecachrome-v634
c870740f-0aa4-452f-9c42-361a3f082379,2025,6,29,nikita-johnson,dams,dallara-f3-2025,mecachrome-v634
c870740f-0aa4-452f-9c42-361a3f082379,2025,6,30,matias-zagazeta,dams,dallara-f3-2025,mecachrome-v634
c870740f-0aa4-452f-9c42-361a3f082379,2025,6,31,christian-ho,dams,dallara-f3-2025,mecachrome-v634
d6d51a45-8fb3-44b3-a1a2-ee69c4ab7ded,2025,7,1,brando-badoer,prema-racing,dallara-f3-2025,mecachrome-v634
d6d51a45-8fb3-44b3-a1a2-ee69c4ab7ded,2025,7,2,noel-leon,prema-racing,dallara-f3-2025,mecachrome-v634
d6d51a45-8fb3-44b3-a1a2-ee69c4ab7ded,2025,7,3,ugo-ugochukwu,prema-racing,dallara-f3-2025,mecachrome-v634
d6d51a45-8fb3-44b3-a1a2-ee69c4ab7ded,2025,7,4,noah-stromsted,trident-motorsport,dallara-f3-2025,mecachrome-v634
d6d51a45-8fb3-44b3-a1a2-ee69c4ab7ded,2025,7,5,rafael-camara,trident-motorsport,dallara-f3-2025,mecachrome-v634
d6d51a45-8fb3-44b3-a1a2-ee69c4ab7ded,2025,7,6,charlie-wurz,trident-motorsport,dallara-f3-2025,mecachrome-v634
d6d51a45-8fb3-44b3-a1a2-ee69c4ab7ded,2025,7,7,laurens-van-hoepen,art-grand-prix,dallara-f3-2025,mecachrome-v634
d6d51a45-8fb3-44b3-a1a2-ee69c4ab7ded,2025,7,8,tuukka-taponen,art-grand-prix,dallara-f3-2025,mecachrome-v634
d6d51a45-8fb3-44b3-a1a2-ee69c4ab7ded,2025,7,9,james-wharton,art-grand-prix,dallara-f3-2025,mecachrome-v634
d6d51a45-8fb3-44b3-a1a2-ee69c4ab7ded,2025,7,10,mari-boya,campos-racing,dallara-f3-2025,mecachrome-v634
d6d51a45-8fb3-44b3-a1a2-ee69c4ab7ded,2025,7,11,tasanapol-inthraphuvasak,campos-racing,dallara-f3-2025,mecachrome-v634
d6d51a45-8fb3-44b3-a1a2-ee69c4ab7ded,2025,7,12,nikola-tsolov,campos-racing,dallara-f3-2025,mecachrome-v634
d6d51a45-8fb3-44b3-a1a2-ee69c4ab7ded,2025,7,14,martinius-stenshorne,hitech-racing,dallara-f3-2025,mecachrome-v634
d6d51a45-8fb3-44b3-a1a2-ee69c4ab7ded,2025,7,15,nikita-johnson,hitech-racing,dallara-f3-2025,mecachrome-v634
d6d51a45-8fb3-44b3-a1a2-ee69c4ab7ded,2025,7,16,wing-lam-gerrard-xie,hitech-racing,dallara-f3-2025,mecachrome-v634
d6d51a45-8fb3-44b3-a1a2-ee69c4ab7ded,2025,7,17,tim-tramnitz,mp-motorsport,dallara-f3-2025,mecachrome-v634
d6d51a45-8fb3-44b3-a1a2-ee69c4ab7ded,2025,7,18,bruno-del-pino,mp-motorsport,dallara-f3-2025,mecachrome-v634
d6d51a45-8fb3-44b3-a1a2-ee69c4ab7ded,2025,7,19,alessandro-giusti,mp-motorsport,dallara-f3-2025,mecachrome-v634
d6d51a45-8fb3-44b3-a1a2-ee69c4ab7ded,2025,7,20,theophile-nael,van-amersfoort-racing,dallara-f3-2025,mecachrome-v634
d6d51a45-8fb3-44b3-a1a2-ee69c4ab7ded,2025,7,21,santiago-ramos,van-amersfoort-racing,dallara-f3-2025,mecachrome-v634
d6d51a45-8fb3-44b3-a1a2-ee69c4ab7ded,2025,7,22,ivan-franco-domingues,van-amersfoort-racing,dallara-f3-2025,mecachrome-v634
d6d51a45-8fb3-44b3-a1a2-ee69c4ab7ded,2025,7,23,callum-voisin,rodin-motorsport,dallara-f3-2025,mecachrome-v634
d6d51a45-8fb3-44b3-a1a2-ee69c4ab7ded,2025,7,24,louis-sharp,rodin-motorsport,dallara-f3-2025,mecachrome-v634
d6d51a45-8fb3-44b3-a1a2-ee69c4ab7ded,2025,7,25,roman-bilinski,rodin-motorsport,dallara-f3-2025,mecachrome-v634
d6d51a45-8fb3-44b3-a1a2-ee69c4ab7ded,2025,7,26,james-hedley,phm-racing,dallara-f3-2025,mecachrome-v634
d6d51a45-8fb3-44b3-a1a2-ee69c4ab7ded,2025,7,27,nicola-marinangeli,phm-racing,dallara-f3-2025,mecachrome-v634
d6d51a45-8fb3-44b3-a1a2-ee69c4ab7ded,2025,7,28,brad-benavides,phm-racing,dallara-f3-2025,mecachrome-v634
d6d51a45-8fb3-44b3-a1a2-ee69c4ab7ded,2025,7,29,nicola-lacorte,dams,dallara-f3-2025,mecachrome-v634
d6d51a45-8fb3-44b3-a1a2-ee69c4ab7ded,2025,7,30,matias-zagazeta,dams,dallara-f3-2025,mecachrome-v634
d6d51a45-8fb3-44b3-a1a2-ee69c4ab7ded,2025,7,31,christian-ho,dams,dallara-f3-2025,mecachrome-v634
7449765b-3343-4831-8272-f8f91c8362d5,2025,8,1,brando-badoer,prema-racing,dallara-f3-2025,mecachrome-v634
7449765b-3343-4831-8272-f8f91c8362d5,2025,8,2,noel-leon,prema-racing,dallara-f3-2025,mecachrome-v634
7449765b-3343-4831-8272-f8f91c8362d5,2025,8,3,ugo-ugochukwu,prema-racing,dallara-f3-2025,mecachrome-v634
7449765b-3343-4831-8272-f8f91c8362d5,2025,8,4,noah-stromsted,trident-motorsport,dallara-f3-2025,mecachrome-v634
7449765b-3343-4831-8272-f8f91c8362d5,2025,8,5,rafael-camara,trident-motorsport,dallara-f3-2025,mecachrome-v634
7449765b-3343-4831-8272-f8f91c8362d5,2025,8,6,charlie-wurz,trident-motorsport,dallara-f3-2025,mecachrome-v634
7449765b-3343-4831-8272-f8f91c8362d5,2025,8,7,laurens-van-hoepen,art-grand-prix,dallara-f3-2025,mecachrome-v634
7449765b-3343-4831-8272-f8f91c8362d5,2025,8,8,tuukka-taponen,art-grand-prix,dallara-f3-2025,mecachrome-v634
7449765b-3343-4831-8272-f8f91c8362d5,2025,8,9,james-wharton,art-grand-prix,dallara-f3-2025,mecachrome-v634
7449765b-3343-4831-8272-f8f91c8362d5,2025,8,10,mari-boya,campos-racing,dallara-f3-2025,mecachrome-v634
7449765b-3343-4831-8272-f8f91c8362d5,2025,8,11,tasanapol-inthraphuvasak,campos-racing,dallara-f3-2025,mecachrome-v634
7449765b-3343-4831-8272-f8f91c8362d5,2025,8,12,nikola-tsolov,campos-racing,dallara-f3-2025,mecachrome-v634
7449765b-3343-4831-8272-f8f91c8362d5,2025,8,14,martinius-stenshorne,hitech-racing,dallara-f3-2025,mecachrome-v634
7449765b-3343-4831-8272-f8f91c8362d5,2025,8,15,freddie-slater,hitech-racing,dallara-f3-2025,mecachrome-v634
7449765b-3343-4831-8272-f8f91c8362d5,2025,8,16,wing-lam-gerrard-xie,hitech-racing,dallara-f3-2025,mecachrome-v634
7449765b-3343-4831-8272-f8f91c8362d5,2025,8,17,tim-tramnitz,mp-motorsport,dallara-f3-2025,mecachrome-v634
7449765b-3343-4831-8272-f8f91c8362d5,2025,8,18,bruno-del-pino,mp-motorsport,dallara-f3-2025,mecachrome-v634
7449765b-3343-4831-8272-f8f91c8362d5,2025,8,19,alessandro-giusti,mp-motorsport,dallara-f3-2025,mecachrome-v634
7449765b-3343-4831-8272-f8f91c8362d5,2025,8,20,theophile-nael,van-amersfoort-racing,dallara-f3-2025,mecachrome-v634
7449765b-3343-4831-8272-f8f91c8362d5,2025,8,21,santiago-ramos,van-amersfoort-racing,dallara-f3-2025,mecachrome-v634
7449765b-3343-4831-8272-f8f91c8362d5,2025,8,22,ivan-franco-domingues,van-amersfoort-racing,dallara-f3-2025,mecachrome-v634
7449765b-3343-4831-8272-f8f91c8362d5,2025,8,23,callum-voisin,rodin-motorsport,dallara-f3-2025,mecachrome-v634
7449765b-3343-4831-8272-f8f91c8362d5,2025,8,24,louis-sharp,rodin-motorsport,dallara-f3-2025,mecachrome-v634
7449765b-3343-4831-8272-f8f91c8362d5,2025,8,25,roman-bilinski,rodin-motorsport,dallara-f3-2025,mecachrome-v634
7449765b-3343-4831-8272-f8f91c8362d5,2025,8,26,james-hedley,phm-racing,dallara-f3-2025,mecachrome-v634
7449765b-3343-4831-8272-f8f91c8362d5,2025,8,27,nicola-marinangeli,phm-racing,dallara-f3-2025,mecachrome-v634
7449765b-3343-4831-8272-f8f91c8362d5,2025,8,28,brad-benavides,phm-racing,dallara-f3-2025,mecachrome-v634
7449765b-3343-4831-8272-f8f91c8362d5,2025,8,29,nicola-lacorte,dams,dallara-f3-2025,mecachrome-v634
7449765b-3343-4831-8272-f8f91c8362d5,2025,8,30,matias-zagazeta,dams,dallara-f3-2025,mecachrome-v634
7449765b-3343-4831-8272-f8f91c8362d5,2025,8,31,christian-ho,dams,dallara-f3-2025,mecachrome-v634
51899439-a9bf-472c-a6d4-ecef97d62870,2025,9,1,brando-badoer,prema-racing,dallara-f3-2025,mecachrome-v634
51899439-a9bf-472c-a6d4-ecef97d62870,2025,9,2,noel-leon,prema-racing,dallara-f3-2025,mecachrome-v634
51899439-a9bf-472c-a6d4-ecef97d62870,2025,9,3,ugo-ugochukwu,prema-racing,dallara-f3-2025,mecachrome-v634
51899439-a9bf-472c-a6d4-ecef97d62870,2025,9,4,noah-stromsted,trident-motorsport,dallara-f3-2025,mecachrome-v634
51899439-a9bf-472c-a6d4-ecef97d62870,2025,9,5,rafael-camara,trident-motorsport,dallara-f3-2025,mecachrome-v634
51899439-a9bf-472c-a6d4-ecef97d62870,2025,9,6,charlie-wurz,trident-motorsport,dallara-f3-2025,mecachrome-v634
51899439-a9bf-472c-a6d4-ecef97d62870,2025,9,7,laurens-van-hoepen,art-grand-prix,dallara-f3-2025,mecachrome-v634
51899439-a9bf-472c-a6d4-ecef97d62870,2025,9,8,tuukka-taponen,art-grand-prix,dallara-f3-2025,mecachrome-v634
51899439-a9bf-472c-a6d4-ecef97d62870,2025,9,9,james-wharton,art-grand-prix,dallara-f3-2025,mecachrome-v634
51899439-a9bf-472c-a6d4-ecef97d62870,2025,9,10,mari-boya,campos-racing,dallara-f3-2025,mecachrome-v634
51899439-a9bf-472c-a6d4-ecef97d62870,2025,9,11,tasanapol-inthraphuvasak,campos-racing,dallara-f3-2025,mecachrome-v634
51899439-a9bf-472c-a6d4-ecef97d62870,2025,9,12,nikola-tsolov,campos-racing,dallara-f3-2025,mecachrome-v634
51899439-a9bf-472c-a6d4-ecef97d62870,2025,9,14,martinius-stenshorne,hitech-racing,dallara-f3-2025,mecachrome-v634
51899439-a9bf-472c-a6d4-ecef97d62870,2025,9,15,nikita-johnson,hitech-racing,dallara-f3-2025,mecachrome-v634
51899439-a9bf-472c-a6d4-ecef97d62870,2025,9,16,wing-lam-gerrard-xie,hitech-racing,dallara-f3-2025,mecachrome-v634
51899439-a9bf-472c-a6d4-ecef97d62870,2025,9,17,tim-tramnitz,mp-motorsport,dallara-f3-2025,mecachrome-v634
51899439-a9bf-472c-a6d4-ecef97d62870,2025,9,18,bruno-del-pino,mp-motorsport,dallara-f3-2025,mecachrome-v634
51899439-a9bf-472c-a6d4-ecef97d62870,2025,9,19,alessandro-giusti,mp-motorsport,dallara-f3-2025,mecachrome-v634
51899439-a9bf-472c-a6d4-ecef97d62870,2025,9,20,theophile-nael,van-amersfoort-racing,dallara-f3-2025,mecachrome-v634
51899439-a9bf-472c-a6d4-ecef97d62870,2025,9,21,santiago-ramos,van-amersfoort-racing,dallara-f3-2025,mecachrome-v634
51899439-a9bf-472c-a6d4-ecef97d62870,2025,9,22,ivan-franco-domingues,van-amersfoort-racing,dallara-f3-2025,mecachrome-v634
51899439-a9bf-472c-a6d4-ecef97d62870,2025,9,23,callum-voisin,rodin-motorsport,dallara-f3-2025,mecachrome-v634
51899439-a9bf-472c-a6d4-ecef97d62870,2025,9,24,louis-sharp,rodin-motorsport,dallara-f3-2025,mecachrome-v634
51899439-a9bf-472c-a6d4-ecef97d62870,2025,9,25,roman-bilinski,rodin-motorsport,dallara-f3-2025,mecachrome-v634
51899439-a9bf-472c-a6d4-ecef97d62870,2025,9,26,james-hedley,phm-racing,dallara-f3-2025,mecachrome-v634
51899439-a9bf-472c-a6d4-ecef97d62870,2025,9,27,nicola-marinangeli,phm-racing,dallara-f3-2025,mecachrome-v634
51899439-a9bf-472c-a6d4-ecef97d62870,2025,9,28,brad-benavides,phm-racing,dallara-f3-2025,mecachrome-v634
51899439-a9bf-472c-a6d4-ecef97d62870,2025,9,29,nicola-lacorte,dams,dallara-f3-2025,mecachrome-v634
51899439-a9bf-472c-a6d4-ecef97d62870,2025,9,30,matias-zagazeta,dams,dallara-f3-2025,mecachrome-v634
51899439-a9bf-472c-a6d4-ecef97d62870,2025,9,31,christian-ho,dams,dallara-f3-2025,mecachrome-v634
dab83741-3ca0-43a2-b64b-bef555fbef02,2025,10,1,brando-badoer,prema-racing,dallara-f3-2025,mecachrome-v634
dab83741-3ca0-43a2-b64b-bef555fbef02,2025,10,2,noel-leon,prema-racing,dallara-f3-2025,mecachrome-v634
dab83741-3ca0-43a2-b64b-bef555fbef02,2025,10,3,ugo-ugochukwu,prema-racing,dallara-f3-2025,mecachrome-v634
dab83741-3ca0-43a2-b64b-bef555fbef02,2025,10,4,noah-stromsted,trident-motorsport,dallara-f3-2025,mecachrome-v634
dab83741-3ca0-43a2-b64b-bef555fbef02,2025,10,5,rafael-camara,trident-motorsport,dallara-f3-2025,mecachrome-v634
dab83741-3ca0-43a2-b64b-bef555fbef02,2025,10,6,charlie-wurz,trident-motorsport,dallara-f3-2025,mecachrome-v634
dab83741-3ca0-43a2-b64b-bef555fbef02,2025,10,7,laurens-van-hoepen,art-grand-prix,dallara-f3-2025,mecachrome-v634
dab83741-3ca0-43a2-b64b-bef555fbef02,2025,10,8,tuukka-taponen,art-grand-prix,dallara-f3-2025,mecachrome-v634
dab83741-3ca0-43a2-b64b-bef555fbef02,2025,10,9,james-wharton,art-grand-prix,dallara-f3-2025,mecachrome-v634
dab83741-3ca0-43a2-b64b-bef555fbef02,2025,10,10,mari-boya,campos-racing,dallara-f3-2025,mecachrome-v634
dab83741-3ca0-43a2-b64b-bef555fbef02,2025,10,11,tasanapol-inthraphuvasak,campos-racing,dallara-f3-2025,mecachrome-v634
dab83741-3ca0-43a2-b64b-bef555fbef02,2025,10,12,nikola-tsolov,campos-racing,dallara-f3-2025,mecachrome-v634
dab83741-3ca0-43a2-b64b-bef555fbef02,2025,10,14,martinius-stenshorne,hitech-racing,dallara-f3-2025,mecachrome-v634
dab83741-3ca0-43a2-b64b-bef555fbef02,2025,10,15,nikita-johnson,hitech-racing,dallara-f3-2025,mecachrome-v634
dab83741-3ca0-43a2-b64b-bef555fbef02,2025,10,16,wing-lam-gerrard-xie,hitech-racing,dallara-f3-2025,mecachrome-v634
dab83741-3ca0-43a2-b64b-bef555fbef02,2025,10,17,tim-tramnitz,mp-motorsport,dallara-f3-2025,mecachrome-v634
dab83741-3ca0-43a2-b64b-bef555fbef02,2025,10,18,bruno-del-pino,mp-motorsport,dallara-f3-2025,mecachrome-v634
dab83741-3ca0-43a2-b64b-bef555fbef02,2025,10,19,alessandro-giusti,mp-motorsport,dallara-f3-2025,mecachrome-v634
dab83741-3ca0-43a2-b64b-bef555fbef02,2025,10,20,theophile-nael,van-amersfoort-racing,dallara-f3-2025,mecachrome-v634
dab83741-3ca0-43a2-b64b-bef555fbef02,2025,10,21,james-hedley,van-amersfoort-racing,dallara-f3-2025,mecachrome-v634
dab83741-3ca0-43a2-b64b-bef555fbef02,2025,10,22,ivan-franco-domingues,van-amersfoort-racing,dallara-f3-2025,mecachrome-v634
dab83741-3ca0-43a2-b64b-bef555fbef02,2025,10,23,callum-voisin,rodin-motorsport,dallara-f3-2025,mecachrome-v634
dab83741-3ca0-43a2-b64b-bef555fbef02,2025,10,24,louis-sharp,rodin-motorsport,dallara-f3-2025,mecachrome-v634
dab83741-3ca0-43a2-b64b-bef555fbef02,2025,10,25,roman-bilinski,rodin-motorsport,dallara-f3-2025,mecachrome-v634
dab83741-3ca0-43a2-b64b-bef555fbef02,2025,10,26,fernando-barrichello,phm-racing,dallara-f3-2025,mecachrome-v634
dab83741-3ca0-43a2-b64b-bef555fbef02,2025,10,27,nicola-marinangeli,phm-racing,dallara-f3-2025,mecachrome-v634
dab83741-3ca0-43a2-b64b-bef555fbef02,2025,10,28,brad-benavides,phm-racing,dallara-f3-2025,mecachrome-v634
dab83741-3ca0-43a2-b64b-bef555fbef02,2025,10,29,nicola-lacorte,dams,dallara-f3-2025,mecachrome-v634
dab83741-3ca0-43a2-b64b-bef555fbef02,2025,10,30,matias-zagazeta,dams,dallara-f3-2025,mecachrome-v634
dab83741-3ca0-43a2-b64b-bef555fbef02,2025,10,31,christian-ho,dams,dallara-f3-2025,mecachrome-v634
dd1ec1cb-5a0c-4c0b-8787-7c4867e5c0d6,2026,1,1,theophile-nael,campos-racing,dallara-f3-2025,mecachrome-v634
dd1ec1cb-5a0c-4c0b-8787-7c4867e5c0d6,2026,1,2,ugo-ugochukwu,campos-racing,dallara-f3-2025,mecachrome-v634
dd1ec1cb-5a0c-4c0b-8787-7c4867e5c0d6,2026,1,3,patrick-heuzenroeder,campos-racing,dallara-f3-2025,mecachrome-v634
dd1ec1cb-5a0c-4c0b-8787-7c4867e5c0d6,2026,1,4,noah-stromsted,trident-motorsport,dallara-f3-2025,mecachrome-v634
dd1ec1cb-5a0c-4c0b-8787-7c4867e5c0d6,2026,1,5,freddie-slater,trident-motorsport,dallara-f3-2025,mecachrome-v634
dd1ec1cb-5a0c-4c0b-8787-7c4867e5c0d6,2026,1,6,matteo-de-palo,trident-motorsport,dallara-f3-2025,mecachrome-v634
dd1ec1cb-5a0c-4c0b-8787-7c4867e5c0d6,2026,1,7,mattia-colnaghi,mp-motorsport,dallara-f3-2025,mecachrome-v634
dd1ec1cb-5a0c-4c0b-8787-7c4867e5c0d6,2026,1,8,tuukka-taponen,mp-motorsport,dallara-f3-2025,mecachrome-v634
dd1ec1cb-5a0c-4c0b-8787-7c4867e5c0d6,2026,1,9,alessandro-giusti,mp-motorsport,dallara-f3-2025,mecachrome-v634
dd1ec1cb-5a0c-4c0b-8787-7c4867e5c0d6,2026,1,10,taito-kato,art-grand-prix,dallara-f3-2025,mecachrome-v634
dd1ec1cb-5a0c-4c0b-8787-7c4867e5c0d6,2026,1,11,maciej-gladysz,art-grand-prix,dallara-f3-2025,mecachrome-v634
dd1ec1cb-5a0c-4c0b-8787-7c4867e5c0d6,2026,1,12,kanato-le,art-grand-prix,dallara-f3-2025,mecachrome-v634
dd1ec1cb-5a0c-4c0b-8787-7c4867e5c0d6,2026,1,14,hiyu-yamakoshi,van-amersfoort-racing,dallara-f3-2025,mecachrome-v634
dd1ec1cb-5a0c-4c0b-8787-7c4867e5c0d6,2026,1,15,enzo-deligny,van-amersfoort-racing,dallara-f3-2025,mecachrome-v634
dd1ec1cb-5a0c-4c0b-8787-7c4867e5c0d6,2026,1,16,bruno-del-pino,van-amersfoort-racing,dallara-f3-2025,mecachrome-v634
dd1ec1cb-5a0c-4c0b-8787-7c4867e5c0d6,2026,1,17,pedro-clerot,rodin-motorsport,dallara-f3-2025,mecachrome-v634
dd1ec1cb-5a0c-4c0b-8787-7c4867e5c0d6,2026,1,18,brando-badoer,rodin-motorsport,dallara-f3-2025,mecachrome-v634
dd1ec1cb-5a0c-4c0b-8787-7c4867e5c0d6,2026,1,19,christian-ho,rodin-motorsport,dallara-f3-2025,mecachrome-v634
dd1ec1cb-5a0c-4c0b-8787-7c4867e5c0d6,2026,1,20,louis-sharp,prema-racing,dallara-f3-2025,mecachrome-v634
dd1ec1cb-5a0c-4c0b-8787-7c4867e5c0d6,2026,1,21,james-wharton,prema-racing,dallara-f3-2025,mecachrome-v634
dd1ec1cb-5a0c-4c0b-8787-7c4867e5c0d6,2026,1,22,jose-garfias,prema-racing,dallara-f3-2025,mecachrome-v634
dd1ec1cb-5a0c-4c0b-8787-7c4867e5c0d6,2026,1,23,michael-shin,hitech-racing,dallara-f3-2025,mecachrome-v634
dd1ec1cb-5a0c-4c0b-8787-7c4867e5c0d6,2026,1,24,fionn-mclaughlin,hitech-racing,dallara-f3-2025,mecachrome-v634
dd1ec1cb-5a0c-4c0b-8787-7c4867e5c0d6,2026,1,25,jin-nakamura,hitech-racing,dallara-f3-2025,mecachrome-v634
dd1ec1cb-5a0c-4c0b-8787-7c4867e5c0d6,2026,1,26,brad-benavides,phm-racing,dallara-f3-2025,mecachrome-v634
dd1ec1cb-5a0c-4c0b-8787-7c4867e5c0d6,2026,1,27,yevan-david,phm-racing,dallara-f3-2025,mecachrome-v634
dd1ec1cb-5a0c-4c0b-8787-7c4867e5c0d6,2026,1,28,fernando-barrichello,phm-racing,dallara-f3-2025,mecachrome-v634
dd1ec1cb-5a0c-4c0b-8787-7c4867e5c0d6,2026,1,29,nicola-lacorte,dams,dallara-f3-2025,mecachrome-v634
dd1ec1cb-5a0c-4c0b-8787-7c4867e5c0d6,2026,1,30,nandhavud-bhirombhakdi,dams,dallara-f3-2025,mecachrome-v634
dd1ec1cb-5a0c-4c0b-8787-7c4867e5c0d6,2026,1,31,wing-lam-gerrard-xie,dams,dallara-f3-2025,mecachrome-v634
290dbf0d-dfcf-4fea-8fdd-a86b3c0eee14,2026,2,1,theophile-nael,campos-racing,dallara-f3-2025,mecachrome-v634
290dbf0d-dfcf-4fea-8fdd-a86b3c0eee14,2026,2,2,ugo-ugochukwu,campos-racing,dallara-f3-2025,mecachrome-v634
290dbf0d-dfcf-4fea-8fdd-a86b3c0eee14,2026,2,3,ernesto-rivera,campos-racing,dallara-f3-2025,mecachrome-v634
290dbf0d-dfcf-4fea-8fdd-a86b3c0eee14,2026,2,4,noah-stromsted,trident-motorsport,dallara-f3-2025,mecachrome-v634
290dbf0d-dfcf-4fea-8fdd-a86b3c0eee14,2026,2,5,freddie-slater,trident-motorsport,dallara-f3-2025,mecachrome-v634
290dbf0d-dfcf-4fea-8fdd-a86b3c0eee14,2026,2,6,matteo-de-palo,trident-motorsport,dallara-f3-2025,mecachrome-v634
290dbf0d-dfcf-4fea-8fdd-a86b3c0eee14,2026,2,7,mattia-colnaghi,mp-motorsport,dallara-f3-2025,mecachrome-v634
290dbf0d-dfcf-4fea-8fdd-a86b3c0eee14,2026,2,8,tuukka-taponen,mp-motorsport,dallara-f3-2025,mecachrome-v634
290dbf0d-dfcf-4fea-8fdd-a86b3c0eee14,2026,2,9,alessandro-giusti,mp-motorsport,dallara-f3-2025,mecachrome-v634
290dbf0d-dfcf-4fea-8fdd-a86b3c0eee14,2026,2,10,taito-kato,art-grand-prix,dallara-f3-2025,mecachrome-v634
290dbf0d-dfcf-4fea-8fdd-a86b3c0eee14,2026,2,11,maciej-gladysz,art-grand-prix,dallara-f3-2025,mecachrome-v634
290dbf0d-dfcf-4fea-8fdd-a86b3c0eee14,2026,2,12,kanato-le,art-grand-prix,dallara-f3-2025,mecachrome-v634
290dbf0d-dfcf-4fea-8fdd-a86b3c0eee14,2026,2,14,hiyu-yamakoshi,van-amersfoort-racing,dallara-f3-2025,mecachrome-v634
290dbf0d-dfcf-4fea-8fdd-a86b3c0eee14,2026,2,15,enzo-deligny,van-amersfoort-racing,dallara-f3-2025,mecachrome-v634
290dbf0d-dfcf-4fea-8fdd-a86b3c0eee14,2026,2,16,bruno-del-pino,van-amersfoort-racing,dallara-f3-2025,mecachrome-v634
290dbf0d-dfcf-4fea-8fdd-a86b3c0eee14,2026,2,17,pedro-clerot,rodin-motorsport,dallara-f3-2025,mecachrome-v634
290dbf0d-dfcf-4fea-8fdd-a86b3c0eee14,2026,2,18,brando-badoer,rodin-motorsport,dallara-f3-2025,mecachrome-v634
290dbf0d-dfcf-4fea-8fdd-a86b3c0eee14,2026,2,19,christian-ho,rodin-motorsport,dallara-f3-2025,mecachrome-v634
290dbf0d-dfcf-4fea-8fdd-a86b3c0eee14,2026,2,20,louis-sharp,prema-racing,dallara-f3-2025,mecachrome-v634
290dbf0d-dfcf-4fea-8fdd-a86b3c0eee14,2026,2,21,james-wharton,prema-racing,dallara-f3-2025,mecachrome-v634
290dbf0d-dfcf-4fea-8fdd-a86b3c0eee14,2026,2,22,jose-garfias,prema-racing,dallara-f3-2025,mecachrome-v634
290dbf0d-dfcf-4fea-8fdd-a86b3c0eee14,2026,2,23,michael-shin,hitech-racing,dallara-f3-2025,mecachrome-v634
290dbf0d-dfcf-4fea-8fdd-a86b3c0eee14,2026,2,24,fionn-mclaughlin,hitech-racing,dallara-f3-2025,mecachrome-v634
290dbf0d-dfcf-4fea-8fdd-a86b3c0eee14,2026,2,25,jin-nakamura,hitech-racing,dallara-f3-2025,mecachrome-v634
290dbf0d-dfcf-4fea-8fdd-a86b3c0eee14,2026,2,26,brad-benavides,phm-racing,dallara-f3-2025,mecachrome-v634
290dbf0d-dfcf-4fea-8fdd-a86b3c0eee14,2026,2,27,yevan-david,phm-racing,dallara-f3-2025,mecachrome-v634
290dbf0d-dfcf-4fea-8fdd-a86b3c0eee14,2026,2,28,fernando-barrichello,phm-racing,dallara-f3-2025,mecachrome-v634
290dbf0d-dfcf-4fea-8fdd-a86b3c0eee14,2026,2,29,nicola-lacorte,dams,dallara-f3-2025,mecachrome-v634
290dbf0d-dfcf-4fea-8fdd-a86b3c0eee14,2026,2,30,nandhavud-bhirombhakdi,dams,dallara-f3-2025,mecachrome-v634
290dbf0d-dfcf-4fea-8fdd-a86b3c0eee14,2026,2,31,wing-lam-gerrard-xie,dams,dallara-f3-2025,mecachrome-v634
a5d44299-9d44-41de-9616-840e165541d9,2026,3,1,theophile-nael,campos-racing,dallara-f3-2025,mecachrome-v634
a5d44299-9d44-41de-9616-840e165541d9,2026,3,2,ugo-ugochukwu,campos-racing,dallara-f3-2025,mecachrome-v634
a5d44299-9d44-41de-9616-840e165541d9,2026,3,3,ernesto-rivera,campos-racing,dallara-f3-2025,mecachrome-v634
a5d44299-9d44-41de-9616-840e165541d9,2026,3,4,noah-stromsted,trident-motorsport,dallara-f3-2025,mecachrome-v634
a5d44299-9d44-41de-9616-840e165541d9,2026,3,5,freddie-slater,trident-motorsport,dallara-f3-2025,mecachrome-v634
a5d44299-9d44-41de-9616-840e165541d9,2026,3,6,matteo-de-palo,trident-motorsport,dallara-f3-2025,mecachrome-v634
a5d44299-9d44-41de-9616-840e165541d9,2026,3,7,mattia-colnaghi,mp-motorsport,dallara-f3-2025,mecachrome-v634
a5d44299-9d44-41de-9616-840e165541d9,2026,3,8,tuukka-taponen,mp-motorsport,dallara-f3-2025,mecachrome-v634
a5d44299-9d44-41de-9616-840e165541d9,2026,3,9,alessandro-giusti,mp-motorsport,dallara-f3-2025,mecachrome-v634
a5d44299-9d44-41de-9616-840e165541d9,2026,3,10,taito-kato,art-grand-prix,dallara-f3-2025,mecachrome-v634
a5d44299-9d44-41de-9616-840e165541d9,2026,3,11,maciej-gladysz,art-grand-prix,dallara-f3-2025,mecachrome-v634
a5d44299-9d44-41de-9616-840e165541d9,2026,3,12,kanato-le,art-grand-prix,dallara-f3-2025,mecachrome-v634
a5d44299-9d44-41de-9616-840e165541d9,2026,3,14,hiyu-yamakoshi,van-amersfoort-racing,dallara-f3-2025,mecachrome-v634
a5d44299-9d44-41de-9616-840e165541d9,2026,3,15,enzo-deligny,van-amersfoort-racing,dallara-f3-2025,mecachrome-v634
a5d44299-9d44-41de-9616-840e165541d9,2026,3,16,bruno-del-pino,van-amersfoort-racing,dallara-f3-2025,mecachrome-v634
a5d44299-9d44-41de-9616-840e165541d9,2026,3,17,pedro-clerot,rodin-motorsport,dallara-f3-2025,mecachrome-v634
a5d44299-9d44-41de-9616-840e165541d9,2026,3,18,brando-badoer,rodin-motorsport,dallara-f3-2025,mecachrome-v634
a5d44299-9d44-41de-9616-840e165541d9,2026,3,19,christian-ho,rodin-motorsport,dallara-f3-2025,mecachrome-v634
a5d44299-9d44-41de-9616-840e165541d9,2026,3,20,louis-sharp,prema-racing,dallara-f3-2025,mecachrome-v634
a5d44299-9d44-41de-9616-840e165541d9,2026,3,21,james-wharton,prema-racing,dallara-f3-2025,mecachrome-v634
a5d44299-9d44-41de-9616-840e165541d9,2026,3,22,jose-garfias,prema-racing,dallara-f3-2025,mecachrome-v634
a5d44299-9d44-41de-9616-840e165541d9,2026,3,23,michael-shin,hitech-racing,dallara-f3-2025,mecachrome-v634
a5d44299-9d44-41de-9616-840e165541d9,2026,3,24,fionn-mclaughlin,hitech-racing,dallara-f3-2025,mecachrome-v634
a5d44299-9d44-41de-9616-840e165541d9,2026,3,25,jin-nakamura,hitech-racing,dallara-f3-2025,mecachrome-v634
a5d44299-9d44-41de-9616-840e165541d9,2026,3,26,ricardo-escotto,phm-racing,dallara-f3-2025,mecachrome-v634
a5d44299-9d44-41de-9616-840e165541d9,2026,3,27,yevan-david,phm-racing,dallara-f3-2025,mecachrome-v634
a5d44299-9d44-41de-9616-840e165541d9,2026,3,28,fernando-barrichello,phm-racing,dallara-f3-2025,mecachrome-v634
a5d44299-9d44-41de-9616-840e165541d9,2026,3,29,nicola-lacorte,dams,dallara-f3-2025,mecachrome-v634
a5d44299-9d44-41de-9616-840e165541d9,2026,3,30,nandhavud-bhirombhakdi,dams,dallara-f3-2025,mecachrome-v634
a5d44299-9d44-41de-9616-840e165541d9,2026,3,31,wing-lam-gerrard-xie,dams,dallara-f3-2025,mecachrome-v634
8dbb185a-7473-40aa-a096-fe87659e3b7b,2026,4,1,theophile-nael,campos-racing,dallara-f3-2025,mecachrome-v634
8dbb185a-7473-40aa-a096-fe87659e3b7b,2026,4,2,ugo-ugochukwu,campos-racing,dallara-f3-2025,mecachrome-v634
8dbb185a-7473-40aa-a096-fe87659e3b7b,2026,4,3,ernesto-rivera,campos-racing,dallara-f3-2025,mecachrome-v634
8dbb185a-7473-40aa-a096-fe87659e3b7b,2026,4,4,noah-stromsted,trident-motorsport,dallara-f3-2025,mecachrome-v634
8dbb185a-7473-40aa-a096-fe87659e3b7b,2026,4,5,freddie-slater,trident-motorsport,dallara-f3-2025,mecachrome-v634
8dbb185a-7473-40aa-a096-fe87659e3b7b,2026,4,6,matteo-de-palo,trident-motorsport,dallara-f3-2025,mecachrome-v634
8dbb185a-7473-40aa-a096-fe87659e3b7b,2026,4,7,mattia-colnaghi,mp-motorsport,dallara-f3-2025,mecachrome-v634
8dbb185a-7473-40aa-a096-fe87659e3b7b,2026,4,8,tuukka-taponen,mp-motorsport,dallara-f3-2025,mecachrome-v634
8dbb185a-7473-40aa-a096-fe87659e3b7b,2026,4,9,alessandro-giusti,mp-motorsport,dallara-f3-2025,mecachrome-v634
8dbb185a-7473-40aa-a096-fe87659e3b7b,2026,4,10,taito-kato,art-grand-prix,dallara-f3-2025,mecachrome-v634
8dbb185a-7473-40aa-a096-fe87659e3b7b,2026,4,11,maciej-gladysz,art-grand-prix,dallara-f3-2025,mecachrome-v634
8dbb185a-7473-40aa-a096-fe87659e3b7b,2026,4,12,kanato-le,art-grand-prix,dallara-f3-2025,mecachrome-v634
8dbb185a-7473-40aa-a096-fe87659e3b7b,2026,4,14,hiyu-yamakoshi,van-amersfoort-racing,dallara-f3-2025,mecachrome-v634
8dbb185a-7473-40aa-a096-fe87659e3b7b,2026,4,15,enzo-deligny,van-amersfoort-racing,dallara-f3-2025,mecachrome-v634
8dbb185a-7473-40aa-a096-fe87659e3b7b,2026,4,16,bruno-del-pino,van-amersfoort-racing,dallara-f3-2025,mecachrome-v634
8dbb185a-7473-40aa-a096-fe87659e3b7b,2026,4,17,pedro-clerot,rodin-motorsport,dallara-f3-2025,mecachrome-v634
8dbb185a-7473-40aa-a096-fe87659e3b7b,2026,4,18,brando-badoer,rodin-motorsport,dallara-f3-2025,mecachrome-v634
8dbb185a-7473-40aa-a096-fe87659e3b7b,2026,4,19,christian-ho,rodin-motorsport,dallara-f3-2025,mecachrome-v634
8dbb185a-7473-40aa-a096-fe87659e3b7b,2026,4,20,louis-sharp,prema-racing,dallara-f3-2025,mecachrome-v634
8dbb185a-7473-40aa-a096-fe87659e3b7b,2026,4,21,james-wharton,prema-racing,dallara-f3-2025,mecachrome-v634
8dbb185a-7473-40aa-a096-fe87659e3b7b,2026,4,22,jose-garfias,prema-racing,dallara-f3-2025,mecachrome-v634
8dbb185a-7473-40aa-a096-fe87659e3b7b,2026,4,23,michael-shin,hitech-racing,dallara-f3-2025,mecachrome-v634
8dbb185a-7473-40aa-a096-fe87659e3b7b,2026,4,24,fionn-mclaughlin,hitech-racing,dallara-f3-2025,mecachrome-v634
8dbb185a-7473-40aa-a096-fe87659e3b7b,2026,4,25,jin-nakamura,hitech-racing,dallara-f3-2025,mecachrome-v634
8dbb185a-7473-40aa-a096-fe87659e3b7b,2026,4,26,salim-hanna,phm-racing,dallara-f3-2025,mecachrome-v634
8dbb185a-7473-40aa-a096-fe87659e3b7b,2026,4,27,yevan-david,phm-racing,dallara-f3-2025,mecachrome-v634
8dbb185a-7473-40aa-a096-fe87659e3b7b,2026,4,28,fernando-barrichello,phm-racing,dallara-f3-2025,mecachrome-v634
8dbb185a-7473-40aa-a096-fe87659e3b7b,2026,4,29,nicola-lacorte,dams,dallara-f3-2025,mecachrome-v634
8dbb185a-7473-40aa-a096-fe87659e3b7b,2026,4,30,nandhavud-bhirombhakdi,dams,dallara-f3-2025,mecachrome-v634
8dbb185a-7473-40aa-a096-fe87659e3b7b,2026,4,31,wing-lam-gerrard-xie,dams,dallara-f3-2025,mecachrome-v634
9c3a6969-034e-4fb1-9b02-bedf81055bef,2026,5,1,theophile-nael,campos-racing,dallara-f3-2025,mecachrome-v634
9c3a6969-034e-4fb1-9b02-bedf81055bef,2026,5,2,ugo-ugochukwu,campos-racing,dallara-f3-2025,mecachrome-v634
9c3a6969-034e-4fb1-9b02-bedf81055bef,2026,5,3,ernesto-rivera,campos-racing,dallara-f3-2025,mecachrome-v634
9c3a6969-034e-4fb1-9b02-bedf81055bef,2026,5,4,noah-stromsted,trident-motorsport,dallara-f3-2025,mecachrome-v634
9c3a6969-034e-4fb1-9b02-bedf81055bef,2026,5,5,freddie-slater,trident-motorsport,dallara-f3-2025,mecachrome-v634
9c3a6969-034e-4fb1-9b02-bedf81055bef,2026,5,6,matteo-de-palo,trident-motorsport,dallara-f3-2025,mecachrome-v634
9c3a6969-034e-4fb1-9b02-bedf81055bef,2026,5,7,mattia-colnaghi,mp-motorsport,dallara-f3-2025,mecachrome-v634
9c3a6969-034e-4fb1-9b02-bedf81055bef,2026,5,8,tuukka-taponen,mp-motorsport,dallara-f3-2025,mecachrome-v634
9c3a6969-034e-4fb1-9b02-bedf81055bef,2026,5,9,alessandro-giusti,mp-motorsport,dallara-f3-2025,mecachrome-v634
9c3a6969-034e-4fb1-9b02-bedf81055bef,2026,5,10,taito-kato,art-grand-prix,dallara-f3-2025,mecachrome-v634
9c3a6969-034e-4fb1-9b02-bedf81055bef,2026,5,11,maciej-gladysz,art-grand-prix,dallara-f3-2025,mecachrome-v634
9c3a6969-034e-4fb1-9b02-bedf81055bef,2026,5,12,kanato-le,art-grand-prix,dallara-f3-2025,mecachrome-v634
9c3a6969-034e-4fb1-9b02-bedf81055bef,2026,5,14,hiyu-yamakoshi,van-amersfoort-racing,dallara-f3-2025,mecachrome-v634
9c3a6969-034e-4fb1-9b02-bedf81055bef,2026,5,15,enzo-deligny,van-amersfoort-racing,dallara-f3-2025,mecachrome-v634
9c3a6969-034e-4fb1-9b02-bedf81055bef,2026,5,16,bruno-del-pino,van-amersfoort-racing,dallara-f3-2025,mecachrome-v634
9c3a6969-034e-4fb1-9b02-bedf81055bef,2026,5,17,pedro-clerot,rodin-motorsport,dallara-f3-2025,mecachrome-v634
9c3a6969-034e-4fb1-9b02-bedf81055bef,2026,5,18,brando-badoer,rodin-motorsport,dallara-f3-2025,mecachrome-v634
9c3a6969-034e-4fb1-9b02-bedf81055bef,2026,5,19,christian-ho,rodin-motorsport,dallara-f3-2025,mecachrome-v634
9c3a6969-034e-4fb1-9b02-bedf81055bef,2026,5,20,louis-sharp,prema-racing,dallara-f3-2025,mecachrome-v634
9c3a6969-034e-4fb1-9b02-bedf81055bef,2026,5,21,james-wharton,prema-racing,dallara-f3-2025,mecachrome-v634
9c3a6969-034e-4fb1-9b02-bedf81055bef,2026,5,22,jose-garfias,prema-racing,dallara-f3-2025,mecachrome-v634
9c3a6969-034e-4fb1-9b02-bedf81055bef,2026,5,23,michael-shin,hitech-racing,dallara-f3-2025,mecachrome-v634
9c3a6969-034e-4fb1-9b02-bedf81055bef,2026,5,24,fionn-mclaughlin,hitech-racing,dallara-f3-2025,mecachrome-v634
9c3a6969-034e-4fb1-9b02-bedf81055bef,2026,5,25,jin-nakamura,hitech-racing,dallara-f3-2025,mecachrome-v634
9c3a6969-034e-4fb1-9b02-bedf81055bef,2026,5,26,ricardo-escotto,phm-racing,dallara-f3-2025,mecachrome-v634
9c3a6969-034e-4fb1-9b02-bedf81055bef,2026,5,27,yevan-david,phm-racing,dallara-f3-2025,mecachrome-v634
9c3a6969-034e-4fb1-9b02-bedf81055bef,2026,5,28,fernando-barrichello,phm-racing,dallara-f3-2025,mecachrome-v634
9c3a6969-034e-4fb1-9b02-bedf81055bef,2026,5,29,nicola-lacorte,dams,dallara-f3-2025,mecachrome-v634
9c3a6969-034e-4fb1-9b02-bedf81055bef,2026,5,30,nandhavud-bhirombhakdi,dams,dallara-f3-2025,mecachrome-v634
9c3a6969-034e-4fb1-9b02-bedf81055bef,2026,5,31,wing-lam-gerrard-xie,dams,dallara-f3-2025,mecachrome-v634
c97a56b9-a4c3-447c-80f7-54ba85e1cdb7,2026,6,1,theophile-nael,campos-racing,dallara-f3-2025,mecachrome-v634
c97a56b9-a4c3-447c-80f7-54ba85e1cdb7,2026,6,2,ugo-ugochukwu,campos-racing,dallara-f3-2025,mecachrome-v634
c97a56b9-a4c3-447c-80f7-54ba85e1cdb7,2026,6,3,ernesto-rivera,campos-racing,dallara-f3-2025,mecachrome-v634
c97a56b9-a4c3-447c-80f7-54ba85e1cdb7,2026,6,4,noah-stromsted,trident-motorsport,dallara-f3-2025,mecachrome-v634
c97a56b9-a4c3-447c-80f7-54ba85e1cdb7,2026,6,5,freddie-slater,trident-motorsport,dallara-f3-2025,mecachrome-v634
c97a56b9-a4c3-447c-80f7-54ba85e1cdb7,2026,6,6,matteo-de-palo,trident-motorsport,dallara-f3-2025,mecachrome-v634
c97a56b9-a4c3-447c-80f7-54ba85e1cdb7,2026,6,7,mattia-colnaghi,mp-motorsport,dallara-f3-2025,mecachrome-v634
c97a56b9-a4c3-447c-80f7-54ba85e1cdb7,2026,6,8,tuukka-taponen,mp-motorsport,dallara-f3-2025,mecachrome-v634
c97a56b9-a4c3-447c-80f7-54ba85e1cdb7,2026,6,9,alessandro-giusti,mp-motorsport,dallara-f3-2025,mecachrome-v634
c97a56b9-a4c3-447c-80f7-54ba85e1cdb7,2026,6,10,taito-kato,art-grand-prix,dallara-f3-2025,mecachrome-v634
c97a56b9-a4c3-447c-80f7-54ba85e1cdb7,2026,6,11,maciej-gladysz,art-grand-prix,dallara-f3-2025,mecachrome-v634
c97a56b9-a4c3-447c-80f7-54ba85e1cdb7,2026,6,12,kanato-le,art-grand-prix,dallara-f3-2025,mecachrome-v634
c97a56b9-a4c3-447c-80f7-54ba85e1cdb7,2026,6,14,hiyu-yamakoshi,van-amersfoort-racing,dallara-f3-2025,mecachrome-v634
c97a56b9-a4c3-447c-80f7-54ba85e1cdb7,2026,6,15,enzo-deligny,van-amersfoort-racing,dallara-f3-2025,mecachrome-v634
c97a56b9-a4c3-447c-80f7-54ba85e1cdb7,2026,6,16,bruno-del-pino,van-amersfoort-racing,dallara-f3-2025,mecachrome-v634
c97a56b9-a4c3-447c-80f7-54ba85e1cdb7,2026,6,17,pedro-clerot,rodin-motorsport,dallara-f3-2025,mecachrome-v634
c97a56b9-a4c3-447c-80f7-54ba85e1cdb7,2026,6,18,brando-badoer,rodin-motorsport,dallara-f3-2025,mecachrome-v634
c97a56b9-a4c3-447c-80f7-54ba85e1cdb7,2026,6,19,christian-ho,rodin-motorsport,dallara-f3-2025,mecachrome-v634
c97a56b9-a4c3-447c-80f7-54ba85e1cdb7,2026,6,20,louis-sharp,prema-racing,dallara-f3-2025,mecachrome-v634
c97a56b9-a4c3-447c-80f7-54ba85e1cdb7,2026,6,21,james-wharton,prema-racing,dallara-f3-2025,mecachrome-v634
c97a56b9-a4c3-447c-80f7-54ba85e1cdb7,2026,6,22,jose-garfias,prema-racing,dallara-f3-2025,mecachrome-v634
c97a56b9-a4c3-447c-80f7-54ba85e1cdb7,2026,6,23,michael-shin,hitech-racing,dallara-f3-2025,mecachrome-v634
c97a56b9-a4c3-447c-80f7-54ba85e1cdb7,2026,6,24,fionn-mclaughlin,hitech-racing,dallara-f3-2025,mecachrome-v634
c97a56b9-a4c3-447c-80f7-54ba85e1cdb7,2026,6,25,jin-nakamura,hitech-racing,dallara-f3-2025,mecachrome-v634
c97a56b9-a4c3-447c-80f7-54ba85e1cdb7,2026,6,26,ricardo-escotto,phm-racing,dallara-f3-2025,mecachrome-v634
c97a56b9-a4c3-447c-80f7-54ba85e1cdb7,2026,6,27,yevan-david,phm-racing,dallara-f3-2025,mecachrome-v634
c97a56b9-a4c3-447c-80f7-54ba85e1cdb7,2026,6,28,fernando-barrichello,phm-racing,dallara-f3-2025,mecachrome-v634
c97a56b9-a4c3-447c-80f7-54ba85e1cdb7,2026,6,29,nicola-lacorte,dams,dallara-f3-2025,mecachrome-v634
c97a56b9-a4c3-447c-80f7-54ba85e1cdb7,2026,6,30,nandhavud-bhirombhakdi,dams,dallara-f3-2025,mecachrome-v634
c97a56b9-a4c3-447c-80f7-54ba85e1cdb7,2026,6,31,wing-lam-gerrard-xie,dams,dallara-f3-2025,mecachrome-v634
7b52ce97-35f4-4ce8-802f-137dd291cf17,2026,7,1,theophile-nael,campos-racing,dallara-f3-2025,mecachrome-v634
7b52ce97-35f4-4ce8-802f-137dd291cf17,2026,7,2,ugo-ugochukwu,campos-racing,dallara-f3-2025,mecachrome-v634
7b52ce97-35f4-4ce8-802f-137dd291cf17,2026,7,3,ernesto-rivera,campos-racing,dallara-f3-2025,mecachrome-v634
7b52ce97-35f4-4ce8-802f-137dd291cf17,2026,7,4,noah-stromsted,trident-motorsport,dallara-f3-2025,mecachrome-v634
7b52ce97-35f4-4ce8-802f-137dd291cf17,2026,7,5,freddie-slater,trident-motorsport,dallara-f3-2025,mecachrome-v634
7b52ce97-35f4-4ce8-802f-137dd291cf17,2026,7,6,matteo-de-palo,trident-motorsport,dallara-f3-2025,mecachrome-v634
7b52ce97-35f4-4ce8-802f-137dd291cf17,2026,7,7,mattia-colnaghi,mp-motorsport,dallara-f3-2025,mecachrome-v634
7b52ce97-35f4-4ce8-802f-137dd291cf17,2026,7,8,tuukka-taponen,mp-motorsport,dallara-f3-2025,mecachrome-v634
7b52ce97-35f4-4ce8-802f-137dd291cf17,2026,7,9,alessandro-giusti,mp-motorsport,dallara-f3-2025,mecachrome-v634
7b52ce97-35f4-4ce8-802f-137dd291cf17,2026,7,10,taito-kato,art-grand-prix,dallara-f3-2025,mecachrome-v634
7b52ce97-35f4-4ce8-802f-137dd291cf17,2026,7,11,maciej-gladysz,art-grand-prix,dallara-f3-2025,mecachrome-v634
7b52ce97-35f4-4ce8-802f-137dd291cf17,2026,7,12,kanato-le,art-grand-prix,dallara-f3-2025,mecachrome-v634
7b52ce97-35f4-4ce8-802f-137dd291cf17,2026,7,14,hiyu-yamakoshi,van-amersfoort-racing,dallara-f3-2025,mecachrome-v634
7b52ce97-35f4-4ce8-802f-137dd291cf17,2026,7,15,enzo-deligny,van-amersfoort-racing,dallara-f3-2025,mecachrome-v634
7b52ce97-35f4-4ce8-802f-137dd291cf17,2026,7,16,bruno-del-pino,van-amersfoort-racing,dallara-f3-2025,mecachrome-v634
7b52ce97-35f4-4ce8-802f-137dd291cf17,2026,7,17,pedro-clerot,rodin-motorsport,dallara-f3-2025,mecachrome-v634
7b52ce97-35f4-4ce8-802f-137dd291cf17,2026,7,18,brando-badoer,rodin-motorsport,dallara-f3-2025,mecachrome-v634
7b52ce97-35f4-4ce8-802f-137dd291cf17,2026,7,19,christian-ho,rodin-motorsport,dallara-f3-2025,mecachrome-v634
7b52ce97-35f4-4ce8-802f-137dd291cf17,2026,7,20,louis-sharp,prema-racing,dallara-f3-2025,mecachrome-v634
7b52ce97-35f4-4ce8-802f-137dd291cf17,2026,7,21,james-wharton,prema-racing,dallara-f3-2025,mecachrome-v634
7b52ce97-35f4-4ce8-802f-137dd291cf17,2026,7,22,jose-garfias,prema-racing,dallara-f3-2025,mecachrome-v634
7b52ce97-35f4-4ce8-802f-137dd291cf17,2026,7,23,michael-shin,hitech-racing,dallara-f3-2025,mecachrome-v634
7b52ce97-35f4-4ce8-802f-137dd291cf17,2026,7,24,fionn-mclaughlin,hitech-racing,dallara-f3-2025,mecachrome-v634
7b52ce97-35f4-4ce8-802f-137dd291cf17,2026,7,25,jin-nakamura,hitech-racing,dallara-f3-2025,mecachrome-v634
7b52ce97-35f4-4ce8-802f-137dd291cf17,2026,7,26,salim-hanna,phm-racing,dallara-f3-2025,mecachrome-v634
7b52ce97-35f4-4ce8-802f-137dd291cf17,2026,7,27,yevan-david,phm-racing,dallara-f3-2025,mecachrome-v634
7b52ce97-35f4-4ce8-802f-137dd291cf17,2026,7,28,fernando-barrichello,phm-racing,dallara-f3-2025,mecachrome-v634
7b52ce97-35f4-4ce8-802f-137dd291cf17,2026,7,29,nicola-lacorte,dams,dallara-f3-2025,mecachrome-v634
7b52ce97-35f4-4ce8-802f-137dd291cf17,2026,7,30,nandhavud-bhirombhakdi,dams,dallara-f3-2025,mecachrome-v634
7b52ce97-35f4-4ce8-802f-137dd291cf17,2026,7,31,wing-lam-gerrard-xie,dams,dallara-f3-2025,mecachrome-v634
