sessionId,raceId,year,round,positionDisplayOrder,positionNumber,points,polePosition,status,driverNumber,driverId,constructorId,laps,time,timeMillis,gapMillis,gapLaps,fastestLap,fastestLapNumber,fastestLapTime,fastestLapTimeMillis,averageSpeed
fa-1,fa-1,2023,1,1,1,,False,,10,abbi-pulling,rodin-carlin,12,1:31.315,91315,,,False,8,1:31.315,91315,170.23
fa-1,fa-1,2023,1,2,2,,False,,15,marta-garcia,prema-racing,10,1:31.417,91417,102,,False,9,1:31.417,91417,170.04
fa-1,fa-1,2023,1,3,3,,False,,7,lena-buhler,art-grand-prix,13,1:31.690,91690,375,,False,12,1:31.690,91690,169.54
fa-1,fa-1,2023,1,4,4,,False,,12,megan-gilkes,rodin-carlin,17,1:31.816,91816,501,,False,13,1:31.816,91816,169.30
fa-1,fa-1,2023,1,5,5,,False,,2,lola-lovinfosse,campos-racing,14,1:31.832,91832,517,,False,11,1:31.832,91832,169.27
fa-1,fa-1,2023,1,6,6,,False,,11,jessica-edgar,rodin-carlin,19,1:31.841,91841,526,,False,16,1:31.841,91841,169.26
fa-1,fa-1,2023,1,7,7,,False,,1,nerea-marti,campos-racing,14,1:31.851,91851,536,,False,12,1:31.851,91851,169.24
fa-1,fa-1,2023,1,8,8,,False,,9,chloe-grant,art-grand-prix,14,1:32.085,92085,770,,False,13,1:32.085,92085,168.81
fa-1,fa-1,2023,1,9,9,,False,,16,bianca-bustamante,prema-racing,9,1:32.263,92263,948,,False,7,1:32.263,92263,168.48
fa-1,fa-1,2023,1,10,10,,False,,8,carrie-schreiner,art-grand-prix,14,1:32.974,92974,1659,,False,11,1:32.974,92974,167.20
fa-1,fa-1,2023,1,11,11,,False,,14,chloe-chong,prema-racing,5,1:35.851,95851,4536,,False,3,1:35.851,95851,162.18
fa-1,fa-1,2023,1,12,12,,False,,3,maite-caceres,campos-racing,6,1:41.931,101931,10610,,False,6,1:41.931,101931,152.50
fa-1,fa-1,2023,1,13,13,,False,,4,hamda-al-qubaisi,mp-motorsport,,,,,,False,,,,
fa-1,fa-1,2023,1,14,14,,False,,5,emely-de-heus,mp-motorsport,,,,,,False,,,,
fa-1,fa-1,2023,1,15,15,,False,,6,amna-al-qubaisi,mp-motorsport,,,,,,False,,,,
fa-2,fa-1,2023,1,1,1,,False,,4,hamda-al-qubaisi,mp-motorsport,19,1:31.362,91362,,,False,19,1:31.362,91362,170.15
fa-2,fa-1,2023,1,2,2,,False,,15,marta-garcia,prema-racing,8,1:31.770,91770,408,,False,8,1:31.770,91770,169.39
fa-2,fa-1,2023,1,3,3,,False,,7,lena-buhler,art-grand-prix,14,1:32.012,92012,650,,False,14,1:32.012,92012,168.94
fa-2,fa-1,2023,1,4,4,,False,,6,amna-al-qubaisi,mp-motorsport,20,1:32.013,92013,651,,False,20,1:32.013,92013,168.94
fa-2,fa-1,2023,1,5,5,,False,,12,megan-gilkes,rodin-carlin,12,1:32.014,92014,652,,False,12,1:32.014,92014,168.94
fa-2,fa-1,2023,1,6,6,,False,,8,carrie-schreiner,art-grand-prix,14,1:32.078,92078,716,,False,14,1:32.078,92078,168.82
fa-2,fa-1,2023,1,7,7,,False,,1,nerea-marti,campos-racing,20,1:32.114,92114,752,,False,20,1:32.114,92114,168.76
fa-2,fa-1,2023,1,8,8,,False,,16,bianca-bustamante,prema-racing,10,1:32.353,92353,991,,False,10,1:32.353,92353,168.32
fa-2,fa-1,2023,1,9,9,,False,,9,chloe-grant,art-grand-prix,15,1:32.389,92389,1027,,False,15,1:32.389,92389,168.25
fa-2,fa-1,2023,1,10,10,,False,,2,lola-lovinfosse,campos-racing,22,1:32.713,92713,1351,,False,22,1:32.713,92713,167.67
fa-2,fa-1,2023,1,11,11,,False,,5,emely-de-heus,mp-motorsport,19,1:32.790,92790,1428,,False,19,1:32.790,92790,167.53
fa-2,fa-1,2023,1,12,12,,False,,11,jessica-edgar,rodin-carlin,15,1:34.899,94899,3537,,False,15,1:34.899,94899,163.80
fa-2,fa-1,2023,1,13,13,,False,,3,maite-caceres,campos-racing,19,1:35.314,95314,3952,,False,19,1:35.314,95314,163.09
fa-2,fa-1,2023,1,14,14,,False,,10,abbi-pulling,rodin-carlin,9,1:35.763,95763,4401,,False,9,1:35.763,95763,162.33
fa-3,fa-1,2023,1,1,1,,False,,15,marta-garcia,prema-racing,9,1:43.073,103073,110,,False,5,1:43.073,103073,150.81
fa-3,fa-1,2023,1,2,2,,False,,16,bianca-bustamante,prema-racing,9,1:43.350,103350,387,,False,7,1:43.350,103350,150.41
fa-3,fa-1,2023,1,3,3,,False,,1,nerea-marti,campos-racing,9,1:43.547,103547,584,,False,7,1:43.547,103547,150.12
fa-3,fa-1,2023,1,4,4,,False,,8,carrie-schreiner,art-grand-prix,8,1:43.950,103950,987,,False,6,1:43.950,103950,149.59
fa-3,fa-1,2023,1,5,5,,False,,5,emely-de-heus,mp-motorsport,8,1:43.988,103988,1025,,False,7,1:43.988,103988,149.54
fa-3,fa-1,2023,1,6,6,,False,,7,lena-buhler,art-grand-prix,9,1:44.014,104014,1051,,False,6,1:44.014,104014,149.49
fa-3,fa-1,2023,1,7,7,,False,,2,lola-lovinfosse,campos-racing,8,1:44.772,104772,1809,,False,6,1:44.772,104772,148.37
fa-3,fa-1,2023,1,8,8,,False,,6,amna-al-qubaisi,mp-motorsport,8,1:44.818,104818,1855,,False,8,1:44.818,104818,148.30
fa-3,fa-1,2023,1,9,9,,False,,9,chloe-grant,art-grand-prix,9,1:44.916,104916,1953,,False,7,1:44.916,104916,148.16
fa-3,fa-1,2023,1,10,10,,False,,14,chloe-chong,prema-racing,7,1:45.966,105966,3003,,False,4,1:45.966,105966,146.70
fa-3,fa-1,2023,1,11,,,False,DSQ,12,megan-gilkes,rodin-carlin,9,1:44.038,104038,1075,,False,4,1:44.038,104038,149.41
fa-3,fa-1,2023,1,12,,,False,DSQ,11,jessica-edgar,rodin-carlin,9,1:43.780,103780,817,,False,8,1:43.780,103780,149.79
fa-3,fa-1,2023,1,13,,,False,DNQ,3,maite-caceres,campos-racing,8,1:52.610,112610,9647,,False,7,1:52.610,112610,138.04
fa-3,fa-1,2023,1,14,,,False,DNQ,4,hamda-al-qubaisi,mp-motorsport,4,1:52.211,112211,9248,,False,2,1:52.211,112211,138.53
fa-4,fa-1,2023,1,1,1,,False,,15,marta-garcia,prema-racing,9,1:43.796,103796,92,,False,4,,,149.76
fa-4,fa-1,2023,1,2,2,,False,,16,bianca-bustamante,prema-racing,8,1:44.663,104663,959,,False,3,,,148.52
fa-4,fa-1,2023,1,3,3,,False,,1,nerea-marti,campos-racing,7,1:44.845,104845,1141,,False,7,,,148.26
fa-4,fa-1,2023,1,4,4,,False,,7,lena-buhler,art-grand-prix,7,1:45.145,105145,1441,,False,2,,,147.84
fa-4,fa-1,2023,1,5,5,,False,,6,amna-al-qubaisi,mp-motorsport,7,1:45.322,105322,1618,,False,3,,,147.59
fa-4,fa-1,2023,1,6,6,,False,,5,emely-de-heus,mp-motorsport,7,1:45.405,105405,1701,,False,6,,,147.48
fa-4,fa-1,2023,1,7,7,,False,,4,hamda-al-qubaisi,mp-motorsport,7,1:45.520,105520,1816,,False,7,,,147.32
fa-4,fa-1,2023,1,8,8,,False,,8,carrie-schreiner,art-grand-prix,7,1:45.741,105741,2037,,False,3,,,147.01
fa-4,fa-1,2023,1,9,9,,False,,9,chloe-grant,art-grand-prix,7,1:46.215,106215,2511,,False,3,,,146.35
fa-4,fa-1,2023,1,10,10,,False,,2,lola-lovinfosse,campos-racing,7,1:47.121,107121,3417,,False,7,,,145.11
fa-4,fa-1,2023,1,11,11,,False,,3,maite-caceres,campos-racing,6,1:49.744,109744,6040,,False,3,,,141.65
fa-4,fa-1,2023,1,12,,,False,DSQ,11,jessica-edgar,rodin-carlin,8,1:44.317,104317,613,,False,4,,,149.02
fa-4,fa-1,2023,1,13,,,False,DSQ,12,megan-gilkes,rodin-carlin,3,1:44.979,104979,1275,,False,3,,,148.08
fa-5,fa-1,2023,1,1,1,28,True,,15,marta-garcia,prema-racing,18,30:25.732,1825732,,,True,10,1:31.767,91767,153.25
fa-5,fa-1,2023,1,2,2,18,False,,16,bianca-bustamante,prema-racing,18,30:33.815,1833815,8083,,False,13,1:32.006,92006,152.58
fa-5,fa-1,2023,1,3,3,15,False,,11,jessica-edgar,rodin-carlin,18,30:33.904,1833904,8172,,False,11,1:32.115,92115,152.57
fa-5,fa-1,2023,1,4,4,12,False,,10,abbi-pulling,rodin-carlin,18,30:34.104,1834104,8372,,False,11,1:32.257,92257,152.55
fa-5,fa-1,2023,1,5,5,10,False,,12,megan-gilkes,rodin-carlin,18,30:40.524,1840524,14790,,False,11,1:32.091,92091,152.02
fa-5,fa-1,2023,1,6,6,8,False,,14,chloe-chong,prema-racing,18,30:41.650,1841650,15910,,False,10,1:32.690,92690,151.93
fa-5,fa-1,2023,1,7,7,6,False,,4,hamda-al-qubaisi,mp-motorsport,18,30:44.647,1844647,18910,,False,11,1:32.091,92091,151.68
fa-5,fa-1,2023,1,8,8,4,False,,6,amna-al-qubaisi,mp-motorsport,18,30:40.287,1840287,14550,,False,13,1:32.102,92102,152.04
fa-5,fa-1,2023,1,9,9,2,False,,2,lola-lovinfosse,campos-racing,18,30:47.224,1847224,21490,,False,13,1:32.842,92842,151.47
fa-5,fa-1,2023,1,10,10,1,False,,9,chloe-grant,art-grand-prix,18,31:24.112,1884112,58380,,False,10,1:32.671,92671,148.50
fa-5,fa-1,2023,1,11,11,0,False,,3,maite-caceres,campos-racing,18,31:39.635,1899635,63000,,False,13,1:34.486,94486,148.07
fa-5,fa-1,2023,1,12,,0,False,DSQ,1,nerea-marti,campos-racing,18,30:30.239,1830239,4507,,False,13,1:32.045,92045,152.87
fa-6,fa-1,2023,1,1,1,11,False,,6,amna-al-qubaisi,mp-motorsport,12,18:37.685,1117685,,,True,6,1:32.123,92123,166.89
fa-6,fa-1,2023,1,2,2,8,False,,7,lena-buhler,art-grand-prix,12,18:39.213,1119213,1528,,False,10,1:32.574,92574,166.66
fa-6,fa-1,2023,1,3,3,6,False,,2,lola-lovinfosse,campos-racing,12,18:41.125,1121125,3440,,False,6,1:32.776,92776,166.38
fa-6,fa-1,2023,1,4,4,5,False,,1,nerea-marti,campos-racing,12,18:42.878,1122878,5193,,False,8,1:32.740,92740,166.12
fa-6,fa-1,2023,1,5,5,4,False,,4,hamda-al-qubaisi,mp-motorsport,12,18:43.181,1123181,5496,,False,10,1:32.311,92311,166.07
fa-6,fa-1,2023,1,6,6,3,False,,5,emely-de-heus,mp-motorsport,12,18:48.023,1128023,10330,,False,6,1:32.846,92846,165.36
fa-6,fa-1,2023,1,7,7,2,False,,15,marta-garcia,prema-racing,12,18:48.892,1128892,11290,,False,10,1:32.724,92724,165.22
fa-6,fa-1,2023,1,8,8,1,False,,10,abbi-pulling,rodin-carlin,12,18:49.183,1129183,11490,,False,10,1:32.829,92829,165.19
fa-6,fa-1,2023,1,9,9,0,False,,16,bianca-bustamante,prema-racing,12,18:49.633,1129633,11940,,False,10,1:32.836,92836,165.13
fa-6,fa-1,2023,1,10,10,0,False,,8,carrie-schreiner,art-grand-prix,12,18:51.200,1131200,13510,,False,6,1:33.286,93286,164.90
fa-6,fa-1,2023,1,11,11,0,False,,11,jessica-edgar,rodin-carlin,12,18:53.053,1133053,15360,,False,9,1:32.858,92858,164.63
fa-6,fa-1,2023,1,12,12,0,False,,12,megan-gilkes,rodin-carlin,12,18:54.175,1134175,16490,,False,8,1:32.798,92798,164.46
fa-6,fa-1,2023,1,13,13,0,False,,3,maite-caceres,campos-racing,12,19:05.512,1145512,17820,,False,10,1:33.826,93826,162.84
fa-6,fa-1,2023,1,14,14,0,False,,14,chloe-chong,prema-racing,12,19:08.141,1148141,30450,,False,5,1:33.641,93641,162.46
fa-6,fa-1,2023,1,15,15,0,False,,9,chloe-grant,art-grand-prix,4,12:00.362,720362,,4,False,1,1:41.552,101552,86.31
fa-7,fa-1,2023,1,1,1,27,True,,15,marta-garcia,prema-racing,16,24:50.619,1490619,,,False,4,1:32.314,92314,166.85
fa-7,fa-1,2023,1,2,2,18,False,,4,hamda-al-qubaisi,mp-motorsport,16,24:50.965,1490965,346,,False,10,1:32.276,92276,166.81
fa-7,fa-1,2023,1,3,3,15,False,,6,amna-al-qubaisi,mp-motorsport,16,24:51.774,1491774,1155,,False,14,1:32.455,92455,166.72
fa-7,fa-1,2023,1,4,4,13,False,,10,abbi-pulling,rodin-carlin,16,24:54.424,1494424,3805,,True,7,1:31.973,91973,166.42
fa-7,fa-1,2023,1,5,5,10,False,,1,nerea-marti,campos-racing,16,24:57.301,1497301,6682,,False,4,1:32.552,92552,166.11
fa-7,fa-1,2023,1,6,6,8,False,,7,lena-buhler,art-grand-prix,16,25.04:423,,13800,,False,10,1:32.912,92912,165.32
fa-7,fa-1,2023,1,7,7,6,False,,8,carrie-schreiner,art-grand-prix,16,25:05.804,1505804,15180,,False,7,1:33.247,93247,165.17
fa-7,fa-1,2023,1,8,8,4,False,,11,jessica-edgar,rodin-carlin,16,25:06.211,1506211,15590,,False,7,1:33.022,93022,165.12
fa-7,fa-1,2023,1,9,9,2,False,,9,chloe-grant,art-grand-prix,16,25:08.986,1508986,18360,,False,5,1:33.125,93125,164.82
fa-7,fa-1,2023,1,10,10,1,False,,12,megan-gilkes,rodin-carlin,16,25:09.206,1509206,18580,,False,13,1:33.221,93221,164.79
fa-7,fa-1,2023,1,11,11,0,False,,14,chloe-chong,prema-racing,16,25:09.738,1509738,19110,,False,5,1:33.163,93163,164.74
fa-7,fa-1,2023,1,12,12,0,False,,5,emely-de-heus,mp-motorsport,16,25:10.288,1510288,19660,,False,3,1:33.162,93162,164.68
fa-7,fa-1,2023,1,13,13,0,False,,2,lola-lovinfosse,campos-racing,16,25:15.840,1515840,25220,,False,5,1:33.385,93385,164.07
fa-7,fa-1,2023,1,14,14,0,False,,3,maite-caceres,campos-racing,16,25:18.413,1518413,27790,,False,15,1:33.692,93692,163.80
fa-8,fa-2,2023,2,1,1,,False,,1,nerea-marti,campos-racing,18,1:34.416,94416,,,False,14,,,152.7
fa-8,fa-2,2023,2,2,2,,False,,10,abbi-pulling,rodin-carlin,13,1:34.684,94684,268,,False,6,,,152.3
fa-8,fa-2,2023,2,3,3,,False,,7,lena-buhler,art-grand-prix,16,1:34.833,94833,417,,False,11,,,152.0
fa-8,fa-2,2023,2,4,4,,False,,4,hamda-al-qubaisi,mp-motorsport,12,1:34.895,94895,479,,False,10,,,151.9
fa-8,fa-2,2023,2,5,5,,False,,16,bianca-bustamante,prema-racing,8,1:34.917,94917,501,,False,7,,,151.9
fa-8,fa-2,2023,2,6,6,,False,,8,carrie-schreiner,art-grand-prix,17,1:35.019,95019,603,,False,14,,,151.7
fa-8,fa-2,2023,2,7,7,,False,,9,chloe-grant,art-grand-prix,16,1:35.187,95187,771,,False,11,,,151.5
fa-8,fa-2,2023,2,8,8,,False,,3,maite-caceres,campos-racing,14,1:35.279,95279,863,,False,6,,,151.3
fa-8,fa-2,2023,2,9,9,,False,,6,amna-al-qubaisi,mp-motorsport,17,1:35.302,95302,886,,False,12,,,151.3
fa-8,fa-2,2023,2,10,10,,False,,2,lola-lovinfosse,campos-racing,14,1:35.470,95470,1054,,False,12,,,151.0
fa-8,fa-2,2023,2,11,11,,False,,5,emely-de-heus,mp-motorsport,14,1:35.556,95556,1140,,False,10,,,150.9
fa-8,fa-2,2023,2,12,12,,False,,12,megan-gilkes,rodin-carlin,16,1:35.810,95810,1394,,False,13,,,150.5
fa-8,fa-2,2023,2,13,13,,False,,14,chloe-chong,prema-racing,8,1:35.867,95867,1451,,False,7,,,150.4
fa-8,fa-2,2023,2,14,14,,False,,11,jessica-edgar,rodin-carlin,18,1:36.156,96156,1740,,False,13,,,149.9
fa-8,fa-2,2023,2,15,15,,False,,15,marta-garcia,prema-racing,3,1:40.340,100340,5924,,False,2,,,143.7
fa-9,fa-2,2023,2,1,1,,False,,15,marta-garcia,prema-racing,13,1:34.549,94549,,,False,12,,,152.5
fa-9,fa-2,2023,2,2,2,,False,,16,bianca-bustamante,prema-racing,13,1:35.314,95314,765,,False,6,,,151.3
fa-9,fa-2,2023,2,3,3,,False,,4,hamda-al-qubaisi,mp-motorsport,11,1:35.333,95333,784,,False,6,,,151.2
fa-9,fa-2,2023,2,4,4,,False,,10,abbi-pulling,rodin-carlin,16,1:35.601,95601,1052,,False,13,,,150.8
fa-9,fa-2,2023,2,5,5,,False,,6,amna-al-qubaisi,mp-motorsport,11,1:35.717,95717,1168,,False,6,,,150.6
fa-9,fa-2,2023,2,6,6,,False,,7,lena-buhler,art-grand-prix,14,1:35.807,95807,1258,,False,8,,,150.5
fa-9,fa-2,2023,2,7,7,,False,,8,carrie-schreiner,art-grand-prix,11,1:35.887,95887,1338,,False,5,,,150.4
fa-9,fa-2,2023,2,8,8,,False,,1,nerea-marti,campos-racing,12,1:36.044,96044,1495,,False,10,,,150.1
fa-9,fa-2,2023,2,9,9,,False,,5,emely-de-heus,mp-motorsport,12,1:36.134,96134,1585,,False,8,,,150.0
fa-9,fa-2,2023,2,10,10,,False,,9,chloe-grant,art-grand-prix,17,1:36.237,96237,1688,,False,4,,,149.8
fa-9,fa-2,2023,2,11,11,,False,,14,chloe-chong,prema-racing,11,1:36.416,96416,1867,,False,8,,,149.5
fa-9,fa-2,2023,2,12,12,,False,,12,megan-gilkes,rodin-carlin,12,1:37.444,97444,2895,,False,9,,,148.0
fa-9,fa-2,2023,2,13,13,,False,,11,jessica-edgar,rodin-carlin,17,1:37.922,97922,3373,,False,9,,,147.2
fa-9,fa-2,2023,2,14,14,,False,,3,maite-caceres,campos-racing,15,1:43.702,103702,9153,,False,3,,,139.0
fa-9,fa-2,2023,2,15,15,,False,,2,lola-lovinfosse,campos-racing,8,1:51.253,111253,16700,,False,4,,,129.6
fa-10,fa-2,2023,2,1,1,,False,,1,nerea-marti,campos-racing,9,1:35.220,95220,,,False,9,,,151.4
fa-10,fa-2,2023,2,2,2,,False,,4,hamda-al-qubaisi,mp-motorsport,9,1:35.336,95336,116,,False,8,,,151.2
fa-10,fa-2,2023,2,3,3,,False,,9,chloe-grant,art-grand-prix,8,1:35.435,95435,215,,False,8,,,151.1
fa-10,fa-2,2023,2,4,4,,False,,6,amna-al-qubaisi,mp-motorsport,9,1:35.819,95819,599,,False,5,,,150.5
fa-10,fa-2,2023,2,5,5,,False,,11,jessica-edgar,rodin-carlin,9,1:35.942,95942,722,,False,5,,,150.3
fa-10,fa-2,2023,2,6,6,,False,,7,lena-buhler,art-grand-prix,7,1:36.168,96168,948,,False,4,,,149.9
fa-10,fa-2,2023,2,7,7,,False,,14,chloe-chong,prema-racing,10,1:36.183,96183,963,,False,4,,,149.9
fa-10,fa-2,2023,2,8,8,,False,,16,bianca-bustamante,prema-racing,8,1:36.636,96636,1416,,False,4,,,149.2
fa-10,fa-2,2023,2,9,9,,False,,3,maite-caceres,campos-racing,8,1:36.754,96754,1534,,False,6,,,149.0
fa-10,fa-2,2023,2,10,10,,False,,12,megan-gilkes,rodin-carlin,9,1:36.880,96880,1660,,False,3,,,148.8
fa-10,fa-2,2023,2,11,11,,False,,5,emely-de-heus,mp-motorsport,8,1:40.418,100418,5198,,False,2,,,143.6
fa-11,fa-2,2023,2,1,1,,False,,15,marta-garcia,prema-racing,8,1:34.683,94683,,,False,4,,,152.3
fa-11,fa-2,2023,2,2,2,,False,,10,abbi-pulling,rodin-carlin,8,1:34.912,94912,229,,False,4,,,151.9
fa-11,fa-2,2023,2,3,3,,False,,1,nerea-marti,campos-racing,7,1:35.020,95020,337,,False,4,,,151.7
fa-11,fa-2,2023,2,4,4,,False,,11,jessica-edgar,rodin-carlin,9,1:35.080,95080,397,,False,4,,,151.6
fa-11,fa-2,2023,2,5,5,,False,,7,lena-buhler,art-grand-prix,8,1:34.234,94234,551,,False,7,,,151.4
fa-11,fa-2,2023,2,6,6,,False,,9,chloe-grant,art-grand-prix,9,1:35.441,95441,758,,False,4,,,151.1
fa-11,fa-2,2023,2,7,7,,False,,6,amna-al-qubaisi,mp-motorsport,9,1:35.456,95456,773,,False,5,,,151.0
fa-11,fa-2,2023,2,8,8,,False,,3,maite-caceres,campos-racing,9,1:35.579,95579,896,,False,6,,,150.8
fa-11,fa-2,2023,2,9,9,,False,,2,lola-lovinfosse,campos-racing,6,1:35.660,95660,977,,False,3,,,150.7
fa-11,fa-2,2023,2,10,10,,False,,14,chloe-chong,prema-racing,8,1:35.979,95979,1296,,False,4,,,150.2
fa-11,fa-2,2023,2,11,11,,False,,12,megan-gilkes,rodin-carlin,9,1:36.288,96288,1605,,False,3,,,149.7
fa-12,fa-2,2023,2,1,1,26,False,,4,hamda-al-qubaisi,mp-motorsport,17,27:02.443,1622443,,,True,6,1:34.809,94809,151.1
fa-12,fa-2,2023,2,2,2,20,True,,1,nerea-marti,campos-racing,17,27:09.606,1629606,7163,,False,3,1:34.926,94926,150.4
fa-12,fa-2,2023,2,3,3,15,False,,7,lena-buhler,art-grand-prix,17,27:11.977,1631977,9534,,False,4,1:35.130,95130,150.2
fa-12,fa-2,2023,2,4,4,12,False,,9,chloe-grant,art-grand-prix,17,27:15.642,1635642,13190,,False,4,1:35.386,95386,149.9
fa-12,fa-2,2023,2,5,5,10,False,,16,bianca-bustamante,prema-racing,17,27:18.972,1638972,16520,,False,5,1:35.424,95424,149.5
fa-12,fa-2,2023,2,6,6,8,False,,15,marta-garcia,prema-racing,17,27:19.351,1639351,16900,,False,5,1:35.169,95169,149.5
fa-12,fa-2,2023,2,7,7,6,False,,6,amna-al-qubaisi,mp-motorsport,17,27:21.193,1641193,18750,,False,9,1:35.382,95382,149.3
fa-12,fa-2,2023,2,8,8,4,False,,12,megan-gilkes,rodin-carlin,17,27:29.129,1649129,26680,,False,8,1:36.137,96137,148.6
fa-12,fa-2,2023,2,9,9,2,False,,11,jessica-edgar,rodin-carlin,17,27:30.479,1650479,28030,,False,7,1:36.120,96120,148.5
fa-12,fa-2,2023,2,10,10,1,False,,2,lola-lovinfosse,campos-racing,17,27:31.137,1651137,28690,,False,6,1:36.027,96027,148.4
fa-12,fa-2,2023,2,11,11,0,False,,10,abbi-pulling,rodin-carlin,17,27:32.740,1652740,30290,,False,6,1:36.104,96104,148.3
fa-12,fa-2,2023,2,12,12,0,False,,8,carrie-schreiner,art-grand-prix,17,27:33.670,1653670,31220,,False,8,1:35.902,95902,148.2
fa-12,fa-2,2023,2,13,13,0,False,,3,maite-caceres,campos-racing,17,27:43.830,1663830,44480,,False,5,1:36.318,96318,147.0
fa-12,fa-2,2023,2,14,14,0,False,,5,emely-de-heus,mp-motorsport,17,27:46.925,1666925,41380,,False,3,1:36.113,96113,147.3
fa-50,fa-2,2023,2,1,1,10,False,,16,bianca-bustamante,prema-racing,11,18:49.969,1129969,,,False,5,1:35.718,95718,151.1
fa-50,fa-2,2023,2,2,2,8,False,,7,lena-buhler,art-grand-prix,11,18:50.710,1130710,741,,False,8,1:35.726,95726,151.2
fa-50,fa-2,2023,2,3,3,7,False,,4,hamda-al-qubaisi,mp-motorsport,11,18:51.122,1131122,1153,,True,8,1:35.709,95709,152.3
fa-50,fa-2,2023,2,4,4,5,False,,6,amna-al-qubaisi,mp-motorsport,11,18:55.113,1135113,5144,,False,4,1:35.725,95725,150.6
fa-50,fa-2,2023,2,5,5,4,False,,15,marta-garcia,prema-racing,11,18:55.342,1135342,5373,,False,6,1:35.845,95845,151.1
fa-50,fa-2,2023,2,6,6,3,False,,14,chloe-chong,prema-racing,11,18:57.488,1137488,7519,,False,9,1:35.927,95927,150.3
fa-50,fa-2,2023,2,7,7,2,False,,9,chloe-grant,art-grand-prix,11,18:58.922,1138922,8953,,False,8,1:35.844,95844,150.4
fa-50,fa-2,2023,2,8,8,1,False,,2,lola-lovinfosse,campos-racing,11,19:00.271,1140271,10300,,False,8,1:35.900,95900,150.3
fa-50,fa-2,2023,2,9,9,0,False,,11,jessica-edgar,rodin-carlin,11,19:01.719,1141719,11750,,False,10,1:36.190,96190,149.9
fa-50,fa-2,2023,2,10,10,0,False,,3,maite-caceres,campos-racing,11,19:05.340,1145340,15370,,False,8,1:35.844,95844,150.4
fa-50,fa-2,2023,2,11,11,0,False,,8,carrie-schreiner,art-grand-prix,11,19:37.895,1177895,47920,,False,5,1:35.865,95865,150.4
fa-50,fa-2,2023,2,12,12,0,False,,10,abbi-pulling,rodin-carlin,11,19:42.798,1182798,52820,,False,6,1:36.414,96414,149.5
fa-50,fa-2,2023,2,13,13,0,False,,12,megan-gilkes,rodin-carlin,11,19:45.428,1185428,55450,,False,10,1:36.200,96200,149.9
fa-14,fa-2,2023,2,1,1,28,True,,15,marta-garcia,prema-racing,17,28:05.291,1685291,,,True,3,1:34.834,94834,
fa-14,fa-2,2023,2,2,2,18,False,,1,nerea-marti,campos-racing,17,28:06.312,1686312,1021,,False,10,1:34.851,94851,
fa-14,fa-2,2023,2,3,3,15,False,,10,abbi-pulling,rodin-carlin,17,28:09.442,1689442,4151,,False,5,1:35.328,95328,
fa-14,fa-2,2023,2,4,4,12,False,,7,lena-buhler,art-grand-prix,17,28:09.839,1689839,4548,,False,5,1:35.251,95251,
fa-14,fa-2,2023,2,5,5,10,False,,4,hamda-al-qubaisi,mp-motorsport,17,28:14.716,1694716,9425,,False,10,1:34.918,94918,
fa-14,fa-2,2023,2,6,6,8,False,,6,amna-al-qubaisi,mp-motorsport,17,28:15.257,1695257,9966,,False,11,1:35.871,95871,
fa-14,fa-2,2023,2,7,7,6,False,,16,bianca-bustamante,prema-racing,17,28:15.740,1695740,10440,,False,16,1:35.907,95907,
fa-14,fa-2,2023,2,8,8,4,False,,8,carrie-schreiner,art-grand-prix,17,28:16.801,1696801,11510,,False,9,1:36.484,96484,
fa-14,fa-2,2023,2,9,9,2,False,,11,jessica-edgar,rodin-carlin,17,28:20.439,1700439,15140,,False,15,1:35.887,95887,
fa-14,fa-2,2023,2,10,10,1,False,,5,emely-de-heus,mp-motorsport,17,28:21.128,1701128,15830,,False,3,1:36.020,96020,
fa-14,fa-2,2023,2,11,11,0,False,,9,chloe-grant,art-grand-prix,17,28:29.243,1709243,24050,,False,8,1:35.728,95728,
fa-14,fa-2,2023,2,12,12,0,False,,3,maite-caceres,campos-racing,17,28:32.404,1712404,17110,,False,2,1:36.289,96289,
fa-14,fa-2,2023,2,13,13,0,False,,12,megan-gilkes,rodin-carlin,16,26:44.587,1604587,,1,False,8,1:36.722,96722,
fa-14,fa-2,2023,2,14,14,0,False,,14,chloe-chong,prema-racing,16,26:44.756,1604756,,1,False,,1:36.717,96717,
fa-15,fa-3,2023,3,1,1,,False,,4,hamda-al-qubaisi,mp-motorsport,12,1:42.495,102495,,,False,6,,,163.6
fa-15,fa-3,2023,3,2,2,,False,,1,nerea-marti,campos-racing,14,1:42.627,102627,132,,False,10,,,163.4
fa-15,fa-3,2023,3,3,3,,False,,16,bianca-bustamante,prema-racing,11,1:42.806,102806,311,,False,10,,,163.1
fa-15,fa-3,2023,3,4,4,,False,,15,marta-garcia,prema-racing,11,1:42.828,102828,333,,False,8,,,163.0
fa-15,fa-3,2023,3,5,5,,False,,7,lena-buhler,art-grand-prix,14,1:42.838,102838,343,,False,12,,,163.0
fa-15,fa-3,2023,3,6,6,,False,,5,emely-de-heus,mp-motorsport,8,1:42.971,102971,476,,False,5,,,162.8
fa-15,fa-3,2023,3,7,7,,False,,2,lola-lovinfosse,campos-racing,16,1:43.118,103118,623,,False,9,,,162.6
fa-15,fa-3,2023,3,8,8,,False,,10,abbi-pulling,rodin-carlin,14,1:43.344,103344,849,,False,6,,,162.6
fa-15,fa-3,2023,3,9,9,,False,,14,chloe-chong,prema-racing,12,1:43.667,103667,1172,,False,9,,,161.7
fa-15,fa-3,2023,3,10,10,,False,,8,carrie-schreiner,art-grand-prix,14,1:43.833,103833,1338,,False,7,,,161.5
fa-15,fa-3,2023,3,11,11,,False,,6,amna-al-qubaisi,mp-motorsport,11,1:43.855,103855,1360,,False,7,,,161.4
fa-15,fa-3,2023,3,12,12,,False,,9,chloe-grant,art-grand-prix,15,1:44.073,104073,1578,,False,14,,,161.1
fa-15,fa-3,2023,3,13,13,,False,,11,jessica-edgar,rodin-carlin,14,1:44.605,104605,2110,,False,8,,,160.3
fa-15,fa-3,2023,3,14,14,,False,,3,maite-caceres,campos-racing,15,1:44.846,104846,2351,,False,15,,,159.9
fa-15,fa-3,2023,3,15,15,,False,,12,megan-gilkes,rodin-carlin,15,1:45.123,105123,2628,,False,8,,,159.5
fa-16,fa-3,2023,3,1,1,,False,,4,hamda-al-qubaisi,mp-motorsport,10,1:42.775,102775,,,False,5,,,163.1
fa-16,fa-3,2023,3,2,2,,False,,16,bianca-bustamante,prema-racing,12,1:42.976,102976,201,,False,5,,,162.8
fa-16,fa-3,2023,3,3,3,,False,,1,nerea-marti,campos-racing,12,1:43.191,103191,416,,False,6,,,162.5
fa-16,fa-3,2023,3,4,4,,False,,7,lena-buhler,art-grand-prix,9,1:43.380,103380,605,,False,5,,,162.2
fa-16,fa-3,2023,3,5,5,,False,,2,lola-lovinfosse,campos-racing,12,1:43.495,103495,720,,False,7,,,162.0
fa-16,fa-3,2023,3,6,6,,False,,6,amna-al-qubaisi,mp-motorsport,12,1:43.514,103514,739,,False,8,,,162.0
fa-16,fa-3,2023,3,7,7,,False,,8,carrie-schreiner,art-grand-prix,12,1:43.695,103695,920,,False,4,,,161.7
fa-16,fa-3,2023,3,8,8,,False,,15,marta-garcia,prema-racing,12,1:43.803,103803,1028,,False,7,,,161.5
fa-16,fa-3,2023,3,9,9,,False,,5,emely-de-heus,mp-motorsport,12,1:43.926,103926,1151,,False,5,,,161.3
fa-16,fa-3,2023,3,10,10,,False,,14,chloe-chong,prema-racing,12,1:44.203,104203,1428,,False,7,,,160.9
fa-16,fa-3,2023,3,11,11,,False,,12,megan-gilkes,rodin-carlin,11,1:44.739,104739,1964,,False,7,,,160.1
fa-16,fa-3,2023,3,12,12,,False,,10,abbi-pulling,rodin-carlin,16,1:45.344,105344,2569,,False,8,,,159.1
fa-16,fa-3,2023,3,13,13,,False,,11,jessica-edgar,rodin-carlin,14,1:45.504,105504,2729,,False,,,,158.9
fa-16,fa-3,2023,3,14,14,,False,,3,maite-caceres,campos-racing,13,1:46.782,106782,4007,,False,,,,157.0
fa-16,fa-3,2023,3,15,15,,False,,9,chloe-grant,art-grand-prix,10,,,,,False,,,,
fa-17,fa-3,2023,3,1,1,,False,,5,emely-de-heus,mp-motorsport,7,1:41.344,101344,,,False,5,,,165.4
fa-17,fa-3,2023,3,2,2,,False,,7,lena-buhler,art-grand-prix,6,1:41.379,101379,35,,False,4,,,165.4
fa-17,fa-3,2023,3,3,3,,False,,10,abbi-pulling,rodin-carlin,7,1:41.449,101449,105,,False,5,,,165.3
fa-17,fa-3,2023,3,4,4,,False,,4,hamda-al-qubaisi,mp-motorsport,7,1:41.486,101486,142,,False,5,,,165.2
fa-17,fa-3,2023,3,5,5,,False,,15,marta-garcia,prema-racing,7,1:41.562,101562,218,,False,5,,,165.1
fa-17,fa-3,2023,3,6,6,,False,,16,bianca-bustamante,prema-racing,7,1:41.605,101605,261,,False,6,,,165.0
fa-17,fa-3,2023,3,7,7,,False,,6,amna-al-qubaisi,mp-motorsport,7,1:41.657,101657,313,,False,5,,,164.9
fa-17,fa-3,2023,3,8,8,,False,,1,nerea-marti,campos-racing,7,1:41.718,101718,374,,False,6,,,164.8
fa-17,fa-3,2023,3,9,9,,False,,8,carrie-schreiner,art-grand-prix,7,1:42.199,102199,855,,False,4,,,164.0
fa-17,fa-3,2023,3,10,10,,False,,9,chloe-grant,art-grand-prix,7,1:42.333,102333,989,,False,5,,,163.8
fa-17,fa-3,2023,3,11,11,,False,,12,megan-gilkes,rodin-carlin,8,1:42.460,102460,1116,,False,6,,,163.6
fa-17,fa-3,2023,3,12,12,,False,,14,chloe-chong,prema-racing,7,1:42.473,102473,1129,,False,5,,,163.6
fa-17,fa-3,2023,3,13,13,,False,,11,jessica-edgar,rodin-carlin,7,1:42.684,102684,1340,,False,5,,,163.3
fa-17,fa-3,2023,3,14,14,,False,,3,maite-caceres,campos-racing,7,1:42.936,102936,1592,,False,6,,,162.9
fa-18,fa-3,2023,3,1,1,,False,,7,lena-buhler,art-grand-prix,6,1:40.870,100870,,,False,4,,,166.2
fa-18,fa-3,2023,3,2,2,,False,,4,hamda-al-qubaisi,mp-motorsport,7,1:40.963,100963,93,,False,4,,,166.1
fa-18,fa-3,2023,3,3,3,,False,,15,marta-garcia,prema-racing,7,1:41.027,101027,157,,False,4,,,165.9
fa-18,fa-3,2023,3,4,4,,False,,10,abbi-pulling,rodin-carlin,7,1:41.041,101041,171,,False,4,,,165.9
fa-18,fa-3,2023,3,5,5,,False,,6,amna-al-qubaisi,mp-motorsport,7,1:41.195,101195,325,,False,4,,,165.7
fa-18,fa-3,2023,3,6,6,,False,,5,emely-de-heus,mp-motorsport,7,1:41.206,101206,336,,False,5,,,165.7
fa-18,fa-3,2023,3,7,7,,False,,12,megan-gilkes,rodin-carlin,7,1:41.422,101422,552,,False,5,,,165.3
fa-18,fa-3,2023,3,8,8,,False,,1,nerea-marti,campos-racing,7,1:41.480,101480,610,,False,4,,,165.2
fa-18,fa-3,2023,3,9,9,,False,,16,bianca-bustamante,prema-racing,7,1:41.503,101503,633,,False,7,,,165.2
fa-18,fa-3,2023,3,10,10,,False,,2,lola-lovinfosse,campos-racing,7,1:41.505,101505,635,,False,3,,,165.2
fa-18,fa-3,2023,3,11,11,,False,,8,carrie-schreiner,art-grand-prix,8,1:41.637,101637,767,,False,4,,,165.0
fa-18,fa-3,2023,3,12,12,,False,,9,chloe-grant,art-grand-prix,7,1:41.682,101682,812,,False,6,,,164.9
fa-18,fa-3,2023,3,13,13,,False,,14,chloe-chong,prema-racing,7,1:41.991,101991,1121,,False,5,,,164.4
fa-18,fa-3,2023,3,14,14,,False,,11,jessica-edgar,rodin-carlin,8,1:42.232,102232,1362,,False,6,,,164.0
fa-19,fa-3,2023,3,1,1,28,True,,5,emely-de-heus,mp-motorsport,16,27:38.443,1658443,,,True,2,1:42.410,102410,163.7
fa-19,fa-3,2023,3,2,2,18,False,,10,abbi-pulling,rodin-carlin,16,27:41.751,1661751,3308,,False,3,1:42.443,102443,163.7
fa-19,fa-3,2023,3,3,3,15,False,,15,marta-garcia,prema-racing,16,27:43.138,1663138,4695,,False,3,1:42.638,102638,163.3
fa-19,fa-3,2023,3,4,4,12,False,,16,bianca-bustamante,prema-racing,16,27:43.452,1663452,5009,,False,3,1:42.538,102538,163.5
fa-19,fa-3,2023,3,5,5,10,False,,6,amna-al-qubaisi,mp-motorsport,16,27:45.654,1665654,7211,,False,3,1:42.591,102591,163.4
fa-19,fa-3,2023,3,6,6,8,False,,1,nerea-marti,campos-racing,16,27:46.244,1666244,7801,,False,9,1:42.734,102734,163.2
fa-19,fa-3,2023,3,7,7,6,False,,9,chloe-grant,art-grand-prix,16,27:49.224,1669224,10780,,False,4,1:42.765,102765,163.1
fa-19,fa-3,2023,3,8,8,4,False,,2,lola-lovinfosse,campos-racing,16,27:51.480,1671480,13030,,False,4,1:42.821,102821,163.1
fa-19,fa-3,2023,3,9,9,2,False,,8,carrie-schreiner,art-grand-prix,16,27:55.207,1675207,16760,,False,7,1:42.981,102981,162.8
fa-19,fa-3,2023,3,10,10,1,False,,11,jessica-edgar,rodin-carlin,16,27:57.016,1677016,18570,,False,3,1:43.035,103035,162.7
fa-19,fa-3,2023,3,11,11,0,False,,12,megan-gilkes,rodin-carlin,16,27:59.859,1679859,21410,,False,5,1:43.323,103323,162.3
fa-19,fa-3,2023,3,12,12,0,False,,14,chloe-chong,prema-racing,16,28:03.786,1683786,25340,,False,3,1:43.887,103887,161.4
fa-19,fa-3,2023,3,13,13,0,False,,3,maite-caceres,campos-racing,16,28:07.858,1687858,29410,,False,6,1:43.907,103907,161.3
fa-20,fa-3,2023,3,1,1,11,False,,6,amna-al-qubaisi,mp-motorsport,10,17:15.039,1035039,,,True,4,1:42.640,102640,163.3
fa-20,fa-3,2023,3,2,2,8,False,,15,marta-garcia,prema-racing,10,17:19.224,1039224,4185,,False,4,1:42.968,102968,162.8
fa-20,fa-3,2023,3,3,3,6,False,,10,abbi-pulling,rodin-carlin,10,17:21.782,1041782,6743,,False,4,1:43.240,103240,162.4
fa-20,fa-3,2023,3,4,4,5,False,,7,lena-buhler,art-grand-prix,10,17:22.211,1042211,7172,,False,3,1:43.082,103082,162.6
fa-20,fa-3,2023,3,5,5,4,False,,4,hamda-al-qubaisi,mp-motorsport,10,17:23.028,1043028,7989,,False,3,1:43.096,103096,162.6
fa-20,fa-3,2023,3,6,6,3,False,,1,nerea-marti,campos-racing,10,17:23.384,1043384,8345,,False,4,1:42.755,102755,163.2
fa-20,fa-3,2023,3,7,7,2,False,,9,chloe-grant,art-grand-prix,10,17:25.049,1045049,10010,,False,4,1:43.185,103185,162.5
fa-20,fa-3,2023,3,8,8,1,False,,5,emely-de-heus,mp-motorsport,10,17:25.632,1045632,10590,,False,5,1:43.155,103155,162.5
fa-20,fa-3,2023,3,9,9,0,False,,2,lola-lovinfosse,campos-racing,10,17:27.200,1047200,12160,,False,9,1:43.124,103124,162.6
fa-20,fa-3,2023,3,10,10,0,False,,8,carrie-schreiner,art-grand-prix,10,17:35.422,1055422,20380,,False,4,1:43.959,103959,161.3
fa-20,fa-3,2023,3,11,11,0,False,,12,megan-gilkes,rodin-carlin,10,17:35.770,1055770,20730,,False,4,1:43.841,103841,161.5
fa-20,fa-3,2023,3,12,12,0,False,,11,jessica-edgar,rodin-carlin,10,17:36.971,1056971,21930,,False,4,1:43.908,103908,161.6
fa-20,fa-3,2023,3,13,13,0,False,,3,maite-caceres,campos-racing,10,17:38.848,1058848,23800,,False,9,1:43.713,103713,161.6
fa-20,fa-3,2023,3,14,14,0,False,,16,bianca-bustamante,prema-racing,9,15:48.835,948835,,1,False,2,1:42.799,102799,163.1
fa-20,fa-3,2023,3,15,15,0,False,,14,chloe-chong,prema-racing,9,15:49.768,949768,,1,False,6,1:43.718,103718,161.6
fa-21,fa-3,2023,3,1,1,27,True,,7,lena-buhler,art-grand-prix,16,27:34.567,1654567,,,False,3,1:42.522,102522,163.5
fa-21,fa-3,2023,3,2,2,19,False,,4,hamda-al-qubaisi,mp-motorsport,16,27:37.674,1657674,3107,,True,4,1:42.508,102508,163.6
fa-21,fa-3,2023,3,3,3,15,False,,15,marta-garcia,prema-racing,16,27:39.828,1659828,5261,,False,2,1:42.603,102603,163.4
fa-21,fa-3,2023,3,4,4,12,False,,10,abbi-pulling,rodin-carlin,16,27:46.866,1666866,12290,,False,4,1:43.069,103069,162.7
fa-21,fa-3,2023,3,5,5,10,False,,2,lola-lovinfosse,campos-racing,16,27:50.894,1670894,16320,,False,4,1:43.008,103008,162.8
fa-21,fa-3,2023,3,6,6,8,False,,5,emely-de-heus,mp-motorsport,16,27:51.520,1671520,16950,,False,3,1:43.090,103090,162.6
fa-21,fa-3,2023,3,7,7,6,False,,1,nerea-marti,campos-racing,16,27:52.095,1672095,17520,,False,4,1:43.091,103091,162.6
fa-21,fa-3,2023,3,8,8,4,False,,12,megan-gilkes,rodin-carlin,16,27:54.139,1674139,19570,,False,3,1:43.127,103127,162.6
fa-21,fa-3,2023,3,9,9,2,False,,6,amna-al-qubaisi,mp-motorsport,16,27:55.464,1675464,20890,,False,3,1:43.098,103098,162.6
fa-21,fa-3,2023,3,10,10,1,False,,16,bianca-bustamante,prema-racing,16,27:58.372,1678372,23800,,False,4,1:43.468,103468,162.0
fa-21,fa-3,2023,3,11,11,0,False,,9,chloe-grant,art-grand-prix,16,27:58.865,1678865,24290,,False,4,1:43.406,103406,162.1
fa-21,fa-3,2023,3,12,12,0,False,,3,maite-caceres,campos-racing,16,27:59.251,1679251,24680,,False,11,1:43.653,103653,161.7
fa-21,fa-3,2023,3,13,13,0,False,,8,carrie-schreiner,art-grand-prix,16,28:03.865,1683865,29290,,False,4,1:43.450,103450,162.1
fa-21,fa-3,2023,3,14,14,0,False,,11,jessica-edgar,rodin-carlin,16,28:05.603,1685603,21030,,False,4,1:43.796,103796,161.5
fa-21,fa-3,2023,3,15,15,0,False,,14,chloe-chong,prema-racing,16,28:11.532,1691532,36960,,False,7,1:44.239,104239,160.8
fa-22,fa-4,2023,4,1,1,,False,,4,hamda-al-qubaisi,mp-motorsport,17,1:37.758,97758,,,False,14,156.8,156800,
fa-22,fa-4,2023,4,2,2,,False,,10,abbi-pulling,rodin-carlin,18,1:37.964,97964,206,,False,16,156.5,156500,
fa-22,fa-4,2023,4,3,3,,False,,7,lena-buhler,art-grand-prix,17,1:38.422,98422,664,,False,14,155.7,155700,
fa-22,fa-4,2023,4,4,4,,False,,5,emely-de-heus,mp-motorsport,13,1:38.489,98489,731,,False,12,155.6,155600,
fa-22,fa-4,2023,4,5,5,,False,,15,marta-garcia,prema-racing,17,1:38.656,98656,898,,False,15,155.4,155400,
fa-22,fa-4,2023,4,6,6,,False,,9,chloe-grant,art-grand-prix,17,1:38.964,98964,1206,,False,16,154.9,154900,
fa-22,fa-4,2023,4,7,7,,False,,1,nerea-marti,campos-racing,17,1:39.040,99040,1282,,False,17,154.8,154800,
fa-22,fa-4,2023,4,8,8,,False,,8,carrie-schreiner,art-grand-prix,16,1:39.093,99093,1335,,False,13,154.7,154700,
fa-22,fa-4,2023,4,9,9,,False,,16,bianca-bustamante,prema-racing,14,1:39.451,99451,1693,,False,13,154.1,154100,
fa-22,fa-4,2023,4,10,10,,False,,6,amna-al-qubaisi,mp-motorsport,17,1:39.643,99643,1885,,False,10,153.8,153800,
fa-22,fa-4,2023,4,11,11,,False,,11,jessica-edgar,rodin-carlin,17,1:39.776,99776,2018,,False,17,153.6,153600,
fa-22,fa-4,2023,4,12,12,,False,,2,lola-lovinfosse,campos-racing,16,1:39.816,99816,2058,,False,16,153.6,153600,
fa-22,fa-4,2023,4,13,13,,False,,14,chloe-chong,prema-racing,16,1:39.888,99888,2130,,False,16,153.4,153400,
fa-22,fa-4,2023,4,14,14,,False,,12,megan-gilkes,rodin-carlin,16,1:40.154,100154,2396,,False,16,153.0,153000,
fa-22,fa-4,2023,4,15,15,,False,,3,maite-caceres,campos-racing,17,1:41.674,101674,3916,,False,16,150.7,150700,
fa-23,fa-4,2023,4,1,1,,False,,7,lena-buhler,art-grand-prix,7,1:36.689,96689,,,False,7,,,158.5
fa-23,fa-4,2023,4,2,2,,False,,11,jessica-edgar,rodin-carlin,7,1:37.032,97032,343,,False,7,,,158.0
fa-23,fa-4,2023,4,3,3,,False,,1,nerea-marti,campos-racing,8,1:37.092,97092,403,,False,7,,,157.9
fa-23,fa-4,2023,4,4,4,,False,,9,chloe-grant,art-grand-prix,7,1:37.357,97357,668,,False,7,,,157.4
fa-23,fa-4,2023,4,5,5,,False,,16,bianca-bustamante,prema-racing,7,1:37.380,97380,691,,False,7,,,157.4
fa-23,fa-4,2023,4,6,6,,False,,10,abbi-pulling,rodin-carlin,8,1:37.439,97439,750,,False,8,,,157.3
fa-23,fa-4,2023,4,7,7,,False,,15,marta-garcia,prema-racing,7,1:37.532,97532,843,,False,7,,,157.2
fa-23,fa-4,2023,4,8,8,,False,,4,hamda-al-qubaisi,mp-motorsport,8,1:37.543,97543,854,,False,8,,,157.1
fa-23,fa-4,2023,4,9,9,,False,,8,carrie-schreiner,art-grand-prix,7,1:37.613,97613,924,,False,7,,,157.0
fa-23,fa-4,2023,4,10,10,,False,,2,lola-lovinfosse,campos-racing,7,1:37.840,97840,1151,,False,7,,,156.7
fa-23,fa-4,2023,4,11,11,,False,,5,emely-de-heus,mp-motorsport,7,1:38.212,98212,1523,,False,7,,,156.1
fa-23,fa-4,2023,4,12,12,,False,,6,amna-al-qubaisi,mp-motorsport,8,1:38.442,98442,1753,,False,8,,,155.7
fa-23,fa-4,2023,4,13,13,,False,,12,megan-gilkes,rodin-carlin,7,1:38.736,98736,2047,,False,7,,,155.2
fa-23,fa-4,2023,4,14,14,,False,,14,chloe-chong,prema-racing,7,1:38.782,98782,2093,,False,7,,,155.2
fa-23,fa-4,2023,4,15,15,,False,,3,maite-caceres,campos-racing,7,1:40.309,100309,3620,,False,7,,,152.8
fa-24,fa-4,2023,4,1,1,,False,,4,hamda-al-qubaisi,mp-motorsport,9,1:36.572,96572,,,False,7,,,158.7
fa-24,fa-4,2023,4,2,2,,False,,7,lena-buhler,art-grand-prix,8,1:36.670,96670,98,,False,8,,,158.6
fa-24,fa-4,2023,4,3,3,,False,,1,nerea-marti,campos-racing,8,1:36.829,96829,257,,False,8,,,158.3
fa-24,fa-4,2023,4,4,4,,False,,15,marta-garcia,prema-racing,8,1:36.893,96893,321,,False,8,,,158.2
fa-24,fa-4,2023,4,5,5,,False,,5,emely-de-heus,mp-motorsport,7,1:37.001,97001,429,,False,7,,,158.0
fa-24,fa-4,2023,4,6,6,,False,,11,jessica-edgar,rodin-carlin,7,1:37.284,97284,712,,False,7,,,157.6
fa-24,fa-4,2023,4,7,7,,False,,8,carrie-schreiner,art-grand-prix,8,1:37.383,97383,811,,False,8,,,157.4
fa-24,fa-4,2023,4,8,8,,False,,6,amna-al-qubaisi,mp-motorsport,8,1:37.545,97545,973,,False,8,,,157.1
fa-24,fa-4,2023,4,9,9,,False,,16,bianca-bustamante,prema-racing,8,1:37.643,97643,1071,,False,7,,,157.0
fa-24,fa-4,2023,4,10,10,,False,,12,megan-gilkes,rodin-carlin,7,1:37.705,97705,1133,,False,7,,,156.9
fa-24,fa-4,2023,4,11,11,,False,,2,lola-lovinfosse,campos-racing,8,1:37.863,97863,1291,,False,8,,,156.6
fa-24,fa-4,2023,4,12,12,,False,,10,abbi-pulling,rodin-carlin,7,1:38.043,98043,1471,,False,6,,,156.3
fa-24,fa-4,2023,4,13,13,,False,,14,chloe-chong,prema-racing,8,1:38.221,98221,1649,,False,7,,,156.1
fa-24,fa-4,2023,4,14,14,,False,,9,chloe-grant,art-grand-prix,4,1:38.599,98599,2027,,False,3,,,155.5
fa-24,fa-4,2023,4,15,15,,False,,3,maite-caceres,campos-racing,8,1:38.782,98782,2210,,False,7,,,155.2
fa-25,fa-4,2023,4,1,1,,False,,4,hamda-al-qubaisi,mp-motorsport,6,1:35.926,95926,,,False,5,,,159.8
fa-25,fa-4,2023,4,2,2,,False,,7,lena-buhler,art-grand-prix,6,1:35.962,95962,36,,False,4,,,159.7
fa-25,fa-4,2023,4,3,3,,False,,5,emely-de-heus,mp-motorsport,6,1:36.420,96420,494,,False,4,,,159.0
fa-25,fa-4,2023,4,4,4,,False,,15,marta-garcia,prema-racing,6,1:36.428,96428,502,,False,5,,,159.0
fa-25,fa-4,2023,4,5,5,,False,,11,jessica-edgar,rodin-carlin,6,1:36.699,96699,773,,False,4,,,158.5
fa-25,fa-4,2023,4,6,6,,False,,1,nerea-marti,campos-racing,6,1:36.851,96851,925,,False,5,,,158.3
fa-25,fa-4,2023,4,7,7,,False,,9,chloe-grant,art-grand-prix,6,1:37.155,97155,1229,,False,5,,,157.8
fa-25,fa-4,2023,4,8,8,,False,,16,bianca-bustamante,prema-racing,6,1:37.269,97269,1343,,False,4,,,157.6
fa-25,fa-4,2023,4,9,9,,False,,12,megan-gilkes,rodin-carlin,6,1:37.386,97386,1460,,False,4,,,157.4
fa-25,fa-4,2023,4,10,10,,False,,2,lola-lovinfosse,campos-racing,6,1:37.418,97418,1492,,False,5,,,157.3
fa-25,fa-4,2023,4,11,11,,False,,10,abbi-pulling,rodin-carlin,5,1:37.450,97450,1524,,False,3,,,157.3
fa-25,fa-4,2023,4,12,12,,False,,8,carrie-schreiner,art-grand-prix,5,1:37.619,97619,1693,,False,3,,,157.0
fa-25,fa-4,2023,4,13,13,,False,,14,chloe-chong,prema-racing,6,1:37.914,97914,1988,,False,4,,,156.5
fa-25,fa-4,2023,4,14,14,,False,,6,amna-al-qubaisi,mp-motorsport,6,1:38.219,98219,2293,,False,5,,,156.1
fa-25,fa-4,2023,4,15,15,,False,,3,maite-caceres,campos-racing,8,1:38.298,98298,2372,,False,5,,,155.9
fa-51,fa-4,2023,4,1,1,28,True,,4,hamda-al-qubaisi,mp-motorsport,17,28:41.892,1721892,,,True,10,1:36.942,96942,157.5
fa-51,fa-4,2023,4,2,2,18,False,,7,lena-buhler,art-grand-prix,17,28:46.856,1726856,4964,,False,9,1:37.161,97161,157.0
fa-51,fa-4,2023,4,3,3,15,False,,1,nerea-marti,campos-racing,17,28:53.538,1733538,11640,,False,7,1:37.409,97409,156.4
fa-51,fa-4,2023,4,4,4,12,False,,11,jessica-edgar,rodin-carlin,17,28:54.775,1734775,12880,,False,8,1:37.446,97446,156.3
fa-51,fa-4,2023,4,5,5,10,False,,5,emely-de-heus,mp-motorsport,17,29:03.341,1743341,21440,,False,6,1:37.625,97625,155.5
fa-51,fa-4,2023,4,6,6,8,False,,8,carrie-schreiner,art-grand-prix,17,29:04.527,1744527,22630,,False,7,1:38.019,98019,155.4
fa-51,fa-4,2023,4,7,7,6,False,,10,abbi-pulling,rodin-carlin,17,29:05.055,1745055,23160,,False,6,1:37.775,97775,155.5
fa-51,fa-4,2023,4,8,8,4,False,,6,amna-al-qubaisi,mp-motorsport,17,29:08.602,1748602,26710,,False,9,1:38.029,98029,155.0
fa-51,fa-4,2023,4,9,9,2,False,,2,lola-lovinfosse,campos-racing,17,29:09.192,1749192,27300,,False,7,1:37.737,97737,155.1
fa-51,fa-4,2023,4,10,10,1,False,,16,bianca-bustamante,prema-racing,17,29:09.408,1749408,27530,,False,7,1:37.768,97768,155.0
fa-51,fa-4,2023,4,11,11,0,False,,12,megan-gilkes,rodin-carlin,17,29:09.965,1749965,28070,,False,10,1;38.055,,155.0
fa-51,fa-4,2023,4,12,12,0,False,,9,chloe-grant,art-grand-prix,17,29:10.363,1750363,28470,,False,11,1:38.257,98257,155.1
fa-51,fa-4,2023,4,13,13,0,False,,14,chloe-chong,prema-racing,17,29:15.074,1755074,33180,,False,17,1:28.053,88053,154.6
fa-51,fa-4,2023,4,14,14,0,False,,3,maite-caceres,campos-racing,17,29:17.053,1757053,25160,,False,16,1:38.422,98422,154.5
fa-51,fa-4,2023,4,15,,0,False,NC,15,marta-garcia,prema-racing,10,17:35.517,1055517,,7,False,8,1:37.410,97410,155.0
fa-27,fa-4,2023,4,1,1,10,False,,8,carrie-schreiner,art-grand-prix,11,20:01.835,1201835,,,False,8,1:37.891,97891,139.5
fa-27,fa-4,2023,4,2,2,8,False,,15,marta-garcia,prema-racing,11,20:02.319,1202319,484,,False,8,1:37.757,97757,139.5
fa-27,fa-4,2023,4,3,3,6,False,,7,lena-buhler,art-grand-prix,11,20:02.585,1202585,750,,False,7,1:37.715,97715,139.7
fa-27,fa-4,2023,4,4,4,5,False,,11,jessica-edgar,rodin-carlin,11,20:03.029,1203029,1194,,False,9,1:37.851,97851,139.6
fa-27,fa-4,2023,4,5,5,4,False,,5,emely-de-heus,mp-motorsport,11,20:03.548,1203548,1713,,True,9,1:37.693,97693,139.5
fa-27,fa-4,2023,4,6,6,3,False,,1,nerea-marti,campos-racing,11,20:03.830,1203830,1995,,False,10,1:37.730,97730,139.6
fa-27,fa-4,2023,4,7,7,2,False,,12,megan-gilkes,rodin-carlin,11,20:04.357,1204357,2552,,False,10,1:37.801,97801,139.7
fa-27,fa-4,2023,4,8,8,1,False,,16,bianca-bustamante,prema-racing,11,20:05.032,1205032,3197,,False,8,1:37.996,97996,139.6
fa-27,fa-4,2023,4,9,9,0,False,,4,hamda-al-qubaisi,mp-motorsport,11,20:05.304,1205304,3469,,False,10,1:37.701,97701,139.6
fa-27,fa-4,2023,4,10,10,1,False,,10,abbi-pulling,rodin-carlin,11,20:06.208,1206208,4373,,False,9,1:37.691,97691,139.5
fa-27,fa-4,2023,4,11,11,0,False,,2,lola-lovinfosse,campos-racing,11,20:06.672,1206672,4837,,False,9,1:37.798,97798,139.6
fa-27,fa-4,2023,4,12,12,0,False,,9,chloe-grant,art-grand-prix,11,20:07.035,1207035,5200,,False,7,1:37.986,97986,139.5
fa-27,fa-4,2023,4,13,13,0,False,,3,maite-caceres,campos-racing,11,20:08.120,1208120,6285,,False,11,1:38.059,98059,139.5
fa-27,fa-4,2023,4,14,14,0,False,,14,chloe-chong,prema-racing,11,20:08.534,1208534,6699,,False,11,1:38.112,98112,139.5
fa-27,fa-4,2023,4,15,,0,False,NC,6,amna-al-qubaisi,mp-motorsport,1,1:42.564,102564,,10,False,,,,
fa-28,fa-4,2023,4,1,1,28,True,,4,hamda-al-qubaisi,mp-motorsport,17,30.01.599,,,,True,8,1:37.023,97023,144.3
fa-28,fa-4,2023,4,2,2,18,False,,5,emely-de-heus,mp-motorsport,17,30:03.571,1803571,1972,,False,7,1:37.547,97547,144.2
fa-28,fa-4,2023,4,3,3,15,False,,7,lena-buhler,art-grand-prix,17,30:04.016,1804016,2417,,False,8,1:37.168,97168,144.1
fa-28,fa-4,2023,4,4,4,12,False,,15,marta-garcia,prema-racing,17,30:05.717,1805717,4118,,False,7,1:37.617,97617,144.1
fa-28,fa-4,2023,4,5,5,10,False,,16,bianca-bustamante,prema-racing,17,30:06.392,1806392,4793,,False,17,1:37.412,97412,144.2
fa-28,fa-4,2023,4,6,6,8,False,,1,nerea-marti,campos-racing,17,30:07.333,1807333,5734,,False,17,1:37.375,97375,144.1
fa-28,fa-4,2023,4,7,7,6,False,,9,chloe-grant,art-grand-prix,17,30:10.779,1810779,9180,,False,7,1:37.786,97786,143.9
fa-28,fa-4,2023,4,8,8,4,False,,8,carrie-schreiner,art-grand-prix,17,30:14.399,1814399,12800,,False,6,1:38.427,98427,143.6
fa-28,fa-4,2023,4,9,9,2,False,,6,amna-al-qubaisi,mp-motorsport,17,30:14.888,1814888,13280,,False,7,1:38.531,98531,143.6
fa-28,fa-4,2023,4,10,10,1,False,,3,maite-caceres,campos-racing,17,30:15.325,1815325,13720,,False,6,1:38.323,98323,143.9
fa-28,fa-4,2023,4,11,11,0,False,,14,chloe-chong,prema-racing,17,30:15.514,1815514,13910,,False,16,1:38.600,98600,143.6
fa-28,fa-4,2023,4,12,12,0,False,,11,jessica-edgar,rodin-carlin,17,30:16.047,1816047,13380,,False,8,1:37.779,97779,143.3
fa-28,fa-4,2023,4,13,,0,False,NC,12,megan-gilkes,rodin-carlin,7,11:41.327,701327,,10,False,7,1:38.527,98527,155.0
fa-28,fa-4,2023,4,14,,0,False,NC,2,lola-lovinfosse,campos-racing,7,11.42.030,,,10,False,3,1:37.966,97966,155.5
fa-28,fa-4,2023,4,15,,0,False,NC,10,abbi-pulling,rodin-carlin,1,2:24.660,144660,,10,False,,,,
fa-29,fa-5,2023,5,1,1,,False,,7,lena-buhler,art-grand-prix,15,1:54.628,114628,,,False,11,,,181.9
fa-29,fa-5,2023,5,2,2,,False,,10,abbi-pulling,rodin-carlin,15,1:54.683,114683,55,,False,13,,,181.8
fa-29,fa-5,2023,5,3,3,,False,,15,marta-garcia,prema-racing,16,1:54.783,114783,155,,False,15,,,181.7
fa-29,fa-5,2023,5,4,4,,False,,4,hamda-al-qubaisi,mp-motorsport,15,1:54.839,114839,211,,False,14,,,181.6
fa-29,fa-5,2023,5,5,5,,False,,16,bianca-bustamante,prema-racing,15,1:55.246,115246,618,,False,15,,,181.0
fa-29,fa-5,2023,5,6,6,,False,,8,carrie-schreiner,art-grand-prix,13,1:55.383,115383,755,,False,13,,,180.7
fa-29,fa-5,2023,5,7,7,,False,,1,nerea-marti,campos-racing,14,1:55.484,115484,856,,False,12,,,180.6
fa-29,fa-5,2023,5,8,8,,False,,11,jessica-edgar,rodin-carlin,14,1:55.504,115504,876,,False,13,,,180.6
fa-29,fa-5,2023,5,9,9,,False,,12,megan-gilkes,rodin-carlin,14,1:55.957,115957,1329,,False,14,,,179.8
fa-29,fa-5,2023,5,10,10,,False,,6,amna-al-qubaisi,mp-motorsport,10,1:56.109,116109,1481,,False,10,,,179.6
fa-29,fa-5,2023,5,11,11,,False,,14,chloe-chong,prema-racing,14,1:56.113,116113,1485,,False,12,,,179.6
fa-29,fa-5,2023,5,12,12,,False,,9,chloe-grant,art-grand-prix,15,1:56.338,116338,1710,,False,14,,,179.3
fa-29,fa-5,2023,5,13,13,,False,,5,emely-de-heus,mp-motorsport,13,1:56.424,116424,1796,,False,12,,,179.1
fa-29,fa-5,2023,5,14,14,,False,,2,lola-lovinfosse,campos-racing,14,1:56.596,116596,1968,,False,11,,,178.9
fa-29,fa-5,2023,5,15,15,,False,,3,maite-caceres,campos-racing,14,1:58.118,118118,3490,,False,12,,,176.6
fa-30,fa-5,2023,5,1,1,,False,,15,marta-garcia,prema-racing,15,1:53.371,113371,,,False,13,,,184.0
fa-30,fa-5,2023,5,2,2,,False,,10,abbi-pulling,rodin-carlin,16,1:53.402,113402,31,,False,13,,,183.9
fa-30,fa-5,2023,5,3,3,,False,,12,megan-gilkes,rodin-carlin,16,1:53.866,113866,495,,False,15,,,183.2
fa-30,fa-5,2023,5,4,4,,False,,7,lena-buhler,art-grand-prix,16,1:54.004,114004,633,,False,14,,,182.9
fa-30,fa-5,2023,5,5,5,,False,,11,jessica-edgar,rodin-carlin,16,1:54.018,114018,647,,False,13,,,182.9
fa-30,fa-5,2023,5,6,6,,False,,1,nerea-marti,campos-racing,13,1:54.218,114218,847,,False,12,,,182.6
fa-30,fa-5,2023,5,7,7,,False,,14,chloe-chong,prema-racing,15,1:54.417,114417,1046,,False,13,,,182.3
fa-30,fa-5,2023,5,8,8,,False,,8,carrie-schreiner,art-grand-prix,15,1:54.534,114534,1163,,False,14,,,182.1
fa-30,fa-5,2023,5,9,9,,False,,4,hamda-al-qubaisi,mp-motorsport,15,1:54.536,114536,1165,,False,13,,,182.1
fa-30,fa-5,2023,5,10,10,,False,,16,bianca-bustamante,prema-racing,14,1:54.554,114554,1183,,False,8,,,182.1
fa-30,fa-5,2023,5,11,11,,False,,6,amna-al-qubaisi,mp-motorsport,16,1:54.596,114596,1225,,False,13,,,182.0
fa-30,fa-5,2023,5,12,12,,False,,9,chloe-grant,art-grand-prix,16,1:54.951,114951,1580,,False,15,,,181.4
fa-30,fa-5,2023,5,13,13,,False,,2,lola-lovinfosse,campos-racing,13,1:55.004,115004,1633,,False,10,,,181.3
fa-30,fa-5,2023,5,14,14,,False,,5,emely-de-heus,mp-motorsport,16,1:55.133,115133,1762,,False,13,,,181.1
fa-30,fa-5,2023,5,15,15,,False,,3,maite-caceres,campos-racing,13,1:55.870,115870,2499,,False,12,,,180.0
fa-31,fa-5,2023,5,1,1,,False,,15,marta-garcia,prema-racing,6,1:54.151,114151,,,False,,,,182.7
fa-31,fa-5,2023,5,2,2,,False,,4,hamda-al-qubaisi,mp-motorsport,6,1:54.515,114515,364,,False,,,,182.1
fa-31,fa-5,2023,5,3,3,,False,,10,abbi-pulling,rodin-carlin,7,1:54.530,114530,379,,False,,,,182.1
fa-31,fa-5,2023,5,4,4,,False,,7,lena-buhler,art-grand-prix,6,1:54.660,114660,509,,False,,,,181.9
fa-31,fa-5,2023,5,5,5,,False,,8,carrie-schreiner,art-grand-prix,6,1:54.868,114868,717,,False,,,,181.6
fa-31,fa-5,2023,5,6,6,,False,,12,megan-gilkes,rodin-carlin,7,1:54.931,114931,780,,False,,,,181.5
fa-31,fa-5,2023,5,7,7,,False,,1,nerea-marti,campos-racing,6,1:55.012,115012,861,,False,,,,181.3
fa-31,fa-5,2023,5,8,8,,False,,6,amna-al-qubaisi,mp-motorsport,6,1:55.050,115050,899,,False,,,,181.3
fa-31,fa-5,2023,5,9,9,,False,,16,bianca-bustamante,prema-racing,6,1:55.344,115344,1193,,False,,,,180.8
fa-31,fa-5,2023,5,10,10,,False,,9,chloe-grant,art-grand-prix,6,1:55.691,115691,1540,,False,,,,180.3
fa-31,fa-5,2023,5,11,11,,False,,11,jessica-edgar,rodin-carlin,6,1:55.791,115791,1640,,False,,,,180.1
fa-31,fa-5,2023,5,12,12,,False,,5,emely-de-heus,mp-motorsport,6,1:56.053,116053,1902,,False,,,,179.7
fa-31,fa-5,2023,5,13,13,,False,,14,chloe-chong,prema-racing,6,1:56.236,116236,2085,,False,,,,179.4
fa-31,fa-5,2023,5,14,14,,False,,2,lola-lovinfosse,campos-racing,6,1:56.909,116909,2758,,False,,,,178.4
fa-31,fa-5,2023,5,15,15,,False,,3,maite-caceres,campos-racing,6,1:59.115,119115,4964,,False,,,,175.1
fa-32,fa-5,2023,5,1,1,,False,,10,abbi-pulling,rodin-carlin,7,1:52.926,112926,,,False,6,,,184.7
fa-32,fa-5,2023,5,2,2,,False,,16,bianca-bustamante,prema-racing,7,1:53.094,113094,168,,False,4,,,184.4
fa-32,fa-5,2023,5,3,3,,False,,4,hamda-al-qubaisi,mp-motorsport,7,1:53.175,113175,249,,False,7,,,184.3
fa-32,fa-5,2023,5,4,4,,False,,15,marta-garcia,prema-racing,6,1:53.430,113430,504,,False,4,,,183.9
fa-32,fa-5,2023,5,5,5,,False,,12,megan-gilkes,rodin-carlin,7,1:53.469,113469,543,,False,7,,,183.8
fa-32,fa-5,2023,5,6,6,,False,,6,amna-al-qubaisi,mp-motorsport,7,1:53.646,113646,720,,False,7,,,183.5
fa-32,fa-5,2023,5,7,7,,False,,1,nerea-marti,campos-racing,7,1:53.665,113665,739,,False,6,,,183.5
fa-32,fa-5,2023,5,8,8,,False,,7,lena-buhler,art-grand-prix,7,1:53.730,113730,804,,False,7,,,183.4
fa-32,fa-5,2023,5,9,9,,False,,11,jessica-edgar,rodin-carlin,7,1:53.740,113740,814,,False,6,,,183.4
fa-32,fa-5,2023,5,10,10,,False,,8,carrie-schreiner,art-grand-prix,6,1:53.894,113894,968,,False,5,,,183.1
fa-32,fa-5,2023,5,11,11,,False,,5,emely-de-heus,mp-motorsport,6,1:53.904,113904,978,,False,6,,,183.1
fa-32,fa-5,2023,5,12,12,,False,,14,chloe-chong,prema-racing,7,1:54.278,114278,1452,,False,7,,,182.3
fa-32,fa-5,2023,5,13,13,,False,,2,lola-lovinfosse,campos-racing,7,1:54.643,114643,1717,,False,5,,,181.9
fa-32,fa-5,2023,5,14,14,,False,,9,chloe-grant,art-grand-prix,6,1:54.760,114760,1834,,False,6,,,181.7
fa-32,fa-5,2023,5,15,15,,False,,3,maite-caceres,campos-racing,7,1:55.700,115700,2774,,False,6,,,180.2
fa-33,fa-5,2023,5,1,1,21,False,,15,marta-garcia,prema-racing,7,33:21.898,2001898,,,False,4,1:55.222,115222,181.0
fa-33,fa-5,2023,5,2,2,14,False,,7,lena-buhler,art-grand-prix,7,33:21.907,2001907,9,,False,4,1:55.312,115312,180.9
fa-33,fa-5,2023,5,3,3,12,False,,11,jessica-edgar,rodin-carlin,7,33:22.397,2002397,499,,False,4,1:54.974,114974,181.4
fa-33,fa-5,2023,5,4,4,10,False,,10,abbi-pulling,rodin-carlin,7,33:22.413,2002413,515,,False,4,1:55.468,115468,180.6
fa-33,fa-5,2023,5,5,5,8,False,,12,megan-gilkes,rodin-carlin,7,33:22.510,2002510,612,,False,5,1:55.137,115137,181.1
fa-33,fa-5,2023,5,6,6,6,False,,5,emely-de-heus,mp-motorsport,7,33:25.576,2005576,3678,,False,7,1:55.275,115275,180.9
fa-33,fa-5,2023,5,7,7,4,False,,1,nerea-marti,campos-racing,7,33:26.228,2006228,4330,,False,7,1:55.070,115070,181.2
fa-33,fa-5,2023,5,8,8,4,False,,4,hamda-al-qubaisi,mp-motorsport,7,33:36.252,2016252,4354,,True,7,1:54.617,114617,182.0
fa-33,fa-5,2023,5,9,9,2,False,,6,amna-al-qubaisi,mp-motorsport,7,33:26.661,2006661,4763,,False,7,1:54.767,114767,181.7
fa-33,fa-5,2023,5,10,10,1,False,,2,lola-lovinfosse,campos-racing,7,33:27.431,2007431,5533,,False,7,1:54.622,114622,181.9
fa-33,fa-5,2023,5,11,11,0,False,,14,chloe-chong,prema-racing,7,33:27.947,2007947,6049,,False,7,1:54.607,114607,182.0
fa-33,fa-5,2023,5,12,12,0,False,,3,maite-caceres,campos-racing,7,33:31.418,2011418,9520,,False,7,1:55.507,115507,180.6
fa-34,fa-5,2023,5,1,1,10,False,,7,lena-buhler,art-grand-prix,10,19:18.767,1158767,,,False,6,1:54.758,114758,181.7
fa-34,fa-5,2023,5,2,2,8,False,,16,bianca-bustamante,prema-racing,10,19:18.912,1158912,145,,False,6,1:54.388,114388,182.3
fa-34,fa-5,2023,5,3,3,7,False,,10,abbi-pulling,rodin-carlin,10,19:19.107,1159107,340,,True,6,1:54.244,114244,182.5
fa-34,fa-5,2023,5,4,4,5,False,,8,carrie-schreiner,art-grand-prix,10,19:19.793,1159793,1026,,False,8,1:54.518,114518,182.1
fa-34,fa-5,2023,5,5,5,4,False,,11,jessica-edgar,rodin-carlin,10,19:24.767,1164767,6000,,False,3,1:54.942,114942,181.4
fa-34,fa-5,2023,5,6,6,3,False,,15,marta-garcia,prema-racing,10,19:27.507,1167507,8740,,False,3,1:54.961,114961,181.4
fa-34,fa-5,2023,5,7,7,2,False,,6,amna-al-qubaisi,mp-motorsport,10,19:20.832,1160832,12060,,False,9,1:55.073,115073,181.2
fa-34,fa-5,2023,5,8,8,1,False,,3,maite-caceres,campos-racing,10,19:32.975,1172975,14200,,False,4,1:56.002,116002,179.8
fa-34,fa-5,2023,5,9,9,0,False,,14,chloe-chong,prema-racing,10,19:33.351,1173351,14580,,False,9,1:55.022,115022,181.3
fa-34,fa-5,2023,5,10,10,0,False,,4,hamda-al-qubaisi,mp-motorsport,10,19:51.969,1191969,33200,,False,5,1:54.559,114559,182.0
fa-34,fa-5,2023,5,11,11,0,False,,1,nerea-marti,campos-racing,10,19:59.383,1199383,40610,,False,2,1:55.712,115712,180.2
fa-34,fa-5,2023,5,12,12,0,False,,5,emely-de-heus,mp-motorsport,10,17:31.912,1051912,,1,False,3,1:55.105,115105,181.2
fa-34,fa-5,2023,5,13,13,0,False,,2,lola-lovinfosse,campos-racing,9,17:53.500,1073500,,1,False,3,1:54.868,114868,181.6
fa-35,fa-5,2023,5,1,1,25,False,,16,bianca-bustamante,prema-racing,14,30:24.300,1824300,,,False,5,1:53.992,113992,182.9
fa-35,fa-5,2023,5,2,2,20,True,,10,abbi-pulling,rodin-carlin,14,30:25.766,1825766,1466,,False,9,1:53.959,113959,183.0
fa-35,fa-5,2023,5,3,3,15,False,,1,nerea-marti,campos-racing,14,30:26.694,1826694,2394,,False,6,1:54.341,114341,182.4
fa-35,fa-5,2023,5,4,4,12,False,,6,amna-al-qubaisi,mp-motorsport,14,30:26.707,1826707,2407,,False,6,1:54.034,114034,182.9
fa-35,fa-5,2023,5,5,5,11,False,,15,marta-garcia,prema-racing,14,30:27.082,1827082,2782,,True,7,1:53.652,113652,183.5
fa-35,fa-5,2023,5,6,6,8,False,,8,carrie-schreiner,art-grand-prix,14,30:27.617,1827617,3317,,False,4,1:54.222,114222,182.6
fa-35,fa-5,2023,5,7,7,6,False,,2,lola-lovinfosse,campos-racing,14,30:28.217,1828217,3917,,False,7,1:53.751,113751,183.3
fa-35,fa-5,2023,5,8,8,4,False,,11,jessica-edgar,rodin-carlin,14,30:29.257,1829257,4957,,False,4,1:53.996,113996,182.9
fa-35,fa-5,2023,5,9,9,2,False,,5,emely-de-heus,mp-motorsport,14,30:30.188,1830188,5888,,False,6,1:54.541,114541,182.1
fa-35,fa-5,2023,5,10,10,1,False,,7,lena-buhler,art-grand-prix,14,30:34.866,1834866,10560,,False,7,1:53.762,113762,183.3
fa-35,fa-5,2023,5,11,11,0,False,,3,maite-caceres,campos-racing,13,29:42.139,1782139,,1,False,7,1:54.638,114638,181.9
fa-35,fa-5,2023,5,12,12,0,False,,14,chloe-chong,prema-racing,12,15.14.545,,,1,False,7,1:54.647,114647,181.9
fa-36,fa-6,2023,6,1,1,,False,,1,nerea-marti,campos-racing,9,1:27.013,87013,,,False,,,,200.3
fa-36,fa-6,2023,6,2,2,,False,,10,abbi-pulling,rodin-carlin,15,1:27.163,87163,150,,False,,,,216.0
fa-36,fa-6,2023,6,3,3,,False,,4,hamda-al-qubaisi,mp-motorsport,17,1:27.293,87293,280,,False,,,,213.8
fa-36,fa-6,2023,6,4,4,,False,,6,amna-al-qubaisi,mp-motorsport,15,1:27.348,87348,335,,False,,,,213.0
fa-36,fa-6,2023,6,5,5,,False,,15,marta-garcia,prema-racing,11,1:27.363,87363,350,,False,,,,209.7
fa-36,fa-6,2023,6,6,6,,False,,11,jessica-edgar,rodin-carlin,16,1:27.476,87476,463,,False,,,,213.0
fa-36,fa-6,2023,6,7,7,,False,,2,lola-lovinfosse,campos-racing,10,1:27.543,87543,530,,False,,,,200.7
fa-36,fa-6,2023,6,8,8,,False,,7,lena-buhler,art-grand-prix,16,1:27.639,87639,626,,False,,,,210.9
fa-36,fa-6,2023,6,9,9,,False,,8,carrie-schreiner,art-grand-prix,16,1:27.786,87786,773,,False,,,,208.0
fa-36,fa-6,2023,6,10,10,,False,,3,maite-caceres,campos-racing,12,1:27.794,87794,781,,False,,,,210.5
fa-36,fa-6,2023,6,11,11,,False,,5,emely-de-heus,mp-motorsport,19,1:27.879,87879,866,,False,,,,210.5
fa-36,fa-6,2023,6,12,12,,False,,12,megan-gilkes,rodin-carlin,15,1:28.063,88063,1050,,False,,,,209.3
fa-36,fa-6,2023,6,13,13,,False,,14,chloe-chong,prema-racing,11,1:28.064,88064,1051,,False,,,,209.3
fa-36,fa-6,2023,6,14,14,,False,,9,chloe-grant,art-grand-prix,16,1:28.156,88156,1143,,False,,,,211.3
fa-36,fa-6,2023,6,15,15,,False,,16,bianca-bustamante,prema-racing,11,1:28.356,88356,1343,,False,,,,218.1
fa-37,fa-6,2023,6,1,1,,False,,7,lena-buhler,art-grand-prix,14,1:27.092,87092,,,False,,,,211.3
fa-37,fa-6,2023,6,2,2,,False,,10,abbi-pulling,rodin-carlin,19,1:27.137,87137,45,,False,,,,212.5
fa-37,fa-6,2023,6,3,3,,False,,15,marta-garcia,prema-racing,12,1:27.226,87226,134,,False,,,,206.5
fa-37,fa-6,2023,6,4,4,,False,,1,nerea-marti,campos-racing,15,1:27.373,87373,281,,False,,,,203.3
fa-37,fa-6,2023,6,5,5,,False,,2,lola-lovinfosse,campos-racing,16,1:27.426,87426,334,,False,,,,210.9
fa-37,fa-6,2023,6,6,6,,False,,11,jessica-edgar,rodin-carlin,17,1:27.501,87501,409,,False,,,,206.5
fa-37,fa-6,2023,6,7,7,,False,,8,carrie-schreiner,art-grand-prix,16,1:27.545,87545,453,,False,,,,211.3
fa-37,fa-6,2023,6,8,8,,False,,6,amna-al-qubaisi,mp-motorsport,18,1:27.611,87611,519,,False,,,,211.7
fa-37,fa-6,2023,6,9,9,,False,,3,maite-caceres,campos-racing,15,1:27.644,87644,552,,False,,,,213.4
fa-37,fa-6,2023,6,10,10,,False,,4,hamda-al-qubaisi,mp-motorsport,18,1:27.660,87660,568,,False,,,,205.3
fa-37,fa-6,2023,6,11,11,,False,,12,megan-gilkes,rodin-carlin,18,1:27.760,87760,668,,False,,,,208.8
fa-37,fa-6,2023,6,12,12,,False,,9,chloe-grant,art-grand-prix,16,1:27.813,87813,721,,False,,,,210.9
fa-37,fa-6,2023,6,13,13,,False,,16,bianca-bustamante,prema-racing,13,1:27.818,87818,726,,False,,,,214.7
fa-37,fa-6,2023,6,14,14,,False,,14,chloe-chong,prema-racing,11,1:28.056,88056,964,,False,,,,206.5
fa-37,fa-6,2023,6,15,15,,False,,5,emely-de-heus,mp-motorsport,17,1:28.184,88184,1092,,False,,,,210.1
fa-38,fa-6,2023,6,1,1,,False,,10,abbi-pulling,rodin-carlin,9,1:27.249,87249,,,False,,,,212.1
fa-38,fa-6,2023,6,2,2,,False,,1,nerea-marti,campos-racing,7,1:27.281,87281,32,,False,,,,205.3
fa-38,fa-6,2023,6,3,3,,False,,2,lola-lovinfosse,campos-racing,8,1:27.306,87306,57,,False,,,,214.2
fa-38,fa-6,2023,6,4,4,,False,,7,lena-buhler,art-grand-prix,8,1:27.321,87321,72,,False,,,,211.3
fa-38,fa-6,2023,6,5,5,,False,,4,hamda-al-qubaisi,mp-motorsport,10,1:27.412,87412,163,,False,,,,205.3
fa-38,fa-6,2023,6,6,6,,False,,15,marta-garcia,prema-racing,10,1:27.413,87413,164,,False,,,,211.3
fa-38,fa-6,2023,6,7,7,,False,,8,carrie-schreiner,art-grand-prix,9,1:27.435,87435,186,,False,,,,211.3
fa-38,fa-6,2023,6,8,8,,False,,6,amna-al-qubaisi,mp-motorsport,9,1:27.514,87514,265,,False,,,,216.4
fa-38,fa-6,2023,6,9,9,,False,,11,jessica-edgar,rodin-carlin,10,1:27.536,87536,287,,False,,,,205.7
fa-38,fa-6,2023,6,10,10,,False,,3,maite-caceres,campos-racing,8,1:27.543,87543,294,,False,,,,210.1
fa-38,fa-6,2023,6,11,11,,False,,9,chloe-grant,art-grand-prix,9,1:27.614,87614,365,,False,,,,206.8
fa-38,fa-6,2023,6,12,12,,False,,14,chloe-chong,prema-racing,10,1:27.635,87635,386,,False,,,,207.6
fa-38,fa-6,2023,6,13,13,,False,,16,bianca-bustamante,prema-racing,10,1:27.794,87794,545,,False,,,,213.0
fa-38,fa-6,2023,6,14,14,,False,,5,emely-de-heus,mp-motorsport,10,1:27.834,87834,585,,False,,,,209.3
fa-38,fa-6,2023,6,15,15,,False,,12,megan-gilkes,rodin-carlin,9,1:27.934,87934,685,,False,,,,204.9
fa-39,fa-6,2023,6,1,1,,False,,7,lena-buhler,art-grand-prix,8,1:26.785,86785,,,False,,,,211.3
fa-39,fa-6,2023,6,2,2,,False,,10,abbi-pulling,rodin-carlin,10,1:26.860,86860,75,,False,,,,210.9
fa-39,fa-6,2023,6,3,3,,False,,2,lola-lovinfosse,campos-racing,8,1:27.057,87057,272,,False,,,,210.5
fa-39,fa-6,2023,6,4,4,,False,,15,marta-garcia,prema-racing,10,1:27.079,87079,294,,False,,,,210.5
fa-39,fa-6,2023,6,5,5,,False,,1,nerea-marti,campos-racing,9,1:27.137,87137,352,,False,,,,204.1
fa-39,fa-6,2023,6,6,6,,False,,4,hamda-al-qubaisi,mp-motorsport,10,1:27.142,87142,357,,False,,,,208.0
fa-39,fa-6,2023,6,7,7,,False,,8,carrie-schreiner,art-grand-prix,9,1:27.177,87177,392,,False,,,,209.7
fa-39,fa-6,2023,6,8,8,,False,,11,jessica-edgar,rodin-carlin,9,1:27.192,87192,407,,False,,,,210.5
fa-39,fa-6,2023,6,9,9,,False,,12,megan-gilkes,rodin-carlin,9,1:27.283,87283,498,,False,,,,211.7
fa-39,fa-6,2023,6,10,10,,False,,16,bianca-bustamante,prema-racing,10,1:27.322,87322,537,,False,,,,214.2
fa-39,fa-6,2023,6,11,11,,False,,14,chloe-chong,prema-racing,10,1:27.322,87322,537,,False,,,,205.7
fa-39,fa-6,2023,6,12,12,,False,,6,amna-al-qubaisi,mp-motorsport,10,1:27.486,87486,701,,False,,,,215.1
fa-39,fa-6,2023,6,13,13,,False,,3,maite-caceres,campos-racing,9,1:27.510,87510,725,,False,,,,210.9
fa-39,fa-6,2023,6,14,14,,False,,9,chloe-grant,art-grand-prix,9,1:27.619,87619,834,,False,,,,210.9
fa-39,fa-6,2023,6,15,15,,False,,5,emely-de-heus,mp-motorsport,10,1:27.687,87687,902,,False,,,,209.3
fa-40,fa-6,2023,6,1,1,26,False,,1,nerea-marti,campos-racing,18,26:15.684,1575684,,,True,,1:26.970,86970,158.37
fa-40,fa-6,2023,6,2,2,20,True,,10,abbi-pulling,rodin-carlin,18,26:16.809,1576809,1125,,False,,1:27.046,87046,158.23
fa-40,fa-6,2023,6,3,3,15,False,,2,lola-lovinfosse,campos-racing,18,26:21.669,1581669,5985,,False,,1:27.260,87260,157.84
fa-40,fa-6,2023,6,4,4,12,False,,7,lena-buhler,art-grand-prix,18,26:21.924,1581924,6240,,False,,1:27.236,87236,157.88
fa-40,fa-6,2023,6,5,5,10,False,,4,hamda-al-qubaisi,mp-motorsport,18,26:25.703,1585703,10010,,False,,1:27.449,87449,157.50
fa-40,fa-6,2023,6,6,6,8,False,,15,marta-garcia,prema-racing,18,26:26.318,1586318,10630,,False,,1:27.525,87525,157.36
fa-40,fa-6,2023,6,7,7,6,False,,6,amna-al-qubaisi,mp-motorsport,18,26:30.221,1590221,14530,,False,,1:27.513,87513,157.38
fa-40,fa-6,2023,6,8,8,4,False,,3,maite-caceres,campos-racing,18,26:37.079,1597079,21390,,False,,1:28.055,88055,156.42
fa-40,fa-6,2023,6,9,9,2,False,,8,carrie-schreiner,art-grand-prix,18,26:41.127,1601127,25440,,False,,1:28.047,88047,156.43
fa-40,fa-6,2023,6,10,10,1,False,,9,chloe-grant,art-grand-prix,18,26:41.931,1601931,26240,,False,,1:28.144,88144,156.26
fa-40,fa-6,2023,6,11,11,0,False,,12,megan-gilkes,rodin-carlin,18,26:44.158,1604158,28470,,False,,1:27.726,87726,156.34
fa-40,fa-6,2023,6,12,12,0,False,,14,chloe-chong,prema-racing,18,26:44.852,1604852,29160,,False,,1:28.099,88099,157.20
fa-40,fa-6,2023,6,13,13,0,False,,16,bianca-bustamante,prema-racing,18,26:47.213,1607213,31520,,False,,1:27.617,87617,157.00
fa-40,fa-6,2023,6,14,14,0,False,,5,emely-de-heus,mp-motorsport,18,26:49.091,1609091,33400,,False,,1:28.084,88084,156.36
fa-40,fa-6,2023,6,15,15,0,False,,11,jessica-edgar,rodin-carlin,18,27:12.491,1632491,56800,,False,,1:27.393,87393,157.60
fa-41,fa-6,2023,6,1,1,11,False,,15,marta-garcia,prema-racing,11,17:06.215,1026215,,,True,,1:27.015,87015,158.28
fa-41,fa-6,2023,6,2,2,8,False,,7,lena-buhler,art-grand-prix,11,17:10.267,1030267,4050,,False,,1:27.236,87236,157.88
fa-41,fa-6,2023,6,3,3,6,False,,6,amna-al-qubaisi,mp-motorsport,11,17:11.296,1031296,5080,,False,,1:27.394,87394,157.60
fa-41,fa-6,2023,6,4,4,5,False,,4,hamda-al-qubaisi,mp-motorsport,11,17:11.951,1031951,5730,,False,,1:27.290,87290,157.79
fa-41,fa-6,2023,6,5,5,4,False,,1,nerea-marti,campos-racing,11,17:13.956,1033956,7740,,False,,1:27.119,87119,158.10
fa-41,fa-6,2023,6,6,6,3,False,,8,carrie-schreiner,art-grand-prix,11,17:18.025,1038025,11810,,False,,1:27.721,87721,157.01
fa-41,fa-6,2023,6,7,7,2,False,,10,abbi-pulling,rodin-carlin,11,17:18.210,1038210,11990,,False,,1:27.677,87677,157.09
fa-41,fa-6,2023,6,8,8,1,False,,11,jessica-edgar,rodin-carlin,11,17:18.349,1038349,12130,,False,,1:27.834,87834,156.81
fa-41,fa-6,2023,6,9,9,0,False,,5,emely-de-heus,mp-motorsport,11,17:19.058,1039058,12840,,False,,1:27.804,87804,156.86
fa-41,fa-6,2023,6,10,10,0,False,,16,bianca-bustamante,prema-racing,11,17:20.614,1040614,14390,,False,,1:27.520,87520,157.27
fa-41,fa-6,2023,6,11,11,0,False,,9,chloe-grant,art-grand-prix,11,17:21.246,1041246,15030,,False,,1:27.859,87859,156.76
fa-41,fa-6,2023,6,12,12,0,False,,3,maite-caceres,campos-racing,11,17:22.336,1042336,16120,,False,,1:28.389,88389,155.82
fa-41,fa-6,2023,6,13,13,0,False,,12,megan-gilkes,rodin-carlin,11,17:23.161,1043161,16940,,False,,1:28.128,88128,156.29
fa-41,fa-6,2023,6,14,14,0,False,,14,chloe-chong,prema-racing,11,17:23.821,1043821,17600,,False,,1:28.201,88201,156.16
fa-42,fa-6,2023,6,1,1,26,False,,15,marta-garcia,prema-racing,18,26:17.536,1577536,,,True,,1:27.036,87036,158.25
fa-42,fa-6,2023,6,2,2,20,True,,7,lena-buhler,art-grand-prix,18,26:21.466,1581466,3930,,False,,1:27.459,87459,157.48
fa-42,fa-6,2023,6,3,3,15,False,,2,lola-lovinfosse,campos-racing,18,26:24.102,1584102,6566,,False,,1:27.429,87429,157.54
fa-42,fa-6,2023,6,4,4,12,False,,1,nerea-marti,campos-racing,18,26:25.223,1585223,7687,,False,,1:27.519,87519,157.37
fa-42,fa-6,2023,6,5,5,10,False,,4,hamda-al-qubaisi,mp-motorsport,18,26:26.609,1586609,9073,,False,,1:27.538,87538,157.34
fa-42,fa-6,2023,6,6,6,8,False,,11,jessica-edgar,rodin-carlin,18,26:27.868,1587868,10330,,False,,1:27.712,87712,157.03
fa-42,fa-6,2023,6,7,7,6,False,,6,amna-al-qubaisi,mp-motorsport,18,26:36.109,1596109,18570,,False,,1:27.806,87806,156.86
fa-42,fa-6,2023,6,8,8,4,False,,8,carrie-schreiner,art-grand-prix,18,26:39.093,1599093,21550,,False,,1:28.024,88024,156.47
fa-42,fa-6,2023,6,9,9,2,False,,12,megan-gilkes,rodin-carlin,18,26:39.406,1599406,21870,,False,,1:28.027,88027,156.47
fa-42,fa-6,2023,6,10,10,1,False,,14,chloe-chong,prema-racing,18,26:39.780,1599780,22240,,False,,1:28.024,88024,156.47
fa-42,fa-6,2023,6,11,11,0,False,,3,maite-caceres,campos-racing,18,26:40.222,1600222,22680,,False,,1:28.004,88004,156.51
fa-42,fa-6,2023,6,12,12,0,False,,5,emely-de-heus,mp-motorsport,18,26:40.886,1600886,23350,,False,,1:27.643,87643,157.15
fa-42,fa-6,2023,6,13,13,0,False,,9,chloe-grant,art-grand-prix,18,26:41.747,1601747,24210,,False,,1:27.775,87775,156.74
fa-42,fa-6,2023,6,14,14,0,False,,16,bianca-bustamante,prema-racing,18,26:41.749,1601749,24210,,False,,1:27.237,87237,157.88
fa-43,fa-7,2023,7,1,1,,False,,15,marta-garcia,prema-racing,15,2:08.000,128000,,,False,08:50:17,2:08.000,128000,155.053
fa-43,fa-7,2023,7,2,2,,False,,1,nerea-marti,campos-racing,15,2:08.301,128301,301,,False,08:50:09,2:08.301,128301,154.689
fa-43,fa-7,2023,7,3,3,,False,,10,abbi-pulling,rodin-carlin,12,2:08.379,128379,379,,False,08:48:39,2:08.379,128379,154.595
fa-43,fa-7,2023,7,4,4,,False,,11,jessica-edgar,rodin-carlin,12,2:08.443,128443,443,,False,08:50:52,2:08.443,128443,154.518
fa-43,fa-7,2023,7,5,5,,False,,4,hamda-al-qubaisi,mp-motorsport,15,2:08.563,128563,563,,False,08:55:53,2:08.563,128563,154.374
fa-43,fa-7,2023,7,6,6,,False,,16,bianca-bustamante,prema-racing,14,2:08.583,128583,583,,False,08:49:40,2:08.583,128583,154.350
fa-43,fa-7,2023,7,7,7,,False,,7,lena-buhler,art-grand-prix,16,2:08.856,128856,856,,False,08:54:16,2:08.856,128856,154.023
fa-43,fa-7,2023,7,8,8,,False,,2,lola-lovinfosse,campos-racing,17,2:09.231,129231,1231,,False,08:56:29,2:09.231,129231,153.576
fa-43,fa-7,2023,7,9,9,,False,,14,chloe-chong,prema-racing,14,2:09.259,129259,1259,,False,08:52:34,2:09.259,129259,153.542
fa-43,fa-7,2023,7,10,10,,False,,9,chloe-grant,art-grand-prix,15,2:09.291,129291,1291,,False,08:49:34,2:09.291,129291,153.504
fa-43,fa-7,2023,7,11,11,,False,,5,emely-de-heus,mp-motorsport,16,2:09.519,129519,1519,,False,08:52:46,2:09.519,129519,153.234
fa-43,fa-7,2023,7,12,12,,False,,6,amna-al-qubaisi,mp-motorsport,16,2:09.751,129751,1751,,False,08:56:33,2:09.751,129751,152.960
fa-43,fa-7,2023,7,13,13,,False,,12,megan-gilkes,rodin-carlin,12,2:10.001,130001,2001,,False,08:42:53,2:10.001,130001,152.666
fa-43,fa-7,2023,7,14,14,,False,,8,carrie-schreiner,art-grand-prix,15,2:10.569,130569,2569,,False,08:50:07,2:10.569,130569,152.002
fa-43,fa-7,2023,7,15,15,,False,,3,maite-caceres,campos-racing,14,2:11.294,131294,3294,,False,08:36:56,2:11.294,131294,151.163
fa-44,fa-7,2023,7,1,1,,False,,11,jessica-edgar,rodin-carlin,12,2:08.473,128473,,,False,14:36:45,2:08.473,128473,154.482
fa-44,fa-7,2023,7,2,2,,False,,15,marta-garcia,prema-racing,13,2:08.781,128781,308,,False,14:14:56,2:08.781,128781,154.112
fa-44,fa-7,2023,7,3,3,,False,,1,nerea-marti,campos-racing,8,2:09.215,129215,742,,False,14:12:43,2:09.215,129215,153.595
fa-44,fa-7,2023,7,4,4,,False,,4,hamda-al-qubaisi,mp-motorsport,15,2:09.250,129250,777,,False,14:31:53,2:09.250,129250,153.553
fa-44,fa-7,2023,7,5,5,,False,,5,emely-de-heus,mp-motorsport,12,2:09.264,129264,791,,False,14:32:21,2:09.264,129264,153.536
fa-44,fa-7,2023,7,6,6,,False,,7,lena-buhler,art-grand-prix,14,2:09.281,129281,808,,False,14:36:20,2:09.281,129281,153.516
fa-44,fa-7,2023,7,7,7,,False,,10,abbi-pulling,rodin-carlin,14,2:09.376,129376,903,,False,14:36:18,2:09.376,129376,153.404
fa-44,fa-7,2023,7,8,8,,False,,14,chloe-chong,prema-racing,13,2:09.491,129491,1018,,False,14:34:30,2:09.491,129491,153.267
fa-44,fa-7,2023,7,9,9,,False,,16,bianca-bustamante,prema-racing,14,2:09.515,129515,1042,,False,14:32:19,2:09.515,129515,153.239
fa-44,fa-7,2023,7,10,10,,False,,9,chloe-grant,art-grand-prix,14,2:09.705,129705,1232,,False,14:15:05,2:09.705,129705,153.014
fa-44,fa-7,2023,7,11,11,,False,,12,megan-gilkes,rodin-carlin,13,2:10.374,130374,1901,,False,14:32:17,2:10.374,130374,152.229
fa-44,fa-7,2023,7,12,12,,False,,2,lola-lovinfosse,campos-racing,13,2:10.401,130401,1928,,False,14:13:24,2:10.401,130401,152.198
fa-44,fa-7,2023,7,13,13,,False,,6,amna-al-qubaisi,mp-motorsport,14,2:10.420,130420,1947,,False,14:08:49,2:10.420,130420,152.176
fa-44,fa-7,2023,7,14,14,,False,,8,carrie-schreiner,art-grand-prix,13,2:10.503,130503,2030,,False,14:15:10,2:10.503,130503,152.079
fa-44,fa-7,2023,7,15,15,,False,,3,maite-caceres,campos-racing,14,2:10.759,130759,2286,,False,14:33:57,2:10.759,130759,151.781
fa-45,fa-7,2023,7,1,1,,False,,15,marta-garcia,prema-racing,6,2:08.214,128214,,,False,17:48:37,2:08.214,128214,154.794
fa-45,fa-7,2023,7,2,2,,False,,10,abbi-pulling,rodin-carlin,7,2:08.534,128534,320,,False,17:46:44,2:08.534,128534,154.408
fa-45,fa-7,2023,7,3,3,,False,,1,nerea-marti,campos-racing,7,2:08.696,128696,482,,False,17:50:21,2:08.696,128696,154.214
fa-45,fa-7,2023,7,4,4,,False,,7,lena-buhler,art-grand-prix,7,2:08.719,128719,505,,False,17:46:51,2:08.719,128719,154.187
fa-45,fa-7,2023,7,5,5,,False,,11,jessica-edgar,rodin-carlin,7,2:08.759,128759,545,,False,17:48:57,2:08.759,128759,154.139
fa-45,fa-7,2023,7,6,6,,False,,16,bianca-bustamante,prema-racing,7,2:08.812,128812,598,,False,17:44:22,2:08.812,128812,154.075
fa-45,fa-7,2023,7,7,7,,False,,14,chloe-chong,prema-racing,7,2:08.895,128895,681,,False,17:51:21,2:08.895,128895,153.976
fa-45,fa-7,2023,7,8,8,,False,,4,hamda-al-qubaisi,mp-motorsport,7,2:09.170,129170,956,,False,17:50:36,2:09.170,129170,153.648
fa-45,fa-7,2023,7,9,9,,False,,9,chloe-grant,art-grand-prix,7,2:09.439,129439,1225,,False,17:51:53,2:09.439,129439,153.329
fa-45,fa-7,2023,7,10,10,,False,,2,lola-lovinfosse,campos-racing,7,2:09.440,129440,1226,,False,17:50:25,2:09.440,129440,153.328
fa-45,fa-7,2023,7,11,11,,False,,5,emely-de-heus,mp-motorsport,7,2:09.453,129453,1239,,False,17:50:41,2:09.453,129453,153.312
fa-45,fa-7,2023,7,12,12,,False,,6,amna-al-qubaisi,mp-motorsport,7,2:09.534,129534,1320,,False,17:46:18,2:09.534,129534,153.216
fa-45,fa-7,2023,7,13,13,,False,,12,megan-gilkes,rodin-carlin,7,2:09.660,129660,1446,,False,17:50:34,2:09.660,129660,153.068
fa-45,fa-7,2023,7,14,14,,False,,8,carrie-schreiner,art-grand-prix,7,2:10.258,130258,2044,,False,17:52:02,2:10.258,130258,152.365
fa-45,fa-7,2023,7,15,15,,False,,3,maite-caceres,campos-racing,7,2:10.336,130336,2122,,False,17:46:08,2:10.336,130336,152.274
fa-46,fa-7,2023,7,1,1,,False,,11,jessica-edgar,rodin-carlin,7,2:07.962,127962,,,False,18:16:20,2:07.962,127962,155.099
fa-46,fa-7,2023,7,2,2,,False,,15,marta-garcia,prema-racing,7,2:08.018,128018,56,,False,18:13:48,2:08.018,128018,155.031
fa-46,fa-7,2023,7,3,3,,False,,1,nerea-marti,campos-racing,7,2:08.053,128053,91,,False,18:12:52,2:08.053,128053,154.988
fa-46,fa-7,2023,7,4,4,,False,,7,lena-buhler,art-grand-prix,7,2:08.255,128255,293,,False,18:15:46,2:08.255,128255,154.744
fa-46,fa-7,2023,7,5,5,,False,,10,abbi-pulling,rodin-carlin,7,2:08.358,128358,396,,False,18:13:35,2:08.358,128358,154.620
fa-46,fa-7,2023,7,6,6,,False,,4,hamda-al-qubaisi,mp-motorsport,6,2:08.382,128382,420,,False,18:13:29,2:08.382,128382,154.591
fa-46,fa-7,2023,7,7,7,,False,,14,chloe-chong,prema-racing,7,2:08.447,128447,485,,False,18:16:33,2:08.447,128447,154.513
fa-46,fa-7,2023,7,8,8,,False,,5,emely-de-heus,mp-motorsport,7,2:08.649,128649,687,,False,18:13:30,2:08.649,128649,154.270
fa-46,fa-7,2023,7,9,9,,False,,16,bianca-bustamante,prema-racing,7,2:08.712,128712,750,,False,18:09:33,2:08.712,128712,154.195
fa-46,fa-7,2023,7,10,10,,False,,9,chloe-grant,art-grand-prix,7,2:08.796,128796,834,,False,18:13:42,2:08.796,128796,154.094
fa-46,fa-7,2023,7,11,11,,False,,2,lola-lovinfosse,campos-racing,7,2:08.832,128832,870,,False,18:12:55,2:08.832,128832,154.051
fa-46,fa-7,2023,7,12,12,,False,,6,amna-al-qubaisi,mp-motorsport,6,2:09.179,129179,1217,,False,18:11:23,2:09.179,129179,153.637
fa-46,fa-7,2023,7,13,13,,False,,3,maite-caceres,campos-racing,7,2:09.282,129282,1320,,False,18:10:55,2:09.282,129282,153.515
fa-46,fa-7,2023,7,14,14,,False,,12,megan-gilkes,rodin-carlin,7,2:09.556,129556,1594,,False,18:15:37,2:09.556,129556,153.190
fa-46,fa-7,2023,7,15,15,,False,,8,carrie-schreiner,art-grand-prix,7,2:09.782,129782,1820,,False,18:13:56,2:09.782,129782,152.924
fa-47,fa-7,2023,7,1,1,28,True,,15,marta-garcia,prema-racing,12,29:17.016,1757016,,,True,11,2:08.107,128107,134.887
fa-47,fa-7,2023,7,2,2,18,False,,10,abbi-pulling,rodin-carlin,12,29:17.493,1757493,477,,False,11,2:08.110,128110,134.850
fa-47,fa-7,2023,7,3,3,15,False,,7,lena-buhler,art-grand-prix,12,29:19.663,1759663,2647,,False,12,2:08.169,128169,134.684
fa-47,fa-7,2023,7,4,4,12,False,,16,bianca-bustamante,prema-racing,12,29:23.425,1763425,6409,,False,11,2:08.268,128268,134.396
fa-47,fa-7,2023,7,5,5,10,False,,11,jessica-edgar,rodin-carlin,12,29:25.037,1765037,8021,,False,12,2:08.868,128868,134.274
fa-47,fa-7,2023,7,6,6,8,False,,4,hamda-al-qubaisi,mp-motorsport,12,29:25.403,1765403,8387,,False,12,2:08.903,128903,134.246
fa-47,fa-7,2023,7,7,7,6,False,,14,chloe-chong,prema-racing,12,29:26.972,1766972,9956,,False,11,2:08.961,128961,134.127
fa-47,fa-7,2023,7,8,8,4,False,,6,amna-al-qubaisi,mp-motorsport,12,29:27.965,1767965,10949,,False,11,2:08.961,128961,134.051
fa-47,fa-7,2023,7,9,9,2,False,,1,nerea-marti,campos-racing,12,29:23.177,1763177,6161,,False,10,2:08.756,128756,134.415
fa-47,fa-7,2023,7,10,10,1,False,,2,lola-lovinfosse,campos-racing,12,29:29.877,1769877,12861,,False,10,2:09.456,129456,133.906
fa-47,fa-7,2023,7,11,11,0,False,,8,carrie-schreiner,art-grand-prix,12,29:31.564,1771564,14548,,False,11,2:09.643,129643,133.779
fa-47,fa-7,2023,7,12,12,0,False,,12,megan-gilkes,rodin-carlin,12,29:37.472,1777472,20456,,False,9,2:10.223,130223,133.334
fa-47,fa-7,2023,7,13,,0,False,Ret,3,maite-caceres,campos-racing,1,2:16.863,136863,,,False,,,,136.516
fa-47,fa-7,2023,7,14,,0,False,Ret,5,emely-de-heus,mp-motorsport,1,2:16.510,136510,,,False,,,,136.869
fa-47,fa-7,2023,7,15,,0,False,Ret,9,chloe-grant,art-grand-prix,1,2:16.600,136600,,,False,,,,136.778
fa-48,fa-7,2023,7,1,1,10,False,,4,hamda-al-qubaisi,mp-motorsport,8,17:13.796,1033796,,,False,4,2:08.676,128676,152.459
fa-48,fa-7,2023,7,2,2,8,False,,7,lena-buhler,art-grand-prix,8,17:15.529,1035529,1733,,False,4,2:08.988,128988,152.203
fa-48,fa-7,2023,7,3,3,6,False,,11,jessica-edgar,rodin-carlin,8,17:19.797,1039797,6001,,False,5,2:09.343,129343,151.579
fa-48,fa-7,2023,7,4,4,6,False,,10,abbi-pulling,rodin-carlin,8,17:24.579,1044579,10784,,True,8,2:08.515,128515,150.885
fa-48,fa-7,2023,7,5,5,4,False,,1,nerea-marti,campos-racing,8,17:25.882,1045882,12086,,False,8,2:09.019,129019,150.697
fa-48,fa-7,2023,7,6,6,3,False,,14,chloe-chong,prema-racing,8,17:27.621,1047621,13825,,False,3,2:10.012,130012,150.447
fa-48,fa-7,2023,7,7,7,2,False,,16,bianca-bustamante,prema-racing,8,17:29.160,1049160,15364,,False,4,2:09.094,129094,150.226
fa-48,fa-7,2023,7,8,8,1,False,,2,lola-lovinfosse,campos-racing,8,17:30.668,1050668,16872,,False,5,2:10.299,130299,150.010
fa-48,fa-7,2023,7,9,9,0,False,,9,chloe-grant,art-grand-prix,8,17:31.178,1051178,17382,,False,4,2:10.307,130307,149.938
fa-48,fa-7,2023,7,10,10,0,False,,5,emely-de-heus,mp-motorsport,8,17:31.581,1051581,17785,,False,6,2:09.999,129999,149.880
fa-48,fa-7,2023,7,11,11,0,False,,8,carrie-schreiner,art-grand-prix,8,17:33.656,1053656,19860,,False,6,2:10.387,130387,149.585
fa-48,fa-7,2023,7,12,12,0,False,,3,maite-caceres,campos-racing,8,17:35.357,1055357,21561,,False,6,2:10.280,130280,149.344
fa-48,fa-7,2023,7,13,13,0,False,,12,megan-gilkes,rodin-carlin,8,17:43.990,1063990,30194,,False,5,2:10.798,130798,148.132
fa-48,fa-7,2023,7,14,14,0,False,,6,amna-al-qubaisi,mp-motorsport,8,18:02.930,1082930,49134,,False,7,2:11.260,131260,145.541
fa-48,fa-7,2023,7,15,,0,False,Ret,15,marta-garcia,prema-racing,4,8:49.846,529846,,,False,2,2:10.779,130779,147.636
fa-49,fa-7,2023,7,1,1,28,True,,11,jessica-edgar,rodin-carlin,12,25:45.591,1545591,,,True,4,2:08.225,128225,153.338
fa-49,fa-7,2023,7,2,2,18,False,,1,nerea-marti,campos-racing,12,25:48.146,1548146,2555,,False,6,2:08.503,128503,153.085
fa-49,fa-7,2023,7,3,3,15,False,,15,marta-garcia,prema-racing,12,25:48.367,1548367,2776,,False,6,2:08.576,128576,153.063
fa-49,fa-7,2023,7,4,4,12,False,,7,lena-buhler,art-grand-prix,12,25:48.974,1548974,3383,,False,5,2:08.606,128606,153.003
fa-49,fa-7,2023,7,5,5,10,False,,4,hamda-al-qubaisi,mp-motorsport,12,25:49.489,1549489,3898,,False,4,2:08.737,128737,152.952
fa-49,fa-7,2023,7,6,6,8,False,,10,abbi-pulling,rodin-carlin,12,25:50.704,1550704,5113,,False,8,2:08.620,128620,152.833
fa-49,fa-7,2023,7,7,7,6,False,,5,emely-de-heus,mp-motorsport,12,26:01.367,1561367,15776,,False,12,2:09.301,129301,151.789
fa-49,fa-7,2023,7,8,8,4,False,,14,chloe-chong,prema-racing,12,26:01.968,1561968,16377,,False,7,2:09.597,129597,151.730
fa-49,fa-7,2023,7,9,9,2,False,,9,chloe-grant,art-grand-prix,12,26:02.963,1562963,17372,,False,6,2:09.625,129625,151.634
fa-49,fa-7,2023,7,10,10,1,False,,6,amna-al-qubaisi,mp-motorsport,12,26:09.605,1569605,24014,,False,6,2:09.757,129757,150.992
fa-49,fa-7,2023,7,11,11,0,False,,12,megan-gilkes,rodin-carlin,12,26:14.128,1574128,28537,,False,9,2:09.862,129862,150.558
fa-49,fa-7,2023,7,12,12,0,False,,3,maite-caceres,campos-racing,12,26:16.269,1576269,30678,,False,10,2:09.993,129993,150.354
fa-49,fa-7,2023,7,13,13,0,False,,16,bianca-bustamante,prema-racing,12,26:25.633,1585633,40042,,False,8,2:09.348,129348,149.466
fa-49,fa-7,2023,7,14,14,0,False,,8,carrie-schreiner,art-grand-prix,12,26:26.931,1586931,41340,,False,5,2:10.099,130099,149.344
fa-49,fa-7,2023,7,15,15,0,False,,2,lola-lovinfosse,campos-racing,12,26:36.195,1596195,50604,,False,8,2:09.483,129483,148.477
fa-76,fa-8,2024,1,1,1,,False,,28,doriane-pin,prema-racing,15,2:04.889,124889,,,False,14:42:56,2:04.889,124889,177.969
fa-76,fa-8,2024,1,2,2,,False,,9,abbi-pulling,rodin-motorsport,15,2:05.101,125101,212,,False,14:46:08,2:05.101,125101,177.667
fa-76,fa-8,2024,1,3,3,,False,,57,lia-block,art-grand-prix,15,2:05.646,125646,757,,False,14:46:43,2:05.646,125646,176.896
fa-76,fa-8,2024,1,4,4,,False,,30,nerea-marti,campos-racing,15,2:05.674,125674,785,,False,14:45:06,2:05.674,125674,176.857
fa-76,fa-8,2024,1,5,5,,False,,64,maya-weug,prema-racing,15,2:05.858,125858,969,,False,14:45:05,2:05.858,125858,176.599
fa-76,fa-8,2024,1,6,6,,False,,3,lola-lovinfosse,rodin-motorsport,14,2:05.939,125939,1050,,False,14:41:37,2:05.939,125939,176.485
fa-76,fa-8,2024,1,7,7,,False,,14,chloe-chambers,campos-racing,16,2:05.966,125966,1077,,False,14:47:05,2:05.966,125966,176.447
fa-76,fa-8,2024,1,8,8,,False,,15,carrie-schreiner,campos-racing,15,2:06.201,126201,1312,,False,14:46:37,2:06.201,126201,176.119
fa-76,fa-8,2024,1,9,9,,False,,19,tina-hausmann,prema-racing,16,2:06.354,126354,1465,,False,14:45:19,2:06.354,126354,175.905
fa-76,fa-8,2024,1,10,10,,False,,17,jessica-edgar,rodin-motorsport,14,2:06.355,126355,1466,,False,14:42:18,2:06.355,126355,175.904
fa-76,fa-8,2024,1,11,11,,False,,88,amna-al-qubaisi,mp-motorsport,15,2:06.363,126363,1474,,False,14:45:21,2:06.363,126363,175.893
fa-76,fa-8,2024,1,12,12,,False,,22,aurelia-nobels,art-grand-prix,15,2:06.528,126528,1639,,False,14:42:34,2:06.528,126528,175.663
fa-76,fa-8,2024,1,13,13,,False,,16,bianca-bustamante,art-grand-prix,15,2:06.528,126528,1639,,False,14:46:02,2:06.528,126528,175.663
fa-76,fa-8,2024,1,14,14,,False,,7,emely-de-heus,mp-motorsport,15,2:06.598,126598,1709,,False,14:44:23,2:06.598,126598,175.566
fa-76,fa-8,2024,1,15,15,,False,,8,hamda-al-qubaisi,mp-motorsport,16,2:06.971,126971,2082,,False,14:40:31,2:06.971,126971,175.050
fa-76,fa-8,2024,1,16,16,,False,,18,reema-juffali,prema-racing,16,2:07.197,127197,2308,,False,14:45:25,2:07.197,127197,174.739
fa-81,fa-8,2024,1,1,1,,False,,28,doriane-pin,prema-racing,13,2:03.472,123472,,,False,,2:03.472,123472,
fa-81,fa-8,2024,1,2,2,,False,,9,abbi-pulling,rodin-motorsport,13,2:04.257,124257,785,,False,,2:04.257,124257,
fa-81,fa-8,2024,1,3,3,,False,,64,maya-weug,prema-racing,13,2:04.530,124530,1058,,False,,2:04.530,124530,
fa-81,fa-8,2024,1,4,4,,False,,30,nerea-marti,campos-racing,10,2:04.899,124899,1427,,False,,2:04.899,124899,
fa-81,fa-8,2024,1,5,5,,False,,16,bianca-bustamante,art-grand-prix,13,2:04.937,124937,1465,,False,,2:04.937,124937,
fa-81,fa-8,2024,1,6,6,,False,,3,lola-lovinfosse,rodin-motorsport,12,2:04.972,124972,1500,,False,,2:04.972,124972,
fa-81,fa-8,2024,1,7,7,,False,,57,lia-block,art-grand-prix,12,2:05.087,125087,1615,,False,,2:05.087,125087,
fa-81,fa-8,2024,1,8,8,,False,,14,chloe-chambers,campos-racing,10,2:05.192,125192,1720,,False,,2:05.192,125192,
fa-81,fa-8,2024,1,9,9,,False,,22,aurelia-nobels,art-grand-prix,13,2:05.315,125315,1843,,False,,2:05.315,125315,
fa-81,fa-8,2024,1,10,10,,False,,17,jessica-edgar,rodin-motorsport,13,2:05.364,125364,1892,,False,,2:05.364,125364,
fa-81,fa-8,2024,1,11,11,,False,,19,tina-hausmann,prema-racing,13,2:05.413,125413,1941,,False,,2:05.413,125413,
fa-81,fa-8,2024,1,12,12,,False,,15,carrie-schreiner,campos-racing,10,2:05.665,125665,2193,,False,,2:05.665,125665,
fa-81,fa-8,2024,1,13,13,,False,,8,hamda-al-qubaisi,mp-motorsport,11,2:05.997,125997,2525,,False,,2:05.997,125997,
fa-81,fa-8,2024,1,14,14,,False,,18,reema-juffali,prema-racing,12,2:06.112,126112,2640,,False,,2:06.112,126112,
fa-81,fa-8,2024,1,15,15,,False,,88,amna-al-qubaisi,mp-motorsport,11,2:06.163,126163,2691,,False,,2:06.163,126163,
fa-81,fa-8,2024,1,16,16,,False,,7,emely-de-heus,mp-motorsport,11,2:06.276,126276,2804,,False,,2:06.276,126276,
fa-82,fa-8,2024,1,1,1,,False,,28,doriane-pin,prema-racing,13,2:03.699,123699,,,False,,2:03.699,123699,
fa-82,fa-8,2024,1,2,2,,False,,9,abbi-pulling,rodin-motorsport,13,2:04.383,124383,684,,False,,2:04.383,124383,
fa-82,fa-8,2024,1,3,3,,False,,64,maya-weug,prema-racing,13,2:04.715,124715,1016,,False,,2:04.715,124715,
fa-82,fa-8,2024,1,4,4,,False,,3,lola-lovinfosse,rodin-motorsport,12,2:05.059,125059,1360,,False,,2:05.059,125059,
fa-82,fa-8,2024,1,5,5,,False,,30,nerea-marti,campos-racing,10,2:05.176,125176,1477,,False,,2:05.176,125176,
fa-82,fa-8,2024,1,6,6,,False,,14,chloe-chambers,campos-racing,10,2:05.449,125449,1750,,False,,2:05.449,125449,
fa-82,fa-8,2024,1,7,7,,False,,19,tina-hausmann,prema-racing,13,2:05.512,125512,1813,,False,,2:05.512,125512,
fa-82,fa-8,2024,1,8,8,,False,,22,aurelia-nobels,art-grand-prix,13,2:05.513,125513,1814,,False,,2:05.513,125513,
fa-82,fa-8,2024,1,9,9,,False,,17,jessica-edgar,rodin-motorsport,13,2:05.562,125562,1863,,False,,2:05.562,125562,
fa-82,fa-8,2024,1,10,10,,False,,16,bianca-bustamante,art-grand-prix,13,2:05.619,125619,1920,,False,,2:05.619,125619,
fa-82,fa-8,2024,1,11,11,,False,,15,carrie-schreiner,campos-racing,10,2:05.685,125685,1986,,False,,2:05.685,125685,
fa-82,fa-8,2024,1,12,12,,False,,8,hamda-al-qubaisi,mp-motorsport,11,2:06.110,126110,2411,,False,,2:06.110,126110,
fa-82,fa-8,2024,1,13,13,,False,,57,lia-block,art-grand-prix,12,2:06.198,126198,2499,,False,,2:06.198,126198,
fa-82,fa-8,2024,1,14,14,,False,,88,amna-al-qubaisi,mp-motorsport,11,2:06.207,126207,2508,,False,,2:06.207,126207,
fa-82,fa-8,2024,1,15,15,,False,,18,reema-juffali,prema-racing,12,2:06.278,126278,2579,,False,,2:06.278,126278,
fa-82,fa-8,2024,1,16,16,,False,,7,emely-de-heus,mp-motorsport,11,2:06.283,126283,2584,,False,,2:06.283,126283,
fa-78,fa-8,2024,1,1,1,27,True,,28,doriane-pin,prema-racing,12,26:50.962,1610962,,,False,8,2:04.678,124678,165.005
fa-78,fa-8,2024,1,2,2,19,False,,9,abbi-pulling,rodin-motorsport,12,26:51.810,1611810,848,,True,10,2:04.639,124639,164.918
fa-78,fa-8,2024,1,3,3,15,False,,64,maya-weug,prema-racing,12,26:57.880,1617880,6918,,False,11,2:05.443,125443,164.299
fa-78,fa-8,2024,1,4,4,12,False,,14,chloe-chambers,campos-racing,12,27:02.657,1622657,11695,,False,10,2:05.709,125709,163.815
fa-78,fa-8,2024,1,5,5,10,False,,16,bianca-bustamante,art-grand-prix,12,27:04.918,1624918,13956,,False,12,2:06.085,126085,163.587
fa-78,fa-8,2024,1,6,6,8,False,,19,tina-hausmann,prema-racing,12,27:11.015,1631015,20053,,False,10,2:06.333,126333,162.976
fa-78,fa-8,2024,1,7,7,6,False,,22,aurelia-nobels,art-grand-prix,12,27:13.703,1633703,22741,,False,11,2:06.789,126789,162.708
fa-78,fa-8,2024,1,8,8,4,False,,3,lola-lovinfosse,rodin-motorsport,12,27:14.218,1634218,23250,,False,11,2:05.656,125656,163.658
fa-78,fa-8,2024,1,9,9,2,False,,8,hamda-al-qubaisi,mp-motorsport,12,27:14.377,1634377,23415,,False,12,2:07.001,127001,162.641
fa-78,fa-8,2024,1,10,10,1,False,,15,carrie-schreiner,campos-racing,12,27:15.615,1635615,24653,,False,8,2:06.896,126896,162.517
fa-78,fa-8,2024,1,11,11,0,False,,18,reema-juffali,prema-racing,12,27:15.987,1635987,25025,,False,8,2:06.863,126863,162.480
fa-78,fa-8,2024,1,12,12,0,False,,7,emely-de-heus,mp-motorsport,12,27:16.983,1636983,26021,,False,8,2:06.354,126354,162.382
fa-78,fa-8,2024,1,13,13,0,False,,88,amna-al-qubaisi,mp-motorsport,12,27:31.883,1651883,40921,,False,6,2:06.651,126651,160.917
fa-78,fa-8,2024,1,14,14,0,False,Ret,30,nerea-marti,campos-racing,11,24:54.851,1494851,,,False,8,2:05.801,125801,162.952
fa-78,fa-8,2024,1,15,15,0,False,,17,jessica-edgar,rodin-motorsport,11,27:08.827,1628827,,1,False,9,2:05.850,125850,149.549
fa-78,fa-8,2024,1,16,16,0,False,Ret,57,lia-block,art-grand-prix,10,22:53.039,1373039,,,False,10,2:05.409,125409,161.221
fa-79,fa-8,2024,1,1,1,25,False,,9,abbi-pulling,rodin-motorsport,13,32:03.265,1923265,,,False,12,2:04.589,124589,149.767
fa-79,fa-8,2024,1,2,2,18,False,,64,maya-weug,prema-racing,13,32:06.647,1926647,3382,,False,13,2:05.457,125457,149.504
fa-79,fa-8,2024,1,3,3,15,False,,30,nerea-marti,campos-racing,13,32:08.105,1928105,4840,,False,12,2:05.597,125597,149.391
fa-79,fa-8,2024,1,4,4,12,False,,17,jessica-edgar,rodin-motorsport,13,32:08.753,1928753,5488,,False,13,2:05.509,125509,149.341
fa-79,fa-8,2024,1,5,5,10,False,,8,hamda-al-qubaisi,mp-motorsport,13,32:16.530,1936530,13260,,False,12,2:06.172,126172,148.741
fa-79,fa-8,2024,1,6,6,8,False,,16,bianca-bustamante,art-grand-prix,13,32:18.631,1938631,15360,,False,13,2:05.979,125979,148.580
fa-79,fa-8,2024,1,7,7,6,False,,15,carrie-schreiner,campos-racing,13,32:18.786,1938786,15520,,False,13,2:06.587,126587,148.568
fa-79,fa-8,2024,1,8,8,4,False,,88,amna-al-qubaisi,mp-motorsport,13,32:20.135,1940135,16870,,False,12,2:05.806,125806,148.465
fa-79,fa-8,2024,1,9,9,5,True,,28,doriane-pin,prema-racing,13,32:21.271,1941271,18000,,True,13,2:04.259,124259,148.378
fa-79,fa-8,2024,1,10,10,1,False,,14,chloe-chambers,campos-racing,13,32:26.344,1946344,23070,,False,12,2:06.252,126252,147.991
fa-79,fa-8,2024,1,11,11,0,False,,57,lia-block,art-grand-prix,13,32:26.429,1946429,23160,,False,12,2:06.368,126368,147.985
fa-79,fa-8,2024,1,12,12,0,False,,7,emely-de-heus,mp-motorsport,13,32:27.861,1947861,24590,,False,13,2:06.013,126013,147.876
fa-79,fa-8,2024,1,13,13,0,False,,19,tina-hausmann,prema-racing,12,32:21.656,1941656,24590,,False,12,2:07.684,127684,136.902
fa-79,fa-8,2024,1,14,14,0,False,Ret,22,aurelia-nobels,art-grand-prix,10,26:22.762,1582762,,,False,2,2:07.243,127243,139.859
fa-79,fa-8,2024,1,15,15,0,False,Ret,18,reema-juffali,prema-racing,5,12:19.389,739389,,,False,5,2:09.154,129154,149.085
fa-79,fa-8,2024,1,16,16,0,False,Ret,3,lola-lovinfosse,rodin-motorsport,4,10:21.928,621928,,,False,2,2:07.554,127554,141.504
fa-94,fa-9,2024,2,1,1,,False,,28,doriane-pin,prema-racing,19,1:59.949,119949,,,False,10:34:04,1:59.949,119949,162.429
fa-94,fa-9,2024,2,2,2,,False,,9,abbi-pulling,rodin-motorsport,20,2:00.019,120019,70,,False,10:31:04,2:00.019,120019,162.334
fa-94,fa-9,2024,2,3,3,,False,,16,bianca-bustamante,art-grand-prix,19,2:00.268,120268,319,,False,10:34:39,2:00.268,120268,161.998
fa-94,fa-9,2024,2,4,4,,False,,30,nerea-marti,campos-racing,19,2:00.362,120362,413,,False,10:40:48,2:00.362,120362,161.871
fa-94,fa-9,2024,2,5,5,,False,,64,maya-weug,prema-racing,19,2:00.397,120397,448,,False,10:38:59,2:00.397,120397,161.824
fa-94,fa-9,2024,2,6,6,,False,,14,chloe-chambers,campos-racing,19,2:00.690,120690,741,,False,10:34:54,2:00.690,120690,161.431
fa-94,fa-9,2024,2,7,7,,False,,7,emely-de-heus,mp-motorsport,19,2:00.712,120712,763,,False,10:38:31,2:00.712,120712,161.402
fa-94,fa-9,2024,2,8,8,,False,,17,jessica-edgar,rodin-motorsport,19,2:00.772,120772,823,,False,10:30:51,2:00.772,120772,161.322
fa-94,fa-9,2024,2,9,9,,False,,22,aurelia-nobels,art-grand-prix,19,2:00.791,120791,842,,False,10:38:07,2:00.791,120791,161.296
fa-94,fa-9,2024,2,10,10,,False,,57,lia-block,art-grand-prix,19,2:00.826,120826,877,,False,10:36:17,2:00.826,120826,161.250
fa-94,fa-9,2024,2,11,11,,False,,15,carrie-schreiner,campos-racing,20,2:00.865,120865,916,,False,10:41:09,2:00.865,120865,161.198
fa-94,fa-9,2024,2,12,12,,False,,88,amna-al-qubaisi,mp-motorsport,19,2:01.141,121141,1192,,False,10:29:06,2:01.141,121141,160.830
fa-94,fa-9,2024,2,13,13,,False,,3,lola-lovinfosse,rodin-motorsport,19,2:01.182,121182,1233,,False,10:40:12,2:01.182,121182,160.776
fa-94,fa-9,2024,2,14,14,,False,,19,tina-hausmann,prema-racing,18,2:01.202,121202,1253,,False,10:36:03,2:01.202,121202,160.749
fa-94,fa-9,2024,2,15,15,,False,,8,hamda-al-qubaisi,mp-motorsport,19,2:01.514,121514,1565,,False,10:37:40,2:01.514,121514,160.337
fa-94,fa-9,2024,2,16,16,,False,,77,courtney-crone,prema-racing,19,2:02.187,122187,2238,,False,10:38:55,2:02.187,122187,159.453
fa-125,fa-9,2024,2,1,1,,False,,9,abbi-pulling,rodin-motorsport,19,1:59.237,119237,,,False,16:04:33,1:59.237,119237,163.398
fa-125,fa-9,2024,2,2,2,,False,,28,doriane-pin,prema-racing,17,1:59.437,119437,200,,False,16:06:08,1:59.437,119437,163.125
fa-125,fa-9,2024,2,3,3,,False,,30,nerea-marti,campos-racing,16,1:59.634,119634,397,,False,15:56:13,1:59.634,119634,162.856
fa-125,fa-9,2024,2,4,4,,False,,14,chloe-chambers,campos-racing,15,1:59.681,119681,444,,False,15:58:39,1:59.681,119681,162.792
fa-125,fa-9,2024,2,5,5,,False,,22,aurelia-nobels,art-grand-prix,18,1:59.725,119725,488,,False,16:06:42,1:59.725,119725,162.732
fa-125,fa-9,2024,2,6,6,,False,,64,maya-weug,prema-racing,17,1:59.790,119790,553,,False,15:57:57,1:59.790,119790,162.644
fa-125,fa-9,2024,2,7,7,,False,,16,bianca-bustamante,art-grand-prix,17,1:59.792,119792,555,,False,15:58:04,1:59.792,119792,162.641
fa-125,fa-9,2024,2,8,8,,False,,88,amna-al-qubaisi,mp-motorsport,18,2:00.043,120043,806,,False,15:58:48,2:00.043,120043,162.301
fa-125,fa-9,2024,2,9,9,,False,,7,emely-de-heus,mp-motorsport,19,2:00.244,120244,1007,,False,15:59:06,2:00.244,120244,162.030
fa-125,fa-9,2024,2,10,10,,False,,8,hamda-al-qubaisi,mp-motorsport,18,2:00.299,120299,1062,,False,15:58:47,2:00.299,120299,161.956
fa-125,fa-9,2024,2,11,11,,False,,19,tina-hausmann,prema-racing,17,2:00.321,120321,1084,,False,15:58:10,2:00.321,120321,161.926
fa-125,fa-9,2024,2,12,12,,False,,3,lola-lovinfosse,rodin-motorsport,17,2:00.448,120448,1211,,False,16:00:44,2:00.448,120448,161.756
fa-125,fa-9,2024,2,13,13,,False,,57,lia-block,art-grand-prix,16,2:00.462,120462,1225,,False,15:58:24,2:00.462,120462,161.737
fa-125,fa-9,2024,2,14,14,,False,,17,jessica-edgar,rodin-motorsport,18,2:00.556,120556,1319,,False,15:58:07,2:00.556,120556,161.611
fa-125,fa-9,2024,2,15,15,,False,,15,carrie-schreiner,campos-racing,17,2:00.617,120617,1380,,False,16:04:29,2:00.617,120617,161.529
fa-125,fa-9,2024,2,16,16,,False,,77,courtney-crone,prema-racing,17,2:00.973,120973,1736,,False,16:06:39,2:00.973,120973,161.054
fa-135,fa-9,2024,2,1,1,,False,,9,abbi-pulling,rodin-motorsport,15,1:58.507,118507,,,False,10:51:23,1:58.507,118507,164.405
fa-135,fa-9,2024,2,2,2,,False,,28,doriane-pin,prema-racing,14,1:59.081,119081,574,,False,10:50:33,1:59.081,119081,163.613
fa-135,fa-9,2024,2,3,3,,False,,8,hamda-al-qubaisi,mp-motorsport,13,1:59.096,119096,589,,False,10:49:43,1:59.096,119096,163.592
fa-135,fa-9,2024,2,4,4,,False,,16,bianca-bustamante,art-grand-prix,13,1:59.115,119115,608,,False,10:54:11,1:59.115,119115,163.566
fa-135,fa-9,2024,2,5,5,,False,,64,maya-weug,prema-racing,13,1:59.307,119307,800,,False,10:53:19,1:59.307,119307,163.303
fa-135,fa-9,2024,2,6,6,,False,,30,nerea-marti,campos-racing,14,1:59.349,119349,842,,False,10:49:41,1:59.349,119349,163.245
fa-135,fa-9,2024,2,7,7,,False,,14,chloe-chambers,campos-racing,14,1:59.378,119378,871,,False,10:47:42,1:59.378,119378,163.205
fa-135,fa-9,2024,2,8,8,,False,,22,aurelia-nobels,art-grand-prix,13,1:59.429,119429,922,,False,10:56:13,1:59.429,119429,163.136
fa-135,fa-9,2024,2,9,9,,False,,19,tina-hausmann,prema-racing,13,1:59.591,119591,1084,,False,10:55:21,1:59.591,119591,162.915
fa-135,fa-9,2024,2,10,10,,False,,3,lola-lovinfosse,rodin-motorsport,15,1:59.607,119607,1100,,False,10:52:08,1:59.607,119607,162.893
fa-135,fa-9,2024,2,11,11,,False,,17,jessica-edgar,rodin-motorsport,15,1:59.688,119688,1181,,False,10:53:18,1:59.688,119688,162.783
fa-135,fa-9,2024,2,12,12,,False,,57,lia-block,art-grand-prix,14,1:59.713,119713,1206,,False,10:56:21,1:59.713,119713,162.749
fa-135,fa-9,2024,2,13,13,,False,,15,carrie-schreiner,campos-racing,14,1:59.932,119932,1425,,False,10:55:54,1:59.932,119932,162.452
fa-135,fa-9,2024,2,14,14,,False,,7,emely-de-heus,mp-motorsport,14,1:59.938,119938,1431,,False,10:56:17,1:59.938,119938,162.443
fa-135,fa-9,2024,2,15,15,,False,,88,amna-al-qubaisi,mp-motorsport,14,2:00.019,120019,1512,,False,10:48:28,2:00.019,120019,162.334
fa-135,fa-9,2024,2,16,16,,False,,77,courtney-crone,prema-racing,13,2:00.306,120306,1799,,False,10:51:08,2:00.306,120306,161.947
fa-136,fa-9,2024,2,1,1,,False,,9,abbi-pulling,rodin-motorsport,15,1:58.714,118714,,,False,10:49:25,1:58.714,118714,164.118
fa-136,fa-9,2024,2,2,2,,False,,16,bianca-bustamante,art-grand-prix,13,1:59.122,119122,408,,False,10:47:55,1:59.122,119122,163.556
fa-136,fa-9,2024,2,3,3,,False,,28,doriane-pin,prema-racing,14,1:59.249,119249,535,,False,10:48:34,1:59.249,119249,163.382
fa-136,fa-9,2024,2,4,4,,False,,8,hamda-al-qubaisi,mp-motorsport,13,1:59.370,119370,656,,False,10:51:42,1:59.370,119370,163.216
fa-136,fa-9,2024,2,5,5,,False,,30,nerea-marti,campos-racing,14,1:59.403,119403,689,,False,10:55:45,1:59.403,119403,163.171
fa-136,fa-9,2024,2,6,6,,False,,64,maya-weug,prema-racing,13,1:59.412,119412,698,,False,10:55:19,1:59.412,119412,163.159
fa-136,fa-9,2024,2,7,7,,False,,22,aurelia-nobels,art-grand-prix,13,1:59.500,119500,786,,False,10:54:13,1:59.500,119500,163.039
fa-136,fa-9,2024,2,8,8,,False,,14,chloe-chambers,campos-racing,14,1:59.600,119600,886,,False,10:53:52,1:59.600,119600,162.903
fa-136,fa-9,2024,2,9,9,,False,,17,jessica-edgar,rodin-motorsport,15,1:59.718,119718,1004,,False,10:51:18,1:59.718,119718,162.742
fa-136,fa-9,2024,2,10,10,,False,,19,tina-hausmann,prema-racing,13,1:59.746,119746,1032,,False,10:53:22,1:59.746,119746,162.704
fa-136,fa-9,2024,2,11,11,,False,,3,lola-lovinfosse,rodin-motorsport,15,1:59.880,119880,1166,,False,10:54:08,1:59.880,119880,162.522
fa-136,fa-9,2024,2,12,12,,False,,57,lia-block,art-grand-prix,14,1:59.899,119899,1185,,False,10:48:00,1:59.899,119899,162.496
fa-136,fa-9,2024,2,13,13,,False,,15,carrie-schreiner,campos-racing,14,2:00.009,120009,1295,,False,10:53:54,2:00.009,120009,162.347
fa-136,fa-9,2024,2,14,14,,False,,88,amna-al-qubaisi,mp-motorsport,14,2:00.055,120055,1341,,False,10:33:19,2:00.055,120055,162.285
fa-136,fa-9,2024,2,15,15,,False,,7,emely-de-heus,mp-motorsport,14,2:00.083,120083,1369,,False,10:54:17,2:00.083,120083,162.247
fa-136,fa-9,2024,2,16,16,,False,,77,courtney-crone,prema-racing,13,2:00.376,120376,1662,,False,10:53:08,2:00.376,120376,161.852
fa-97,fa-9,2024,2,1,1,27,True,,9,abbi-pulling,rodin-motorsport,13,25:58.659,1558659,,,False,8,1:59.348,119348,162.134
fa-97,fa-9,2024,2,2,2,18,False,,28,doriane-pin,prema-racing,13,26:03.907,1563907,5248,,False,9,1:59.718,119718,161.590
fa-97,fa-9,2024,2,3,3,15,False,,14,chloe-chambers,campos-racing,13,26:11.469,1571469,12810,,False,8,1:59.834,119834,160.813
fa-97,fa-9,2024,2,4,4,12,False,,30,nerea-marti,campos-racing,13,26:14.580,1574580,15921,,False,8,1:59.447,119447,160.495
fa-97,fa-9,2024,2,5,5,10,False,,8,hamda-al-qubaisi,mp-motorsport,13,26:15.456,1575456,16797,,False,9,2:00.280,120280,160.406
fa-97,fa-9,2024,2,6,6,8,False,,64,maya-weug,prema-racing,13,26:16.577,1576577,17918,,False,10,1:59.735,119735,160.292
fa-97,fa-9,2024,2,7,7,6,False,,17,jessica-edgar,rodin-motorsport,13,26:19.482,1579482,20823,,False,4,2:00.295,120295,159.997
fa-97,fa-9,2024,2,8,8,4,False,,88,amna-al-qubaisi,mp-motorsport,13,26:19.594,1579594,20935,,False,11,1:59.695,119695,159.985
fa-97,fa-9,2024,2,9,9,3,False,,16,bianca-bustamante,art-grand-prix,13,26:21.787,1581787,23128,,True,10,1:59.322,119322,159.764
fa-97,fa-9,2024,2,10,10,1,False,,3,lola-lovinfosse,rodin-motorsport,13,26:27.594,1587594,28935,,False,8,2:00.466,120466,159.179
fa-97,fa-9,2024,2,11,11,0,False,,7,emely-de-heus,mp-motorsport,13,26:34.267,1594267,35608,,False,8,2:01.067,121067,158.513
fa-97,fa-9,2024,2,12,12,0,False,,15,carrie-schreiner,campos-racing,13,26:36.410,1596410,37751,,False,8,2:01.596,121596,158.300
fa-97,fa-9,2024,2,13,13,0,False,,22,aurelia-nobels,art-grand-prix,13,26:37.147,1597147,38488,,False,9,1:59.644,119644,158.227
fa-97,fa-9,2024,2,14,14,0,False,,77,courtney-crone,prema-racing,13,26:37.147,1597147,38488,,False,5,2:01.257,121257,158.227
fa-97,fa-9,2024,2,15,15,0,False,,57,lia-block,art-grand-prix,13,26:39.111,1599111,40452,,False,12,2:00.145,120145,158.033
fa-97,fa-9,2024,2,16,,0,False,Ret,19,tina-hausmann,prema-racing,1,2:35.603,155603,,,False,,,,121.555
fa-98,fa-9,2024,2,1,1,28,True,,9,abbi-pulling,rodin-motorsport,13,26:00.656,1560656,,,True,10,1:59.490,119490,161.927
fa-98,fa-9,2024,2,2,2,18,False,,16,bianca-bustamante,art-grand-prix,13,26:04.457,1564457,3801,,False,11,1:59.718,119718,161.533
fa-98,fa-9,2024,2,3,3,15,False,,28,doriane-pin,prema-racing,13,26:05.327,1565327,4671,,False,13,1:59.704,119704,161.444
fa-98,fa-9,2024,2,4,4,12,False,,14,chloe-chambers,campos-racing,13,26:09.937,1569937,9281,,False,10,1:59.839,119839,160.970
fa-98,fa-9,2024,2,5,5,10,False,,64,maya-weug,prema-racing,13,26:13.165,1573165,12509,,False,13,1:59.929,119929,160.639
fa-98,fa-9,2024,2,6,6,8,False,,8,hamda-al-qubaisi,mp-motorsport,13,26:14.585,1574585,13929,,False,13,1:59.992,119992,160.494
fa-98,fa-9,2024,2,7,7,6,False,,30,nerea-marti,campos-racing,13,26:20.715,1580715,20059,,False,8,2:00.338,120338,159.872
fa-98,fa-9,2024,2,8,8,4,False,,88,amna-al-qubaisi,mp-motorsport,13,26:20.905,1580905,20249,,False,5,2:00.232,120232,159.853
fa-98,fa-9,2024,2,9,9,2,False,,15,carrie-schreiner,campos-racing,13,26:21.599,1581599,20943,,False,12,2:00.067,120067,159.783
fa-98,fa-9,2024,2,10,10,1,False,,57,lia-block,art-grand-prix,13,26:23.251,1583251,22595,,False,12,2:00.087,120087,159.616
fa-98,fa-9,2024,2,11,11,0,False,,77,courtney-crone,prema-racing,13,26:25.507,1585507,24851,,False,11,2:00.471,120471,159.389
fa-98,fa-9,2024,2,12,12,0,False,,7,emely-de-heus,mp-motorsport,13,26:27.061,1587061,26405,,False,12,2:00.104,120104,159.233
fa-98,fa-9,2024,2,13,13,0,False,,22,aurelia-nobels,art-grand-prix,13,26:29.250,1589250,28594,,False,13,2:00.190,120190,159.013
fa-98,fa-9,2024,2,14,14,0,False,,17,jessica-edgar,rodin-motorsport,13,26:35.590,1595590,34934,,False,8,2:00.329,120329,158.382
fa-98,fa-9,2024,2,15,15,0,False,,3,lola-lovinfosse,rodin-motorsport,13,26:47.457,1607457,46801,,False,13,2:00.090,120090,157.212
fa-98,fa-9,2024,2,16,,0,False,Ret,19,tina-hausmann,prema-racing,0,,,,,False,,,,
fa-137,fa-10,2024,3,1,1,,False,,9,abbi-pulling,rodin-motorsport,13,1:42.474,102474,,,False,09:09:53,1:42.474,102474,163.604
fa-137,fa-10,2024,3,2,2,,False,,16,bianca-bustamante,art-grand-prix,13,1:42.474,102474,0,,False,09:21:14,1:42.474,102474,163.604
fa-137,fa-10,2024,3,3,3,,False,,8,hamda-al-qubaisi,mp-motorsport,11,1:42.687,102687,213,,False,09:08:00,1:42.687,102687,163.265
fa-137,fa-10,2024,3,4,4,,False,,30,nerea-marti,campos-racing,14,1:42.699,102699,225,,False,09:07:42,1:42.699,102699,163.245
fa-137,fa-10,2024,3,5,5,,False,,57,lia-block,art-grand-prix,13,1:42.841,102841,367,,False,09:20:51,1:42.841,102841,163.020
fa-137,fa-10,2024,3,6,6,,False,,17,jessica-edgar,rodin-motorsport,14,1:43.125,103125,651,,False,09:08:30,1:43.125,103125,162.571
fa-137,fa-10,2024,3,7,7,,False,,15,carrie-schreiner,campos-racing,15,1:43.220,103220,746,,False,09:10:10,1:43.220,103220,162.422
fa-137,fa-10,2024,3,8,8,,False,,88,amna-al-qubaisi,mp-motorsport,12,1:43.281,103281,807,,False,09:09:49,1:43.281,103281,162.326
fa-137,fa-10,2024,3,9,9,,False,,22,aurelia-nobels,art-grand-prix,14,1:43.392,103392,918,,False,09:21:49,1:43.392,103392,162.151
fa-137,fa-10,2024,3,10,10,,False,,28,doriane-pin,prema-racing,14,1:43.419,103419,945,,False,09:06:53,1:43.419,103419,162.109
fa-137,fa-10,2024,3,11,11,,False,,14,chloe-chambers,campos-racing,14,1:43.426,103426,952,,False,09:07:53,1:43.426,103426,162.098
fa-137,fa-10,2024,3,12,12,,False,,19,tina-hausmann,prema-racing,14,1:43.795,103795,1321,,False,09:05:19,1:43.795,103795,161.522
fa-137,fa-10,2024,3,13,13,,False,,64,maya-weug,prema-racing,15,1:44.063,104063,1589,,False,09:08:45,1:44.063,104063,161.106
fa-137,fa-10,2024,3,14,14,,False,,7,emely-de-heus,mp-motorsport,14,1:44.158,104158,1684,,False,09:08:40,1:44.158,104158,160.959
fa-137,fa-10,2024,3,15,15,,False,,3,lola-lovinfosse,rodin-motorsport,13,1:44.209,104209,1735,,False,09:31:20,1:44.209,104209,160.880
fa-138,fa-10,2024,3,1,1,,False,,9,abbi-pulling,rodin-motorsport,14,1:41.396,101396,,,False,18:56:42,1:41.396,101396,165.343
fa-138,fa-10,2024,3,2,2,,False,,14,chloe-chambers,campos-racing,12,1:41.455,101455,59,,False,18:55:55,1:41.455,101455,165.247
fa-138,fa-10,2024,3,3,3,,False,,30,nerea-marti,campos-racing,11,1:41.529,101529,133,,False,18:55:30,1:41.529,101529,165.127
fa-138,fa-10,2024,3,4,4,,False,,28,doriane-pin,prema-racing,11,1:41.780,101780,384,,False,18:59:17,1:41.780,101780,164.719
fa-138,fa-10,2024,3,5,5,,False,,16,bianca-bustamante,art-grand-prix,12,1:41.921,101921,525,,False,18:53:51,1:41.921,101921,164.492
fa-138,fa-10,2024,3,6,6,,False,,19,tina-hausmann,prema-racing,11,1:41.993,101993,597,,False,18:57:23,1:41.993,101993,164.375
fa-138,fa-10,2024,3,7,7,,False,,8,hamda-al-qubaisi,mp-motorsport,12,1:42.123,102123,727,,False,18:57:47,1:42.123,102123,164.166
fa-138,fa-10,2024,3,8,8,,False,,57,lia-block,art-grand-prix,12,1:42.233,102233,837,,False,18:54:02,1:42.233,102233,163.990
fa-138,fa-10,2024,3,9,9,,False,,17,jessica-edgar,rodin-motorsport,13,1:42.234,102234,838,,False,18:55:09,1:42.234,102234,163.988
fa-138,fa-10,2024,3,10,10,,False,,3,lola-lovinfosse,rodin-motorsport,12,1:42.376,102376,980,,False,18:58:07,1:42.376,102376,163.761
fa-138,fa-10,2024,3,11,11,,False,,7,emely-de-heus,mp-motorsport,13,1:42.419,102419,1023,,False,18:56:18,1:42.419,102419,163.692
fa-138,fa-10,2024,3,12,12,,False,,64,maya-weug,prema-racing,11,1:42.445,102445,1049,,False,18:57:44,1:42.445,102445,163.650
fa-138,fa-10,2024,3,13,13,,False,,88,amna-al-qubaisi,mp-motorsport,13,1:42.495,102495,1099,,False,18:56:09,1:42.495,102495,163.570
fa-138,fa-10,2024,3,14,14,,False,,15,carrie-schreiner,campos-racing,15,1:42.502,102502,1106,,False,18:57:18,1:42.502,102502,163.559
fa-138,fa-10,2024,3,15,15,,False,,22,aurelia-nobels,art-grand-prix,12,1:42.755,102755,1359,,False,18:55:59,1:42.755,102755,163.157
fa-139,fa-10,2024,3,1,1,,False,,9,abbi-pulling,rodin-motorsport,14,1:41.544,101544,,,False,18:55:01,1:41.544,101544,165.102
fa-139,fa-10,2024,3,2,2,,False,,14,chloe-chambers,campos-racing,12,1:41.620,101620,76,,False,18:59:20,1:41.620,101620,164.979
fa-139,fa-10,2024,3,3,3,,False,,28,doriane-pin,prema-racing,11,1:41.799,101799,255,,False,18:57:35,1:41.799,101799,164.689
fa-139,fa-10,2024,3,4,4,,False,,30,nerea-marti,campos-racing,11,1:41.922,101922,378,,False,18:57:12,1:41.922,101922,164.490
fa-139,fa-10,2024,3,5,5,,False,,8,hamda-al-qubaisi,mp-motorsport,12,1:42.248,102248,704,,False,18:56:05,1:42.248,102248,163.966
fa-139,fa-10,2024,3,6,6,,False,,57,lia-block,art-grand-prix,12,1:42.264,102264,720,,False,18:55:44,1:42.264,102264,163.940
fa-139,fa-10,2024,3,7,7,,False,,19,tina-hausmann,prema-racing,11,1:42.269,102269,725,,False,18:59:05,1:42.269,102269,163.932
fa-139,fa-10,2024,3,8,8,,False,,16,bianca-bustamante,art-grand-prix,12,1:42.315,102315,771,,False,18:55:33,1:42.315,102315,163.858
fa-139,fa-10,2024,3,9,9,,False,,17,jessica-edgar,rodin-motorsport,13,1:42.320,102320,776,,False,18:53:27,1:42.320,102320,163.850
fa-139,fa-10,2024,3,10,10,,False,,3,lola-lovinfosse,rodin-motorsport,12,1:42.378,102378,834,,False,18:56:25,1:42.378,102378,163.757
fa-139,fa-10,2024,3,11,11,,False,,7,emely-de-heus,mp-motorsport,13,1:42.526,102526,982,,False,18:54:36,1:42.526,102526,163.521
fa-139,fa-10,2024,3,12,12,,False,,15,carrie-schreiner,campos-racing,15,1:42.556,102556,1012,,False,18:55:35,1:42.556,102556,163.473
fa-139,fa-10,2024,3,13,13,,False,,64,maya-weug,prema-racing,11,1:42.561,102561,1017,,False,18:59:27,1:42.561,102561,163.465
fa-139,fa-10,2024,3,14,14,,False,,22,aurelia-nobels,art-grand-prix,12,1:42.890,102890,1346,,False,18:57:42,1:42.890,102890,162.942
fa-139,fa-10,2024,3,15,15,,False,,88,amna-al-qubaisi,mp-motorsport,13,1:43.012,103012,1468,,False,18:57:52,1:43.012,103012,162.749
fa-102,fa-10,2024,3,1,1,28,True,,9,abbi-pulling,rodin-motorsport,16,30:12.693,1812693,,,True,8,1:42.482,102482,147.730
fa-102,fa-10,2024,3,2,2,18,False,,30,nerea-marti,campos-racing,16,30:17.421,1817421,4728,,False,8,1:42.974,102974,147.345
fa-102,fa-10,2024,3,3,3,15,False,,14,chloe-chambers,campos-racing,16,30:18.156,1818156,5463,,False,10,1:43.137,103137,147.286
fa-102,fa-10,2024,3,4,4,12,False,,16,bianca-bustamante,art-grand-prix,16,30:18.554,1818554,5861,,False,9,1:43.086,103086,147.254
fa-102,fa-10,2024,3,5,5,10,False,,8,hamda-al-qubaisi,mp-motorsport,16,30:20.948,1820948,8255,,False,10,1:43.200,103200,147.060
fa-102,fa-10,2024,3,6,6,8,False,,7,emely-de-heus,mp-motorsport,16,30:25.058,1825058,12365,,False,12,1:43.522,103522,146.729
fa-102,fa-10,2024,3,7,7,6,False,,28,doriane-pin,prema-racing,16,30:28.504,1828504,15811,,False,16,1:42.826,102826,146.452
fa-102,fa-10,2024,3,8,8,4,False,,17,jessica-edgar,rodin-motorsport,16,30:29.393,1829393,16700,,False,10,1:43.430,103430,146.381
fa-102,fa-10,2024,3,9,9,2,False,,19,tina-hausmann,prema-racing,16,30:33.050,1833050,20357,,False,9,1:44.210,104210,146.089
fa-102,fa-10,2024,3,10,10,1,False,,57,lia-block,art-grand-prix,16,30:33.888,1833888,21195,,False,9,1:44.205,104205,146.022
fa-102,fa-10,2024,3,11,11,0,False,,3,lola-lovinfosse,rodin-motorsport,16,30:34.286,1834286,21593,,False,11,1:44.107,104107,145.991
fa-102,fa-10,2024,3,12,12,0,False,,15,carrie-schreiner,campos-racing,16,30:36.000,1836000,23307,,False,10,1:44.347,104347,145.854
fa-102,fa-10,2024,3,13,13,0,False,,22,aurelia-nobels,art-grand-prix,16,30:36.433,1836433,23740,,False,10,1:44.282,104282,145.820
fa-102,fa-10,2024,3,14,,0,False,Ret,64,maya-weug,prema-racing,0,,,,,False,,,,
fa-102,fa-10,2024,3,15,,0,False,Ret,88,amna-al-qubaisi,mp-motorsport,0,,,,,False,,,,
fa-103,fa-10,2024,3,1,1,26,False,,14,chloe-chambers,campos-racing,16,27:50.857,1670857,,,True,3,1:42.942,102942,160.270
fa-103,fa-10,2024,3,2,2,20,True,,9,abbi-pulling,rodin-motorsport,16,27:57.552,1677552,6695,,False,3,1:43.030,103030,159.631
fa-103,fa-10,2024,3,3,3,15,False,,8,hamda-al-qubaisi,mp-motorsport,16,27:57.874,1677874,7017,,False,5,1:43.303,103303,159.600
fa-103,fa-10,2024,3,4,4,12,False,,30,nerea-marti,campos-racing,16,28:00.219,1680219,9362,,False,3,1:43.105,103105,159.377
fa-103,fa-10,2024,3,5,5,10,False,,28,doriane-pin,prema-racing,16,28:00.663,1680663,9806,,False,4,1:43.230,103230,159.335
fa-103,fa-10,2024,3,6,6,8,False,,57,lia-block,art-grand-prix,16,28:06.279,1686279,15422,,False,3,1:44.077,104077,158.805
fa-103,fa-10,2024,3,7,7,6,False,,16,bianca-bustamante,art-grand-prix,16,28:06.317,1686317,15460,,False,4,1:43.208,103208,158.801
fa-103,fa-10,2024,3,8,8,4,False,,19,tina-hausmann,prema-racing,16,28:12.870,1692870,22013,,False,3,1:44.036,104036,158.186
fa-103,fa-10,2024,3,9,9,2,False,,3,lola-lovinfosse,rodin-motorsport,16,28:15.882,1695882,25025,,False,4,1:44.302,104302,157.905
fa-103,fa-10,2024,3,10,10,1,False,,7,emely-de-heus,mp-motorsport,16,28:16.660,1696660,25803,,False,4,1:44.089,104089,157.833
fa-103,fa-10,2024,3,11,11,0,False,,15,carrie-schreiner,campos-racing,16,28:17.598,1697598,26741,,False,5,1:44.221,104221,157.746
fa-103,fa-10,2024,3,12,12,0,False,,88,amna-al-qubaisi,mp-motorsport,16,28:18.521,1698521,27664,,False,6,1:44.353,104353,157.660
fa-103,fa-10,2024,3,13,13,0,False,,64,maya-weug,prema-racing,16,28:19.368,1699368,28511,,False,4,1:44.523,104523,157.581
fa-103,fa-10,2024,3,14,14,0,False,,22,aurelia-nobels,art-grand-prix,16,28:20.861,1700861,30004,,False,4,1:44.214,104214,157.443
fa-103,fa-10,2024,3,15,15,0,False,,17,jessica-edgar,rodin-motorsport,16,28:28.668,1708668,37811,,False,3,1:44.028,104028,156.724
fa-104,fa-11,2024,4,1,1,,False,,9,abbi-pulling,rodin-motorsport,11,1:38.066,98066,,,False,10:35:58,1:38.066,98066,156.347
fa-104,fa-11,2024,4,2,2,,False,,28,doriane-pin,prema-racing,10,1:38.370,98370,304,,False,10:40:36,1:38.370,98370,155.864
fa-104,fa-11,2024,4,3,3,,False,,16,bianca-bustamante,art-grand-prix,14,1:38.377,98377,311,,False,10:41:06,1:38.377,98377,155.853
fa-104,fa-11,2024,4,4,4,,False,,8,hamda-al-qubaisi,mp-motorsport,10,1:38.400,98400,334,,False,10:31:43,1:38.400,98400,155.817
fa-104,fa-11,2024,4,5,5,,False,,64,maya-weug,prema-racing,10,1:38.442,98442,376,,False,10:39:49,1:38.442,98442,155.750
fa-104,fa-11,2024,4,6,6,,False,,30,nerea-marti,campos-racing,13,1:38.455,98455,389,,False,10:39:55,1:38.455,98455,155.730
fa-104,fa-11,2024,4,7,7,,False,,4,nina-gademan,prema-racing,11,1:38.487,98487,421,,False,10:39:32,1:38.487,98487,155.679
fa-104,fa-11,2024,4,8,8,,False,,7,emely-de-heus,mp-motorsport,17,1:38.681,98681,615,,False,10:39:10,1:38.681,98681,155.373
fa-104,fa-11,2024,4,9,9,,False,,17,jessica-edgar,rodin-motorsport,12,1:38.699,98699,633,,False,10:39:26,1:38.699,98699,155.345
fa-104,fa-11,2024,4,10,10,,False,,15,carrie-schreiner,campos-racing,13,1:38.729,98729,663,,False,10:40:06,1:38.729,98729,155.297
fa-104,fa-11,2024,4,11,11,,False,,14,chloe-chambers,campos-racing,13,1:38.798,98798,732,,False,10:38:24,1:38.798,98798,155.189
fa-104,fa-11,2024,4,12,12,,False,,57,lia-block,art-grand-prix,14,1:38.954,98954,888,,False,10:44:33,1:38.954,98954,154.944
fa-104,fa-11,2024,4,13,13,,False,,88,amna-al-qubaisi,mp-motorsport,15,1:38.974,98974,908,,False,10:44:34,1:38.974,98974,154.913
fa-104,fa-11,2024,4,14,14,,False,,19,tina-hausmann,prema-racing,11,1:39.221,99221,1155,,False,10:42:28,1:39.221,99221,154.527
fa-104,fa-11,2024,4,15,15,,False,,22,aurelia-nobels,art-grand-prix,14,1:39.397,99397,1331,,False,10:39:51,1:39.397,99397,154.254
fa-104,fa-11,2024,4,16,16,,False,,3,lola-lovinfosse,rodin-motorsport,12,1:40.072,100072,2006,,False,10:36:08,1:40.072,100072,153.213
fa-140,fa-11,2024,4,1,1,,False,,9,abbi-pulling,rodin-motorsport,16,1:36.367,96367,,,False,18:10:40,1:36.367,96367,159.104
fa-140,fa-11,2024,4,2,2,,False,,64,maya-weug,prema-racing,15,1:36.470,96470,103,,False,18:06:23,1:36.470,96470,158.934
fa-140,fa-11,2024,4,3,3,,False,,8,hamda-al-qubaisi,mp-motorsport,12,1:36.706,96706,339,,False,18:08:26,1:36.706,96706,158.546
fa-140,fa-11,2024,4,4,4,,False,,17,jessica-edgar,rodin-motorsport,17,1:36.706,96706,339,,False,18:09:11,1:36.706,96706,158.546
fa-140,fa-11,2024,4,5,5,,False,,30,nerea-marti,campos-racing,20,1:36.775,96775,408,,False,18:04:42,1:36.775,96775,158.433
fa-140,fa-11,2024,4,6,6,,False,,28,doriane-pin,prema-racing,15,1:37.017,97017,650,,False,18:04:23,1:37.017,97017,158.038
fa-140,fa-11,2024,4,7,7,,False,,7,emely-de-heus,mp-motorsport,15,1:37.099,97099,732,,False,18:07:24,1:37.099,97099,157.904
fa-140,fa-11,2024,4,8,8,,False,,19,tina-hausmann,prema-racing,16,1:37.121,97121,754,,False,18:07:17,1:37.121,97121,157.869
fa-140,fa-11,2024,4,9,9,,False,,88,amna-al-qubaisi,mp-motorsport,12,1:37.249,97249,882,,False,18:08:28,1:37.249,97249,157.661
fa-140,fa-11,2024,4,10,10,,False,,22,aurelia-nobels,art-grand-prix,16,1:37.288,97288,921,,False,18:10:56,1:37.288,97288,157.598
fa-140,fa-11,2024,4,11,11,,False,,3,lola-lovinfosse,rodin-motorsport,17,1:37.317,97317,950,,False,18:11:24,1:37.317,97317,157.551
fa-140,fa-11,2024,4,12,12,,False,,14,chloe-chambers,campos-racing,17,1:37.331,97331,964,,False,17:58:58,1:37.331,97331,157.528
fa-140,fa-11,2024,4,13,13,,False,,4,nina-gademan,prema-racing,16,1:37.410,97410,1043,,False,18:06:28,1:37.410,97410,157.400
fa-140,fa-11,2024,4,14,14,,False,,57,lia-block,art-grand-prix,15,1:37.463,97463,1096,,False,18:07:15,1:37.463,97463,157.315
fa-140,fa-11,2024,4,15,15,,False,,15,carrie-schreiner,campos-racing,19,1:37.846,97846,1479,,False,18:02:59,1:37.846,97846,156.699
fa-140,fa-11,2024,4,16,16,,False,,16,bianca-bustamante,art-grand-prix,5,1:39.362,99362,2995,,False,17:38:09,1:39.362,99362,154.308
fa-149,fa-11,2024,4,1,1,,False,,9,abbi-pulling,rodin-motorsport,12,1:46.746,106746,,,False,10:26:58,1:46.746,106746,143.634
fa-149,fa-11,2024,4,2,2,,False,,28,doriane-pin,prema-racing,14,1:46.866,106866,120,,False,10:49:39,1:46.866,106866,143.473
fa-149,fa-11,2024,4,3,3,,False,,30,nerea-marti,campos-racing,15,1:47.170,107170,424,,False,10:51:25,1:47.170,107170,143.066
fa-149,fa-11,2024,4,4,4,,False,,64,maya-weug,prema-racing,13,1:47.213,107213,467,,False,10:51:28,1:47.213,107213,143.008
fa-149,fa-11,2024,4,5,5,,False,,22,aurelia-nobels,art-grand-prix,14,1:47.219,107219,473,,False,10:49:33,1:47.219,107219,143.000
fa-149,fa-11,2024,4,6,6,,False,,4,nina-gademan,prema-racing,14,1:47.555,107555,809,,False,10:37:35,1:47.555,107555,142.554
fa-149,fa-11,2024,4,7,7,,False,,14,chloe-chambers,campos-racing,14,1:47.666,107666,920,,False,10:49:36,1:47.666,107666,142.407
fa-149,fa-11,2024,4,8,8,,False,,57,lia-block,art-grand-prix,14,1:47.685,107685,939,,False,10:28:08,1:47.685,107685,142.381
fa-149,fa-11,2024,4,9,9,,False,,8,hamda-al-qubaisi,mp-motorsport,12,1:47.839,107839,1093,,False,10:49:51,1:47.839,107839,142.178
fa-149,fa-11,2024,4,10,10,,False,,17,jessica-edgar,rodin-motorsport,13,1:47.868,107868,1122,,False,10:48:09,1:47.868,107868,142.140
fa-149,fa-11,2024,4,11,11,,False,,15,carrie-schreiner,campos-racing,16,1:47.925,107925,1179,,False,10:49:48,1:47.925,107925,142.065
fa-149,fa-11,2024,4,12,12,,False,,19,tina-hausmann,prema-racing,13,1:47.948,107948,1202,,False,10:49:45,1:47.948,107948,142.035
fa-149,fa-11,2024,4,13,13,,False,,3,lola-lovinfosse,rodin-motorsport,15,1:48.230,108230,1484,,False,10:50:08,1:48.230,108230,141.664
fa-149,fa-11,2024,4,14,14,,False,,16,bianca-bustamante,art-grand-prix,11,1:49.222,109222,2476,,False,10:28:19,1:49.222,109222,140.378
fa-149,fa-11,2024,4,15,15,,False,,7,emely-de-heus,mp-motorsport,13,1:49.242,109242,2496,,False,10:28:55,1:49.242,109242,140.352
fa-149,fa-11,2024,4,16,16,,False,,88,amna-al-qubaisi,mp-motorsport,13,1:49.352,109352,2606,,False,10:51:47,1:49.352,109352,140.211
fa-150,fa-11,2024,4,1,1,,False,,28,doriane-pin,prema-racing,14,1:46.986,106986,,,False,10:51:26,1:46.986,106986,143.312
fa-150,fa-11,2024,4,2,2,,False,,9,abbi-pulling,rodin-motorsport,12,1:46.997,106997,11,,False,10:49:58,1:46.997,106997,143.297
fa-150,fa-11,2024,4,3,3,,False,,64,maya-weug,prema-racing,13,1:47.392,107392,406,,False,10:49:41,1:47.392,107392,142.770
fa-150,fa-11,2024,4,4,4,,False,,22,aurelia-nobels,art-grand-prix,14,1:47.440,107440,454,,False,10:51:21,1:47.440,107440,142.706
fa-150,fa-11,2024,4,5,5,,False,,30,nerea-marti,campos-racing,15,1:47.552,107552,566,,False,10:49:38,1:47.552,107552,142.558
fa-150,fa-11,2024,4,6,6,,False,,4,nina-gademan,prema-racing,14,1:47.599,107599,613,,False,10:48:14,1:47.599,107599,142.495
fa-150,fa-11,2024,4,7,7,,False,,57,lia-block,art-grand-prix,14,1:47.770,107770,784,,False,10:50:01,1:47.770,107770,142.269
fa-150,fa-11,2024,4,8,8,,False,,8,hamda-al-qubaisi,mp-motorsport,12,1:47.883,107883,897,,False,10:48:03,1:47.883,107883,142.120
fa-150,fa-11,2024,4,9,9,,False,,15,carrie-schreiner,campos-racing,16,1:47.928,107928,942,,False,10:51:36,1:47.928,107928,142.061
fa-150,fa-11,2024,4,10,10,,False,,19,tina-hausmann,prema-racing,13,1:47.976,107976,990,,False,10:51:33,1:47.976,107976,141.998
fa-150,fa-11,2024,4,11,11,,False,,14,chloe-chambers,campos-racing,14,1:48.162,108162,1176,,False,10:51:24,1:48.162,108162,141.754
fa-150,fa-11,2024,4,12,12,,False,,3,lola-lovinfosse,rodin-motorsport,15,1:48.366,108366,1380,,False,10:51:56,1:48.366,108366,141.487
fa-150,fa-11,2024,4,13,13,,False,,17,jessica-edgar,rodin-motorsport,13,1:48.595,108595,1609,,False,10:26:41,1:48.595,108595,141.188
fa-150,fa-11,2024,4,14,14,,False,,7,emely-de-heus,mp-motorsport,13,1:49.282,109282,2296,,False,10:51:45,1:49.282,109282,140.301
fa-150,fa-11,2024,4,15,15,,False,,16,bianca-bustamante,art-grand-prix,11,1:49.291,109291,2305,,False,10:24:36,1:49.291,109291,140.289
fa-150,fa-11,2024,4,16,16,,False,,88,amna-al-qubaisi,mp-motorsport,13,1:49.692,109692,2706,,False,10:49:58,1:49.692,109692,139.776
fa-107,fa-11,2024,4,1,1,28,True,,9,abbi-pulling,rodin-motorsport,13,21:10.796,1270796,,,True,5,1:36.811,96811,156.674
fa-107,fa-11,2024,4,2,2,18,False,,30,nerea-marti,campos-racing,13,21:17.856,1277856,7060,,False,9,1:37.426,97426,155.809
fa-107,fa-11,2024,4,3,3,15,False,,64,maya-weug,prema-racing,13,21:18.263,1278263,7467,,False,6,1:37.456,97456,155.759
fa-107,fa-11,2024,4,4,4,12,False,,4,nina-gademan,prema-racing,13,21:18.867,1278867,8071,,False,7,1:37.354,97354,155.685
fa-107,fa-11,2024,4,5,5,10,False,,28,doriane-pin,prema-racing,13,21:19.589,1279589,8793,,False,6,1:36.986,96986,155.598
fa-107,fa-11,2024,4,6,6,8,False,,14,chloe-chambers,campos-racing,13,21:23.617,1283617,12821,,False,7,1:37.509,97509,155.109
fa-107,fa-11,2024,4,7,7,6,False,,22,aurelia-nobels,art-grand-prix,13,21:27.807,1287807,17011,,False,7,1:37.961,97961,154.605
fa-107,fa-11,2024,4,8,8,4,False,,8,hamda-al-qubaisi,mp-motorsport,13,21:28.924,1288924,18128,,False,9,1:37.387,97387,154.471
fa-107,fa-11,2024,4,9,9,2,False,,57,lia-block,art-grand-prix,13,21:29.970,1289970,19174,,False,7,1:37.873,97873,154.345
fa-107,fa-11,2024,4,10,10,1,False,,15,carrie-schreiner,campos-racing,13,21:33.451,1293451,22655,,False,9,1:37.969,97969,153.930
fa-107,fa-11,2024,4,11,11,0,False,,19,tina-hausmann,prema-racing,13,21:33.572,1293572,22776,,False,10,1:37.870,97870,153.916
fa-107,fa-11,2024,4,12,12,0,False,,17,jessica-edgar,rodin-motorsport,13,21:33.865,1293865,23069,,False,5,1:38.163,98163,153.881
fa-107,fa-11,2024,4,13,13,0,False,,3,lola-lovinfosse,rodin-motorsport,13,21:34.320,1294320,23524,,False,10,1:38.020,98020,153.827
fa-107,fa-11,2024,4,14,14,0,False,,16,bianca-bustamante,art-grand-prix,13,21:34.555,1294555,23759,,False,11,1:38.107,98107,153.799
fa-107,fa-11,2024,4,15,15,0,False,,7,emely-de-heus,mp-motorsport,13,21:34.831,1294831,24035,,False,5,1:38.133,98133,153.766
fa-107,fa-11,2024,4,16,16,0,False,,88,amna-al-qubaisi,mp-motorsport,13,21:40.757,1300757,29961,,False,6,1:38.042,98042,153.065
fa-108,fa-11,2024,4,1,1,28,True,,28,doriane-pin,prema-racing,17,27:39.628,1659628,,,True,6,1:36.912,96912,156.921
fa-108,fa-11,2024,4,2,2,18,False,,64,maya-weug,prema-racing,17,27:41.526,1661526,1898,,False,6,1:36.982,96982,156.742
fa-108,fa-11,2024,4,3,3,15,False,,9,abbi-pulling,rodin-motorsport,17,27:41.886,1661886,2258,,False,7,1:36.964,96964,156.708
fa-108,fa-11,2024,4,4,4,12,False,,8,hamda-al-qubaisi,mp-motorsport,17,27:54.909,1674909,15281,,False,13,1:37.652,97652,155.489
fa-108,fa-11,2024,4,5,5,10,False,,22,aurelia-nobels,art-grand-prix,17,28:02.824,1682824,23196,,False,4,1:37.968,97968,154.758
fa-108,fa-11,2024,4,6,6,8,False,,15,carrie-schreiner,campos-racing,17,28:03.202,1683202,23574,,False,3,1:38.053,98053,154.723
fa-108,fa-11,2024,4,7,7,6,False,,3,lola-lovinfosse,rodin-motorsport,17,28:03.632,1683632,24004,,False,3,1:38.083,98083,154.684
fa-108,fa-11,2024,4,8,8,4,False,,30,nerea-marti,campos-racing,17,28:04.006,1684006,24378,,False,3,1:38.096,98096,154.649
fa-108,fa-11,2024,4,9,9,2,False,,19,tina-hausmann,prema-racing,17,28:04.167,1684167,24539,,False,4,1:37.604,97604,154.635
fa-108,fa-11,2024,4,10,10,1,False,,4,nina-gademan,prema-racing,17,28:04.547,1684547,24919,,False,11,1:37.662,97662,154.600
fa-108,fa-11,2024,4,11,11,0,False,,16,bianca-bustamante,art-grand-prix,17,28:04.645,1684645,25017,,False,4,1:37.435,97435,154.591
fa-108,fa-11,2024,4,12,12,0,False,,14,chloe-chambers,campos-racing,17,28:04.890,1684890,25262,,False,7,1:37.662,97662,154.568
fa-108,fa-11,2024,4,13,13,0,False,,7,emely-de-heus,mp-motorsport,17,28:05.358,1685358,25730,,False,6,1:38.030,98030,154.525
fa-108,fa-11,2024,4,14,14,0,False,,88,amna-al-qubaisi,mp-motorsport,17,28:06.496,1686496,26868,,False,5,1:38.011,98011,154.421
fa-108,fa-11,2024,4,15,15,0,False,,57,lia-block,art-grand-prix,17,28:07.281,1687281,27653,,False,5,1:37.859,97859,154.349
fa-108,fa-11,2024,4,16,16,0,False,,17,jessica-edgar,rodin-motorsport,17,28:08.067,1688067,28439,,False,5,1:37.909,97909,154.277
fa-143,fa-12,2024,5,1,1,,False,,9,abbi-pulling,rodin-motorsport,11,2:03.993,123993,,,False,15:50:24,2:03.993,123993,143.427
fa-143,fa-12,2024,5,2,2,,False,,30,nerea-marti,campos-racing,13,2:04.339,124339,346,,False,15:50:49,2:04.339,124339,143.028
fa-143,fa-12,2024,5,3,3,,False,,28,doriane-pin,prema-racing,13,2:04.492,124492,499,,False,15:49:05,2:04.492,124492,142.852
fa-143,fa-12,2024,5,4,4,,False,,64,maya-weug,prema-racing,13,2:04.678,124678,685,,False,15:49:47,2:04.678,124678,142.639
fa-143,fa-12,2024,5,5,5,,False,,15,carrie-schreiner,campos-racing,14,2:05.539,125539,1546,,False,15:48:24,2:05.539,125539,141.661
fa-143,fa-12,2024,5,6,6,,False,,57,lia-block,art-grand-prix,13,2:05.544,125544,1551,,False,15:49:52,2:05.544,125544,141.655
fa-143,fa-12,2024,5,7,7,,False,,14,chloe-chambers,campos-racing,13,2:05.627,125627,1634,,False,15:36:42,2:05.627,125627,141.561
fa-143,fa-12,2024,5,8,8,,False,,8,hamda-al-qubaisi,mp-motorsport,12,2:05.768,125768,1775,,False,15:41:03,2:05.768,125768,141.403
fa-143,fa-12,2024,5,9,9,,False,,3,lola-lovinfosse,rodin-motorsport,12,2:05.816,125816,1823,,False,15:51:00,2:05.816,125816,141.349
fa-143,fa-12,2024,5,10,10,,False,,22,aurelia-nobels,art-grand-prix,13,2:05.906,125906,1913,,False,15:49:02,2:05.906,125906,141.248
fa-143,fa-12,2024,5,11,11,,False,,5,ella-lloyd,prema-racing,10,2:05.936,125936,1943,,False,15:50:10,2:05.936,125936,141.214
fa-143,fa-12,2024,5,12,12,,False,,16,bianca-bustamante,art-grand-prix,12,2:05.976,125976,1983,,False,15:43:52,2:05.976,125976,141.169
fa-143,fa-12,2024,5,13,13,,False,,19,tina-hausmann,prema-racing,9,2:06.351,126351,2358,,False,15:37:38,2:06.351,126351,140.750
fa-143,fa-12,2024,5,14,14,,False,,7,emely-de-heus,mp-motorsport,13,2:06.712,126712,2719,,False,15:43:17,2:06.712,126712,140.349
fa-143,fa-12,2024,5,15,15,,False,,88,amna-al-qubaisi,mp-motorsport,12,2:06.719,126719,2726,,False,15:51:30,2:06.719,126719,140.342
fa-143,fa-12,2024,5,16,16,,False,,17,jessica-edgar,rodin-motorsport,5,2:08.420,128420,4427,,False,15:27:06,2:08.420,128420,138.483
fa-151,fa-12,2024,5,1,1,,False,,9,abbi-pulling,rodin-motorsport,12,2:03.631,123631,,,False,19:24:08,2:03.631,123631,143.847
fa-151,fa-12,2024,5,2,2,,False,,64,maya-weug,prema-racing,11,2:03.869,123869,238,,False,19:26:15,2:03.869,123869,143.571
fa-151,fa-12,2024,5,3,3,,False,,28,doriane-pin,prema-racing,11,2:03.896,123896,265,,False,19:26:21,2:03.896,123896,143.539
fa-151,fa-12,2024,5,4,4,,False,,57,lia-block,art-grand-prix,13,2:04.198,124198,567,,False,19:30:57,2:04.198,124198,143.190
fa-151,fa-12,2024,5,5,5,,False,,8,hamda-al-qubaisi,mp-motorsport,13,2:04.239,124239,608,,False,19:22:55,2:04.239,124239,143.143
fa-151,fa-12,2024,5,6,6,,False,,14,chloe-chambers,campos-racing,13,2:04.250,124250,619,,False,19:29:13,2:04.250,124250,143.130
fa-151,fa-12,2024,5,7,7,,False,,30,nerea-marti,campos-racing,13,2:04.258,124258,627,,False,19:26:45,2:04.258,124258,143.121
fa-151,fa-12,2024,5,8,8,,False,,5,ella-lloyd,prema-racing,12,2:04.309,124309,678,,False,19:25:58,2:04.309,124309,143.062
fa-151,fa-12,2024,5,9,9,,False,,16,bianca-bustamante,art-grand-prix,13,2:04.432,124432,801,,False,19:31:15,2:04.432,124432,142.921
fa-151,fa-12,2024,5,10,10,,False,,15,carrie-schreiner,campos-racing,13,2:04.533,124533,902,,False,19:22:58,2:04.533,124533,142.805
fa-151,fa-12,2024,5,11,11,,False,,19,tina-hausmann,prema-racing,12,2:04.918,124918,1287,,False,19:26:09,2:04.918,124918,142.365
fa-151,fa-12,2024,5,12,12,,False,,3,lola-lovinfosse,rodin-motorsport,13,2:04.952,124952,1321,,False,19:25:10,2:04.952,124952,142.326
fa-151,fa-12,2024,5,13,13,,False,,17,jessica-edgar,rodin-motorsport,12,2:04.956,124956,1325,,False,19:30:14,2:04.956,124956,142.322
fa-151,fa-12,2024,5,14,14,,False,,7,emely-de-heus,mp-motorsport,13,2:04.978,124978,1347,,False,19:25:20,2:04.978,124978,142.297
fa-151,fa-12,2024,5,15,15,,False,,22,aurelia-nobels,art-grand-prix,13,2:05.000,125000,1369,,False,19:24:02,2:05.000,125000,142.272
fa-151,fa-12,2024,5,16,16,,False,,88,amna-al-qubaisi,mp-motorsport,13,2:05.108,125108,1477,,False,19:27:19,2:05.108,125108,142.149
fa-152,fa-12,2024,5,1,1,,False,,9,abbi-pulling,rodin-motorsport,12,2:03.747,123747,,,False,19:30:26,2:03.747,123747,143.712
fa-152,fa-12,2024,5,2,2,,False,,28,doriane-pin,prema-racing,11,2:03.905,123905,158,,False,19:10:29,2:03.905,123905,143.529
fa-152,fa-12,2024,5,3,3,,False,,64,maya-weug,prema-racing,11,2:04.008,124008,261,,False,19:30:33,2:04.008,124008,143.410
fa-152,fa-12,2024,5,4,4,,False,,57,lia-block,art-grand-prix,13,2:04.305,124305,558,,False,19:28:53,2:04.305,124305,143.067
fa-152,fa-12,2024,5,5,5,,False,,30,nerea-marti,campos-racing,13,2:04.435,124435,688,,False,19:24:41,2:04.435,124435,142.917
fa-152,fa-12,2024,5,6,6,,False,,8,hamda-al-qubaisi,mp-motorsport,13,2:04.462,124462,715,,False,19:24:59,2:04.462,124462,142.886
fa-152,fa-12,2024,5,7,7,,False,,15,carrie-schreiner,campos-racing,13,2:04.604,124604,857,,False,19:31:24,2:04.604,124604,142.724
fa-152,fa-12,2024,5,8,8,,False,,5,ella-lloyd,prema-racing,12,2:04.608,124608,861,,False,19:30:10,2:04.608,124608,142.719
fa-152,fa-12,2024,5,9,9,,False,,14,chloe-chambers,campos-racing,13,2:04.726,124726,979,,False,19:20:40,2:04.726,124726,142.584
fa-152,fa-12,2024,5,10,10,,False,,16,bianca-bustamante,art-grand-prix,13,2:04.788,124788,1041,,False,19:22:50,2:04.788,124788,142.513
fa-152,fa-12,2024,5,11,11,,False,,7,emely-de-heus,mp-motorsport,13,2:04.979,124979,1232,,False,19:31:35,2:04.979,124979,142.295
fa-152,fa-12,2024,5,12,12,,False,,19,tina-hausmann,prema-racing,12,2:04.996,124996,1249,,False,19:30:19,2:04.996,124996,142.276
fa-152,fa-12,2024,5,13,13,,False,,17,jessica-edgar,rodin-motorsport,12,2:05.171,125171,1424,,False,19:28:10,2:05.171,125171,142.077
fa-152,fa-12,2024,5,14,14,,False,,22,aurelia-nobels,art-grand-prix,13,2:05.198,125198,1451,,False,19:11:29,2:05.198,125198,142.046
fa-152,fa-12,2024,5,15,15,,False,,3,lola-lovinfosse,rodin-motorsport,13,2:05.292,125292,1545,,False,19:11:20,2:05.292,125292,141.940
fa-152,fa-12,2024,5,16,16,,False,,88,amna-al-qubaisi,mp-motorsport,13,2:05.314,125314,1567,,False,19:11:02,2:05.314,125314,141.915
fa-113,fa-12,2024,5,1,1,27,True,,9,abbi-pulling,rodin-motorsport,11,22:54.485,1374485,,,False,10,2:04.469,124469,141.966
fa-113,fa-12,2024,5,2,2,18,False,,64,maya-weug,prema-racing,11,22:56.541,1376541,2056,,False,10,2:04.473,124473,141.754
fa-113,fa-12,2024,5,3,3,16,False,,28,doriane-pin,prema-racing,11,23:03.049,1383049,8564,,True,11,2:04.454,124454,141.087
fa-113,fa-12,2024,5,4,4,12,False,,57,lia-block,art-grand-prix,11,23:03.257,1383257,8772,,False,11,2:04.891,124891,141.066
fa-113,fa-12,2024,5,5,5,10,False,,14,chloe-chambers,campos-racing,11,23:04.048,1384048,9563,,False,11,2:04.819,124819,140.985
fa-113,fa-12,2024,5,6,6,8,False,,8,hamda-al-qubaisi,mp-motorsport,11,23:10.165,1390165,15680,,False,11,2:05.278,125278,140.365
fa-113,fa-12,2024,5,7,7,6,False,,30,nerea-marti,campos-racing,11,23:10.828,1390828,16343,,False,8,2:05.278,125278,140.298
fa-113,fa-12,2024,5,8,8,4,False,,15,carrie-schreiner,campos-racing,11,23:12.445,1392445,17960,,False,8,2:05.420,125420,140.135
fa-113,fa-12,2024,5,9,9,2,False,,5,ella-lloyd,prema-racing,11,23:14.386,1394386,19901,,False,11,2:04.968,124968,139.940
fa-113,fa-12,2024,5,10,10,1,False,,19,tina-hausmann,prema-racing,11,23:15.049,1395049,20564,,False,6,2:05.855,125855,139.873
fa-113,fa-12,2024,5,11,11,0,False,,3,lola-lovinfosse,rodin-motorsport,11,23:16.637,1396637,22152,,False,8,2:05.679,125679,139.714
fa-113,fa-12,2024,5,12,12,0,False,,88,amna-al-qubaisi,mp-motorsport,11,23:16.986,1396986,22501,,False,11,2:05.358,125358,139.679
fa-113,fa-12,2024,5,13,13,0,False,,17,jessica-edgar,rodin-motorsport,11,23:21.862,1401862,27377,,False,11,2:06.002,126002,139.194
fa-113,fa-12,2024,5,14,14,0,False,,22,aurelia-nobels,art-grand-prix,11,23:22.485,1402485,28000,,False,11,2:06.067,126067,139.132
fa-113,fa-12,2024,5,15,15,0,False,,7,emely-de-heus,mp-motorsport,11,23:31.830,1411830,37345,,False,10,2:05.512,125512,138.211
fa-113,fa-12,2024,5,16,16,0,False,,16,bianca-bustamante,art-grand-prix,11,23:51.580,1431580,57095,,False,6,2:04.796,124796,136.304
fa-114,fa-12,2024,5,1,1,28,True,,9,abbi-pulling,rodin-motorsport,12,26:28.945,1588945,,,True,9,2:05.129,125129,133.997
fa-114,fa-12,2024,5,2,2,18,False,,64,maya-weug,prema-racing,12,26:32.221,1592221,3276,,False,11,2:05.649,125649,133.721
fa-114,fa-12,2024,5,3,3,15,False,,28,doriane-pin,prema-racing,12,26:33.529,1593529,4584,,False,12,2:05.198,125198,133.612
fa-114,fa-12,2024,5,4,4,12,False,,57,lia-block,art-grand-prix,12,26:38.416,1598416,9471,,False,8,2:05.586,125586,133.203
fa-114,fa-12,2024,5,5,5,10,False,,30,nerea-marti,campos-racing,12,26:39.775,1599775,10830,,False,8,2:06.149,126149,133.090
fa-114,fa-12,2024,5,6,6,8,False,,8,hamda-al-qubaisi,mp-motorsport,12,26:40.345,1600345,11400,,False,8,2:06.081,126081,133.043
fa-114,fa-12,2024,5,7,7,6,False,,5,ella-lloyd,prema-racing,12,26:41.381,1601381,12436,,False,9,2:06.093,126093,132.956
fa-114,fa-12,2024,5,8,8,4,False,,14,chloe-chambers,campos-racing,12,26:46.854,1606854,17909,,False,11,2:06.232,126232,132.504
fa-114,fa-12,2024,5,9,9,2,False,,15,carrie-schreiner,campos-racing,12,26:49.023,1609023,20078,,False,7,2:06.894,126894,132.325
fa-114,fa-12,2024,5,10,10,1,False,,7,emely-de-heus,mp-motorsport,12,26:49.541,1609541,20596,,False,12,2:06.596,126596,132.282
fa-114,fa-12,2024,5,11,11,0,False,,88,amna-al-qubaisi,mp-motorsport,12,26:50.873,1610873,21928,,False,9,2:06.666,126666,132.173
fa-114,fa-12,2024,5,12,12,0,False,,22,aurelia-nobels,art-grand-prix,12,26:51.686,1611686,22741,,False,7,2:06.960,126960,132.106
fa-114,fa-12,2024,5,13,13,0,False,,3,lola-lovinfosse,rodin-motorsport,12,26:53.025,1613025,24080,,False,9,2:06.842,126842,131.997
fa-114,fa-12,2024,5,14,14,0,False,,16,bianca-bustamante,art-grand-prix,12,26:53.889,1613889,24944,,False,12,2:06.844,126844,131.926
fa-114,fa-12,2024,5,15,15,0,False,,17,jessica-edgar,rodin-motorsport,12,26:59.112,1619112,30167,,False,10,2:07.642,127642,131.500
fa-114,fa-12,2024,5,16,16,0,False,,19,tina-hausmann,prema-racing,12,27:48.442,1668442,79497,,False,2,2:09.462,129462,127.612
fa-115,fa-13,2024,6,1,1,,False,,28,doriane-pin,prema-racing,10,1:56.654,116654,,,False,13:27:13,1:56.654,116654,167.233
fa-115,fa-13,2024,6,2,2,,False,,9,abbi-pulling,rodin-motorsport,9,1:56.944,116944,290,,False,13:39:36,1:56.944,116944,166.818
fa-115,fa-13,2024,6,3,3,,False,,64,maya-weug,prema-racing,10,1:56.947,116947,293,,False,13:37:03,1:56.947,116947,166.814
fa-115,fa-13,2024,6,4,4,,False,,17,jessica-edgar,rodin-motorsport,13,1:56.998,116998,344,,False,13:22:16,1:56.998,116998,166.741
fa-115,fa-13,2024,6,5,5,,False,,16,bianca-bustamante,art-grand-prix,13,1:57.103,117103,449,,False,13:38:12,1:57.103,117103,166.591
fa-115,fa-13,2024,6,6,6,,False,,8,hamda-al-qubaisi,mp-motorsport,12,1:57.150,117150,496,,False,13:35:24,1:57.150,117150,166.524
fa-115,fa-13,2024,6,7,7,,False,,6,alisha-palmowski,prema-racing,10,1:57.197,117197,543,,False,13:26:20,1:57.197,117197,166.458
fa-115,fa-13,2024,6,8,8,,False,,15,carrie-schreiner,campos-racing,14,1:57.292,117292,638,,False,13:41:03,1:57.292,117292,166.323
fa-115,fa-13,2024,6,9,9,,False,,57,lia-block,art-grand-prix,13,1:57.297,117297,643,,False,13:34:30,1:57.297,117297,166.316
fa-115,fa-13,2024,6,10,10,,False,,14,chloe-chambers,campos-racing,13,1:57.403,117403,749,,False,13:41:27,1:57.403,117403,166.166
fa-115,fa-13,2024,6,11,11,,False,,30,nerea-marti,campos-racing,12,1:57.437,117437,783,,False,13:26:08,1:57.437,117437,166.118
fa-115,fa-13,2024,6,12,12,,False,,22,aurelia-nobels,art-grand-prix,9,1:57.860,117860,1206,,False,13:20:42,1:57.860,117860,165.521
fa-115,fa-13,2024,6,13,13,,False,,19,tina-hausmann,prema-racing,10,1:58.011,118011,1357,,False,13:40:14,1:58.011,118011,165.310
fa-115,fa-13,2024,6,14,14,,False,,7,emely-de-heus,mp-motorsport,15,1:58.190,118190,1536,,False,13:37:16,1:58.190,118190,165.059
fa-115,fa-13,2024,6,15,15,,False,,3,lola-lovinfosse,rodin-motorsport,13,1:58.209,118209,1555,,False,13:35:28,1:58.209,118209,165.033
fa-115,fa-13,2024,6,16,16,,False,,88,amna-al-qubaisi,mp-motorsport,12,2:00.038,120038,3384,,False,13:40:39,2:00.038,120038,162.518
fa-153,fa-13,2024,6,1,1,,False,,28,doriane-pin,prema-racing,15,1:54.794,114794,,,False,18:40:21,1:54.794,114794,169.942
fa-153,fa-13,2024,6,2,2,,False,,9,abbi-pulling,rodin-motorsport,16,1:54.895,114895,101,,False,18:36:35,1:54.895,114895,169.793
fa-153,fa-13,2024,6,3,3,,False,,6,alisha-palmowski,prema-racing,15,1:54.936,114936,142,,False,18:35:13,1:54.936,114936,169.732
fa-153,fa-13,2024,6,4,4,,False,,64,maya-weug,prema-racing,16,1:55.028,115028,234,,False,18:35:36,1:55.028,115028,169.596
fa-153,fa-13,2024,6,5,5,,False,,8,hamda-al-qubaisi,mp-motorsport,15,1:55.304,115304,510,,False,18:40:16,1:55.304,115304,169.191
fa-153,fa-13,2024,6,6,6,,False,,17,jessica-edgar,rodin-motorsport,16,1:55.362,115362,568,,False,18:35:45,1:55.362,115362,169.105
fa-153,fa-13,2024,6,7,7,,False,,57,lia-block,art-grand-prix,16,1:55.517,115517,723,,False,18:33:14,1:55.517,115517,168.879
fa-153,fa-13,2024,6,8,8,,False,,7,emely-de-heus,mp-motorsport,14,1:55.711,115711,917,,False,18:37:59,1:55.711,115711,168.595
fa-153,fa-13,2024,6,9,9,,False,,14,chloe-chambers,campos-racing,16,1:55.929,115929,1135,,False,18:31:32,1:55.929,115929,168.278
fa-153,fa-13,2024,6,10,10,,False,,16,bianca-bustamante,art-grand-prix,12,1:56.008,116008,1214,,False,18:34:11,1:56.008,116008,168.164
fa-153,fa-13,2024,6,11,11,,False,,19,tina-hausmann,prema-racing,16,1:56.019,116019,1225,,False,18:41:21,1:56.019,116019,168.148
fa-153,fa-13,2024,6,12,12,,False,,30,nerea-marti,campos-racing,16,1:56.022,116022,1228,,False,18:35:16,1:56.022,116022,168.143
fa-153,fa-13,2024,6,13,13,,False,,22,aurelia-nobels,art-grand-prix,17,1:56.052,116052,1258,,False,18:35:21,1:56.052,116052,168.100
fa-153,fa-13,2024,6,14,14,,False,,15,carrie-schreiner,campos-racing,16,1:56.125,116125,1331,,False,18:38:54,1:56.125,116125,167.994
fa-153,fa-13,2024,6,15,15,,False,,88,amna-al-qubaisi,mp-motorsport,14,1:56.145,116145,1351,,False,18:40:00,1:56.145,116145,167.965
fa-153,fa-13,2024,6,16,16,,False,,3,lola-lovinfosse,rodin-motorsport,16,1:56.202,116202,1408,,False,18:40:18,1:56.202,116202,167.883
fa-155,fa-13,2024,6,1,1,,False,,28,doriane-pin,prema-racing,11,1:55.267,115267,,,False,15:56:44,1:55.267,115267,169.245
fa-155,fa-13,2024,6,2,2,,False,,64,maya-weug,prema-racing,11,1:55.473,115473,206,,False,15:56:31,1:55.473,115473,168.943
fa-155,fa-13,2024,6,3,3,,False,,9,abbi-pulling,rodin-motorsport,10,1:55.537,115537,270,,False,15:56:51,1:55.537,115537,168.849
fa-155,fa-13,2024,6,4,4,,False,,57,lia-block,art-grand-prix,10,1:55.875,115875,608,,False,15:56:49,1:55.875,115875,168.357
fa-155,fa-13,2024,6,5,5,,False,,8,hamda-al-qubaisi,mp-motorsport,10,1:55.955,115955,688,,False,15:56:54,1:55.955,115955,168.241
fa-155,fa-13,2024,6,6,6,,False,,6,alisha-palmowski,prema-racing,11,1:56.000,116000,733,,False,15:46:38,1:56.000,116000,168.175
fa-155,fa-13,2024,6,7,7,,False,,30,nerea-marti,campos-racing,10,1:56.048,116048,781,,False,15:52:19,1:56.048,116048,168.106
fa-155,fa-13,2024,6,8,8,,False,,16,bianca-bustamante,art-grand-prix,11,1:56.351,116351,1084,,False,15:56:47,1:56.351,116351,167.668
fa-155,fa-13,2024,6,9,9,,False,,22,aurelia-nobels,art-grand-prix,10,1:56.486,116486,1219,,False,15:47:09,1:56.486,116486,167.474
fa-155,fa-13,2024,6,10,10,,False,,17,jessica-edgar,rodin-motorsport,10,1:56.500,116500,1233,,False,15:54:38,1:56.500,116500,167.454
fa-155,fa-13,2024,6,11,11,,False,,15,carrie-schreiner,campos-racing,11,1:56.621,116621,1354,,False,15:52:58,1:56.621,116621,167.280
fa-155,fa-13,2024,6,12,12,,False,,14,chloe-chambers,campos-racing,9,1:56.624,116624,1357,,False,15:53:17,1:56.624,116624,167.276
fa-155,fa-13,2024,6,13,13,,False,,7,emely-de-heus,mp-motorsport,10,1:56.705,116705,1438,,False,15:56:42,1:56.705,116705,167.159
fa-155,fa-13,2024,6,14,14,,False,,88,amna-al-qubaisi,mp-motorsport,10,1:56.772,116772,1505,,False,15:58:52,1:56.772,116772,167.064
fa-155,fa-13,2024,6,15,15,,False,,19,tina-hausmann,prema-racing,11,1:56.873,116873,1606,,False,15:54:14,1:56.873,116873,166.919
fa-155,fa-13,2024,6,16,16,,False,,3,lola-lovinfosse,rodin-motorsport,10,1:57.002,117002,1735,,False,15:56:27,1:57.002,117002,166.735
fa-156,fa-13,2024,6,1,1,,False,,28,doriane-pin,prema-racing,11,1:55.309,115309,,,False,15:50:39,1:55.309,115309,169.183
fa-156,fa-13,2024,6,2,2,,False,,64,maya-weug,prema-racing,11,1:55.501,115501,192,,False,15:52:27,1:55.501,115501,168.902
fa-156,fa-13,2024,6,3,3,,False,,9,abbi-pulling,rodin-motorsport,10,1:55.982,115982,673,,False,15:52:57,1:55.982,115982,168.201
fa-156,fa-13,2024,6,4,4,,False,,6,alisha-palmowski,prema-racing,11,1:56.243,116243,934,,False,15:50:42,1:56.243,116243,167.824
fa-156,fa-13,2024,6,5,5,,False,,8,hamda-al-qubaisi,mp-motorsport,10,1:56.260,116260,951,,False,15:58:50,1:56.260,116260,167.799
fa-156,fa-13,2024,6,6,6,,False,,30,nerea-marti,campos-racing,10,1:56.343,116343,1034,,False,15:50:23,1:56.343,116343,167.680
fa-156,fa-13,2024,6,7,7,,False,,16,bianca-bustamante,art-grand-prix,11,1:56.368,116368,1059,,False,15:50:50,1:56.368,116368,167.644
fa-156,fa-13,2024,6,8,8,,False,,57,lia-block,art-grand-prix,10,1:56.371,116371,1062,,False,15:48:50,1:56.371,116371,167.639
fa-156,fa-13,2024,6,9,9,,False,,15,carrie-schreiner,campos-racing,11,1:56.765,116765,1456,,False,15:48:55,1:56.765,116765,167.074
fa-156,fa-13,2024,6,10,10,,False,,22,aurelia-nobels,art-grand-prix,10,1:56.774,116774,1465,,False,15:55:18,1:56.774,116774,167.061
fa-156,fa-13,2024,6,11,11,,False,,88,amna-al-qubaisi,mp-motorsport,10,1:56.855,116855,1546,,False,15:52:50,1:56.855,116855,166.945
fa-156,fa-13,2024,6,12,12,,False,,19,tina-hausmann,prema-racing,11,1:56.890,116890,1581,,False,15:50:20,1:56.890,116890,166.895
fa-156,fa-13,2024,6,13,13,,False,,17,jessica-edgar,rodin-motorsport,10,1:56.891,116891,1582,,False,15:56:34,1:56.891,116891,166.893
fa-156,fa-13,2024,6,14,14,,False,,7,emely-de-heus,mp-motorsport,10,1:56.972,116972,1663,,False,15:54:45,1:56.972,116972,166.778
fa-156,fa-13,2024,6,15,15,,False,,3,lola-lovinfosse,rodin-motorsport,10,1:57.362,117362,2053,,False,15:58:24,1:57.362,117362,166.224
fa-156,fa-13,2024,6,16,16,,False,,14,chloe-chambers,campos-racing,9,1:57.685,117685,2376,,False,15:57:20,1:57.685,117685,165.767
fa-118,fa-13,2024,6,1,1,28,True,,28,doriane-pin,prema-racing,14,26:57.842,1617842,,,True,5,1:54.996,114996,168.210
fa-118,fa-13,2024,6,2,2,18,False,,9,abbi-pulling,rodin-motorsport,14,27:04.589,1624589,6747,,False,4,1:55.292,115292,167.512
fa-118,fa-13,2024,6,3,3,15,False,,64,maya-weug,prema-racing,14,27:07.749,1627749,9907,,False,11,1:55.684,115684,167.186
fa-118,fa-13,2024,6,4,4,12,False,,8,hamda-al-qubaisi,mp-motorsport,14,27:13.818,1633818,15976,,False,8,1:56.031,116031,166.565
fa-118,fa-13,2024,6,5,5,10,False,,6,alisha-palmowski,prema-racing,14,27:25.050,1645050,27208,,False,5,1:56.327,116327,165.428
fa-118,fa-13,2024,6,6,6,8,False,,57,lia-block,art-grand-prix,14,27:25.631,1645631,27789,,False,4,1:56.271,116271,165.370
fa-118,fa-13,2024,6,7,7,6,False,,17,jessica-edgar,rodin-motorsport,14,27:27.695,1647695,29853,,False,4,1:56.363,116363,165.163
fa-118,fa-13,2024,6,8,8,4,False,,30,nerea-marti,campos-racing,14,27:28.244,1648244,30402,,False,4,1:56.198,116198,165.108
fa-118,fa-13,2024,6,9,9,2,False,,22,aurelia-nobels,art-grand-prix,14,27:29.876,1649876,32034,,False,5,1:56.781,116781,164.944
fa-118,fa-13,2024,6,10,10,1,False,,7,emely-de-heus,mp-motorsport,14,27:30.325,1650325,32483,,False,9,1:56.805,116805,164.899
fa-118,fa-13,2024,6,11,11,0,False,,14,chloe-chambers,campos-racing,14,27:31.042,1651042,33200,,False,9,1:56.122,116122,164.828
fa-118,fa-13,2024,6,12,12,0,False,,15,carrie-schreiner,campos-racing,14,27:35.976,1655976,38134,,False,5,1:56.783,116783,164.337
fa-118,fa-13,2024,6,13,13,0,False,,88,amna-al-qubaisi,mp-motorsport,14,27:36.163,1656163,38321,,False,6,1:56.791,116791,164.318
fa-118,fa-13,2024,6,14,14,0,False,,3,lola-lovinfosse,rodin-motorsport,14,27:37.784,1657784,39942,,False,6,1:56.602,116602,164.157
fa-118,fa-13,2024,6,15,15,0,False,,19,tina-hausmann,prema-racing,14,27:41.518,1661518,43676,,False,10,1:56.783,116783,163.789
fa-118,fa-13,2024,6,16,16,0,False,,16,bianca-bustamante,art-grand-prix,14,27:51.581,1671581,53739,,False,9,1:56.334,116334,162.802
fa-119,fa-13,2024,6,1,1,2,False,Ret,28,doriane-pin,prema-racing,0,,,,,False,,,,
fa-119,fa-13,2024,6,2,2,0,False,Ret,64,maya-weug,prema-racing,0,,,,,False,,,,
fa-119,fa-13,2024,6,3,3,0,False,Ret,9,abbi-pulling,rodin-motorsport,0,,,,,False,,,,
fa-119,fa-13,2024,6,4,4,0,False,Ret,6,alisha-palmowski,prema-racing,0,,,,,False,,,,
fa-119,fa-13,2024,6,5,5,0,False,Ret,8,hamda-al-qubaisi,mp-motorsport,0,,,,,False,,,,
fa-119,fa-13,2024,6,6,6,0,False,Ret,30,nerea-marti,campos-racing,0,,,,,False,,,,
fa-119,fa-13,2024,6,7,7,0,False,Ret,16,bianca-bustamante,art-grand-prix,0,,,,,False,,,,
fa-119,fa-13,2024,6,8,8,0,False,Ret,57,lia-block,art-grand-prix,0,,,,,False,,,,
fa-119,fa-13,2024,6,9,9,0,False,Ret,15,carrie-schreiner,campos-racing,0,,,,,False,,,,
fa-119,fa-13,2024,6,10,10,0,False,Ret,22,aurelia-nobels,art-grand-prix,0,,,,,False,,,,
fa-119,fa-13,2024,6,11,11,0,False,Ret,88,amna-al-qubaisi,mp-motorsport,0,,,,,False,,,,
fa-119,fa-13,2024,6,12,12,0,False,Ret,19,tina-hausmann,prema-racing,0,,,,,False,,,,
fa-119,fa-13,2024,6,13,13,0,False,Ret,17,jessica-edgar,rodin-motorsport,0,,,,,False,,,,
fa-119,fa-13,2024,6,14,14,0,False,Ret,7,emely-de-heus,mp-motorsport,0,,,,,False,,,,
fa-119,fa-13,2024,6,15,15,0,False,Ret,3,lola-lovinfosse,rodin-motorsport,0,,,,,False,,,,
fa-119,fa-13,2024,6,16,16,0,False,Ret,14,chloe-chambers,campos-racing,0,,,,,False,,,,
fa-154,fa-14,2024,7,1,1,,False,,14,chloe-chambers,campos-racing,17,1:56.175,116175,,,False,10:26:51,1:56.175,116175,163.646
fa-154,fa-14,2024,7,2,2,,False,,9,abbi-pulling,rodin-motorsport,17,1:56.313,116313,138,,False,10:23:18,1:56.313,116313,163.452
fa-154,fa-14,2024,7,3,3,,False,,28,doriane-pin,prema-racing,16,1:56.357,116357,182,,False,10:30:29,1:56.357,116357,163.390
fa-154,fa-14,2024,7,4,4,,False,,8,hamda-al-qubaisi,mp-motorsport,16,1:56.373,116373,198,,False,10:28:56,1:56.373,116373,163.367
fa-154,fa-14,2024,7,5,5,,False,,16,bianca-bustamante,art-grand-prix,16,1:56.821,116821,646,,False,10:31:19,1:56.821,116821,162.741
fa-154,fa-14,2024,7,6,6,,False,,30,nerea-marti,campos-racing,15,1:56.908,116908,733,,False,10:28:04,1:56.908,116908,162.620
fa-154,fa-14,2024,7,7,7,,False,,17,jessica-edgar,rodin-motorsport,15,1:56.966,116966,791,,False,10:23:55,1:56.966,116966,162.539
fa-154,fa-14,2024,7,8,8,,False,,88,amna-al-qubaisi,mp-motorsport,18,1:57.049,117049,874,,False,10:31:16,1:57.049,117049,162.424
fa-154,fa-14,2024,7,9,9,,False,,19,tina-hausmann,prema-racing,12,1:57.278,117278,1103,,False,10:28:41,1:57.278,117278,162.107
fa-154,fa-14,2024,7,10,10,,False,,22,aurelia-nobels,art-grand-prix,17,1:57.313,117313,1138,,False,10:25:23,1:57.313,117313,162.058
fa-154,fa-14,2024,7,11,11,,False,,7,emely-de-heus,mp-motorsport,17,1:57.368,117368,1193,,False,10:29:15,1:57.368,117368,161.982
fa-154,fa-14,2024,7,12,12,,False,,15,carrie-schreiner,campos-racing,16,1:57.419,117419,1244,,False,10:14:28,1:57.419,117419,161.912
fa-154,fa-14,2024,7,13,13,,False,,57,lia-block,art-grand-prix,17,1:57.490,117490,1315,,False,10:27:41,1:57.490,117490,161.814
fa-154,fa-14,2024,7,14,14,,False,,64,maya-weug,prema-racing,16,1:57.673,117673,1498,,False,10:23:31,1:57.673,117673,161.562
fa-154,fa-14,2024,7,15,15,,False,,3,lola-lovinfosse,rodin-motorsport,18,1:57.690,117690,1515,,False,10:28:00,1:57.690,117690,161.539
fa-154,fa-14,2024,7,16,16,,False,,54,logan-hannah,prema-racing,10,1:59.377,119377,3202,,False,10:18:58,1:59.377,119377,159.256
fa-158,fa-14,2024,7,1,1,,False,,9,abbi-pulling,rodin-motorsport,14,1:56.081,116081,,,False,19:06:18,1:56.081,116081,163.778
fa-158,fa-14,2024,7,2,2,,False,,14,chloe-chambers,campos-racing,13,1:56.201,116201,120,,False,19:04:37,1:56.201,116201,163.609
fa-158,fa-14,2024,7,3,3,,False,,8,hamda-al-qubaisi,mp-motorsport,12,1:56.229,116229,148,,False,19:02:39,1:56.229,116229,163.570
fa-158,fa-14,2024,7,4,4,,False,,16,bianca-bustamante,art-grand-prix,14,1:56.389,116389,308,,False,19:04:04,1:56.389,116389,163.345
fa-158,fa-14,2024,7,5,5,,False,,28,doriane-pin,prema-racing,13,1:56.484,116484,403,,False,19:06:43,1:56.484,116484,163.212
fa-158,fa-14,2024,7,6,6,,False,,7,emely-de-heus,mp-motorsport,13,1:56.679,116679,598,,False,19:04:45,1:56.679,116679,162.939
fa-158,fa-14,2024,7,7,7,,False,,64,maya-weug,prema-racing,13,1:56.720,116720,639,,False,19:02:44,1:56.720,116720,162.882
fa-158,fa-14,2024,7,8,8,,False,,30,nerea-marti,campos-racing,13,1:56.754,116754,673,,False,19:02:30,1:56.754,116754,162.834
fa-158,fa-14,2024,7,9,9,,False,,15,carrie-schreiner,campos-racing,13,1:56.854,116854,773,,False,19:02:33,1:56.854,116854,162.695
fa-158,fa-14,2024,7,10,10,,False,,57,lia-block,art-grand-prix,14,1:56.856,116856,775,,False,19:02:05,1:56.856,116856,162.692
fa-158,fa-14,2024,7,11,11,,False,,19,tina-hausmann,prema-racing,13,1:56.869,116869,788,,False,19:05:39,1:56.869,116869,162.674
fa-158,fa-14,2024,7,12,12,,False,,3,lola-lovinfosse,rodin-motorsport,13,1:57.153,117153,1072,,False,19:06:48,1:57.153,117153,162.280
fa-158,fa-14,2024,7,13,13,,False,,88,amna-al-qubaisi,mp-motorsport,12,1:57.261,117261,1180,,False,19:03:36,1:57.261,117261,162.130
fa-158,fa-14,2024,7,14,14,,False,,22,aurelia-nobels,art-grand-prix,14,1:57.327,117327,1246,,False,19:03:59,1:57.327,117327,162.039
fa-158,fa-14,2024,7,15,15,,False,,17,jessica-edgar,rodin-motorsport,13,1:57.331,117331,1250,,False,18:49:03,1:57.331,117331,162.033
fa-158,fa-14,2024,7,16,16,,False,,54,logan-hannah,prema-racing,14,1:58.033,118033,1952,,False,19:06:51,1:58.033,118033,161.070
fa-159,fa-14,2024,7,1,1,,False,,9,abbi-pulling,rodin-motorsport,14,1:56.120,116120,,,False,19:04:22,1:56.120,116120,163.723
fa-159,fa-14,2024,7,2,2,,False,,14,chloe-chambers,campos-racing,13,1:56.255,116255,135,,False,19:02:41,1:56.255,116255,163.533
fa-159,fa-14,2024,7,3,3,,False,,8,hamda-al-qubaisi,mp-motorsport,12,1:56.403,116403,283,,False,19:04:35,1:56.403,116403,163.325
fa-159,fa-14,2024,7,4,4,,False,,16,bianca-bustamante,art-grand-prix,14,1:56.428,116428,308,,False,18:56:04,1:56.428,116428,163.290
fa-159,fa-14,2024,7,5,5,,False,,28,doriane-pin,prema-racing,13,1:56.527,116527,407,,False,19:04:47,1:56.527,116527,163.151
fa-159,fa-14,2024,7,6,6,,False,,64,maya-weug,prema-racing,13,1:56.767,116767,647,,False,19:06:38,1:56.767,116767,162.816
fa-159,fa-14,2024,7,7,7,,False,,30,nerea-marti,campos-racing,13,1:56.785,116785,665,,False,18:49:58,1:56.785,116785,162.791
fa-159,fa-14,2024,7,8,8,,False,,57,lia-block,art-grand-prix,14,1:56.867,116867,747,,False,19:05:58,1:56.867,116867,162.677
fa-159,fa-14,2024,7,9,9,,False,,7,emely-de-heus,mp-motorsport,13,1:56.868,116868,748,,False,18:47:16,1:56.868,116868,162.675
fa-159,fa-14,2024,7,10,10,,False,,15,carrie-schreiner,campos-racing,13,1:56.878,116878,758,,False,19:00:36,1:56.878,116878,162.661
fa-159,fa-14,2024,7,11,11,,False,,19,tina-hausmann,prema-racing,13,1:56.900,116900,780,,False,19:03:42,1:56.900,116900,162.631
fa-159,fa-14,2024,7,12,12,,False,,3,lola-lovinfosse,rodin-motorsport,13,1:57.271,117271,1151,,False,19:04:51,1:57.271,117271,162.116
fa-159,fa-14,2024,7,13,13,,False,,88,amna-al-qubaisi,mp-motorsport,12,1:57.339,117339,1219,,False,19:05:34,1:57.339,117339,162.022
fa-159,fa-14,2024,7,14,14,,False,,22,aurelia-nobels,art-grand-prix,14,1:57.367,117367,1247,,False,18:57:55,1:57.367,117367,161.984
fa-159,fa-14,2024,7,15,15,,False,,17,jessica-edgar,rodin-motorsport,13,1:57.374,117374,1254,,False,19:00:39,1:57.374,117374,161.974
fa-159,fa-14,2024,7,16,16,,False,,54,logan-hannah,prema-racing,14,1:58.120,118120,2000,,False,19:02:50,1:58.120,118120,160.951
fa-160,fa-14,2024,7,1,1,,False,,9,abbi-pulling,rodin-motorsport,14,1:56.267,116267,,,False,19:02:26,1:56.267,116267,163.516
fa-160,fa-14,2024,7,2,2,,False,,14,chloe-chambers,campos-racing,13,1:56.413,116413,146,,False,18:47:52,1:56.413,116413,163.311
fa-160,fa-14,2024,7,3,3,,False,,28,doriane-pin,prema-racing,13,1:56.532,116532,265,,False,19:02:50,1:56.532,116532,163.144
fa-160,fa-14,2024,7,4,4,,False,,8,hamda-al-qubaisi,mp-motorsport,12,1:56.547,116547,280,,False,19:06:32,1:56.547,116547,163.123
fa-160,fa-14,2024,7,5,5,,False,,16,bianca-bustamante,art-grand-prix,14,1:56.694,116694,427,,False,19:06:01,1:56.694,116694,162.918
fa-160,fa-14,2024,7,6,6,,False,,64,maya-weug,prema-racing,13,1:56.828,116828,561,,False,18:56:32,1:56.828,116828,162.731
fa-160,fa-14,2024,7,7,7,,False,,30,nerea-marti,campos-racing,13,1:56.828,116828,561,,False,19:06:24,1:56.828,116828,162.731
fa-160,fa-14,2024,7,8,8,,False,,57,lia-block,art-grand-prix,14,1:56.916,116916,649,,False,19:04:01,1:56.916,116916,162.609
fa-160,fa-14,2024,7,9,9,,False,,19,tina-hausmann,prema-racing,13,1:56.917,116917,650,,False,18:57:35,1:56.917,116917,162.607
fa-160,fa-14,2024,7,10,10,,False,,7,emely-de-heus,mp-motorsport,13,1:56.965,116965,698,,False,18:49:13,1:56.965,116965,162.540
fa-160,fa-14,2024,7,11,11,,False,,15,carrie-schreiner,campos-racing,13,1:57.229,117229,962,,False,19:06:27,1:57.229,117229,162.174
fa-160,fa-14,2024,7,12,12,,False,,17,jessica-edgar,rodin-motorsport,13,1:57.381,117381,1114,,False,18:45:08,1:57.381,117381,161.964
fa-160,fa-14,2024,7,13,13,,False,,22,aurelia-nobels,art-grand-prix,14,1:57.501,117501,1234,,False,18:55:58,1:57.501,117501,161.799
fa-160,fa-14,2024,7,14,14,,False,,88,amna-al-qubaisi,mp-motorsport,12,1:57.510,117510,1243,,False,18:45:05,1:57.510,117510,161.787
fa-160,fa-14,2024,7,15,15,,False,,3,lola-lovinfosse,rodin-motorsport,13,1:57.579,117579,1312,,False,18:48:51,1:57.579,117579,161.692
fa-160,fa-14,2024,7,16,16,,False,,54,logan-hannah,prema-racing,14,1:58.729,118729,2462,,False,18:50:13,1:58.729,118729,160.126
fa-123,fa-14,2024,7,1,1,28,True,,9,abbi-pulling,rodin-motorsport,14,27:19.293,1639293,,,True,13,1:56.536,116536,162.111
fa-123,fa-14,2024,7,2,2,18,False,,8,hamda-al-qubaisi,mp-motorsport,14,27:23.865,1643865,4572,,False,8,1:56.794,116794,161.660
fa-123,fa-14,2024,7,3,3,15,False,,28,doriane-pin,prema-racing,14,27:24.561,1644561,5268,,False,9,1:56.567,116567,161.592
fa-123,fa-14,2024,7,4,4,12,False,,7,emely-de-heus,mp-motorsport,14,27:30.890,1650890,11597,,False,6,1:57.238,117238,160.972
fa-123,fa-14,2024,7,5,5,10,False,,16,bianca-bustamante,art-grand-prix,14,27:32.413,1652413,13120,,False,11,1:57.256,117256,160.824
fa-123,fa-14,2024,7,6,6,8,False,,30,nerea-marti,campos-racing,14,27:42.370,1662370,23077,,False,8,1:57.512,117512,159.861
fa-123,fa-14,2024,7,7,7,6,False,,64,maya-weug,prema-racing,14,27:42.556,1662556,23263,,False,6,1:57.378,117378,159.843
fa-123,fa-14,2024,7,8,8,4,False,,88,amna-al-qubaisi,mp-motorsport,14,27:43.119,1663119,23826,,False,8,1:57.482,117482,159.789
fa-123,fa-14,2024,7,9,9,2,False,,15,carrie-schreiner,campos-racing,14,27:43.409,1663409,24116,,False,8,1:57.672,117672,159.761
fa-123,fa-14,2024,7,10,10,1,False,,22,aurelia-nobels,art-grand-prix,14,27:46.486,1666486,27193,,False,10,1:57.832,117832,159.466
fa-123,fa-14,2024,7,11,11,0,False,,14,chloe-chambers,campos-racing,14,27:48.230,1668230,28937,,False,10,1:57.019,117019,159.299
fa-123,fa-14,2024,7,12,12,0,False,,57,lia-block,art-grand-prix,14,27:50.203,1670203,30910,,False,11,1:57.834,117834,159.111
fa-123,fa-14,2024,7,13,13,0,False,,3,lola-lovinfosse,rodin-motorsport,14,27:53.457,1673457,34164,,False,14,1:57.482,117482,158.802
fa-123,fa-14,2024,7,14,14,0,False,,54,logan-hannah,prema-racing,14,27:56.203,1676203,36910,,False,6,1:58.271,118271,158.541
fa-123,fa-14,2024,7,15,15,0,False,,19,tina-hausmann,prema-racing,14,27:59.072,1679072,39779,,False,13,1:57.241,117241,158.270
fa-123,fa-14,2024,7,16,16,0,False,,17,jessica-edgar,rodin-motorsport,14,28:00.826,1680826,41533,,False,8,1:58.312,118312,158.105
fa-124,fa-14,2024,7,1,1,27,True,,9,abbi-pulling,rodin-motorsport,14,28:34.807,1714807,,,False,11,1:56.717,116717,154.972
fa-124,fa-14,2024,7,2,2,19,False,,14,chloe-chambers,campos-racing,14,28:35.205,1715205,398,,True,10,1:56.623,116623,154.936
fa-124,fa-14,2024,7,3,3,15,False,,8,hamda-al-qubaisi,mp-motorsport,14,28:35.640,1715640,833,,False,11,1:56.786,116786,154.897
fa-124,fa-14,2024,7,4,4,12,False,,28,doriane-pin,prema-racing,14,28:35.962,1715962,1155,,False,11,1:56.781,116781,154.868
fa-124,fa-14,2024,7,5,5,10,False,,64,maya-weug,prema-racing,14,28:36.441,1716441,1634,,False,12,1:57.001,117001,154.825
fa-124,fa-14,2024,7,6,6,8,False,,30,nerea-marti,campos-racing,14,28:36.924,1716924,2117,,False,6,1:57.505,117505,154.781
fa-124,fa-14,2024,7,7,7,6,False,,16,bianca-bustamante,art-grand-prix,14,28:37.573,1717573,2766,,False,5,1:56.999,116999,154.723
fa-124,fa-14,2024,7,8,8,4,False,,7,emely-de-heus,mp-motorsport,14,28:38.419,1718419,3612,,False,6,1:57.173,117173,154.647
fa-124,fa-14,2024,7,9,9,2,False,,19,tina-hausmann,prema-racing,14,28:38.845,1718845,4038,,False,7,1:57.289,117289,154.608
fa-124,fa-14,2024,7,10,10,1,False,,54,logan-hannah,prema-racing,14,28:41.332,1721332,6525,,False,4,1:57.980,117980,154.385
fa-124,fa-14,2024,7,11,11,0,False,,22,aurelia-nobels,art-grand-prix,14,28:41.920,1721920,7113,,False,8,1:58.323,118323,154.332
fa-124,fa-14,2024,7,12,12,0,False,,57,lia-block,art-grand-prix,14,28:45.137,1725137,10330,,False,7,1:57.333,117333,154.044
fa-124,fa-14,2024,7,13,13,0,False,,88,amna-al-qubaisi,mp-motorsport,14,28:59.826,1739826,25019,,False,6,1:57.202,117202,152.744
fa-124,fa-14,2024,7,14,,0,False,Ret,3,lola-lovinfosse,rodin-motorsport,11,22:07.215,1327215,,,False,8,1:57.919,117919,157.256
fa-124,fa-14,2024,7,15,,0,False,Ret,17,jessica-edgar,rodin-motorsport,11,21:56.805,1316805,,,False,11,1:58.380,118380,158.500
fa-124,fa-14,2024,7,16,,0,False,Ret,15,carrie-schreiner,campos-racing,2,6:42.792,402792,,,False,,,,93.371
fa-157,fa-14,2024,7,1,1,26,False,,64,maya-weug,prema-racing,14,28:43.287,1723287,,,True,11,1:56.920,116920,154.210
fa-157,fa-14,2024,7,2,2,20,True,,9,abbi-pulling,rodin-motorsport,14,28:45.829,1725829,2542,,False,8,1:58.259,118259,153.983
fa-157,fa-14,2024,7,3,3,15,False,,30,nerea-marti,campos-racing,14,28:46.732,1726732,3445,,False,8,1:58.379,118379,153.902
fa-157,fa-14,2024,7,4,4,12,False,,19,tina-hausmann,prema-racing,14,28:46.962,1726962,3675,,False,5,1:58.255,118255,153.882
fa-157,fa-14,2024,7,5,5,10,False,,28,doriane-pin,prema-racing,14,28:48.211,1728211,4924,,False,5,1:57.859,117859,153.770
fa-157,fa-14,2024,7,6,6,8,False,,15,carrie-schreiner,campos-racing,14,28:48.807,1728807,5520,,False,3,1:58.297,118297,153.717
fa-157,fa-14,2024,7,7,7,6,False,,3,lola-lovinfosse,rodin-motorsport,14,28:49.416,1729416,6129,,False,11,1:57.958,117958,153.663
fa-157,fa-14,2024,7,8,8,4,False,,22,aurelia-nobels,art-grand-prix,14,28:49.940,1729940,6653,,False,3,1:57.540,117540,153.617
fa-157,fa-14,2024,7,9,9,2,False,,7,emely-de-heus,mp-motorsport,14,28:50.649,1730649,7362,,False,4,1:58.587,118587,153.554
fa-157,fa-14,2024,7,10,10,1,False,,8,hamda-al-qubaisi,mp-motorsport,14,28:51.052,1731052,7765,,False,14,1:58.298,118298,153.518
fa-157,fa-14,2024,7,11,12,0,False,,54,logan-hannah,prema-racing,14,28:52.336,1732336,9049,,False,11,1:58.153,118153,153.404
fa-157,fa-14,2024,7,12,12,0,False,,17,jessica-edgar,rodin-motorsport,14,28:52.495,1732495,9208,,False,4,1:58.402,118402,153.390
fa-157,fa-14,2024,7,13,13,0,False,,88,amna-al-qubaisi,mp-motorsport,14,28:57.808,1737808,14521,,False,3,1:58.441,118441,152.921
fa-157,fa-14,2024,7,14,14,0,False,,16,bianca-bustamante,art-grand-prix,14,29:00.322,1740322,17035,,False,5,1:58.368,118368,152.700
fa-157,fa-14,2024,7,15,15,0,False,,57,lia-block,art-grand-prix,14,29:01.206,1741206,17919,,False,9,1:58.119,118119,152.623
fa-157,fa-14,2024,7,16,16,0,False,,14,chloe-chambers,campos-racing,14,29:06.580,1746580,23293,,False,11,1:57.095,117095,152.153
fa-161,fa-15,2025,1,1,1,,False,,28,doriane-pin,prema-racing,8,2:04.198,124198,,,False,09:50:12,2:04.198,124198,158.002
fa-161,fa-15,2025,1,2,2,,False,,78,tina-hausmann,prema-racing,8,2:04.297,124297,99,,False,09:48:14,2:04.297,124297,157.876
fa-161,fa-15,2025,1,3,3,,False,,14,chloe-chambers,campos-racing,6,2:04.450,124450,252,,False,09:47:37,2:04.450,124450,157.682
fa-161,fa-15,2025,1,4,4,,False,,64,maya-weug,mp-motorsport,9,2:04.603,124603,405,,False,09:29:32,2:04.603,124603,157.488
fa-161,fa-15,2025,1,5,5,,False,,3,nina-gademan,prema-racing,8,2:04.750,124750,552,,False,09:50:07,2:04.750,124750,157.303
fa-161,fa-15,2025,1,6,6,,False,,20,ella-lloyd,rodin-motorsport,12,2:05.049,125049,851,,False,09:51:52,2:05.049,125049,156.927
fa-161,fa-15,2025,1,7,7,,False,,25,joanne-ciconte,mp-motorsport,12,2:05.052,125052,854,,False,09:52:00,2:05.052,125052,156.923
fa-161,fa-15,2025,1,8,8,,False,,5,emma-felbermayr,rodin-motorsport,11,2:05.114,125114,916,,False,09:51:59,2:05.114,125114,156.845
fa-161,fa-15,2025,1,9,9,,False,,21,alisha-palmowski,campos-racing,6,2:05.435,125435,1237,,False,09:47:36,2:05.435,125435,156.444
fa-161,fa-15,2025,1,10,10,,False,,27,chloe-chong,rodin-motorsport,11,2:05.458,125458,1260,,False,09:47:11,2:05.458,125458,156.415
fa-161,fa-15,2025,1,11,11,,False,,12,alba-larsen,mp-motorsport,12,2:05.560,125560,1362,,False,09:50:02,2:05.560,125560,156.288
fa-161,fa-15,2025,1,12,12,,False,,22,aurelia-nobels,art-grand-prix,8,2:05.712,125712,1514,,False,09:51:55,2:05.712,125712,156.099
fa-161,fa-15,2025,1,13,13,,False,,11,aiva-anagnostiadis,hitech-tgr,11,2:05.945,125945,1747,,False,09:49:31,2:05.945,125945,155.810
fa-161,fa-15,2025,1,14,14,,False,,2,nicole-havrda,hitech-tgr,11,2:06.175,126175,1977,,False,09:26:05,2:06.175,126175,155.526
fa-161,fa-15,2025,1,15,15,,False,,7,courtney-crone,art-grand-prix,8,2:06.228,126228,2030,,False,09:47:44,2:06.228,126228,155.461
fa-161,fa-15,2025,1,16,16,,False,,24,wei-shi-wcd,hitech-tgr,11,2:07.339,127339,3141,,False,09:24:08,2:07.339,127339,154.105
fa-161,fa-15,2025,1,17,17,,False,,57,lia-block,art-grand-prix,3,2:19.433,139433,15235,,False,09:29:21,2:19.433,139433,140.738
fa-161,fa-15,2025,1,18,18,,False,Ret,18,rafaela-ferreira,campos-racing,1,,,,,False,,,,
fa-191,fa-15,2025,1,1,1,,False,,64,maya-weug,mp-motorsport,12,2:03.379,123379,,,False,14:28:32,2:03.379,123379,159.051
fa-191,fa-15,2025,1,2,2,,False,,28,doriane-pin,prema-racing,12,2:03.876,123876,497,,False,14:18:49,2:03.876,123876,158.413
fa-191,fa-15,2025,1,3,3,,False,,12,alba-larsen,mp-motorsport,11,2:04.006,124006,627,,False,14:29:20,2:04.006,124006,158.247
fa-191,fa-15,2025,1,4,4,,False,,14,chloe-chambers,campos-racing,12,2:04.083,124083,704,,False,14:16:00,2:04.083,124083,158.148
fa-191,fa-15,2025,1,5,5,,False,,21,alisha-palmowski,campos-racing,12,2:04.143,124143,764,,False,14:35:53,2:04.143,124143,158.072
fa-191,fa-15,2025,1,6,6,,False,,25,joanne-ciconte,mp-motorsport,11,2:04.146,124146,767,,False,14:31:49,2:04.146,124146,158.068
fa-191,fa-15,2025,1,7,7,,False,,5,emma-felbermayr,rodin-motorsport,12,2:04.227,124227,848,,False,14:34:26,2:04.227,124227,157.965
fa-191,fa-15,2025,1,8,8,,False,,3,nina-gademan,prema-racing,11,2:04.258,124258,879,,False,14:31:43,2:04.258,124258,157.926
fa-191,fa-15,2025,1,9,9,,False,,78,tina-hausmann,prema-racing,11,2:04.309,124309,930,,False,14:30:50,2:04.309,124309,157.861
fa-191,fa-15,2025,1,10,10,,False,,27,chloe-chong,rodin-motorsport,13,2:04.579,124579,1200,,False,14:28:27,2:04.579,124579,157.519
fa-191,fa-15,2025,1,11,11,,False,,20,ella-lloyd,rodin-motorsport,12,2:04.763,124763,1384,,False,14:27:28,2:04.763,124763,157.287
fa-191,fa-15,2025,1,12,12,,False,,2,nicole-havrda,hitech-tgr,12,2:04.811,124811,1432,,False,14:32:33,2:04.811,124811,157.226
fa-191,fa-15,2025,1,13,13,,False,,18,rafaela-ferreira,campos-racing,12,2:04.917,124917,1538,,False,14:29:49,2:04.917,124917,157.093
fa-191,fa-15,2025,1,14,14,,False,,22,aurelia-nobels,art-grand-prix,13,2:05.152,125152,1773,,False,14:23:09,2:05.152,125152,156.798
fa-191,fa-15,2025,1,15,15,,False,,7,courtney-crone,art-grand-prix,13,2:05.251,125251,1872,,False,14:31:37,2:05.251,125251,156.674
fa-191,fa-15,2025,1,16,16,,False,,11,aiva-anagnostiadis,hitech-tgr,12,2:05.323,125323,1944,,False,14:30:54,2:05.323,125323,156.584
fa-191,fa-15,2025,1,17,17,,False,,24,wei-shi-wcd,hitech-tgr,11,2:06.665,126665,3286,,False,14:12:12,2:06.665,126665,154.925
fa-163,fa-15,2025,1,1,1,10,False,,21,alisha-palmowski,campos-racing,13,32:24.230,1944230,,,False,11,2:04.874,124874,130.860
fa-163,fa-15,2025,1,2,2,9,False,,14,chloe-chambers,campos-racing,13,32:24.436,1944436,206,,True,11,2:04.580,124580,130.846
fa-163,fa-15,2025,1,3,3,6,False,,64,maya-weug,mp-motorsport,13,32:25.546,1945546,1316,,False,12,2:04.909,124909,130.771
fa-163,fa-15,2025,1,4,4,5,False,,28,doriane-pin,prema-racing,13,32:29.669,1949669,5439,,False,11,2:05.489,125489,130.495
fa-163,fa-15,2025,1,5,5,4,False,,18,rafaela-ferreira,campos-racing,13,32:33.800,1953800,9570,,False,12,2:06.234,126234,130.219
fa-163,fa-15,2025,1,6,6,3,False,,20,ella-lloyd,rodin-motorsport,13,32:35.138,1955138,10908,,False,11,2:05.872,125872,130.130
fa-163,fa-15,2025,1,7,7,2,False,,12,alba-larsen,mp-motorsport,13,32:39.123,1959123,14893,,False,11,2:05.153,125153,129.865
fa-163,fa-15,2025,1,8,8,1,False,,11,aiva-anagnostiadis,hitech-tgr,13,32:40.351,1960351,16121,,False,11,2:06.651,126651,129.784
fa-163,fa-15,2025,1,9,9,0,False,,57,lia-block,art-grand-prix,13,32:48.190,1968190,23960,,False,11,2:05.970,125970,129.267
fa-163,fa-15,2025,1,10,10,0,False,,27,chloe-chong,rodin-motorsport,13,32:49.244,1969244,25014,,False,11,2:07.580,127580,129.198
fa-163,fa-15,2025,1,11,11,0,False,,5,emma-felbermayr,rodin-motorsport,13,33:06.514,1986514,42284,,False,11,2:05.483,125483,128.075
fa-163,fa-15,2025,1,12,12,0,False,,7,courtney-crone,art-grand-prix,13,33:08.057,1988057,43827,,False,11,2:06.933,126933,127.975
fa-163,fa-15,2025,1,13,13,0,False,,78,tina-hausmann,prema-racing,13,33:14.843,1994843,50613,,False,11,2:05.639,125639,127.540
fa-163,fa-15,2025,1,14,14,0,False,,25,joanne-ciconte,mp-motorsport,13,34:03.313,2043313,99083,,False,5,2:10.702,130702,124.514
fa-163,fa-15,2025,1,15,15,0,False,Ret,3,nina-gademan,prema-racing,12,31:33.224,1893224,,,False,11,2:05.091,125091,124.020
fa-163,fa-15,2025,1,16,,0,False,Ret,2,nicole-havrda,hitech-tgr,7,18:31.721,1111721,,,False,5,2:11.516,131516,122.945
fa-163,fa-15,2025,1,17,,0,False,Ret,22,aurelia-nobels,art-grand-prix,4,10:46.764,646764,,,False,3,2:42.817,162817,120.307
fa-163,fa-15,2025,1,18,,0,False,Ret,24,wei-shi-wcd,hitech-tgr,0,,,,,False,,,,
fa-164,fa-15,2025,1,1,1,26,False,,28,doriane-pin,prema-racing,11,24:52.883,1492883,,,True,6,2:04.648,124648,144.592
fa-164,fa-15,2025,1,2,2,20,True,,64,maya-weug,mp-motorsport,11,24:54.893,1494893,2010,,False,7,2:04.839,124839,144.398
fa-164,fa-15,2025,1,3,3,15,False,,14,chloe-chambers,campos-racing,11,24:57.419,1497419,4536,,False,7,2:05.040,125040,144.154
fa-164,fa-15,2025,1,4,4,12,False,,12,alba-larsen,mp-motorsport,11,24:59.467,1499467,6584,,False,7,2:05.115,125115,143.957
fa-164,fa-15,2025,1,5,5,10,False,,5,emma-felbermayr,rodin-motorsport,11,25:01.141,1501141,8258,,False,6,2:05.424,125424,143.797
fa-164,fa-15,2025,1,6,6,8,False,,21,alisha-palmowski,campos-racing,11,25:01.664,1501664,8781,,False,7,2:05.462,125462,143.746
fa-164,fa-15,2025,1,7,7,6,False,,20,ella-lloyd,rodin-motorsport,11,25:06.528,1506528,13645,,False,5,2:05.697,125697,143.282
fa-164,fa-15,2025,1,8,8,4,False,,18,rafaela-ferreira,campos-racing,11,25:09.403,1509403,16520,,False,9,2:06.174,126174,143.009
fa-164,fa-15,2025,1,9,9,2,False,,57,lia-block,art-grand-prix,11,25:09.628,1509628,16745,,False,9,2:05.737,125737,142.988
fa-164,fa-15,2025,1,10,10,1,False,,3,nina-gademan,prema-racing,11,25:09.840,1509840,16957,,False,9,2:05.887,125887,142.968
fa-164,fa-15,2025,1,11,11,0,False,,27,chloe-chong,rodin-motorsport,11,25:18.962,1518962,26079,,False,6,2:06.172,126172,142.109
fa-164,fa-15,2025,1,12,12,0,False,,7,courtney-crone,art-grand-prix,11,25:19.258,1519258,26375,,False,5,2:06.578,126578,142.082
fa-164,fa-15,2025,1,13,13,0,False,,11,aiva-anagnostiadis,hitech-tgr,11,25:19.768,1519768,26885,,False,5,2:07.044,127044,142.034
fa-164,fa-15,2025,1,14,14,0,False,,24,wei-shi-wcd,hitech-tgr,11,25:20.232,1520232,27349,,False,7,2:06.908,126908,141.991
fa-164,fa-15,2025,1,15,15,0,False,,78,tina-hausmann,prema-racing,11,25:28.149,1528149,35266,,False,6,2:05.596,125596,141.255
fa-164,fa-15,2025,1,16,,0,False,Ret,2,nicole-havrda,hitech-tgr,0,,,,,False,,,,
fa-164,fa-15,2025,1,17,,0,False,Ret,25,joanne-ciconte,mp-motorsport,0,,,,,False,,,,
fa-164,fa-15,2025,1,18,,0,False,Ret,22,aurelia-nobels,art-grand-prix,0,,,,,False,,,,
fa-165,fa-16,2025,2,1,1,,False,,64,maya-weug,mp-motorsport,15,2:05.357,125357,,,False,14:47:04,2:05.357,125357,177.304
fa-165,fa-16,2025,2,2,2,,False,,21,alisha-palmowski,campos-racing,15,2:05.387,125387,30,,False,14:46:22,2:05.387,125387,177.262
fa-165,fa-16,2025,2,3,3,,False,,28,doriane-pin,prema-racing,14,2:05.566,125566,209,,False,14:45:52,2:05.566,125566,177.009
fa-165,fa-16,2025,2,4,4,,False,,14,chloe-chambers,campos-racing,16,2:05.625,125625,268,,False,14:38:22,2:05.625,125625,176.926
fa-165,fa-16,2025,2,5,5,,False,,57,lia-block,art-grand-prix,14,2:05.795,125795,438,,False,14:39:27,2:05.795,125795,176.687
fa-165,fa-16,2025,2,6,6,,False,,20,ella-lloyd,rodin-motorsport,15,2:06.147,126147,790,,False,14:41:45,2:06.147,126147,176.194
fa-165,fa-16,2025,2,7,7,,False,,22,aurelia-nobels,art-grand-prix,16,2:06.360,126360,1003,,False,14:42:41,2:06.360,126360,175.897
fa-165,fa-16,2025,2,8,8,,False,,78,tina-hausmann,prema-racing,14,2:06.407,126407,1050,,False,14:39:43,2:06.407,126407,175.832
fa-165,fa-16,2025,2,9,9,,False,,27,chloe-chong,rodin-motorsport,15,2:06.440,126440,1083,,False,14:42:29,2:06.440,126440,175.786
fa-165,fa-16,2025,2,10,10,,False,,5,emma-felbermayr,rodin-motorsport,15,2:06.505,126505,1148,,False,14:45:15,2:06.505,126505,175.695
fa-165,fa-16,2025,2,11,11,,False,,3,nina-gademan,prema-racing,14,2:06.742,126742,1385,,False,14:46:10,2:06.742,126742,175.367
fa-165,fa-16,2025,2,12,12,,False,,7,courtney-crone,art-grand-prix,11,2:06.827,126827,1470,,False,14:45:38,2:06.827,126827,175.249
fa-165,fa-16,2025,2,13,13,,False,,18,rafaela-ferreira,campos-racing,15,2:06.833,126833,1476,,False,14:37:38,2:06.833,126833,175.241
fa-165,fa-16,2025,2,14,14,,False,,25,joanne-ciconte,mp-motorsport,14,2:06.840,126840,1483,,False,14:39:01,2:06.840,126840,175.231
fa-165,fa-16,2025,2,15,15,,False,,12,alba-larsen,mp-motorsport,14,2:07.364,127364,2007,,False,14:26:19,2:07.364,127364,174.510
fa-165,fa-16,2025,2,16,16,,False,,11,aiva-anagnostiadis,hitech-tgr,14,2:07.799,127799,2442,,False,14:41:08,2:07.799,127799,173.916
fa-165,fa-16,2025,2,17,17,,False,,2,nicole-havrda,hitech-tgr,15,2:07.824,127824,2467,,False,14:45:42,2:07.824,127824,173.882
fa-165,fa-16,2025,2,18,18,,False,,4,farah-alyousef-wcd,hitech-tgr,16,2:09.702,129702,4345,,False,14:31:29,2:09.702,129702,171.365
fa-166,fa-16,2025,2,1,1,,False,,14,chloe-chambers,campos-racing,11,2:04.320,124320,,,False,22:03:29,2:04.320,124320,178.783
fa-166,fa-16,2025,2,2,2,,False,,28,doriane-pin,prema-racing,10,2:04.575,124575,255,,False,22:03:42,2:04.575,124575,178.417
fa-166,fa-16,2025,2,3,3,,False,,64,maya-weug,mp-motorsport,12,2:04.844,124844,524,,False,22:07:11,2:04.844,124844,178.033
fa-166,fa-16,2025,2,4,4,,False,,21,alisha-palmowski,campos-racing,11,2:04.864,124864,544,,False,22:01:14,2:04.864,124864,178.004
fa-166,fa-16,2025,2,5,5,,False,,12,alba-larsen,mp-motorsport,13,2:04.874,124874,554,,False,22:03:15,2:04.874,124874,177.990
fa-166,fa-16,2025,2,6,6,,False,,78,tina-hausmann,prema-racing,10,2:04.973,124973,653,,False,22:05:50,2:04.973,124973,177.849
fa-166,fa-16,2025,2,7,7,,False,,20,ella-lloyd,rodin-motorsport,13,2:05.081,125081,761,,False,22:07:51,2:05.081,125081,177.696
fa-166,fa-16,2025,2,8,8,,False,,5,emma-felbermayr,rodin-motorsport,13,2:05.189,125189,869,,False,22:01:27,2:05.189,125189,177.542
fa-166,fa-16,2025,2,9,9,,False,,3,nina-gademan,prema-racing,10,2:05.380,125380,1060,,False,22:06:34,2:05.380,125380,177.272
fa-166,fa-16,2025,2,10,10,,False,,27,chloe-chong,rodin-motorsport,13,2:05.524,125524,1204,,False,22:05:15,2:05.524,125524,177.068
fa-166,fa-16,2025,2,11,11,,False,,25,joanne-ciconte,mp-motorsport,13,2:05.757,125757,1437,,False,22:07:52,2:05.757,125757,176.740
fa-166,fa-16,2025,2,12,12,,False,,22,aurelia-nobels,art-grand-prix,13,2:05.976,125976,1656,,False,22:08:34,2:05.976,125976,176.433
fa-166,fa-16,2025,2,13,13,,False,,18,rafaela-ferreira,campos-racing,11,2:06.213,126213,1893,,False,21:52:44,2:06.213,126213,176.102
fa-166,fa-16,2025,2,14,14,,False,,7,courtney-crone,art-grand-prix,13,2:06.390,126390,2070,,False,22:06:31,2:06.390,126390,175.855
fa-166,fa-16,2025,2,15,15,,False,,2,nicole-havrda,hitech-tgr,12,2:06.893,126893,2573,,False,22:08:06,2:06.893,126893,175.158
fa-166,fa-16,2025,2,16,16,,False,,11,aiva-anagnostiadis,hitech-tgr,13,2:07.098,127098,2778,,False,22:04:19,2:07.098,127098,174.876
fa-166,fa-16,2025,2,17,17,,False,,4,farah-alyousef-wcd,hitech-tgr,12,2:10.219,130219,5899,,False,22:02:48,2:10.219,130219,170.684
fa-167,fa-16,2025,2,1,1,10,False,,20,ella-lloyd,rodin-motorsport,13,30:00.870,1800870,,,False,13,2:05.663,125663,159.946
fa-167,fa-16,2025,2,2,2,8,False,,64,maya-weug,mp-motorsport,13,30:01.046,1801046,176,,False,13,2:05.226,125226,159.931
fa-167,fa-16,2025,2,3,3,6,False,,21,alisha-palmowski,campos-racing,13,30:02.693,1802693,1823,,False,9,2:05.908,125908,159.784
fa-167,fa-16,2025,2,4,4,6,False,,28,doriane-pin,prema-racing,13,30:02.919,1802919,2049,,True,11,2:05.225,125225,159.764
fa-167,fa-16,2025,2,5,5,4,False,,12,alba-larsen,mp-motorsport,13,30:04.222,1804222,3352,,False,13,2:05.363,125363,159.649
fa-167,fa-16,2025,2,6,6,3,False,,78,tina-hausmann,prema-racing,13,30:06.028,1806028,5158,,False,11,2:05.849,125849,159.489
fa-167,fa-16,2025,2,7,7,2,False,,14,chloe-chambers,campos-racing,13,30:06.513,1806513,5643,,False,13,2:05.748,125748,159.447
fa-167,fa-16,2025,2,8,8,1,False,,3,nina-gademan,prema-racing,13,30:10.207,1810207,9337,,False,12,2:06.110,126110,159.121
fa-167,fa-16,2025,2,9,9,0,False,,5,emma-felbermayr,rodin-motorsport,13,30:11.464,1811464,10594,,False,13,2:06.301,126301,159.011
fa-167,fa-16,2025,2,10,10,0,False,,22,aurelia-nobels,art-grand-prix,13,30:12.266,1812266,11396,,False,12,2:06.539,126539,158.940
fa-167,fa-16,2025,2,11,11,0,False,,25,joanne-ciconte,mp-motorsport,13,30:13.520,1813520,12650,,False,13,2:05.872,125872,158.831
fa-167,fa-16,2025,2,12,12,0,False,,57,lia-block,art-grand-prix,13,30:16.518,1816518,15648,,False,13,2:06.446,126446,158.568
fa-167,fa-16,2025,2,13,13,0,False,,18,rafaela-ferreira,campos-racing,13,30:17.253,1817253,16383,,False,13,2:06.991,126991,158.504
fa-167,fa-16,2025,2,14,14,0,False,,11,aiva-anagnostiadis,hitech-tgr,13,30:21.706,1821706,20836,,False,10,2:08.089,128089,158.117
fa-167,fa-16,2025,2,15,15,0,False,,2,nicole-havrda,hitech-tgr,13,30:26.600,1826600,25730,,False,11,2:07.398,127398,157.693
fa-167,fa-16,2025,2,16,16,0,False,,4,farah-alyousef-wcd,hitech-tgr,13,31:38.880,1898880,98010,,False,13,2:11.944,131944,151.691
fa-167,fa-16,2025,2,17,,0,False,Ret,7,courtney-crone,art-grand-prix,9,22:26.716,1346716,,,False,2,2:09.910,129910,147.869
fa-167,fa-16,2025,2,18,,0,False,Ret,27,chloe-chong,rodin-motorsport,2,4:26.388,266388,,,False,2,2:08.873,128873,163.493
fa-168,fa-16,2025,2,1,1,25,False,,64,maya-weug,mp-motorsport,13,27:18.850,1638850,,,False,10,2:05.006,125006,175.759
fa-168,fa-16,2025,2,2,2,21,True,,14,chloe-chambers,campos-racing,13,27:21.634,1641634,2784,,True,13,2:04.922,124922,175.461
fa-168,fa-16,2025,2,3,3,15,False,,28,doriane-pin,prema-racing,13,27:21.699,1641699,2849,,False,9,2:05.367,125367,175.454
fa-168,fa-16,2025,2,4,4,12,False,,21,alisha-palmowski,campos-racing,13,27:22.732,1642732,3882,,False,11,2:05.365,125365,175.344
fa-168,fa-16,2025,2,5,5,10,False,,12,alba-larsen,mp-motorsport,13,27:23.219,1643219,4369,,False,12,2:05.341,125341,175.292
fa-168,fa-16,2025,2,6,6,8,False,,78,tina-hausmann,prema-racing,13,27:27.217,1647217,8367,,False,11,2:05.811,125811,174.866
fa-168,fa-16,2025,2,7,7,6,False,,3,nina-gademan,prema-racing,13,27:32.992,1652992,14142,,False,9,2:05.932,125932,174.255
fa-168,fa-16,2025,2,8,8,4,False,,20,ella-lloyd,rodin-motorsport,13,27:37.835,1657835,18985,,False,11,2:06.218,126218,173.746
fa-168,fa-16,2025,2,9,9,2,False,,25,joanne-ciconte,mp-motorsport,13,27:40.470,1660470,21620,,False,13,2:06.253,126253,173.470
fa-168,fa-16,2025,2,10,10,1,False,,27,chloe-chong,rodin-motorsport,13,27:42.209,1662209,23359,,False,9,2:06.321,126321,173.289
fa-168,fa-16,2025,2,11,11,0,False,,22,aurelia-nobels,art-grand-prix,13,27:43.239,1663239,24389,,False,13,2:06.173,126173,173.182
fa-168,fa-16,2025,2,12,12,0,False,,7,courtney-crone,art-grand-prix,13,27:45.848,1665848,26998,,False,9,2:06.712,126712,172.910
fa-168,fa-16,2025,2,13,13,0,False,,18,rafaela-ferreira,campos-racing,13,27:45.955,1665955,27105,,False,12,2:06.247,126247,172.899
fa-168,fa-16,2025,2,14,14,0,False,,57,lia-block,art-grand-prix,13,27:46.101,1666101,27251,,False,13,2:06.439,126439,172.884
fa-168,fa-16,2025,2,15,15,0,False,,5,emma-felbermayr,rodin-motorsport,13,27:51.616,1671616,32766,,False,13,2:06.035,126035,172.314
fa-168,fa-16,2025,2,16,16,0,False,,2,nicole-havrda,hitech-tgr,13,27:54.434,1674434,35584,,False,12,2:06.764,126764,172.024
fa-168,fa-16,2025,2,17,17,0,False,,11,aiva-anagnostiadis,hitech-tgr,13,27:57.363,1677363,38513,,False,13,2:07.216,127216,171.723
fa-168,fa-16,2025,2,18,18,0,False,,4,farah-alyousef-wcd,hitech-tgr,13,29:00.258,1740258,101408,,False,10,2:11.823,131823,165.517
fa-192,fa-17,2025,3,1,1,,False,,28,doriane-pin,prema-racing,18,1:59.153,119153,,,False,10:39:17,1:59.153,119153,163.514
fa-192,fa-17,2025,3,2,2,,False,,21,alisha-palmowski,campos-racing,18,1:59.492,119492,339,,False,10:43:33,1:59.492,119492,163.050
fa-192,fa-17,2025,3,3,3,,False,,64,maya-weug,mp-motorsport,13,1:59.575,119575,422,,False,10:44:54,1:59.575,119575,162.937
fa-192,fa-17,2025,3,4,4,,False,,20,ella-lloyd,rodin-motorsport,19,1:59.592,119592,439,,False,10:35:23,1:59.592,119592,162.913
fa-192,fa-17,2025,3,5,5,,False,,14,chloe-chambers,campos-racing,18,1:59.683,119683,530,,False,10:35:34,1:59.683,119683,162.790
fa-192,fa-17,2025,3,6,6,,False,,3,nina-gademan,prema-racing,19,1:59.829,119829,676,,False,10:38:29,1:59.829,119829,162.591
fa-192,fa-17,2025,3,7,7,,False,,22,aurelia-nobels,art-grand-prix,19,2:00.006,120006,853,,False,10:46:31,2:00.006,120006,162.351
fa-192,fa-17,2025,3,8,8,,False,,57,lia-block,art-grand-prix,17,2:00.561,120561,1408,,False,10:46:58,2:00.561,120561,161.604
fa-192,fa-17,2025,3,9,9,,False,,78,tina-hausmann,prema-racing,19,2:00.712,120712,1559,,False,10:38:50,2:00.712,120712,161.402
fa-192,fa-17,2025,3,10,10,,False,,27,chloe-chong,rodin-motorsport,19,2:00.765,120765,1612,,False,10:39:32,2:00.765,120765,161.331
fa-192,fa-17,2025,3,11,11,,False,,5,emma-felbermayr,rodin-motorsport,18,2:00.940,120940,1787,,False,10:46:10,2:00.940,120940,161.098
fa-192,fa-17,2025,3,12,12,,False,,18,rafaela-ferreira,campos-racing,18,2:00.976,120976,1823,,False,10:34:03,2:00.976,120976,161.050
fa-192,fa-17,2025,3,13,13,,False,,12,alba-larsen,mp-motorsport,17,2:00.995,120995,1842,,False,10:40:40,2:00.995,120995,161.024
fa-192,fa-17,2025,3,14,14,,False,,7,courtney-crone,art-grand-prix,18,2:01.064,121064,1911,,False,10:42:39,2:01.064,121064,160.933
fa-192,fa-17,2025,3,15,15,,False,,2,nicole-havrda,hitech-tgr,19,2:01.369,121369,2216,,False,10:46:07,2:01.369,121369,160.528
fa-192,fa-17,2025,3,16,16,,False,,25,joanne-ciconte,mp-motorsport,15,2:01.862,121862,2709,,False,10:45:22,2:01.862,121862,159.879
fa-192,fa-17,2025,3,17,17,,False,,90,ava-dobson-wcd,hitech-tgr,9,2:02.392,122392,3239,,False,10:18:07,2:02.392,122392,159.186
fa-192,fa-17,2025,3,18,18,,False,,11,aiva-anagnostiadis,hitech-tgr,19,2:02.560,122560,3407,,False,10:45:33,2:02.560,122560,158.968
fa-193,fa-17,2025,3,1,1,,False,,64,maya-weug,mp-motorsport,17,1:58.545,118545,,,False,15:53:56,1:58.545,118545,164.352
fa-193,fa-17,2025,3,2,2,,False,,14,chloe-chambers,campos-racing,18,1:58.824,118824,279,,False,15:49:47,1:58.824,118824,163.966
fa-193,fa-17,2025,3,3,3,,False,,3,nina-gademan,prema-racing,16,1:58.940,118940,395,,False,16:01:34,1:58.940,118940,163.806
fa-193,fa-17,2025,3,4,4,,False,,20,ella-lloyd,rodin-motorsport,19,1:59.098,119098,553,,False,15:56:42,1:59.098,119098,163.589
fa-193,fa-17,2025,3,5,5,,False,,22,aurelia-nobels,art-grand-prix,18,1:59.217,119217,672,,False,15:56:45,1:59.217,119217,163.426
fa-193,fa-17,2025,3,6,6,,False,,57,lia-block,art-grand-prix,18,1:59.285,119285,740,,False,15:59:19,1:59.285,119285,163.333
fa-193,fa-17,2025,3,7,7,,False,,28,doriane-pin,prema-racing,14,1:59.337,119337,792,,False,15:38:18,1:59.337,119337,163.262
fa-193,fa-17,2025,3,8,8,,False,,21,alisha-palmowski,campos-racing,18,1:59.460,119460,915,,False,15:49:44,1:59.460,119460,163.093
fa-193,fa-17,2025,3,9,9,,False,,5,emma-felbermayr,rodin-motorsport,19,1:59.513,119513,968,,False,16:01:38,1:59.513,119513,163.021
fa-193,fa-17,2025,3,10,10,,False,,27,chloe-chong,rodin-motorsport,18,1:59.778,119778,1233,,False,15:56:21,1:59.778,119778,162.660
fa-193,fa-17,2025,3,11,11,,False,,12,alba-larsen,mp-motorsport,18,1:59.840,119840,1295,,False,15:57:27,1:59.840,119840,162.576
fa-193,fa-17,2025,3,12,12,,False,,78,tina-hausmann,prema-racing,15,1:59.981,119981,1436,,False,16:01:08,1:59.981,119981,162.385
fa-193,fa-17,2025,3,13,13,,False,,7,courtney-crone,art-grand-prix,19,2:00.105,120105,1560,,False,15:54:44,2:00.105,120105,162.218
fa-193,fa-17,2025,3,14,14,,False,,2,nicole-havrda,hitech-tgr,19,2:00.178,120178,1633,,False,16:01:12,2:00.178,120178,162.119
fa-193,fa-17,2025,3,15,15,,False,,18,rafaela-ferreira,campos-racing,17,2:00.291,120291,1746,,False,15:59:32,2:00.291,120291,161.967
fa-193,fa-17,2025,3,16,16,,False,,90,ava-dobson-wcd,hitech-tgr,18,2:00.705,120705,2160,,False,15:55:43,2:00.705,120705,161.411
fa-193,fa-17,2025,3,17,17,,False,,25,joanne-ciconte,mp-motorsport,17,2:00.887,120887,2342,,False,15:58:12,2:00.887,120887,161.168
fa-193,fa-17,2025,3,18,18,,False,,11,aiva-anagnostiadis,hitech-tgr,19,2:01.299,121299,2754,,False,15:55:17,2:01.299,121299,160.621
fa-170,fa-17,2025,3,1,1,,False,,14,chloe-chambers,campos-racing,9,2:00.458,120458,,,False,10:29:08,2:00.458,120458,161.742
fa-170,fa-17,2025,3,2,2,,False,,21,alisha-palmowski,campos-racing,12,2:00.476,120476,18,,False,10:29:09,2:00.476,120476,161.718
fa-170,fa-17,2025,3,3,3,,False,,28,doriane-pin,prema-racing,8,2:00.529,120529,71,,False,10:29:26,2:00.529,120529,161.647
fa-170,fa-17,2025,3,4,4,,False,,20,ella-lloyd,rodin-motorsport,4,2:00.534,120534,76,,False,10:29:41,2:00.534,120534,161.640
fa-170,fa-17,2025,3,5,5,,False,,57,lia-block,art-grand-prix,10,2:00.742,120742,284,,False,10:29:22,2:00.742,120742,161.362
fa-170,fa-17,2025,3,6,6,,False,,22,aurelia-nobels,art-grand-prix,10,2:01.469,121469,1011,,False,10:29:26,2:01.469,121469,160.396
fa-170,fa-17,2025,3,7,7,,False,,18,rafaela-ferreira,campos-racing,12,2:01.673,121673,1215,,False,10:29:11,2:01.673,121673,160.127
fa-170,fa-17,2025,3,8,8,,False,,5,emma-felbermayr,rodin-motorsport,4,2:01.761,121761,1303,,False,10:29:29,2:01.761,121761,160.011
fa-170,fa-17,2025,3,9,9,,False,,78,tina-hausmann,prema-racing,7,2:01.845,121845,1387,,False,10:29:29,2:01.845,121845,159.901
fa-170,fa-17,2025,3,10,10,,False,,64,maya-weug,mp-motorsport,11,2:02.234,122234,1776,,False,10:29:18,2:02.234,122234,159.392
fa-170,fa-17,2025,3,11,11,,False,,7,courtney-crone,art-grand-prix,11,2:02.563,122563,2105,,False,10:29:24,2:02.563,122563,158.964
fa-170,fa-17,2025,3,12,12,,False,,12,alba-larsen,mp-motorsport,13,2:02.697,122697,2239,,False,10:29:20,2:02.697,122697,158.791
fa-170,fa-17,2025,3,13,13,,False,,3,nina-gademan,prema-racing,8,2:02.738,122738,2280,,False,10:29:35,2:02.738,122738,158.738
fa-170,fa-17,2025,3,14,14,,False,,27,chloe-chong,rodin-motorsport,4,2:03.133,123133,2675,,False,10:29:39,2:03.133,123133,158.228
fa-170,fa-17,2025,3,15,15,,False,,90,ava-dobson-wcd,hitech-tgr,12,2:03.664,123664,3206,,False,10:29:32,2:03.664,123664,157.549
fa-170,fa-17,2025,3,16,16,,False,,2,nicole-havrda,hitech-tgr,11,2:03.851,123851,3393,,False,10:29:30,2:03.851,123851,157.311
fa-170,fa-17,2025,3,17,17,,False,,25,joanne-ciconte,mp-motorsport,13,2:04.933,124933,4475,,False,10:29:24,2:04.933,124933,155.949
fa-170,fa-17,2025,3,18,18,,False,,11,aiva-anagnostiadis,hitech-tgr,12,2:04.972,124972,4514,,False,10:29:33,2:04.972,124972,155.900
fa-171,fa-17,2025,3,1,1,11,False,,28,doriane-pin,prema-racing,13,28:32.874,1712874,,,True,11,1:59.386,119386,147.537
fa-171,fa-17,2025,3,2,2,8,False,,21,alisha-palmowski,campos-racing,13,28:33.297,1713297,423,,False,12,1:59.490,119490,147.500
fa-171,fa-17,2025,3,3,3,6,False,,14,chloe-chambers,campos-racing,13,28:34.613,1714613,1739,,False,3,1:59.576,119576,147.387
fa-171,fa-17,2025,3,4,4,5,False,,64,maya-weug,mp-motorsport,13,28:35.539,1715539,2665,,False,13,1:59.496,119496,147.308
fa-171,fa-17,2025,3,5,5,4,False,,3,nina-gademan,prema-racing,13,28:39.037,1719037,6163,,False,12,1:59.974,119974,147.008
fa-171,fa-17,2025,3,6,6,3,False,,22,aurelia-nobels,art-grand-prix,13,28:39.565,1719565,6691,,False,3,2:00.075,120075,146.963
fa-171,fa-17,2025,3,7,7,2,False,,78,tina-hausmann,prema-racing,13,28:39.662,1719662,6788,,False,3,2:00.474,120474,146.954
fa-171,fa-17,2025,3,8,8,1,False,,18,rafaela-ferreira,campos-racing,13,28:40.643,1720643,7769,,False,5,2:00.488,120488,146.871
fa-171,fa-17,2025,3,9,9,0,False,,7,courtney-crone,art-grand-prix,13,28:42.824,1722824,9950,,False,13,2:00.397,120397,146.685
fa-171,fa-17,2025,3,10,10,0,False,,57,lia-block,art-grand-prix,13,28:43.416,1723416,10542,,False,6,1:59.826,119826,146.634
fa-171,fa-17,2025,3,11,11,0,False,,12,alba-larsen,mp-motorsport,13,28:46.840,1726840,13966,,False,4,2:00.446,120446,146.344
fa-171,fa-17,2025,3,12,12,0,False,,2,nicole-havrda,hitech-tgr,13,28:47.369,1727369,14495,,False,4,2:01.631,121631,146.299
fa-171,fa-17,2025,3,13,13,0,False,,90,ava-dobson-wcd,hitech-tgr,13,28:47.830,1727830,14956,,False,6,2:01.328,121328,146.260
fa-171,fa-17,2025,3,14,14,0,False,,11,aiva-anagnostiadis,hitech-tgr,13,28:48.983,1728983,16109,,False,4,2:01.656,121656,146.162
fa-171,fa-17,2025,3,15,15,0,False,,5,emma-felbermayr,rodin-motorsport,13,28:52.877,1732877,20003,,False,6,2:00.682,120682,145.834
fa-171,fa-17,2025,3,16,,0,False,Ret,27,chloe-chong,rodin-motorsport,7,15:34.355,934355,,,False,3,2:01.388,121388,145.355
fa-171,fa-17,2025,3,17,,0,False,Ret,25,joanne-ciconte,mp-motorsport,6,13:16.373,796373,,,False,3,2:01.334,121334,146.075
fa-171,fa-17,2025,3,18,,0,False,Ret,20,ella-lloyd,rodin-motorsport,0,,,,,False,,,,
fa-173,fa-18,2025,4,1,1,,False,,21,alisha-palmowski,campos-racing,18,1:38.898,98898,,,False,11:45:37,1:38.898,98898,158.745
fa-173,fa-18,2025,4,2,2,,False,,14,chloe-chambers,campos-racing,20,1:38.972,98972,74,,False,11:43:28,1:38.972,98972,158.626
fa-173,fa-18,2025,4,3,3,,False,,12,alba-larsen,mp-motorsport,22,1:39.509,99509,611,,False,11:43:24,1:39.509,99509,157.770
fa-173,fa-18,2025,4,4,4,,False,,27,chloe-chong,rodin-motorsport,20,1:39.557,99557,659,,False,11:44:05,1:39.557,99557,157.694
fa-173,fa-18,2025,4,5,5,,False,,20,ella-lloyd,rodin-motorsport,21,1:39.596,99596,698,,False,11:45:47,1:39.596,99596,157.632
fa-173,fa-18,2025,4,6,6,,False,,3,nina-gademan,prema-racing,16,1:39.755,99755,857,,False,11:45:34,1:39.755,99755,157.381
fa-173,fa-18,2025,4,7,7,,False,,18,rafaela-ferreira,campos-racing,18,1:39.844,99844,946,,False,11:45:13,1:39.844,99844,157.241
fa-173,fa-18,2025,4,8,8,,False,,28,doriane-pin,prema-racing,16,1:40.003,100003,1105,,False,11:45:02,1:40.003,100003,156.991
fa-173,fa-18,2025,4,9,9,,False,,57,lia-block,art-grand-prix,18,1:40.070,100070,1172,,False,11:44:53,1:40.070,100070,156.886
fa-173,fa-18,2025,4,10,10,,False,,22,aurelia-nobels,art-grand-prix,18,1:40.113,100113,1215,,False,11:44:57,1:40.113,100113,156.818
fa-173,fa-18,2025,4,11,11,,False,,78,tina-hausmann,prema-racing,16,1:40.192,100192,1294,,False,11:45:08,1:40.192,100192,156.695
fa-173,fa-18,2025,4,12,12,,False,,5,emma-felbermayr,rodin-motorsport,19,1:40.455,100455,1557,,False,11:45:32,1:40.455,100455,156.284
fa-173,fa-18,2025,4,13,13,,False,,7,courtney-crone,art-grand-prix,17,1:41.001,101001,2103,,False,11:43:20,1:41.001,101001,155.440
fa-173,fa-18,2025,4,14,14,,False,,2,nicole-havrda,hitech-tgr,19,1:41.314,101314,2416,,False,11:43:39,1:41.314,101314,154.959
fa-173,fa-18,2025,4,15,15,,False,,25,joanne-ciconte,mp-motorsport,19,1:41.537,101537,2639,,False,11:45:27,1:41.537,101537,154.619
fa-173,fa-18,2025,4,16,16,,False,,8,mathilda-paatz-wcd,hitech-tgr,13,1:41.543,101543,2645,,False,11:29:25,1:41.543,101543,154.610
fa-173,fa-18,2025,4,17,17,,False,,11,aiva-anagnostiadis,hitech-tgr,20,1:42.208,102208,3310,,False,11:45:30,1:42.208,102208,153.604
fa-173,fa-18,2025,4,18,18,,False,Ret,64,maya-weug,mp-motorsport,6,,,,,False,,,,
fa-174,fa-18,2025,4,1,1,,False,,14,chloe-chambers,campos-racing,17,1:38.125,98125,,,False,18:53:56,1:38.125,98125,159.995
fa-174,fa-18,2025,4,2,2,,False,,21,alisha-palmowski,campos-racing,18,1:38.430,98430,305,,False,19:00:28,1:38.430,98430,159.500
fa-174,fa-18,2025,4,3,3,,False,,28,doriane-pin,prema-racing,16,1:38.603,98603,478,,False,18:54:38,1:38.603,98603,159.220
fa-174,fa-18,2025,4,4,4,,False,,20,ella-lloyd,rodin-motorsport,17,1:38.882,98882,757,,False,18:54:51,1:38.882,98882,158.771
fa-174,fa-18,2025,4,5,5,,False,,78,tina-hausmann,prema-racing,16,1:38.914,98914,789,,False,18:59:43,1:38.914,98914,158.719
fa-174,fa-18,2025,4,6,6,,False,,5,emma-felbermayr,rodin-motorsport,18,1:38.939,98939,814,,False,19:00:30,1:38.939,98939,158.679
fa-174,fa-18,2025,4,7,7,,False,,3,nina-gademan,prema-racing,16,1:39.044,99044,919,,False,18:56:14,1:39.044,99044,158.511
fa-174,fa-18,2025,4,8,8,,False,,27,chloe-chong,rodin-motorsport,17,1:39.128,99128,1003,,False,19:00:10,1:39.128,99128,158.377
fa-174,fa-18,2025,4,9,9,,False,,18,rafaela-ferreira,campos-racing,17,1:39.156,99156,1031,,False,19:00:30,1:39.231,99231,158.212
fa-174,fa-18,2025,4,10,10,,False,,57,lia-block,art-grand-prix,17,1:39.162,99162,1037,,False,19:00:34,1:39.162,99162,158.322
fa-174,fa-18,2025,4,11,11,,False,,25,joanne-ciconte,mp-motorsport,18,1:39.300,99300,1175,,False,18:58:18,1:39.300,99300,158.102
fa-174,fa-18,2025,4,12,12,,False,,12,alba-larsen,mp-motorsport,16,1:39.393,99393,1268,,False,18:58:58,1:39.393,99393,157.954
fa-174,fa-18,2025,4,13,13,,False,,22,aurelia-nobels,art-grand-prix,18,1:39.600,99600,1475,,False,18:53:38,1:39.600,99600,157.626
fa-174,fa-18,2025,4,14,14,,False,,8,mathilda-paatz-wcd,hitech-tgr,17,1:39.718,99718,1593,,False,19:00:58,1:39.718,99718,157.439
fa-174,fa-18,2025,4,15,15,,False,,64,maya-weug,mp-motorsport,15,1:39.727,99727,1602,,False,18:58:43,1:39.727,99727,157.425
fa-174,fa-18,2025,4,16,16,,False,,7,courtney-crone,art-grand-prix,17,1:40.579,100579,2454,,False,18:55:47,1:40.579,100579,156.092
fa-174,fa-18,2025,4,17,17,,False,,11,aiva-anagnostiadis,hitech-tgr,17,1:41.323,101323,3198,,False,18:59:30,1:41.323,101323,154.946
fa-174,fa-18,2025,4,18,18,,False,,2,nicole-havrda,hitech-tgr,17,1:41.654,101654,3529,,False,18:56:09,1:41.654,101654,154.441
fa-175,fa-18,2025,4,1,1,25,False,,28,doriane-pin,prema-racing,17,33:02.382,1982382,,,False,10,1:38.952,98952,134.632
fa-175,fa-18,2025,4,2,2,18,False,,20,ella-lloyd,rodin-motorsport,17,33:02.652,1982652,270,,False,9,1:39.159,99159,134.614
fa-175,fa-18,2025,4,3,3,15,False,,3,nina-gademan,prema-racing,17,33:04.011,1984011,1629,,False,10,1:39.303,99303,134.522
fa-175,fa-18,2025,4,4,4,12,False,,57,lia-block,art-grand-prix,17,33:04.261,1984261,1879,,False,10,1:39.089,99089,134.505
fa-175,fa-18,2025,4,5,5,10,False,,12,alba-larsen,mp-motorsport,17,33:04.523,1984523,2141,,False,7,1:39.044,99044,134.487
fa-175,fa-18,2025,4,6,6,8,False,,78,tina-hausmann,prema-racing,17,33:05.139,1985139,2757,,False,10,1:39.435,99435,134.445
fa-175,fa-18,2025,4,7,7,7,False,,14,chloe-chambers,campos-racing,17,33:05.716,1985716,3334,,True,8,1:38.850,98850,134.406
fa-175,fa-18,2025,4,8,8,4,False,,11,aiva-anagnostiadis,hitech-tgr,17,33:06.411,1986411,4029,,False,8,1:40.714,100714,134.359
fa-175,fa-18,2025,4,9,9,2,False,,22,aurelia-nobels,art-grand-prix,17,33:06.790,1986790,4408,,False,9,1:39.587,99587,134.333
fa-175,fa-18,2025,4,10,10,1,False,,2,nicole-havrda,hitech-tgr,17,33:07.804,1987804,5422,,False,9,1:41.267,101267,134.265
fa-175,fa-18,2025,4,11,11,0,False,,7,courtney-crone,art-grand-prix,17,33:08.280,1988280,5898,,False,9,1:40.084,100084,134.233
fa-175,fa-18,2025,4,12,12,0,False,,21,alisha-palmowski,campos-racing,17,33:15.332,1995332,12950,,False,7,1:39.093,99093,133.758
fa-175,fa-18,2025,4,13,13,0,False,Ret,18,rafaela-ferreira,campos-racing,16,30:48.438,1848438,,,False,10,1:39.386,99386,135.895
fa-175,fa-18,2025,4,14,14,0,False,Ret,25,joanne-ciconte,mp-motorsport,15,28:28.675,1708675,,,False,9,1:40.022,100022,137.822
fa-175,fa-18,2025,4,15,,0,False,DSQ,5,emma-felbermayr,rodin-motorsport,17,33:03.476,1983476,1094,,False,10,1:39.220,99220,134.558
fa-175,fa-18,2025,4,16,,0,False,Ret,27,chloe-chong,rodin-motorsport,14,26:38.858,1598858,,,False,7,1:39.901,99901,137.469
fa-175,fa-18,2025,4,17,,0,False,Ret,8,mathilda-paatz-wcd,hitech-tgr,9,15:24.731,924731,,,False,9,1:39.820,99820,152.797
fa-175,fa-18,2025,4,18,,0,False,NC,64,maya-weug,mp-motorsport,7,33:20.388,2000388,,10,False,6,1:43.589,103589,54.937
fa-176,fa-18,2025,4,1,1,10,False,,5,emma-felbermayr,rodin-motorsport,17,29:48.046,1788046,,,False,12,1:38.917,98917,149.265
fa-176,fa-18,2025,4,2,2,8,False,,20,ella-lloyd,rodin-motorsport,17,29:48.251,1788251,205,,False,11,1:39.064,99064,149.248
fa-176,fa-18,2025,4,3,3,6,False,,3,nina-gademan,prema-racing,17,29:48.339,1788339,293,,False,12,1:39.067,99067,149.240
fa-176,fa-18,2025,4,4,4,5,False,,28,doriane-pin,prema-racing,17,29:48.425,1788425,379,,False,11,1:38.898,98898,149.233
fa-176,fa-18,2025,4,5,5,4,False,,12,alba-larsen,mp-motorsport,17,29:48.589,1788589,543,,False,11,1:38.880,98880,149.219
fa-176,fa-18,2025,4,6,6,3,False,,21,alisha-palmowski,campos-racing,17,29:48.720,1788720,674,,False,11,1:39.061,99061,149.209
fa-176,fa-18,2025,4,7,7,3,False,,78,tina-hausmann,prema-racing,17,29:49.191,1789191,1145,,True,10,1:38.875,98875,149.169
fa-176,fa-18,2025,4,8,8,1,False,,57,lia-block,art-grand-prix,17,29:49.822,1789822,1776,,False,12,1:39.001,99001,149.117
fa-176,fa-18,2025,4,9,9,0,False,,64,maya-weug,mp-motorsport,17,29:49.977,1789977,1931,,False,13,1:38.897,98897,149.104
fa-176,fa-18,2025,4,10,10,0,False,,14,chloe-chambers,campos-racing,17,29:50.073,1790073,2027,,False,13,1:38.394,98394,149.096
fa-176,fa-18,2025,4,11,11,0,False,,8,mathilda-paatz-wcd,hitech-tgr,17,29:51.370,1791370,3324,,False,10,1:39.388,99388,148.988
fa-176,fa-18,2025,4,12,12,0,False,,7,courtney-crone,art-grand-prix,17,29:54.217,1794217,6171,,False,11,1:39.568,99568,148.751
fa-176,fa-18,2025,4,13,13,0,False,,22,aurelia-nobels,art-grand-prix,17,29:55.020,1795020,6974,,False,8,1:39.455,99455,148.685
fa-176,fa-18,2025,4,14,14,0,False,,11,aiva-anagnostiadis,hitech-tgr,17,29:56.192,1796192,8146,,False,7,1:40.157,100157,148.588
fa-176,fa-18,2025,4,15,15,0,False,,25,joanne-ciconte,mp-motorsport,17,30:23.465,1823465,35419,,False,8,1:39.466,99466,146.365
fa-176,fa-18,2025,4,16,16,0,False,,27,chloe-chong,rodin-motorsport,17,30:23.806,1823806,35760,,False,10,1:39.529,99529,146.338
fa-176,fa-18,2025,4,17,,0,False,Ret,2,nicole-havrda,hitech-tgr,12,20:26.271,1226271,,,False,12,1:40.235,100235,153.632
fa-176,fa-18,2025,4,18,,0,False,Ret,18,rafaela-ferreira,campos-racing,10,17:01.546,1021546,,,False,8,1:39.246,99246,153.684
fa-194,fa-18,2025,4,1,1,27,True,,14,chloe-chambers,campos-racing,16,32:49.949,1969949,,,False,14,1:39.424,99424,127.512
fa-194,fa-18,2025,4,2,2,18,False,,20,ella-lloyd,rodin-motorsport,16,32:50.226,1970226,277,,False,8,1:39.630,99630,127.494
fa-194,fa-18,2025,4,3,3,16,False,,28,doriane-pin,prema-racing,16,32:50.664,1970664,715,,True,9,1:39.280,99280,127.466
fa-194,fa-18,2025,4,4,4,12,False,,78,tina-hausmann,prema-racing,16,32:50.968,1970968,1019,,False,14,1:40.231,100231,127.446
fa-194,fa-18,2025,4,5,5,10,False,,27,chloe-chong,rodin-motorsport,16,32:51.300,1971300,1351,,False,10,1:39.687,99687,127.425
fa-194,fa-18,2025,4,6,6,8,False,,64,maya-weug,mp-motorsport,16,32:51.406,1971406,1457,,False,14,1:39.912,99912,127.418
fa-194,fa-18,2025,4,7,7,6,False,,21,alisha-palmowski,campos-racing,16,32:51.646,1971646,1697,,False,14,1:40.165,100165,127.402
fa-194,fa-18,2025,4,8,8,4,False,,12,alba-larsen,mp-motorsport,16,32:51.807,1971807,1858,,False,10,1:39.633,99633,127.392
fa-194,fa-18,2025,4,9,9,2,False,,25,joanne-ciconte,mp-motorsport,16,32:53.531,1973531,3582,,False,14,1:40.819,100819,127.281
fa-194,fa-18,2025,4,10,10,1,False,,5,emma-felbermayr,rodin-motorsport,16,32:53.965,1973965,4016,,False,9,1:39.863,99863,127.253
fa-194,fa-18,2025,4,11,11,0,False,,2,nicole-havrda,hitech-tgr,16,32:54.172,1974172,4223,,False,9,1:41.320,101320,127.239
fa-194,fa-18,2025,4,12,12,0,False,,18,rafaela-ferreira,campos-racing,16,32:54.366,1974366,4417,,False,14,1:40.936,100936,127.227
fa-194,fa-18,2025,4,13,13,0,False,,3,nina-gademan,prema-racing,16,33:03.255,1983255,13306,,False,14,1:40.607,100607,126.657
fa-194,fa-18,2025,4,14,,0,False,Ret,7,courtney-crone,art-grand-prix,13,26:42.606,1602606,,,False,9,1:42.081,102081,127.351
fa-194,fa-18,2025,4,15,,0,False,Ret,57,lia-block,art-grand-prix,9,18:55.003,1135003,,,False,9,1:41.391,101391,124.489
fa-194,fa-18,2025,4,16,,0,False,Ret,22,aurelia-nobels,art-grand-prix,9,18:56.240,1136240,,,False,9,1:42.307,102307,124.354
fa-194,fa-18,2025,4,17,,0,False,Ret,8,mathilda-paatz-wcd,hitech-tgr,0,,,,,False,,,,
fa-194,fa-18,2025,4,18,,0,False,Ret,11,aiva-anagnostiadis,hitech-tgr,0,,,,,False,,,,
fa-195,fa-19,2025,5,1,1,,False,,21,alisha-palmowski,campos-racing,7,1:38.196,98196,,,False,10:35:58,1:38.196,98196,156.140
fa-195,fa-19,2025,5,2,2,,False,,64,maya-weug,mp-motorsport,7,1:38.201,98201,5,,False,10:41:05,1:38.201,98201,156.132
fa-195,fa-19,2025,5,3,3,,False,,14,chloe-chambers,campos-racing,8,1:38.439,98439,243,,False,10:41:08,1:38.439,98439,155.755
fa-195,fa-19,2025,5,4,4,,False,,28,doriane-pin,prema-racing,8,1:38.835,98835,639,,False,10:40:25,1:38.835,98835,155.131
fa-195,fa-19,2025,5,5,5,,False,,27,chloe-chong,rodin-motorsport,14,1:39.065,99065,869,,False,10:34:35,1:39.065,99065,154.771
fa-195,fa-19,2025,5,6,6,,False,,12,alba-larsen,mp-motorsport,12,1:39.123,99123,927,,False,10:38:11,1:39.123,99123,154.680
fa-195,fa-19,2025,5,7,7,,False,,3,nina-gademan,prema-racing,7,1:39.403,99403,1207,,False,10:40:59,1:39.403,99403,154.244
fa-195,fa-19,2025,5,8,8,,False,,57,lia-block,art-grand-prix,11,1:39.546,99546,1350,,False,10:34:45,1:39.546,99546,154.023
fa-195,fa-19,2025,5,9,9,,False,,18,rafaela-ferreira,campos-racing,8,1:39.668,99668,1472,,False,10:39:33,1:39.668,99668,153.834
fa-195,fa-19,2025,5,10,10,,False,,78,tina-hausmann,prema-racing,7,1:39.687,99687,1491,,False,10:40:43,1:39.687,99687,153.805
fa-195,fa-19,2025,5,11,11,,False,,25,joanne-ciconte,mp-motorsport,12,1:39.707,99707,1511,,False,10:40:53,1:39.707,99707,153.774
fa-195,fa-19,2025,5,12,12,,False,,22,aurelia-nobels,art-grand-prix,11,1:39.708,99708,1512,,False,10:30:47,1:39.708,99708,153.773
fa-195,fa-19,2025,5,13,13,,False,,20,ella-lloyd,rodin-motorsport,13,1:39.800,99800,1604,,False,10:30:30,1:39.800,99800,153.631
fa-195,fa-19,2025,5,14,14,,False,,86,esmee-kosterman-wcd,hitech-tgr,12,1:39.978,99978,1782,,False,10:31:48,1:39.978,99978,153.357
fa-195,fa-19,2025,5,15,15,,False,,5,emma-felbermayr,rodin-motorsport,13,1:40.114,100114,1918,,False,10:26:52,1:40.114,100114,153.149
fa-195,fa-19,2025,5,16,16,,False,,7,courtney-crone,art-grand-prix,12,1:40.213,100213,2017,,False,10:41:13,1:40.213,100213,152.998
fa-195,fa-19,2025,5,17,17,,False,,2,nicole-havrda,hitech-tgr,11,1:40.491,100491,2295,,False,10:26:57,1:40.491,100491,152.574
fa-195,fa-19,2025,5,18,18,,False,,11,aiva-anagnostiadis,hitech-tgr,12,1:40.775,100775,2579,,False,10:26:56,1:40.775,100775,152.144
fa-196,fa-19,2025,5,1,1,,False,,14,chloe-chambers,campos-racing,13,1:36.873,96873,,,False,17:48:08,1:36.873,96873,158.273
fa-196,fa-19,2025,5,2,2,,False,,64,maya-weug,mp-motorsport,14,1:37.023,97023,150,,False,17:46:56,1:37.023,97023,158.028
fa-196,fa-19,2025,5,3,3,,False,,28,doriane-pin,prema-racing,14,1:37.291,97291,418,,False,17:45:34,1:37.291,97291,157.593
fa-196,fa-19,2025,5,4,4,,False,,21,alisha-palmowski,campos-racing,14,1:37.349,97349,476,,False,17:49:27,1:37.349,97349,157.499
fa-196,fa-19,2025,5,5,5,,False,,12,alba-larsen,mp-motorsport,15,1:37.455,97455,582,,False,17:49:26,1:37.455,97455,157.327
fa-196,fa-19,2025,5,6,6,,False,,78,tina-hausmann,prema-racing,14,1:37.694,97694,821,,False,17:49:07,1:37.694,97694,156.943
fa-196,fa-19,2025,5,7,7,,False,,5,emma-felbermayr,rodin-motorsport,14,1:37.796,97796,923,,False,17:49:30,1:37.796,97796,156.779
fa-196,fa-19,2025,5,8,8,,False,,20,ella-lloyd,rodin-motorsport,12,1:37.814,97814,941,,False,17:49:42,1:37.814,97814,156.750
fa-196,fa-19,2025,5,9,9,,False,,86,esmee-kosterman-wcd,hitech-tgr,14,1:38.123,98123,1250,,False,17:46:36,1:38.123,98123,156.256
fa-196,fa-19,2025,5,10,10,,False,,22,aurelia-nobels,art-grand-prix,17,1:38.132,98132,1259,,False,17:48:43,1:38.132,98132,156.242
fa-196,fa-19,2025,5,11,11,,False,,18,rafaela-ferreira,campos-racing,14,1:38.472,98472,1599,,False,17:48:41,1:38.472,98472,155.703
fa-196,fa-19,2025,5,12,12,,False,,25,joanne-ciconte,mp-motorsport,13,1:38.509,98509,1636,,False,17:45:47,1:38.509,98509,155.644
fa-196,fa-19,2025,5,13,13,,False,,2,nicole-havrda,hitech-tgr,15,1:38.538,98538,1665,,False,17:48:46,1:38.538,98538,155.598
fa-196,fa-19,2025,5,14,14,,False,,57,lia-block,art-grand-prix,15,1:38.545,98545,1672,,False,17:47:42,1:38.545,98545,155.587
fa-196,fa-19,2025,5,15,15,,False,,27,chloe-chong,rodin-motorsport,14,1:38.732,98732,1859,,False,17:50:17,1:38.732,98732,155.293
fa-196,fa-19,2025,5,16,16,,False,,7,courtney-crone,art-grand-prix,16,1:38.923,98923,2050,,False,17:46:18,1:38.923,98923,154.993
fa-196,fa-19,2025,5,17,17,,False,,11,aiva-anagnostiadis,hitech-tgr,16,1:39.910,99910,3037,,False,17:50:32,1:39.910,99910,153.462
fa-197,fa-19,2025,5,1,1,,False,,64,maya-weug,mp-motorsport,12,1:38.834,98834,,,False,11:04:38,1:38.834,98834,155.132
fa-197,fa-19,2025,5,2,2,,False,,21,alisha-palmowski,campos-racing,12,1:38.873,98873,39,,False,11:03:30,1:38.873,98873,155.071
fa-197,fa-19,2025,5,3,3,,False,,20,ella-lloyd,rodin-motorsport,15,1:38.963,98963,129,,False,11:04:30,1:38.963,98963,154.930
fa-197,fa-19,2025,5,4,4,,False,,14,chloe-chambers,campos-racing,12,1:39.114,99114,280,,False,11:03:16,1:39.114,99114,154.694
fa-197,fa-19,2025,5,5,5,,False,,28,doriane-pin,prema-racing,14,1:39.125,99125,291,,False,11:04:32,1:39.125,99125,154.677
fa-197,fa-19,2025,5,6,6,,False,,57,lia-block,art-grand-prix,15,1:39.126,99126,292,,False,11:04:14,1:39.126,99126,154.675
fa-197,fa-19,2025,5,7,7,,False,,78,tina-hausmann,prema-racing,14,1:39.550,99550,716,,False,11:04:27,1:39.550,99550,154.017
fa-197,fa-19,2025,5,8,8,,False,,3,nina-gademan,prema-racing,14,1:39.585,99585,751,,False,11:04:26,1:39.585,99585,153.962
fa-197,fa-19,2025,5,9,9,,False,,86,esmee-kosterman-wcd,hitech-tgr,15,1:39.633,99633,799,,False,11:04:34,1:39.633,99633,153.888
fa-197,fa-19,2025,5,10,10,,False,,5,emma-felbermayr,rodin-motorsport,13,1:39.998,99998,1164,,False,11:01:39,1:39.998,99998,153.327
fa-197,fa-19,2025,5,11,11,,False,,18,rafaela-ferreira,campos-racing,11,1:40.011,100011,1177,,False,11:03:45,1:40.011,100011,153.307
fa-197,fa-19,2025,5,12,12,,False,,27,chloe-chong,rodin-motorsport,15,1:40.209,100209,1375,,False,11:04:52,1:40.209,100209,153.004
fa-197,fa-19,2025,5,13,13,,False,,7,courtney-crone,art-grand-prix,14,1:40.453,100453,1619,,False,11:04:25,1:40.453,100453,152.632
fa-197,fa-19,2025,5,14,14,,False,,12,alba-larsen,mp-motorsport,13,1:40.482,100482,1648,,False,11:03:15,1:40.482,100482,152.588
fa-197,fa-19,2025,5,15,15,,False,,2,nicole-havrda,hitech-tgr,15,1:40.601,100601,1767,,False,11:04:37,1:40.601,100601,152.408
fa-197,fa-19,2025,5,16,16,,False,,25,joanne-ciconte,mp-motorsport,13,1:41.114,101114,2280,,False,11:04:50,1:41.114,101114,151.634
fa-197,fa-19,2025,5,17,,,False,1:48.805,22,aurelia-nobels,art-grand-prix,8,1:48.805,108805,9971,,False,10:34:44,1:48.805,108805,140.916
fa-199,fa-19,2025,5,1,1,10,False,,3,nina-gademan,prema-racing,17,29:00.747,1740747,,,False,11,1:37.321,97321,149.608
fa-199,fa-19,2025,5,2,2,8,False,,57,lia-block,art-grand-prix,17,29:02.863,1742863,2116,,False,13,1:37.332,97332,149.427
fa-199,fa-19,2025,5,3,3,7,False,,64,maya-weug,mp-motorsport,17,29:02.990,1742990,2243,,True,12,1:36.867,96867,149.416
fa-199,fa-19,2025,5,4,4,5,False,,20,ella-lloyd,rodin-motorsport,17,29:06.271,1746271,5524,,False,14,1:37.412,97412,149.135
fa-199,fa-19,2025,5,5,5,4,False,,14,chloe-chambers,campos-racing,17,29:06.830,1746830,6083,,False,14,1:37.414,97414,149.087
fa-199,fa-19,2025,5,6,6,3,False,,28,doriane-pin,prema-racing,17,29:08.803,1748803,8056,,False,16,1:37.789,97789,148.919
fa-199,fa-19,2025,5,7,7,2,False,,21,alisha-palmowski,campos-racing,17,29:09.342,1749342,8595,,False,17,1:37.671,97671,148.873
fa-199,fa-19,2025,5,8,8,1,False,,5,emma-felbermayr,rodin-motorsport,17,29:10.488,1750488,9741,,False,17,1:37.842,97842,148.776
fa-199,fa-19,2025,5,9,9,0,False,,22,aurelia-nobels,art-grand-prix,17,29:18.994,1758994,18247,,False,16,1:37.885,97885,148.056
fa-199,fa-19,2025,5,10,10,0,False,,2,nicole-havrda,hitech-tgr,17,29:19.531,1759531,18784,,False,8,1:38.336,98336,148.011
fa-199,fa-19,2025,5,11,11,0,False,,18,rafaela-ferreira,campos-racing,17,29:21.110,1761110,20363,,False,13,1:38.228,98228,147.879
fa-199,fa-19,2025,5,12,12,0,False,,86,esmee-kosterman-wcd,hitech-tgr,17,29:21.553,1761553,20806,,False,15,1:37.948,97948,147.841
fa-199,fa-19,2025,5,13,13,0,False,,7,courtney-crone,art-grand-prix,17,29:28.694,1768694,27947,,False,8,1:38.776,98776,147.244
fa-199,fa-19,2025,5,14,14,0,False,,25,joanne-ciconte,mp-motorsport,17,29:31.524,1771524,30777,,False,10,1:39.259,99259,147.009
fa-199,fa-19,2025,5,15,15,0,False,,27,chloe-chong,rodin-motorsport,17,29:32.100,1772100,31353,,False,9,1:37.953,97953,146.961
fa-199,fa-19,2025,5,16,16,0,False,,11,aiva-anagnostiadis,hitech-tgr,17,29:34.213,1774213,33466,,False,11,1:39.267,99267,146.786
fa-199,fa-19,2025,5,17,17,0,False,,12,alba-larsen,mp-motorsport,17,30:09.322,1809322,68575,,False,7,1:38.130,98130,143.938
fa-199,fa-19,2025,5,18,,0,False,Ret,78,tina-hausmann,prema-racing,1,1:45.244,105244,,,False,,,,143.597
fa-201,fa-19,2025,5,1,1,28,True,,64,maya-weug,mp-motorsport,17,27:43.850,1663850,,,True,9,1:37.048,97048,156.523
fa-201,fa-19,2025,5,2,2,18,False,,21,alisha-palmowski,campos-racing,17,27:51.183,1671183,7333,,False,15,1:37.330,97330,155.836
fa-201,fa-19,2025,5,3,3,15,False,,28,doriane-pin,prema-racing,17,27:53.796,1673796,9946,,False,14,1:37.633,97633,155.593
fa-201,fa-19,2025,5,4,4,12,False,,20,ella-lloyd,rodin-motorsport,17,27:55.107,1675107,11257,,False,12,1:37.367,97367,155.471
fa-201,fa-19,2025,5,5,5,10,False,,78,tina-hausmann,prema-racing,17,27:59.339,1679339,15489,,False,4,1:37.898,97898,155.079
fa-201,fa-19,2025,5,6,6,8,False,,3,nina-gademan,prema-racing,17,27:59.559,1679559,15709,,False,5,1:37.876,97876,155.059
fa-201,fa-19,2025,5,7,7,6,False,,86,esmee-kosterman-wcd,hitech-tgr,17,28:01.651,1681651,17801,,False,5,1:37.965,97965,154.866
fa-201,fa-19,2025,5,8,8,4,False,,18,rafaela-ferreira,campos-racing,17,28:06.892,1686892,23042,,False,12,1:38.411,98411,154.385
fa-201,fa-19,2025,5,9,9,2,False,,12,alba-larsen,mp-motorsport,17,28:07.471,1687471,23621,,False,11,1:37.773,97773,154.332
fa-201,fa-19,2025,5,10,10,1,False,,27,chloe-chong,rodin-motorsport,17,28:09.293,1689293,25443,,False,9,1:38.214,98214,154.165
fa-201,fa-19,2025,5,11,11,0,False,,7,courtney-crone,art-grand-prix,17,28:11.370,1691370,27520,,False,13,1:38.219,98219,153.976
fa-201,fa-19,2025,5,12,12,0,False,,57,lia-block,art-grand-prix,17,28:12.907,1692907,29057,,False,12,1:38.003,98003,153.836
fa-201,fa-19,2025,5,13,13,0,False,,25,joanne-ciconte,mp-motorsport,17,28:16.829,1696829,32979,,False,10,1:38.559,98559,153.481
fa-201,fa-19,2025,5,14,14,0,False,,22,aurelia-nobels,art-grand-prix,17,28:17.395,1697395,33545,,False,12,1:38.233,98233,153.429
fa-201,fa-19,2025,5,15,15,0,False,,5,emma-felbermayr,rodin-motorsport,17,28:18.072,1698072,34222,,False,12,1:37.872,97872,153.368
fa-201,fa-19,2025,5,16,16,0,False,,2,nicole-havrda,hitech-tgr,17,28:33.763,1713763,49913,,False,6,1:38.636,98636,151.964
fa-201,fa-19,2025,5,17,17,0,False,,11,aiva-anagnostiadis,hitech-tgr,17,28:35.273,1715273,51423,,False,5,1:39.345,99345,151.830
fa-201,fa-19,2025,5,18,,0,False,DNS,14,chloe-chambers,campos-racing,0,,,,,False,,,,
fa-181,fa-20,2025,6,1,1,,False,,28,doriane-pin,prema-racing,14,2:03.944,123944,,,False,15:47:15,2:03.944,123944,143.106
fa-181,fa-20,2025,6,2,2,,False,,64,maya-weug,mp-motorsport,15,2:03.966,123966,22,,False,15:46:52,2:03.966,123966,143.081
fa-181,fa-20,2025,6,3,3,,False,,21,alisha-palmowski,campos-racing,15,2:03.995,123995,51,,False,15:51:11,2:03.995,123995,143.047
fa-181,fa-20,2025,6,4,4,,False,,14,chloe-chambers,campos-racing,16,2:04.460,124460,516,,False,15:50:17,2:04.460,124460,142.513
fa-181,fa-20,2025,6,5,5,,False,,20,ella-lloyd,rodin-motorsport,15,2:04.937,124937,993,,False,15:50:39,2:04.937,124937,141.969
fa-181,fa-20,2025,6,6,6,,False,,60,lisa-billard-wcd,hitech-tgr,15,2:05.033,125033,1089,,False,15:46:32,2:05.033,125033,141.860
fa-181,fa-20,2025,6,7,7,,False,,22,aurelia-nobels,art-grand-prix,16,2:05.100,125100,1156,,False,15:47:03,2:05.100,125100,141.784
fa-181,fa-20,2025,6,8,8,,False,,78,tina-hausmann,prema-racing,15,2:05.257,125257,1313,,False,15:47:50,2:05.257,125257,141.606
fa-181,fa-20,2025,6,9,9,,False,,3,nina-gademan,prema-racing,13,2:05.576,125576,1632,,False,15:48:17,2:05.576,125576,141.246
fa-181,fa-20,2025,6,10,10,,False,,5,emma-felbermayr,rodin-motorsport,15,2:05.608,125608,1664,,False,15:49:13,2:05.608,125608,141.210
fa-181,fa-20,2025,6,11,11,,False,,27,chloe-chong,rodin-motorsport,15,2:05.634,125634,1690,,False,15:50:13,2:05.634,125634,141.181
fa-181,fa-20,2025,6,12,12,,False,,2,nicole-havrda,hitech-tgr,15,2:05.728,125728,1784,,False,15:49:01,2:05.728,125728,141.075
fa-181,fa-20,2025,6,13,13,,False,,7,courtney-crone,art-grand-prix,15,2:05.848,125848,1904,,False,15:49:16,2:05.848,125848,140.941
fa-181,fa-20,2025,6,14,14,,False,,57,lia-block,art-grand-prix,16,2:05.957,125957,2013,,False,15:50:20,2:05.957,125957,140.819
fa-181,fa-20,2025,6,15,15,,False,,12,alba-larsen,mp-motorsport,18,2:05.969,125969,2025,,False,15:47:49,2:05.969,125969,140.806
fa-181,fa-20,2025,6,16,16,,False,,25,joanne-ciconte,mp-motorsport,15,2:06.381,126381,2437,,False,15:50:08,2:06.381,126381,140.347
fa-181,fa-20,2025,6,17,17,,False,,9,megan-bruce,hitech-tgr,9,2:07.086,127086,3142,,False,15:31:12,2:07.086,127086,139.568
fa-181,fa-20,2025,6,18,18,,False,Ret,18,rafaela-ferreira,campos-racing,1,,,,,False,,,,
fa-182,fa-20,2025,6,1,1,,False,,64,maya-weug,mp-motorsport,11,2:03.453,123453,,,False,19:33:56,2:03.453,123453,143.675
fa-182,fa-20,2025,6,2,2,,False,,28,doriane-pin,prema-racing,12,2:03.495,123495,42,,False,19:40:00,2:03.495,123495,143.626
fa-182,fa-20,2025,6,3,3,,False,,14,chloe-chambers,campos-racing,12,2:03.642,123642,189,,False,19:34:14,2:03.642,123642,143.456
fa-182,fa-20,2025,6,4,4,,False,,20,ella-lloyd,rodin-motorsport,12,2:04.184,124184,731,,False,19:33:39,2:04.184,124184,142.829
fa-182,fa-20,2025,6,5,5,,False,,60,lisa-billard-wcd,hitech-tgr,13,2:04.353,124353,900,,False,19:21:24,2:04.353,124353,142.635
fa-182,fa-20,2025,6,6,6,,False,,5,emma-felbermayr,rodin-motorsport,12,2:04.377,124377,924,,False,19:33:34,2:04.377,124377,142.608
fa-182,fa-20,2025,6,7,7,,False,,22,aurelia-nobels,art-grand-prix,12,2:04.673,124673,1220,,False,19:34:55,2:04.673,124673,142.269
fa-182,fa-20,2025,6,8,8,,False,,57,lia-block,art-grand-prix,12,2:04.680,124680,1227,,False,19:35:02,2:04.680,124680,142.261
fa-182,fa-20,2025,6,9,9,,False,,12,alba-larsen,mp-motorsport,11,2:04.804,124804,1351,,False,19:34:31,2:04.804,124804,142.120
fa-182,fa-20,2025,6,10,10,,False,,27,chloe-chong,rodin-motorsport,11,2:04.854,124854,1401,,False,19:36:11,2:04.854,124854,142.063
fa-182,fa-20,2025,6,11,11,,False,,3,nina-gademan,prema-racing,11,2:04.917,124917,1464,,False,19:38:05,2:04.917,124917,141.991
fa-182,fa-20,2025,6,12,12,,False,,25,joanne-ciconte,mp-motorsport,12,2:04.924,124924,1471,,False,19:38:48,2:04.924,124924,141.983
fa-182,fa-20,2025,6,13,13,,False,,78,tina-hausmann,prema-racing,11,2:05.186,125186,1733,,False,19:34:02,2:05.186,125186,141.686
fa-182,fa-20,2025,6,14,14,,False,,18,rafaela-ferreira,campos-racing,12,2:05.324,125324,1871,,False,19:34:26,2:05.324,125324,141.530
fa-182,fa-20,2025,6,15,15,,False,,9,megan-bruce,hitech-tgr,13,2:05.325,125325,1872,,False,19:37:04,2:05.325,125325,141.529
fa-182,fa-20,2025,6,16,16,,False,,7,courtney-crone,art-grand-prix,12,2:05.441,125441,1988,,False,19:34:34,2:05.441,125441,141.398
fa-182,fa-20,2025,6,17,17,,False,,2,nicole-havrda,hitech-tgr,13,2:06.114,126114,2661,,False,19:39:55,2:06.114,126114,140.644
fa-182,fa-20,2025,6,18,,,False,2:12.356,21,alisha-palmowski,campos-racing,2,2:12.356,132356,8903,,False,19:05:06,2:12.356,132356,134.011
fa-183,fa-20,2025,6,1,1,10,False,,57,lia-block,art-grand-prix,14,32:54.095,1974095,,,False,14,2:04.429,124429,125.539
fa-183,fa-20,2025,6,2,2,8,False,,64,maya-weug,mp-motorsport,14,32:54.744,1974744,649,,False,14,2:04.347,124347,125.498
fa-183,fa-20,2025,6,3,3,6,False,,14,chloe-chambers,campos-racing,14,32:55.125,1975125,1030,,False,14,2:04.432,124432,125.474
fa-183,fa-20,2025,6,4,4,5,False,,22,aurelia-nobels,art-grand-prix,14,32:58.829,1978829,4734,,False,13,2:04.331,124331,125.239
fa-183,fa-20,2025,6,5,5,5,False,,28,doriane-pin,prema-racing,14,32:59.384,1979384,5289,,True,13,2:04.244,124244,125.204
fa-183,fa-20,2025,6,6,6,3,False,,5,emma-felbermayr,rodin-motorsport,14,33:00.919,1980919,6824,,False,14,2:04.735,124735,125.107
fa-183,fa-20,2025,6,7,7,2,False,,20,ella-lloyd,rodin-motorsport,14,33:02.032,1982032,7937,,False,14,2:04.562,124562,125.037
fa-183,fa-20,2025,6,8,8,1,False,,3,nina-gademan,prema-racing,14,33:02.045,1982045,7950,,False,14,2:04.657,124657,125.036
fa-183,fa-20,2025,6,9,9,0,False,,27,chloe-chong,rodin-motorsport,14,33:03.578,1983578,9483,,False,14,2:04.966,124966,124.939
fa-183,fa-20,2025,6,10,10,0,False,,78,tina-hausmann,prema-racing,14,33:04.325,1984325,10230,,False,13,2:05.115,125115,124.892
fa-183,fa-20,2025,6,11,11,0,False,,25,joanne-ciconte,mp-motorsport,14,33:05.588,1985588,11493,,False,13,2:05.385,125385,124.813
fa-183,fa-20,2025,6,12,12,0,False,,9,megan-bruce,hitech-tgr,14,33:12.100,1992100,18005,,False,11,2:05.758,125758,124.405
fa-183,fa-20,2025,6,13,13,0,False,,7,courtney-crone,art-grand-prix,14,33:12.582,1992582,18487,,False,12,2:05.197,125197,124.375
fa-183,fa-20,2025,6,14,14,0,False,,12,alba-larsen,mp-motorsport,14,33:16.527,1996527,22432,,False,12,2:05.170,125170,124.129
fa-183,fa-20,2025,6,15,,0,False,Ret,18,rafaela-ferreira,campos-racing,11,28:21.051,1701051,,,False,6,2:05.729,125729,114.409
fa-183,fa-20,2025,6,16,,0,False,Ret,60,lisa-billard-wcd,hitech-tgr,6,15:07.721,907721,,,False,5,2:08.446,128446,116.698
fa-183,fa-20,2025,6,17,,0,False,Ret,21,alisha-palmowski,campos-racing,6,14:36.324,876324,,,False,6,2:04.397,124397,120.879
fa-183,fa-20,2025,6,18,,0,False,Ret,2,nicole-havrda,hitech-tgr,0,,,,,False,,,,
fa-184,fa-20,2025,6,1,1,27,True,,64,maya-weug,mp-motorsport,14,31:42.238,1902238,,,False,7,2:03.950,123950,130.282
fa-184,fa-20,2025,6,2,2,19,False,,28,doriane-pin,prema-racing,14,31:42.647,1902647,409,,True,8,2:03.587,123587,130.254
fa-184,fa-20,2025,6,3,3,15,False,,20,ella-lloyd,rodin-motorsport,14,31:43.554,1903554,1316,,False,4,2:04.840,124840,130.192
fa-184,fa-20,2025,6,4,4,12,False,,5,emma-felbermayr,rodin-motorsport,14,31:44.848,1904848,2610,,False,8,2:05.082,125082,130.103
fa-184,fa-20,2025,6,5,5,10,False,,12,alba-larsen,mp-motorsport,14,31:45.258,1905258,3020,,False,8,2:05.626,125626,130.075
fa-184,fa-20,2025,6,6,6,8,False,,3,nina-gademan,prema-racing,14,31:45.611,1905611,3373,,False,8,2:04.983,124983,130.051
fa-184,fa-20,2025,6,7,7,6,False,,27,chloe-chong,rodin-motorsport,14,31:48.606,1908606,6368,,False,4,2:06.127,126127,129.847
fa-184,fa-20,2025,6,8,8,4,False,,25,joanne-ciconte,mp-motorsport,14,31:49.109,1909109,6871,,False,7,2:05.659,125659,129.813
fa-184,fa-20,2025,6,9,9,2,False,,18,rafaela-ferreira,campos-racing,14,31:50.195,1910195,7957,,False,7,2:05.979,125979,129.739
fa-184,fa-20,2025,6,10,10,1,False,,7,courtney-crone,art-grand-prix,14,31:51.135,1911135,8897,,False,7,2:05.801,125801,129.675
fa-184,fa-20,2025,6,11,11,0,False,,14,chloe-chambers,campos-racing,14,31:51.550,1911550,9312,,False,4,2:04.548,124548,129.647
fa-184,fa-20,2025,6,12,12,0,False,,22,aurelia-nobels,art-grand-prix,14,31:54.321,1914321,12083,,False,7,2:04.961,124961,129.459
fa-184,fa-20,2025,6,13,13,0,False,,9,megan-bruce,hitech-tgr,14,32:19.128,1939128,36890,,False,7,2:05.773,125773,127.803
fa-184,fa-20,2025,6,14,14,0,False,,78,tina-hausmann,prema-racing,14,32:26.831,1946831,44593,,False,7,2:05.657,125657,127.297
fa-184,fa-20,2025,6,15,15,0,False,,21,alisha-palmowski,campos-racing,14,32:32.563,1952563,50325,,False,7,2:05.003,125003,126.924
fa-184,fa-20,2025,6,16,16,0,False,,60,lisa-billard-wcd,hitech-tgr,14,32:36.386,1956386,54148,,False,5,2:06.151,126151,126.676
fa-184,fa-20,2025,6,17,17,0,False,,57,lia-block,art-grand-prix,14,32:36.860,1956860,54622,,False,8,2:05.073,125073,126.645
fa-184,fa-20,2025,6,18,,0,False,Ret,2,nicole-havrda,hitech-tgr,9,19:22.374,1162374,,,False,4,2:06.378,126378,136.910
fa-185,fa-21,2025,7,1,1,,False,,28,doriane-pin,prema-racing,13,2:07.967,127967,,,False,18:24:17,2:07.967,127967,174.448
fa-185,fa-21,2025,7,2,2,,False,,64,maya-weug,mp-motorsport,12,2:08.248,128248,281,,False,18:24:25,2:08.248,128248,174.065
fa-185,fa-21,2025,7,3,3,,False,,14,chloe-chambers,campos-racing,11,2:08.384,128384,417,,False,18:29:46,2:08.384,128384,173.881
fa-185,fa-21,2025,7,4,4,,False,,12,alba-larsen,mp-motorsport,13,2:08.739,128739,772,,False,18:23:13,2:08.739,128739,173.401
fa-185,fa-21,2025,7,5,5,,False,,21,alisha-palmowski,campos-racing,13,2:08.906,128906,939,,False,18:21:29,2:08.906,128906,173.177
fa-185,fa-21,2025,7,6,6,,False,,78,tina-hausmann,prema-racing,13,2:09.588,129588,1621,,False,18:22:38,2:09.588,129588,172.265
fa-185,fa-21,2025,7,7,7,,False,,20,ella-lloyd,rodin-motorsport,12,2:09.849,129849,1882,,False,18:21:43,2:09.849,129849,171.919
fa-185,fa-21,2025,7,8,8,,False,,3,nina-gademan,prema-racing,13,2:09.894,129894,1927,,False,18:20:23,2:09.894,129894,171.860
fa-185,fa-21,2025,7,9,9,,False,,18,rafaela-ferreira,campos-racing,13,2:10.152,130152,2185,,False,18:26:58,2:10.152,130152,171.519
fa-185,fa-21,2025,7,10,10,,False,,27,chloe-chong,rodin-motorsport,13,2:10.186,130186,2219,,False,18:30:05,2:10.186,130186,171.474
fa-185,fa-21,2025,7,11,11,,False,,57,lia-block,art-grand-prix,13,2:10.239,130239,2272,,False,18:23:06,2:10.239,130239,171.404
fa-185,fa-21,2025,7,12,12,,False,,22,aurelia-nobels,art-grand-prix,13,2:10.314,130314,2347,,False,18:19:17,2:10.314,130314,171.306
fa-185,fa-21,2025,7,13,13,,False,,15,payton-westcott-wcd,hitech-tgr,13,2:10.638,130638,2671,,False,18:21:14,2:10.638,130638,170.881
fa-185,fa-21,2025,7,14,14,,False,,5,emma-felbermayr,rodin-motorsport,12,2:10.751,130751,2784,,False,18:24:03,2:10.751,130751,170.733
fa-185,fa-21,2025,7,15,15,,False,,56,rachel-robertson,hitech-tgr,13,2:10.915,130915,2948,,False,18:19:06,2:10.915,130915,170.519
fa-185,fa-21,2025,7,16,16,,False,,7,courtney-crone,art-grand-prix,13,2:11.754,131754,3787,,False,18:14:39,2:11.754,131754,169.433
fa-185,fa-21,2025,7,17,17,,False,,25,joanne-ciconte,mp-motorsport,11,2:12.515,132515,4548,,False,18:24:48,2:12.515,132515,168.460
fa-185,fa-21,2025,7,18,18,,False,,2,nicole-havrda,hitech-tgr,12,2:13.388,133388,5421,,False,18:19:11,2:13.388,133388,167.358
fa-186,fa-21,2025,7,1,1,,False,,14,chloe-chambers,campos-racing,14,2:06.538,126538,,,False,22:02:54,2:06.538,126538,176.418
fa-186,fa-21,2025,7,2,2,,False,,21,alisha-palmowski,campos-racing,13,2:06.918,126918,380,,False,22:00:44,2:06.918,126918,175.889
fa-186,fa-21,2025,7,3,3,,False,,12,alba-larsen,mp-motorsport,12,2:06.935,126935,397,,False,22:02:12,2:06.935,126935,175.866
fa-186,fa-21,2025,7,4,4,,False,,28,doriane-pin,prema-racing,14,2:06.978,126978,440,,False,22:02:49,2:06.978,126978,175.806
fa-186,fa-21,2025,7,5,5,,False,,64,maya-weug,mp-motorsport,12,2:07.194,127194,656,,False,21:57:57,2:07.194,127194,175.508
fa-186,fa-21,2025,7,6,6,,False,,78,tina-hausmann,prema-racing,14,2:07.574,127574,1036,,False,21:54:18,2:07.574,127574,174.985
fa-186,fa-21,2025,7,7,7,,False,,5,emma-felbermayr,rodin-motorsport,14,2:07.966,127966,1428,,False,21:58:38,2:07.966,127966,174.449
fa-186,fa-21,2025,7,8,8,,False,,3,nina-gademan,prema-racing,14,2:07.987,127987,1449,,False,22:02:58,2:07.987,127987,174.420
fa-186,fa-21,2025,7,9,9,,False,,18,rafaela-ferreira,campos-racing,14,2:07.999,127999,1461,,False,22:03:03,2:07.999,127999,174.404
fa-186,fa-21,2025,7,10,10,,False,,20,ella-lloyd,rodin-motorsport,13,2:08.153,128153,1615,,False,22:02:15,2:08.153,128153,174.194
fa-186,fa-21,2025,7,11,11,,False,,25,joanne-ciconte,mp-motorsport,13,2:08.182,128182,1644,,False,22:03:38,2:08.182,128182,174.155
fa-186,fa-21,2025,7,12,12,,False,,57,lia-block,art-grand-prix,13,2:08.412,128412,1874,,False,22:02:18,2:08.412,128412,173.843
fa-186,fa-21,2025,7,13,13,,False,,22,aurelia-nobels,art-grand-prix,13,2:08.641,128641,2103,,False,22:02:21,2:08.641,128641,173.534
fa-186,fa-21,2025,7,14,14,,False,,56,rachel-robertson,hitech-tgr,12,2:08.730,128730,2192,,False,21:48:07,2:08.730,128730,173.414
fa-186,fa-21,2025,7,15,15,,False,,7,courtney-crone,art-grand-prix,14,2:09.043,129043,2505,,False,22:01:32,2:09.043,129043,172.993
fa-186,fa-21,2025,7,16,16,,False,,27,chloe-chong,rodin-motorsport,13,2:09.044,129044,2506,,False,22:00:54,2:09.044,129044,172.992
fa-186,fa-21,2025,7,17,17,,False,,15,payton-westcott-wcd,hitech-tgr,12,2:09.534,129534,2996,,False,22:02:07,2:09.534,129534,172.337
fa-186,fa-21,2025,7,18,18,,False,,2,nicole-havrda,hitech-tgr,12,2:10.173,130173,3635,,False,22:02:06,2:10.173,130173,171.491
fa-187,fa-21,2025,7,1,1,11,False,,28,doriane-pin,prema-racing,12,35:55.247,2155247,,,True,9,2:20.416,140416,124.139
fa-187,fa-21,2025,7,2,2,8,False,,3,nina-gademan,prema-racing,12,35:55.790,2155790,543,,False,9,2:21.568,141568,124.108
fa-187,fa-21,2025,7,3,3,6,False,,22,aurelia-nobels,art-grand-prix,12,35:56.435,2156435,1188,,False,9,2:23.069,143069,124.071
fa-187,fa-21,2025,7,4,4,5,False,,56,rachel-robertson,hitech-tgr,12,35:56.944,2156944,1697,,False,9,2:23.865,143865,124.042
fa-187,fa-21,2025,7,5,5,4,False,,57,lia-block,art-grand-prix,12,35:57.306,2157306,2059,,False,5,2:22.181,142181,124.021
fa-187,fa-21,2025,7,6,6,3,False,,15,payton-westcott-wcd,hitech-tgr,12,35:57.652,2157652,2405,,False,9,2:24.615,144615,124.001
fa-187,fa-21,2025,7,7,7,2,False,,7,courtney-crone,art-grand-prix,12,35:57.928,2157928,2681,,False,5,2:24.840,144840,123.985
fa-187,fa-21,2025,7,8,8,1,False,,18,rafaela-ferreira,campos-racing,12,35:58.995,2158995,3748,,False,9,2:24.850,144850,123.924
fa-187,fa-21,2025,7,9,9,0,False,,5,emma-felbermayr,rodin-motorsport,12,36:01.090,2161090,5843,,False,5,2:29.595,149595,123.804
fa-187,fa-21,2025,7,10,10,0,False,,25,joanne-ciconte,mp-motorsport,12,36:06.724,2166724,11477,,False,9,2:23.201,143201,123.482
fa-187,fa-21,2025,7,11,11,0,False,,27,chloe-chong,rodin-motorsport,12,36:11.394,2171394,16147,,False,8,2:31.614,151614,123.216
fa-187,fa-21,2025,7,12,12,0,False,,2,nicole-havrda,hitech-tgr,12,36:30.222,2190222,34975,,False,9,2:28.272,148272,122.157
fa-187,fa-21,2025,7,13,,0,False,DSQ,21,alisha-palmowski,campos-racing,12,35:56.107,2156107,860,,False,5,2:23.012,143012,124.090
fa-187,fa-21,2025,7,14,,0,False,Ret,14,chloe-chambers,campos-racing,8,24:03.050,1443050,,,False,4,2:22.617,142617,123.528
fa-187,fa-21,2025,7,15,,0,False,Ret,20,ella-lloyd,rodin-motorsport,5,14:56.914,896914,,,False,5,2:22.651,142651,124.077
fa-187,fa-21,2025,7,16,,0,False,Ret,12,alba-larsen,mp-motorsport,4,12:32.297,752297,,,False,4,2:22.649,142649,118.255
fa-187,fa-21,2025,7,17,,0,False,DNS,78,tina-hausmann,prema-racing,0,,,,,False,,,,
fa-187,fa-21,2025,7,18,,0,False,DNS,64,maya-weug,mp-motorsport,0,,,,,False,,,,
fa-188,fa-21,2025,7,1,1,28,True,,14,chloe-chambers,campos-racing,13,30:31.409,1831409,,,True,13,2:06.623,126623,158.280
fa-188,fa-21,2025,7,2,2,18,False,,21,alisha-palmowski,campos-racing,13,30:36.304,1836304,4895,,False,8,2:07.230,127230,157.858
fa-188,fa-21,2025,7,3,3,15,False,,64,maya-weug,mp-motorsport,13,30:36.532,1836532,5123,,False,9,2:06.919,126919,157.838
fa-188,fa-21,2025,7,4,4,12,False,,12,alba-larsen,mp-motorsport,13,30:37.383,1837383,5974,,False,9,2:07.153,127153,157.765
fa-188,fa-21,2025,7,5,5,10,False,,28,doriane-pin,prema-racing,13,30:38.463,1838463,7054,,False,8,2:07.232,127232,157.672
fa-188,fa-21,2025,7,6,6,8,False,,20,ella-lloyd,rodin-motorsport,13,30:41.908,1841908,10499,,False,9,2:07.534,127534,157.377
fa-188,fa-21,2025,7,7,7,6,False,,3,nina-gademan,prema-racing,13,30:43.296,1843296,11887,,False,9,2:07.717,127717,157.259
fa-188,fa-21,2025,7,8,8,4,False,,78,tina-hausmann,prema-racing,13,30:43.433,1843433,12024,,False,10,2:07.071,127071,157.247
fa-188,fa-21,2025,7,9,9,2,False,,18,rafaela-ferreira,campos-racing,13,30:44.977,1844977,13568,,False,12,2:07.433,127433,157.116
fa-188,fa-21,2025,7,10,10,1,False,,22,aurelia-nobels,art-grand-prix,13,30:47.904,1847904,16495,,False,12,2:07.886,127886,156.867
fa-188,fa-21,2025,7,11,11,0,False,,57,lia-block,art-grand-prix,13,30:49.152,1849152,17743,,False,9,2:08.209,128209,156.761
fa-188,fa-21,2025,7,12,12,0,False,,5,emma-felbermayr,rodin-motorsport,13,30:50.640,1850640,19231,,False,13,2:07.707,127707,156.635
fa-188,fa-21,2025,7,13,13,0,False,,7,courtney-crone,art-grand-prix,13,30:53.329,1853329,21920,,False,12,2:08.473,128473,156.408
fa-188,fa-21,2025,7,14,14,0,False,,56,rachel-robertson,hitech-tgr,13,31:00.082,1860082,28673,,False,13,2:08.249,128249,155.840
fa-188,fa-21,2025,7,15,15,0,False,,27,chloe-chong,rodin-motorsport,13,31:03.258,1863258,31849,,False,11,2:09.735,129735,155.574
fa-188,fa-21,2025,7,16,16,0,False,,2,nicole-havrda,hitech-tgr,13,31:07.391,1867391,35982,,False,13,2:09.787,129787,155.230
fa-188,fa-21,2025,7,17,,0,False,Ret,15,payton-westcott-wcd,hitech-tgr,2,4:32.475,272475,,,False,2,2:11.882,131882,162.642
fa-188,fa-21,2025,7,18,,0,False,Ret,25,joanne-ciconte,mp-motorsport,2,4:32.223,272223,,,False,2,2:12.618,132618,162.793
fa-203,fa-22,2026,1,1,1,,False,,21,alisha-palmowski,campos-racing,11,2:04.550,124550,,,False,9:45:46,2:04.550,124550,157.556
fa-203,fa-22,2026,1,2,2,,False,,12,alba-larsen,mp-motorsport,15,2:05.017,125017,467,,False,9:47:11,2:05.017,125017,156.967
fa-203,fa-22,2026,1,3,3,,False,,9,payton-westcott,prema-racing,12,2:05.041,125041,491,,False,9:48:48,2:05.041,125041,156.937
fa-203,fa-22,2026,1,4,4,,False,,18,rafaela-ferreira,campos-racing,12,2:05.176,125176,626,,False,9:46:03,2:05.176,125176,156.768
fa-203,fa-22,2026,1,5,5,,False,,14,lisa-billard,art-grand-prix,13,2:05.183,125183,633,,False,9:49:59,2:05.183,125183,156.759
fa-203,fa-22,2026,1,6,6,,False,,8,mathilda-paatz,prema-racing,12,2:05.237,125237,687,,False,9:51:26,2:05.237,125237,156.691
fa-203,fa-22,2026,1,7,7,,False,,20,ella-lloyd,rodin-motorsport,14,2:05.298,125298,748,,False,9:35:31,2:05.298,125298,156.615
fa-203,fa-22,2026,1,8,8,,False,,5,emma-felbermayr,rodin-motorsport,15,2:05.335,125335,785,,False,9:40:01,2:05.335,125335,156.569
fa-203,fa-22,2026,1,9,9,,False,,4,megan-bruce,campos-racing,14,2:05.358,125358,808,,False,9:42:22,2:05.358,125358,156.540
fa-203,fa-22,2026,1,10,10,,False,,3,nina-gademan,mp-motorsport,13,2:05.385,125385,835,,False,9:49:41,2:05.385,125385,156.506
fa-203,fa-22,2026,1,11,11,,False,,19,natalia-granada,prema-racing,13,2:05.429,125429,879,,False,9:47:37,2:05.429,125429,156.451
fa-203,fa-22,2026,1,12,12,,False,,56,rachel-robertson,hitech,15,2:05.483,125483,933,,False,9:51:33,2:05.483,125483,156.384
fa-203,fa-22,2026,1,13,13,,False,,28,ella-stevens,rodin-motorsport,15,2:05.829,125829,1279,,False,9:34:18,2:05.829,125829,155.954
fa-203,fa-22,2026,1,14,14,,False,,91,kaylee-countryman,art-grand-prix,14,2:06.099,126099,1549,,False,9:51:06,2:06.099,126099,155.620
fa-203,fa-22,2026,1,15,15,,False,,55,ava-dobson,hitech,15,2:06.130,126130,1580,,False,9:47:21,2:06.130,126130,155.582
fa-203,fa-22,2026,1,16,16,,False,,95,jade-jacquet,art-grand-prix,13,2:06.378,126378,1828,,False,9:49:10,2:06.378,126378,155.277
fa-203,fa-22,2026,1,17,17,,False,,32,esmee-kosterman,mp-motorsport,12,2:06.399,126399,1849,,False,9:52:03,2:06.399,126399,155.251
fa-203,fa-22,2026,1,18,18,,False,,24,wei-shi-wcd,hitech,16,2:06.560,126560,2010,,False,9:45:25,2:06.560,126560,155.053
fa-204,fa-22,2026,1,1,1,,False,,21,alisha-palmowski,campos-racing,11,2:04.182,124182,,,False,14:45:26,2:04.182,124182,158.022
fa-204,fa-22,2026,1,2,2,,False,,12,alba-larsen,mp-motorsport,11,2:04.585,124585,403,,False,14:49:46,2:04.585,124585,157.511
fa-204,fa-22,2026,1,3,3,,False,,5,emma-felbermayr,rodin-motorsport,12,2:04.671,124671,489,,False,14:47:49,2:04.671,124671,157.403
fa-204,fa-22,2026,1,4,4,,False,,9,payton-westcott,prema-racing,11,2:04.680,124680,498,,False,14:45:21,2:04.786,124786,157.258
fa-204,fa-22,2026,1,5,5,,False,,18,rafaela-ferreira,campos-racing,12,2:04.699,124699,517,,False,14:47:35,2:04.699,124699,157.367
fa-204,fa-22,2026,1,6,6,,False,,14,lisa-billard,art-grand-prix,12,2:04.716,124716,534,,False,14:47:52,2:04.716,124716,157.346
fa-204,fa-22,2026,1,7,7,,False,,19,natalia-granada,prema-racing,12,2:04.914,124914,732,,False,14:45:24,2:04.914,124914,157.096
fa-204,fa-22,2026,1,8,8,,False,,3,nina-gademan,mp-motorsport,11,2:04.917,124917,735,,False,14:47:46,2:04.917,124917,157.093
fa-204,fa-22,2026,1,9,9,,False,,55,ava-dobson,hitech,12,2:05.007,125007,825,,False,14:47:56,2:05.007,125007,156.980
fa-204,fa-22,2026,1,10,10,,False,,20,ella-lloyd,rodin-motorsport,11,2:05.009,125009,827,,False,14:45:40,2:05.009,125009,156.977
fa-204,fa-22,2026,1,11,11,,False,,28,ella-stevens,rodin-motorsport,11,2:05.014,125014,832,,False,14:49:56,2:05.014,125014,156.971
fa-204,fa-22,2026,1,12,12,,False,,56,rachel-robertson,hitech,11,2:05.158,125158,976,,False,14:47:54,2:05.158,125158,156.790
fa-204,fa-22,2026,1,13,13,,False,,95,jade-jacquet,art-grand-prix,12,2:05.325,125325,1143,,False,14:50:03,2:05.325,125325,156.581
fa-204,fa-22,2026,1,14,14,,False,,4,megan-bruce,campos-racing,12,2:05.370,125370,1188,,False,14:45:50,2:05.370,125370,156.525
fa-204,fa-22,2026,1,15,15,,False,,32,esmee-kosterman,mp-motorsport,11,2:05.457,125457,1275,,False,14:47:48,2:05.457,125457,156.416
fa-204,fa-22,2026,1,16,16,,False,,8,mathilda-paatz,prema-racing,11,2:05.673,125673,1491,,False,14:21:36,2:05.673,125673,156.148
fa-204,fa-22,2026,1,17,17,,False,,91,kaylee-countryman,art-grand-prix,6,2:06.438,126438,2256,,False,14:24:15,2:06.438,126438,155.203
fa-204,fa-22,2026,1,18,18,,False,,24,wei-shi-wcd,hitech,12,2:06.644,126644,2462,,False,14:48:02,2:06.644,126644,154.950
fa-205,fa-22,2026,1,1,1,10,False,,3,nina-gademan,mp-motorsport,13,28:49.109,1729109,,,False,3,2:06.010,126010,147.140
fa-205,fa-22,2026,1,2,2,8,False,,19,natalia-granada,prema-racing,13,28:49.733,1729733,624,,False,13,2:06.090,126090,147.087
fa-205,fa-22,2026,1,3,3,6,False,,5,emma-felbermayr,rodin-motorsport,13,28:51.662,1731662,2553,,False,3,2:06.186,126186,146.924
fa-205,fa-22,2026,1,4,4,5,False,,18,rafaela-ferreira,campos-racing,13,28:52.176,1732176,3067,,False,3,2:06.300,126300,146.880
fa-205,fa-22,2026,1,5,5,4,False,,21,alisha-palmowski,campos-racing,13,28:52.551,1732551,3442,,False,3,2:06.405,126405,146.848
fa-205,fa-22,2026,1,6,6,3,False,,9,payton-westcott,prema-racing,13,28:52.943,1732943,3834,,False,3,2:06.185,126185,146.815
fa-205,fa-22,2026,1,7,7,3,False,,20,ella-lloyd,rodin-motorsport,13,28:53.837,1733837,4728,,True,3,2:05.862,125862,146.739
fa-205,fa-22,2026,1,8,8,1,False,,14,lisa-billard,art-grand-prix,13,28:54.283,1734283,5174,,False,3,2:06.134,126134,146.702
fa-205,fa-22,2026,1,9,9,0,False,,55,ava-dobson,hitech,13,28:55.020,1735020,5911,,False,12,2:06.051,126051,146.639
fa-205,fa-22,2026,1,10,10,0,False,,56,rachel-robertson,hitech,13,28:55.796,1735796,6687,,False,12,2:06.204,126204,146.574
fa-205,fa-22,2026,1,11,11,0,False,,28,ella-stevens,rodin-motorsport,13,28:57.135,1737135,8026,,False,10,2:06.117,126117,146.461
fa-205,fa-22,2026,1,12,12,0,False,,4,megan-bruce,campos-racing,13,28:58.122,1738122,9013,,False,4,2:06.466,126466,146.377
fa-205,fa-22,2026,1,13,13,0,False,,95,jade-jacquet,art-grand-prix,13,28:58.746,1738746,9637,,False,3,2:06.575,126575,146.325
fa-205,fa-22,2026,1,14,14,0,False,,8,mathilda-paatz,prema-racing,13,28:59.629,1739629,10520,,False,12,2:06.125,126125,146.251
fa-205,fa-22,2026,1,15,15,0,False,,32,esmee-kosterman,mp-motorsport,13,29:03.122,1743122,14013,,False,6,2:07.011,127011,145.958
fa-205,fa-22,2026,1,16,16,0,False,,91,kaylee-countryman,art-grand-prix,13,29:03.788,1743788,14679,,False,11,2:06.532,126532,145.902
fa-205,fa-22,2026,1,17,17,0,False,,24,wei-shi-wcd,hitech,13,29:09.922,1749922,20813,,False,4,2:08.204,128204,145.390
fa-205,fa-22,2026,1,18,18,0,False,,12,alba-larsen,mp-motorsport,13,29:40.192,1780192,51083,,False,12,2:05.645,125645,142.918
fa-206,fa-22,2026,1,1,1,25,False,,5,emma-felbermayr,rodin-motorsport,13,29:19.520,1759520,,,False,5,2:05.530,125530,144.597
fa-206,fa-22,2026,1,2,2,21,True,,21,alisha-palmowski,campos-racing,13,29:19.772,1759772,252,,True,5,2:05.464,125464,144.577
fa-206,fa-22,2026,1,3,3,15,False,,9,payton-westcott,prema-racing,13,29:20.392,1760392,872,,False,5,2:05.752,125752,144.526
fa-206,fa-22,2026,1,4,4,12,False,,3,nina-gademan,mp-motorsport,13,29:22.432,1762432,2912,,False,5,2:05.822,125822,144.358
fa-206,fa-22,2026,1,5,5,10,False,,20,ella-lloyd,rodin-motorsport,13,29:23.323,1763323,3803,,False,2,2:05.644,125644,144.285
fa-206,fa-22,2026,1,6,6,8,False,,18,rafaela-ferreira,campos-racing,13,29:24.362,1764362,4842,,False,5,2:05.903,125903,144.201
fa-206,fa-22,2026,1,7,7,6,False,,14,lisa-billard,art-grand-prix,13,29:24.863,1764863,5343,,False,5,2:05.941,125941,144.160
fa-206,fa-22,2026,1,8,8,4,False,,12,alba-larsen,mp-motorsport,13,29:25.338,1765338,5818,,False,4,2:05.816,125816,144.121
fa-206,fa-22,2026,1,9,9,2,False,,4,megan-bruce,campos-racing,13,29:26.074,1766074,6554,,False,3,2:06.025,126025,144.061
fa-206,fa-22,2026,1,10,10,1,False,,55,ava-dobson,hitech,13,29:26.898,1766898,7378,,False,11,2:05.783,125783,143.994
fa-206,fa-22,2026,1,11,11,0,False,,8,mathilda-paatz,prema-racing,13,29:27.786,1767786,8266,,False,5,2:05.874,125874,143.921
fa-206,fa-22,2026,1,12,12,0,False,,28,ella-stevens,rodin-motorsport,13,29:29.450,1769450,9930,,False,5,2:06.183,126183,143.786
fa-206,fa-22,2026,1,13,13,0,False,,91,kaylee-countryman,art-grand-prix,13,29:30.575,1770575,11055,,False,4,2:06.734,126734,143.695
fa-206,fa-22,2026,1,14,14,0,False,,19,natalia-granada,prema-racing,13,29:32.388,1772388,12868,,False,13,2:06.692,126692,143.548
fa-206,fa-22,2026,1,15,15,0,False,Ret,56,rachel-robertson,hitech,11,26:17.145,1577145,,,False,5,2:06.222,126222,136.433
fa-206,fa-22,2026,1,16,,0,False,Ret,24,wei-shi-wcd,hitech,9,21:02.430,1262430,,,False,4,2:06.913,126913,139.356
fa-206,fa-22,2026,1,17,,0,False,Ret,95,jade-jacquet,art-grand-prix,4,8:37.803,517803,,,False,3,2:06.994,126994,150.270
fa-206,fa-22,2026,1,18,,0,False,Ret,32,esmee-kosterman,mp-motorsport,4,8:37.283,517283,,,False,4,2:06.665,126665,150.421
fa-211,fa-24,2026,2,1,1,,False,,21,alisha-palmowski,campos-racing,17,1:39.371,99371,,,False,9:34:40,1:39.371,99371,157.989
fa-211,fa-24,2026,2,2,2,,False,,5,emma-felbermayr,rodin-motorsport,20,1:39.602,99602,231,,False,9:41:07,1:39.602,99602,157.623
fa-211,fa-24,2026,2,3,3,,False,,4,megan-bruce,campos-racing,21,1:39.858,99858,487,,False,9:39:45,1:39.858,99858,157.219
fa-211,fa-24,2026,2,4,4,,False,,14,lisa-billard,art-grand-prix,19,1:39.859,99859,488,,False,9:38:38,1:39.859,99859,157.217
fa-211,fa-24,2026,2,5,5,,False,,9,payton-westcott,prema-racing,17,1:39.948,99948,577,,False,9:41:10,1:39.948,99948,157.077
fa-211,fa-24,2026,2,6,6,,False,,12,alba-larsen,mp-motorsport,21,1:40.078,100078,707,,False,9:39:56,1:40.078,100078,156.873
fa-211,fa-24,2026,2,7,7,,False,,20,ella-lloyd,rodin-motorsport,18,1:40.156,100156,785,,False,9:39:12,1:40.156,100156,156.751
fa-211,fa-24,2026,2,8,8,,False,,18,rafaela-ferreira,campos-racing,20,1:40.254,100254,883,,False,9:40:55,1:40.254,100254,156.598
fa-211,fa-24,2026,2,9,9,,False,,56,rachel-robertson,hitech,19,1:40.297,100297,926,,False,9:40:43,1:40.297,100297,156.531
fa-211,fa-24,2026,2,10,10,,False,,3,nina-gademan,mp-motorsport,19,1:40.370,100370,999,,False,9:40:42,1:40.370,100370,156.417
fa-211,fa-24,2026,2,11,11,,False,,91,kaylee-countryman,art-grand-prix,19,1:40.471,100471,1100,,False,9:36:29,1:40.471,100471,156.260
fa-211,fa-24,2026,2,12,12,,False,,19,natalia-granada,prema-racing,15,1:40.559,100559,1188,,False,9:40:57,1:40.559,100559,156.123
fa-211,fa-24,2026,2,13,13,,False,,28,ella-stevens,rodin-motorsport,20,1:41.010,101010,1639,,False,9:32:44,1:41.010,101010,155.426
fa-211,fa-24,2026,2,14,14,,False,,8,mathilda-paatz,prema-racing,17,1:41.021,101021,1650,,False,9:27:13,1:41.021,101021,155.409
fa-211,fa-24,2026,2,15,15,,False,,55,ava-dobson,hitech,19,1:41.081,101081,1710,,False,9:40:51,1:41.081,101081,155.317
fa-211,fa-24,2026,2,16,16,,False,,95,jade-jacquet,art-grand-prix,18,1:41.086,101086,1715,,False,9:40:40,1:41.086,101086,155.309
fa-211,fa-24,2026,2,17,17,,False,,77,autumn-fisher-wcd,hitech,18,1:41.627,101627,2256,,False,9:40:37,1:41.627,101627,154.482
fa-211,fa-24,2026,2,18,18,,False,,32,esmee-kosterman,mp-motorsport,19,1:41.852,101852,2481,,False,9:41:21,1:41.852,101852,154.141
fa-233,fa-24,2026,2,1,1,,False,,21,alisha-palmowski,campos-racing,18,1:38.466,98466,,,False,18:44:32,1:38.466,98466,159.441
fa-233,fa-24,2026,2,2,2,,False,,9,payton-westcott,prema-racing,16,1:38.856,98856,390,,False,18:43:38,1:38.856,98856,158.812
fa-233,fa-24,2026,2,3,3,,False,,4,megan-bruce,campos-racing,18,1:38.944,98944,478,,False,18:48:04,1:38.944,98944,158.671
fa-233,fa-24,2026,2,4,4,,False,,5,emma-felbermayr,rodin-motorsport,18,1:38.999,98999,533,,False,18:49:25,1:38.999,98999,158.583
fa-233,fa-24,2026,2,5,5,,False,,8,mathilda-paatz,prema-racing,17,1:39.134,99134,668,,False,18:44:52,1:39.134,99134,158.367
fa-233,fa-24,2026,2,6,6,,False,,12,alba-larsen,mp-motorsport,17,1:39.152,99152,686,,False,18:46:55,1:39.152,99152,158.338
fa-233,fa-24,2026,2,7,7,,False,,18,rafaela-ferreira,campos-racing,17,1:39.216,99216,750,,False,18:38:05,1:39.216,99216,158.236
fa-233,fa-24,2026,2,8,8,,False,,91,kaylee-countryman,art-grand-prix,17,1:39.218,99218,752,,False,18:48:45,1:39.218,99218,158.233
fa-233,fa-24,2026,2,9,9,,False,,3,nina-gademan,mp-motorsport,17,1:39.304,99304,838,,False,18:48:02,1:39.304,99304,158.096
fa-233,fa-24,2026,2,10,10,,False,,14,lisa-billard,art-grand-prix,15,1:39.312,99312,846,,False,18:43:53,1:39.312,99312,158.083
fa-233,fa-24,2026,2,11,11,,False,,19,natalia-granada,prema-racing,16,1:39.572,99572,1106,,False,18:47:40,1:39.572,99572,157.670
fa-233,fa-24,2026,2,12,12,,False,,55,ava-dobson,hitech,17,1:39.581,99581,1115,,False,18:45:37,1:39.581,99581,157.656
fa-233,fa-24,2026,2,13,13,,False,,95,jade-jacquet,art-grand-prix,15,1:39.590,99590,1124,,False,18:47:01,1:39.590,99590,157.642
fa-233,fa-24,2026,2,14,14,,False,,28,ella-stevens,rodin-motorsport,17,1:39.758,99758,1292,,False,18:44:18,1:39.758,99758,157.376
fa-233,fa-24,2026,2,15,15,,False,,56,rachel-robertson,hitech,17,1:39.829,99829,1363,,False,18:49:06,1:39.829,99829,157.264
fa-233,fa-24,2026,2,16,16,,False,,20,ella-lloyd,rodin-motorsport,13,1:40.316,100316,1850,,False,18:23:33,1:40.316,100316,156.501
fa-233,fa-24,2026,2,17,17,,False,,77,autumn-fisher-wcd,hitech,16,1:40.354,100354,1888,,False,18:46:29,1:40.354,100354,156.442
fa-233,fa-24,2026,2,18,18,,False,,32,esmee-kosterman,mp-motorsport,17,1:40.431,100431,1965,,False,18:44:03,1:40.431,100431,156.322
fa-234,fa-24,2026,2,1,1,,False,,21,alisha-palmowski,campos-racing,18,1:38.526,98526,,,False,18:41:10,1:38.526,98526,159.344
fa-234,fa-24,2026,2,2,2,,False,,4,megan-bruce,campos-racing,18,1:38.947,98947,421,,False,18:41:21,1:38.947,98947,158.666
fa-234,fa-24,2026,2,3,3,,False,,9,payton-westcott,prema-racing,16,1:39.037,99037,511,,False,18:40:20,1:39.037,99037,158.522
fa-234,fa-24,2026,2,4,4,,False,,5,emma-felbermayr,rodin-motorsport,18,1:39.038,99038,512,,False,18:47:46,1:39.038,99038,158.520
fa-234,fa-24,2026,2,5,5,,False,,8,mathilda-paatz,prema-racing,17,1:39.200,99200,674,,False,18:46:31,1:39.200,99200,158.262
fa-234,fa-24,2026,2,6,6,,False,,18,rafaela-ferreira,campos-racing,17,1:39.284,99284,758,,False,18:39:44,1:39.284,99284,158.128
fa-234,fa-24,2026,2,7,7,,False,,12,alba-larsen,mp-motorsport,17,1:39.345,99345,819,,False,18:41:51,1:39.345,99345,158.031
fa-234,fa-24,2026,2,8,8,,False,,14,lisa-billard,art-grand-prix,15,1:39.375,99375,849,,False,18:47:12,1:39.375,99375,157.983
fa-234,fa-24,2026,2,9,9,,False,,91,kaylee-countryman,art-grand-prix,17,1:39.502,99502,976,,False,18:42:04,1:39.502,99502,157.781
fa-234,fa-24,2026,2,10,10,,False,,3,nina-gademan,mp-motorsport,17,1:39.613,99613,1087,,False,18:46:22,1:39.613,99613,157.605
fa-234,fa-24,2026,2,11,11,,False,,55,ava-dobson,hitech,17,1:39.734,99734,1208,,False,18:42:17,1:39.734,99734,157.414
fa-234,fa-24,2026,2,12,12,,False,,28,ella-stevens,rodin-motorsport,17,1:39.772,99772,1246,,False,18:42:38,1:39.772,99772,157.354
fa-234,fa-24,2026,2,13,13,,False,,56,rachel-robertson,hitech,17,1:39.841,99841,1315,,False,18:47:26,1:39.841,99841,157.246
fa-234,fa-24,2026,2,14,14,,False,,19,natalia-granada,prema-racing,16,1:39.915,99915,1389,,False,18:41:01,1:39.915,99915,157.129
fa-234,fa-24,2026,2,15,15,,False,,95,jade-jacquet,art-grand-prix,15,1:39.944,99944,1418,,False,18:43:38,1:39.944,99944,157.083
fa-234,fa-24,2026,2,16,16,,False,,77,autumn-fisher-wcd,hitech,16,1:40.448,100448,1922,,False,18:44:49,1:40.448,100448,156.295
fa-234,fa-24,2026,2,17,17,,False,,32,esmee-kosterman,mp-motorsport,17,1:40.631,100631,2105,,False,18:42:23,1:40.631,100631,156.011
fa-234,fa-24,2026,2,18,18,,False,,20,ella-lloyd,rodin-motorsport,13,1:40.730,100730,2204,,False,18:25:14,1:40.730,100730,155.858
fa-231,fa-24,2026,2,1,1,26,False,,21,alisha-palmowski,campos-racing,17,28:18.995,1698995,,,True,12,1:39.156,99156,157.088
fa-231,fa-24,2026,2,2,2,18,False,,4,megan-bruce,campos-racing,17,28:29.114,1709114,10119,,False,17,1:39.357,99357,156.158
fa-231,fa-24,2026,2,3,3,15,False,,8,mathilda-paatz,prema-racing,17,28:29.822,1709822,10827,,False,15,1:39.487,99487,156.094
fa-231,fa-24,2026,2,4,4,12,False,,18,rafaela-ferreira,campos-racing,17,28:31.084,1711084,12089,,False,12,1:39.567,99567,155.979
fa-231,fa-24,2026,2,5,5,10,False,,12,alba-larsen,mp-motorsport,17,28:31.516,1711516,12521,,False,11,1:39.430,99430,155.939
fa-231,fa-24,2026,2,6,6,8,False,,20,ella-lloyd,rodin-motorsport,17,28:39.386,1719386,20391,,False,10,1:39.638,99638,155.225
fa-231,fa-24,2026,2,7,7,6,False,,91,kaylee-countryman,art-grand-prix,17,28:40.230,1720230,21235,,False,14,1:39.404,99404,155.149
fa-231,fa-24,2026,2,8,8,4,False,,28,ella-stevens,rodin-motorsport,17,28:41.123,1721123,22128,,False,15,1:39.600,99600,155.069
fa-231,fa-24,2026,2,9,9,2,False,,3,nina-gademan,mp-motorsport,17,28:41.313,1721313,22318,,False,15,1:39.611,99611,155.052
fa-231,fa-24,2026,2,10,10,1,False,,5,emma-felbermayr,rodin-motorsport,17,28:41.567,1721567,22572,,False,11,1:39.289,99289,155.029
fa-231,fa-24,2026,2,11,11,0,False,,77,autumn-fisher-wcd,hitech,17,28:49.264,1729264,30269,,False,15,1:39.940,99940,154.339
fa-231,fa-24,2026,2,12,12,0,False,,95,jade-jacquet,art-grand-prix,17,28:49.647,1729647,30652,,False,17,1:39.578,99578,154.305
fa-231,fa-24,2026,2,13,13,0,False,,56,rachel-robertson,hitech,17,28:50.283,1730283,31288,,False,17,1:39.797,99797,154.248
fa-231,fa-24,2026,2,14,14,0,False,,19,natalia-granada,prema-racing,17,28:58.297,1738297,39302,,False,16,1:39.585,99585,153.537
fa-231,fa-24,2026,2,15,15,0,False,,14,lisa-billard,art-grand-prix,17,29:16.614,1756614,57619,,False,15,1:39.155,99155,151.936
fa-231,fa-24,2026,2,16,16,0,False,,9,payton-westcott,prema-racing,17,29:32.393,1772393,73398,,False,17,1:39.129,99129,150.583
fa-231,fa-24,2026,2,17,17,0,False,,55,ava-dobson,hitech,17,29:53.402,1793402,94407,,False,11,1:39.565,99565,148.819
fa-231,fa-24,2026,2,18,18,0,False,,32,esmee-kosterman,mp-motorsport,16,29:09.190,1749190,,1,False,14,1:40.349,100349,143.605
fa-213,fa-24,2026,2,1,1,10,False,,8,mathilda-paatz,prema-racing,16,32:33.104,1953104,,,False,11,1:40.030,100030,128.612
fa-213,fa-24,2026,2,2,2,8,False,,91,kaylee-countryman,art-grand-prix,16,32:34.687,1954687,1583,,False,9,1:40.103,100103,128.508
fa-213,fa-24,2026,2,3,3,6,False,,9,payton-westcott,prema-racing,16,32:34.754,1954754,1650,,False,11,1:39.916,99916,128.503
fa-213,fa-24,2026,2,4,4,5,False,,19,natalia-granada,prema-racing,16,32:34.835,1954835,1731,,False,10,1:39.784,99784,128.498
fa-213,fa-24,2026,2,5,5,5,False,,14,lisa-billard,art-grand-prix,16,32:35.720,1955720,2616,,True,10,1:39.622,99622,128.440
fa-213,fa-24,2026,2,6,6,3,False,,5,emma-felbermayr,rodin-motorsport,16,32:36.993,1956993,3889,,False,11,1:39.649,99649,128.356
fa-213,fa-24,2026,2,7,7,2,False,,4,megan-bruce,campos-racing,16,32:37.540,1957540,4436,,False,10,1:39.869,99869,128.321
fa-213,fa-24,2026,2,8,8,1,False,,18,rafaela-ferreira,campos-racing,16,32:37.792,1957792,4688,,False,12,1:39.942,99942,128.304
fa-213,fa-24,2026,2,9,9,0,False,,32,esmee-kosterman,mp-motorsport,16,32:38.084,1958084,4980,,False,12,1:40.206,100206,128.285
fa-213,fa-24,2026,2,10,10,0,False,,21,alisha-palmowski,campos-racing,16,32:38.443,1958443,5339,,False,10,1:39.795,99795,128.261
fa-213,fa-24,2026,2,11,11,0,False,,12,alba-larsen,mp-motorsport,16,32:39.080,1959080,5976,,False,12,1:40.068,100068,128.220
fa-213,fa-24,2026,2,12,12,0,False,,95,jade-jacquet,art-grand-prix,16,32:40.878,1960878,7774,,False,12,1:39.969,99969,128.102
fa-213,fa-24,2026,2,13,13,0,False,,20,ella-lloyd,rodin-motorsport,16,32:41.410,1961410,8306,,False,11,1:39.587,99587,128.067
fa-213,fa-24,2026,2,14,14,0,False,,77,autumn-fisher-wcd,hitech,16,32:44.791,1964791,,,False,12,1:40.261,100261,127.847
fa-213,fa-24,2026,2,15,15,0,False,,28,ella-stevens,rodin-motorsport,16,32:44.874,1964874,11770,,False,12,1:40.032,100032,127.842
fa-213,fa-24,2026,2,16,,0,False,Ret,3,nina-gademan,mp-motorsport,12,24:24.333,1464333,,,False,9,1:39.867,99867,128.655
fa-213,fa-24,2026,2,17,,0,False,Ret,56,rachel-robertson,hitech,0,,,,,False,,,,
fa-213,fa-24,2026,2,18,,0,False,Ret,55,ava-dobson,hitech,0,,,,,False,,,,
fa-214,fa-24,2026,2,1,1,27,True,,21,alisha-palmowski,campos-racing,17,31:13.288,1873288,,,False,16,1:48.888,108888,142.473
fa-214,fa-24,2026,2,2,2,18,False,,5,emma-felbermayr,rodin-motorsport,17,31:24.243,1884243,10955,,False,15,1:48.801,108801,141.644
fa-214,fa-24,2026,2,3,3,15,False,,4,megan-bruce,campos-racing,17,31:26.200,1886200,12912,,False,16,1:49.196,109196,141.497
fa-214,fa-24,2026,2,4,4,12,False,,9,payton-westcott,prema-racing,17,31:26.503,1886503,13215,,False,16,1:49.188,109188,141.475
fa-214,fa-24,2026,2,5,5,10,False,,8,mathilda-paatz,prema-racing,17,31:27.040,1887040,13752,,False,17,1:49.358,109358,141.434
fa-214,fa-24,2026,2,6,6,9,False,,12,alba-larsen,mp-motorsport,17,31:27.436,1887436,14148,,True,16,1:48.724,108724,141.405
fa-214,fa-24,2026,2,7,7,6,False,,3,nina-gademan,mp-motorsport,17,31:31.228,1891228,17940,,False,16,1:49.392,109392,141.121
fa-214,fa-24,2026,2,8,8,4,False,,19,natalia-granada,prema-racing,17,31:32.040,1892040,18752,,False,16,1:49.235,109235,141.061
fa-214,fa-24,2026,2,9,9,2,False,,20,ella-lloyd,rodin-motorsport,17,31:32.165,1892165,18877,,False,17,1:48.906,108906,141.051
fa-214,fa-24,2026,2,10,10,1,False,,18,rafaela-ferreira,campos-racing,17,31:35.950,1895950,22662,,False,16,1:49.069,109069,140.770
fa-214,fa-24,2026,2,11,11,0,False,,28,ella-stevens,rodin-motorsport,17,31:44.550,1904550,31262,,False,15,1:49.690,109690,140.134
fa-214,fa-24,2026,2,12,12,0,False,,32,esmee-kosterman,mp-motorsport,17,31:45.470,1905470,32182,,False,17,1:49.074,109074,140.066
fa-214,fa-24,2026,2,13,13,0,False,,95,jade-jacquet,art-grand-prix,17,31:49.526,1909526,36238,,False,16,1:50.023,110023,139.769
fa-214,fa-24,2026,2,14,14,0,False,,56,rachel-robertson,hitech,17,31:50.377,1910377,37089,,False,16,1:50.533,110533,139.707
fa-214,fa-24,2026,2,15,15,0,False,,14,lisa-billard,art-grand-prix,17,31:51.925,1911925,38637,,False,17,1:49.102,109102,139.593
fa-214,fa-24,2026,2,16,16,0,False,,91,kaylee-countryman,art-grand-prix,17,31:54.804,1914804,41516,,False,16,1:50.418,110418,139.384
fa-214,fa-24,2026,2,17,17,0,False,,55,ava-dobson,hitech,17,32:18.219,1938219,64931,,False,12,1:52.114,112114,137.700
fa-214,fa-24,2026,2,18,18,0,False,,77,autumn-fisher-wcd,hitech,17,32:26.958,1946958,73670,,False,14,1:52.021,112021,137.082
fa-215,fa-25,2026,3,1,1,,False,,6,chiara-battig-wcd,hitech,15,2:02.640,122640,,,False,8:13:07,2:02.640,122640,172.925
fa-215,fa-25,2026,3,2,2,,False,,21,alisha-palmowski,campos-racing,12,2:02.848,122848,208,,False,8:18:51,2:02.848,122848,172.632
fa-215,fa-25,2026,3,3,3,,False,,3,nina-gademan,mp-motorsport,15,2:02.881,122881,241,,False,8:24:24,2:02.881,122881,172.586
fa-215,fa-25,2026,3,4,4,,False,,5,emma-felbermayr,rodin-motorsport,17,2:02.927,122927,287,,False,8:19:11,2:02.927,122927,172.521
fa-215,fa-25,2026,3,5,5,,False,,28,ella-stevens,rodin-motorsport,17,2:03.423,123423,783,,False,8:23:26,2:03.423,123423,171.828
fa-215,fa-25,2026,3,6,6,,False,,55,ava-dobson,hitech,15,2:03.439,123439,799,,False,8:13:23,2:03.439,123439,171.806
fa-215,fa-25,2026,3,7,7,,False,,56,rachel-robertson,hitech,15,2:03.440,123440,800,,False,8:17:11,2:03.440,123440,171.804
fa-215,fa-25,2026,3,8,8,,False,,9,payton-westcott,prema-racing,15,2:03.604,123604,964,,False,8:19:28,2:03.604,123604,171.576
fa-215,fa-25,2026,3,9,9,,False,,14,lisa-billard,art-grand-prix,16,2:03.679,123679,1039,,False,8:06:28,2:03.679,123679,171.472
fa-215,fa-25,2026,3,10,10,,False,,4,megan-bruce,campos-racing,16,2:03.747,123747,1107,,False,8:12:59,2:03.747,123747,171.378
fa-215,fa-25,2026,3,11,11,,False,,20,ella-lloyd,rodin-motorsport,17,2:03.782,123782,1142,,False,8:24:47,2:03.782,123782,171.330
fa-215,fa-25,2026,3,12,12,,False,,32,esmee-kosterman,mp-motorsport,16,2:03.876,123876,1236,,False,8:07:28,2:03.876,123876,171.200
fa-215,fa-25,2026,3,13,13,,False,,12,alba-larsen,mp-motorsport,15,2:03.899,123899,1259,,False,8:20:16,2:03.899,123899,171.168
fa-215,fa-25,2026,3,14,14,,False,,8,mathilda-paatz,prema-racing,15,2:04.126,124126,1486,,False,8:25:53,2:04.126,124126,170.855
fa-215,fa-25,2026,3,15,15,,False,,19,natalia-granada,prema-racing,14,2:04.238,124238,1598,,False,8:25:59,2:04.238,124238,170.701
fa-215,fa-25,2026,3,16,16,,False,,91,kaylee-countryman,art-grand-prix,17,2:04.316,124316,1676,,False,8:16:27,2:04.316,124316,170.594
fa-215,fa-25,2026,3,17,17,,False,,18,rafaela-ferreira,campos-racing,15,2:04.369,124369,1729,,False,8:15:59,2:04.369,124369,170.521
fa-215,fa-25,2026,3,18,18,,False,,95,jade-jacquet,art-grand-prix,16,2:04.761,124761,2121,,False,8:19:09,2:04.761,124761,169.985
fa-216,fa-25,2026,3,1,1,,False,,6,chiara-battig-wcd,hitech,11,2:01.775,121775,,,False,18:24:32,2:01.775,121775,174.153
fa-216,fa-25,2026,3,2,2,,False,,21,alisha-palmowski,campos-racing,12,2:01.952,121952,177,,False,18:29:37,2:01.952,121952,173.901
fa-216,fa-25,2026,3,3,3,,False,,14,lisa-billard,art-grand-prix,13,2:02.180,122180,405,,False,18:21:55,2:02.180,122180,173.576
fa-216,fa-25,2026,3,4,4,,False,,55,ava-dobson,hitech,12,2:02.382,122382,607,,False,18:30:57,2:02.382,122382,173.290
fa-216,fa-25,2026,3,5,5,,False,,56,rachel-robertson,hitech,12,2:02.387,122387,612,,False,18:26:02,2:02.387,122387,173.283
fa-216,fa-25,2026,3,6,6,,False,,20,ella-lloyd,rodin-motorsport,13,2:02.409,122409,634,,False,18:31:44,2:02.409,122409,173.251
fa-216,fa-25,2026,3,7,7,,False,,3,nina-gademan,mp-motorsport,12,2:02.410,122410,635,,False,18:31:02,2:02.410,122410,173.250
fa-216,fa-25,2026,3,8,8,,False,,5,emma-felbermayr,rodin-motorsport,13,2:02.459,122459,684,,False,18:23:24,2:02.459,122459,173.181
fa-216,fa-25,2026,3,9,9,,False,,4,megan-bruce,campos-racing,12,2:02.541,122541,766,,False,18:28:36,2:02.541,122541,173.065
fa-216,fa-25,2026,3,10,10,,False,,9,payton-westcott,prema-racing,12,2:02.555,122555,780,,False,18:30:44,2:02.555,122555,173.045
fa-216,fa-25,2026,3,11,11,,False,,28,ella-stevens,rodin-motorsport,12,2:02.587,122587,812,,False,18:30:04,2:02.587,122587,173.000
fa-216,fa-25,2026,3,12,12,,False,,19,natalia-granada,prema-racing,12,2:02.684,122684,909,,False,18:29:44,2:02.684,122684,172.863
fa-216,fa-25,2026,3,13,13,,False,,12,alba-larsen,mp-motorsport,12,2:02.713,122713,938,,False,18:24:40,2:02.713,122713,172.822
fa-216,fa-25,2026,3,14,14,,False,,18,rafaela-ferreira,campos-racing,12,2:02.935,122935,1160,,False,18:31:46,2:02.935,122935,172.510
fa-216,fa-25,2026,3,15,15,,False,,32,esmee-kosterman,mp-motorsport,12,2:02.945,122945,1170,,False,18:26:45,2:02.945,122945,172.496
fa-216,fa-25,2026,3,16,16,,False,,8,mathilda-paatz,prema-racing,12,2:03.093,123093,1318,,False,18:28:20,2:03.093,123093,172.289
fa-216,fa-25,2026,3,17,17,,False,,91,kaylee-countryman,art-grand-prix,13,2:03.171,123171,1396,,False,18:24:05,2:03.171,123171,172.180
fa-216,fa-25,2026,3,18,18,,False,,95,jade-jacquet,art-grand-prix,13,2:03.458,123458,1683,,False,18:26:56,2:03.458,123458,171.779
fa-217,fa-25,2026,3,1,1,10,False,,5,emma-felbermayr,rodin-motorsport,13,26:51.794,1611794,,,False,12,2:03.381,123381,170.751
fa-217,fa-25,2026,3,2,2,8,False,,3,nina-gademan,mp-motorsport,13,26:53.796,1613796,2002,,False,8,2:03.576,123576,170.539
fa-217,fa-25,2026,3,3,3,6,False,,20,ella-lloyd,rodin-motorsport,13,26:54.653,1614653,2859,,False,11,2:03.541,123541,170.449
fa-217,fa-25,2026,3,4,4,5,False,,56,rachel-robertson,hitech,13,26:55.926,1615926,4132,,False,7,2:03.676,123676,170.314
fa-217,fa-25,2026,3,5,5,4,False,,21,alisha-palmowski,campos-racing,13,26:56.457,1616457,4663,,False,9,2:03.626,123626,170.259
fa-217,fa-25,2026,3,6,6,3,False,,14,lisa-billard,art-grand-prix,13,26:58.203,1618203,6409,,False,12,2:03.741,123741,170.075
fa-217,fa-25,2026,3,7,7,2,False,,55,ava-dobson,hitech,13,26:58.704,1618704,6910,,False,12,2:03.248,123248,170.022
fa-217,fa-25,2026,3,8,8,2,False,,6,chiara-battig-wcd,hitech,13,26:59.077,1619077,7283,,True,10,2:03.239,123239,169.983
fa-217,fa-25,2026,3,9,9,0,False,,4,megan-bruce,campos-racing,13,27:01.181,1621181,9387,,False,13,2:03.562,123562,169.762
fa-217,fa-25,2026,3,10,10,0,False,,12,alba-larsen,mp-motorsport,13,27:02.003,1622003,10209,,False,13,2:03.666,123666,169.676
fa-217,fa-25,2026,3,11,11,0,False,,18,rafaela-ferreira,campos-racing,13,27:05.487,1625487,13693,,False,9,2:03.635,123635,169.313
fa-217,fa-25,2026,3,12,12,0,False,,32,esmee-kosterman,mp-motorsport,13,27:05.900,1625900,14106,,False,10,2:03.238,123238,169.270
fa-217,fa-25,2026,3,13,13,0,False,,28,ella-stevens,rodin-motorsport,13,27:06.334,1626334,14540,,False,10,2:03.467,123467,169.225
fa-217,fa-25,2026,3,14,14,0,False,,9,payton-westcott,prema-racing,13,27:07.385,1627385,15591,,False,13,2:03.453,123453,169.115
fa-217,fa-25,2026,3,15,15,0,False,,19,natalia-granada,prema-racing,13,27:08.016,1628016,16222,,False,13,2:03.613,123613,169.050
fa-217,fa-25,2026,3,16,16,0,False,,8,mathilda-paatz,prema-racing,13,27:11.354,1631354,19560,,False,13,2:04.150,124150,168.704
fa-217,fa-25,2026,3,17,17,0,False,,91,kaylee-countryman,art-grand-prix,13,27:12.379,1632379,20585,,False,12,2:04.088,124088,168.598
fa-217,fa-25,2026,3,18,18,0,False,,95,jade-jacquet,art-grand-prix,13,27:22.550,1642550,30756,,False,13,2:03.986,123986,167.554
fa-218,fa-25,2026,3,1,1,26,False,,21,alisha-palmowski,campos-racing,13,28:55.866,1735866,,,True,6,2:02.463,122463,158.547
fa-218,fa-25,2026,3,2,2,20,True,,6,chiara-battig-wcd,hitech,13,28:56.485,1736485,619,,False,6,2:02.560,122560,158.490
fa-218,fa-25,2026,3,3,3,15,False,,5,emma-felbermayr,rodin-motorsport,13,29:05.040,1745040,9174,,False,6,2:03.368,123368,157.713
fa-218,fa-25,2026,3,4,4,12,False,,3,nina-gademan,mp-motorsport,13,29:05.639,1745639,9773,,False,10,2:03.367,123367,157.659
fa-218,fa-25,2026,3,5,5,10,False,,20,ella-lloyd,rodin-motorsport,13,29:07.213,1747213,11347,,False,10,2:03.185,123185,157.517
fa-218,fa-25,2026,3,6,6,8,False,,56,rachel-robertson,hitech,13,29:09.294,1749294,13428,,False,12,2:03.515,123515,157.329
fa-218,fa-25,2026,3,7,7,6,False,,19,natalia-granada,prema-racing,13,29:09.861,1749861,13995,,False,10,2:03.559,123559,157.279
fa-218,fa-25,2026,3,8,8,4,False,,55,ava-dobson,hitech,13,29:12.255,1752255,16389,,False,11,2:03.402,123402,157.064
fa-218,fa-25,2026,3,9,9,2,False,,4,megan-bruce,campos-racing,13,29:14.570,1754570,18704,,False,11,2:03.974,123974,156.856
fa-218,fa-25,2026,3,10,10,1,False,,12,alba-larsen,mp-motorsport,13,29:16.254,1756254,20388,,False,8,2:03.878,123878,156.706
fa-218,fa-25,2026,3,11,11,0,False,,9,payton-westcott,prema-racing,13,29:16.607,1756607,20741,,False,8,2:03.998,123998,156.674
fa-218,fa-25,2026,3,12,12,0,False,,8,mathilda-paatz,prema-racing,13,29:18.800,1758800,22934,,False,8,2:04.219,124219,156.479
fa-218,fa-25,2026,3,13,13,0,False,,95,jade-jacquet,art-grand-prix,13,29:19.516,1759516,23650,,False,11,2:03.826,123826,156.415
fa-218,fa-25,2026,3,14,14,0,False,,14,lisa-billard,art-grand-prix,13,29:20.959,1760959,25093,,False,8,2:03.949,123949,156.287
fa-218,fa-25,2026,3,15,15,0,False,,32,esmee-kosterman,mp-motorsport,13,29:22.675,1762675,26809,,False,8,2:03.995,123995,156.135
fa-218,fa-25,2026,3,16,16,0,False,,91,kaylee-countryman,art-grand-prix,13,29:25.441,1765441,29575,,False,11,2:04.394,124394,155.891
fa-218,fa-25,2026,3,17,,0,False,Ret,18,rafaela-ferreira,campos-racing,2,5:02.116,302116,,,False,,,,138.797
fa-218,fa-25,2026,3,18,,0,False,Ret,28,ella-stevens,rodin-motorsport,1,2:12.848,132848,,,False,,,,156.006
fa-219,fa-26,2026,4,1,1,,False,,3,nina-gademan,mp-motorsport,9,1:38.729,98729,,,False,14:33:45,1:38.729,98729,155.297
fa-219,fa-26,2026,4,2,2,,False,,18,rafaela-ferreira,campos-racing,9,1:38.840,98840,111,,False,14:31:47,1:38.840,98840,155.123
fa-219,fa-26,2026,4,3,3,,False,,12,alba-larsen,mp-motorsport,8,1:38.858,98858,129,,False,14:15:57,1:38.858,98858,155.095
fa-219,fa-26,2026,4,4,4,,False,,20,ella-lloyd,rodin-motorsport,12,1:38.964,98964,235,,False,14:32:10,1:38.964,98964,154.929
fa-219,fa-26,2026,4,5,5,,False,,19,natalia-granada,prema-racing,10,1:38.985,98985,256,,False,14:34:43,1:38.985,98985,154.896
fa-219,fa-26,2026,4,6,6,,False,,5,emma-felbermayr,rodin-motorsport,12,1:39.053,99053,324,,False,14:33:44,1:39.053,99053,154.789
fa-219,fa-26,2026,4,7,7,,False,,14,lisa-billard,art-grand-prix,9,1:39.092,99092,363,,False,14:33:53,1:39.092,99092,154.728
fa-219,fa-26,2026,4,8,8,,False,,56,rachel-robertson,hitech,10,1:39.104,99104,375,,False,14:31:31,1:39.104,99104,154.710
fa-219,fa-26,2026,4,9,9,,False,,8,mathilda-paatz,prema-racing,11,1:39.212,99212,483,,False,14:34:39,1:39.212,99212,154.541
fa-219,fa-26,2026,4,10,10,,False,,21,alisha-palmowski,campos-racing,6,1:39.316,99316,587,,False,14:33:42,1:39.316,99316,154.379
fa-219,fa-26,2026,4,11,11,,False,,15,zoe-florescu-wcd,hitech,11,1:39.383,99383,654,,False,14:34:52,1:39.383,99383,154.275
fa-219,fa-26,2026,4,12,12,,False,,32,esmee-kosterman,mp-motorsport,10,1:39.477,99477,748,,False,14:32:15,1:39.477,99477,154.130
fa-219,fa-26,2026,4,13,13,,False,,9,payton-westcott,prema-racing,9,1:39.498,99498,769,,False,14:34:11,1:39.498,99498,154.097
fa-219,fa-26,2026,4,14,14,,False,,28,ella-stevens,rodin-motorsport,12,1:39.609,99609,880,,False,14:34:27,1:39.609,99609,153.925
fa-219,fa-26,2026,4,15,15,,False,,4,megan-bruce,campos-racing,10,1:40.003,100003,1274,,False,14:34:56,1:40.003,100003,153.319
fa-219,fa-26,2026,4,16,16,,False,,91,kaylee-countryman,art-grand-prix,10,1:40.622,100622,1893,,False,14:33:31,1:40.622,100622,152.376
fa-219,fa-26,2026,4,17,17,,False,,95,jade-jacquet,art-grand-prix,10,1:40.636,100636,1907,,False,14:13:40,1:40.636,100636,152.355
fa-219,fa-26,2026,4,18,18,,False,,55,ava-dobson,hitech,6,1:40.888,100888,2159,,False,14:14:52,1:40.888,100888,151.974
fa-220,fa-26,2026,4,1,1,,False,,21,alisha-palmowski,campos-racing,13,1:40.911,100911,,,False,9:58:49,1:40.911,100911,151.939
fa-220,fa-26,2026,4,2,2,,False,,12,alba-larsen,mp-motorsport,12,1:41.775,101775,864,,False,9:56:58,1:41.775,101775,150.649
fa-220,fa-26,2026,4,3,3,,False,,19,natalia-granada,prema-racing,13,1:42.010,102010,1099,,False,9:58:37,1:42.010,102010,150.302
fa-220,fa-26,2026,4,4,4,,False,,5,emma-felbermayr,rodin-motorsport,11,1:42.165,102165,1254,,False,9:58:31,1:42.165,102165,150.074
fa-220,fa-26,2026,4,5,5,,False,,3,nina-gademan,mp-motorsport,13,1:42.340,102340,1429,,False,9:58:36,1:42.340,102340,149.818
fa-220,fa-26,2026,4,6,6,,False,,56,rachel-robertson,hitech,11,1:42.443,102443,1532,,False,9:58:32,1:42.443,102443,149.667
fa-220,fa-26,2026,4,7,7,,False,,4,megan-bruce,campos-racing,14,1:43.683,103683,2772,,False,9:58:47,1:43.683,103683,147.877
fa-220,fa-26,2026,4,8,8,,False,,9,payton-westcott,prema-racing,12,1:43.853,103853,2942,,False,9:58:41,1:43.853,103853,147.635
fa-220,fa-26,2026,4,9,9,,False,,95,jade-jacquet,art-grand-prix,13,1:44.447,104447,3536,,False,9:58:35,1:44.447,104447,146.795
fa-220,fa-26,2026,4,10,10,,False,,32,esmee-kosterman,mp-motorsport,10,1:44.582,104582,3671,,False,9:58:41,1:44.582,104582,146.606
fa-220,fa-26,2026,4,11,11,,False,,20,ella-lloyd,rodin-motorsport,14,1:45.181,105181,4270,,False,9:47:47,1:45.181,105181,145.771
fa-220,fa-26,2026,4,12,12,,False,,91,kaylee-countryman,art-grand-prix,14,1:45.286,105286,4375,,False,9:58:36,1:45.286,105286,145.626
fa-220,fa-26,2026,4,13,13,,False,,55,ava-dobson,hitech,11,1:45.316,105316,4405,,False,9:58:37,1:45.316,105316,145.584
fa-220,fa-26,2026,4,14,14,,False,,28,ella-stevens,rodin-motorsport,13,1:45.615,105615,4704,,False,9:57:08,1:45.615,105615,145.172
fa-220,fa-26,2026,4,15,15,,False,,8,mathilda-paatz,prema-racing,13,1:47.314,107314,6403,,False,9:48:21,1:47.314,107314,142.874
fa-220,fa-26,2026,4,16,,,False,NC,18,rafaela-ferreira,campos-racing,11,1:49.437,109437,8526,,False,9:34:15,1:49.437,109437,140.102
fa-220,fa-26,2026,4,17,,,False,NC,14,lisa-billard,art-grand-prix,8,1:48.493,108493,7582,,False,9:29:26,1:48.493,108493,141.321
fa-221,fa-26,2026,4,1,1,11,False,,9,payton-westcott,prema-racing,17,30:43.482,1843482,,,True,13,1:38.794,98794,141.281
fa-221,fa-26,2026,4,2,2,8,False,,12,alba-larsen,mp-motorsport,17,30:45.289,1845289,1807,,False,14,1:38.930,98930,141.142
fa-221,fa-26,2026,4,3,3,6,False,,3,nina-gademan,mp-motorsport,17,30:49.206,1849206,5724,,False,8,1:39.290,99290,140.843
fa-221,fa-26,2026,4,4,4,5,False,,32,esmee-kosterman,mp-motorsport,17,30:51.010,1851010,7528,,False,15,1:39.594,99594,140.706
fa-221,fa-26,2026,4,5,5,4,False,,20,ella-lloyd,rodin-motorsport,17,30:51.512,1851512,8030,,False,14,1:39.209,99209,140.668
fa-221,fa-26,2026,4,6,6,3,False,,56,rachel-robertson,hitech,17,30:52.434,1852434,8952,,False,6,1:39.351,99351,140.598
fa-221,fa-26,2026,4,7,7,2,False,,4,megan-bruce,campos-racing,17,30:53.619,1853619,10137,,False,8,1:39.568,99568,140.508
fa-221,fa-26,2026,4,8,8,1,False,,55,ava-dobson,hitech,17,30:56.673,1856673,13191,,False,7,1:39.932,99932,140.277
fa-221,fa-26,2026,4,9,9,0,False,,91,kaylee-countryman,art-grand-prix,17,30:57.107,1857107,13625,,False,17,1:40.126,100126,140.244
fa-221,fa-26,2026,4,10,10,0,False,,14,lisa-billard,art-grand-prix,17,30:57.352,1857352,13870,,False,5,1:39.743,99743,140.226
fa-221,fa-26,2026,4,11,11,0,False,,15,zoe-florescu-wcd,hitech,17,30:57.916,1857916,14434,,False,15,1:39.867,99867,140.183
fa-221,fa-26,2026,4,12,12,0,False,,21,alisha-palmowski,campos-racing,17,30:58.586,1858586,15104,,False,17,1:40.096,100096,140.132
fa-221,fa-26,2026,4,13,13,0,False,,5,emma-felbermayr,rodin-motorsport,17,30:59.353,1859353,15871,,False,7,1:39.311,99311,140.075
fa-221,fa-26,2026,4,14,14,0,False,,18,rafaela-ferreira,campos-racing,17,30:59.471,1859471,15989,,False,8,1:39.948,99948,140.066
fa-221,fa-26,2026,4,15,15,0,False,,8,mathilda-paatz,prema-racing,17,30:59.729,1859729,16247,,False,7,1:39.978,99978,140.046
fa-221,fa-26,2026,4,16,16,0,False,,28,ella-stevens,rodin-motorsport,17,31:00.341,1860341,16859,,False,16,1:40.040,100040,140.000
fa-221,fa-26,2026,4,17,,0,False,Ret,95,jade-jacquet,art-grand-prix,8,14:41.892,881892,,,False,8,1:39.944,99944,138.857
fa-221,fa-26,2026,4,18,,0,False,Ret,19,natalia-granada,prema-racing,1,1:46.884,106884,,,False,,,,141.561
fa-222,fa-26,2026,4,1,1,28,True,,21,alisha-palmowski,campos-racing,17,27:51.988,1671988,,,True,12,1:37.523,97523,155.772
fa-222,fa-26,2026,4,2,2,18,False,,12,alba-larsen,mp-motorsport,17,27:54.753,1674753,2765,,False,7,1:37.843,97843,155.514
fa-222,fa-26,2026,4,3,3,15,False,,3,nina-gademan,mp-motorsport,17,28:03.515,1683515,11527,,False,14,1:38.316,98316,154.705
fa-222,fa-26,2026,4,4,4,12,False,,19,natalia-granada,prema-racing,17,28:07.024,1687024,15036,,False,9,1:38.389,98389,154.383
fa-222,fa-26,2026,4,5,5,10,False,,5,emma-felbermayr,rodin-motorsport,17,28:07.311,1687311,15323,,False,11,1:38.406,98406,154.357
fa-222,fa-26,2026,4,6,6,8,False,,4,megan-bruce,campos-racing,17,28:14.376,1694376,22388,,False,9,1:38.888,98888,153.713
fa-222,fa-26,2026,4,7,7,6,False,,56,rachel-robertson,hitech,17,28:15.131,1695131,23143,,False,9,1:38.846,98846,153.645
fa-222,fa-26,2026,4,8,8,4,False,,20,ella-lloyd,rodin-motorsport,17,28:15.408,1695408,23420,,False,10,1:38.846,98846,153.620
fa-222,fa-26,2026,4,9,9,2,False,,9,payton-westcott,prema-racing,17,28:16.161,1696161,24173,,False,9,1:38.685,98685,153.552
fa-222,fa-26,2026,4,10,10,1,False,,32,esmee-kosterman,mp-motorsport,17,28:16.800,1696800,24812,,False,9,1:38.662,98662,153.494
fa-222,fa-26,2026,4,11,11,0,False,,95,jade-jacquet,art-grand-prix,17,28:18.381,1698381,26393,,False,11,1:38.716,98716,153.351
fa-222,fa-26,2026,4,12,12,0,False,,14,lisa-billard,art-grand-prix,17,28:18.465,1698465,26477,,False,14,1:38.355,98355,153.343
fa-222,fa-26,2026,4,13,13,0,False,,55,ava-dobson,hitech,17,28:25.524,1705524,33536,,False,7,1:39.497,99497,152.709
fa-222,fa-26,2026,4,14,14,0,False,,28,ella-stevens,rodin-motorsport,17,28:25.879,1705879,33891,,False,8,1:39.372,99372,152.677
fa-222,fa-26,2026,4,15,15,0,False,,18,rafaela-ferreira,campos-racing,17,28:26.163,1706163,34175,,False,3,1:39.223,99223,152.652
fa-222,fa-26,2026,4,16,16,0,False,,91,kaylee-countryman,art-grand-prix,17,28:27.463,1707463,35475,,False,9,1:39.474,99474,152.535
fa-222,fa-26,2026,4,17,17,0,False,,8,mathilda-paatz,prema-racing,17,28:27.706,1707706,35718,,False,9,1:39.459,99459,152.514
fa-222,fa-26,2026,4,18,18,0,False,,15,zoe-florescu-wcd,hitech,17,28:28.327,1708327,36339,,False,9,1:39.399,99399,152.458
