id,raceId,seasonKey,year,round,sessionNumber,code,name,startTimeUtc,endTimeUtc,isRace,cancelled,sourceUrl
fe-2014-15-r1-beijing-free-practice-2,fe-2014-15-r1-beijing,2014-15,2015,1,1,free-practice-2,FP2,2014-09-12T20:30:00Z,,False,False,https://www.fiaformulae.com/en/results-and-standings?season=1&round=1-beijing&session=free-practice-2
fe-2014-15-r1-beijing-free-practice-1,fe-2014-15-r1-beijing,2014-15,2015,1,2,free-practice-1,FP1,2014-09-12T18:15:00Z,,False,False,https://www.fiaformulae.com/en/results-and-standings?season=1&round=1-beijing&session=free-practice-1
fe-2014-15-r1-beijing-qualifying,fe-2014-15-r1-beijing,2014-15,2015,1,3,qualifying,Qualifying,2014-09-12T22:00:00Z,,False,False,https://www.fiaformulae.com/en/results-and-standings?season=1&round=1-beijing&session=qualifying
fe-2014-15-r1-beijing-starting-grid,fe-2014-15-r1-beijing,2014-15,2015,1,4,grid,Starting Grid,,,False,False,https://www.fiaformulae.com/en/results-and-standings?season=1&round=1-beijing&session=race
fe-2014-15-r1-beijing-race,fe-2014-15-r1-beijing,2014-15,2015,1,5,race,Race,2014-09-13T02:06:00Z,,True,False,https://www.fiaformulae.com/en/results-and-standings?season=1&round=1-beijing&session=race
fe-2014-15-r2-putrajaya-free-practice,fe-2014-15-r2-putrajaya,2014-15,2015,2,1,free-practice,FP,2014-11-21T23:45:00Z,,False,False,https://www.fiaformulae.com/en/results-and-standings?season=1&round=2-putrajaya&session=free-practice
fe-2014-15-r2-putrajaya-qualifying,fe-2014-15-r2-putrajaya,2014-15,2015,2,2,qualifying,Qualifying,2014-11-22T02:00:00Z,,False,False,https://www.fiaformulae.com/en/results-and-standings?season=1&round=2-putrajaya&session=qualifying
fe-2014-15-r2-putrajaya-starting-grid,fe-2014-15-r2-putrajaya,2014-15,2015,2,3,grid,Starting Grid,,,False,False,https://www.fiaformulae.com/en/results-and-standings?season=1&round=2-putrajaya&session=race
fe-2014-15-r2-putrajaya-race,fe-2014-15-r2-putrajaya,2014-15,2015,2,4,race,Race,2014-11-22T06:05:00Z,,True,False,https://www.fiaformulae.com/en/results-and-standings?season=1&round=2-putrajaya&session=race
fe-2014-15-r3-punta-del-este-free-practice-2,fe-2014-15-r3-punta-del-este,2014-15,2015,3,1,free-practice-2,FP2,2014-12-13T12:30:00Z,,False,False,https://www.fiaformulae.com/en/results-and-standings?season=1&round=3-punta-del-este&session=free-practice-2
fe-2014-15-r3-punta-del-este-free-practice-1,fe-2014-15-r3-punta-del-este,2014-15,2015,3,2,free-practice-1,FP1,2014-12-13T10:15:00Z,,False,False,https://www.fiaformulae.com/en/results-and-standings?season=1&round=3-punta-del-este&session=free-practice-1
fe-2014-15-r3-punta-del-este-qualifying,fe-2014-15-r3-punta-del-este,2014-15,2015,3,3,qualifying,Qualifying,2014-12-13T14:00:00Z,,False,False,https://www.fiaformulae.com/en/results-and-standings?season=1&round=3-punta-del-este&session=qualifying
fe-2014-15-r3-punta-del-este-starting-grid,fe-2014-15-r3-punta-del-este,2014-15,2015,3,4,grid,Starting Grid,,,False,False,https://www.fiaformulae.com/en/results-and-standings?season=1&round=3-punta-del-este&session=race
fe-2014-15-r3-punta-del-este-race,fe-2014-15-r3-punta-del-este,2014-15,2015,3,5,race,Race,2014-12-13T18:04:00Z,,True,False,https://www.fiaformulae.com/en/results-and-standings?season=1&round=3-punta-del-este&session=race
fe-2014-15-r4-buenos-aires-free-practice-2,fe-2014-15-r4-buenos-aires,2014-15,2015,4,1,free-practice-2,FP2,2015-01-10T13:30:00Z,,False,False,https://www.fiaformulae.com/en/results-and-standings?season=1&round=4-buenos-aires&session=free-practice-2
fe-2014-15-r4-buenos-aires-free-practice-1,fe-2014-15-r4-buenos-aires,2014-15,2015,4,2,free-practice-1,FP1,2015-01-10T11:15:00Z,,False,False,https://www.fiaformulae.com/en/results-and-standings?season=1&round=4-buenos-aires&session=free-practice-1
fe-2014-15-r4-buenos-aires-qualifying,fe-2014-15-r4-buenos-aires,2014-15,2015,4,3,qualifying,Qualifying,2015-01-10T15:00:00Z,,False,False,https://www.fiaformulae.com/en/results-and-standings?season=1&round=4-buenos-aires&session=qualifying
fe-2014-15-r4-buenos-aires-starting-grid,fe-2014-15-r4-buenos-aires,2014-15,2015,4,4,grid,Starting Grid,,,False,False,https://www.fiaformulae.com/en/results-and-standings?season=1&round=4-buenos-aires&session=race
fe-2014-15-r4-buenos-aires-race,fe-2014-15-r4-buenos-aires,2014-15,2015,4,5,race,Race,2015-01-10T19:04:00Z,,True,False,https://www.fiaformulae.com/en/results-and-standings?season=1&round=4-buenos-aires&session=race
fe-2014-15-r5-miami-free-practice,fe-2014-15-r5-miami,2014-15,2015,5,1,free-practice,FP,2015-03-14T15:00:00Z,,False,False,https://www.fiaformulae.com/en/results-and-standings?season=1&round=5-miami&session=free-practice
fe-2014-15-r5-miami-qualifying,fe-2014-15-r5-miami,2014-15,2015,5,2,qualifying,Qualifying,2015-03-14T16:10:00Z,,False,False,https://www.fiaformulae.com/en/results-and-standings?season=1&round=5-miami&session=qualifying
fe-2014-15-r5-miami-starting-grid,fe-2014-15-r5-miami,2014-15,2015,5,3,grid,Starting Grid,,,False,False,https://www.fiaformulae.com/en/results-and-standings?season=1&round=5-miami&session=race
fe-2014-15-r5-miami-race,fe-2014-15-r5-miami,2014-15,2015,5,4,race,Race,2015-03-14T20:05:00Z,,True,False,https://www.fiaformulae.com/en/results-and-standings?season=1&round=5-miami&session=race
fe-2014-15-r6-long-beach-free-practice-3,fe-2014-15-r6-long-beach,2014-15,2015,6,1,free-practice-3,FP3,2015-04-04T17:35:00Z,,False,False,https://www.fiaformulae.com/en/results-and-standings?season=1&round=6-long-beach&session=free-practice-3
fe-2014-15-r6-long-beach-free-practice-2,fe-2014-15-r6-long-beach,2014-15,2015,6,2,free-practice-2,FP2,2015-04-04T16:25:00Z,,False,False,https://www.fiaformulae.com/en/results-and-standings?season=1&round=6-long-beach&session=free-practice-2
fe-2014-15-r6-long-beach-free-practice-1,fe-2014-15-r6-long-beach,2014-15,2015,6,3,free-practice-1,FP1,2015-04-04T15:15:00Z,,False,False,https://www.fiaformulae.com/en/results-and-standings?season=1&round=6-long-beach&session=free-practice-1
fe-2014-15-r6-long-beach-qualifying,fe-2014-15-r6-long-beach,2014-15,2015,6,4,qualifying,Qualifying,2015-04-04T19:00:00Z,,False,False,https://www.fiaformulae.com/en/results-and-standings?season=1&round=6-long-beach&session=qualifying
fe-2014-15-r6-long-beach-starting-grid,fe-2014-15-r6-long-beach,2014-15,2015,6,5,grid,Starting Grid,,,False,False,https://www.fiaformulae.com/en/results-and-standings?season=1&round=6-long-beach&session=race
fe-2014-15-r6-long-beach-race,fe-2014-15-r6-long-beach,2014-15,2015,6,6,race,Race,2015-04-04T23:04:00Z,,True,False,https://www.fiaformulae.com/en/results-and-standings?season=1&round=6-long-beach&session=race
fe-2014-15-r7-monaco-free-practice-2,fe-2014-15-r7-monaco,2014-15,2015,7,1,free-practice-2,FP2,2015-05-09T08:30:00Z,,False,False,https://www.fiaformulae.com/en/results-and-standings?season=1&round=7-monaco&session=free-practice-2
fe-2014-15-r7-monaco-free-practice-1,fe-2014-15-r7-monaco,2014-15,2015,7,2,free-practice-1,FP1,2015-05-09T06:15:00Z,,False,False,https://www.fiaformulae.com/en/results-and-standings?season=1&round=7-monaco&session=free-practice-1
fe-2014-15-r7-monaco-qualifying,fe-2014-15-r7-monaco,2014-15,2015,7,3,qualifying,Qualifying,2015-05-09T10:00:00Z,,False,False,https://www.fiaformulae.com/en/results-and-standings?season=1&round=7-monaco&session=qualifying
fe-2014-15-r7-monaco-starting-grid,fe-2014-15-r7-monaco,2014-15,2015,7,4,grid,Starting Grid,,,False,False,https://www.fiaformulae.com/en/results-and-standings?season=1&round=7-monaco&session=race
fe-2014-15-r7-monaco-race,fe-2014-15-r7-monaco,2014-15,2015,7,5,race,Race,2015-05-09T14:05:00Z,,True,False,https://www.fiaformulae.com/en/results-and-standings?season=1&round=7-monaco&session=race
fe-2014-15-r8-berlin-free-practice-2,fe-2014-15-r8-berlin,2014-15,2015,8,1,free-practice-2,FP2,2015-05-23T08:35:00Z,,False,False,https://www.fiaformulae.com/en/results-and-standings?season=1&round=8-berlin&session=free-practice-2
fe-2014-15-r8-berlin-free-practice-1,fe-2014-15-r8-berlin,2014-15,2015,8,2,free-practice-1,FP1,2015-05-23T06:15:00Z,,False,False,https://www.fiaformulae.com/en/results-and-standings?season=1&round=8-berlin&session=free-practice-1
fe-2014-15-r8-berlin-qualifying,fe-2014-15-r8-berlin,2014-15,2015,8,3,qualifying,Qualifying,2015-05-23T10:00:00Z,,False,False,https://www.fiaformulae.com/en/results-and-standings?season=1&round=8-berlin&session=qualifying
fe-2014-15-r8-berlin-starting-grid,fe-2014-15-r8-berlin,2014-15,2015,8,4,grid,Starting Grid,,,False,False,https://www.fiaformulae.com/en/results-and-standings?season=1&round=8-berlin&session=race
fe-2014-15-r8-berlin-race,fe-2014-15-r8-berlin,2014-15,2015,8,5,race,Race,2015-05-23T14:05:00Z,,True,False,https://www.fiaformulae.com/en/results-and-standings?season=1&round=8-berlin&session=race
fe-2014-15-r9-moscow-free-practice-2,fe-2014-15-r9-moscow,2014-15,2015,9,1,free-practice-2,FP2,2015-06-06T07:30:00Z,,False,False,https://www.fiaformulae.com/en/results-and-standings?season=1&round=9-moscow&session=free-practice-2
fe-2014-15-r9-moscow-free-practice-1,fe-2014-15-r9-moscow,2014-15,2015,9,2,free-practice-1,FP1,2015-06-06T05:15:00Z,,False,False,https://www.fiaformulae.com/en/results-and-standings?season=1&round=9-moscow&session=free-practice-1
fe-2014-15-r9-moscow-qualifying,fe-2014-15-r9-moscow,2014-15,2015,9,3,qualifying,Qualifying,2015-06-06T09:00:00Z,,False,False,https://www.fiaformulae.com/en/results-and-standings?season=1&round=9-moscow&session=qualifying
fe-2014-15-r9-moscow-starting-grid,fe-2014-15-r9-moscow,2014-15,2015,9,4,grid,Starting Grid,,,False,False,https://www.fiaformulae.com/en/results-and-standings?season=1&round=9-moscow&session=race
fe-2014-15-r9-moscow-race,fe-2014-15-r9-moscow,2014-15,2015,9,5,race,Race,2015-06-06T13:04:00Z,,True,False,https://www.fiaformulae.com/en/results-and-standings?season=1&round=9-moscow&session=race
fe-2014-15-r10-london-free-practice-2,fe-2014-15-r10-london,2014-15,2015,10,1,free-practice-2,FP2,2015-06-27T08:30:00Z,,False,False,https://www.fiaformulae.com/en/results-and-standings?season=1&round=10-london&session=free-practice-2
fe-2014-15-r10-london-free-practice-1,fe-2014-15-r10-london,2014-15,2015,10,2,free-practice-1,FP1,2015-06-27T07:15:00Z,,False,False,https://www.fiaformulae.com/en/results-and-standings?season=1&round=10-london&session=free-practice-1
fe-2014-15-r10-london-qualifying,fe-2014-15-r10-london,2014-15,2015,10,3,qualifying,Qualifying,2015-06-27T11:00:00Z,,False,False,https://www.fiaformulae.com/en/results-and-standings?season=1&round=10-london&session=qualifying
fe-2014-15-r10-london-starting-grid,fe-2014-15-r10-london,2014-15,2015,10,4,grid,Starting Grid,,,False,False,https://www.fiaformulae.com/en/results-and-standings?season=1&round=10-london&session=race
fe-2014-15-r10-london-race,fe-2014-15-r10-london,2014-15,2015,10,5,race,Race,2015-06-27T15:04:00Z,,True,False,https://www.fiaformulae.com/en/results-and-standings?season=1&round=10-london&session=race
fe-2014-15-r11-london-free-practice-2,fe-2014-15-r11-london,2014-15,2015,11,1,free-practice-2,FP2,2015-06-28T09:30:00Z,,False,False,https://www.fiaformulae.com/en/results-and-standings?season=1&round=11-london&session=free-practice-2
fe-2014-15-r11-london-free-practice-1,fe-2014-15-r11-london,2014-15,2015,11,2,free-practice-1,FP1,2015-06-28T07:15:00Z,,False,False,https://www.fiaformulae.com/en/results-and-standings?season=1&round=11-london&session=free-practice-1
fe-2014-15-r11-london-qualifying,fe-2014-15-r11-london,2014-15,2015,11,3,qualifying,Qualifying,2015-06-28T11:00:00Z,,False,False,https://www.fiaformulae.com/en/results-and-standings?season=1&round=11-london&session=qualifying
fe-2014-15-r11-london-starting-grid,fe-2014-15-r11-london,2014-15,2015,11,4,grid,Starting Grid,,,False,False,https://www.fiaformulae.com/en/results-and-standings?season=1&round=11-london&session=race
fe-2014-15-r11-london-race,fe-2014-15-r11-london,2014-15,2015,11,5,race,Race,2015-06-28T15:04:00Z,,True,False,https://www.fiaformulae.com/en/results-and-standings?season=1&round=11-london&session=race
fe-2015-16-r1-beijing-free-practice-2,fe-2015-16-r1-beijing,2015-16,2016,1,1,free-practice-2,FP2,2015-10-24T02:30:00Z,,False,False,https://www.fiaformulae.com/en/results-and-standings?season=2&round=1-beijing&session=free-practice-2
fe-2015-16-r1-beijing-free-practice-1,fe-2015-16-r1-beijing,2015-16,2016,1,2,free-practice-1,FP1,2015-10-24T00:15:00Z,,False,False,https://www.fiaformulae.com/en/results-and-standings?season=2&round=1-beijing&session=free-practice-1
fe-2015-16-r1-beijing-qualifying,fe-2015-16-r1-beijing,2015-16,2016,1,3,qualifying,Qualifying,2015-10-24T04:00:00Z,,False,False,https://www.fiaformulae.com/en/results-and-standings?season=2&round=1-beijing&session=qualifying
fe-2015-16-r1-beijing-starting-grid,fe-2015-16-r1-beijing,2015-16,2016,1,4,grid,Starting Grid,,,False,False,https://www.fiaformulae.com/en/results-and-standings?season=2&round=1-beijing&session=race
fe-2015-16-r1-beijing-race,fe-2015-16-r1-beijing,2015-16,2016,1,5,race,Race,2015-10-24T08:04:00Z,,True,False,https://www.fiaformulae.com/en/results-and-standings?season=2&round=1-beijing&session=race
fe-2015-16-r2-putrajaya-free-practice,fe-2015-16-r2-putrajaya,2015-16,2016,2,1,free-practice,FP,2015-11-06T23:45:00Z,,False,False,https://www.fiaformulae.com/en/results-and-standings?season=2&round=2-putrajaya&session=free-practice
fe-2015-16-r2-putrajaya-qualifying,fe-2015-16-r2-putrajaya,2015-16,2016,2,2,qualifying,Qualifying,2015-11-07T02:00:00Z,,False,False,https://www.fiaformulae.com/en/results-and-standings?season=2&round=2-putrajaya&session=qualifying
fe-2015-16-r2-putrajaya-starting-grid,fe-2015-16-r2-putrajaya,2015-16,2016,2,3,grid,Starting Grid,,,False,False,https://www.fiaformulae.com/en/results-and-standings?season=2&round=2-putrajaya&session=race
fe-2015-16-r2-putrajaya-race,fe-2015-16-r2-putrajaya,2015-16,2016,2,4,race,Race,2015-11-07T06:04:00Z,,True,False,https://www.fiaformulae.com/en/results-and-standings?season=2&round=2-putrajaya&session=race
fe-2015-16-r3-punta-del-este-free-practice-2,fe-2015-16-r3-punta-del-este,2015-16,2016,3,1,free-practice-2,FP2,2015-12-19T13:30:00Z,,False,False,https://www.fiaformulae.com/en/results-and-standings?season=2&round=3-punta-del-este&session=free-practice-2
fe-2015-16-r3-punta-del-este-free-practice-1,fe-2015-16-r3-punta-del-este,2015-16,2016,3,2,free-practice-1,FP1,2015-12-19T11:15:00Z,,False,False,https://www.fiaformulae.com/en/results-and-standings?season=2&round=3-punta-del-este&session=free-practice-1
fe-2015-16-r3-punta-del-este-qualifying,fe-2015-16-r3-punta-del-este,2015-16,2016,3,3,qualifying,Qualifying,2015-12-19T15:00:00Z,,False,False,https://www.fiaformulae.com/en/results-and-standings?season=2&round=3-punta-del-este&session=qualifying
fe-2015-16-r3-punta-del-este-starting-grid,fe-2015-16-r3-punta-del-este,2015-16,2016,3,4,grid,Starting Grid,,,False,False,https://www.fiaformulae.com/en/results-and-standings?season=2&round=3-punta-del-este&session=race
fe-2015-16-r3-punta-del-este-race,fe-2015-16-r3-punta-del-este,2015-16,2016,3,5,race,Race,2015-12-19T19:04:00Z,,True,False,https://www.fiaformulae.com/en/results-and-standings?season=2&round=3-punta-del-este&session=race
fe-2015-16-r4-buenos-aires-free-practice-2,fe-2015-16-r4-buenos-aires,2015-16,2016,4,1,free-practice-2,FP2,2016-02-06T13:30:00Z,,False,False,https://www.fiaformulae.com/en/results-and-standings?season=2&round=4-buenos-aires&session=free-practice-2
fe-2015-16-r4-buenos-aires-free-practice-1,fe-2015-16-r4-buenos-aires,2015-16,2016,4,2,free-practice-1,FP1,2016-02-06T11:15:00Z,,False,False,https://www.fiaformulae.com/en/results-and-standings?season=2&round=4-buenos-aires&session=free-practice-1
fe-2015-16-r4-buenos-aires-qualifying,fe-2015-16-r4-buenos-aires,2015-16,2016,4,3,qualifying,Qualifying,2016-02-06T15:00:00Z,,False,False,https://www.fiaformulae.com/en/results-and-standings?season=2&round=4-buenos-aires&session=qualifying
fe-2015-16-r4-buenos-aires-starting-grid,fe-2015-16-r4-buenos-aires,2015-16,2016,4,4,grid,Starting Grid,,,False,False,https://www.fiaformulae.com/en/results-and-standings?season=2&round=4-buenos-aires&session=race
fe-2015-16-r4-buenos-aires-race,fe-2015-16-r4-buenos-aires,2015-16,2016,4,5,race,Race,2016-02-06T19:04:00Z,,True,False,https://www.fiaformulae.com/en/results-and-standings?season=2&round=4-buenos-aires&session=race
fe-2015-16-r5-mexico-city-free-practice-2,fe-2015-16-r5-mexico-city,2015-16,2016,5,1,free-practice-2,FP2,2016-03-12T15:30:00Z,,False,False,https://www.fiaformulae.com/en/results-and-standings?season=2&round=5-mexico-city&session=free-practice-2
fe-2015-16-r5-mexico-city-free-practice-1,fe-2015-16-r5-mexico-city,2015-16,2016,5,2,free-practice-1,FP1,2016-03-12T13:15:00Z,,False,False,https://www.fiaformulae.com/en/results-and-standings?season=2&round=5-mexico-city&session=free-practice-1
fe-2015-16-r5-mexico-city-qualifying,fe-2015-16-r5-mexico-city,2015-16,2016,5,3,qualifying,Qualifying,2016-03-12T18:00:00Z,,False,False,https://www.fiaformulae.com/en/results-and-standings?season=2&round=5-mexico-city&session=qualifying
fe-2015-16-r5-mexico-city-starting-grid,fe-2015-16-r5-mexico-city,2015-16,2016,5,4,grid,Starting Grid,,,False,False,https://www.fiaformulae.com/en/results-and-standings?season=2&round=5-mexico-city&session=race
fe-2015-16-r5-mexico-city-race,fe-2015-16-r5-mexico-city,2015-16,2016,5,5,race,Race,2016-03-12T22:04:00Z,,True,False,https://www.fiaformulae.com/en/results-and-standings?season=2&round=5-mexico-city&session=race
fe-2015-16-r6-long-beach-free-practice-2,fe-2015-16-r6-long-beach,2015-16,2016,6,1,free-practice-2,FP2,2016-04-02T17:30:00Z,,False,False,https://www.fiaformulae.com/en/results-and-standings?season=2&round=6-long-beach&session=free-practice-2
fe-2015-16-r6-long-beach-free-practice-1,fe-2015-16-r6-long-beach,2015-16,2016,6,2,free-practice-1,FP1,2016-04-02T15:15:00Z,,False,False,https://www.fiaformulae.com/en/results-and-standings?season=2&round=6-long-beach&session=free-practice-1
fe-2015-16-r6-long-beach-qualifying,fe-2015-16-r6-long-beach,2015-16,2016,6,3,qualifying,Qualifying,2016-04-02T19:00:00Z,,False,False,https://www.fiaformulae.com/en/results-and-standings?season=2&round=6-long-beach&session=qualifying
fe-2015-16-r6-long-beach-starting-grid,fe-2015-16-r6-long-beach,2015-16,2016,6,4,grid,Starting Grid,,,False,False,https://www.fiaformulae.com/en/results-and-standings?season=2&round=6-long-beach&session=race
fe-2015-16-r6-long-beach-race,fe-2015-16-r6-long-beach,2015-16,2016,6,5,race,Race,2016-04-02T23:04:00Z,,True,False,https://www.fiaformulae.com/en/results-and-standings?season=2&round=6-long-beach&session=race
fe-2015-16-r7-paris-free-practice-2,fe-2015-16-r7-paris,2015-16,2016,7,1,free-practice-2,FP2,2016-04-23T08:30:00Z,,False,False,https://www.fiaformulae.com/en/results-and-standings?season=2&round=7-paris&session=free-practice-2
fe-2015-16-r7-paris-free-practice-1,fe-2015-16-r7-paris,2015-16,2016,7,2,free-practice-1,FP1,2016-04-23T06:15:00Z,,False,False,https://www.fiaformulae.com/en/results-and-standings?season=2&round=7-paris&session=free-practice-1
fe-2015-16-r7-paris-qualifying,fe-2015-16-r7-paris,2015-16,2016,7,3,qualifying,Qualifying,2016-04-23T10:00:00Z,,False,False,https://www.fiaformulae.com/en/results-and-standings?season=2&round=7-paris&session=qualifying
fe-2015-16-r7-paris-starting-grid,fe-2015-16-r7-paris,2015-16,2016,7,4,grid,Starting Grid,,,False,False,https://www.fiaformulae.com/en/results-and-standings?season=2&round=7-paris&session=race
fe-2015-16-r7-paris-race,fe-2015-16-r7-paris,2015-16,2016,7,5,race,Race,2016-04-23T14:04:00Z,,True,False,https://www.fiaformulae.com/en/results-and-standings?season=2&round=7-paris&session=race
fe-2015-16-r8-berlin-free-practice-2,fe-2015-16-r8-berlin,2015-16,2016,8,1,free-practice-2,FP2,2016-05-21T08:30:00Z,,False,False,https://www.fiaformulae.com/en/results-and-standings?season=2&round=8-berlin&session=free-practice-2
fe-2015-16-r8-berlin-free-practice-1,fe-2015-16-r8-berlin,2015-16,2016,8,2,free-practice-1,FP1,2016-05-21T06:15:00Z,,False,False,https://www.fiaformulae.com/en/results-and-standings?season=2&round=8-berlin&session=free-practice-1
fe-2015-16-r8-berlin-qualifying,fe-2015-16-r8-berlin,2015-16,2016,8,3,qualifying,Qualifying,2016-05-21T10:00:00Z,,False,False,https://www.fiaformulae.com/en/results-and-standings?season=2&round=8-berlin&session=qualifying
fe-2015-16-r8-berlin-starting-grid,fe-2015-16-r8-berlin,2015-16,2016,8,4,grid,Starting Grid,,,False,False,https://www.fiaformulae.com/en/results-and-standings?season=2&round=8-berlin&session=race
fe-2015-16-r8-berlin-race,fe-2015-16-r8-berlin,2015-16,2016,8,5,race,Race,2016-05-21T14:04:00Z,,True,False,https://www.fiaformulae.com/en/results-and-standings?season=2&round=8-berlin&session=race
fe-2015-16-r9-london-free-practice-2,fe-2015-16-r9-london,2015-16,2016,9,1,free-practice-2,FP2,2016-07-02T09:30:00Z,,False,False,https://www.fiaformulae.com/en/results-and-standings?season=2&round=9-london&session=free-practice-2
fe-2015-16-r9-london-free-practice-1,fe-2015-16-r9-london,2015-16,2016,9,2,free-practice-1,FP1,2016-07-02T07:15:00Z,,False,False,https://www.fiaformulae.com/en/results-and-standings?season=2&round=9-london&session=free-practice-1
fe-2015-16-r9-london-qualifying,fe-2015-16-r9-london,2015-16,2016,9,3,qualifying,Qualifying,2016-07-02T11:00:00Z,,False,False,https://www.fiaformulae.com/en/results-and-standings?season=2&round=9-london&session=qualifying
fe-2015-16-r9-london-starting-grid,fe-2015-16-r9-london,2015-16,2016,9,4,grid,Starting Grid,,,False,False,https://www.fiaformulae.com/en/results-and-standings?season=2&round=9-london&session=race
fe-2015-16-r9-london-race,fe-2015-16-r9-london,2015-16,2016,9,5,race,Race,2016-07-02T15:04:00Z,,True,False,https://www.fiaformulae.com/en/results-and-standings?season=2&round=9-london&session=race
fe-2015-16-r10-london-free-practice-1,fe-2015-16-r10-london,2015-16,2016,10,1,free-practice-1,FP1,2016-07-03T07:15:00Z,,False,False,https://www.fiaformulae.com/en/results-and-standings?season=2&round=10-london&session=free-practice-1
fe-2015-16-r10-london-qualifying,fe-2015-16-r10-london,2015-16,2016,10,2,qualifying,Qualifying,2016-07-03T11:00:00Z,,False,False,https://www.fiaformulae.com/en/results-and-standings?season=2&round=10-london&session=qualifying
fe-2015-16-r10-london-starting-grid,fe-2015-16-r10-london,2015-16,2016,10,3,grid,Starting Grid,,,False,False,https://www.fiaformulae.com/en/results-and-standings?season=2&round=10-london&session=race
fe-2015-16-r10-london-race,fe-2015-16-r10-london,2015-16,2016,10,4,race,Race,2016-07-03T15:04:00Z,,True,False,https://www.fiaformulae.com/en/results-and-standings?season=2&round=10-london&session=race
fe-2016-17-r1-hong-kong-free-practice-2,fe-2016-17-r1-hong-kong,2016-17,2017,1,1,free-practice-2,FP2,2016-10-09T02:30:00Z,,False,False,https://www.fiaformulae.com/en/results-and-standings?season=3&round=1-hong-kong&session=free-practice-2
fe-2016-17-r1-hong-kong-free-practice-1,fe-2016-17-r1-hong-kong,2016-17,2017,1,2,free-practice-1,FP1,2016-10-09T00:00:00Z,,False,False,https://www.fiaformulae.com/en/results-and-standings?season=3&round=1-hong-kong&session=free-practice-1
fe-2016-17-r1-hong-kong-starting-grid,fe-2016-17-r1-hong-kong,2016-17,2017,1,4,grid,Starting Grid,,,False,False,https://www.fiaformulae.com/en/results-and-standings?season=3&round=1-hong-kong&session=race
fe-2016-17-r1-hong-kong-race,fe-2016-17-r1-hong-kong,2016-17,2017,1,5,race,Race,2016-10-09T08:03:00Z,,True,False,https://www.fiaformulae.com/en/results-and-standings?season=3&round=1-hong-kong&session=race
fe-2016-17-r2-marrakesh-free-practice-2,fe-2016-17-r2-marrakesh,2016-17,2017,2,1,free-practice-2,FP2,2016-11-12T10:30:00Z,,False,False,https://www.fiaformulae.com/en/results-and-standings?season=3&round=2-marrakesh&session=free-practice-2
fe-2016-17-r2-marrakesh-free-practice-1,fe-2016-17-r2-marrakesh,2016-17,2017,2,2,free-practice-1,FP1,2016-11-12T08:00:00Z,,False,False,https://www.fiaformulae.com/en/results-and-standings?season=3&round=2-marrakesh&session=free-practice-1
fe-2016-17-r2-marrakesh-qualifying,fe-2016-17-r2-marrakesh,2016-17,2017,2,3,qualifying,Qualifying,2016-11-12T12:00:00Z,,False,False,https://www.fiaformulae.com/en/results-and-standings?season=3&round=2-marrakesh&session=qualifying
fe-2016-17-r2-marrakesh-starting-grid,fe-2016-17-r2-marrakesh,2016-17,2017,2,4,grid,Starting Grid,,,False,False,https://www.fiaformulae.com/en/results-and-standings?season=3&round=2-marrakesh&session=race
fe-2016-17-r2-marrakesh-race,fe-2016-17-r2-marrakesh,2016-17,2017,2,5,race,Race,2016-11-12T16:04:00Z,,True,False,https://www.fiaformulae.com/en/results-and-standings?season=3&round=2-marrakesh&session=race
fe-2016-17-r3-buenos-aires-free-practice-2,fe-2016-17-r3-buenos-aires,2016-17,2017,3,1,free-practice-2,FP2,2017-02-18T13:30:00Z,,False,False,https://www.fiaformulae.com/en/results-and-standings?season=3&round=3-buenos-aires&session=free-practice-2
fe-2016-17-r3-buenos-aires-free-practice-1,fe-2016-17-r3-buenos-aires,2016-17,2017,3,2,free-practice-1,FP1,2017-02-18T11:00:00Z,,False,False,https://www.fiaformulae.com/en/results-and-standings?season=3&round=3-buenos-aires&session=free-practice-1
fe-2016-17-r3-buenos-aires-qualifying,fe-2016-17-r3-buenos-aires,2016-17,2017,3,3,qualifying,Qualifying,2017-02-18T15:00:00Z,,False,False,https://www.fiaformulae.com/en/results-and-standings?season=3&round=3-buenos-aires&session=qualifying
fe-2016-17-r3-buenos-aires-starting-grid,fe-2016-17-r3-buenos-aires,2016-17,2017,3,4,grid,Starting Grid,,,False,False,https://www.fiaformulae.com/en/results-and-standings?season=3&round=3-buenos-aires&session=race
fe-2016-17-r3-buenos-aires-race,fe-2016-17-r3-buenos-aires,2016-17,2017,3,5,race,Race,2017-02-18T19:04:00Z,,True,False,https://www.fiaformulae.com/en/results-and-standings?season=3&round=3-buenos-aires&session=race
fe-2016-17-r4-mexico-city-free-practice-2,fe-2016-17-r4-mexico-city,2016-17,2017,4,1,free-practice-2,FP2,2017-04-01T16:30:00Z,,False,False,https://www.fiaformulae.com/en/results-and-standings?season=3&round=4-mexico-city&session=free-practice-2
fe-2016-17-r4-mexico-city-free-practice-1,fe-2016-17-r4-mexico-city,2016-17,2017,4,2,free-practice-1,FP1,2017-04-01T14:00:00Z,,False,False,https://www.fiaformulae.com/en/results-and-standings?season=3&round=4-mexico-city&session=free-practice-1
fe-2016-17-r4-mexico-city-qualifying,fe-2016-17-r4-mexico-city,2016-17,2017,4,3,qualifying,Qualifying,2017-04-01T18:00:00Z,,False,False,https://www.fiaformulae.com/en/results-and-standings?season=3&round=4-mexico-city&session=qualifying
fe-2016-17-r4-mexico-city-starting-grid,fe-2016-17-r4-mexico-city,2016-17,2017,4,4,grid,Starting Grid,,,False,False,https://www.fiaformulae.com/en/results-and-standings?season=3&round=4-mexico-city&session=race
fe-2016-17-r4-mexico-city-race,fe-2016-17-r4-mexico-city,2016-17,2017,4,5,race,Race,2017-04-01T22:04:00Z,,True,False,https://www.fiaformulae.com/en/results-and-standings?season=3&round=4-mexico-city&session=race
fe-2016-17-r5-monaco-free-practice-2,fe-2016-17-r5-monaco,2016-17,2017,5,1,free-practice-2,FP2,2017-05-13T08:30:00Z,,False,False,https://www.fiaformulae.com/en/results-and-standings?season=3&round=5-monaco&session=free-practice-2
fe-2016-17-r5-monaco-free-practice-1,fe-2016-17-r5-monaco,2016-17,2017,5,2,free-practice-1,FP1,2017-05-13T06:00:00Z,,False,False,https://www.fiaformulae.com/en/results-and-standings?season=3&round=5-monaco&session=free-practice-1
fe-2016-17-r5-monaco-qualifying,fe-2016-17-r5-monaco,2016-17,2017,5,3,qualifying,Qualifying,2017-05-13T11:00:00Z,,False,False,https://www.fiaformulae.com/en/results-and-standings?season=3&round=5-monaco&session=qualifying
fe-2016-17-r5-monaco-starting-grid,fe-2016-17-r5-monaco,2016-17,2017,5,4,grid,Starting Grid,,,False,False,https://www.fiaformulae.com/en/results-and-standings?season=3&round=5-monaco&session=race
fe-2016-17-r5-monaco-race,fe-2016-17-r5-monaco,2016-17,2017,5,5,race,Race,2017-05-13T14:04:00Z,,True,False,https://www.fiaformulae.com/en/results-and-standings?season=3&round=5-monaco&session=race
fe-2016-17-r6-paris-free-practice-2,fe-2016-17-r6-paris,2016-17,2017,6,1,free-practice-2,FP2,2017-05-20T08:30:00Z,,False,False,https://www.fiaformulae.com/en/results-and-standings?season=3&round=6-paris&session=free-practice-2
fe-2016-17-r6-paris-free-practice-1,fe-2016-17-r6-paris,2016-17,2017,6,2,free-practice-1,FP1,2017-05-20T06:00:00Z,,False,False,https://www.fiaformulae.com/en/results-and-standings?season=3&round=6-paris&session=free-practice-1
fe-2016-17-r6-paris-qualifying,fe-2016-17-r6-paris,2016-17,2017,6,3,qualifying,Qualifying,2017-05-20T11:00:00Z,,False,False,https://www.fiaformulae.com/en/results-and-standings?season=3&round=6-paris&session=qualifying
fe-2016-17-r6-paris-starting-grid,fe-2016-17-r6-paris,2016-17,2017,6,4,grid,Starting Grid,,,False,False,https://www.fiaformulae.com/en/results-and-standings?season=3&round=6-paris&session=race
fe-2016-17-r6-paris-race,fe-2016-17-r6-paris,2016-17,2017,6,5,race,Race,2017-05-20T14:04:00Z,,True,False,https://www.fiaformulae.com/en/results-and-standings?season=3&round=6-paris&session=race
fe-2016-17-r7-berlin-free-practice-2,fe-2016-17-r7-berlin,2016-17,2017,7,1,free-practice-2,FP2,2017-06-10T08:30:00Z,,False,False,https://www.fiaformulae.com/en/results-and-standings?season=3&round=7-berlin&session=free-practice-2
fe-2016-17-r7-berlin-free-practice-1,fe-2016-17-r7-berlin,2016-17,2017,7,2,free-practice-1,FP1,2017-06-10T06:00:00Z,,False,False,https://www.fiaformulae.com/en/results-and-standings?season=3&round=7-berlin&session=free-practice-1
fe-2016-17-r7-berlin-qualifying,fe-2016-17-r7-berlin,2016-17,2017,7,3,qualifying,Qualifying,2017-06-10T11:00:00Z,,False,False,https://www.fiaformulae.com/en/results-and-standings?season=3&round=7-berlin&session=qualifying
fe-2016-17-r7-berlin-starting-grid,fe-2016-17-r7-berlin,2016-17,2017,7,4,grid,Starting Grid,,,False,False,https://www.fiaformulae.com/en/results-and-standings?season=3&round=7-berlin&session=race
fe-2016-17-r7-berlin-race,fe-2016-17-r7-berlin,2016-17,2017,7,5,race,Race,2017-06-10T14:04:00Z,,True,False,https://www.fiaformulae.com/en/results-and-standings?season=3&round=7-berlin&session=race
fe-2016-17-r8-berlin-free-practice-4,fe-2016-17-r8-berlin,2016-17,2017,8,1,free-practice-4,FP4,2017-06-11T08:30:00Z,,False,False,https://www.fiaformulae.com/en/results-and-standings?season=3&round=8-berlin&session=free-practice-4
fe-2016-17-r8-berlin-free-practice-3,fe-2016-17-r8-berlin,2016-17,2017,8,2,free-practice-3,FP3,2017-06-11T06:00:00Z,,False,False,https://www.fiaformulae.com/en/results-and-standings?season=3&round=8-berlin&session=free-practice-3
fe-2016-17-r8-berlin-qualifying,fe-2016-17-r8-berlin,2016-17,2017,8,3,qualifying,Qualifying,2017-06-11T11:00:00Z,,False,False,https://www.fiaformulae.com/en/results-and-standings?season=3&round=8-berlin&session=qualifying
fe-2016-17-r8-berlin-starting-grid,fe-2016-17-r8-berlin,2016-17,2017,8,4,grid,Starting Grid,,,False,False,https://www.fiaformulae.com/en/results-and-standings?season=3&round=8-berlin&session=race
fe-2016-17-r8-berlin-race,fe-2016-17-r8-berlin,2016-17,2017,8,5,race,Race,2017-06-11T14:04:00Z,,True,False,https://www.fiaformulae.com/en/results-and-standings?season=3&round=8-berlin&session=race
fe-2016-17-r9-new-york-free-practice-2,fe-2016-17-r9-new-york,2016-17,2017,9,1,free-practice-2,FP2,2017-07-15T14:30:00Z,,False,False,https://www.fiaformulae.com/en/results-and-standings?season=3&round=9-new-york&session=free-practice-2
fe-2016-17-r9-new-york-free-practice-1,fe-2016-17-r9-new-york,2016-17,2017,9,2,free-practice-1,FP1,2017-07-15T12:00:00Z,,False,False,https://www.fiaformulae.com/en/results-and-standings?season=3&round=9-new-york&session=free-practice-1
fe-2016-17-r9-new-york-qualifying,fe-2016-17-r9-new-york,2016-17,2017,9,3,qualifying,Qualifying,2017-07-15T17:00:00Z,,False,False,https://www.fiaformulae.com/en/results-and-standings?season=3&round=9-new-york&session=qualifying
fe-2016-17-r9-new-york-starting-grid,fe-2016-17-r9-new-york,2016-17,2017,9,4,grid,Starting Grid,,,False,False,https://www.fiaformulae.com/en/results-and-standings?season=3&round=9-new-york&session=race
fe-2016-17-r9-new-york-race,fe-2016-17-r9-new-york,2016-17,2017,9,5,race,Race,2017-07-15T20:04:00Z,,True,False,https://www.fiaformulae.com/en/results-and-standings?season=3&round=9-new-york&session=race
fe-2016-17-r10-new-york-free-practice-3,fe-2016-17-r10-new-york,2016-17,2017,10,1,free-practice-3,FP3,2017-07-16T11:00:00Z,,False,False,https://www.fiaformulae.com/en/results-and-standings?season=3&round=10-new-york&session=free-practice-3
fe-2016-17-r10-new-york-starting-grid,fe-2016-17-r10-new-york,2016-17,2017,10,3,grid,Starting Grid,,,False,False,https://www.fiaformulae.com/en/results-and-standings?season=3&round=10-new-york&session=race
fe-2016-17-r10-new-york-race,fe-2016-17-r10-new-york,2016-17,2017,10,4,race,Race,2017-07-16T17:04:00Z,,True,False,https://www.fiaformulae.com/en/results-and-standings?season=3&round=10-new-york&session=race
fe-2016-17-r11-montreal-free-practice-2,fe-2016-17-r11-montreal,2016-17,2017,11,1,free-practice-2,FP2,2017-07-29T14:30:00Z,,False,False,https://www.fiaformulae.com/en/results-and-standings?season=3&round=11-montreal&session=free-practice-2
fe-2016-17-r11-montreal-free-practice-1,fe-2016-17-r11-montreal,2016-17,2017,11,2,free-practice-1,FP1,2017-07-29T12:00:00Z,,False,False,https://www.fiaformulae.com/en/results-and-standings?season=3&round=11-montreal&session=free-practice-1
fe-2016-17-r11-montreal-qualifying,fe-2016-17-r11-montreal,2016-17,2017,11,3,qualifying,Qualifying,2017-07-29T17:00:00Z,,False,False,https://www.fiaformulae.com/en/results-and-standings?season=3&round=11-montreal&session=qualifying
fe-2016-17-r11-montreal-starting-grid,fe-2016-17-r11-montreal,2016-17,2017,11,4,grid,Starting Grid,,,False,False,https://www.fiaformulae.com/en/results-and-standings?season=3&round=11-montreal&session=race
fe-2016-17-r11-montreal-race,fe-2016-17-r11-montreal,2016-17,2017,11,5,race,Race,2017-07-29T20:04:00Z,,True,False,https://www.fiaformulae.com/en/results-and-standings?season=3&round=11-montreal&session=race
fe-2016-17-r12-montreal-free-practice-4,fe-2016-17-r12-montreal,2016-17,2017,12,1,free-practice-4,FP4,2017-07-30T14:30:00Z,,False,False,https://www.fiaformulae.com/en/results-and-standings?season=3&round=12-montreal&session=free-practice-4
fe-2016-17-r12-montreal-free-practice-3,fe-2016-17-r12-montreal,2016-17,2017,12,2,free-practice-3,FP3,2017-07-30T12:00:00Z,,False,False,https://www.fiaformulae.com/en/results-and-standings?season=3&round=12-montreal&session=free-practice-3
fe-2016-17-r12-montreal-qualifying,fe-2016-17-r12-montreal,2016-17,2017,12,3,qualifying,Qualifying,2017-07-30T17:00:00Z,,False,False,https://www.fiaformulae.com/en/results-and-standings?season=3&round=12-montreal&session=qualifying
fe-2016-17-r12-montreal-starting-grid,fe-2016-17-r12-montreal,2016-17,2017,12,4,grid,Starting Grid,,,False,False,https://www.fiaformulae.com/en/results-and-standings?season=3&round=12-montreal&session=race
fe-2016-17-r12-montreal-race,fe-2016-17-r12-montreal,2016-17,2017,12,5,race,Race,2017-07-30T20:04:00Z,,True,False,https://www.fiaformulae.com/en/results-and-standings?season=3&round=12-montreal&session=race
fe-2016-17-r1-hong-kong-qualifying,fe-2016-17-r1-hong-kong,2016-17,2017,1,3,qualifying,Qualifying,2016-10-09T04:00:00Z,,False,False,https://www.fiaformulae.com/en/results-and-standings?season=3&round=1-hong-kong&session=qualifying
fe-2016-17-r10-new-york-qualifying,fe-2016-17-r10-new-york,2016-17,2017,10,2,qualifying,Qualifying,2017-07-16T13:50:00Z,,False,False,https://www.fiaformulae.com/en/results-and-standings?season=3&round=10-new-york&session=qualifying
fe-2017-18-r1-hong-kong-free-practice-2,fe-2017-18-r1-hong-kong,2017-18,2018,1,1,free-practice-2,FP2,2017-12-02T01:30:00Z,,False,False,https://www.fiaformulae.com/en/results-and-standings?season=4&round=1-hong-kong&session=free-practice-2
fe-2017-18-r1-hong-kong-free-practice-1,fe-2017-18-r1-hong-kong,2017-18,2018,1,2,free-practice-1,FP1,2017-12-01T23:00:00Z,,False,False,https://www.fiaformulae.com/en/results-and-standings?season=4&round=1-hong-kong&session=free-practice-1
fe-2017-18-r1-hong-kong-qualifying,fe-2017-18-r1-hong-kong,2017-18,2018,1,3,qualifying,Qualifying,2017-12-02T04:00:00Z,,False,False,https://www.fiaformulae.com/en/results-and-standings?season=4&round=1-hong-kong&session=qualifying
fe-2017-18-r1-hong-kong-starting-grid,fe-2017-18-r1-hong-kong,2017-18,2018,1,4,grid,Starting Grid,,,False,False,https://www.fiaformulae.com/en/results-and-standings?season=4&round=1-hong-kong&session=race
fe-2017-18-r1-hong-kong-race,fe-2017-18-r1-hong-kong,2017-18,2018,1,5,race,Race,2017-12-02T07:04:00Z,,True,False,https://www.fiaformulae.com/en/results-and-standings?season=4&round=1-hong-kong&session=race
fe-2017-18-r2-hong-kong-free-practice-3,fe-2017-18-r2-hong-kong,2017-18,2018,2,1,free-practice-3,FP3,2017-12-03T00:30:00Z,,False,False,https://www.fiaformulae.com/en/results-and-standings?season=4&round=2-hong-kong&session=free-practice-3
fe-2017-18-r2-hong-kong-qualifying,fe-2017-18-r2-hong-kong,2017-18,2018,2,2,qualifying,Qualifying,2017-12-03T04:00:00Z,,False,False,https://www.fiaformulae.com/en/results-and-standings?season=4&round=2-hong-kong&session=qualifying
fe-2017-18-r2-hong-kong-starting-grid,fe-2017-18-r2-hong-kong,2017-18,2018,2,3,grid,Starting Grid,,,False,False,https://www.fiaformulae.com/en/results-and-standings?season=4&round=2-hong-kong&session=race
fe-2017-18-r2-hong-kong-race,fe-2017-18-r2-hong-kong,2017-18,2018,2,4,race,Race,2017-12-03T07:04:00Z,,True,False,https://www.fiaformulae.com/en/results-and-standings?season=4&round=2-hong-kong&session=race
fe-2017-18-r3-marrakesh-free-practice-2,fe-2017-18-r3-marrakesh,2017-18,2018,3,1,free-practice-2,FP2,2018-01-13T10:30:00Z,,False,False,https://www.fiaformulae.com/en/results-and-standings?season=4&round=3-marrakesh&session=free-practice-2
fe-2017-18-r3-marrakesh-free-practice-1,fe-2017-18-r3-marrakesh,2017-18,2018,3,2,free-practice-1,FP1,2018-01-13T08:00:00Z,,False,False,https://www.fiaformulae.com/en/results-and-standings?season=4&round=3-marrakesh&session=free-practice-1
fe-2017-18-r3-marrakesh-qualifying,fe-2017-18-r3-marrakesh,2017-18,2018,3,3,qualifying,Qualifying,2018-01-13T13:00:00Z,,False,False,https://www.fiaformulae.com/en/results-and-standings?season=4&round=3-marrakesh&session=qualifying
fe-2017-18-r3-marrakesh-starting-grid,fe-2017-18-r3-marrakesh,2017-18,2018,3,4,grid,Starting Grid,,,False,False,https://www.fiaformulae.com/en/results-and-standings?season=4&round=3-marrakesh&session=race
fe-2017-18-r3-marrakesh-race,fe-2017-18-r3-marrakesh,2017-18,2018,3,5,race,Race,2018-01-13T16:04:00Z,,True,False,https://www.fiaformulae.com/en/results-and-standings?season=4&round=3-marrakesh&session=race
fe-2017-18-r4-santiago-free-practice-2,fe-2017-18-r4-santiago,2017-18,2018,4,1,free-practice-2,FP2,2018-02-03T13:30:00Z,,False,False,https://www.fiaformulae.com/en/results-and-standings?season=4&round=4-santiago&session=free-practice-2
fe-2017-18-r4-santiago-free-practice-1,fe-2017-18-r4-santiago,2017-18,2018,4,2,free-practice-1,FP1,2018-02-03T11:00:00Z,,False,False,https://www.fiaformulae.com/en/results-and-standings?season=4&round=4-santiago&session=free-practice-1
fe-2017-18-r4-santiago-qualifying,fe-2017-18-r4-santiago,2017-18,2018,4,3,qualifying,Qualifying,2018-02-03T16:00:00Z,,False,False,https://www.fiaformulae.com/en/results-and-standings?season=4&round=4-santiago&session=qualifying
fe-2017-18-r4-santiago-starting-grid,fe-2017-18-r4-santiago,2017-18,2018,4,4,grid,Starting Grid,,,False,False,https://www.fiaformulae.com/en/results-and-standings?season=4&round=4-santiago&session=race
fe-2017-18-r4-santiago-race,fe-2017-18-r4-santiago,2017-18,2018,4,5,race,Race,2018-02-03T19:04:00Z,,True,False,https://www.fiaformulae.com/en/results-and-standings?season=4&round=4-santiago&session=race
fe-2017-18-r5-mexico-city-free-practice-2,fe-2017-18-r5-mexico-city,2017-18,2018,5,1,free-practice-2,FP2,2018-03-03T16:30:00Z,,False,False,https://www.fiaformulae.com/en/results-and-standings?season=4&round=5-mexico-city&session=free-practice-2
fe-2017-18-r5-mexico-city-free-practice-1,fe-2017-18-r5-mexico-city,2017-18,2018,5,2,free-practice-1,FP1,2018-03-03T14:00:00Z,,False,False,https://www.fiaformulae.com/en/results-and-standings?season=4&round=5-mexico-city&session=free-practice-1
fe-2017-18-r5-mexico-city-qualifying,fe-2017-18-r5-mexico-city,2017-18,2018,5,3,qualifying,Qualifying,2018-03-03T19:00:00Z,,False,False,https://www.fiaformulae.com/en/results-and-standings?season=4&round=5-mexico-city&session=qualifying
fe-2017-18-r5-mexico-city-starting-grid,fe-2017-18-r5-mexico-city,2017-18,2018,5,4,grid,Starting Grid,,,False,False,https://www.fiaformulae.com/en/results-and-standings?season=4&round=5-mexico-city&session=race
fe-2017-18-r5-mexico-city-race,fe-2017-18-r5-mexico-city,2017-18,2018,5,5,race,Race,2018-03-03T22:04:00Z,,True,False,https://www.fiaformulae.com/en/results-and-standings?season=4&round=5-mexico-city&session=race
fe-2017-18-r6-punta-del-este-free-practice-2,fe-2017-18-r6-punta-del-este,2017-18,2018,6,1,free-practice-2,FP2,2018-03-17T13:30:00Z,,False,False,https://www.fiaformulae.com/en/results-and-standings?season=4&round=6-punta-del-este&session=free-practice-2
fe-2017-18-r6-punta-del-este-free-practice-1,fe-2017-18-r6-punta-del-este,2017-18,2018,6,2,free-practice-1,FP1,2018-03-17T11:00:00Z,,False,False,https://www.fiaformulae.com/en/results-and-standings?season=4&round=6-punta-del-este&session=free-practice-1
fe-2017-18-r6-punta-del-este-qualifying,fe-2017-18-r6-punta-del-este,2017-18,2018,6,3,qualifying,Qualifying,2018-03-17T16:00:00Z,,False,False,https://www.fiaformulae.com/en/results-and-standings?season=4&round=6-punta-del-este&session=qualifying
fe-2017-18-r6-punta-del-este-starting-grid,fe-2017-18-r6-punta-del-este,2017-18,2018,6,4,grid,Starting Grid,,,False,False,https://www.fiaformulae.com/en/results-and-standings?season=4&round=6-punta-del-este&session=race
fe-2017-18-r6-punta-del-este-race,fe-2017-18-r6-punta-del-este,2017-18,2018,6,5,race,Race,2018-03-17T19:04:00Z,,True,False,https://www.fiaformulae.com/en/results-and-standings?season=4&round=6-punta-del-este&session=race
fe-2017-18-r7-rome-free-practice-2,fe-2017-18-r7-rome,2017-18,2018,7,1,free-practice-2,FP2,2018-04-14T08:30:00Z,,False,False,https://www.fiaformulae.com/en/results-and-standings?season=4&round=7-rome&session=free-practice-2
fe-2017-18-r7-rome-free-practice-1,fe-2017-18-r7-rome,2017-18,2018,7,2,free-practice-1,FP1,2018-04-14T06:00:00Z,,False,False,https://www.fiaformulae.com/en/results-and-standings?season=4&round=7-rome&session=free-practice-1
fe-2017-18-r7-rome-qualifying,fe-2017-18-r7-rome,2017-18,2018,7,3,qualifying,Qualifying,2018-04-14T11:00:00Z,,False,False,https://www.fiaformulae.com/en/results-and-standings?season=4&round=7-rome&session=qualifying
fe-2017-18-r7-rome-starting-grid,fe-2017-18-r7-rome,2017-18,2018,7,4,grid,Starting Grid,,,False,False,https://www.fiaformulae.com/en/results-and-standings?season=4&round=7-rome&session=race
fe-2017-18-r7-rome-race,fe-2017-18-r7-rome,2017-18,2018,7,5,race,Race,2018-04-14T14:04:00Z,,True,False,https://www.fiaformulae.com/en/results-and-standings?season=4&round=7-rome&session=race
fe-2017-18-r8-paris-free-practice-2,fe-2017-18-r8-paris,2017-18,2018,8,1,free-practice-2,FP2,2018-04-28T08:30:00Z,,False,False,https://www.fiaformulae.com/en/results-and-standings?season=4&round=8-paris&session=free-practice-2
fe-2017-18-r8-paris-free-practice-1,fe-2017-18-r8-paris,2017-18,2018,8,2,free-practice-1,FP1,2018-04-28T06:00:00Z,,False,False,https://www.fiaformulae.com/en/results-and-standings?season=4&round=8-paris&session=free-practice-1
fe-2017-18-r8-paris-qualifying,fe-2017-18-r8-paris,2017-18,2018,8,3,qualifying,Qualifying,2018-04-28T11:00:00Z,,False,False,https://www.fiaformulae.com/en/results-and-standings?season=4&round=8-paris&session=qualifying
fe-2017-18-r8-paris-starting-grid,fe-2017-18-r8-paris,2017-18,2018,8,4,grid,Starting Grid,,,False,False,https://www.fiaformulae.com/en/results-and-standings?season=4&round=8-paris&session=race
fe-2017-18-r8-paris-race,fe-2017-18-r8-paris,2017-18,2018,8,5,race,Race,2018-04-28T14:04:00Z,,True,False,https://www.fiaformulae.com/en/results-and-standings?season=4&round=8-paris&session=race
fe-2017-18-r9-berlin-free-practice-2,fe-2017-18-r9-berlin,2017-18,2018,9,1,free-practice-2,FP2,2018-05-19T09:30:00Z,,False,False,https://www.fiaformulae.com/en/results-and-standings?season=4&round=9-berlin&session=free-practice-2
fe-2017-18-r9-berlin-free-practice-1,fe-2017-18-r9-berlin,2017-18,2018,9,2,free-practice-1,FP1,2018-05-19T07:00:00Z,,False,False,https://www.fiaformulae.com/en/results-and-standings?season=4&round=9-berlin&session=free-practice-1
fe-2017-18-r9-berlin-qualifying,fe-2017-18-r9-berlin,2017-18,2018,9,3,qualifying,Qualifying,2018-05-19T13:00:00Z,,False,False,https://www.fiaformulae.com/en/results-and-standings?season=4&round=9-berlin&session=qualifying
fe-2017-18-r9-berlin-starting-grid,fe-2017-18-r9-berlin,2017-18,2018,9,4,grid,Starting Grid,,,False,False,https://www.fiaformulae.com/en/results-and-standings?season=4&round=9-berlin&session=race
fe-2017-18-r9-berlin-race,fe-2017-18-r9-berlin,2017-18,2018,9,5,race,Race,2018-05-19T16:04:00Z,,True,False,https://www.fiaformulae.com/en/results-and-standings?season=4&round=9-berlin&session=race
fe-2017-18-r10-zurich-free-practice-2,fe-2017-18-r10-zurich,2017-18,2018,10,1,free-practice-2,FP2,2018-06-10T09:30:00Z,,False,False,https://www.fiaformulae.com/en/results-and-standings?season=4&round=10-zurich&session=free-practice-2
fe-2017-18-r10-zurich-free-practice-1,fe-2017-18-r10-zurich,2017-18,2018,10,2,free-practice-1,FP1,2018-06-10T07:00:00Z,,False,False,https://www.fiaformulae.com/en/results-and-standings?season=4&round=10-zurich&session=free-practice-1
fe-2017-18-r10-zurich-qualifying,fe-2017-18-r10-zurich,2017-18,2018,10,3,qualifying,Qualifying,2018-06-10T13:00:00Z,,False,False,https://www.fiaformulae.com/en/results-and-standings?season=4&round=10-zurich&session=qualifying
fe-2017-18-r10-zurich-starting-grid,fe-2017-18-r10-zurich,2017-18,2018,10,4,grid,Starting Grid,,,False,False,https://www.fiaformulae.com/en/results-and-standings?season=4&round=10-zurich&session=race
fe-2017-18-r10-zurich-race,fe-2017-18-r10-zurich,2017-18,2018,10,5,race,Race,2018-06-10T16:04:00Z,,True,False,https://www.fiaformulae.com/en/results-and-standings?season=4&round=10-zurich&session=race
fe-2017-18-r11-new-york-free-practice-2,fe-2017-18-r11-new-york,2017-18,2018,11,1,free-practice-2,FP2,2018-07-14T14:00:00Z,,False,False,https://www.fiaformulae.com/en/results-and-standings?season=4&round=11-new-york&session=free-practice-2
fe-2017-18-r11-new-york-free-practice-1,fe-2017-18-r11-new-york,2017-18,2018,11,2,free-practice-1,FP1,2018-07-14T11:30:00Z,,False,False,https://www.fiaformulae.com/en/results-and-standings?season=4&round=11-new-york&session=free-practice-1
fe-2017-18-r11-new-york-qualifying,fe-2017-18-r11-new-york,2017-18,2018,11,3,qualifying,Qualifying,2018-07-14T16:30:00Z,,False,False,https://www.fiaformulae.com/en/results-and-standings?season=4&round=11-new-york&session=qualifying
fe-2017-18-r11-new-york-starting-grid,fe-2017-18-r11-new-york,2017-18,2018,11,4,grid,Starting Grid,,,False,False,https://www.fiaformulae.com/en/results-and-standings?season=4&round=11-new-york&session=race
fe-2017-18-r11-new-york-race,fe-2017-18-r11-new-york,2017-18,2018,11,5,race,Race,2018-07-14T19:34:00Z,,True,False,https://www.fiaformulae.com/en/results-and-standings?season=4&round=11-new-york&session=race
fe-2017-18-r12-new-york-free-practice-3,fe-2017-18-r12-new-york,2017-18,2018,12,1,free-practice-3,FP3,2018-07-15T12:30:00Z,,False,False,https://www.fiaformulae.com/en/results-and-standings?season=4&round=12-new-york&session=free-practice-3
fe-2017-18-r12-new-york-qualifying,fe-2017-18-r12-new-york,2017-18,2018,12,2,qualifying,Qualifying,2018-07-15T16:00:00Z,,False,False,https://www.fiaformulae.com/en/results-and-standings?season=4&round=12-new-york&session=qualifying
fe-2017-18-r12-new-york-starting-grid,fe-2017-18-r12-new-york,2017-18,2018,12,3,grid,Starting Grid,,,False,False,https://www.fiaformulae.com/en/results-and-standings?season=4&round=12-new-york&session=race
fe-2017-18-r12-new-york-race,fe-2017-18-r12-new-york,2017-18,2018,12,4,race,Race,2018-07-15T19:04:00Z,,True,False,https://www.fiaformulae.com/en/results-and-standings?season=4&round=12-new-york&session=race
fe-2018-19-r1-diriyah-free-practice,fe-2018-19-r1-diriyah,2018-19,2019,1,1,free-practice,FP,2018-12-15T07:15:00Z,,False,False,https://www.fiaformulae.com/en/results-and-standings?season=5&round=1-diriyah&session=free-practice
fe-2018-19-r1-diriyah-qualifying,fe-2018-19-r1-diriyah,2018-19,2019,1,2,qualifying,Qualifying,2018-12-15T09:05:00Z,,False,False,https://www.fiaformulae.com/en/results-and-standings?season=5&round=1-diriyah&session=qualifying
fe-2018-19-r1-diriyah-starting-grid,fe-2018-19-r1-diriyah,2018-19,2019,1,3,grid,Starting Grid,,,False,False,https://www.fiaformulae.com/en/results-and-standings?season=5&round=1-diriyah&session=race
fe-2018-19-r1-diriyah-race,fe-2018-19-r1-diriyah,2018-19,2019,1,4,race,Race,2018-12-15T12:05:00Z,,True,False,https://www.fiaformulae.com/en/results-and-standings?season=5&round=1-diriyah&session=race
fe-2018-19-r2-marrakesh-free-practice-2,fe-2018-19-r2-marrakesh,2018-19,2019,2,1,free-practice-2,FP2,2019-01-12T09:15:00Z,,False,False,https://www.fiaformulae.com/en/results-and-standings?season=5&round=2-marrakesh&session=free-practice-2
fe-2018-19-r2-marrakesh-free-practice-1,fe-2018-19-r2-marrakesh,2018-19,2019,2,2,free-practice-1,FP1,2019-01-12T07:15:00Z,,False,False,https://www.fiaformulae.com/en/results-and-standings?season=5&round=2-marrakesh&session=free-practice-1
fe-2018-19-r2-marrakesh-qualifying,fe-2018-19-r2-marrakesh,2018-19,2019,2,3,qualifying,Qualifying,2019-01-12T12:06:00Z,,False,False,https://www.fiaformulae.com/en/results-and-standings?season=5&round=2-marrakesh&session=qualifying
fe-2018-19-r2-marrakesh-starting-grid,fe-2018-19-r2-marrakesh,2018-19,2019,2,4,grid,Starting Grid,,,False,False,https://www.fiaformulae.com/en/results-and-standings?season=5&round=2-marrakesh&session=race
fe-2018-19-r2-marrakesh-race,fe-2018-19-r2-marrakesh,2018-19,2019,2,5,race,Race,2019-01-12T15:04:00Z,,True,False,https://www.fiaformulae.com/en/results-and-standings?season=5&round=2-marrakesh&session=race
fe-2018-19-r3-santiago-free-practice-2,fe-2018-19-r3-santiago,2018-19,2019,3,1,free-practice-2,FP2,2019-01-26T13:15:00Z,,False,False,https://www.fiaformulae.com/en/results-and-standings?season=5&round=3-santiago&session=free-practice-2
fe-2018-19-r3-santiago-free-practice-1,fe-2018-19-r3-santiago,2018-19,2019,3,2,free-practice-1,FP1,2019-01-26T11:00:00Z,,False,False,https://www.fiaformulae.com/en/results-and-standings?season=5&round=3-santiago&session=free-practice-1
fe-2018-19-r3-santiago-qualifying,fe-2018-19-r3-santiago,2018-19,2019,3,3,qualifying,Qualifying,2019-01-26T16:06:00Z,,False,False,https://www.fiaformulae.com/en/results-and-standings?season=5&round=3-santiago&session=qualifying
fe-2018-19-r3-santiago-starting-grid,fe-2018-19-r3-santiago,2018-19,2019,3,4,grid,Starting Grid,,,False,False,https://www.fiaformulae.com/en/results-and-standings?season=5&round=3-santiago&session=race
fe-2018-19-r3-santiago-race,fe-2018-19-r3-santiago,2018-19,2019,3,5,race,Race,2019-01-26T19:04:00Z,,True,False,https://www.fiaformulae.com/en/results-and-standings?season=5&round=3-santiago&session=race
fe-2018-19-r4-mexico-city-free-practice-2,fe-2018-19-r4-mexico-city,2018-19,2019,4,1,free-practice-2,FP2,2019-02-16T16:00:00Z,,False,False,https://www.fiaformulae.com/en/results-and-standings?season=5&round=4-mexico-city&session=free-practice-2
fe-2018-19-r4-mexico-city-free-practice-1,fe-2018-19-r4-mexico-city,2018-19,2019,4,2,free-practice-1,FP1,2019-02-16T13:30:00Z,,False,False,https://www.fiaformulae.com/en/results-and-standings?season=5&round=4-mexico-city&session=free-practice-1
fe-2018-19-r4-mexico-city-qualifying,fe-2018-19-r4-mexico-city,2018-19,2019,4,3,qualifying,Qualifying,2019-02-16T18:52:00Z,,False,False,https://www.fiaformulae.com/en/results-and-standings?season=5&round=4-mexico-city&session=qualifying
fe-2018-19-r4-mexico-city-starting-grid,fe-2018-19-r4-mexico-city,2018-19,2019,4,4,grid,Starting Grid,,,False,False,https://www.fiaformulae.com/en/results-and-standings?season=5&round=4-mexico-city&session=race
fe-2018-19-r4-mexico-city-race,fe-2018-19-r4-mexico-city,2018-19,2019,4,5,race,Race,2019-02-16T22:04:00Z,,True,False,https://www.fiaformulae.com/en/results-and-standings?season=5&round=4-mexico-city&session=race
fe-2018-19-r5-hong-kong-free-practice-2,fe-2018-19-r5-hong-kong,2018-19,2019,5,1,free-practice-2,FP2,2019-03-10T02:00:00Z,,False,False,https://www.fiaformulae.com/en/results-and-standings?season=5&round=5-hong-kong&session=free-practice-2
fe-2018-19-r5-hong-kong-free-practice-1,fe-2018-19-r5-hong-kong,2018-19,2019,5,2,free-practice-1,FP1,2019-03-09T23:30:00Z,,False,False,https://www.fiaformulae.com/en/results-and-standings?season=5&round=5-hong-kong&session=free-practice-1
fe-2018-19-r5-hong-kong-qualifying,fe-2018-19-r5-hong-kong,2018-19,2019,5,3,qualifying,Qualifying,2019-03-10T04:52:00Z,,False,False,https://www.fiaformulae.com/en/results-and-standings?season=5&round=5-hong-kong&session=qualifying
fe-2018-19-r5-hong-kong-starting-grid,fe-2018-19-r5-hong-kong,2018-19,2019,5,4,grid,Starting Grid,,,False,False,https://www.fiaformulae.com/en/results-and-standings?season=5&round=5-hong-kong&session=race
fe-2018-19-r5-hong-kong-race,fe-2018-19-r5-hong-kong,2018-19,2019,5,5,race,Race,2019-03-10T08:04:00Z,,True,False,https://www.fiaformulae.com/en/results-and-standings?season=5&round=5-hong-kong&session=race
fe-2018-19-r6-sanya-free-practice-2,fe-2018-19-r6-sanya,2018-19,2019,6,1,free-practice-2,FP2,2019-03-23T01:35:00Z,,False,False,https://www.fiaformulae.com/en/results-and-standings?season=5&round=6-sanya&session=free-practice-2
fe-2018-19-r6-sanya-free-practice-1,fe-2018-19-r6-sanya,2018-19,2019,6,2,free-practice-1,FP1,2019-03-22T23:30:00Z,,False,False,https://www.fiaformulae.com/en/results-and-standings?season=5&round=6-sanya&session=free-practice-1
fe-2018-19-r6-sanya-qualifying,fe-2018-19-r6-sanya,2018-19,2019,6,3,qualifying,Qualifying,2019-03-23T04:27:00Z,,False,False,https://www.fiaformulae.com/en/results-and-standings?season=5&round=6-sanya&session=qualifying
fe-2018-19-r6-sanya-starting-grid,fe-2018-19-r6-sanya,2018-19,2019,6,4,grid,Starting Grid,,,False,False,https://www.fiaformulae.com/en/results-and-standings?season=5&round=6-sanya&session=race
fe-2018-19-r6-sanya-race,fe-2018-19-r6-sanya,2018-19,2019,6,5,race,Race,2019-03-23T07:04:00Z,,True,False,https://www.fiaformulae.com/en/results-and-standings?season=5&round=6-sanya&session=race
fe-2018-19-r7-rome-free-practice-2,fe-2018-19-r7-rome,2018-19,2019,7,1,free-practice-2,FP2,2019-04-13T08:00:00Z,,False,False,https://www.fiaformulae.com/en/results-and-standings?season=5&round=7-rome&session=free-practice-2
fe-2018-19-r7-rome-free-practice-1,fe-2018-19-r7-rome,2018-19,2019,7,2,free-practice-1,FP1,2019-04-13T05:30:00Z,,False,False,https://www.fiaformulae.com/en/results-and-standings?season=5&round=7-rome&session=free-practice-1
fe-2018-19-r7-rome-qualifying,fe-2018-19-r7-rome,2018-19,2019,7,3,qualifying,Qualifying,2019-04-13T12:27:00Z,,False,False,https://www.fiaformulae.com/en/results-and-standings?season=5&round=7-rome&session=qualifying
fe-2018-19-r7-rome-starting-grid,fe-2018-19-r7-rome,2018-19,2019,7,4,grid,Starting Grid,,,False,False,https://www.fiaformulae.com/en/results-and-standings?season=5&round=7-rome&session=race
fe-2018-19-r7-rome-race,fe-2018-19-r7-rome,2018-19,2019,7,5,race,Race,2019-04-13T14:04:00Z,,True,False,https://www.fiaformulae.com/en/results-and-standings?season=5&round=7-rome&session=race
fe-2018-19-r8-paris-free-practice-2,fe-2018-19-r8-paris,2018-19,2019,8,1,free-practice-2,FP2,2019-04-27T08:00:00Z,,False,False,https://www.fiaformulae.com/en/results-and-standings?season=5&round=8-paris&session=free-practice-2
fe-2018-19-r8-paris-free-practice-1,fe-2018-19-r8-paris,2018-19,2019,8,2,free-practice-1,FP1,2019-04-27T05:30:00Z,,False,False,https://www.fiaformulae.com/en/results-and-standings?season=5&round=8-paris&session=free-practice-1
fe-2018-19-r8-paris-qualifying,fe-2018-19-r8-paris,2018-19,2019,8,3,qualifying,Qualifying,2019-04-27T11:00:00Z,,False,False,https://www.fiaformulae.com/en/results-and-standings?season=5&round=8-paris&session=qualifying
fe-2018-19-r8-paris-starting-grid,fe-2018-19-r8-paris,2018-19,2019,8,4,grid,Starting Grid,,,False,False,https://www.fiaformulae.com/en/results-and-standings?season=5&round=8-paris&session=race
fe-2018-19-r8-paris-race,fe-2018-19-r8-paris,2018-19,2019,8,5,race,Race,2019-04-27T14:04:00Z,,True,False,https://www.fiaformulae.com/en/results-and-standings?season=5&round=8-paris&session=race
fe-2018-19-r9-monaco-free-practice-2,fe-2018-19-r9-monaco,2018-19,2019,9,1,free-practice-2,FP2,2019-05-11T08:00:00Z,,False,False,https://www.fiaformulae.com/en/results-and-standings?season=5&round=9-monaco&session=free-practice-2
fe-2018-19-r9-monaco-free-practice-1,fe-2018-19-r9-monaco,2018-19,2019,9,2,free-practice-1,FP1,2019-05-11T05:30:00Z,,False,False,https://www.fiaformulae.com/en/results-and-standings?season=5&round=9-monaco&session=free-practice-1
fe-2018-19-r9-monaco-qualifying,fe-2018-19-r9-monaco,2018-19,2019,9,3,qualifying,Qualifying,2019-05-11T11:00:00Z,,False,False,https://www.fiaformulae.com/en/results-and-standings?season=5&round=9-monaco&session=qualifying
fe-2018-19-r9-monaco-starting-grid,fe-2018-19-r9-monaco,2018-19,2019,9,4,grid,Starting Grid,,,False,False,https://www.fiaformulae.com/en/results-and-standings?season=5&round=9-monaco&session=race
fe-2018-19-r9-monaco-race,fe-2018-19-r9-monaco,2018-19,2019,9,5,race,Race,2019-05-11T14:34:00Z,,True,False,https://www.fiaformulae.com/en/results-and-standings?season=5&round=9-monaco&session=race
fe-2018-19-r10-berlin-free-practice-2,fe-2018-19-r10-berlin,2018-19,2019,10,1,free-practice-2,FP2,2019-05-24T16:00:00Z,,False,False,https://www.fiaformulae.com/en/results-and-standings?season=5&round=10-berlin&session=free-practice-2
fe-2018-19-r10-berlin-free-practice-1,fe-2018-19-r10-berlin,2018-19,2019,10,2,free-practice-1,FP1,2019-05-24T13:30:00Z,,False,False,https://www.fiaformulae.com/en/results-and-standings?season=5&round=10-berlin&session=free-practice-1
fe-2018-19-r10-berlin-qualifying,fe-2018-19-r10-berlin,2018-19,2019,10,3,qualifying,Qualifying,2019-05-25T08:00:00Z,,False,False,https://www.fiaformulae.com/en/results-and-standings?season=5&round=10-berlin&session=qualifying
fe-2018-19-r10-berlin-starting-grid,fe-2018-19-r10-berlin,2018-19,2019,10,4,grid,Starting Grid,,,False,False,https://www.fiaformulae.com/en/results-and-standings?season=5&round=10-berlin&session=race
fe-2018-19-r10-berlin-race,fe-2018-19-r10-berlin,2018-19,2019,10,5,race,Race,2019-05-25T11:04:00Z,,True,False,https://www.fiaformulae.com/en/results-and-standings?season=5&round=10-berlin&session=race
fe-2018-19-r11-bern-free-practice-2,fe-2018-19-r11-bern,2018-19,2019,11,1,free-practice-2,FP2,2019-06-22T09:20:00Z,,False,False,https://www.fiaformulae.com/en/results-and-standings?season=5&round=11-bern&session=free-practice-2
fe-2018-19-r11-bern-free-practice-1,fe-2018-19-r11-bern,2018-19,2019,11,2,free-practice-1,FP1,2019-06-22T06:55:00Z,,False,False,https://www.fiaformulae.com/en/results-and-standings?season=5&round=11-bern&session=free-practice-1
fe-2018-19-r11-bern-qualifying,fe-2018-19-r11-bern,2018-19,2019,11,3,qualifying,Qualifying,2019-06-22T12:45:00Z,,False,False,https://www.fiaformulae.com/en/results-and-standings?season=5&round=11-bern&session=qualifying
fe-2018-19-r11-bern-starting-grid,fe-2018-19-r11-bern,2018-19,2019,11,4,grid,Starting Grid,,,False,False,https://www.fiaformulae.com/en/results-and-standings?season=5&round=11-bern&session=race
fe-2018-19-r11-bern-race,fe-2018-19-r11-bern,2018-19,2019,11,5,race,Race,2019-06-22T16:04:00Z,,True,False,https://www.fiaformulae.com/en/results-and-standings?season=5&round=11-bern&session=race
fe-2018-19-r12-new-york-free-practice-2,fe-2018-19-r12-new-york,2018-19,2019,12,1,free-practice-2,FP2,2019-07-13T14:00:00Z,,False,False,https://www.fiaformulae.com/en/results-and-standings?season=5&round=12-new-york&session=free-practice-2
fe-2018-19-r12-new-york-free-practice-1,fe-2018-19-r12-new-york,2018-19,2019,12,2,free-practice-1,FP1,2019-07-13T11:30:00Z,,False,False,https://www.fiaformulae.com/en/results-and-standings?season=5&round=12-new-york&session=free-practice-1
fe-2018-19-r12-new-york-qualifying,fe-2018-19-r12-new-york,2018-19,2019,12,3,qualifying,Qualifying,2019-07-13T16:45:00Z,,False,False,https://www.fiaformulae.com/en/results-and-standings?season=5&round=12-new-york&session=qualifying
fe-2018-19-r12-new-york-starting-grid,fe-2018-19-r12-new-york,2018-19,2019,12,4,grid,Starting Grid,,,False,False,https://www.fiaformulae.com/en/results-and-standings?season=5&round=12-new-york&session=race
fe-2018-19-r12-new-york-race,fe-2018-19-r12-new-york,2018-19,2019,12,5,race,Race,2019-07-13T20:04:00Z,,True,False,https://www.fiaformulae.com/en/results-and-standings?season=5&round=12-new-york&session=race
fe-2018-19-r13-new-york-free-practice-3,fe-2018-19-r13-new-york,2018-19,2019,13,1,free-practice-3,FP3,2019-07-14T13:00:00Z,,False,False,https://www.fiaformulae.com/en/results-and-standings?season=5&round=13-new-york&session=free-practice-3
fe-2018-19-r13-new-york-qualifying,fe-2018-19-r13-new-york,2018-19,2019,13,2,qualifying,Qualifying,2019-07-14T17:00:00Z,,False,False,https://www.fiaformulae.com/en/results-and-standings?season=5&round=13-new-york&session=qualifying
fe-2018-19-r13-new-york-starting-grid,fe-2018-19-r13-new-york,2018-19,2019,13,3,grid,Starting Grid,,,False,False,https://www.fiaformulae.com/en/results-and-standings?season=5&round=13-new-york&session=race
fe-2018-19-r13-new-york-race,fe-2018-19-r13-new-york,2018-19,2019,13,4,race,Race,2019-07-14T20:03:00Z,,True,False,https://www.fiaformulae.com/en/results-and-standings?season=5&round=13-new-york&session=race
fe-2019-20-r1-diriyah-free-practice-2,fe-2019-20-r1-diriyah,2019-20,2020,1,1,free-practice-2,FP2,2019-11-22T06:00:00Z,,False,False,https://www.fiaformulae.com/en/results-and-standings?season=6&round=1-diriyah&session=free-practice-2
fe-2019-20-r1-diriyah-free-practice-1,fe-2019-20-r1-diriyah,2019-20,2020,1,2,free-practice-1,FP1,2019-11-22T04:00:00Z,,False,False,https://www.fiaformulae.com/en/results-and-standings?season=6&round=1-diriyah&session=free-practice-1
fe-2019-20-r1-diriyah-qualifying,fe-2019-20-r1-diriyah,2019-20,2020,1,3,qualifying,Qualifying,2019-11-22T08:00:00Z,,False,False,https://www.fiaformulae.com/en/results-and-standings?season=6&round=1-diriyah&session=qualifying
fe-2019-20-r1-diriyah-starting-grid,fe-2019-20-r1-diriyah,2019-20,2020,1,4,grid,Starting Grid,,,False,False,https://www.fiaformulae.com/en/results-and-standings?season=6&round=1-diriyah&session=race
fe-2019-20-r1-diriyah-race,fe-2019-20-r1-diriyah,2019-20,2020,1,5,race,Race,2019-11-22T12:04:00Z,,True,False,https://www.fiaformulae.com/en/results-and-standings?season=6&round=1-diriyah&session=race
fe-2019-20-r2-diriyah-free-practice-3,fe-2019-20-r2-diriyah,2019-20,2020,2,1,free-practice-3,FP3,2019-11-23T05:45:00Z,,False,False,https://www.fiaformulae.com/en/results-and-standings?season=6&round=2-diriyah&session=free-practice-3
fe-2019-20-r2-diriyah-qualifying,fe-2019-20-r2-diriyah,2019-20,2020,2,2,qualifying,Qualifying,2019-11-23T08:00:00Z,,False,False,https://www.fiaformulae.com/en/results-and-standings?season=6&round=2-diriyah&session=qualifying
fe-2019-20-r2-diriyah-starting-grid,fe-2019-20-r2-diriyah,2019-20,2020,2,3,grid,Starting Grid,,,False,False,https://www.fiaformulae.com/en/results-and-standings?season=6&round=2-diriyah&session=race
fe-2019-20-r2-diriyah-race,fe-2019-20-r2-diriyah,2019-20,2020,2,4,race,Race,2019-11-23T12:04:00Z,,True,False,https://www.fiaformulae.com/en/results-and-standings?season=6&round=2-diriyah&session=race
fe-2019-20-r3-santiago-free-practice-2,fe-2019-20-r3-santiago,2019-20,2020,3,1,free-practice-2,FP2,2020-01-18T13:15:00Z,,False,False,https://www.fiaformulae.com/en/results-and-standings?season=6&round=3-santiago&session=free-practice-2
fe-2019-20-r3-santiago-free-practice-1,fe-2019-20-r3-santiago,2019-20,2020,3,2,free-practice-1,FP1,2020-01-18T11:00:00Z,,False,False,https://www.fiaformulae.com/en/results-and-standings?season=6&round=3-santiago&session=free-practice-1
fe-2019-20-r3-santiago-starting-grid,fe-2019-20-r3-santiago,2019-20,2020,3,4,grid,Starting Grid,,,False,False,https://www.fiaformulae.com/en/results-and-standings?season=6&round=3-santiago&session=race
fe-2019-20-r3-santiago-race,fe-2019-20-r3-santiago,2019-20,2020,3,5,race,Race,2020-01-18T19:04:00Z,,True,False,https://www.fiaformulae.com/en/results-and-standings?season=6&round=3-santiago&session=race
fe-2019-20-r4-mexico-city-free-practice-2,fe-2019-20-r4-mexico-city,2019-20,2020,4,1,free-practice-2,FP2,2020-02-15T16:00:00Z,,False,False,https://www.fiaformulae.com/en/results-and-standings?season=6&round=4-mexico-city&session=free-practice-2
fe-2019-20-r4-mexico-city-free-practice-1,fe-2019-20-r4-mexico-city,2019-20,2020,4,2,free-practice-1,FP1,2020-02-15T13:30:00Z,,False,False,https://www.fiaformulae.com/en/results-and-standings?season=6&round=4-mexico-city&session=free-practice-1
fe-2019-20-r4-mexico-city-qualifying,fe-2019-20-r4-mexico-city,2019-20,2020,4,3,qualifying,Qualifying,2020-02-15T17:45:00Z,,False,False,https://www.fiaformulae.com/en/results-and-standings?season=6&round=4-mexico-city&session=qualifying
fe-2019-20-r4-mexico-city-starting-grid,fe-2019-20-r4-mexico-city,2019-20,2020,4,4,grid,Starting Grid,,,False,False,https://www.fiaformulae.com/en/results-and-standings?season=6&round=4-mexico-city&session=race
fe-2019-20-r4-mexico-city-race,fe-2019-20-r4-mexico-city,2019-20,2020,4,5,race,Race,2020-02-15T22:04:00Z,,True,False,https://www.fiaformulae.com/en/results-and-standings?season=6&round=4-mexico-city&session=race
fe-2019-20-r5-marrakesh-free-practice-2,fe-2019-20-r5-marrakesh,2019-20,2020,5,1,free-practice-2,FP2,2020-02-29T08:00:00Z,,False,False,https://www.fiaformulae.com/en/results-and-standings?season=6&round=5-marrakesh&session=free-practice-2
fe-2019-20-r5-marrakesh-free-practice-1,fe-2019-20-r5-marrakesh,2019-20,2020,5,2,free-practice-1,FP1,2020-02-28T15:45:00Z,,False,False,https://www.fiaformulae.com/en/results-and-standings?season=6&round=5-marrakesh&session=free-practice-1
fe-2019-20-r5-marrakesh-qualifying,fe-2019-20-r5-marrakesh,2019-20,2020,5,3,qualifying,Qualifying,2020-02-29T10:00:00Z,,False,False,https://www.fiaformulae.com/en/results-and-standings?season=6&round=5-marrakesh&session=qualifying
fe-2019-20-r5-marrakesh-starting-grid,fe-2019-20-r5-marrakesh,2019-20,2020,5,4,grid,Starting Grid,,,False,False,https://www.fiaformulae.com/en/results-and-standings?season=6&round=5-marrakesh&session=race
fe-2019-20-r5-marrakesh-race,fe-2019-20-r5-marrakesh,2019-20,2020,5,5,race,Race,2020-02-29T14:04:00Z,,True,False,https://www.fiaformulae.com/en/results-and-standings?season=6&round=5-marrakesh&session=race
fe-2019-20-r6-berlin-free-practice-2,fe-2019-20-r6-berlin,2019-20,2020,6,1,free-practice-2,FP2,2020-08-05T09:30:00Z,,False,False,https://www.fiaformulae.com/en/results-and-standings?season=6&round=6-berlin&session=free-practice-2
fe-2019-20-r6-berlin-free-practice-1,fe-2019-20-r6-berlin,2019-20,2020,6,2,free-practice-1,FP1,2020-08-05T07:00:00Z,,False,False,https://www.fiaformulae.com/en/results-and-standings?season=6&round=6-berlin&session=free-practice-1
fe-2019-20-r6-berlin-qualifying,fe-2019-20-r6-berlin,2019-20,2020,6,3,qualifying,Qualifying,2020-08-05T12:15:00Z,,False,False,https://www.fiaformulae.com/en/results-and-standings?season=6&round=6-berlin&session=qualifying
fe-2019-20-r6-berlin-starting-grid,fe-2019-20-r6-berlin,2019-20,2020,6,4,grid,Starting Grid,,,False,False,https://www.fiaformulae.com/en/results-and-standings?season=6&round=6-berlin&session=race
fe-2019-20-r6-berlin-race,fe-2019-20-r6-berlin,2019-20,2020,6,5,race,Race,2020-08-05T17:04:00Z,,True,False,https://www.fiaformulae.com/en/results-and-standings?season=6&round=6-berlin&session=race
fe-2019-20-r7-berlin-free-practice-3,fe-2019-20-r7-berlin,2019-20,2020,7,1,free-practice-3,FP3,2020-08-06T09:30:00Z,,False,False,https://www.fiaformulae.com/en/results-and-standings?season=6&round=7-berlin&session=free-practice-3
fe-2019-20-r7-berlin-qualifying,fe-2019-20-r7-berlin,2019-20,2020,7,2,qualifying,Qualifying,2020-08-06T12:15:00Z,,False,False,https://www.fiaformulae.com/en/results-and-standings?season=6&round=7-berlin&session=qualifying
fe-2019-20-r7-berlin-starting-grid,fe-2019-20-r7-berlin,2019-20,2020,7,3,grid,Starting Grid,,,False,False,https://www.fiaformulae.com/en/results-and-standings?season=6&round=7-berlin&session=race
fe-2019-20-r7-berlin-race,fe-2019-20-r7-berlin,2019-20,2020,7,4,race,Race,2020-08-06T17:04:00Z,,True,False,https://www.fiaformulae.com/en/results-and-standings?season=6&round=7-berlin&session=race
fe-2019-20-r8-berlin-free-practice-2,fe-2019-20-r8-berlin,2019-20,2020,8,1,free-practice-2,FP2,2020-08-08T09:45:00Z,,False,False,https://www.fiaformulae.com/en/results-and-standings?season=6&round=8-berlin&session=free-practice-2
fe-2019-20-r8-berlin-free-practice-1,fe-2019-20-r8-berlin,2019-20,2020,8,2,free-practice-1,FP1,2020-08-08T07:00:00Z,,False,False,https://www.fiaformulae.com/en/results-and-standings?season=6&round=8-berlin&session=free-practice-1
fe-2019-20-r8-berlin-qualifying,fe-2019-20-r8-berlin,2019-20,2020,8,3,qualifying,Qualifying,2020-08-08T12:15:00Z,,False,False,https://www.fiaformulae.com/en/results-and-standings?season=6&round=8-berlin&session=qualifying
fe-2019-20-r8-berlin-starting-grid,fe-2019-20-r8-berlin,2019-20,2020,8,4,grid,Starting Grid,,,False,False,https://www.fiaformulae.com/en/results-and-standings?season=6&round=8-berlin&session=race
fe-2019-20-r8-berlin-race,fe-2019-20-r8-berlin,2019-20,2020,8,5,race,Race,2020-08-08T17:04:00Z,,True,False,https://www.fiaformulae.com/en/results-and-standings?season=6&round=8-berlin&session=race
fe-2019-20-r9-berlin-free-practice-3,fe-2019-20-r9-berlin,2019-20,2020,9,1,free-practice-3,FP3,2020-08-09T07:45:00Z,,False,False,https://www.fiaformulae.com/en/results-and-standings?season=6&round=9-berlin&session=free-practice-3
fe-2019-20-r9-berlin-qualifying,fe-2019-20-r9-berlin,2019-20,2020,9,2,qualifying,Qualifying,2020-08-09T12:15:00Z,,False,False,https://www.fiaformulae.com/en/results-and-standings?season=6&round=9-berlin&session=qualifying
fe-2019-20-r9-berlin-starting-grid,fe-2019-20-r9-berlin,2019-20,2020,9,3,grid,Starting Grid,,,False,False,https://www.fiaformulae.com/en/results-and-standings?season=6&round=9-berlin&session=race
fe-2019-20-r9-berlin-race,fe-2019-20-r9-berlin,2019-20,2020,9,4,race,Race,2020-08-09T17:04:00Z,,True,False,https://www.fiaformulae.com/en/results-and-standings?season=6&round=9-berlin&session=race
fe-2019-20-r10-berlin-free-practice-2,fe-2019-20-r10-berlin,2019-20,2020,10,1,free-practice-2,FP2,2020-08-12T09:30:00Z,,False,False,https://www.fiaformulae.com/en/results-and-standings?season=6&round=10-berlin&session=free-practice-2
fe-2019-20-r10-berlin-free-practice-1,fe-2019-20-r10-berlin,2019-20,2020,10,2,free-practice-1,FP1,2020-08-12T07:00:00Z,,False,False,https://www.fiaformulae.com/en/results-and-standings?season=6&round=10-berlin&session=free-practice-1
fe-2019-20-r10-berlin-qualifying,fe-2019-20-r10-berlin,2019-20,2020,10,3,qualifying,Qualifying,2020-08-12T12:15:00Z,,False,False,https://www.fiaformulae.com/en/results-and-standings?season=6&round=10-berlin&session=qualifying
fe-2019-20-r10-berlin-starting-grid,fe-2019-20-r10-berlin,2019-20,2020,10,4,grid,Starting Grid,,,False,False,https://www.fiaformulae.com/en/results-and-standings?season=6&round=10-berlin&session=race
fe-2019-20-r10-berlin-race,fe-2019-20-r10-berlin,2019-20,2020,10,5,race,Race,2020-08-12T17:04:00Z,,True,False,https://www.fiaformulae.com/en/results-and-standings?season=6&round=10-berlin&session=race
fe-2019-20-r11-berlin-free-practice-3,fe-2019-20-r11-berlin,2019-20,2020,11,1,free-practice-3,FP3,2020-08-13T09:30:00Z,,False,False,https://www.fiaformulae.com/en/results-and-standings?season=6&round=11-berlin&session=free-practice-3
fe-2019-20-r11-berlin-qualifying,fe-2019-20-r11-berlin,2019-20,2020,11,2,qualifying,Qualifying,2020-08-13T12:15:00Z,,False,False,https://www.fiaformulae.com/en/results-and-standings?season=6&round=11-berlin&session=qualifying
fe-2019-20-r11-berlin-starting-grid,fe-2019-20-r11-berlin,2019-20,2020,11,3,grid,Starting Grid,,,False,False,https://www.fiaformulae.com/en/results-and-standings?season=6&round=11-berlin&session=race
fe-2019-20-r11-berlin-race,fe-2019-20-r11-berlin,2019-20,2020,11,4,race,Race,2020-08-13T17:04:00Z,,True,False,https://www.fiaformulae.com/en/results-and-standings?season=6&round=11-berlin&session=race
fe-2019-20-r3-santiago-qualifying,fe-2019-20-r3-santiago,2019-20,2020,3,3,qualifying,Qualifying,2020-01-18T15:00:00Z,,False,False,https://www.fiaformulae.com/en/results-and-standings?season=6&round=3-santiago&session=qualifying
fe-2020-21-r1-diriyah-free-practice-2,fe-2020-21-r1-diriyah,2020-21,2021,1,1,free-practice-2,FP2,2021-02-26T11:00:00Z,,False,False,https://www.fiaformulae.com/en/results-and-standings?season=7&round=1-diriyah&session=free-practice-2
fe-2020-21-r1-diriyah-free-practice-1,fe-2020-21-r1-diriyah,2020-21,2021,1,2,free-practice-1,FP1,2021-02-25T15:15:00Z,,False,False,https://www.fiaformulae.com/en/results-and-standings?season=7&round=1-diriyah&session=free-practice-1
fe-2020-21-r1-diriyah-qualifying,fe-2020-21-r1-diriyah,2020-21,2021,1,3,qualifying,Qualifying,2021-02-26T13:00:00Z,,False,False,https://www.fiaformulae.com/en/results-and-standings?season=7&round=1-diriyah&session=qualifying
fe-2020-21-r1-diriyah-starting-grid,fe-2020-21-r1-diriyah,2020-21,2021,1,4,grid,Starting Grid,,,False,False,https://www.fiaformulae.com/en/results-and-standings?season=7&round=1-diriyah&session=race
fe-2020-21-r1-diriyah-race,fe-2020-21-r1-diriyah,2020-21,2021,1,5,race,Race,2021-02-26T17:03:00Z,,True,False,https://www.fiaformulae.com/en/results-and-standings?season=7&round=1-diriyah&session=race
fe-2020-21-r2-diriyah-free-practice-3,fe-2020-21-r2-diriyah,2020-21,2021,2,1,free-practice-3,FP3,2021-02-27T10:45:00Z,,False,False,https://www.fiaformulae.com/en/results-and-standings?season=7&round=2-diriyah&session=free-practice-3
fe-2020-21-r2-diriyah-qualifying,fe-2020-21-r2-diriyah,2020-21,2021,2,2,qualifying,Qualifying,2021-02-27T13:00:00Z,,False,False,https://www.fiaformulae.com/en/results-and-standings?season=7&round=2-diriyah&session=qualifying
fe-2020-21-r2-diriyah-starting-grid,fe-2020-21-r2-diriyah,2020-21,2021,2,3,grid,Starting Grid,,,False,False,https://www.fiaformulae.com/en/results-and-standings?season=7&round=2-diriyah&session=race
fe-2020-21-r2-diriyah-race,fe-2020-21-r2-diriyah,2020-21,2021,2,4,race,Race,2021-02-27T17:03:00Z,,True,False,https://www.fiaformulae.com/en/results-and-standings?season=7&round=2-diriyah&session=race
fe-2020-21-r3-rome-free-practice-2,fe-2020-21-r3-rome,2020-21,2021,3,1,free-practice-2,FP2,2021-04-10T08:15:00Z,,False,False,https://www.fiaformulae.com/en/results-and-standings?season=7&round=3-rome&session=free-practice-2
fe-2020-21-r3-rome-free-practice-1,fe-2020-21-r3-rome,2020-21,2021,3,2,free-practice-1,FP1,2021-04-10T06:00:00Z,,False,False,https://www.fiaformulae.com/en/results-and-standings?season=7&round=3-rome&session=free-practice-1
fe-2020-21-r3-rome-qualifying,fe-2020-21-r3-rome,2020-21,2021,3,3,qualifying,Qualifying,2021-04-10T10:00:00Z,,False,False,https://www.fiaformulae.com/en/results-and-standings?season=7&round=3-rome&session=qualifying
fe-2020-21-r3-rome-starting-grid,fe-2020-21-r3-rome,2020-21,2021,3,4,grid,Starting Grid,,,False,False,https://www.fiaformulae.com/en/results-and-standings?season=7&round=3-rome&session=race
fe-2020-21-r3-rome-race,fe-2020-21-r3-rome,2020-21,2021,3,5,race,Race,2021-04-10T14:04:00Z,,True,False,https://www.fiaformulae.com/en/results-and-standings?season=7&round=3-rome&session=race
fe-2020-21-r4-rome-free-practice-3,fe-2020-21-r4-rome,2020-21,2021,4,1,free-practice-3,FP3,2021-04-11T05:00:00Z,,False,False,https://www.fiaformulae.com/en/results-and-standings?season=7&round=4-rome&session=free-practice-3
fe-2020-21-r4-rome-qualifying,fe-2020-21-r4-rome,2020-21,2021,4,2,qualifying,Qualifying,2021-04-11T07:00:00Z,,False,False,https://www.fiaformulae.com/en/results-and-standings?season=7&round=4-rome&session=qualifying
fe-2020-21-r4-rome-starting-grid,fe-2020-21-r4-rome,2020-21,2021,4,3,grid,Starting Grid,,,False,False,https://www.fiaformulae.com/en/results-and-standings?season=7&round=4-rome&session=race
fe-2020-21-r4-rome-race,fe-2020-21-r4-rome,2020-21,2021,4,4,race,Race,2021-04-11T11:03:00Z,,True,False,https://www.fiaformulae.com/en/results-and-standings?season=7&round=4-rome&session=race
fe-2020-21-r5-valencia-free-practice-2,fe-2020-21-r5-valencia,2020-21,2021,5,1,free-practice-2,FP2,2021-04-24T07:15:00Z,,False,False,https://www.fiaformulae.com/en/results-and-standings?season=7&round=5-valencia&session=free-practice-2
fe-2020-21-r5-valencia-free-practice-1,fe-2020-21-r5-valencia,2020-21,2021,5,2,free-practice-1,FP1,2021-04-24T05:20:00Z,,False,False,https://www.fiaformulae.com/en/results-and-standings?season=7&round=5-valencia&session=free-practice-1
fe-2020-21-r5-valencia-qualifying,fe-2020-21-r5-valencia,2020-21,2021,5,3,qualifying,Qualifying,2021-04-24T09:00:00Z,,False,False,https://www.fiaformulae.com/en/results-and-standings?season=7&round=5-valencia&session=qualifying
fe-2020-21-r5-valencia-starting-grid,fe-2020-21-r5-valencia,2020-21,2021,5,4,grid,Starting Grid,,,False,False,https://www.fiaformulae.com/en/results-and-standings?season=7&round=5-valencia&session=race
fe-2020-21-r5-valencia-race,fe-2020-21-r5-valencia,2020-21,2021,5,5,race,Race,2021-04-24T13:03:00Z,,True,False,https://www.fiaformulae.com/en/results-and-standings?season=7&round=5-valencia&session=race
fe-2020-21-r6-valencia-free-practice-3,fe-2020-21-r6-valencia,2020-21,2021,6,1,free-practice-3,FP3,2021-04-25T06:00:00Z,,False,False,https://www.fiaformulae.com/en/results-and-standings?season=7&round=6-valencia&session=free-practice-3
fe-2020-21-r6-valencia-qualifying,fe-2020-21-r6-valencia,2020-21,2021,6,2,qualifying,Qualifying,2021-04-25T08:00:00Z,,False,False,https://www.fiaformulae.com/en/results-and-standings?season=7&round=6-valencia&session=qualifying
fe-2020-21-r6-valencia-starting-grid,fe-2020-21-r6-valencia,2020-21,2021,6,3,grid,Starting Grid,,,False,False,https://www.fiaformulae.com/en/results-and-standings?season=7&round=6-valencia&session=race
fe-2020-21-r6-valencia-race,fe-2020-21-r6-valencia,2020-21,2021,6,4,race,Race,2021-04-25T12:03:00Z,,True,False,https://www.fiaformulae.com/en/results-and-standings?season=7&round=6-valencia&session=race
fe-2020-21-r7-monaco-free-practice-2,fe-2020-21-r7-monaco,2020-21,2021,7,1,free-practice-2,FP2,2021-05-08T08:15:00Z,,False,False,https://www.fiaformulae.com/en/results-and-standings?season=7&round=7-monaco&session=free-practice-2
fe-2020-21-r7-monaco-free-practice-1,fe-2020-21-r7-monaco,2020-21,2021,7,2,free-practice-1,FP1,2021-05-08T06:00:00Z,,False,False,https://www.fiaformulae.com/en/results-and-standings?season=7&round=7-monaco&session=free-practice-1
fe-2020-21-r7-monaco-qualifying,fe-2020-21-r7-monaco,2020-21,2021,7,3,qualifying,Qualifying,2021-05-08T10:00:00Z,,False,False,https://www.fiaformulae.com/en/results-and-standings?season=7&round=7-monaco&session=qualifying
fe-2020-21-r7-monaco-starting-grid,fe-2020-21-r7-monaco,2020-21,2021,7,4,grid,Starting Grid,,,False,False,https://www.fiaformulae.com/en/results-and-standings?season=7&round=7-monaco&session=race
fe-2020-21-r7-monaco-race,fe-2020-21-r7-monaco,2020-21,2021,7,5,race,Race,2021-05-08T14:04:00Z,,True,False,https://www.fiaformulae.com/en/results-and-standings?season=7&round=7-monaco&session=race
fe-2020-21-r8-puebla-free-practice-2,fe-2020-21-r8-puebla,2020-21,2021,8,1,free-practice-2,FP2,2021-06-19T15:15:00Z,,False,False,https://www.fiaformulae.com/en/results-and-standings?season=7&round=8-puebla&session=free-practice-2
fe-2020-21-r8-puebla-free-practice-1,fe-2020-21-r8-puebla,2020-21,2021,8,2,free-practice-1,FP1,2021-06-19T13:00:00Z,,False,False,https://www.fiaformulae.com/en/results-and-standings?season=7&round=8-puebla&session=free-practice-1
fe-2020-21-r8-puebla-qualifying,fe-2020-21-r8-puebla,2020-21,2021,8,3,qualifying,Qualifying,2021-06-19T17:00:00Z,,False,False,https://www.fiaformulae.com/en/results-and-standings?season=7&round=8-puebla&session=qualifying
fe-2020-21-r8-puebla-starting-grid,fe-2020-21-r8-puebla,2020-21,2021,8,4,grid,Starting Grid,,,False,False,https://www.fiaformulae.com/en/results-and-standings?season=7&round=8-puebla&session=race
fe-2020-21-r8-puebla-race,fe-2020-21-r8-puebla,2020-21,2021,8,5,race,Race,2021-06-19T21:03:00Z,,True,False,https://www.fiaformulae.com/en/results-and-standings?season=7&round=8-puebla&session=race
fe-2020-21-r9-puebla-free-practice-3,fe-2020-21-r9-puebla,2020-21,2021,9,1,free-practice-3,FP3,2021-06-20T14:15:00Z,,False,False,https://www.fiaformulae.com/en/results-and-standings?season=7&round=9-puebla&session=free-practice-3
fe-2020-21-r9-puebla-qualifying,fe-2020-21-r9-puebla,2020-21,2021,9,2,qualifying,Qualifying,2021-06-20T17:00:00Z,,False,False,https://www.fiaformulae.com/en/results-and-standings?season=7&round=9-puebla&session=qualifying
fe-2020-21-r9-puebla-starting-grid,fe-2020-21-r9-puebla,2020-21,2021,9,3,grid,Starting Grid,,,False,False,https://www.fiaformulae.com/en/results-and-standings?season=7&round=9-puebla&session=race
fe-2020-21-r9-puebla-race,fe-2020-21-r9-puebla,2020-21,2021,9,4,race,Race,2021-06-20T21:03:00Z,,True,False,https://www.fiaformulae.com/en/results-and-standings?season=7&round=9-puebla&session=race
fe-2020-21-r10-new-york-free-practice-2,fe-2020-21-r10-new-york,2020-21,2021,10,1,free-practice-2,FP2,2021-07-10T14:15:00Z,,False,False,https://www.fiaformulae.com/en/results-and-standings?season=7&round=10-new-york&session=free-practice-2
fe-2020-21-r10-new-york-free-practice-1,fe-2020-21-r10-new-york,2020-21,2021,10,2,free-practice-1,FP1,2021-07-10T12:00:00Z,,False,False,https://www.fiaformulae.com/en/results-and-standings?season=7&round=10-new-york&session=free-practice-1
fe-2020-21-r10-new-york-qualifying,fe-2020-21-r10-new-york,2020-21,2021,10,3,qualifying,Qualifying,2021-07-10T16:30:00Z,,False,False,https://www.fiaformulae.com/en/results-and-standings?season=7&round=10-new-york&session=qualifying
fe-2020-21-r10-new-york-starting-grid,fe-2020-21-r10-new-york,2020-21,2021,10,4,grid,Starting Grid,,,False,False,https://www.fiaformulae.com/en/results-and-standings?season=7&round=10-new-york&session=race
fe-2020-21-r10-new-york-race,fe-2020-21-r10-new-york,2020-21,2021,10,5,race,Race,2021-07-10T20:33:00Z,,True,False,https://www.fiaformulae.com/en/results-and-standings?season=7&round=10-new-york&session=race
fe-2020-21-r11-new-york-free-practice-3,fe-2020-21-r11-new-york,2020-21,2021,11,1,free-practice-3,FP3,2021-07-11T11:15:00Z,,False,False,https://www.fiaformulae.com/en/results-and-standings?season=7&round=11-new-york&session=free-practice-3
fe-2020-21-r11-new-york-qualifying,fe-2020-21-r11-new-york,2020-21,2021,11,2,qualifying,Qualifying,2021-07-11T13:30:00Z,,False,False,https://www.fiaformulae.com/en/results-and-standings?season=7&round=11-new-york&session=qualifying
fe-2020-21-r11-new-york-starting-grid,fe-2020-21-r11-new-york,2020-21,2021,11,3,grid,Starting Grid,,,False,False,https://www.fiaformulae.com/en/results-and-standings?season=7&round=11-new-york&session=race
fe-2020-21-r11-new-york-race,fe-2020-21-r11-new-york,2020-21,2021,11,4,race,Race,2021-07-11T17:33:00Z,,True,False,https://www.fiaformulae.com/en/results-and-standings?season=7&round=11-new-york&session=race
fe-2020-21-r12-london-free-practice-2,fe-2020-21-r12-london,2020-21,2021,12,1,free-practice-2,FP2,2021-07-24T08:00:00Z,,False,False,https://www.fiaformulae.com/en/results-and-standings?season=7&round=12-london&session=free-practice-2
fe-2020-21-r12-london-free-practice-1,fe-2020-21-r12-london,2020-21,2021,12,2,free-practice-1,FP1,2021-07-23T16:00:00Z,,False,False,https://www.fiaformulae.com/en/results-and-standings?season=7&round=12-london&session=free-practice-1
fe-2020-21-r12-london-qualifying,fe-2020-21-r12-london,2020-21,2021,12,3,qualifying,Qualifying,2021-07-24T10:00:00Z,,False,False,https://www.fiaformulae.com/en/results-and-standings?season=7&round=12-london&session=qualifying
fe-2020-21-r12-london-starting-grid,fe-2020-21-r12-london,2020-21,2021,12,4,grid,Starting Grid,,,False,False,https://www.fiaformulae.com/en/results-and-standings?season=7&round=12-london&session=race
fe-2020-21-r12-london-race,fe-2020-21-r12-london,2020-21,2021,12,5,race,Race,2021-07-24T14:03:00Z,,True,False,https://www.fiaformulae.com/en/results-and-standings?season=7&round=12-london&session=race
fe-2020-21-r13-london-free-practice-3,fe-2020-21-r13-london,2020-21,2021,13,1,free-practice-3,FP3,2021-07-25T07:00:00Z,,False,False,https://www.fiaformulae.com/en/results-and-standings?season=7&round=13-london&session=free-practice-3
fe-2020-21-r13-london-qualifying,fe-2020-21-r13-london,2020-21,2021,13,2,qualifying,Qualifying,2021-07-25T09:00:00Z,,False,False,https://www.fiaformulae.com/en/results-and-standings?season=7&round=13-london&session=qualifying
fe-2020-21-r13-london-starting-grid,fe-2020-21-r13-london,2020-21,2021,13,3,grid,Starting Grid,,,False,False,https://www.fiaformulae.com/en/results-and-standings?season=7&round=13-london&session=race
fe-2020-21-r13-london-race,fe-2020-21-r13-london,2020-21,2021,13,4,race,Race,2021-07-25T13:04:00Z,,True,False,https://www.fiaformulae.com/en/results-and-standings?season=7&round=13-london&session=race
fe-2020-21-r14-berlin-free-practice-2,fe-2020-21-r14-berlin,2020-21,2021,14,1,free-practice-2,FP2,2021-08-14T06:00:00Z,,False,False,https://www.fiaformulae.com/en/results-and-standings?season=7&round=14-berlin&session=free-practice-2
fe-2020-21-r14-berlin-free-practice-1,fe-2020-21-r14-berlin,2020-21,2021,14,2,free-practice-1,FP1,2021-08-13T15:00:00Z,,False,False,https://www.fiaformulae.com/en/results-and-standings?season=7&round=14-berlin&session=free-practice-1
fe-2020-21-r14-berlin-qualifying,fe-2020-21-r14-berlin,2020-21,2021,14,3,qualifying,Qualifying,2021-08-14T08:00:00Z,,False,False,https://www.fiaformulae.com/en/results-and-standings?season=7&round=14-berlin&session=qualifying
fe-2020-21-r14-berlin-starting-grid,fe-2020-21-r14-berlin,2020-21,2021,14,4,grid,Starting Grid,,,False,False,https://www.fiaformulae.com/en/results-and-standings?season=7&round=14-berlin&session=race
fe-2020-21-r14-berlin-race,fe-2020-21-r14-berlin,2020-21,2021,14,5,race,Race,2021-08-14T12:04:00Z,,True,False,https://www.fiaformulae.com/en/results-and-standings?season=7&round=14-berlin&session=race
fe-2020-21-r15-berlin-free-practice-2,fe-2020-21-r15-berlin,2020-21,2021,15,1,free-practice-2,FP2,2021-08-15T07:30:00Z,,False,False,https://www.fiaformulae.com/en/results-and-standings?season=7&round=15-berlin&session=free-practice-2
fe-2020-21-r15-berlin-free-practice-1,fe-2020-21-r15-berlin,2020-21,2021,15,2,free-practice-1,FP1,2021-08-15T06:00:00Z,,False,False,https://www.fiaformulae.com/en/results-and-standings?season=7&round=15-berlin&session=free-practice-1
fe-2020-21-r15-berlin-qualifying,fe-2020-21-r15-berlin,2020-21,2021,15,3,qualifying,Qualifying,2021-08-15T09:30:00Z,,False,False,https://www.fiaformulae.com/en/results-and-standings?season=7&round=15-berlin&session=qualifying
fe-2020-21-r15-berlin-starting-grid,fe-2020-21-r15-berlin,2020-21,2021,15,4,grid,Starting Grid,,,False,False,https://www.fiaformulae.com/en/results-and-standings?season=7&round=15-berlin&session=race
fe-2020-21-r15-berlin-race,fe-2020-21-r15-berlin,2020-21,2021,15,5,race,Race,2021-08-15T13:34:00Z,,True,False,https://www.fiaformulae.com/en/results-and-standings?season=7&round=15-berlin&session=race
fe-2021-22-r1-diriyah-free-practice-2,fe-2021-22-r1-diriyah,2021-22,2022,1,1,free-practice-2,FP2,2022-01-28T10:30:00Z,,False,False,https://www.fiaformulae.com/en/results-and-standings?season=8&round=1-diriyah&session=free-practice-2
fe-2021-22-r1-diriyah-free-practice-1,fe-2021-22-r1-diriyah,2021-22,2022,1,2,free-practice-1,FP1,2022-01-27T15:00:00Z,,False,False,https://www.fiaformulae.com/en/results-and-standings?season=8&round=1-diriyah&session=free-practice-1
fe-2021-22-r1-diriyah-qualifying,fe-2021-22-r1-diriyah,2021-22,2022,1,3,qualifying,Qualifying,2022-01-28T12:40:00Z,,False,False,https://www.fiaformulae.com/en/results-and-standings?season=8&round=1-diriyah&session=qualifying
fe-2021-22-r1-diriyah-starting-grid,fe-2021-22-r1-diriyah,2021-22,2022,1,4,grid,Starting Grid,,,False,False,https://www.fiaformulae.com/en/results-and-standings?season=8&round=1-diriyah&session=race
fe-2021-22-r1-diriyah-race,fe-2021-22-r1-diriyah,2021-22,2022,1,5,race,Race,2022-01-28T17:03:00Z,,True,False,https://www.fiaformulae.com/en/results-and-standings?season=8&round=1-diriyah&session=race
fe-2021-22-r2-diriyah-free-practice-3,fe-2021-22-r2-diriyah,2021-22,2022,2,1,free-practice-3,FP3,2022-01-29T10:30:00Z,,False,False,https://www.fiaformulae.com/en/results-and-standings?season=8&round=2-diriyah&session=free-practice-3
fe-2021-22-r2-diriyah-qualifying,fe-2021-22-r2-diriyah,2021-22,2022,2,2,qualifying,Qualifying,2022-01-29T12:40:00Z,,False,False,https://www.fiaformulae.com/en/results-and-standings?season=8&round=2-diriyah&session=qualifying
fe-2021-22-r2-diriyah-starting-grid,fe-2021-22-r2-diriyah,2021-22,2022,2,3,grid,Starting Grid,,,False,False,https://www.fiaformulae.com/en/results-and-standings?season=8&round=2-diriyah&session=race
fe-2021-22-r2-diriyah-race,fe-2021-22-r2-diriyah,2021-22,2022,2,4,race,Race,2022-01-29T17:03:00Z,,True,False,https://www.fiaformulae.com/en/results-and-standings?season=8&round=2-diriyah&session=race
fe-2021-22-r3-mexico-city-free-practice-2,fe-2021-22-r3-mexico-city,2021-22,2022,3,1,free-practice-2,FP2,2022-02-12T15:50:00Z,,False,False,https://www.fiaformulae.com/en/results-and-standings?season=8&round=3-mexico-city&session=free-practice-2
fe-2021-22-r3-mexico-city-free-practice-1,fe-2021-22-r3-mexico-city,2021-22,2022,3,2,free-practice-1,FP1,2022-02-12T14:00:00Z,,False,False,https://www.fiaformulae.com/en/results-and-standings?season=8&round=3-mexico-city&session=free-practice-1
fe-2021-22-r3-mexico-city-qualifying,fe-2021-22-r3-mexico-city,2021-22,2022,3,3,qualifying,Qualifying,2022-02-12T17:40:00Z,,False,False,https://www.fiaformulae.com/en/results-and-standings?season=8&round=3-mexico-city&session=qualifying
fe-2021-22-r3-mexico-city-starting-grid,fe-2021-22-r3-mexico-city,2021-22,2022,3,4,grid,Starting Grid,,,False,False,https://www.fiaformulae.com/en/results-and-standings?season=8&round=3-mexico-city&session=race
fe-2021-22-r3-mexico-city-race,fe-2021-22-r3-mexico-city,2021-22,2022,3,5,race,Race,2022-02-12T22:03:00Z,,True,False,https://www.fiaformulae.com/en/results-and-standings?season=8&round=3-mexico-city&session=race
fe-2021-22-r4-rome-free-practice-2,fe-2021-22-r4-rome,2021-22,2022,4,1,free-practice-2,FP2,2022-04-09T07:00:00Z,,False,False,https://www.fiaformulae.com/en/results-and-standings?season=8&round=4-rome&session=free-practice-2
fe-2021-22-r4-rome-free-practice-1,fe-2021-22-r4-rome,2021-22,2022,4,2,free-practice-1,FP1,2022-04-09T05:15:00Z,,False,False,https://www.fiaformulae.com/en/results-and-standings?season=8&round=4-rome&session=free-practice-1
fe-2021-22-r4-rome-qualifying,fe-2021-22-r4-rome,2021-22,2022,4,3,qualifying,Qualifying,2022-04-09T08:40:00Z,,False,False,https://www.fiaformulae.com/en/results-and-standings?season=8&round=4-rome&session=qualifying
fe-2021-22-r4-rome-starting-grid,fe-2021-22-r4-rome,2021-22,2022,4,4,grid,Starting Grid,,,False,False,https://www.fiaformulae.com/en/results-and-standings?season=8&round=4-rome&session=race
fe-2021-22-r4-rome-race,fe-2021-22-r4-rome,2021-22,2022,4,5,race,Race,2022-04-09T13:04:00Z,,True,False,https://www.fiaformulae.com/en/results-and-standings?season=8&round=4-rome&session=race
fe-2021-22-r5-rome-free-practice-3,fe-2021-22-r5-rome,2021-22,2022,5,1,free-practice-3,FP3,2022-04-10T06:30:00Z,,False,False,https://www.fiaformulae.com/en/results-and-standings?season=8&round=5-rome&session=free-practice-3
fe-2021-22-r5-rome-qualifying,fe-2021-22-r5-rome,2021-22,2022,5,2,qualifying,Qualifying,2022-04-10T08:40:00Z,,False,False,https://www.fiaformulae.com/en/results-and-standings?season=8&round=5-rome&session=qualifying
fe-2021-22-r5-rome-starting-grid,fe-2021-22-r5-rome,2021-22,2022,5,3,grid,Starting Grid,,,False,False,https://www.fiaformulae.com/en/results-and-standings?season=8&round=5-rome&session=race
fe-2021-22-r5-rome-race,fe-2021-22-r5-rome,2021-22,2022,5,4,race,Race,2022-04-10T13:03:00Z,,True,False,https://www.fiaformulae.com/en/results-and-standings?season=8&round=5-rome&session=race
fe-2021-22-r6-monaco-free-practice-2,fe-2021-22-r6-monaco,2021-22,2022,6,1,free-practice-2,FP2,2022-04-30T07:10:00Z,,False,False,https://www.fiaformulae.com/en/results-and-standings?season=8&round=6-monaco&session=free-practice-2
fe-2021-22-r6-monaco-free-practice-1,fe-2021-22-r6-monaco,2021-22,2022,6,2,free-practice-1,FP1,2022-04-30T05:30:00Z,,False,False,https://www.fiaformulae.com/en/results-and-standings?season=8&round=6-monaco&session=free-practice-1
fe-2021-22-r6-monaco-qualifying,fe-2021-22-r6-monaco,2021-22,2022,6,3,qualifying,Qualifying,2022-04-30T08:45:00Z,,False,False,https://www.fiaformulae.com/en/results-and-standings?season=8&round=6-monaco&session=qualifying
fe-2021-22-r6-monaco-starting-grid,fe-2021-22-r6-monaco,2021-22,2022,6,4,grid,Starting Grid,,,False,False,https://www.fiaformulae.com/en/results-and-standings?season=8&round=6-monaco&session=race
fe-2021-22-r6-monaco-race,fe-2021-22-r6-monaco,2021-22,2022,6,5,race,Race,2022-04-30T13:04:00Z,,True,False,https://www.fiaformulae.com/en/results-and-standings?season=8&round=6-monaco&session=race
fe-2021-22-r7-berlin-free-practice-2,fe-2021-22-r7-berlin,2021-22,2022,7,1,free-practice-2,FP2,2022-05-14T07:00:00Z,,False,False,https://www.fiaformulae.com/en/results-and-standings?season=8&round=7-berlin&session=free-practice-2
fe-2021-22-r7-berlin-free-practice-1,fe-2021-22-r7-berlin,2021-22,2022,7,2,free-practice-1,FP1,2022-05-14T05:15:00Z,,False,False,https://www.fiaformulae.com/en/results-and-standings?season=8&round=7-berlin&session=free-practice-1
fe-2021-22-r7-berlin-qualifying,fe-2021-22-r7-berlin,2021-22,2022,7,3,qualifying,Qualifying,2022-05-14T08:40:00Z,,False,False,https://www.fiaformulae.com/en/results-and-standings?season=8&round=7-berlin&session=qualifying
fe-2021-22-r7-berlin-starting-grid,fe-2021-22-r7-berlin,2021-22,2022,7,4,grid,Starting Grid,,,False,False,https://www.fiaformulae.com/en/results-and-standings?season=8&round=7-berlin&session=race
fe-2021-22-r7-berlin-race,fe-2021-22-r7-berlin,2021-22,2022,7,5,race,Race,2022-05-14T13:04:00Z,,True,False,https://www.fiaformulae.com/en/results-and-standings?season=8&round=7-berlin&session=race
fe-2021-22-r8-berlin-free-practice-2,fe-2021-22-r8-berlin,2021-22,2022,8,1,free-practice-2,FP2,2022-05-15T07:00:00Z,,False,False,https://www.fiaformulae.com/en/results-and-standings?season=8&round=8-berlin&session=free-practice-2
fe-2021-22-r8-berlin-free-practice-1,fe-2021-22-r8-berlin,2021-22,2022,8,2,free-practice-1,FP1,2022-05-15T05:15:00Z,,False,False,https://www.fiaformulae.com/en/results-and-standings?season=8&round=8-berlin&session=free-practice-1
fe-2021-22-r8-berlin-qualifying,fe-2021-22-r8-berlin,2021-22,2022,8,3,qualifying,Qualifying,2022-05-15T08:40:00Z,,False,False,https://www.fiaformulae.com/en/results-and-standings?season=8&round=8-berlin&session=qualifying
fe-2021-22-r8-berlin-starting-grid,fe-2021-22-r8-berlin,2021-22,2022,8,4,grid,Starting Grid,,,False,False,https://www.fiaformulae.com/en/results-and-standings?season=8&round=8-berlin&session=race
fe-2021-22-r8-berlin-race,fe-2021-22-r8-berlin,2021-22,2022,8,5,race,Race,2022-05-15T13:04:00Z,,True,False,https://www.fiaformulae.com/en/results-and-standings?season=8&round=8-berlin&session=race
fe-2021-22-r9-jakarta-free-practice-2,fe-2021-22-r9-jakarta,2021-22,2022,9,1,free-practice-2,FP2,2022-06-04T02:00:00Z,,False,False,https://www.fiaformulae.com/en/results-and-standings?season=8&round=9-jakarta&session=free-practice-2
fe-2021-22-r9-jakarta-free-practice-1,fe-2021-22-r9-jakarta,2021-22,2022,9,2,free-practice-1,FP1,2022-06-04T00:15:00Z,,False,False,https://www.fiaformulae.com/en/results-and-standings?season=8&round=9-jakarta&session=free-practice-1
fe-2021-22-r9-jakarta-qualifying,fe-2021-22-r9-jakarta,2021-22,2022,9,3,qualifying,Qualifying,2022-06-04T03:40:00Z,,False,False,https://www.fiaformulae.com/en/results-and-standings?season=8&round=9-jakarta&session=qualifying
fe-2021-22-r9-jakarta-starting-grid,fe-2021-22-r9-jakarta,2021-22,2022,9,4,grid,Starting Grid,,,False,False,https://www.fiaformulae.com/en/results-and-standings?season=8&round=9-jakarta&session=race
fe-2021-22-r9-jakarta-race,fe-2021-22-r9-jakarta,2021-22,2022,9,5,race,Race,2022-06-04T08:04:00Z,,True,False,https://www.fiaformulae.com/en/results-and-standings?season=8&round=9-jakarta&session=race
fe-2021-22-r10-marrakesh-free-practice-2,fe-2021-22-r10-marrakesh,2021-22,2022,10,1,free-practice-2,FP2,2022-07-02T06:30:00Z,,False,False,https://www.fiaformulae.com/en/results-and-standings?season=8&round=10-marrakesh&session=free-practice-2
fe-2021-22-r10-marrakesh-free-practice-1,fe-2021-22-r10-marrakesh,2021-22,2022,10,2,free-practice-1,FP1,2022-07-01T16:00:00Z,,False,False,https://www.fiaformulae.com/en/results-and-standings?season=8&round=10-marrakesh&session=free-practice-1
fe-2021-22-r10-marrakesh-qualifying,fe-2021-22-r10-marrakesh,2021-22,2022,10,3,qualifying,Qualifying,2022-07-02T08:40:00Z,,False,False,https://www.fiaformulae.com/en/results-and-standings?season=8&round=10-marrakesh&session=qualifying
fe-2021-22-r10-marrakesh-starting-grid,fe-2021-22-r10-marrakesh,2021-22,2022,10,4,grid,Starting Grid,,,False,False,https://www.fiaformulae.com/en/results-and-standings?season=8&round=10-marrakesh&session=race
fe-2021-22-r10-marrakesh-race,fe-2021-22-r10-marrakesh,2021-22,2022,10,5,race,Race,2022-07-02T16:04:00Z,,True,False,https://www.fiaformulae.com/en/results-and-standings?season=8&round=10-marrakesh&session=race
fe-2021-22-r11-new-york-free-practice-2,fe-2021-22-r11-new-york,2021-22,2022,11,1,free-practice-2,FP2,2022-07-16T11:00:00Z,,False,False,https://www.fiaformulae.com/en/results-and-standings?season=8&round=11-new-york&session=free-practice-2
fe-2021-22-r11-new-york-free-practice-1,fe-2021-22-r11-new-york,2021-22,2022,11,2,free-practice-1,FP1,2022-07-15T20:00:00Z,,False,False,https://www.fiaformulae.com/en/results-and-standings?season=8&round=11-new-york&session=free-practice-1
fe-2021-22-r11-new-york-qualifying,fe-2021-22-r11-new-york,2021-22,2022,11,3,qualifying,Qualifying,2022-07-16T12:40:00Z,,False,False,https://www.fiaformulae.com/en/results-and-standings?season=8&round=11-new-york&session=qualifying
fe-2021-22-r11-new-york-starting-grid,fe-2021-22-r11-new-york,2021-22,2022,11,4,grid,Starting Grid,,,False,False,https://www.fiaformulae.com/en/results-and-standings?season=8&round=11-new-york&session=race
fe-2021-22-r11-new-york-race,fe-2021-22-r11-new-york,2021-22,2022,11,5,race,Race,2022-07-16T17:04:00Z,,True,False,https://www.fiaformulae.com/en/results-and-standings?season=8&round=11-new-york&session=race
fe-2021-22-r12-new-york-free-practice-3,fe-2021-22-r12-new-york,2021-22,2022,12,1,free-practice-3,FP3,2022-07-17T11:00:00Z,,False,False,https://www.fiaformulae.com/en/results-and-standings?season=8&round=12-new-york&session=free-practice-3
fe-2021-22-r12-new-york-qualifying,fe-2021-22-r12-new-york,2021-22,2022,12,2,qualifying,Qualifying,2022-07-17T12:40:00Z,,False,False,https://www.fiaformulae.com/en/results-and-standings?season=8&round=12-new-york&session=qualifying
fe-2021-22-r12-new-york-starting-grid,fe-2021-22-r12-new-york,2021-22,2022,12,3,grid,Starting Grid,,,False,False,https://www.fiaformulae.com/en/results-and-standings?season=8&round=12-new-york&session=race
fe-2021-22-r12-new-york-race,fe-2021-22-r12-new-york,2021-22,2022,12,4,race,Race,2022-07-17T17:04:00Z,,True,False,https://www.fiaformulae.com/en/results-and-standings?season=8&round=12-new-york&session=race
fe-2021-22-r13-london-free-practice-2,fe-2021-22-r13-london,2021-22,2022,13,1,free-practice-2,FP2,2022-07-30T08:00:00Z,,False,False,https://www.fiaformulae.com/en/results-and-standings?season=8&round=13-london&session=free-practice-2
fe-2021-22-r13-london-free-practice-1,fe-2021-22-r13-london,2021-22,2022,13,2,free-practice-1,FP1,2022-07-29T16:15:00Z,,False,False,https://www.fiaformulae.com/en/results-and-standings?season=8&round=13-london&session=free-practice-1
fe-2021-22-r13-london-qualifying,fe-2021-22-r13-london,2021-22,2022,13,3,qualifying,Qualifying,2022-07-30T09:40:00Z,,False,False,https://www.fiaformulae.com/en/results-and-standings?season=8&round=13-london&session=qualifying
fe-2021-22-r13-london-starting-grid,fe-2021-22-r13-london,2021-22,2022,13,4,grid,Starting Grid,,,False,False,https://www.fiaformulae.com/en/results-and-standings?season=8&round=13-london&session=race
fe-2021-22-r13-london-race,fe-2021-22-r13-london,2021-22,2022,13,5,race,Race,2022-07-30T14:04:00Z,,True,False,https://www.fiaformulae.com/en/results-and-standings?season=8&round=13-london&session=race
fe-2021-22-r14-london-free-practice-3,fe-2021-22-r14-london,2021-22,2022,14,1,free-practice-3,FP3,2022-07-31T07:30:00Z,,False,False,https://www.fiaformulae.com/en/results-and-standings?season=8&round=14-london&session=free-practice-3
fe-2021-22-r14-london-qualifying,fe-2021-22-r14-london,2021-22,2022,14,2,qualifying,Qualifying,2022-07-31T09:40:00Z,,False,False,https://www.fiaformulae.com/en/results-and-standings?season=8&round=14-london&session=qualifying
fe-2021-22-r14-london-starting-grid,fe-2021-22-r14-london,2021-22,2022,14,3,grid,Starting Grid,,,False,False,https://www.fiaformulae.com/en/results-and-standings?season=8&round=14-london&session=race
fe-2021-22-r14-london-race,fe-2021-22-r14-london,2021-22,2022,14,4,race,Race,2022-07-31T14:04:00Z,,True,False,https://www.fiaformulae.com/en/results-and-standings?season=8&round=14-london&session=race
fe-2021-22-r15-seoul-free-practice-2,fe-2021-22-r15-seoul,2021-22,2022,15,1,free-practice-2,FP2,2022-08-13T00:50:00Z,,False,False,https://www.fiaformulae.com/en/results-and-standings?season=8&round=15-seoul&session=free-practice-2
fe-2021-22-r15-seoul-free-practice-1,fe-2021-22-r15-seoul,2021-22,2022,15,2,free-practice-1,FP1,2022-08-12T23:00:00Z,,False,False,https://www.fiaformulae.com/en/results-and-standings?season=8&round=15-seoul&session=free-practice-1
fe-2021-22-r15-seoul-qualifying,fe-2021-22-r15-seoul,2021-22,2022,15,3,qualifying,Qualifying,2022-08-13T02:40:00Z,,False,False,https://www.fiaformulae.com/en/results-and-standings?season=8&round=15-seoul&session=qualifying
fe-2021-22-r15-seoul-starting-grid,fe-2021-22-r15-seoul,2021-22,2022,15,4,grid,Starting Grid,,,False,False,https://www.fiaformulae.com/en/results-and-standings?season=8&round=15-seoul&session=race
fe-2021-22-r15-seoul-race,fe-2021-22-r15-seoul,2021-22,2022,15,5,race,Race,2022-08-13T07:03:00Z,,True,False,https://www.fiaformulae.com/en/results-and-standings?season=8&round=15-seoul&session=race
fe-2021-22-r16-seoul-free-practice-3,fe-2021-22-r16-seoul,2021-22,2022,16,1,free-practice-3,FP3,2022-08-14T00:30:00Z,,False,False,https://www.fiaformulae.com/en/results-and-standings?season=8&round=16-seoul&session=free-practice-3
fe-2021-22-r16-seoul-qualifying,fe-2021-22-r16-seoul,2021-22,2022,16,2,qualifying,Qualifying,2022-08-14T02:40:00Z,,False,False,https://www.fiaformulae.com/en/results-and-standings?season=8&round=16-seoul&session=qualifying
fe-2021-22-r16-seoul-starting-grid,fe-2021-22-r16-seoul,2021-22,2022,16,3,grid,Starting Grid,,,False,False,https://www.fiaformulae.com/en/results-and-standings?season=8&round=16-seoul&session=race
fe-2021-22-r16-seoul-race,fe-2021-22-r16-seoul,2021-22,2022,16,4,race,Race,2022-08-14T07:04:00Z,,True,False,https://www.fiaformulae.com/en/results-and-standings?season=8&round=16-seoul&session=race
fe-2022-23-r1-mexico-city-free-practice-2,fe-2022-23-r1-mexico-city,2022-23,2023,1,1,free-practice-2,FP2,2023-01-14T13:30:00Z,,False,False,https://www.fiaformulae.com/en/results-and-standings?season=9&round=1-mexico-city&session=free-practice-2
fe-2022-23-r1-mexico-city-free-practice-1,fe-2022-23-r1-mexico-city,2022-23,2023,1,2,free-practice-1,FP1,2023-01-13T22:30:00Z,,False,False,https://www.fiaformulae.com/en/results-and-standings?season=9&round=1-mexico-city&session=free-practice-1
fe-2022-23-r1-mexico-city-qualifying,fe-2022-23-r1-mexico-city,2022-23,2023,1,3,qualifying,Qualifying,2023-01-14T15:40:00Z,,False,False,https://www.fiaformulae.com/en/results-and-standings?season=9&round=1-mexico-city&session=qualifying
fe-2022-23-r1-mexico-city-starting-grid,fe-2022-23-r1-mexico-city,2022-23,2023,1,4,grid,Starting Grid,,,False,False,https://www.fiaformulae.com/en/results-and-standings?season=9&round=1-mexico-city&session=race
fe-2022-23-r1-mexico-city-race,fe-2022-23-r1-mexico-city,2022-23,2023,1,5,race,Race,2023-01-14T20:03:00Z,,True,False,https://www.fiaformulae.com/en/results-and-standings?season=9&round=1-mexico-city&session=race
fe-2022-23-r2-diriyah-free-practice-2,fe-2022-23-r2-diriyah,2022-23,2023,2,1,free-practice-2,FP2,2023-01-27T10:30:00Z,,False,False,https://www.fiaformulae.com/en/results-and-standings?season=9&round=2-diriyah&session=free-practice-2
fe-2022-23-r2-diriyah-free-practice-1,fe-2022-23-r2-diriyah,2022-23,2023,2,2,free-practice-1,FP1,2023-01-26T15:00:00Z,,False,False,https://www.fiaformulae.com/en/results-and-standings?season=9&round=2-diriyah&session=free-practice-1
fe-2022-23-r2-diriyah-qualifying,fe-2022-23-r2-diriyah,2022-23,2023,2,3,qualifying,Qualifying,2023-01-27T12:40:00Z,,False,False,https://www.fiaformulae.com/en/results-and-standings?season=9&round=2-diriyah&session=qualifying
fe-2022-23-r2-diriyah-starting-grid,fe-2022-23-r2-diriyah,2022-23,2023,2,4,grid,Starting Grid,,,False,False,https://www.fiaformulae.com/en/results-and-standings?season=9&round=2-diriyah&session=race
fe-2022-23-r2-diriyah-race,fe-2022-23-r2-diriyah,2022-23,2023,2,5,race,Race,2023-01-27T17:03:00Z,,True,False,https://www.fiaformulae.com/en/results-and-standings?season=9&round=2-diriyah&session=race
fe-2022-23-r3-diriyah-free-practice-3,fe-2022-23-r3-diriyah,2022-23,2023,3,1,free-practice-3,FP3,2023-01-28T10:30:00Z,,False,False,https://www.fiaformulae.com/en/results-and-standings?season=9&round=3-diriyah&session=free-practice-3
fe-2022-23-r3-diriyah-qualifying,fe-2022-23-r3-diriyah,2022-23,2023,3,2,qualifying,Qualifying,2023-01-28T12:40:00Z,,False,False,https://www.fiaformulae.com/en/results-and-standings?season=9&round=3-diriyah&session=qualifying
fe-2022-23-r3-diriyah-starting-grid,fe-2022-23-r3-diriyah,2022-23,2023,3,3,grid,Starting Grid,,,False,False,https://www.fiaformulae.com/en/results-and-standings?season=9&round=3-diriyah&session=race
fe-2022-23-r3-diriyah-race,fe-2022-23-r3-diriyah,2022-23,2023,3,4,race,Race,2023-01-28T17:03:00Z,,True,False,https://www.fiaformulae.com/en/results-and-standings?season=9&round=3-diriyah&session=race
fe-2022-23-r4-hyderabad-free-practice-2,fe-2022-23-r4-hyderabad,2022-23,2023,4,1,free-practice-2,FP2,2023-02-11T02:40:00Z,,False,False,https://www.fiaformulae.com/en/results-and-standings?season=9&round=4-hyderabad&session=free-practice-2
fe-2022-23-r4-hyderabad-free-practice-1,fe-2022-23-r4-hyderabad,2022-23,2023,4,2,free-practice-1,FP1,2023-02-10T11:30:00Z,,False,False,https://www.fiaformulae.com/en/results-and-standings?season=9&round=4-hyderabad&session=free-practice-1
fe-2022-23-r4-hyderabad-qualifying,fe-2022-23-r4-hyderabad,2022-23,2023,4,3,qualifying,Qualifying,2023-02-11T05:10:00Z,,False,False,https://www.fiaformulae.com/en/results-and-standings?season=9&round=4-hyderabad&session=qualifying
fe-2022-23-r4-hyderabad-starting-grid,fe-2022-23-r4-hyderabad,2022-23,2023,4,4,grid,Starting Grid,,,False,False,https://www.fiaformulae.com/en/results-and-standings?season=9&round=4-hyderabad&session=race
fe-2022-23-r4-hyderabad-race,fe-2022-23-r4-hyderabad,2022-23,2023,4,5,race,Race,2023-02-11T09:34:00Z,,True,False,https://www.fiaformulae.com/en/results-and-standings?season=9&round=4-hyderabad&session=race
fe-2022-23-r5-cape-town-free-practice-2,fe-2022-23-r5-cape-town,2022-23,2023,5,1,free-practice-2,FP2,2023-02-25T07:10:00Z,,False,False,https://www.fiaformulae.com/en/results-and-standings?season=9&round=5-cape-town&session=free-practice-2
fe-2022-23-r5-cape-town-free-practice-1,fe-2022-23-r5-cape-town,2022-23,2023,5,2,free-practice-1,FP1,2023-02-24T15:00:00Z,,False,False,https://www.fiaformulae.com/en/results-and-standings?season=9&round=5-cape-town&session=free-practice-1
fe-2022-23-r5-cape-town-qualifying,fe-2022-23-r5-cape-town,2022-23,2023,5,3,qualifying,Qualifying,2023-02-25T09:40:00Z,,False,False,https://www.fiaformulae.com/en/results-and-standings?season=9&round=5-cape-town&session=qualifying
fe-2022-23-r5-cape-town-starting-grid,fe-2022-23-r5-cape-town,2022-23,2023,5,4,grid,Starting Grid,,,False,False,https://www.fiaformulae.com/en/results-and-standings?season=9&round=5-cape-town&session=race
fe-2022-23-r5-cape-town-race,fe-2022-23-r5-cape-town,2022-23,2023,5,5,race,Race,2023-02-25T14:04:00Z,,True,False,https://www.fiaformulae.com/en/results-and-standings?season=9&round=5-cape-town&session=race
fe-2022-23-r6-sao-paulo-free-practice-2,fe-2022-23-r6-sao-paulo,2022-23,2023,6,1,free-practice-2,FP2,2023-03-25T10:30:00Z,,False,False,https://www.fiaformulae.com/en/results-and-standings?season=9&round=6-sao-paulo&session=free-practice-2
fe-2022-23-r6-sao-paulo-free-practice-1,fe-2022-23-r6-sao-paulo,2022-23,2023,6,2,free-practice-1,FP1,2023-03-24T19:30:00Z,,False,False,https://www.fiaformulae.com/en/results-and-standings?season=9&round=6-sao-paulo&session=free-practice-1
fe-2022-23-r6-sao-paulo-qualifying,fe-2022-23-r6-sao-paulo,2022-23,2023,6,3,qualifying,Qualifying,2023-03-25T12:40:00Z,,False,False,https://www.fiaformulae.com/en/results-and-standings?season=9&round=6-sao-paulo&session=qualifying
fe-2022-23-r6-sao-paulo-starting-grid,fe-2022-23-r6-sao-paulo,2022-23,2023,6,4,grid,Starting Grid,,,False,False,https://www.fiaformulae.com/en/results-and-standings?season=9&round=6-sao-paulo&session=race
fe-2022-23-r6-sao-paulo-race,fe-2022-23-r6-sao-paulo,2022-23,2023,6,5,race,Race,2023-03-25T17:04:00Z,,True,False,https://www.fiaformulae.com/en/results-and-standings?season=9&round=6-sao-paulo&session=race
fe-2022-23-r7-berlin-free-practice-2,fe-2022-23-r7-berlin,2022-23,2023,7,1,free-practice-2,FP2,2023-04-22T06:10:00Z,,False,False,https://www.fiaformulae.com/en/results-and-standings?season=9&round=7-berlin&session=free-practice-2
fe-2022-23-r7-berlin-free-practice-1,fe-2022-23-r7-berlin,2022-23,2023,7,2,free-practice-1,FP1,2023-04-21T15:00:00Z,,False,False,https://www.fiaformulae.com/en/results-and-standings?season=9&round=7-berlin&session=free-practice-1
fe-2022-23-r7-berlin-qualifying,fe-2022-23-r7-berlin,2022-23,2023,7,3,qualifying,Qualifying,2023-04-22T08:40:00Z,,False,False,https://www.fiaformulae.com/en/results-and-standings?season=9&round=7-berlin&session=qualifying
fe-2022-23-r7-berlin-starting-grid,fe-2022-23-r7-berlin,2022-23,2023,7,4,grid,Starting Grid,,,False,False,https://www.fiaformulae.com/en/results-and-standings?season=9&round=7-berlin&session=race
fe-2022-23-r7-berlin-race,fe-2022-23-r7-berlin,2022-23,2023,7,5,race,Race,2023-04-22T13:04:00Z,,True,False,https://www.fiaformulae.com/en/results-and-standings?season=9&round=7-berlin&session=race
fe-2022-23-r8-berlin-free-practice-3,fe-2022-23-r8-berlin,2022-23,2023,8,1,free-practice-3,FP3,2023-04-23T06:10:00Z,,False,False,https://www.fiaformulae.com/en/results-and-standings?season=9&round=8-berlin&session=free-practice-3
fe-2022-23-r8-berlin-qualifying,fe-2022-23-r8-berlin,2022-23,2023,8,2,qualifying,Qualifying,2023-04-23T08:40:00Z,,False,False,https://www.fiaformulae.com/en/results-and-standings?season=9&round=8-berlin&session=qualifying
fe-2022-23-r8-berlin-starting-grid,fe-2022-23-r8-berlin,2022-23,2023,8,3,grid,Starting Grid,,,False,False,https://www.fiaformulae.com/en/results-and-standings?season=9&round=8-berlin&session=race
fe-2022-23-r8-berlin-race,fe-2022-23-r8-berlin,2022-23,2023,8,4,race,Race,2023-04-23T13:04:00Z,,True,False,https://www.fiaformulae.com/en/results-and-standings?season=9&round=8-berlin&session=race
fe-2022-23-r9-monaco-free-practice-2,fe-2022-23-r9-monaco,2022-23,2023,9,1,free-practice-2,FP2,2023-05-06T07:10:00Z,,False,False,https://www.fiaformulae.com/en/results-and-standings?season=9&round=9-monaco&session=free-practice-2
fe-2022-23-r9-monaco-free-practice-1,fe-2022-23-r9-monaco,2022-23,2023,9,2,free-practice-1,FP1,2023-05-06T05:30:00Z,,False,False,https://www.fiaformulae.com/en/results-and-standings?season=9&round=9-monaco&session=free-practice-1
fe-2022-23-r9-monaco-qualifying,fe-2022-23-r9-monaco,2022-23,2023,9,3,qualifying,Qualifying,2023-05-06T08:40:00Z,,False,False,https://www.fiaformulae.com/en/results-and-standings?season=9&round=9-monaco&session=qualifying
fe-2022-23-r9-monaco-starting-grid,fe-2022-23-r9-monaco,2022-23,2023,9,4,grid,Starting Grid,,,False,False,https://www.fiaformulae.com/en/results-and-standings?season=9&round=9-monaco&session=race
fe-2022-23-r9-monaco-race,fe-2022-23-r9-monaco,2022-23,2023,9,5,race,Race,2023-05-06T13:04:00Z,,True,False,https://www.fiaformulae.com/en/results-and-standings?season=9&round=9-monaco&session=race
fe-2022-23-r10-jakarta-free-practice-2,fe-2022-23-r10-jakarta,2022-23,2023,10,1,free-practice-2,FP2,2023-06-03T01:10:00Z,,False,False,https://www.fiaformulae.com/en/results-and-standings?season=9&round=10-jakarta&session=free-practice-2
fe-2022-23-r10-jakarta-free-practice-1,fe-2022-23-r10-jakarta,2022-23,2023,10,2,free-practice-1,FP1,2023-06-02T08:30:00Z,,False,False,https://www.fiaformulae.com/en/results-and-standings?season=9&round=10-jakarta&session=free-practice-1
fe-2022-23-r10-jakarta-qualifying,fe-2022-23-r10-jakarta,2022-23,2023,10,3,qualifying,Qualifying,2023-06-03T03:40:00Z,,False,False,https://www.fiaformulae.com/en/results-and-standings?season=9&round=10-jakarta&session=qualifying
fe-2022-23-r10-jakarta-starting-grid,fe-2022-23-r10-jakarta,2022-23,2023,10,4,grid,Starting Grid,,,False,False,https://www.fiaformulae.com/en/results-and-standings?season=9&round=10-jakarta&session=race
fe-2022-23-r10-jakarta-race,fe-2022-23-r10-jakarta,2022-23,2023,10,5,race,Race,2023-06-03T08:04:00Z,,True,False,https://www.fiaformulae.com/en/results-and-standings?season=9&round=10-jakarta&session=race
fe-2022-23-r11-jakarta-free-practice-3,fe-2022-23-r11-jakarta,2022-23,2023,11,1,free-practice-3,FP3,2023-06-04T01:10:00Z,,False,False,https://www.fiaformulae.com/en/results-and-standings?season=9&round=11-jakarta&session=free-practice-3
fe-2022-23-r11-jakarta-qualifying,fe-2022-23-r11-jakarta,2022-23,2023,11,2,qualifying,Qualifying,2023-06-04T03:40:00Z,,False,False,https://www.fiaformulae.com/en/results-and-standings?season=9&round=11-jakarta&session=qualifying
fe-2022-23-r11-jakarta-starting-grid,fe-2022-23-r11-jakarta,2022-23,2023,11,3,grid,Starting Grid,,,False,False,https://www.fiaformulae.com/en/results-and-standings?season=9&round=11-jakarta&session=race
fe-2022-23-r11-jakarta-race,fe-2022-23-r11-jakarta,2022-23,2023,11,4,race,Race,2023-06-04T08:04:00Z,,True,False,https://www.fiaformulae.com/en/results-and-standings?season=9&round=11-jakarta&session=race
fe-2022-23-r12-portland-free-practice-2,fe-2022-23-r12-portland,2022-23,2023,12,1,free-practice-2,FP2,2023-06-24T17:30:00Z,,False,False,https://www.fiaformulae.com/en/results-and-standings?season=9&round=12-portland&session=free-practice-2
fe-2022-23-r12-portland-free-practice-1,fe-2022-23-r12-portland,2022-23,2023,12,2,free-practice-1,FP1,2023-06-24T00:00:00Z,,False,False,https://www.fiaformulae.com/en/results-and-standings?season=9&round=12-portland&session=free-practice-1
fe-2022-23-r12-portland-qualifying,fe-2022-23-r12-portland,2022-23,2023,12,3,qualifying,Qualifying,2023-06-24T19:40:00Z,,False,False,https://www.fiaformulae.com/en/results-and-standings?season=9&round=12-portland&session=qualifying
fe-2022-23-r12-portland-starting-grid,fe-2022-23-r12-portland,2022-23,2023,12,4,grid,Starting Grid,,,False,False,https://www.fiaformulae.com/en/results-and-standings?season=9&round=12-portland&session=race
fe-2022-23-r12-portland-race,fe-2022-23-r12-portland,2022-23,2023,12,5,race,Race,2023-06-25T00:04:00Z,,True,False,https://www.fiaformulae.com/en/results-and-standings?season=9&round=12-portland&session=race
fe-2022-23-r13-rome-free-practice-2,fe-2022-23-r13-rome,2022-23,2023,13,1,free-practice-2,FP2,2023-07-15T06:10:00Z,,False,False,https://www.fiaformulae.com/en/results-and-standings?season=9&round=13-rome&session=free-practice-2
fe-2022-23-r13-rome-free-practice-1,fe-2022-23-r13-rome,2022-23,2023,13,2,free-practice-1,FP1,2023-07-14T15:00:00Z,,False,False,https://www.fiaformulae.com/en/results-and-standings?season=9&round=13-rome&session=free-practice-1
fe-2022-23-r13-rome-qualifying,fe-2022-23-r13-rome,2022-23,2023,13,3,qualifying,Qualifying,2023-07-15T08:40:00Z,,False,False,https://www.fiaformulae.com/en/results-and-standings?season=9&round=13-rome&session=qualifying
fe-2022-23-r13-rome-starting-grid,fe-2022-23-r13-rome,2022-23,2023,13,4,grid,Starting Grid,,,False,False,https://www.fiaformulae.com/en/results-and-standings?season=9&round=13-rome&session=race
fe-2022-23-r13-rome-race,fe-2022-23-r13-rome,2022-23,2023,13,5,race,Race,2023-07-15T13:04:00Z,,True,False,https://www.fiaformulae.com/en/results-and-standings?season=9&round=13-rome&session=race
fe-2022-23-r14-rome-free-practice-3,fe-2022-23-r14-rome,2022-23,2023,14,1,free-practice-3,FP3,2023-07-16T06:10:00Z,,False,False,https://www.fiaformulae.com/en/results-and-standings?season=9&round=14-rome&session=free-practice-3
fe-2022-23-r14-rome-qualifying,fe-2022-23-r14-rome,2022-23,2023,14,2,qualifying,Qualifying,2023-07-16T08:40:00Z,,False,False,https://www.fiaformulae.com/en/results-and-standings?season=9&round=14-rome&session=qualifying
fe-2022-23-r14-rome-starting-grid,fe-2022-23-r14-rome,2022-23,2023,14,3,grid,Starting Grid,,,False,False,https://www.fiaformulae.com/en/results-and-standings?season=9&round=14-rome&session=race
fe-2022-23-r14-rome-race,fe-2022-23-r14-rome,2022-23,2023,14,4,race,Race,2023-07-16T13:04:00Z,,True,False,https://www.fiaformulae.com/en/results-and-standings?season=9&round=14-rome&session=race
fe-2022-23-r15-london-free-practice-2,fe-2022-23-r15-london,2022-23,2023,15,1,free-practice-2,FP2,2023-07-29T09:30:00Z,,False,False,https://www.fiaformulae.com/en/results-and-standings?season=9&round=15-london&session=free-practice-2
fe-2022-23-r15-london-free-practice-1,fe-2022-23-r15-london,2022-23,2023,15,2,free-practice-1,FP1,2023-07-28T16:00:00Z,,False,False,https://www.fiaformulae.com/en/results-and-standings?season=9&round=15-london&session=free-practice-1
fe-2022-23-r15-london-qualifying,fe-2022-23-r15-london,2022-23,2023,15,3,qualifying,Qualifying,2023-07-29T11:40:00Z,,False,False,https://www.fiaformulae.com/en/results-and-standings?season=9&round=15-london&session=qualifying
fe-2022-23-r15-london-starting-grid,fe-2022-23-r15-london,2022-23,2023,15,4,grid,Starting Grid,,,False,False,https://www.fiaformulae.com/en/results-and-standings?season=9&round=15-london&session=race
fe-2022-23-r15-london-race,fe-2022-23-r15-london,2022-23,2023,15,5,race,Race,2023-07-29T16:04:00Z,,True,False,https://www.fiaformulae.com/en/results-and-standings?season=9&round=15-london&session=race
fe-2022-23-r16-london-free-practice-3,fe-2022-23-r16-london,2022-23,2023,16,1,free-practice-3,FP3,2023-07-30T09:30:00Z,,False,False,https://www.fiaformulae.com/en/results-and-standings?season=9&round=16-london&session=free-practice-3
fe-2022-23-r16-london-qualifying,fe-2022-23-r16-london,2022-23,2023,16,2,qualifying,Qualifying,2023-07-30T11:40:00Z,,False,False,https://www.fiaformulae.com/en/results-and-standings?season=9&round=16-london&session=qualifying
fe-2022-23-r16-london-starting-grid,fe-2022-23-r16-london,2022-23,2023,16,3,grid,Starting Grid,,,False,False,https://www.fiaformulae.com/en/results-and-standings?season=9&round=16-london&session=race
fe-2022-23-r16-london-race,fe-2022-23-r16-london,2022-23,2023,16,4,race,Race,2023-07-30T16:04:00Z,,True,False,https://www.fiaformulae.com/en/results-and-standings?season=9&round=16-london&session=race
fe-2023-24-r1-mexico-city-free-practice-2,fe-2023-24-r1-mexico-city,2023-24,2024,1,1,free-practice-2,FP2,2024-01-13T13:30:00Z,,False,False,https://www.fiaformulae.com/en/results-and-standings?season=10&round=1-mexico-city&session=free-practice-2
fe-2023-24-r1-mexico-city-free-practice-1,fe-2023-24-r1-mexico-city,2023-24,2024,1,2,free-practice-1,FP1,2024-01-12T22:45:00Z,,False,False,https://www.fiaformulae.com/en/results-and-standings?season=10&round=1-mexico-city&session=free-practice-1
fe-2023-24-r1-mexico-city-qualifying,fe-2023-24-r1-mexico-city,2023-24,2024,1,3,qualifying,Qualifying,2024-01-13T15:40:00Z,,False,False,https://www.fiaformulae.com/en/results-and-standings?season=10&round=1-mexico-city&session=qualifying
fe-2023-24-r1-mexico-city-starting-grid,fe-2023-24-r1-mexico-city,2023-24,2024,1,4,grid,Starting Grid,,,False,False,https://www.fiaformulae.com/en/results-and-standings?season=10&round=1-mexico-city&session=race
fe-2023-24-r1-mexico-city-race,fe-2023-24-r1-mexico-city,2023-24,2024,1,5,race,Race,2024-01-13T20:04:00Z,,True,False,https://www.fiaformulae.com/en/results-and-standings?season=10&round=1-mexico-city&session=race
fe-2023-24-r2-diriyah-free-practice-2,fe-2023-24-r2-diriyah,2023-24,2024,2,1,free-practice-2,FP2,2024-01-26T10:00:00Z,,False,False,https://www.fiaformulae.com/en/results-and-standings?season=10&round=2-diriyah&session=free-practice-2
fe-2023-24-r2-diriyah-free-practice-1,fe-2023-24-r2-diriyah,2023-24,2024,2,2,free-practice-1,FP1,2024-01-25T15:30:00Z,,False,False,https://www.fiaformulae.com/en/results-and-standings?season=10&round=2-diriyah&session=free-practice-1
fe-2023-24-r2-diriyah-qualifying,fe-2023-24-r2-diriyah,2023-24,2024,2,3,qualifying,Qualifying,2024-01-26T12:20:00Z,,False,False,https://www.fiaformulae.com/en/results-and-standings?season=10&round=2-diriyah&session=qualifying
fe-2023-24-r2-diriyah-starting-grid,fe-2023-24-r2-diriyah,2023-24,2024,2,4,grid,Starting Grid,,,False,False,https://www.fiaformulae.com/en/results-and-standings?season=10&round=2-diriyah&session=race
fe-2023-24-r2-diriyah-race,fe-2023-24-r2-diriyah,2023-24,2024,2,5,race,Race,2024-01-26T17:04:00Z,,True,False,https://www.fiaformulae.com/en/results-and-standings?season=10&round=2-diriyah&session=race
fe-2023-24-r3-diriyah-free-practice-3,fe-2023-24-r3-diriyah,2023-24,2024,3,1,free-practice-3,FP3,2024-01-27T10:00:00Z,,False,False,https://www.fiaformulae.com/en/results-and-standings?season=10&round=3-diriyah&session=free-practice-3
fe-2023-24-r3-diriyah-qualifying,fe-2023-24-r3-diriyah,2023-24,2024,3,2,qualifying,Qualifying,2024-01-27T12:20:00Z,,False,False,https://www.fiaformulae.com/en/results-and-standings?season=10&round=3-diriyah&session=qualifying
fe-2023-24-r3-diriyah-starting-grid,fe-2023-24-r3-diriyah,2023-24,2024,3,3,grid,Starting Grid,,,False,False,https://www.fiaformulae.com/en/results-and-standings?season=10&round=3-diriyah&session=race
fe-2023-24-r3-diriyah-race,fe-2023-24-r3-diriyah,2023-24,2024,3,4,race,Race,2024-01-27T17:04:00Z,,True,False,https://www.fiaformulae.com/en/results-and-standings?season=10&round=3-diriyah&session=race
fe-2023-24-r4-sao-paulo-free-practice-2,fe-2023-24-r4-sao-paulo,2023-24,2024,4,1,free-practice-2,FP2,2024-03-16T10:30:00Z,,False,False,https://www.fiaformulae.com/en/results-and-standings?season=10&round=4-sao-paulo&session=free-practice-2
fe-2023-24-r4-sao-paulo-free-practice-1,fe-2023-24-r4-sao-paulo,2023-24,2024,4,2,free-practice-1,FP1,2024-03-15T19:30:00Z,,False,False,https://www.fiaformulae.com/en/results-and-standings?season=10&round=4-sao-paulo&session=free-practice-1
fe-2023-24-r4-sao-paulo-qualifying,fe-2023-24-r4-sao-paulo,2023-24,2024,4,3,qualifying,Qualifying,2024-03-16T12:40:00Z,,False,False,https://www.fiaformulae.com/en/results-and-standings?season=10&round=4-sao-paulo&session=qualifying
fe-2023-24-r4-sao-paulo-starting-grid,fe-2023-24-r4-sao-paulo,2023-24,2024,4,4,grid,Starting Grid,,,False,False,https://www.fiaformulae.com/en/results-and-standings?season=10&round=4-sao-paulo&session=race
fe-2023-24-r4-sao-paulo-race,fe-2023-24-r4-sao-paulo,2023-24,2024,4,5,race,Race,2024-03-16T17:04:00Z,,True,False,https://www.fiaformulae.com/en/results-and-standings?season=10&round=4-sao-paulo&session=race
fe-2023-24-r5-tokyo-free-practice-2,fe-2023-24-r5-tokyo,2023-24,2024,5,1,free-practice-2,FP2,2024-03-29T23:00:00Z,,False,False,https://www.fiaformulae.com/en/results-and-standings?season=10&round=5-tokyo&session=free-practice-2
fe-2023-24-r5-tokyo-free-practice-1,fe-2023-24-r5-tokyo,2023-24,2024,5,2,free-practice-1,FP1,2024-03-29T07:30:00Z,,False,False,https://www.fiaformulae.com/en/results-and-standings?season=10&round=5-tokyo&session=free-practice-1
fe-2023-24-r5-tokyo-qualifying,fe-2023-24-r5-tokyo,2023-24,2024,5,3,qualifying,Qualifying,2024-03-30T01:20:00Z,,False,False,https://www.fiaformulae.com/en/results-and-standings?season=10&round=5-tokyo&session=qualifying
fe-2023-24-r5-tokyo-starting-grid,fe-2023-24-r5-tokyo,2023-24,2024,5,4,grid,Starting Grid,,,False,False,https://www.fiaformulae.com/en/results-and-standings?season=10&round=5-tokyo&session=race
fe-2023-24-r5-tokyo-race,fe-2023-24-r5-tokyo,2023-24,2024,5,5,race,Race,2024-03-30T06:04:00Z,,True,False,https://www.fiaformulae.com/en/results-and-standings?season=10&round=5-tokyo&session=race
fe-2023-24-r6-misano-free-practice-2,fe-2023-24-r6-misano,2023-24,2024,6,1,free-practice-2,FP2,2024-04-13T06:00:00Z,,False,False,https://www.fiaformulae.com/en/results-and-standings?season=10&round=6-misano&session=free-practice-2
fe-2023-24-r6-misano-free-practice-1,fe-2023-24-r6-misano,2023-24,2024,6,2,free-practice-1,FP1,2024-04-12T15:00:00Z,,False,False,https://www.fiaformulae.com/en/results-and-standings?season=10&round=6-misano&session=free-practice-1
fe-2023-24-r6-misano-qualifying,fe-2023-24-r6-misano,2023-24,2024,6,3,qualifying,Qualifying,2024-04-13T08:20:00Z,,False,False,https://www.fiaformulae.com/en/results-and-standings?season=10&round=6-misano&session=qualifying
fe-2023-24-r6-misano-starting-grid,fe-2023-24-r6-misano,2023-24,2024,6,4,grid,Starting Grid,,,False,False,https://www.fiaformulae.com/en/results-and-standings?season=10&round=6-misano&session=race
fe-2023-24-r6-misano-race,fe-2023-24-r6-misano,2023-24,2024,6,5,race,Race,2024-04-13T13:04:00Z,,True,False,https://www.fiaformulae.com/en/results-and-standings?season=10&round=6-misano&session=race
fe-2023-24-r7-misano-free-practice-3,fe-2023-24-r7-misano,2023-24,2024,7,1,free-practice-3,FP3,2024-04-14T06:00:00Z,,False,False,https://www.fiaformulae.com/en/results-and-standings?season=10&round=7-misano&session=free-practice-3
fe-2023-24-r7-misano-qualifying,fe-2023-24-r7-misano,2023-24,2024,7,2,qualifying,Qualifying,2024-04-14T08:20:00Z,,False,False,https://www.fiaformulae.com/en/results-and-standings?season=10&round=7-misano&session=qualifying
fe-2023-24-r7-misano-starting-grid,fe-2023-24-r7-misano,2023-24,2024,7,3,grid,Starting Grid,,,False,False,https://www.fiaformulae.com/en/results-and-standings?season=10&round=7-misano&session=race
fe-2023-24-r7-misano-race,fe-2023-24-r7-misano,2023-24,2024,7,4,race,Race,2024-04-14T13:04:00Z,,True,False,https://www.fiaformulae.com/en/results-and-standings?season=10&round=7-misano&session=race
fe-2023-24-r8-monaco-free-practice-2,fe-2023-24-r8-monaco,2023-24,2024,8,1,free-practice-2,FP2,2024-04-27T07:10:00Z,,False,False,https://www.fiaformulae.com/en/results-and-standings?season=10&round=8-monaco&session=free-practice-2
fe-2023-24-r8-monaco-free-practice-1,fe-2023-24-r8-monaco,2023-24,2024,8,2,free-practice-1,FP1,2024-04-27T05:30:00Z,,False,False,https://www.fiaformulae.com/en/results-and-standings?season=10&round=8-monaco&session=free-practice-1
fe-2023-24-r8-monaco-qualifying,fe-2023-24-r8-monaco,2023-24,2024,8,3,qualifying,Qualifying,2024-04-27T08:40:00Z,,False,False,https://www.fiaformulae.com/en/results-and-standings?season=10&round=8-monaco&session=qualifying
fe-2023-24-r8-monaco-starting-grid,fe-2023-24-r8-monaco,2023-24,2024,8,4,grid,Starting Grid,,,False,False,https://www.fiaformulae.com/en/results-and-standings?season=10&round=8-monaco&session=race
fe-2023-24-r8-monaco-race,fe-2023-24-r8-monaco,2023-24,2024,8,5,race,Race,2024-04-27T13:04:00Z,,True,False,https://www.fiaformulae.com/en/results-and-standings?season=10&round=8-monaco&session=race
fe-2023-24-r9-berlin-free-practice-2,fe-2023-24-r9-berlin,2023-24,2024,9,1,free-practice-2,FP2,2024-05-11T06:00:00Z,,False,False,https://www.fiaformulae.com/en/results-and-standings?season=10&round=9-berlin&session=free-practice-2
fe-2023-24-r9-berlin-free-practice-1,fe-2023-24-r9-berlin,2023-24,2024,9,2,free-practice-1,FP1,2024-05-10T15:00:00Z,,False,False,https://www.fiaformulae.com/en/results-and-standings?season=10&round=9-berlin&session=free-practice-1
fe-2023-24-r9-berlin-qualifying,fe-2023-24-r9-berlin,2023-24,2024,9,3,qualifying,Qualifying,2024-05-11T08:20:00Z,,False,False,https://www.fiaformulae.com/en/results-and-standings?season=10&round=9-berlin&session=qualifying
fe-2023-24-r9-berlin-starting-grid,fe-2023-24-r9-berlin,2023-24,2024,9,4,grid,Starting Grid,,,False,False,https://www.fiaformulae.com/en/results-and-standings?season=10&round=9-berlin&session=race
fe-2023-24-r9-berlin-race,fe-2023-24-r9-berlin,2023-24,2024,9,5,race,Race,2024-05-11T13:04:00Z,,True,False,https://www.fiaformulae.com/en/results-and-standings?season=10&round=9-berlin&session=race
fe-2023-24-r10-berlin-free-practice-3,fe-2023-24-r10-berlin,2023-24,2024,10,1,free-practice-3,FP3,2024-05-12T06:00:00Z,,False,False,https://www.fiaformulae.com/en/results-and-standings?season=10&round=10-berlin&session=free-practice-3
fe-2023-24-r10-berlin-qualifying,fe-2023-24-r10-berlin,2023-24,2024,10,2,qualifying,Qualifying,2024-05-12T08:20:00Z,,False,False,https://www.fiaformulae.com/en/results-and-standings?season=10&round=10-berlin&session=qualifying
fe-2023-24-r10-berlin-starting-grid,fe-2023-24-r10-berlin,2023-24,2024,10,3,grid,Starting Grid,,,False,False,https://www.fiaformulae.com/en/results-and-standings?season=10&round=10-berlin&session=race
fe-2023-24-r10-berlin-race,fe-2023-24-r10-berlin,2023-24,2024,10,4,race,Race,2024-05-12T13:04:00Z,,True,False,https://www.fiaformulae.com/en/results-and-standings?season=10&round=10-berlin&session=race
fe-2023-24-r11-shanghai-free-practice-2,fe-2023-24-r11-shanghai,2023-24,2024,11,1,free-practice-2,FP2,2024-05-25T00:00:00Z,,False,False,https://www.fiaformulae.com/en/results-and-standings?season=10&round=11-shanghai&session=free-practice-2
fe-2023-24-r11-shanghai-free-practice-1,fe-2023-24-r11-shanghai,2023-24,2024,11,2,free-practice-1,FP1,2024-05-24T09:00:00Z,,False,False,https://www.fiaformulae.com/en/results-and-standings?season=10&round=11-shanghai&session=free-practice-1
fe-2023-24-r11-shanghai-qualifying,fe-2023-24-r11-shanghai,2023-24,2024,11,3,qualifying,Qualifying,2024-05-25T02:20:00Z,,False,False,https://www.fiaformulae.com/en/results-and-standings?season=10&round=11-shanghai&session=qualifying
fe-2023-24-r11-shanghai-starting-grid,fe-2023-24-r11-shanghai,2023-24,2024,11,4,grid,Starting Grid,,,False,False,https://www.fiaformulae.com/en/results-and-standings?season=10&round=11-shanghai&session=race
fe-2023-24-r11-shanghai-race,fe-2023-24-r11-shanghai,2023-24,2024,11,5,race,Race,2024-05-25T07:04:00Z,,True,False,https://www.fiaformulae.com/en/results-and-standings?season=10&round=11-shanghai&session=race
fe-2023-24-r12-shanghai-free-practice-3,fe-2023-24-r12-shanghai,2023-24,2024,12,1,free-practice-3,FP3,2024-05-26T00:00:00Z,,False,False,https://www.fiaformulae.com/en/results-and-standings?season=10&round=12-shanghai&session=free-practice-3
fe-2023-24-r12-shanghai-qualifying,fe-2023-24-r12-shanghai,2023-24,2024,12,2,qualifying,Qualifying,2024-05-26T02:20:00Z,,False,False,https://www.fiaformulae.com/en/results-and-standings?season=10&round=12-shanghai&session=qualifying
fe-2023-24-r12-shanghai-starting-grid,fe-2023-24-r12-shanghai,2023-24,2024,12,3,grid,Starting Grid,,,False,False,https://www.fiaformulae.com/en/results-and-standings?season=10&round=12-shanghai&session=race
fe-2023-24-r12-shanghai-race,fe-2023-24-r12-shanghai,2023-24,2024,12,4,race,Race,2024-05-26T07:04:00Z,,True,False,https://www.fiaformulae.com/en/results-and-standings?season=10&round=12-shanghai&session=race
fe-2023-24-r13-portland-free-practice-2,fe-2023-24-r13-portland,2023-24,2024,13,1,free-practice-2,FP2,2024-06-29T14:30:00Z,,False,False,https://www.fiaformulae.com/en/results-and-standings?season=10&round=13-portland&session=free-practice-2
fe-2023-24-r13-portland-free-practice-1,fe-2023-24-r13-portland,2023-24,2024,13,2,free-practice-1,FP1,2024-06-29T00:00:00Z,,False,False,https://www.fiaformulae.com/en/results-and-standings?season=10&round=13-portland&session=free-practice-1
fe-2023-24-r13-portland-qualifying,fe-2023-24-r13-portland,2023-24,2024,13,3,qualifying,Qualifying,2024-06-29T16:40:00Z,,False,False,https://www.fiaformulae.com/en/results-and-standings?season=10&round=13-portland&session=qualifying
fe-2023-24-r13-portland-starting-grid,fe-2023-24-r13-portland,2023-24,2024,13,4,grid,Starting Grid,,,False,False,https://www.fiaformulae.com/en/results-and-standings?season=10&round=13-portland&session=race
fe-2023-24-r13-portland-race,fe-2023-24-r13-portland,2023-24,2024,13,5,race,Race,2024-06-29T21:04:00Z,,True,False,https://www.fiaformulae.com/en/results-and-standings?season=10&round=13-portland&session=race
fe-2023-24-r14-portland-free-practice-3,fe-2023-24-r14-portland,2023-24,2024,14,1,free-practice-3,FP3,2024-06-30T14:30:00Z,,False,False,https://www.fiaformulae.com/en/results-and-standings?season=10&round=14-portland&session=free-practice-3
fe-2023-24-r14-portland-qualifying,fe-2023-24-r14-portland,2023-24,2024,14,2,qualifying,Qualifying,2024-06-30T16:40:00Z,,False,False,https://www.fiaformulae.com/en/results-and-standings?season=10&round=14-portland&session=qualifying
fe-2023-24-r14-portland-starting-grid,fe-2023-24-r14-portland,2023-24,2024,14,3,grid,Starting Grid,,,False,False,https://www.fiaformulae.com/en/results-and-standings?season=10&round=14-portland&session=race
fe-2023-24-r14-portland-race,fe-2023-24-r14-portland,2023-24,2024,14,4,race,Race,2024-06-30T21:04:00Z,,True,False,https://www.fiaformulae.com/en/results-and-standings?season=10&round=14-portland&session=race
fe-2023-24-r15-london-free-practice-2,fe-2023-24-r15-london,2023-24,2024,15,1,free-practice-2,FP2,2024-07-20T09:00:00Z,,False,False,https://www.fiaformulae.com/en/results-and-standings?season=10&round=15-london&session=free-practice-2
fe-2023-24-r15-london-free-practice-1,fe-2023-24-r15-london,2023-24,2024,15,2,free-practice-1,FP1,2024-07-19T16:00:00Z,,False,False,https://www.fiaformulae.com/en/results-and-standings?season=10&round=15-london&session=free-practice-1
fe-2023-24-r15-london-qualifying,fe-2023-24-r15-london,2023-24,2024,15,3,qualifying,Qualifying,2024-07-20T11:20:00Z,,False,False,https://www.fiaformulae.com/en/results-and-standings?season=10&round=15-london&session=qualifying
fe-2023-24-r15-london-starting-grid,fe-2023-24-r15-london,2023-24,2024,15,4,grid,Starting Grid,,,False,False,https://www.fiaformulae.com/en/results-and-standings?season=10&round=15-london&session=race
fe-2023-24-r15-london-race,fe-2023-24-r15-london,2023-24,2024,15,5,race,Race,2024-07-20T16:04:00Z,,True,False,https://www.fiaformulae.com/en/results-and-standings?season=10&round=15-london&session=race
fe-2023-24-r16-london-free-practice-3,fe-2023-24-r16-london,2023-24,2024,16,1,free-practice-3,FP3,2024-07-21T09:00:00Z,,False,False,https://www.fiaformulae.com/en/results-and-standings?season=10&round=16-london&session=free-practice-3
fe-2023-24-r16-london-qualifying,fe-2023-24-r16-london,2023-24,2024,16,2,qualifying,Qualifying,2024-07-21T11:20:00Z,,False,False,https://www.fiaformulae.com/en/results-and-standings?season=10&round=16-london&session=qualifying
fe-2023-24-r16-london-starting-grid,fe-2023-24-r16-london,2023-24,2024,16,3,grid,Starting Grid,,,False,False,https://www.fiaformulae.com/en/results-and-standings?season=10&round=16-london&session=race
fe-2023-24-r16-london-race,fe-2023-24-r16-london,2023-24,2024,16,4,race,Race,2024-07-21T16:04:00Z,,True,False,https://www.fiaformulae.com/en/results-and-standings?season=10&round=16-london&session=race
fe-2024-25-r1-sao-paulo-free-practice-2,fe-2024-25-r1-sao-paulo,2024-25,2025,1,1,free-practice-2,FP2,2024-12-07T10:30:00Z,,False,False,https://www.fiaformulae.com/en/results-and-standings?season=11&round=1-sao-paulo&session=free-practice-2
fe-2024-25-r1-sao-paulo-free-practice-1,fe-2024-25-r1-sao-paulo,2024-25,2025,1,2,free-practice-1,FP1,2024-12-06T20:00:00Z,,False,False,https://www.fiaformulae.com/en/results-and-standings?season=11&round=1-sao-paulo&session=free-practice-1
fe-2024-25-r1-sao-paulo-qualifying,fe-2024-25-r1-sao-paulo,2024-25,2025,1,3,qualifying,Qualifying,2024-12-07T12:40:00Z,,False,False,https://www.fiaformulae.com/en/results-and-standings?season=11&round=1-sao-paulo&session=qualifying
fe-2024-25-r1-sao-paulo-starting-grid,fe-2024-25-r1-sao-paulo,2024-25,2025,1,4,grid,Starting Grid,,,False,False,https://www.fiaformulae.com/en/results-and-standings?season=11&round=1-sao-paulo&session=race
fe-2024-25-r1-sao-paulo-race,fe-2024-25-r1-sao-paulo,2024-25,2025,1,5,race,Race,2024-12-07T17:05:00Z,,True,False,https://www.fiaformulae.com/en/results-and-standings?season=11&round=1-sao-paulo&session=race
fe-2024-25-r2-mexico-city-free-practice-2,fe-2024-25-r2-mexico-city,2024-25,2025,2,1,free-practice-2,FP2,2025-01-11T13:30:00Z,,False,False,https://www.fiaformulae.com/en/results-and-standings?season=11&round=2-mexico-city&session=free-practice-2
fe-2024-25-r2-mexico-city-free-practice-1,fe-2024-25-r2-mexico-city,2024-25,2025,2,2,free-practice-1,FP1,2025-01-10T23:00:00Z,,False,False,https://www.fiaformulae.com/en/results-and-standings?season=11&round=2-mexico-city&session=free-practice-1
fe-2024-25-r2-mexico-city-qualifying,fe-2024-25-r2-mexico-city,2024-25,2025,2,3,qualifying,Qualifying,2025-01-11T15:40:00Z,,False,False,https://www.fiaformulae.com/en/results-and-standings?season=11&round=2-mexico-city&session=qualifying
fe-2024-25-r2-mexico-city-starting-grid,fe-2024-25-r2-mexico-city,2024-25,2025,2,4,grid,Starting Grid,,,False,False,https://www.fiaformulae.com/en/results-and-standings?season=11&round=2-mexico-city&session=race
fe-2024-25-r2-mexico-city-race,fe-2024-25-r2-mexico-city,2024-25,2025,2,5,race,Race,2025-01-11T20:05:00Z,,True,False,https://www.fiaformulae.com/en/results-and-standings?season=11&round=2-mexico-city&session=race
fe-2024-25-r3-jeddah-free-practice-2,fe-2024-25-r3-jeddah,2024-25,2025,3,1,free-practice-2,FP2,2025-02-14T10:00:00Z,,False,False,https://www.fiaformulae.com/en/results-and-standings?season=11&round=3-jeddah&session=free-practice-2
fe-2024-25-r3-jeddah-free-practice-1,fe-2024-25-r3-jeddah,2024-25,2025,3,2,free-practice-1,FP1,2025-02-13T18:00:00Z,,False,False,https://www.fiaformulae.com/en/results-and-standings?season=11&round=3-jeddah&session=free-practice-1
fe-2024-25-r3-jeddah-qualifying,fe-2024-25-r3-jeddah,2024-25,2025,3,3,qualifying,Qualifying,2025-02-14T12:20:00Z,,False,False,https://www.fiaformulae.com/en/results-and-standings?season=11&round=3-jeddah&session=qualifying
fe-2024-25-r3-jeddah-starting-grid,fe-2024-25-r3-jeddah,2024-25,2025,3,4,grid,Starting Grid,,,False,False,https://www.fiaformulae.com/en/results-and-standings?season=11&round=3-jeddah&session=race
fe-2024-25-r3-jeddah-race,fe-2024-25-r3-jeddah,2024-25,2025,3,5,race,Race,2025-02-14T17:05:00Z,,True,False,https://www.fiaformulae.com/en/results-and-standings?season=11&round=3-jeddah&session=race
fe-2024-25-r4-jeddah-free-practice-3,fe-2024-25-r4-jeddah,2024-25,2025,4,1,free-practice-3,FP3,2025-02-15T10:00:00Z,,False,False,https://www.fiaformulae.com/en/results-and-standings?season=11&round=4-jeddah&session=free-practice-3
fe-2024-25-r4-jeddah-qualifying,fe-2024-25-r4-jeddah,2024-25,2025,4,2,qualifying,Qualifying,2025-02-15T12:20:00Z,,False,False,https://www.fiaformulae.com/en/results-and-standings?season=11&round=4-jeddah&session=qualifying
fe-2024-25-r4-jeddah-starting-grid,fe-2024-25-r4-jeddah,2024-25,2025,4,3,grid,Starting Grid,,,False,False,https://www.fiaformulae.com/en/results-and-standings?season=11&round=4-jeddah&session=race
fe-2024-25-r4-jeddah-race,fe-2024-25-r4-jeddah,2024-25,2025,4,4,race,Race,2025-02-15T17:05:00Z,,True,False,https://www.fiaformulae.com/en/results-and-standings?season=11&round=4-jeddah&session=race
fe-2024-25-r5-miami-free-practice-2,fe-2024-25-r5-miami,2024-25,2025,5,1,free-practice-2,FP2,2025-04-12T11:30:00Z,,False,False,https://www.fiaformulae.com/en/results-and-standings?season=11&round=5-miami&session=free-practice-2
fe-2024-25-r5-miami-free-practice-1,fe-2024-25-r5-miami,2024-25,2025,5,2,free-practice-1,FP1,2025-04-11T20:30:00Z,,False,False,https://www.fiaformulae.com/en/results-and-standings?season=11&round=5-miami&session=free-practice-1
fe-2024-25-r5-miami-qualifying,fe-2024-25-r5-miami,2024-25,2025,5,3,qualifying,Qualifying,2025-04-12T13:40:00Z,,False,False,https://www.fiaformulae.com/en/results-and-standings?season=11&round=5-miami&session=qualifying
fe-2024-25-r5-miami-starting-grid,fe-2024-25-r5-miami,2024-25,2025,5,4,grid,Starting Grid,,,False,False,https://www.fiaformulae.com/en/results-and-standings?season=11&round=5-miami&session=race
fe-2024-25-r5-miami-race,fe-2024-25-r5-miami,2024-25,2025,5,5,race,Race,2025-04-12T18:05:00Z,,True,False,https://www.fiaformulae.com/en/results-and-standings?season=11&round=5-miami&session=race
fe-2024-25-r6-monaco-free-practice-2,fe-2024-25-r6-monaco,2024-25,2025,6,1,free-practice-2,FP2,2025-05-03T07:10:00Z,,False,False,https://www.fiaformulae.com/en/results-and-standings?season=11&round=6-monaco&session=free-practice-2
fe-2024-25-r6-monaco-free-practice-1,fe-2024-25-r6-monaco,2024-25,2025,6,2,free-practice-1,FP1,2025-05-03T05:30:00Z,,False,False,https://www.fiaformulae.com/en/results-and-standings?season=11&round=6-monaco&session=free-practice-1
fe-2024-25-r6-monaco-qualifying,fe-2024-25-r6-monaco,2024-25,2025,6,3,qualifying,Qualifying,2025-05-03T08:40:00Z,,False,False,https://www.fiaformulae.com/en/results-and-standings?season=11&round=6-monaco&session=qualifying
fe-2024-25-r6-monaco-starting-grid,fe-2024-25-r6-monaco,2024-25,2025,6,4,grid,Starting Grid,,,False,False,https://www.fiaformulae.com/en/results-and-standings?season=11&round=6-monaco&session=race
fe-2024-25-r6-monaco-race,fe-2024-25-r6-monaco,2024-25,2025,6,5,race,Race,2025-05-03T13:05:00Z,,True,False,https://www.fiaformulae.com/en/results-and-standings?season=11&round=6-monaco&session=race
fe-2024-25-r7-monaco-free-practice-3,fe-2024-25-r7-monaco,2024-25,2025,7,1,free-practice-3,FP3,2025-05-04T06:30:00Z,,False,False,https://www.fiaformulae.com/en/results-and-standings?season=11&round=7-monaco&session=free-practice-3
fe-2024-25-r7-monaco-qualifying,fe-2024-25-r7-monaco,2024-25,2025,7,2,qualifying,Qualifying,2025-05-04T08:40:00Z,,False,False,https://www.fiaformulae.com/en/results-and-standings?season=11&round=7-monaco&session=qualifying
fe-2024-25-r7-monaco-starting-grid,fe-2024-25-r7-monaco,2024-25,2025,7,3,grid,Starting Grid,,,False,False,https://www.fiaformulae.com/en/results-and-standings?season=11&round=7-monaco&session=race
fe-2024-25-r7-monaco-race,fe-2024-25-r7-monaco,2024-25,2025,7,4,race,Race,2025-05-04T13:05:00Z,,True,False,https://www.fiaformulae.com/en/results-and-standings?season=11&round=7-monaco&session=race
fe-2024-25-r8-tokyo-free-practice-2,fe-2024-25-r8-tokyo,2024-25,2025,8,1,free-practice-2,FP2,2025-05-16T23:00:00Z,,False,False,https://www.fiaformulae.com/en/results-and-standings?season=11&round=8-tokyo&session=free-practice-2
fe-2024-25-r8-tokyo-free-practice-1,fe-2024-25-r8-tokyo,2024-25,2025,8,2,free-practice-1,FP1,2025-05-16T07:00:00Z,,False,False,https://www.fiaformulae.com/en/results-and-standings?season=11&round=8-tokyo&session=free-practice-1
fe-2024-25-r8-tokyo-starting-grid,fe-2024-25-r8-tokyo,2024-25,2025,8,3,grid,Starting Grid,,,False,False,https://www.fiaformulae.com/en/results-and-standings?season=11&round=8-tokyo&session=race
fe-2024-25-r8-tokyo-race,fe-2024-25-r8-tokyo,2024-25,2025,8,4,race,Race,2025-05-17T06:15:00Z,,True,False,https://www.fiaformulae.com/en/results-and-standings?season=11&round=8-tokyo&session=race
fe-2024-25-r9-tokyo-free-practice-3,fe-2024-25-r9-tokyo,2024-25,2025,9,1,free-practice-3,FP3,2025-05-17T23:00:00Z,,False,False,https://www.fiaformulae.com/en/results-and-standings?season=11&round=9-tokyo&session=free-practice-3
fe-2024-25-r9-tokyo-qualifying,fe-2024-25-r9-tokyo,2024-25,2025,9,2,qualifying,Qualifying,2025-05-18T01:20:00Z,,False,False,https://www.fiaformulae.com/en/results-and-standings?season=11&round=9-tokyo&session=qualifying
fe-2024-25-r9-tokyo-starting-grid,fe-2024-25-r9-tokyo,2024-25,2025,9,3,grid,Starting Grid,,,False,False,https://www.fiaformulae.com/en/results-and-standings?season=11&round=9-tokyo&session=race
fe-2024-25-r9-tokyo-race,fe-2024-25-r9-tokyo,2024-25,2025,9,4,race,Race,2025-05-18T06:05:00Z,,True,False,https://www.fiaformulae.com/en/results-and-standings?season=11&round=9-tokyo&session=race
fe-2024-25-r10-shanghai-free-practice-2,fe-2024-25-r10-shanghai,2024-25,2025,10,1,free-practice-2,FP2,2025-05-31T00:00:00Z,,False,False,https://www.fiaformulae.com/en/results-and-standings?season=11&round=10-shanghai&session=free-practice-2
fe-2024-25-r10-shanghai-free-practice-1,fe-2024-25-r10-shanghai,2024-25,2025,10,2,free-practice-1,FP1,2025-05-30T08:00:00Z,,False,False,https://www.fiaformulae.com/en/results-and-standings?season=11&round=10-shanghai&session=free-practice-1
fe-2024-25-r10-shanghai-qualifying,fe-2024-25-r10-shanghai,2024-25,2025,10,3,qualifying,Qualifying,2025-05-31T02:20:00Z,,False,False,https://www.fiaformulae.com/en/results-and-standings?season=11&round=10-shanghai&session=qualifying
fe-2024-25-r10-shanghai-starting-grid,fe-2024-25-r10-shanghai,2024-25,2025,10,4,grid,Starting Grid,,,False,False,https://www.fiaformulae.com/en/results-and-standings?season=11&round=10-shanghai&session=race
fe-2024-25-r10-shanghai-race,fe-2024-25-r10-shanghai,2024-25,2025,10,5,race,Race,2025-05-31T07:05:00Z,,True,False,https://www.fiaformulae.com/en/results-and-standings?season=11&round=10-shanghai&session=race
fe-2024-25-r11-shanghai-free-practice-3,fe-2024-25-r11-shanghai,2024-25,2025,11,1,free-practice-3,FP3,2025-05-31T23:00:00Z,,False,False,https://www.fiaformulae.com/en/results-and-standings?season=11&round=11-shanghai&session=free-practice-3
fe-2024-25-r11-shanghai-qualifying,fe-2024-25-r11-shanghai,2024-25,2025,11,2,qualifying,Qualifying,2025-06-01T01:00:00Z,,False,False,https://www.fiaformulae.com/en/results-and-standings?season=11&round=11-shanghai&session=qualifying
fe-2024-25-r11-shanghai-starting-grid,fe-2024-25-r11-shanghai,2024-25,2025,11,3,grid,Starting Grid,,,False,False,https://www.fiaformulae.com/en/results-and-standings?season=11&round=11-shanghai&session=race
fe-2024-25-r11-shanghai-race,fe-2024-25-r11-shanghai,2024-25,2025,11,4,race,Race,2025-06-01T05:04:00Z,,True,False,https://www.fiaformulae.com/en/results-and-standings?season=11&round=11-shanghai&session=race
fe-2024-25-r12-jakarta-free-practice-2,fe-2024-25-r12-jakarta,2024-25,2025,12,1,free-practice-2,FP2,2025-06-21T01:00:00Z,,False,False,https://www.fiaformulae.com/en/results-and-standings?season=11&round=12-jakarta&session=free-practice-2
fe-2024-25-r12-jakarta-free-practice-1,fe-2024-25-r12-jakarta,2024-25,2025,12,2,free-practice-1,FP1,2025-06-20T09:00:00Z,,False,False,https://www.fiaformulae.com/en/results-and-standings?season=11&round=12-jakarta&session=free-practice-1
fe-2024-25-r12-jakarta-qualifying,fe-2024-25-r12-jakarta,2024-25,2025,12,3,qualifying,Qualifying,2025-06-21T03:20:00Z,,False,False,https://www.fiaformulae.com/en/results-and-standings?season=11&round=12-jakarta&session=qualifying
fe-2024-25-r12-jakarta-starting-grid,fe-2024-25-r12-jakarta,2024-25,2025,12,4,grid,Starting Grid,,,False,False,https://www.fiaformulae.com/en/results-and-standings?season=11&round=12-jakarta&session=race
fe-2024-25-r12-jakarta-race,fe-2024-25-r12-jakarta,2024-25,2025,12,5,race,Race,2025-06-21T08:05:00Z,,True,False,https://www.fiaformulae.com/en/results-and-standings?season=11&round=12-jakarta&session=race
fe-2024-25-r13-berlin-free-practice-1,fe-2024-25-r13-berlin,2024-25,2025,13,1,free-practice-1,FP1,2025-07-11T14:00:00Z,,False,False,https://www.fiaformulae.com/en/results-and-standings?season=11&round=13-berlin&session=free-practice-1
fe-2024-25-r13-berlin-qualifying,fe-2024-25-r13-berlin,2024-25,2025,13,2,qualifying,Qualifying,2025-07-12T09:20:00Z,,False,False,https://www.fiaformulae.com/en/results-and-standings?season=11&round=13-berlin&session=qualifying
fe-2024-25-r13-berlin-starting-grid,fe-2024-25-r13-berlin,2024-25,2025,13,3,grid,Starting Grid,,,False,False,https://www.fiaformulae.com/en/results-and-standings?season=11&round=13-berlin&session=race
fe-2024-25-r13-berlin-race,fe-2024-25-r13-berlin,2024-25,2025,13,4,race,Race,2025-07-12T14:05:00Z,,True,False,https://www.fiaformulae.com/en/results-and-standings?season=11&round=13-berlin&session=race
fe-2024-25-r14-berlin-free-practice-3,fe-2024-25-r14-berlin,2024-25,2025,14,1,free-practice-3,FP3,2025-07-13T07:15:00Z,,False,False,https://www.fiaformulae.com/en/results-and-standings?season=11&round=14-berlin&session=free-practice-3
fe-2024-25-r14-berlin-qualifying,fe-2024-25-r14-berlin,2024-25,2025,14,2,qualifying,Qualifying,2025-07-13T09:20:00Z,,False,False,https://www.fiaformulae.com/en/results-and-standings?season=11&round=14-berlin&session=qualifying
fe-2024-25-r14-berlin-starting-grid,fe-2024-25-r14-berlin,2024-25,2025,14,3,grid,Starting Grid,,,False,False,https://www.fiaformulae.com/en/results-and-standings?season=11&round=14-berlin&session=race
fe-2024-25-r14-berlin-race,fe-2024-25-r14-berlin,2024-25,2025,14,4,race,Race,2025-07-13T14:05:00Z,,True,False,https://www.fiaformulae.com/en/results-and-standings?season=11&round=14-berlin&session=race
fe-2024-25-r15-london-free-practice-2,fe-2024-25-r15-london,2024-25,2025,15,1,free-practice-2,FP2,2025-07-26T09:00:00Z,,False,False,https://www.fiaformulae.com/en/results-and-standings?season=11&round=15-london&session=free-practice-2
fe-2024-25-r15-london-free-practice-1,fe-2024-25-r15-london,2024-25,2025,15,2,free-practice-1,FP1,2025-07-25T15:00:00Z,,False,False,https://www.fiaformulae.com/en/results-and-standings?season=11&round=15-london&session=free-practice-1
fe-2024-25-r15-london-qualifying,fe-2024-25-r15-london,2024-25,2025,15,3,qualifying,Qualifying,2025-07-26T11:20:00Z,,False,False,https://www.fiaformulae.com/en/results-and-standings?season=11&round=15-london&session=qualifying
fe-2024-25-r15-london-starting-grid,fe-2024-25-r15-london,2024-25,2025,15,4,grid,Starting Grid,,,False,False,https://www.fiaformulae.com/en/results-and-standings?season=11&round=15-london&session=race
fe-2024-25-r15-london-race,fe-2024-25-r15-london,2024-25,2025,15,5,race,Race,2025-07-26T16:05:00Z,,True,False,https://www.fiaformulae.com/en/results-and-standings?season=11&round=15-london&session=race
fe-2024-25-r16-london-free-practice-3,fe-2024-25-r16-london,2024-25,2025,16,1,free-practice-3,FP3,2025-07-27T09:00:00Z,,False,False,https://www.fiaformulae.com/en/results-and-standings?season=11&round=16-london&session=free-practice-3
fe-2024-25-r16-london-qualifying,fe-2024-25-r16-london,2024-25,2025,16,2,qualifying,Qualifying,2025-07-27T11:20:00Z,,False,False,https://www.fiaformulae.com/en/results-and-standings?season=11&round=16-london&session=qualifying
fe-2024-25-r16-london-starting-grid,fe-2024-25-r16-london,2024-25,2025,16,3,grid,Starting Grid,,,False,False,https://www.fiaformulae.com/en/results-and-standings?season=11&round=16-london&session=race
fe-2024-25-r16-london-race,fe-2024-25-r16-london,2024-25,2025,16,4,race,Race,2025-07-27T16:05:00Z,,True,False,https://www.fiaformulae.com/en/results-and-standings?season=11&round=16-london&session=race
fe-2025-26-r1-sao-paulo-free-practice,fe-2025-26-r1-sao-paulo,2025-26,2026,1,1,free-practice,FP,2025-12-06T10:10:00Z,,False,False,https://www.fiaformulae.com/en/results-and-standings?season=12&round=1-sao-paulo&session=free-practice
fe-2025-26-r1-sao-paulo-qualifying,fe-2025-26-r1-sao-paulo,2025-26,2026,1,2,qualifying,Qualifying,2025-12-06T12:40:00Z,,False,False,https://www.fiaformulae.com/en/results-and-standings?season=12&round=1-sao-paulo&session=qualifying
fe-2025-26-r1-sao-paulo-starting-grid,fe-2025-26-r1-sao-paulo,2025-26,2026,1,3,grid,Starting Grid,,,False,False,https://www.fiaformulae.com/en/results-and-standings?season=12&round=1-sao-paulo&session=race
fe-2025-26-r1-sao-paulo-race,fe-2025-26-r1-sao-paulo,2025-26,2026,1,4,race,Race,2025-12-06T17:05:00Z,,True,False,https://www.fiaformulae.com/en/results-and-standings?season=12&round=1-sao-paulo&session=race
fe-2025-26-r2-ciudad-de-mexico-free-practice-2,fe-2025-26-r2-ciudad-de-mexico,2025-26,2026,2,1,free-practice-2,FP2,2026-01-10T13:30:00Z,,False,False,https://www.fiaformulae.com/en/results-and-standings?season=12&round=2-ciudad-de-mexico&session=free-practice-2
fe-2025-26-r2-ciudad-de-mexico-free-practice-1,fe-2025-26-r2-ciudad-de-mexico,2025-26,2026,2,2,free-practice-1,FP1,2026-01-09T22:00:00Z,,False,False,https://www.fiaformulae.com/en/results-and-standings?season=12&round=2-ciudad-de-mexico&session=free-practice-1
fe-2025-26-r2-ciudad-de-mexico-qualifying,fe-2025-26-r2-ciudad-de-mexico,2025-26,2026,2,3,qualifying,Qualifying,2026-01-10T15:40:00Z,,False,False,https://www.fiaformulae.com/en/results-and-standings?season=12&round=2-ciudad-de-mexico&session=qualifying
fe-2025-26-r2-ciudad-de-mexico-starting-grid,fe-2025-26-r2-ciudad-de-mexico,2025-26,2026,2,4,grid,Starting Grid,,,False,False,https://www.fiaformulae.com/en/results-and-standings?season=12&round=2-ciudad-de-mexico&session=race
fe-2025-26-r2-ciudad-de-mexico-race,fe-2025-26-r2-ciudad-de-mexico,2025-26,2026,2,5,race,Race,2026-01-10T20:05:00Z,,True,False,https://www.fiaformulae.com/en/results-and-standings?season=12&round=2-ciudad-de-mexico&session=race
fe-2025-26-r3-miami-free-practice-2,fe-2025-26-r3-miami,2025-26,2026,3,1,free-practice-2,FP2,2026-01-31T12:30:00Z,,False,False,https://www.fiaformulae.com/en/results-and-standings?season=12&round=3-miami&session=free-practice-2
fe-2025-26-r3-miami-free-practice-1,fe-2025-26-r3-miami,2025-26,2026,3,2,free-practice-1,FP1,2026-01-30T22:00:00Z,,False,False,https://www.fiaformulae.com/en/results-and-standings?season=12&round=3-miami&session=free-practice-1
fe-2025-26-r3-miami-qualifying,fe-2025-26-r3-miami,2025-26,2026,3,3,qualifying,Qualifying,2026-01-31T14:40:00Z,,False,False,https://www.fiaformulae.com/en/results-and-standings?season=12&round=3-miami&session=qualifying
fe-2025-26-r3-miami-starting-grid,fe-2025-26-r3-miami,2025-26,2026,3,4,grid,Starting Grid,,,False,False,https://www.fiaformulae.com/en/results-and-standings?season=12&round=3-miami&session=race
fe-2025-26-r3-miami-race,fe-2025-26-r3-miami,2025-26,2026,3,5,race,Race,2026-01-31T19:05:00Z,,True,False,https://www.fiaformulae.com/en/results-and-standings?season=12&round=3-miami&session=race
fe-2025-26-r4-jeddah-free-practice-2,fe-2025-26-r4-jeddah,2025-26,2026,4,1,free-practice-2,FP2,2026-02-13T10:30:00Z,,False,False,https://www.fiaformulae.com/en/results-and-standings?season=12&round=4-jeddah&session=free-practice-2
fe-2025-26-r4-jeddah-free-practice-1,fe-2025-26-r4-jeddah,2025-26,2026,4,2,free-practice-1,FP1,2026-02-12T17:00:00Z,,False,False,https://www.fiaformulae.com/en/results-and-standings?season=12&round=4-jeddah&session=free-practice-1
fe-2025-26-r4-jeddah-qualifying,fe-2025-26-r4-jeddah,2025-26,2026,4,3,qualifying,Qualifying,2026-02-13T12:40:00Z,,False,False,https://www.fiaformulae.com/en/results-and-standings?season=12&round=4-jeddah&session=qualifying
fe-2025-26-r4-jeddah-starting-grid,fe-2025-26-r4-jeddah,2025-26,2026,4,4,grid,Starting Grid,,,False,False,https://www.fiaformulae.com/en/results-and-standings?season=12&round=4-jeddah&session=race
fe-2025-26-r4-jeddah-race,fe-2025-26-r4-jeddah,2025-26,2026,4,5,race,Race,2026-02-13T17:05:00Z,,True,False,https://www.fiaformulae.com/en/results-and-standings?season=12&round=4-jeddah&session=race
fe-2025-26-r5-jeddah-free-practice-3,fe-2025-26-r5-jeddah,2025-26,2026,5,1,free-practice-3,FP3,2026-02-14T10:30:00Z,,False,False,https://www.fiaformulae.com/en/results-and-standings?season=12&round=5-jeddah&session=free-practice-3
fe-2025-26-r5-jeddah-qualifying,fe-2025-26-r5-jeddah,2025-26,2026,5,2,qualifying,Qualifying,2026-02-14T12:40:00Z,,False,False,https://www.fiaformulae.com/en/results-and-standings?season=12&round=5-jeddah&session=qualifying
fe-2025-26-r5-jeddah-starting-grid,fe-2025-26-r5-jeddah,2025-26,2026,5,3,grid,Starting Grid,,,False,False,https://www.fiaformulae.com/en/results-and-standings?season=12&round=5-jeddah&session=race
fe-2025-26-r5-jeddah-race,fe-2025-26-r5-jeddah,2025-26,2026,5,4,race,Race,2026-02-14T17:05:00Z,,True,False,https://www.fiaformulae.com/en/results-and-standings?season=12&round=5-jeddah&session=race
fe-2025-26-r6-madrid-free-practice-2,fe-2025-26-r6-madrid,2025-26,2026,6,1,free-practice-2,FP2,2026-03-21T07:30:00Z,,False,False,https://www.fiaformulae.com/en/results-and-standings?season=12&round=6-madrid&session=free-practice-2
fe-2025-26-r6-madrid-free-practice-1,fe-2025-26-r6-madrid,2025-26,2026,6,2,free-practice-1,FP1,2026-03-20T15:30:00Z,,False,False,https://www.fiaformulae.com/en/results-and-standings?season=12&round=6-madrid&session=free-practice-1
fe-2025-26-r6-madrid-qualifying,fe-2025-26-r6-madrid,2025-26,2026,6,3,qualifying,Qualifying,2026-03-21T09:40:00Z,,False,False,https://www.fiaformulae.com/en/results-and-standings?season=12&round=6-madrid&session=qualifying
fe-2025-26-r6-madrid-starting-grid,fe-2025-26-r6-madrid,2025-26,2026,6,4,grid,Starting Grid,,,False,False,https://www.fiaformulae.com/en/results-and-standings?season=12&round=6-madrid&session=race
fe-2025-26-r6-madrid-race,fe-2025-26-r6-madrid,2025-26,2026,6,5,race,Race,2026-03-21T14:05:00Z,,True,False,https://www.fiaformulae.com/en/results-and-standings?season=12&round=6-madrid&session=race
fe-2025-26-r7-berlin-free-practice-2,fe-2025-26-r7-berlin,2025-26,2026,7,1,free-practice-2,FP2,2026-05-02T07:30:00Z,,False,False,https://www.fiaformulae.com/en/results-and-standings?season=12&round=7-berlin&session=free-practice-2
fe-2025-26-r7-berlin-free-practice-1,fe-2025-26-r7-berlin,2025-26,2026,7,2,free-practice-1,FP1,2026-05-01T14:00:00Z,,False,False,https://www.fiaformulae.com/en/results-and-standings?season=12&round=7-berlin&session=free-practice-1
fe-2025-26-r7-berlin-qualifying,fe-2025-26-r7-berlin,2025-26,2026,7,3,qualifying,Qualifying,2026-05-02T09:40:00Z,,False,False,https://www.fiaformulae.com/en/results-and-standings?season=12&round=7-berlin&session=qualifying
fe-2025-26-r7-berlin-starting-grid,fe-2025-26-r7-berlin,2025-26,2026,7,4,grid,Starting Grid,,,False,False,https://www.fiaformulae.com/en/results-and-standings?season=12&round=7-berlin&session=race
fe-2025-26-r7-berlin-race,fe-2025-26-r7-berlin,2025-26,2026,7,5,race,Race,2026-05-02T14:05:00Z,,True,False,https://www.fiaformulae.com/en/results-and-standings?season=12&round=7-berlin&session=race
fe-2025-26-r8-berlin-free-practice-3,fe-2025-26-r8-berlin,2025-26,2026,8,1,free-practice-3,FP3,2026-05-03T07:30:00Z,,False,False,https://www.fiaformulae.com/en/results-and-standings?season=12&round=8-berlin&session=free-practice-3
fe-2025-26-r8-berlin-qualifying,fe-2025-26-r8-berlin,2025-26,2026,8,2,qualifying,Qualifying,2026-05-03T09:40:00Z,,False,False,https://www.fiaformulae.com/en/results-and-standings?season=12&round=8-berlin&session=qualifying
fe-2025-26-r8-berlin-starting-grid,fe-2025-26-r8-berlin,2025-26,2026,8,3,grid,Starting Grid,,,False,False,https://www.fiaformulae.com/en/results-and-standings?season=12&round=8-berlin&session=race
fe-2025-26-r8-berlin-race,fe-2025-26-r8-berlin,2025-26,2026,8,4,race,Race,2026-05-03T14:05:00Z,,True,False,https://www.fiaformulae.com/en/results-and-standings?season=12&round=8-berlin&session=race
fe-2025-26-r9-monaco-free-practice-2,fe-2025-26-r9-monaco,2025-26,2026,9,1,free-practice-2,FP2,2026-05-16T07:10:00Z,,False,False,https://www.fiaformulae.com/en/results-and-standings?season=12&round=9-monaco&session=free-practice-2
fe-2025-26-r9-monaco-free-practice-1,fe-2025-26-r9-monaco,2025-26,2026,9,2,free-practice-1,FP1,2026-05-16T05:30:00Z,,False,False,https://www.fiaformulae.com/en/results-and-standings?season=12&round=9-monaco&session=free-practice-1
fe-2025-26-r9-monaco-qualifying,fe-2025-26-r9-monaco,2025-26,2026,9,3,qualifying,Qualifying,2026-05-16T08:40:00Z,,False,False,https://www.fiaformulae.com/en/results-and-standings?season=12&round=9-monaco&session=qualifying
fe-2025-26-r9-monaco-starting-grid,fe-2025-26-r9-monaco,2025-26,2026,9,4,grid,Starting Grid,,,False,False,https://www.fiaformulae.com/en/results-and-standings?season=12&round=9-monaco&session=race
fe-2025-26-r9-monaco-race,fe-2025-26-r9-monaco,2025-26,2026,9,5,race,Race,2026-05-16T13:05:00Z,,True,False,https://www.fiaformulae.com/en/results-and-standings?season=12&round=9-monaco&session=race
fe-2025-26-r10-monaco-free-practice-3,fe-2025-26-r10-monaco,2025-26,2026,10,1,free-practice-3,FP3,2026-05-17T06:30:00Z,,False,False,https://www.fiaformulae.com/en/results-and-standings?season=12&round=10-monaco&session=free-practice-3
fe-2025-26-r10-monaco-qualifying,fe-2025-26-r10-monaco,2025-26,2026,10,2,qualifying,Qualifying,2026-05-17T08:40:00Z,,False,False,https://www.fiaformulae.com/en/results-and-standings?season=12&round=10-monaco&session=qualifying
fe-2025-26-r10-monaco-starting-grid,fe-2025-26-r10-monaco,2025-26,2026,10,3,grid,Starting Grid,,,False,False,https://www.fiaformulae.com/en/results-and-standings?season=12&round=10-monaco&session=race
fe-2025-26-r10-monaco-race,fe-2025-26-r10-monaco,2025-26,2026,10,4,race,Race,2026-05-17T13:05:00Z,,True,False,https://www.fiaformulae.com/en/results-and-standings?season=12&round=10-monaco&session=race
fe-2025-26-r11-sanya-fenghuang-international-apt-free-practice-2,fe-2025-26-r11-sanya-fenghuang-international-apt,2025-26,2026,11,1,free-practice-2,FP2,2026-06-20T00:30:00Z,,False,False,https://www.fiaformulae.com/en/results-and-standings?season=12&round=11-sanya-fenghuang-international-apt&session=free-practice-2
fe-2025-26-r11-sanya-fenghuang-international-apt-free-practice-1,fe-2025-26-r11-sanya-fenghuang-international-apt,2025-26,2026,11,2,free-practice-1,FP1,2026-06-19T08:30:00Z,,False,False,https://www.fiaformulae.com/en/results-and-standings?season=12&round=11-sanya-fenghuang-international-apt&session=free-practice-1
fe-2025-26-r11-sanya-fenghuang-international-apt-qualifying,fe-2025-26-r11-sanya-fenghuang-international-apt,2025-26,2026,11,3,qualifying,Qualifying,2026-06-20T02:40:00Z,,False,False,https://www.fiaformulae.com/en/results-and-standings?season=12&round=11-sanya-fenghuang-international-apt&session=qualifying
fe-2025-26-r11-sanya-fenghuang-international-apt-starting-grid,fe-2025-26-r11-sanya-fenghuang-international-apt,2025-26,2026,11,4,grid,Starting Grid,,,False,False,https://www.fiaformulae.com/en/results-and-standings?season=12&round=11-sanya-fenghuang-international-apt&session=race
fe-2025-26-r11-sanya-fenghuang-international-apt-race,fe-2025-26-r11-sanya-fenghuang-international-apt,2025-26,2026,11,5,race,Race,2026-06-20T07:05:00Z,,True,False,https://www.fiaformulae.com/en/results-and-standings?season=12&round=11-sanya-fenghuang-international-apt&session=race
fe-2025-26-r12-shanghai-free-practice-2,fe-2025-26-r12-shanghai,2025-26,2026,12,1,free-practice-2,FP2,2026-07-03T22:00:00Z,,False,False,https://www.fiaformulae.com/en/results-and-standings?season=12&round=12-shanghai&session=free-practice-2
fe-2025-26-r12-shanghai-free-practice-1,fe-2025-26-r12-shanghai,2025-26,2026,12,2,free-practice-1,FP1,2026-07-03T08:00:00Z,,False,False,https://www.fiaformulae.com/en/results-and-standings?season=12&round=12-shanghai&session=free-practice-1
fe-2025-26-r12-shanghai-qualifying,fe-2025-26-r12-shanghai,2025-26,2026,12,3,qualifying,Qualifying,2026-07-04T00:00:00Z,,False,False,https://www.fiaformulae.com/en/results-and-standings?season=12&round=12-shanghai&session=qualifying
fe-2025-26-r12-shanghai-starting-grid,fe-2025-26-r12-shanghai,2025-26,2026,12,4,grid,Starting Grid,,,False,False,https://www.fiaformulae.com/en/results-and-standings?season=12&round=12-shanghai&session=race
fe-2025-26-r12-shanghai-race,fe-2025-26-r12-shanghai,2025-26,2026,12,5,race,Race,2026-07-04T04:05:00Z,,True,False,https://www.fiaformulae.com/en/results-and-standings?season=12&round=12-shanghai&session=race
fe-2025-26-r13-shanghai-free-practice-3,fe-2025-26-r13-shanghai,2025-26,2026,13,1,free-practice-3,FP3,2026-07-04T22:00:00Z,,False,False,https://www.fiaformulae.com/en/results-and-standings?season=12&round=13-shanghai&session=free-practice-3
fe-2025-26-r13-shanghai-qualifying,fe-2025-26-r13-shanghai,2025-26,2026,13,2,qualifying,Qualifying,2026-07-05T00:00:00Z,,False,False,https://www.fiaformulae.com/en/results-and-standings?season=12&round=13-shanghai&session=qualifying
fe-2025-26-r13-shanghai-starting-grid,fe-2025-26-r13-shanghai,2025-26,2026,13,3,grid,Starting Grid,,,False,False,https://www.fiaformulae.com/en/results-and-standings?season=12&round=13-shanghai&session=race
fe-2025-26-r13-shanghai-race,fe-2025-26-r13-shanghai,2025-26,2026,13,4,race,Race,2026-07-05T04:05:00Z,,True,False,https://www.fiaformulae.com/en/results-and-standings?season=12&round=13-shanghai&session=race
fe-2025-26-r14-tokyo-free-practice-2,fe-2025-26-r14-tokyo,2025-26,2026,14,1,free-practice-2,FP2,2026-07-25T04:30:00Z,,False,False,https://www.fiaformulae.com/en/results-and-standings?season=12&round=14-tokyo&session=free-practice-2
fe-2025-26-r14-tokyo-free-practice-1,fe-2025-26-r14-tokyo,2025-26,2026,14,2,free-practice-1,FP1,2026-07-24T10:15:00Z,,False,False,https://www.fiaformulae.com/en/results-and-standings?season=12&round=14-tokyo&session=free-practice-1
fe-2025-26-r14-tokyo-qualifying,fe-2025-26-r14-tokyo,2025-26,2026,14,3,qualifying,Qualifying,2026-07-25T06:40:00Z,,False,False,https://www.fiaformulae.com/en/results-and-standings?season=12&round=14-tokyo&session=qualifying
fe-2025-26-r14-tokyo-starting-grid,fe-2025-26-r14-tokyo,2025-26,2026,14,4,grid,Starting Grid,,,False,False,https://www.fiaformulae.com/en/results-and-standings?season=12&round=14-tokyo&session=race
fe-2025-26-r14-tokyo-race,fe-2025-26-r14-tokyo,2025-26,2026,14,5,race,Race,2026-07-25T11:05:00Z,,True,False,https://www.fiaformulae.com/en/results-and-standings?season=12&round=14-tokyo&session=race
fe-2025-26-r15-tokyo-qualifying,fe-2025-26-r15-tokyo,2025-26,2026,15,1,qualifying,Qualifying,2026-07-26T06:40:00Z,,False,False,https://www.fiaformulae.com/en/results-and-standings?season=12&round=15-tokyo&session=qualifying
fe-2025-26-r15-tokyo-starting-grid,fe-2025-26-r15-tokyo,2025-26,2026,15,2,grid,Starting Grid,,,False,False,https://www.fiaformulae.com/en/results-and-standings?season=12&round=15-tokyo&session=race
fe-2025-26-r15-tokyo-race,fe-2025-26-r15-tokyo,2025-26,2026,15,3,race,Race,2026-07-26T11:05:00Z,,True,False,https://www.fiaformulae.com/en/results-and-standings?season=12&round=15-tokyo&session=race
fe-2025-26-r16-london-free-practice-2,fe-2025-26-r16-london,2025-26,2026,16,1,free-practice-2,FP2,2026-08-15T07:30:00Z,,False,False,https://www.fiaformulae.com/en/results-and-standings?season=12&round=16-london&session=free-practice-2
fe-2025-26-r16-london-free-practice-1,fe-2025-26-r16-london,2025-26,2026,16,2,free-practice-1,FP1,2026-08-14T15:00:00Z,,False,False,https://www.fiaformulae.com/en/results-and-standings?season=12&round=16-london&session=free-practice-1
fe-2025-26-r16-london-qualifying,fe-2025-26-r16-london,2025-26,2026,16,3,qualifying,Qualifying,2026-08-15T09:40:00Z,,False,False,https://www.fiaformulae.com/en/results-and-standings?season=12&round=16-london&session=qualifying
fe-2025-26-r16-london-starting-grid,fe-2025-26-r16-london,2025-26,2026,16,4,grid,Starting Grid,,,False,False,https://www.fiaformulae.com/en/results-and-standings?season=12&round=16-london&session=race
fe-2025-26-r16-london-race,fe-2025-26-r16-london,2025-26,2026,16,5,race,Race,2026-08-15T14:05:00Z,,True,False,https://www.fiaformulae.com/en/results-and-standings?season=12&round=16-london&session=race
fe-2025-26-r17-london-free-practice-3,fe-2025-26-r17-london,2025-26,2026,17,1,free-practice-3,FP3,2026-08-16T07:30:00Z,,False,False,https://www.fiaformulae.com/en/results-and-standings?season=12&round=17-london&session=free-practice-3
fe-2025-26-r17-london-qualifying,fe-2025-26-r17-london,2025-26,2026,17,2,qualifying,Qualifying,2026-08-16T09:40:00Z,,False,False,https://www.fiaformulae.com/en/results-and-standings?season=12&round=17-london&session=qualifying
fe-2025-26-r17-london-starting-grid,fe-2025-26-r17-london,2025-26,2026,17,3,grid,Starting Grid,,,False,False,https://www.fiaformulae.com/en/results-and-standings?season=12&round=17-london&session=race
fe-2025-26-r17-london-race,fe-2025-26-r17-london,2025-26,2026,17,4,race,Race,2026-08-16T14:05:00Z,,True,False,https://www.fiaformulae.com/en/results-and-standings?season=12&round=17-london&session=race
