raceId,seasonKey,year,round,driverNumber,driverId,constructorId,chassisId,engineId
fe-2014-15-r1-beijing,2014-15,2015,1,11,lucas-di-grassi,audi-sport-abt-formula-e-team,spark-renault-srt-01e,spark-renault-srt-01-e
fe-2014-15-r1-beijing,2014-15,2015,1,2,sam-bird,virgin-racing-formula-e-team,spark-renault-srt-01e,spark-renault-srt-01-e
fe-2014-15-r1-beijing,2014-15,2015,1,99,nelson-piquet-jr,china-racing-formula-e-team,spark-renault-srt-01e,spark-renault-srt-01-e
fe-2014-15-r1-beijing,2014-15,2015,1,66,daniel-abt,audi-sport-abt-formula-e-team,spark-renault-srt-01e,spark-renault-srt-01-e
fe-2014-15-r1-beijing,2014-15,2015,1,9,sebastien-buemi,team-e-dams-renault,spark-renault-srt-01e,spark-renault-srt-01-e
fe-2014-15-r2-putrajaya,2014-15,2015,2,2,sam-bird,virgin-racing-formula-e-team,spark-renault-srt-01e,spark-renault-srt-01-e
fe-2014-15-r2-putrajaya,2014-15,2015,2,11,lucas-di-grassi,audi-sport-abt-formula-e-team,spark-renault-srt-01e,spark-renault-srt-01-e
fe-2014-15-r2-putrajaya,2014-15,2015,2,9,sebastien-buemi,team-e-dams-renault,spark-renault-srt-01e,spark-renault-srt-01-e
fe-2014-15-r2-putrajaya,2014-15,2015,2,55,antonio-felix-da-costa,amlin-aguri,spark-renault-srt-01e,spark-renault-srt-01-e
fe-2014-15-r2-putrajaya,2014-15,2015,2,66,daniel-abt,audi-sport-abt-formula-e-team,spark-renault-srt-01e,spark-renault-srt-01-e
fe-2014-15-r2-putrajaya,2014-15,2015,2,99,nelson-piquet-jr,china-racing-formula-e-team,spark-renault-srt-01e,spark-renault-srt-01-e
fe-2014-15-r3-punta-del-este,2014-15,2015,3,9,sebastien-buemi,team-e-dams-renault,spark-renault-srt-01e,spark-renault-srt-01-e
fe-2014-15-r3-punta-del-este,2014-15,2015,3,99,nelson-piquet-jr,china-racing-formula-e-team,spark-renault-srt-01e,spark-renault-srt-01-e
fe-2014-15-r3-punta-del-este,2014-15,2015,3,11,lucas-di-grassi,audi-sport-abt-formula-e-team,spark-renault-srt-01e,spark-renault-srt-01-e
fe-2014-15-r3-punta-del-este,2014-15,2015,3,27,jean-eric-vergne,andretti-autosport-formula-e-team,spark-renault-srt-01e,spark-renault-srt-01-e
fe-2014-15-r3-punta-del-este,2014-15,2015,3,66,daniel-abt,audi-sport-abt-formula-e-team,spark-renault-srt-01e,spark-renault-srt-01-e
fe-2014-15-r3-punta-del-este,2014-15,2015,3,55,antonio-felix-da-costa,amlin-aguri,spark-renault-srt-01e,spark-renault-srt-01-e
fe-2014-15-r3-punta-del-este,2014-15,2015,3,2,sam-bird,virgin-racing-formula-e-team,spark-renault-srt-01e,spark-renault-srt-01-e
fe-2014-15-r4-buenos-aires,2014-15,2015,4,55,antonio-felix-da-costa,amlin-aguri,spark-renault-srt-01e,spark-renault-srt-01-e
fe-2014-15-r4-buenos-aires,2014-15,2015,4,99,nelson-piquet-jr,china-racing-formula-e-team,spark-renault-srt-01e,spark-renault-srt-01-e
fe-2014-15-r4-buenos-aires,2014-15,2015,4,27,jean-eric-vergne,andretti-autosport-formula-e-team,spark-renault-srt-01e,spark-renault-srt-01-e
fe-2014-15-r4-buenos-aires,2014-15,2015,4,2,sam-bird,virgin-racing-formula-e-team,spark-renault-srt-01e,spark-renault-srt-01-e
fe-2014-15-r4-buenos-aires,2014-15,2015,4,66,daniel-abt,audi-sport-abt-formula-e-team,spark-renault-srt-01e,spark-renault-srt-01-e
fe-2014-15-r4-buenos-aires,2014-15,2015,4,11,lucas-di-grassi,audi-sport-abt-formula-e-team,spark-renault-srt-01e,spark-renault-srt-01-e
fe-2014-15-r4-buenos-aires,2014-15,2015,4,9,sebastien-buemi,team-e-dams-renault,spark-renault-srt-01e,spark-renault-srt-01-e
fe-2014-15-r5-miami,2014-15,2015,5,66,daniel-abt,audi-sport-abt-formula-e-team,spark-renault-srt-01e,spark-renault-srt-01-e
fe-2014-15-r5-miami,2014-15,2015,5,99,nelson-piquet-jr,china-racing-formula-e-team,spark-renault-srt-01e,spark-renault-srt-01-e
fe-2014-15-r5-miami,2014-15,2015,5,55,antonio-felix-da-costa,amlin-aguri,spark-renault-srt-01e,spark-renault-srt-01-e
fe-2014-15-r5-miami,2014-15,2015,5,2,sam-bird,virgin-racing-formula-e-team,spark-renault-srt-01e,spark-renault-srt-01-e
fe-2014-15-r5-miami,2014-15,2015,5,11,lucas-di-grassi,audi-sport-abt-formula-e-team,spark-renault-srt-01e,spark-renault-srt-01-e
fe-2014-15-r5-miami,2014-15,2015,5,9,sebastien-buemi,team-e-dams-renault,spark-renault-srt-01e,spark-renault-srt-01-e
fe-2014-15-r5-miami,2014-15,2015,5,27,jean-eric-vergne,andretti-autosport-formula-e-team,spark-renault-srt-01e,spark-renault-srt-01-e
fe-2014-15-r6-long-beach,2014-15,2015,6,99,nelson-piquet-jr,china-racing-formula-e-team,spark-renault-srt-01e,spark-renault-srt-01-e
fe-2014-15-r6-long-beach,2014-15,2015,6,27,jean-eric-vergne,andretti-autosport-formula-e-team,spark-renault-srt-01e,spark-renault-srt-01-e
fe-2014-15-r6-long-beach,2014-15,2015,6,11,lucas-di-grassi,audi-sport-abt-formula-e-team,spark-renault-srt-01e,spark-renault-srt-01-e
fe-2014-15-r6-long-beach,2014-15,2015,6,9,sebastien-buemi,team-e-dams-renault,spark-renault-srt-01e,spark-renault-srt-01-e
fe-2014-15-r6-long-beach,2014-15,2015,6,55,antonio-felix-da-costa,amlin-aguri,spark-renault-srt-01e,spark-renault-srt-01-e
fe-2014-15-r6-long-beach,2014-15,2015,6,66,daniel-abt,audi-sport-abt-formula-e-team,spark-renault-srt-01e,spark-renault-srt-01-e
fe-2014-15-r6-long-beach,2014-15,2015,6,2,sam-bird,virgin-racing-formula-e-team,spark-renault-srt-01e,spark-renault-srt-01-e
fe-2014-15-r7-monaco,2014-15,2015,7,9,sebastien-buemi,team-e-dams-renault,spark-renault-srt-01e,spark-renault-srt-01-e
fe-2014-15-r7-monaco,2014-15,2015,7,11,lucas-di-grassi,audi-sport-abt-formula-e-team,spark-renault-srt-01e,spark-renault-srt-01-e
fe-2014-15-r7-monaco,2014-15,2015,7,99,nelson-piquet-jr,china-racing-formula-e-team,spark-renault-srt-01e,spark-renault-srt-01-e
fe-2014-15-r7-monaco,2014-15,2015,7,2,sam-bird,virgin-racing-formula-e-team,spark-renault-srt-01e,spark-renault-srt-01-e
fe-2014-15-r7-monaco,2014-15,2015,7,55,antonio-felix-da-costa,amlin-aguri,spark-renault-srt-01e,spark-renault-srt-01-e
fe-2014-15-r7-monaco,2014-15,2015,7,66,daniel-abt,audi-sport-abt-formula-e-team,spark-renault-srt-01e,spark-renault-srt-01-e
fe-2014-15-r7-monaco,2014-15,2015,7,27,jean-eric-vergne,andretti-autosport-formula-e-team,spark-renault-srt-01e,spark-renault-srt-01-e
fe-2014-15-r8-berlin,2014-15,2015,8,9,sebastien-buemi,team-e-dams-renault,spark-renault-srt-01e,spark-renault-srt-01-e
fe-2014-15-r8-berlin,2014-15,2015,8,99,nelson-piquet-jr,china-racing-formula-e-team,spark-renault-srt-01e,spark-renault-srt-01-e
fe-2014-15-r8-berlin,2014-15,2015,8,27,jean-eric-vergne,andretti-autosport-formula-e-team,spark-renault-srt-01e,spark-renault-srt-01-e
fe-2014-15-r8-berlin,2014-15,2015,8,2,sam-bird,virgin-racing-formula-e-team,spark-renault-srt-01e,spark-renault-srt-01-e
fe-2014-15-r8-berlin,2014-15,2015,8,55,antonio-felix-da-costa,amlin-aguri,spark-renault-srt-01e,spark-renault-srt-01-e
fe-2014-15-r8-berlin,2014-15,2015,8,66,daniel-abt,audi-sport-abt-formula-e-team,spark-renault-srt-01e,spark-renault-srt-01-e
fe-2014-15-r8-berlin,2014-15,2015,8,11,lucas-di-grassi,audi-sport-abt-formula-e-team,spark-renault-srt-01e,spark-renault-srt-01-e
fe-2014-15-r9-moscow,2014-15,2015,9,99,nelson-piquet-jr,china-racing-formula-e-team,spark-renault-srt-01e,spark-renault-srt-01-e
fe-2014-15-r9-moscow,2014-15,2015,9,11,lucas-di-grassi,audi-sport-abt-formula-e-team,spark-renault-srt-01e,spark-renault-srt-01-e
fe-2014-15-r9-moscow,2014-15,2015,9,27,jean-eric-vergne,andretti-autosport-formula-e-team,spark-renault-srt-01e,spark-renault-srt-01-e
fe-2014-15-r9-moscow,2014-15,2015,9,66,daniel-abt,audi-sport-abt-formula-e-team,spark-renault-srt-01e,spark-renault-srt-01-e
fe-2014-15-r9-moscow,2014-15,2015,9,55,antonio-felix-da-costa,amlin-aguri,spark-renault-srt-01e,spark-renault-srt-01-e
fe-2014-15-r9-moscow,2014-15,2015,9,9,sebastien-buemi,team-e-dams-renault,spark-renault-srt-01e,spark-renault-srt-01-e
fe-2014-15-r9-moscow,2014-15,2015,9,2,sam-bird,virgin-racing-formula-e-team,spark-renault-srt-01e,spark-renault-srt-01-e
fe-2014-15-r10-london,2014-15,2015,10,9,sebastien-buemi,team-e-dams-renault,spark-renault-srt-01e,spark-renault-srt-01-e
fe-2014-15-r10-london,2014-15,2015,10,27,jean-eric-vergne,andretti-autosport-formula-e-team,spark-renault-srt-01e,spark-renault-srt-01-e
fe-2014-15-r10-london,2014-15,2015,10,11,lucas-di-grassi,audi-sport-abt-formula-e-team,spark-renault-srt-01e,spark-renault-srt-01-e
fe-2014-15-r10-london,2014-15,2015,10,99,nelson-piquet-jr,china-racing-formula-e-team,spark-renault-srt-01e,spark-renault-srt-01-e
fe-2014-15-r10-london,2014-15,2015,10,2,sam-bird,virgin-racing-formula-e-team,spark-renault-srt-01e,spark-renault-srt-01-e
fe-2014-15-r10-london,2014-15,2015,10,88,oliver-turvey,china-racing-formula-e-team,spark-renault-srt-01e,spark-renault-srt-01-e
fe-2014-15-r10-london,2014-15,2015,10,66,daniel-abt,audi-sport-abt-formula-e-team,spark-renault-srt-01e,spark-renault-srt-01-e
fe-2014-15-r11-london,2014-15,2015,11,2,sam-bird,virgin-racing-formula-e-team,spark-renault-srt-01e,spark-renault-srt-01-e
fe-2014-15-r11-london,2014-15,2015,11,9,sebastien-buemi,team-e-dams-renault,spark-renault-srt-01e,spark-renault-srt-01-e
fe-2014-15-r11-london,2014-15,2015,11,11,lucas-di-grassi,audi-sport-abt-formula-e-team,spark-renault-srt-01e,spark-renault-srt-01-e
fe-2014-15-r11-london,2014-15,2015,11,99,nelson-piquet-jr,china-racing-formula-e-team,spark-renault-srt-01e,spark-renault-srt-01-e
fe-2014-15-r11-london,2014-15,2015,11,88,oliver-turvey,china-racing-formula-e-team,spark-renault-srt-01e,spark-renault-srt-01-e
fe-2014-15-r11-london,2014-15,2015,11,66,daniel-abt,audi-sport-abt-formula-e-team,spark-renault-srt-01e,spark-renault-srt-01-e
fe-2014-15-r11-london,2014-15,2015,11,27,jean-eric-vergne,andretti-autosport-formula-e-team,spark-renault-srt-01e,spark-renault-srt-01-e
fe-2014-15-r1-beijing,2014-15,2015,1,27,franck-montagny,andretti-autosport-formula-e-team,spark-renault-srt-01e,spark-renault-srt-01-e
fe-2014-15-r1-beijing,2014-15,2015,1,28,charles-pic,andretti-autosport-formula-e-team,spark-renault-srt-01e,spark-renault-srt-01-e
fe-2014-15-r1-beijing,2014-15,2015,1,5,karun-chandhok,mahindra-racing-formula-e-team,spark-renault-srt-01e,spark-renault-srt-01-e
fe-2014-15-r1-beijing,2014-15,2015,1,7,jerome-d-ambrosio,dragon-racing-formula-e-team,spark-renault-srt-01e,spark-renault-srt-01-e
fe-2014-15-r1-beijing,2014-15,2015,1,6,oriol-servia,dragon-racing-formula-e-team,spark-renault-srt-01e,spark-renault-srt-01-e
fe-2014-15-r1-beijing,2014-15,2015,1,30,stephane-sarrazin,venturi-formula-e-team,spark-renault-srt-01e,spark-renault-srt-01-e
fe-2014-15-r1-beijing,2014-15,2015,1,3,jaime-alguersuari,virgin-racing-formula-e-team,spark-renault-srt-01e,spark-renault-srt-01-e
fe-2014-15-r1-beijing,2014-15,2015,1,8,nicolas-prost,team-e-dams-renault,spark-renault-srt-01e,spark-renault-srt-01-e
fe-2014-15-r1-beijing,2014-15,2015,1,23,nick-heidfeld,venturi-formula-e-team,spark-renault-srt-01e,spark-renault-srt-01-e
fe-2014-15-r1-beijing,2014-15,2015,1,18,michela-cerruti,trulli-formula-e-team,spark-renault-srt-01e,spark-renault-srt-01-e
fe-2014-15-r1-beijing,2014-15,2015,1,77,katherine-legge,amlin-aguri,spark-renault-srt-01e,spark-renault-srt-01-e
fe-2014-15-r1-beijing,2014-15,2015,1,88,ho-pin-tung,china-racing-formula-e-team,spark-renault-srt-01e,spark-renault-srt-01-e
fe-2014-15-r1-beijing,2014-15,2015,1,55,takuma-sato,amlin-aguri,spark-renault-srt-01e,spark-renault-srt-01-e
fe-2014-15-r1-beijing,2014-15,2015,1,10,jarno-trulli,trulli-formula-e-team,spark-renault-srt-01e,spark-renault-srt-01-e
fe-2014-15-r1-beijing,2014-15,2015,1,21,bruno-senna,mahindra-racing-formula-e-team,spark-renault-srt-01e,spark-renault-srt-01-e
fe-2014-15-r2-putrajaya,2014-15,2015,2,8,nicolas-prost,team-e-dams-renault,spark-renault-srt-01e,spark-renault-srt-01-e
fe-2014-15-r2-putrajaya,2014-15,2015,2,7,jerome-d-ambrosio,dragon-racing-formula-e-team,spark-renault-srt-01e,spark-renault-srt-01-e
fe-2014-15-r2-putrajaya,2014-15,2015,2,5,karun-chandhok,mahindra-racing-formula-e-team,spark-renault-srt-01e,spark-renault-srt-01-e
fe-2014-15-r2-putrajaya,2014-15,2015,2,6,oriol-servia,dragon-racing-formula-e-team,spark-renault-srt-01e,spark-renault-srt-01-e
fe-2014-15-r2-putrajaya,2014-15,2015,2,3,jaime-alguersuari,virgin-racing-formula-e-team,spark-renault-srt-01e,spark-renault-srt-01-e
fe-2014-15-r2-putrajaya,2014-15,2015,2,88,ho-pin-tung,china-racing-formula-e-team,spark-renault-srt-01e,spark-renault-srt-01-e
fe-2014-15-r2-putrajaya,2014-15,2015,2,30,stephane-sarrazin,venturi-formula-e-team,spark-renault-srt-01e,spark-renault-srt-01-e
fe-2014-15-r2-putrajaya,2014-15,2015,2,28,matthew-brabham,andretti-autosport-formula-e-team,spark-renault-srt-01e,spark-renault-srt-01-e
fe-2014-15-r2-putrajaya,2014-15,2015,2,21,bruno-senna,mahindra-racing-formula-e-team,spark-renault-srt-01e,spark-renault-srt-01-e
fe-2014-15-r2-putrajaya,2014-15,2015,2,27,franck-montagny,andretti-autosport-formula-e-team,spark-renault-srt-01e,spark-renault-srt-01-e
fe-2014-15-r2-putrajaya,2014-15,2015,2,77,katherine-legge,amlin-aguri,spark-renault-srt-01e,spark-renault-srt-01-e
fe-2014-15-r2-putrajaya,2014-15,2015,2,10,jarno-trulli,trulli-formula-e-team,spark-renault-srt-01e,spark-renault-srt-01-e
fe-2014-15-r2-putrajaya,2014-15,2015,2,18,michela-cerruti,trulli-formula-e-team,spark-renault-srt-01e,spark-renault-srt-01-e
fe-2014-15-r2-putrajaya,2014-15,2015,2,23,nick-heidfeld,venturi-formula-e-team,spark-renault-srt-01e,spark-renault-srt-01-e
fe-2014-15-r3-punta-del-este,2014-15,2015,3,10,jarno-trulli,trulli-formula-e-team,spark-renault-srt-01e,spark-renault-srt-01-e
fe-2014-15-r3-punta-del-este,2014-15,2015,3,3,jaime-alguersuari,virgin-racing-formula-e-team,spark-renault-srt-01e,spark-renault-srt-01-e
fe-2014-15-r3-punta-del-este,2014-15,2015,3,21,bruno-senna,mahindra-racing-formula-e-team,spark-renault-srt-01e,spark-renault-srt-01-e
fe-2014-15-r3-punta-del-este,2014-15,2015,3,8,nicolas-prost,team-e-dams-renault,spark-renault-srt-01e,spark-renault-srt-01-e
fe-2014-15-r3-punta-del-este,2014-15,2015,3,7,jerome-d-ambrosio,dragon-racing-formula-e-team,spark-renault-srt-01e,spark-renault-srt-01-e
fe-2014-15-r3-punta-del-este,2014-15,2015,3,6,oriol-servia,dragon-racing-formula-e-team,spark-renault-srt-01e,spark-renault-srt-01-e
fe-2014-15-r3-punta-del-este,2014-15,2015,3,23,nick-heidfeld,venturi-formula-e-team,spark-renault-srt-01e,spark-renault-srt-01-e
fe-2014-15-r3-punta-del-este,2014-15,2015,3,88,antonio-garcia,china-racing-formula-e-team,spark-renault-srt-01e,spark-renault-srt-01-e
fe-2014-15-r3-punta-del-este,2014-15,2015,3,18,michela-cerruti,trulli-formula-e-team,spark-renault-srt-01e,spark-renault-srt-01-e
fe-2014-15-r3-punta-del-este,2014-15,2015,3,5,karun-chandhok,mahindra-racing-formula-e-team,spark-renault-srt-01e,spark-renault-srt-01-e
fe-2014-15-r3-punta-del-este,2014-15,2015,3,77,salvador-duran,amlin-aguri,spark-renault-srt-01e,spark-renault-srt-01-e
fe-2014-15-r3-punta-del-este,2014-15,2015,3,28,matthew-brabham,andretti-autosport-formula-e-team,spark-renault-srt-01e,spark-renault-srt-01-e
fe-2014-15-r3-punta-del-este,2014-15,2015,3,30,stephane-sarrazin,venturi-formula-e-team,spark-renault-srt-01e,spark-renault-srt-01-e
fe-2014-15-r4-buenos-aires,2014-15,2015,4,8,nicolas-prost,team-e-dams-renault,spark-renault-srt-01e,spark-renault-srt-01-e
fe-2014-15-r4-buenos-aires,2014-15,2015,4,3,jaime-alguersuari,virgin-racing-formula-e-team,spark-renault-srt-01e,spark-renault-srt-01-e
fe-2014-15-r4-buenos-aires,2014-15,2015,4,21,bruno-senna,mahindra-racing-formula-e-team,spark-renault-srt-01e,spark-renault-srt-01-e
fe-2014-15-r4-buenos-aires,2014-15,2015,4,23,nick-heidfeld,venturi-formula-e-team,spark-renault-srt-01e,spark-renault-srt-01-e
fe-2014-15-r4-buenos-aires,2014-15,2015,4,6,oriol-servia,dragon-racing-formula-e-team,spark-renault-srt-01e,spark-renault-srt-01-e
fe-2014-15-r4-buenos-aires,2014-15,2015,4,30,stephane-sarrazin,venturi-formula-e-team,spark-renault-srt-01e,spark-renault-srt-01-e
fe-2014-15-r4-buenos-aires,2014-15,2015,4,88,ho-pin-tung,china-racing-formula-e-team,spark-renault-srt-01e,spark-renault-srt-01-e
fe-2014-15-r4-buenos-aires,2014-15,2015,4,28,marco-andretti,andretti-autosport-formula-e-team,spark-renault-srt-01e,spark-renault-srt-01-e
fe-2014-15-r4-buenos-aires,2014-15,2015,4,7,jerome-d-ambrosio,dragon-racing-formula-e-team,spark-renault-srt-01e,spark-renault-srt-01-e
fe-2014-15-r4-buenos-aires,2014-15,2015,4,10,jarno-trulli,trulli-formula-e-team,spark-renault-srt-01e,spark-renault-srt-01-e
fe-2014-15-r4-buenos-aires,2014-15,2015,4,18,michela-cerruti,trulli-formula-e-team,spark-renault-srt-01e,spark-renault-srt-01-e
fe-2014-15-r4-buenos-aires,2014-15,2015,4,5,karun-chandhok,mahindra-racing-formula-e-team,spark-renault-srt-01e,spark-renault-srt-01-e
fe-2014-15-r4-buenos-aires,2014-15,2015,4,77,salvador-duran,amlin-aguri,spark-renault-srt-01e,spark-renault-srt-01-e
fe-2014-15-r5-miami,2014-15,2015,5,8,nicolas-prost,team-e-dams-renault,spark-renault-srt-01e,spark-renault-srt-01-e
fe-2014-15-r5-miami,2014-15,2015,5,28,scott-speed,andretti-autosport-formula-e-team,spark-renault-srt-01e,spark-renault-srt-01-e
fe-2014-15-r5-miami,2014-15,2015,5,7,jerome-d-ambrosio,dragon-racing-formula-e-team,spark-renault-srt-01e,spark-renault-srt-01-e
fe-2014-15-r5-miami,2014-15,2015,5,6,loic-duval,dragon-racing-formula-e-team,spark-renault-srt-01e,spark-renault-srt-01-e
fe-2014-15-r5-miami,2014-15,2015,5,77,salvador-duran,amlin-aguri,spark-renault-srt-01e,spark-renault-srt-01-e
fe-2014-15-r5-miami,2014-15,2015,5,3,jaime-alguersuari,virgin-racing-formula-e-team,spark-renault-srt-01e,spark-renault-srt-01-e
fe-2014-15-r5-miami,2014-15,2015,5,23,nick-heidfeld,venturi-formula-e-team,spark-renault-srt-01e,spark-renault-srt-01-e
fe-2014-15-r5-miami,2014-15,2015,5,5,karun-chandhok,mahindra-racing-formula-e-team,spark-renault-srt-01e,spark-renault-srt-01-e
fe-2014-15-r5-miami,2014-15,2015,5,10,jarno-trulli,trulli-formula-e-team,spark-renault-srt-01e,spark-renault-srt-01-e
fe-2014-15-r5-miami,2014-15,2015,5,18,vitantonio-liuzzi,trulli-formula-e-team,spark-renault-srt-01e,spark-renault-srt-01-e
fe-2014-15-r5-miami,2014-15,2015,5,88,charles-pic,china-racing-formula-e-team,spark-renault-srt-01e,spark-renault-srt-01-e
fe-2014-15-r5-miami,2014-15,2015,5,30,stephane-sarrazin,venturi-formula-e-team,spark-renault-srt-01e,spark-renault-srt-01-e
fe-2014-15-r5-miami,2014-15,2015,5,21,bruno-senna,mahindra-racing-formula-e-team,spark-renault-srt-01e,spark-renault-srt-01-e
fe-2014-15-r6-long-beach,2014-15,2015,6,21,bruno-senna,mahindra-racing-formula-e-team,spark-renault-srt-01e,spark-renault-srt-01-e
fe-2014-15-r6-long-beach,2014-15,2015,6,7,jerome-d-ambrosio,dragon-racing-formula-e-team,spark-renault-srt-01e,spark-renault-srt-01-e
fe-2014-15-r6-long-beach,2014-15,2015,6,3,jaime-alguersuari,virgin-racing-formula-e-team,spark-renault-srt-01e,spark-renault-srt-01-e
fe-2014-15-r6-long-beach,2014-15,2015,6,6,loic-duval,dragon-racing-formula-e-team,spark-renault-srt-01e,spark-renault-srt-01-e
fe-2014-15-r6-long-beach,2014-15,2015,6,30,stephane-sarrazin,venturi-formula-e-team,spark-renault-srt-01e,spark-renault-srt-01-e
fe-2014-15-r6-long-beach,2014-15,2015,6,23,nick-heidfeld,venturi-formula-e-team,spark-renault-srt-01e,spark-renault-srt-01-e
fe-2014-15-r6-long-beach,2014-15,2015,6,5,karun-chandhok,mahindra-racing-formula-e-team,spark-renault-srt-01e,spark-renault-srt-01-e
fe-2014-15-r6-long-beach,2014-15,2015,6,18,vitantonio-liuzzi,trulli-formula-e-team,spark-renault-srt-01e,spark-renault-srt-01-e
fe-2014-15-r6-long-beach,2014-15,2015,6,8,nicolas-prost,team-e-dams-renault,spark-renault-srt-01e,spark-renault-srt-01-e
fe-2014-15-r6-long-beach,2014-15,2015,6,88,charles-pic,china-racing-formula-e-team,spark-renault-srt-01e,spark-renault-srt-01-e
fe-2014-15-r6-long-beach,2014-15,2015,6,77,salvador-duran,amlin-aguri,spark-renault-srt-01e,spark-renault-srt-01-e
fe-2014-15-r6-long-beach,2014-15,2015,6,10,jarno-trulli,trulli-formula-e-team,spark-renault-srt-01e,spark-renault-srt-01-e
fe-2014-15-r6-long-beach,2014-15,2015,6,28,scott-speed,andretti-autosport-formula-e-team,spark-renault-srt-01e,spark-renault-srt-01-e
fe-2014-15-r7-monaco,2014-15,2015,7,7,jerome-d-ambrosio,dragon-racing-formula-e-team,spark-renault-srt-01e,spark-renault-srt-01-e
fe-2014-15-r7-monaco,2014-15,2015,7,8,nicolas-prost,team-e-dams-renault,spark-renault-srt-01e,spark-renault-srt-01-e
fe-2014-15-r7-monaco,2014-15,2015,7,30,stephane-sarrazin,venturi-formula-e-team,spark-renault-srt-01e,spark-renault-srt-01-e
fe-2014-15-r7-monaco,2014-15,2015,7,88,charles-pic,nextev-tcr-formula-e-team,spark-renault-srt-01e,spark-renault-srt-01-e
fe-2014-15-r7-monaco,2014-15,2015,7,23,nick-heidfeld,venturi-formula-e-team,spark-renault-srt-01e,spark-renault-srt-01-e
fe-2014-15-r7-monaco,2014-15,2015,7,10,jarno-trulli,trulli-formula-e-team,spark-renault-srt-01e,spark-renault-srt-01-e
fe-2014-15-r7-monaco,2014-15,2015,7,28,scott-speed,andretti-autosport-formula-e-team,spark-renault-srt-01e,spark-renault-srt-01-e
fe-2014-15-r7-monaco,2014-15,2015,7,5,karun-chandhok,mahindra-racing-formula-e-team,spark-renault-srt-01e,spark-renault-srt-01-e
fe-2014-15-r7-monaco,2014-15,2015,7,18,vitantonio-liuzzi,trulli-formula-e-team,spark-renault-srt-01e,spark-renault-srt-01-e
fe-2014-15-r7-monaco,2014-15,2015,7,77,salvador-duran,amlin-aguri,spark-renault-srt-01e,spark-renault-srt-01-e
fe-2014-15-r7-monaco,2014-15,2015,7,6,loic-duval,dragon-racing-formula-e-team,spark-renault-srt-01e,spark-renault-srt-01-e
fe-2014-15-r7-monaco,2014-15,2015,7,3,jaime-alguersuari,virgin-racing-formula-e-team,spark-renault-srt-01e,spark-renault-srt-01-e
fe-2014-15-r7-monaco,2014-15,2015,7,21,bruno-senna,mahindra-racing-formula-e-team,spark-renault-srt-01e,spark-renault-srt-01-e
fe-2014-15-r8-berlin,2014-15,2015,8,7,jerome-d-ambrosio,dragon-racing-formula-e-team,spark-renault-srt-01e,spark-renault-srt-01-e
fe-2014-15-r8-berlin,2014-15,2015,8,6,loic-duval,dragon-racing-formula-e-team,spark-renault-srt-01e,spark-renault-srt-01-e
fe-2014-15-r8-berlin,2014-15,2015,8,23,nick-heidfeld,venturi-formula-e-team,spark-renault-srt-01e,spark-renault-srt-01-e
fe-2014-15-r8-berlin,2014-15,2015,8,30,stephane-sarrazin,venturi-formula-e-team,spark-renault-srt-01e,spark-renault-srt-01-e
fe-2014-15-r8-berlin,2014-15,2015,8,18,vitantonio-liuzzi,trulli-formula-e-team,spark-renault-srt-01e,spark-renault-srt-01-e
fe-2014-15-r8-berlin,2014-15,2015,8,8,nicolas-prost,team-e-dams-renault,spark-renault-srt-01e,spark-renault-srt-01-e
fe-2014-15-r8-berlin,2014-15,2015,8,3,jaime-alguersuari,virgin-racing-formula-e-team,spark-renault-srt-01e,spark-renault-srt-01-e
fe-2014-15-r8-berlin,2014-15,2015,8,28,scott-speed,andretti-autosport-formula-e-team,spark-renault-srt-01e,spark-renault-srt-01-e
fe-2014-15-r8-berlin,2014-15,2015,8,88,charles-pic,nextev-tcr-formula-e-team,spark-renault-srt-01e,spark-renault-srt-01-e
fe-2014-15-r8-berlin,2014-15,2015,8,77,salvador-duran,amlin-aguri,spark-renault-srt-01e,spark-renault-srt-01-e
fe-2014-15-r8-berlin,2014-15,2015,8,21,bruno-senna,mahindra-racing-formula-e-team,spark-renault-srt-01e,spark-renault-srt-01-e
fe-2014-15-r8-berlin,2014-15,2015,8,5,karun-chandhok,mahindra-racing-formula-e-team,spark-renault-srt-01e,spark-renault-srt-01-e
fe-2014-15-r8-berlin,2014-15,2015,8,10,jarno-trulli,trulli-formula-e-team,spark-renault-srt-01e,spark-renault-srt-01-e
fe-2014-15-r9-moscow,2014-15,2015,9,23,nick-heidfeld,venturi-formula-e-team,spark-renault-srt-01e,spark-renault-srt-01-e
fe-2014-15-r9-moscow,2014-15,2015,9,77,salvador-duran,amlin-aguri,spark-renault-srt-01e,spark-renault-srt-01-e
fe-2014-15-r9-moscow,2014-15,2015,9,8,nicolas-prost,team-e-dams-renault,spark-renault-srt-01e,spark-renault-srt-01-e
fe-2014-15-r9-moscow,2014-15,2015,9,28,justin-wilson,andretti-autosport-formula-e-team,spark-renault-srt-01e,spark-renault-srt-01-e
fe-2014-15-r9-moscow,2014-15,2015,9,7,jerome-d-ambrosio,dragon-racing-formula-e-team,spark-renault-srt-01e,spark-renault-srt-01-e
fe-2014-15-r9-moscow,2014-15,2015,9,5,karun-chandhok,mahindra-racing-formula-e-team,spark-renault-srt-01e,spark-renault-srt-01-e
fe-2014-15-r9-moscow,2014-15,2015,9,3,jaime-alguersuari,virgin-racing-formula-e-team,spark-renault-srt-01e,spark-renault-srt-01-e
fe-2014-15-r9-moscow,2014-15,2015,9,30,stephane-sarrazin,venturi-formula-e-team,spark-renault-srt-01e,spark-renault-srt-01-e
fe-2014-15-r9-moscow,2014-15,2015,9,6,loic-duval,dragon-racing-formula-e-team,spark-renault-srt-01e,spark-renault-srt-01-e
fe-2014-15-r9-moscow,2014-15,2015,9,21,bruno-senna,mahindra-racing-formula-e-team,spark-renault-srt-01e,spark-renault-srt-01-e
fe-2014-15-r9-moscow,2014-15,2015,9,18,vitantonio-liuzzi,trulli-formula-e-team,spark-renault-srt-01e,spark-renault-srt-01-e
fe-2014-15-r9-moscow,2014-15,2015,9,10,jarno-trulli,trulli-formula-e-team,spark-renault-srt-01e,spark-renault-srt-01-e
fe-2014-15-r9-moscow,2014-15,2015,9,88,antonio-garcia,nextev-tcr-formula-e-team,spark-renault-srt-01e,spark-renault-srt-01-e
fe-2014-15-r10-london,2014-15,2015,10,7,jerome-d-ambrosio,dragon-racing-formula-e-team,spark-renault-srt-01e,spark-renault-srt-01-e
fe-2014-15-r10-london,2014-15,2015,10,8,nicolas-prost,team-e-dams-renault,spark-renault-srt-01e,spark-renault-srt-01-e
fe-2014-15-r10-london,2014-15,2015,10,6,loic-duval,dragon-racing-formula-e-team,spark-renault-srt-01e,spark-renault-srt-01-e
fe-2014-15-r10-london,2014-15,2015,10,30,stephane-sarrazin,venturi-formula-e-team,spark-renault-srt-01e,spark-renault-srt-01-e
fe-2014-15-r10-london,2014-15,2015,10,28,simona-de-silvestro,andretti-autosport-formula-e-team,spark-renault-srt-01e,spark-renault-srt-01-e
fe-2014-15-r10-london,2014-15,2015,10,5,karun-chandhok,mahindra-racing-formula-e-team,spark-renault-srt-01e,spark-renault-srt-01-e
fe-2014-15-r10-london,2014-15,2015,10,23,nick-heidfeld,venturi-formula-e-team,spark-renault-srt-01e,spark-renault-srt-01-e
fe-2014-15-r10-london,2014-15,2015,10,3,fabio-leimer,virgin-racing-formula-e-team,spark-renault-srt-01e,spark-renault-srt-01-e
fe-2014-15-r10-london,2014-15,2015,10,10,jarno-trulli,trulli-formula-e-team,spark-renault-srt-01e,spark-renault-srt-01-e
fe-2014-15-r10-london,2014-15,2015,10,21,bruno-senna,mahindra-racing-formula-e-team,spark-renault-srt-01e,spark-renault-srt-01-e
fe-2014-15-r10-london,2014-15,2015,10,77,salvador-duran,amlin-aguri,spark-renault-srt-01e,spark-renault-srt-01-e
fe-2014-15-r10-london,2014-15,2015,10,18,alex-fontana,trulli-formula-e-team,spark-renault-srt-01e,spark-renault-srt-01-e
fe-2014-15-r10-london,2014-15,2015,10,55,sakon-yamamoto,amlin-aguri,spark-renault-srt-01e,spark-renault-srt-01-e
fe-2014-15-r11-london,2014-15,2015,11,7,jerome-d-ambrosio,dragon-racing-formula-e-team,spark-renault-srt-01e,spark-renault-srt-01-e
fe-2014-15-r11-london,2014-15,2015,11,6,loic-duval,dragon-racing-formula-e-team,spark-renault-srt-01e,spark-renault-srt-01-e
fe-2014-15-r11-london,2014-15,2015,11,21,bruno-senna,mahindra-racing-formula-e-team,spark-renault-srt-01e,spark-renault-srt-01-e
fe-2014-15-r11-london,2014-15,2015,11,77,salvador-duran,amlin-aguri,spark-renault-srt-01e,spark-renault-srt-01-e
fe-2014-15-r11-london,2014-15,2015,11,8,nicolas-prost,team-e-dams-renault,spark-renault-srt-01e,spark-renault-srt-01-e
fe-2014-15-r11-london,2014-15,2015,11,28,simona-de-silvestro,andretti-autosport-formula-e-team,spark-renault-srt-01e,spark-renault-srt-01-e
fe-2014-15-r11-london,2014-15,2015,11,5,karun-chandhok,mahindra-racing-formula-e-team,spark-renault-srt-01e,spark-renault-srt-01-e
fe-2014-15-r11-london,2014-15,2015,11,18,alex-fontana,trulli-formula-e-team,spark-renault-srt-01e,spark-renault-srt-01-e
fe-2014-15-r11-london,2014-15,2015,11,30,stephane-sarrazin,venturi-formula-e-team,spark-renault-srt-01e,spark-renault-srt-01-e
fe-2014-15-r11-london,2014-15,2015,11,23,nick-heidfeld,venturi-formula-e-team,spark-renault-srt-01e,spark-renault-srt-01-e
fe-2014-15-r11-london,2014-15,2015,11,3,fabio-leimer,virgin-racing-formula-e-team,spark-renault-srt-01e,spark-renault-srt-01-e
fe-2014-15-r11-london,2014-15,2015,11,10,jarno-trulli,trulli-formula-e-team,spark-renault-srt-01e,spark-renault-srt-01-e
fe-2014-15-r11-london,2014-15,2015,11,55,sakon-yamamoto,amlin-aguri,spark-renault-srt-01e,spark-renault-srt-01-e
fe-2015-16-r1-beijing,2015-16,2016,1,9,sebastien-buemi,renault-e-dams,spark-renault-srt-01e,renault-z-e-15
fe-2015-16-r1-beijing,2015-16,2016,1,11,lucas-di-grassi,abt-schaeffler-audi-sport,spark-renault-srt-01e,abt-schaeffler-fe01
fe-2015-16-r1-beijing,2015-16,2016,1,88,oliver-turvey,nextev-tcr-formula-e-team,spark-renault-srt-01e,nextev-tcr-formulae-001
fe-2015-16-r1-beijing,2015-16,2016,1,2,sam-bird,ds-virgin-racing-formula-e-team,spark-renault-srt-01e,virgin-racing-engineering-dsv-01
fe-2015-16-r1-beijing,2015-16,2016,1,27,robin-frijns,andretti-formula-e-team,spark-renault-srt-01e,srt01-e
fe-2015-16-r1-beijing,2015-16,2016,1,66,daniel-abt,abt-schaeffler-audi-sport,spark-renault-srt-01e,abt-schaeffler-fe01
fe-2015-16-r1-beijing,2015-16,2016,1,25,jean-eric-vergne,ds-virgin-racing-formula-e-team,spark-renault-srt-01e,virgin-racing-engineering-dsv-01
fe-2015-16-r1-beijing,2015-16,2016,1,1,nelson-piquet-jr,nextev-tcr-formula-e-team,spark-renault-srt-01e,nextev-tcr-formulae-001
fe-2015-16-r1-beijing,2015-16,2016,1,55,antonio-felix-da-costa,team-aguri,spark-renault-srt-01e,srt01-e
fe-2015-16-r2-putrajaya,2015-16,2016,2,11,lucas-di-grassi,abt-schaeffler-audi-sport,spark-renault-srt-01e,abt-schaeffler-fe01
fe-2015-16-r2-putrajaya,2015-16,2016,2,2,sam-bird,ds-virgin-racing-formula-e-team,spark-renault-srt-01e,virgin-racing-engineering-dsv-01
fe-2015-16-r2-putrajaya,2015-16,2016,2,27,robin-frijns,andretti-formula-e-team,spark-renault-srt-01e,srt01-e
fe-2015-16-r2-putrajaya,2015-16,2016,2,55,antonio-felix-da-costa,team-aguri,spark-renault-srt-01e,srt01-e
fe-2015-16-r2-putrajaya,2015-16,2016,2,66,daniel-abt,abt-schaeffler-audi-sport,spark-renault-srt-01e,abt-schaeffler-fe01
fe-2015-16-r2-putrajaya,2015-16,2016,2,1,nelson-piquet-jr,nextev-tcr-formula-e-team,spark-renault-srt-01e,nextev-tcr-formulae-001
fe-2015-16-r2-putrajaya,2015-16,2016,2,9,sebastien-buemi,renault-e-dams,spark-renault-srt-01e,renault-z-e-15
fe-2015-16-r2-putrajaya,2015-16,2016,2,25,jean-eric-vergne,ds-virgin-racing-formula-e-team,spark-renault-srt-01e,virgin-racing-engineering-dsv-01
fe-2015-16-r2-putrajaya,2015-16,2016,2,88,oliver-turvey,nextev-tcr-formula-e-team,spark-renault-srt-01e,nextev-tcr-formulae-001
fe-2015-16-r3-punta-del-este,2015-16,2016,3,9,sebastien-buemi,renault-e-dams,spark-renault-srt-01e,renault-z-e-15
fe-2015-16-r3-punta-del-este,2015-16,2016,3,11,lucas-di-grassi,abt-schaeffler-audi-sport,spark-renault-srt-01e,abt-schaeffler-fe01
fe-2015-16-r3-punta-del-este,2015-16,2016,3,55,antonio-felix-da-costa,team-aguri,spark-renault-srt-01e,srt01-e
fe-2015-16-r3-punta-del-este,2015-16,2016,3,25,jean-eric-vergne,ds-virgin-racing-formula-e-team,spark-renault-srt-01e,virgin-racing-engineering-dsv-01
fe-2015-16-r3-punta-del-este,2015-16,2016,3,66,daniel-abt,abt-schaeffler-audi-sport,spark-renault-srt-01e,abt-schaeffler-fe01
fe-2015-16-r3-punta-del-este,2015-16,2016,3,27,robin-frijns,andretti-formula-e-team,spark-renault-srt-01e,srt01-e
fe-2015-16-r3-punta-del-este,2015-16,2016,3,88,oliver-turvey,nextev-tcr-formula-e-team,spark-renault-srt-01e,nextev-tcr-formulae-001
fe-2015-16-r3-punta-del-este,2015-16,2016,3,23,oliver-rowland,mahindra-racing-formula-e-team,spark-renault-srt-01e,mahindra-m2electro
fe-2015-16-r3-punta-del-este,2015-16,2016,3,1,nelson-piquet-jr,nextev-tcr-formula-e-team,spark-renault-srt-01e,nextev-tcr-formulae-001
fe-2015-16-r3-punta-del-este,2015-16,2016,3,2,sam-bird,ds-virgin-racing-formula-e-team,spark-renault-srt-01e,virgin-racing-engineering-dsv-01
fe-2015-16-r4-buenos-aires,2015-16,2016,4,2,sam-bird,ds-virgin-racing-formula-e-team,spark-renault-srt-01e,virgin-racing-engineering-dsv-01
fe-2015-16-r4-buenos-aires,2015-16,2016,4,9,sebastien-buemi,renault-e-dams,spark-renault-srt-01e,renault-z-e-15
fe-2015-16-r4-buenos-aires,2015-16,2016,4,11,lucas-di-grassi,abt-schaeffler-audi-sport,spark-renault-srt-01e,abt-schaeffler-fe01
fe-2015-16-r4-buenos-aires,2015-16,2016,4,27,robin-frijns,andretti-formula-e-team,spark-renault-srt-01e,srt01-e
fe-2015-16-r4-buenos-aires,2015-16,2016,4,88,oliver-turvey,nextev-tcr-formula-e-team,spark-renault-srt-01e,nextev-tcr-formulae-001
fe-2015-16-r4-buenos-aires,2015-16,2016,4,25,jean-eric-vergne,ds-virgin-racing-formula-e-team,spark-renault-srt-01e,virgin-racing-engineering-dsv-01
fe-2015-16-r4-buenos-aires,2015-16,2016,4,1,nelson-piquet-jr,nextev-tcr-formula-e-team,spark-renault-srt-01e,nextev-tcr-formulae-001
fe-2015-16-r4-buenos-aires,2015-16,2016,4,66,daniel-abt,abt-schaeffler-audi-sport,spark-renault-srt-01e,abt-schaeffler-fe01
fe-2015-16-r4-buenos-aires,2015-16,2016,4,55,antonio-felix-da-costa,team-aguri,spark-renault-srt-01e,srt01-e
fe-2015-16-r5-mexico-city,2015-16,2016,5,9,sebastien-buemi,renault-e-dams,spark-renault-srt-01e,renault-z-e-15
fe-2015-16-r5-mexico-city,2015-16,2016,5,27,robin-frijns,andretti-formula-e-team,spark-renault-srt-01e,srt01-e
fe-2015-16-r5-mexico-city,2015-16,2016,5,2,sam-bird,ds-virgin-racing-formula-e-team,spark-renault-srt-01e,virgin-racing-engineering-dsv-01
fe-2015-16-r5-mexico-city,2015-16,2016,5,66,daniel-abt,abt-schaeffler-audi-sport,spark-renault-srt-01e,abt-schaeffler-fe01
fe-2015-16-r5-mexico-city,2015-16,2016,5,88,oliver-turvey,nextev-tcr-formula-e-team,spark-renault-srt-01e,nextev-tcr-formulae-001
fe-2015-16-r5-mexico-city,2015-16,2016,5,1,nelson-piquet-jr,nextev-tcr-formula-e-team,spark-renault-srt-01e,nextev-tcr-formulae-001
fe-2015-16-r5-mexico-city,2015-16,2016,5,25,jean-eric-vergne,ds-virgin-racing-formula-e-team,spark-renault-srt-01e,virgin-racing-engineering-dsv-01
fe-2015-16-r5-mexico-city,2015-16,2016,5,55,antonio-felix-da-costa,team-aguri,spark-renault-srt-01e,srt01-e
fe-2015-16-r5-mexico-city,2015-16,2016,5,11,lucas-di-grassi,abt-schaeffler-audi-sport,spark-renault-srt-01e,abt-schaeffler-fe01
fe-2015-16-r6-long-beach,2015-16,2016,6,11,lucas-di-grassi,abt-schaeffler-audi-sport,spark-renault-srt-01e,abt-schaeffler-fe01
fe-2015-16-r6-long-beach,2015-16,2016,6,66,daniel-abt,abt-schaeffler-audi-sport,spark-renault-srt-01e,abt-schaeffler-fe01
fe-2015-16-r6-long-beach,2015-16,2016,6,2,sam-bird,ds-virgin-racing-formula-e-team,spark-renault-srt-01e,virgin-racing-engineering-dsv-01
fe-2015-16-r6-long-beach,2015-16,2016,6,88,oliver-turvey,nextev-tcr-formula-e-team,spark-renault-srt-01e,nextev-tcr-formulae-001
fe-2015-16-r6-long-beach,2015-16,2016,6,25,jean-eric-vergne,ds-virgin-racing-formula-e-team,spark-renault-srt-01e,virgin-racing-engineering-dsv-01
fe-2015-16-r6-long-beach,2015-16,2016,6,27,robin-frijns,andretti-formula-e-team,spark-renault-srt-01e,srt01-e
fe-2015-16-r6-long-beach,2015-16,2016,6,9,sebastien-buemi,renault-e-dams,spark-renault-srt-01e,renault-z-e-15
fe-2015-16-r6-long-beach,2015-16,2016,6,55,antonio-felix-da-costa,team-aguri,spark-renault-srt-01e,srt01-e
fe-2015-16-r6-long-beach,2015-16,2016,6,1,nelson-piquet-jr,nextev-tcr-formula-e-team,spark-renault-srt-01e,nextev-tcr-formulae-001
fe-2015-16-r7-paris,2015-16,2016,7,11,lucas-di-grassi,abt-schaeffler-audi-sport,spark-renault-srt-01e,abt-schaeffler-fe01
fe-2015-16-r7-paris,2015-16,2016,7,25,jean-eric-vergne,ds-virgin-racing-formula-e-team,spark-renault-srt-01e,virgin-racing-engineering-dsv-01
fe-2015-16-r7-paris,2015-16,2016,7,9,sebastien-buemi,renault-e-dams,spark-renault-srt-01e,renault-z-e-15
fe-2015-16-r7-paris,2015-16,2016,7,2,sam-bird,ds-virgin-racing-formula-e-team,spark-renault-srt-01e,virgin-racing-engineering-dsv-01
fe-2015-16-r7-paris,2015-16,2016,7,27,robin-frijns,andretti-formula-e-team,spark-renault-srt-01e,srt01-e
fe-2015-16-r7-paris,2015-16,2016,7,55,antonio-felix-da-costa,team-aguri,spark-renault-srt-01e,srt01-e
fe-2015-16-r7-paris,2015-16,2016,7,66,daniel-abt,abt-schaeffler-audi-sport,spark-renault-srt-01e,abt-schaeffler-fe01
fe-2015-16-r7-paris,2015-16,2016,7,88,oliver-turvey,nextev-tcr-formula-e-team,spark-renault-srt-01e,nextev-tcr-formulae-001
fe-2015-16-r7-paris,2015-16,2016,7,1,nelson-piquet-jr,nextev-tcr-formula-e-team,spark-renault-srt-01e,nextev-tcr-formulae-001
fe-2015-16-r8-berlin,2015-16,2016,8,9,sebastien-buemi,renault-e-dams,spark-renault-srt-01e,renault-z-e-15
fe-2015-16-r8-berlin,2015-16,2016,8,66,daniel-abt,abt-schaeffler-audi-sport,spark-renault-srt-01e,abt-schaeffler-fe01
fe-2015-16-r8-berlin,2015-16,2016,8,11,lucas-di-grassi,abt-schaeffler-audi-sport,spark-renault-srt-01e,abt-schaeffler-fe01
fe-2015-16-r8-berlin,2015-16,2016,8,25,jean-eric-vergne,ds-virgin-racing-formula-e-team,spark-renault-srt-01e,virgin-racing-engineering-dsv-01
fe-2015-16-r8-berlin,2015-16,2016,8,27,robin-frijns,andretti-formula-e-team,spark-renault-srt-01e,srt01-e
fe-2015-16-r8-berlin,2015-16,2016,8,2,sam-bird,ds-virgin-racing-formula-e-team,spark-renault-srt-01e,virgin-racing-engineering-dsv-01
fe-2015-16-r8-berlin,2015-16,2016,8,88,oliver-turvey,nextev-tcr-formula-e-team,spark-renault-srt-01e,nextev-tcr-formulae-001
fe-2015-16-r8-berlin,2015-16,2016,8,1,nelson-piquet-jr,nextev-tcr-formula-e-team,spark-renault-srt-01e,nextev-tcr-formulae-001
fe-2015-16-r8-berlin,2015-16,2016,8,55,rene-rast,team-aguri,spark-renault-srt-01e,srt01-e
fe-2015-16-r9-london,2015-16,2016,9,25,jean-eric-vergne,ds-virgin-racing-formula-e-team,spark-renault-srt-01e,virgin-racing-engineering-dsv-01
fe-2015-16-r9-london,2015-16,2016,9,11,lucas-di-grassi,abt-schaeffler-audi-sport,spark-renault-srt-01e,abt-schaeffler-fe01
fe-2015-16-r9-london,2015-16,2016,9,9,sebastien-buemi,renault-e-dams,spark-renault-srt-01e,renault-z-e-15
fe-2015-16-r9-london,2015-16,2016,9,55,antonio-felix-da-costa,team-aguri,spark-renault-srt-01e,srt01-e
fe-2015-16-r9-london,2015-16,2016,9,2,sam-bird,ds-virgin-racing-formula-e-team,spark-renault-srt-01e,virgin-racing-engineering-dsv-01
fe-2015-16-r9-london,2015-16,2016,9,1,nelson-piquet-jr,nextev-tcr-formula-e-team,spark-renault-srt-01e,nextev-tcr-formulae-001
fe-2015-16-r9-london,2015-16,2016,9,88,oliver-turvey,nextev-tcr-formula-e-team,spark-renault-srt-01e,nextev-tcr-formulae-001
fe-2015-16-r9-london,2015-16,2016,9,27,robin-frijns,andretti-formula-e-team,spark-renault-srt-01e,srt01-e
fe-2015-16-r9-london,2015-16,2016,9,66,daniel-abt,abt-schaeffler-audi-sport,spark-renault-srt-01e,abt-schaeffler-fe01
fe-2015-16-r10-london,2015-16,2016,10,66,daniel-abt,abt-schaeffler-audi-sport,spark-renault-srt-01e,abt-schaeffler-fe01
fe-2015-16-r10-london,2015-16,2016,10,25,jean-eric-vergne,ds-virgin-racing-formula-e-team,spark-renault-srt-01e,virgin-racing-engineering-dsv-01
fe-2015-16-r10-london,2015-16,2016,10,1,nelson-piquet-jr,nextev-tcr-formula-e-team,spark-renault-srt-01e,nextev-tcr-formulae-001
fe-2015-16-r10-london,2015-16,2016,10,88,oliver-turvey,nextev-tcr-formula-e-team,spark-renault-srt-01e,nextev-tcr-formulae-001
fe-2015-16-r10-london,2015-16,2016,10,55,antonio-felix-da-costa,team-aguri,spark-renault-srt-01e,srt01-e
fe-2015-16-r10-london,2015-16,2016,10,27,robin-frijns,andretti-formula-e-team,spark-renault-srt-01e,srt01-e
fe-2015-16-r10-london,2015-16,2016,10,2,sam-bird,ds-virgin-racing-formula-e-team,spark-renault-srt-01e,virgin-racing-engineering-dsv-01
fe-2015-16-r10-london,2015-16,2016,10,11,lucas-di-grassi,abt-schaeffler-audi-sport,spark-renault-srt-01e,abt-schaeffler-fe01
fe-2015-16-r10-london,2015-16,2016,10,9,sebastien-buemi,renault-e-dams,spark-renault-srt-01e,renault-z-e-15
fe-2015-16-r1-beijing,2015-16,2016,1,23,nick-heidfeld,mahindra-racing-formula-e-team,spark-renault-srt-01e,mahindra-m2electro
fe-2015-16-r1-beijing,2015-16,2016,1,6,loic-duval,dragon-racing,spark-renault-srt-01e,venturi-vm200-fe-01
fe-2015-16-r1-beijing,2015-16,2016,1,7,jerome-d-ambrosio,dragon-racing,spark-renault-srt-01e,venturi-vm200-fe-01
fe-2015-16-r1-beijing,2015-16,2016,1,77,nathanael-berthon,team-aguri,spark-renault-srt-01e,srt01-e
fe-2015-16-r1-beijing,2015-16,2016,1,4,stephane-sarrazin,venturi-formula-e-team,spark-renault-srt-01e,venturi-vm200-fe-01
fe-2015-16-r1-beijing,2015-16,2016,1,21,bruno-senna,mahindra-racing-formula-e-team,spark-renault-srt-01e,mahindra-m2electro
fe-2015-16-r1-beijing,2015-16,2016,1,12,jacques-villeneuve,venturi-formula-e-team,spark-renault-srt-01e,venturi-vm200-fe-01
fe-2015-16-r1-beijing,2015-16,2016,1,8,nicolas-prost,renault-e-dams,spark-renault-srt-01e,renault-z-e-15
fe-2015-16-r1-beijing,2015-16,2016,1,28,simona-de-silvestro,andretti-formula-e-race-team,spark-renault-srt-01e,srt01-e
fe-2015-16-r2-putrajaya,2015-16,2016,2,4,stephane-sarrazin,venturi-formula-e-team,spark-renault-srt-01e,venturi-vm200-fe-01
fe-2015-16-r2-putrajaya,2015-16,2016,2,21,bruno-senna,mahindra-racing-formula-e-team,spark-renault-srt-01e,mahindra-m2electro
fe-2015-16-r2-putrajaya,2015-16,2016,2,23,nick-heidfeld,mahindra-racing-formula-e-team,spark-renault-srt-01e,mahindra-m2electro
fe-2015-16-r2-putrajaya,2015-16,2016,2,8,nicolas-prost,renault-e-dams,spark-renault-srt-01e,renault-z-e-15
fe-2015-16-r2-putrajaya,2015-16,2016,2,12,jacques-villeneuve,venturi-formula-e-team,spark-renault-srt-01e,venturi-vm200-fe-01
fe-2015-16-r2-putrajaya,2015-16,2016,2,28,simona-de-silvestro,andretti-formula-e-race-team,spark-renault-srt-01e,srt01-e
fe-2015-16-r2-putrajaya,2015-16,2016,2,7,jerome-d-ambrosio,dragon-racing,spark-renault-srt-01e,venturi-vm200-fe-01
fe-2015-16-r2-putrajaya,2015-16,2016,2,77,nathanael-berthon,team-aguri,spark-renault-srt-01e,srt01-e
fe-2015-16-r2-putrajaya,2015-16,2016,2,6,loic-duval,dragon-racing,spark-renault-srt-01e,venturi-vm200-fe-01
fe-2015-16-r3-punta-del-este,2015-16,2016,3,7,jerome-d-ambrosio,dragon-racing,spark-renault-srt-01e,venturi-vm200-fe-01
fe-2015-16-r3-punta-del-este,2015-16,2016,3,6,loic-duval,dragon-racing,spark-renault-srt-01e,venturi-vm200-fe-01
fe-2015-16-r3-punta-del-este,2015-16,2016,3,8,nicolas-prost,renault-e-dams,spark-renault-srt-01e,renault-z-e-15
fe-2015-16-r3-punta-del-este,2015-16,2016,3,4,stephane-sarrazin,venturi-formula-e-team,spark-renault-srt-01e,venturi-vm200-fe-01
fe-2015-16-r3-punta-del-este,2015-16,2016,3,28,simona-de-silvestro,andretti-formula-e-race-team,spark-renault-srt-01e,srt01-e
fe-2015-16-r3-punta-del-este,2015-16,2016,3,77,nathanael-berthon,team-aguri,spark-renault-srt-01e,srt01-e
fe-2015-16-r3-punta-del-este,2015-16,2016,3,21,bruno-senna,mahindra-racing-formula-e-team,spark-renault-srt-01e,mahindra-m2electro
fe-2015-16-r4-buenos-aires,2015-16,2016,4,4,stephane-sarrazin,venturi-formula-e-team,spark-renault-srt-01e,venturi-vm200-fe-01
fe-2015-16-r4-buenos-aires,2015-16,2016,4,8,nicolas-prost,renault-e-dams,spark-renault-srt-01e,renault-z-e-15
fe-2015-16-r4-buenos-aires,2015-16,2016,4,6,loic-duval,dragon-racing,spark-renault-srt-01e,venturi-vm200-fe-01
fe-2015-16-r4-buenos-aires,2015-16,2016,4,23,nick-heidfeld,mahindra-racing-formula-e-team,spark-renault-srt-01e,mahindra-m2electro
fe-2015-16-r4-buenos-aires,2015-16,2016,4,21,bruno-senna,mahindra-racing-formula-e-team,spark-renault-srt-01e,mahindra-m2electro
fe-2015-16-r4-buenos-aires,2015-16,2016,4,28,simona-de-silvestro,andretti-formula-e-race-team,spark-renault-srt-01e,srt01-e
fe-2015-16-r4-buenos-aires,2015-16,2016,4,12,mike-conway,venturi-formula-e-team,spark-renault-srt-01e,venturi-vm200-fe-01
fe-2015-16-r4-buenos-aires,2015-16,2016,4,7,jerome-d-ambrosio,dragon-racing,spark-renault-srt-01e,venturi-vm200-fe-01
fe-2015-16-r4-buenos-aires,2015-16,2016,4,77,salvador-duran,team-aguri,spark-renault-srt-01e,srt01-e
fe-2015-16-r5-mexico-city,2015-16,2016,5,7,jerome-d-ambrosio,dragon-racing,spark-renault-srt-01e,venturi-vm200-fe-01
fe-2015-16-r5-mexico-city,2015-16,2016,5,8,nicolas-prost,renault-e-dams,spark-renault-srt-01e,renault-z-e-15
fe-2015-16-r5-mexico-city,2015-16,2016,5,6,loic-duval,dragon-racing,spark-renault-srt-01e,venturi-vm200-fe-01
fe-2015-16-r5-mexico-city,2015-16,2016,5,23,nick-heidfeld,mahindra-racing-formula-e-team,spark-renault-srt-01e,mahindra-m2electro
fe-2015-16-r5-mexico-city,2015-16,2016,5,4,stephane-sarrazin,venturi-formula-e-team,spark-renault-srt-01e,venturi-vm200-fe-01
fe-2015-16-r5-mexico-city,2015-16,2016,5,21,bruno-senna,mahindra-racing-formula-e-team,spark-renault-srt-01e,mahindra-m2electro
fe-2015-16-r5-mexico-city,2015-16,2016,5,12,mike-conway,venturi-formula-e-team,spark-renault-srt-01e,venturi-vm200-fe-01
fe-2015-16-r5-mexico-city,2015-16,2016,5,28,simona-de-silvestro,andretti-formula-e-race-team,spark-renault-srt-01e,srt01-e
fe-2015-16-r5-mexico-city,2015-16,2016,5,77,salvador-duran,team-aguri,spark-renault-srt-01e,srt01-e
fe-2015-16-r6-long-beach,2015-16,2016,6,4,stephane-sarrazin,venturi-formula-e-team,spark-renault-srt-01e,venturi-vm200-fe-01
fe-2015-16-r6-long-beach,2015-16,2016,6,23,nick-heidfeld,mahindra-racing-formula-e-team,spark-renault-srt-01e,mahindra-m2electro
fe-2015-16-r6-long-beach,2015-16,2016,6,21,bruno-senna,mahindra-racing-formula-e-team,spark-renault-srt-01e,mahindra-m2electro
fe-2015-16-r6-long-beach,2015-16,2016,6,7,jerome-d-ambrosio,dragon-racing,spark-renault-srt-01e,venturi-vm200-fe-01
fe-2015-16-r6-long-beach,2015-16,2016,6,6,loic-duval,dragon-racing,spark-renault-srt-01e,venturi-vm200-fe-01
fe-2015-16-r6-long-beach,2015-16,2016,6,28,simona-de-silvestro,andretti-formula-e-race-team,spark-renault-srt-01e,srt01-e
fe-2015-16-r6-long-beach,2015-16,2016,6,12,mike-conway,venturi-formula-e-team,spark-renault-srt-01e,venturi-vm200-fe-01
fe-2015-16-r6-long-beach,2015-16,2016,6,8,nicolas-prost,renault-e-dams,spark-renault-srt-01e,renault-z-e-15
fe-2015-16-r6-long-beach,2015-16,2016,6,77,salvador-duran,team-aguri,spark-renault-srt-01e,srt01-e
fe-2015-16-r7-paris,2015-16,2016,7,8,nicolas-prost,renault-e-dams,spark-renault-srt-01e,renault-z-e-15
fe-2015-16-r7-paris,2015-16,2016,7,4,stephane-sarrazin,venturi-formula-e-team,spark-renault-srt-01e,venturi-vm200-fe-01
fe-2015-16-r7-paris,2015-16,2016,7,21,bruno-senna,mahindra-racing-formula-e-team,spark-renault-srt-01e,mahindra-m2electro
fe-2015-16-r7-paris,2015-16,2016,7,7,jerome-d-ambrosio,dragon-racing,spark-renault-srt-01e,venturi-vm200-fe-01
fe-2015-16-r7-paris,2015-16,2016,7,23,nick-heidfeld,mahindra-racing-formula-e-team,spark-renault-srt-01e,mahindra-m2electro
fe-2015-16-r7-paris,2015-16,2016,7,12,mike-conway,venturi-formula-e-team,spark-renault-srt-01e,venturi-vm200-fe-01
fe-2015-16-r7-paris,2015-16,2016,7,28,simona-de-silvestro,andretti-formula-e-race-team,spark-renault-srt-01e,srt01-e
fe-2015-16-r7-paris,2015-16,2016,7,77,ma-qinghua,team-aguri,spark-renault-srt-01e,srt01-e
fe-2015-16-r7-paris,2015-16,2016,7,6,loic-duval,dragon-racing,spark-renault-srt-01e,venturi-vm200-fe-01
fe-2015-16-r8-berlin,2015-16,2016,8,8,nicolas-prost,renault-e-dams,spark-renault-srt-01e,renault-z-e-15
fe-2015-16-r8-berlin,2015-16,2016,8,23,nick-heidfeld,mahindra-racing-formula-e-team,spark-renault-srt-01e,mahindra-m2electro
fe-2015-16-r8-berlin,2015-16,2016,8,12,mike-conway,venturi-formula-e-team,spark-renault-srt-01e,venturi-vm200-fe-01
fe-2015-16-r8-berlin,2015-16,2016,8,28,simona-de-silvestro,andretti-formula-e-race-team,spark-renault-srt-01e,srt01-e
fe-2015-16-r8-berlin,2015-16,2016,8,4,stephane-sarrazin,venturi-formula-e-team,spark-renault-srt-01e,venturi-vm200-fe-01
fe-2015-16-r8-berlin,2015-16,2016,8,77,ma-qinghua,team-aguri,spark-renault-srt-01e,srt01-e
fe-2015-16-r8-berlin,2015-16,2016,8,21,bruno-senna,mahindra-racing-formula-e-team,spark-renault-srt-01e,mahindra-m2electro
fe-2015-16-r8-berlin,2015-16,2016,8,7,jerome-d-ambrosio,dragon-racing,spark-renault-srt-01e,venturi-vm200-fe-01
fe-2015-16-r8-berlin,2015-16,2016,8,6,loic-duval,dragon-racing,spark-renault-srt-01e,venturi-vm200-fe-01
fe-2015-16-r9-london,2015-16,2016,9,8,nicolas-prost,renault-e-dams,spark-renault-srt-01e,renault-z-e-15
fe-2015-16-r9-london,2015-16,2016,9,21,bruno-senna,mahindra-racing-formula-e-team,spark-renault-srt-01e,mahindra-m2electro
fe-2015-16-r9-london,2015-16,2016,9,7,jerome-d-ambrosio,dragon-racing,spark-renault-srt-01e,venturi-vm200-fe-01
fe-2015-16-r9-london,2015-16,2016,9,12,mike-conway,venturi-formula-e-team,spark-renault-srt-01e,venturi-vm200-fe-01
fe-2015-16-r9-london,2015-16,2016,9,4,stephane-sarrazin,venturi-formula-e-team,spark-renault-srt-01e,venturi-vm200-fe-01
fe-2015-16-r9-london,2015-16,2016,9,77,ma-qinghua,team-aguri,spark-renault-srt-01e,srt01-e
fe-2015-16-r9-london,2015-16,2016,9,23,nick-heidfeld,mahindra-racing-formula-e-team,spark-renault-srt-01e,mahindra-m2electro
fe-2015-16-r9-london,2015-16,2016,9,28,simona-de-silvestro,andretti-formula-e-race-team,spark-renault-srt-01e,srt01-e
fe-2015-16-r9-london,2015-16,2016,9,6,loic-duval,dragon-racing,spark-renault-srt-01e,venturi-vm200-fe-01
fe-2015-16-r10-london,2015-16,2016,10,8,nicolas-prost,renault-e-dams,spark-renault-srt-01e,renault-z-e-15
fe-2015-16-r10-london,2015-16,2016,10,7,jerome-d-ambrosio,dragon-racing,spark-renault-srt-01e,venturi-vm200-fe-01
fe-2015-16-r10-london,2015-16,2016,10,6,loic-duval,dragon-racing,spark-renault-srt-01e,venturi-vm200-fe-01
fe-2015-16-r10-london,2015-16,2016,10,4,stephane-sarrazin,venturi-formula-e-team,spark-renault-srt-01e,venturi-vm200-fe-01
fe-2015-16-r10-london,2015-16,2016,10,21,bruno-senna,mahindra-racing-formula-e-team,spark-renault-srt-01e,mahindra-m2electro
fe-2015-16-r10-london,2015-16,2016,10,23,nick-heidfeld,mahindra-racing-formula-e-team,spark-renault-srt-01e,mahindra-m2electro
fe-2015-16-r10-london,2015-16,2016,10,77,ma-qinghua,team-aguri,spark-renault-srt-01e,srt01-e
fe-2015-16-r10-london,2015-16,2016,10,12,mike-conway,venturi-formula-e-team,spark-renault-srt-01e,venturi-vm200-fe-01
fe-2015-16-r10-london,2015-16,2016,10,28,simona-de-silvestro,andretti-formula-e-race-team,spark-renault-srt-01e,srt01-e
fe-2016-17-r1-hong-kong,2016-17,2017,1,9,sebastien-buemi,renault-e-dams,spark-renault-srt-01e,renault-z-e-16
fe-2016-17-r1-hong-kong,2016-17,2017,1,11,lucas-di-grassi,abt-schaeffler-audi-sport,spark-renault-srt-01e,abt-schaeffler-fe02
fe-2016-17-r1-hong-kong,2016-17,2017,1,28,antonio-felix-da-costa,andretti-formula-e,spark-renault-srt-01e,andretti-atec-02
fe-2016-17-r1-hong-kong,2016-17,2017,1,27,robin-frijns,andretti-formula-e,spark-renault-srt-01e,andretti-atec-02
fe-2016-17-r1-hong-kong,2016-17,2017,1,88,oliver-turvey,nextev-nio,spark-renault-srt-01e,nextev-tcr-formula-002
fe-2016-17-r1-hong-kong,2016-17,2017,1,3,nelson-piquet-jr,nextev-nio,spark-renault-srt-01e,nextev-tcr-formula-002
fe-2016-17-r1-hong-kong,2016-17,2017,1,2,sam-bird,ds-virgin-racing,spark-renault-srt-01e,ds-virgin-dsv-02
fe-2016-17-r1-hong-kong,2016-17,2017,1,20,mitch-evans,panasonic-jaguar-racing,spark-renault-srt-01e,jaguar-i-type-1
fe-2016-17-r1-hong-kong,2016-17,2017,1,66,daniel-abt,abt-schaeffler-audi-sport,spark-renault-srt-01e,abt-schaeffer-fe02
fe-2016-17-r1-hong-kong,2016-17,2017,1,25,jean-eric-vergne,techeetah,spark-renault-srt-01e,renault-z-e-16
fe-2016-17-r2-marrakesh,2016-17,2017,2,9,sebastien-buemi,renault-e-dams,spark-renault-srt-01e,renault-z-e-16
fe-2016-17-r2-marrakesh,2016-17,2017,2,2,sam-bird,ds-virgin-racing,spark-renault-srt-01e,ds-virgin-dsv-02
fe-2016-17-r2-marrakesh,2016-17,2017,2,11,lucas-di-grassi,abt-schaeffler-audi-sport,spark-renault-srt-01e,abt-schaeffler-fe02
fe-2016-17-r2-marrakesh,2016-17,2017,2,66,daniel-abt,abt-schaeffler-audi-sport,spark-renault-srt-01e,abt-schaeffer-fe02
fe-2016-17-r2-marrakesh,2016-17,2017,2,88,oliver-turvey,nextev-nio,spark-renault-srt-01e,nextev-tcr-formula-002
fe-2016-17-r2-marrakesh,2016-17,2017,2,25,jean-eric-vergne,techeetah,spark-renault-srt-01e,renault-z-e-16
fe-2016-17-r2-marrakesh,2016-17,2017,2,27,robin-frijns,andretti-formula-e,spark-renault-srt-01e,andretti-atec-02
fe-2016-17-r2-marrakesh,2016-17,2017,2,3,nelson-piquet-jr,nextev-nio,spark-renault-srt-01e,nextev-tcr-formula-002
fe-2016-17-r2-marrakesh,2016-17,2017,2,20,mitch-evans,panasonic-jaguar-racing,spark-renault-srt-01e,jaguar-i-type-1
fe-2016-17-r2-marrakesh,2016-17,2017,2,28,antonio-felix-da-costa,andretti-formula-e,spark-renault-srt-01e,andretti-atec-02
fe-2016-17-r3-buenos-aires,2016-17,2017,3,9,sebastien-buemi,renault-e-dams,spark-renault-srt-01e,renault-z-e-16
fe-2016-17-r3-buenos-aires,2016-17,2017,3,25,jean-eric-vergne,techeetah,spark-renault-srt-01e,renault-z-e-16
fe-2016-17-r3-buenos-aires,2016-17,2017,3,11,lucas-di-grassi,abt-schaeffler-audi-sport,spark-renault-srt-01e,abt-schaeffler-fe02
fe-2016-17-r3-buenos-aires,2016-17,2017,3,3,nelson-piquet-jr,nextev-nio,spark-renault-srt-01e,nextev-tcr-formula-002
fe-2016-17-r3-buenos-aires,2016-17,2017,3,66,daniel-abt,abt-schaeffler-audi-sport,spark-renault-srt-01e,abt-schaeffer-fe02
fe-2016-17-r3-buenos-aires,2016-17,2017,3,88,oliver-turvey,nextev-nio,spark-renault-srt-01e,nextev-tcr-formula-002
fe-2016-17-r3-buenos-aires,2016-17,2017,3,28,antonio-felix-da-costa,andretti-formula-e,spark-renault-srt-01e,andretti-atec-02
fe-2016-17-r3-buenos-aires,2016-17,2017,3,20,mitch-evans,panasonic-jaguar-racing,spark-renault-srt-01e,jaguar-i-type-1
fe-2016-17-r3-buenos-aires,2016-17,2017,3,27,robin-frijns,andretti-formula-e,spark-renault-srt-01e,andretti-atec-02
fe-2016-17-r3-buenos-aires,2016-17,2017,3,2,sam-bird,ds-virgin-racing,spark-renault-srt-01e,ds-virgin-dsv-02
fe-2016-17-r4-mexico-city,2016-17,2017,4,11,lucas-di-grassi,abt-schaeffler-audi-sport,spark-renault-srt-01e,abt-schaeffler-fe02
fe-2016-17-r4-mexico-city,2016-17,2017,4,25,jean-eric-vergne,techeetah,spark-renault-srt-01e,renault-z-e-16
fe-2016-17-r4-mexico-city,2016-17,2017,4,2,sam-bird,ds-virgin-racing,spark-renault-srt-01e,ds-virgin-dsv-02
fe-2016-17-r4-mexico-city,2016-17,2017,4,20,mitch-evans,panasonic-jaguar-racing,spark-renault-srt-01e,jaguar-i-type-1
fe-2016-17-r4-mexico-city,2016-17,2017,4,66,daniel-abt,abt-schaeffler-audi-sport,spark-renault-srt-01e,abt-schaeffler-fe02
fe-2016-17-r4-mexico-city,2016-17,2017,4,3,nelson-piquet-jr,nextev-nio,spark-renault-srt-01e,nextev-tcr-formula-002
fe-2016-17-r4-mexico-city,2016-17,2017,4,27,robin-frijns,andretti-formula-e,spark-renault-srt-01e,andretti-atec-02
fe-2016-17-r4-mexico-city,2016-17,2017,4,9,sebastien-buemi,renault-e-dams,spark-renault-srt-01e,renault-z-e-16
fe-2016-17-r4-mexico-city,2016-17,2017,4,28,antonio-felix-da-costa,andretti-formula-e,spark-renault-srt-01e,andretti-atec-02
fe-2016-17-r4-mexico-city,2016-17,2017,4,88,oliver-turvey,nextev-nio,spark-renault-srt-01e,nextev-tcr-formula-002
fe-2016-17-r5-monaco,2016-17,2017,5,9,sebastien-buemi,renault-e-dams,spark-renault-srt-01e,renault-z-e-16
fe-2016-17-r5-monaco,2016-17,2017,5,11,lucas-di-grassi,abt-schaeffler-audi-sport,spark-renault-srt-01e,abt-schaeffler-fe02
fe-2016-17-r5-monaco,2016-17,2017,5,3,nelson-piquet-jr,nextev-nio,spark-renault-srt-01e,nextev-tcr-formula-002
fe-2016-17-r5-monaco,2016-17,2017,5,66,daniel-abt,abt-schaeffler-audi-sport,spark-renault-srt-01e,abt-schaeffler-fe02
fe-2016-17-r5-monaco,2016-17,2017,5,20,mitch-evans,panasonic-jaguar-racing,spark-renault-srt-01e,jaguar-i-type-1
fe-2016-17-r5-monaco,2016-17,2017,5,28,antonio-felix-da-costa,andretti-formula-e,spark-renault-srt-01e,andretti-atec-02
fe-2016-17-r5-monaco,2016-17,2017,5,27,robin-frijns,andretti-formula-e,spark-renault-srt-01e,andretti-atec-02
fe-2016-17-r5-monaco,2016-17,2017,5,88,oliver-turvey,nextev-nio,spark-renault-srt-01e,nextev-tcr-formula-002
fe-2016-17-r5-monaco,2016-17,2017,5,2,sam-bird,ds-virgin-racing,spark-renault-srt-01e,ds-virgin-dsv-02
fe-2016-17-r5-monaco,2016-17,2017,5,25,jean-eric-vergne,techeetah,spark-renault-srt-01e,renault-z-e-16
fe-2016-17-r6-paris,2016-17,2017,6,9,sebastien-buemi,renault-e-dams,spark-renault-srt-01e,renault-z-e-16
fe-2016-17-r6-paris,2016-17,2017,6,27,robin-frijns,andretti-formula-e,spark-renault-srt-01e,andretti-atec-02
fe-2016-17-r6-paris,2016-17,2017,6,3,nelson-piquet-jr,nextev-nio,spark-renault-srt-01e,nextev-tcr-formula-002
fe-2016-17-r6-paris,2016-17,2017,6,20,mitch-evans,panasonic-jaguar-racing,spark-renault-srt-01e,jaguar-i-type-1
fe-2016-17-r6-paris,2016-17,2017,6,88,oliver-turvey,nextev-nio,spark-renault-srt-01e,nextev-tcr-formula-002
fe-2016-17-r6-paris,2016-17,2017,6,66,daniel-abt,abt-schaeffler-audi-sport,spark-renault-srt-01e,abt-schaeffler-fe02
fe-2016-17-r6-paris,2016-17,2017,6,2,sam-bird,ds-virgin-racing,spark-renault-srt-01e,ds-virgin-dsv-02
fe-2016-17-r6-paris,2016-17,2017,6,11,lucas-di-grassi,abt-schaeffler-audi-sport,spark-renault-srt-01e,abt-schaeffler-fe02
fe-2016-17-r6-paris,2016-17,2017,6,28,antonio-felix-da-costa,andretti-formula-e,spark-renault-srt-01e,andretti-atec-02
fe-2016-17-r6-paris,2016-17,2017,6,25,jean-eric-vergne,techeetah,spark-renault-srt-01e,renault-z-e-16
fe-2016-17-r7-berlin,2016-17,2017,7,11,lucas-di-grassi,abt-schaeffler-audi-sport,spark-renault-srt-01e,abt-schaeffler-fe02
fe-2016-17-r7-berlin,2016-17,2017,7,66,daniel-abt,abt-schaeffler-audi-sport,spark-renault-srt-01e,abt-schaeffler-fe02
fe-2016-17-r7-berlin,2016-17,2017,7,2,sam-bird,ds-virgin-racing,spark-renault-srt-01e,ds-virgin-dsv-02
fe-2016-17-r7-berlin,2016-17,2017,7,25,jean-eric-vergne,techeetah,spark-renault-srt-01e,renault-z-e-16
fe-2016-17-r7-berlin,2016-17,2017,7,88,oliver-turvey,nextev-nio,spark-renault-srt-01e,nextev-tcr-formula-002
fe-2016-17-r7-berlin,2016-17,2017,7,3,nelson-piquet-jr,nextev-nio,spark-renault-srt-01e,nextev-tcr-formula-002
fe-2016-17-r7-berlin,2016-17,2017,7,28,antonio-felix-da-costa,andretti-formula-e,spark-renault-srt-01e,andretti-atec-02
fe-2016-17-r7-berlin,2016-17,2017,7,27,robin-frijns,andretti-formula-e,spark-renault-srt-01e,andretti-atec-02
fe-2016-17-r7-berlin,2016-17,2017,7,9,sebastien-buemi,renault-e-dams,spark-renault-srt-01e,renault-z-e-16
fe-2016-17-r7-berlin,2016-17,2017,7,20,mitch-evans,panasonic-jaguar-racing,spark-renault-srt-01e,jaguar-i-type-1
fe-2016-17-r8-berlin,2016-17,2017,8,9,sebastien-buemi,renault-e-dams,spark-renault-srt-01e,renault-z-e-16
fe-2016-17-r8-berlin,2016-17,2017,8,11,lucas-di-grassi,abt-schaeffler-audi-sport,spark-renault-srt-01e,abt-schaeffler-fe02
fe-2016-17-r8-berlin,2016-17,2017,8,66,daniel-abt,abt-schaeffler-audi-sport,spark-renault-srt-01e,abt-schaeffler-fe02
fe-2016-17-r8-berlin,2016-17,2017,8,25,jean-eric-vergne,techeetah,spark-renault-srt-01e,renault-z-e-16
fe-2016-17-r8-berlin,2016-17,2017,8,2,sam-bird,ds-virgin-racing,spark-renault-srt-01e,ds-virgin-dsv-02
fe-2016-17-r8-berlin,2016-17,2017,8,88,oliver-turvey,nextev-nio,spark-renault-srt-01e,nextev-tcr-formula-002
fe-2016-17-r8-berlin,2016-17,2017,8,28,antonio-felix-da-costa,andretti-formula-e,spark-renault-srt-01e,andretti-atec-02
fe-2016-17-r8-berlin,2016-17,2017,8,3,nelson-piquet-jr,nextev-nio,spark-renault-srt-01e,nextev-tcr-formula-002
fe-2016-17-r8-berlin,2016-17,2017,8,20,mitch-evans,panasonic-jaguar-racing,spark-renault-srt-01e,jaguar-i-type-1
fe-2016-17-r8-berlin,2016-17,2017,8,27,robin-frijns,andretti-formula-e,spark-renault-srt-01e,andretti-atec-02
fe-2016-17-r9-new-york,2016-17,2017,9,2,sam-bird,ds-virgin-racing,spark-renault-srt-01e,ds-virgin-dsv-02
fe-2016-17-r9-new-york,2016-17,2017,9,25,jean-eric-vergne,techeetah,spark-renault-srt-01e,renault-z-e-16
fe-2016-17-r9-new-york,2016-17,2017,9,11,lucas-di-grassi,abt-schaeffler-audi-sport,spark-renault-srt-01e,abt-schaeffler-fe02
fe-2016-17-r9-new-york,2016-17,2017,9,88,oliver-turvey,nextev-nio,spark-renault-srt-01e,nextev-tcr-formula-002
fe-2016-17-r9-new-york,2016-17,2017,9,27,robin-frijns,andretti-formula-e,spark-renault-srt-01e,andretti-atec-02
fe-2016-17-r9-new-york,2016-17,2017,9,3,nelson-piquet-jr,nextev-nio,spark-renault-srt-01e,nextev-tcr-formula-002
fe-2016-17-r9-new-york,2016-17,2017,9,28,antonio-felix-da-costa,andretti-formula-e,spark-renault-srt-01e,andretti-atec-02
fe-2016-17-r9-new-york,2016-17,2017,9,66,daniel-abt,abt-schaeffler-audi-sport,spark-renault-srt-01e,abt-schaeffler-fe02
fe-2016-17-r9-new-york,2016-17,2017,9,20,mitch-evans,panasonic-jaguar-racing,spark-renault-srt-01e,jaguar-i-type-1
fe-2016-17-r10-new-york,2016-17,2017,10,2,sam-bird,ds-virgin-racing,spark-renault-srt-01e,ds-virgin-dsv-02
fe-2016-17-r10-new-york,2016-17,2017,10,11,lucas-di-grassi,abt-schaeffler-audi-sport,spark-renault-srt-01e,abt-schaeffler-fe02
fe-2016-17-r10-new-york,2016-17,2017,10,25,jean-eric-vergne,techeetah,spark-renault-srt-01e,renault-z-e-16
fe-2016-17-r10-new-york,2016-17,2017,10,27,robin-frijns,andretti-formula-e,spark-renault-srt-01e,andretti-atec-02
fe-2016-17-r10-new-york,2016-17,2017,10,88,oliver-turvey,nextev-nio,spark-renault-srt-01e,nextev-tcr-formula-002
fe-2016-17-r10-new-york,2016-17,2017,10,28,antonio-felix-da-costa,andretti-formula-e,spark-renault-srt-01e,andretti-atec-02
fe-2016-17-r10-new-york,2016-17,2017,10,3,nelson-piquet-jr,nextev-nio,spark-renault-srt-01e,nextev-tcr-formula-002
fe-2016-17-r10-new-york,2016-17,2017,10,66,daniel-abt,abt-schaeffler-audi-sport,spark-renault-srt-01e,abt-schaeffler-fe02
fe-2016-17-r10-new-york,2016-17,2017,10,20,mitch-evans,panasonic-jaguar-racing,spark-renault-srt-01e,jaguar-i-type-1
fe-2016-17-r11-montreal,2016-17,2017,11,11,lucas-di-grassi,abt-schaeffler-audi-sport,spark-renault-srt-01e,abt-schaeffler-fe02
fe-2016-17-r11-montreal,2016-17,2017,11,25,jean-eric-vergne,techeetah,spark-renault-srt-01e,renault-z-e-16
fe-2016-17-r11-montreal,2016-17,2017,11,66,daniel-abt,abt-schaeffler-audi-sport,spark-renault-srt-01e,abt-schaeffler-fe02
fe-2016-17-r11-montreal,2016-17,2017,11,2,sam-bird,ds-virgin-racing,spark-renault-srt-01e,ds-virgin-dsv-02
fe-2016-17-r11-montreal,2016-17,2017,11,20,mitch-evans,panasonic-jaguar-racing,spark-renault-srt-01e,jaguar-i-type-1
fe-2016-17-r11-montreal,2016-17,2017,11,27,robin-frijns,andretti-formula-e,spark-renault-srt-01e,andretti-atec-02
fe-2016-17-r11-montreal,2016-17,2017,11,3,nelson-piquet-jr,nextev-nio,spark-renault-srt-01e,nextev-tcr-formula-002
fe-2016-17-r11-montreal,2016-17,2017,11,28,antonio-felix-da-costa,andretti-formula-e,spark-renault-srt-01e,andretti-atec-02
fe-2016-17-r11-montreal,2016-17,2017,11,88,oliver-turvey,nextev-nio,spark-renault-srt-01e,nextev-tcr-formula-002
fe-2016-17-r11-montreal,2016-17,2017,11,9,sebastien-buemi,renault-e-dams,spark-renault-srt-01e,renault-z-e-16
fe-2016-17-r12-montreal,2016-17,2017,12,25,jean-eric-vergne,techeetah,spark-renault-srt-01e,renault-z-e-16
fe-2016-17-r12-montreal,2016-17,2017,12,2,sam-bird,ds-virgin-racing,spark-renault-srt-01e,ds-virgin-dsv-02
fe-2016-17-r12-montreal,2016-17,2017,12,66,daniel-abt,abt-schaeffler-audi-sport,spark-renault-srt-01e,abt-schaeffler-fe02
fe-2016-17-r12-montreal,2016-17,2017,12,11,lucas-di-grassi,abt-schaeffler-audi-sport,spark-renault-srt-01e,abt-schaeffler-fe02
fe-2016-17-r12-montreal,2016-17,2017,12,9,sebastien-buemi,renault-e-dams,spark-renault-srt-01e,renault-z-e-16
fe-2016-17-r12-montreal,2016-17,2017,12,20,mitch-evans,panasonic-jaguar-racing,spark-renault-srt-01e,jaguar-i-type-1
fe-2016-17-r12-montreal,2016-17,2017,12,27,robin-frijns,andretti-formula-e,spark-renault-srt-01e,andretti-atec-02
fe-2016-17-r12-montreal,2016-17,2017,12,28,antonio-felix-da-costa,andretti-formula-e,spark-renault-srt-01e,andretti-atec-02
fe-2016-17-r12-montreal,2016-17,2017,12,3,nelson-piquet-jr,nextev-nio,spark-renault-srt-01e,nextev-tcr-formula-002
fe-2016-17-r12-montreal,2016-17,2017,12,88,oliver-turvey,nextev-nio,spark-renault-srt-01e,nextev-tcr-formula-002
fe-2016-17-r1-hong-kong,2016-17,2017,1,23,nick-heidfeld,mahindra-racing,spark-renault-srt-01e,mahindra-m3electro
fe-2016-17-r1-hong-kong,2016-17,2017,1,8,nicolas-prost,renault-e-dams,spark-renault-srt-01e,renault-z-e-16
fe-2016-17-r1-hong-kong,2016-17,2017,1,7,jerome-d-ambrosio,faraday-future-dragon-racing,spark-renault-srt-01e,penske-701-ev
fe-2016-17-r1-hong-kong,2016-17,2017,1,5,maro-engel,venturi-formula-e-team,spark-renault-srt-01e,venturi-vm200-fe-02
fe-2016-17-r1-hong-kong,2016-17,2017,1,4,stephane-sarrazin,venturi-formula-e-team,spark-renault-srt-01e,venturi-vm200-fe-02
fe-2016-17-r1-hong-kong,2016-17,2017,1,47,adam-carroll,panasonic-jaguar-racing,spark-renault-srt-01e,jaguar-i-type-1
fe-2016-17-r1-hong-kong,2016-17,2017,1,6,loic-duval,faraday-future-dragon-racing,spark-renault-srt-01e,penske-701-ev
fe-2016-17-r1-hong-kong,2016-17,2017,1,19,felix-rosenqvist,mahindra-racing,spark-renault-srt-01e,mahindra-m3electro
fe-2016-17-r1-hong-kong,2016-17,2017,1,37,jose-maria-lopez,ds-virgin-racing,spark-renault-srt-01e,ds-virgin-dsv-02
fe-2016-17-r1-hong-kong,2016-17,2017,1,33,ma-qinghua,techeetah,spark-renault-srt-01e,renault-z-e-16
fe-2016-17-r2-marrakesh,2016-17,2017,2,19,felix-rosenqvist,mahindra-racing,spark-renault-srt-01e,mahindra-m3electro
fe-2016-17-r2-marrakesh,2016-17,2017,2,8,nicolas-prost,renault-e-dams,spark-renault-srt-01e,renault-z-e-16
fe-2016-17-r2-marrakesh,2016-17,2017,2,23,nick-heidfeld,mahindra-racing,spark-renault-srt-01e,mahindra-m3electro
fe-2016-17-r2-marrakesh,2016-17,2017,2,37,jose-maria-lopez,ds-virgin-racing,spark-renault-srt-01e,ds-virgin-dsv-02
fe-2016-17-r2-marrakesh,2016-17,2017,2,4,stephane-sarrazin,venturi-formula-e-team,spark-renault-srt-01e,venturi-vm200-fe-02
fe-2016-17-r2-marrakesh,2016-17,2017,2,7,jerome-d-ambrosio,faraday-future-dragon-racing,spark-renault-srt-01e,penske-701-ev
fe-2016-17-r2-marrakesh,2016-17,2017,2,47,adam-carroll,panasonic-jaguar-racing,spark-renault-srt-01e,jaguar-i-type-1
fe-2016-17-r2-marrakesh,2016-17,2017,2,33,ma-qinghua,techeetah,spark-renault-srt-01e,renault-z-e-16
fe-2016-17-r2-marrakesh,2016-17,2017,2,6,loic-duval,faraday-future-dragon-racing,spark-renault-srt-01e,penske-701-ev
fe-2016-17-r2-marrakesh,2016-17,2017,2,5,maro-engel,venturi-formula-e-team,spark-renault-srt-01e,venturi-vm200-fe-02
fe-2016-17-r3-buenos-aires,2016-17,2017,3,8,nicolas-prost,renault-e-dams,spark-renault-srt-01e,renault-z-e-16
fe-2016-17-r3-buenos-aires,2016-17,2017,3,6,loic-duval,faraday-future-dragon-racing,spark-renault-srt-01e,penske-701-ev
fe-2016-17-r3-buenos-aires,2016-17,2017,3,7,jerome-d-ambrosio,faraday-future-dragon-racing,spark-renault-srt-01e,penske-701-ev
fe-2016-17-r3-buenos-aires,2016-17,2017,3,37,jose-maria-lopez,ds-virgin-racing,spark-renault-srt-01e,ds-virgin-dsv-02
fe-2016-17-r3-buenos-aires,2016-17,2017,3,4,stephane-sarrazin,venturi-formula-e-team,spark-renault-srt-01e,venturi-vm200-fe-02
fe-2016-17-r3-buenos-aires,2016-17,2017,3,23,nick-heidfeld,mahindra-racing,spark-renault-srt-01e,mahindra-m3electro
fe-2016-17-r3-buenos-aires,2016-17,2017,3,33,ma-qinghua,techeetah,spark-renault-srt-01e,renault-z-e-16
fe-2016-17-r3-buenos-aires,2016-17,2017,3,47,adam-carroll,panasonic-jaguar-racing,spark-renault-srt-01e,jaguar-i-type-1
fe-2016-17-r3-buenos-aires,2016-17,2017,3,19,felix-rosenqvist,mahindra-racing,spark-renault-srt-01e,mahindra-m3electro
fe-2016-17-r3-buenos-aires,2016-17,2017,3,5,maro-engel,venturi-formula-e-team,spark-renault-srt-01e,venturi-vm200-fe-02
fe-2016-17-r4-mexico-city,2016-17,2017,4,8,nicolas-prost,renault-e-dams,spark-renault-srt-01e,renault-z-e-16
fe-2016-17-r4-mexico-city,2016-17,2017,4,37,jose-maria-lopez,ds-virgin-racing,spark-renault-srt-01e,ds-virgin-dsv-02
fe-2016-17-r4-mexico-city,2016-17,2017,4,47,adam-carroll,panasonic-jaguar-racing,spark-renault-srt-01e,jaguar-i-type-1
fe-2016-17-r4-mexico-city,2016-17,2017,4,33,esteban-gutierrez,techeetah,spark-renault-srt-01e,renault-z-e-16
fe-2016-17-r4-mexico-city,2016-17,2017,4,23,nick-heidfeld,mahindra-racing,spark-renault-srt-01e,mahindra-m3electro
fe-2016-17-r4-mexico-city,2016-17,2017,4,7,jerome-d-ambrosio,faraday-future-dragon-racing,spark-renault-srt-01e,penske-701-ev
fe-2016-17-r4-mexico-city,2016-17,2017,4,4,stephane-sarrazin,venturi-formula-e-team,spark-renault-srt-01e,venturi-vm200-fe-02
fe-2016-17-r4-mexico-city,2016-17,2017,4,19,felix-rosenqvist,mahindra-racing,spark-renault-srt-01e,mahindra-m3electro
fe-2016-17-r4-mexico-city,2016-17,2017,4,5,maro-engel,venturi-formula-e-team,spark-renault-srt-01e,venturi-vm200-fe-02
fe-2016-17-r4-mexico-city,2016-17,2017,4,6,loic-duval,faraday-future-dragon-racing,spark-renault-srt-01e,penske-701-ev
fe-2016-17-r5-monaco,2016-17,2017,5,23,nick-heidfeld,mahindra-racing,spark-renault-srt-01e,mahindra-m3electro
fe-2016-17-r5-monaco,2016-17,2017,5,5,maro-engel,venturi-formula-e-team,spark-renault-srt-01e,venturi-vm200-fe-02
fe-2016-17-r5-monaco,2016-17,2017,5,19,felix-rosenqvist,mahindra-racing,spark-renault-srt-01e,mahindra-m3electro
fe-2016-17-r5-monaco,2016-17,2017,5,33,esteban-gutierrez,techeetah,spark-renault-srt-01e,renault-z-e-16
fe-2016-17-r5-monaco,2016-17,2017,5,8,nicolas-prost,renault-e-dams,spark-renault-srt-01e,renault-z-e-16
fe-2016-17-r5-monaco,2016-17,2017,5,47,adam-carroll,panasonic-jaguar-racing,spark-renault-srt-01e,jaguar-i-type-1
fe-2016-17-r5-monaco,2016-17,2017,5,4,stephane-sarrazin,venturi-formula-e-team,spark-renault-srt-01e,venturi-vm200-fe-02
fe-2016-17-r5-monaco,2016-17,2017,5,37,jose-maria-lopez,ds-virgin-racing,spark-renault-srt-01e,ds-virgin-dsv-02
fe-2016-17-r5-monaco,2016-17,2017,5,7,jerome-d-ambrosio,faraday-future-dragon-racing,spark-renault-srt-01e,penske-701-ev
fe-2016-17-r5-monaco,2016-17,2017,5,6,loic-duval,faraday-future-dragon-racing,spark-renault-srt-01e,penske-701-ev
fe-2016-17-r6-paris,2016-17,2017,6,37,jose-maria-lopez,ds-virgin-racing,spark-renault-srt-01e,ds-virgin-dsv-02
fe-2016-17-r6-paris,2016-17,2017,6,23,nick-heidfeld,mahindra-racing,spark-renault-srt-01e,mahindra-m3electro
fe-2016-17-r6-paris,2016-17,2017,6,19,felix-rosenqvist,mahindra-racing,spark-renault-srt-01e,mahindra-m3electro
fe-2016-17-r6-paris,2016-17,2017,6,8,nicolas-prost,renault-e-dams,spark-renault-srt-01e,renault-z-e-16
fe-2016-17-r6-paris,2016-17,2017,6,5,tom-dillmann,venturi-formula-e-team,spark-renault-srt-01e,venturi-vm200-fe-02
fe-2016-17-r6-paris,2016-17,2017,6,4,stephane-sarrazin,venturi-formula-e-team,spark-renault-srt-01e,venturi-vm200-fe-02
fe-2016-17-r6-paris,2016-17,2017,6,33,esteban-gutierrez,techeetah,spark-renault-srt-01e,renault-z-e-16
fe-2016-17-r6-paris,2016-17,2017,6,6,mike-conway,faraday-future-dragon-racing,spark-renault-srt-01e,penske-701-ev
fe-2016-17-r6-paris,2016-17,2017,6,47,adam-carroll,panasonic-jaguar-racing,spark-renault-srt-01e,jaguar-i-type-1
fe-2016-17-r6-paris,2016-17,2017,6,7,jerome-d-ambrosio,faraday-future-dragon-racing,spark-renault-srt-01e,penske-701-ev
fe-2016-17-r7-berlin,2016-17,2017,7,19,felix-rosenqvist,mahindra-racing,spark-renault-srt-01e,mahindra-m3electro
fe-2016-17-r7-berlin,2016-17,2017,7,23,nick-heidfeld,mahindra-racing,spark-renault-srt-01e,mahindra-m3electro
fe-2016-17-r7-berlin,2016-17,2017,7,37,jose-maria-lopez,ds-virgin-racing,spark-renault-srt-01e,ds-virgin-dsv-02
fe-2016-17-r7-berlin,2016-17,2017,7,8,nicolas-prost,renault-e-dams,spark-renault-srt-01e,renault-z-e-16
fe-2016-17-r7-berlin,2016-17,2017,7,5,maro-engel,venturi-formula-e-team,spark-renault-srt-01e,venturi-vm200-fe-02
fe-2016-17-r7-berlin,2016-17,2017,7,33,stephane-sarrazin,techeetah,spark-renault-srt-01e,renault-z-e-16
fe-2016-17-r7-berlin,2016-17,2017,7,7,jerome-d-ambrosio,faraday-future-dragon-racing,spark-renault-srt-01e,penske-701-ev
fe-2016-17-r7-berlin,2016-17,2017,7,47,adam-carroll,panasonic-jaguar-racing,spark-renault-srt-01e,jaguar-i-type-1
fe-2016-17-r7-berlin,2016-17,2017,7,6,loic-duval,faraday-future-dragon-racing,spark-renault-srt-01e,penske-701-ev
fe-2016-17-r7-berlin,2016-17,2017,7,4,tom-dillmann,venturi-formula-e-team,spark-renault-srt-01e,venturi-vm200-fe-02
fe-2016-17-r8-berlin,2016-17,2017,8,19,felix-rosenqvist,mahindra-racing,spark-renault-srt-01e,mahindra-m3electro
fe-2016-17-r8-berlin,2016-17,2017,8,37,jose-maria-lopez,ds-virgin-racing,spark-renault-srt-01e,ds-virgin-dsv-02
fe-2016-17-r8-berlin,2016-17,2017,8,8,nicolas-prost,renault-e-dams,spark-renault-srt-01e,renault-z-e-16
fe-2016-17-r8-berlin,2016-17,2017,8,23,nick-heidfeld,mahindra-racing,spark-renault-srt-01e,mahindra-m3electro
fe-2016-17-r8-berlin,2016-17,2017,8,7,jerome-d-ambrosio,faraday-future-dragon-racing,spark-renault-srt-01e,penske-701-ev
fe-2016-17-r8-berlin,2016-17,2017,8,33,stephane-sarrazin,techeetah,spark-renault-srt-01e,renault-z-e-16
fe-2016-17-r8-berlin,2016-17,2017,8,4,tom-dillmann,venturi-formula-e-team,spark-renault-srt-01e,venturi-vm200-fe-02
fe-2016-17-r8-berlin,2016-17,2017,8,47,adam-carroll,panasonic-jaguar-racing,spark-renault-srt-01e,jaguar-i-type-1
fe-2016-17-r8-berlin,2016-17,2017,8,6,loic-duval,faraday-future-dragon-racing,spark-renault-srt-01e,penske-701-ev
fe-2016-17-r8-berlin,2016-17,2017,8,5,maro-engel,venturi-formula-e-team,spark-renault-srt-01e,venturi-vm200-fe-02
fe-2016-17-r9-new-york,2016-17,2017,9,33,stephane-sarrazin,techeetah,spark-renault-srt-01e,renault-z-e-16
fe-2016-17-r9-new-york,2016-17,2017,9,6,loic-duval,faraday-future-dragon-racing,spark-renault-srt-01e,penske-701-ev
fe-2016-17-r9-new-york,2016-17,2017,9,9,pierre-gasly,renault-e-dams,spark-renault-srt-01e,renault-z-e-16
fe-2016-17-r9-new-york,2016-17,2017,9,8,nicolas-prost,renault-e-dams,spark-renault-srt-01e,renault-z-e-16
fe-2016-17-r9-new-york,2016-17,2017,9,47,adam-carroll,panasonic-jaguar-racing,spark-renault-srt-01e,jaguar-i-type-1
fe-2016-17-r9-new-york,2016-17,2017,9,4,tom-dillmann,venturi-formula-e-team,spark-renault-srt-01e,venturi-vm200-fe-02
fe-2016-17-r9-new-york,2016-17,2017,9,19,felix-rosenqvist,mahindra-racing,spark-renault-srt-01e,mahindra-m3electro
fe-2016-17-r9-new-york,2016-17,2017,9,23,nick-heidfeld,mahindra-racing,spark-renault-srt-01e,mahindra-m3electro
fe-2016-17-r9-new-york,2016-17,2017,9,5,maro-engel,venturi-formula-e-team,spark-renault-srt-01e,venturi-vm200-fe-02
fe-2016-17-r9-new-york,2016-17,2017,9,37,alex-lynn,ds-virgin-racing,spark-renault-srt-01e,ds-virgin-dsv-02
fe-2016-17-r9-new-york,2016-17,2017,9,7,jerome-d-ambrosio,faraday-future-dragon-racing,spark-renault-srt-01e,penske-701-ev
fe-2016-17-r10-new-york,2016-17,2017,10,19,felix-rosenqvist,mahindra-racing,spark-renault-srt-01e,mahindra-m3electro
fe-2016-17-r10-new-york,2016-17,2017,10,23,nick-heidfeld,mahindra-racing,spark-renault-srt-01e,mahindra-m3electro
fe-2016-17-r10-new-york,2016-17,2017,10,9,pierre-gasly,renault-e-dams,spark-renault-srt-01e,renault-z-e-16
fe-2016-17-r10-new-york,2016-17,2017,10,8,nicolas-prost,renault-e-dams,spark-renault-srt-01e,renault-z-e-16
fe-2016-17-r10-new-york,2016-17,2017,10,4,tom-dillmann,venturi-formula-e-team,spark-renault-srt-01e,venturi-vm200-fe-02
fe-2016-17-r10-new-york,2016-17,2017,10,7,jerome-d-ambrosio,faraday-future-dragon-racing,spark-renault-srt-01e,penske-701-ev
fe-2016-17-r10-new-york,2016-17,2017,10,47,adam-carroll,panasonic-jaguar-racing,spark-renault-srt-01e,jaguar-i-type-1
fe-2016-17-r10-new-york,2016-17,2017,10,33,stephane-sarrazin,techeetah,spark-renault-srt-01e,renault-z-e-16
fe-2016-17-r10-new-york,2016-17,2017,10,6,loic-duval,faraday-future-dragon-racing,spark-renault-srt-01e,penske-701-ev
fe-2016-17-r10-new-york,2016-17,2017,10,5,maro-engel,venturi-formula-e-team,spark-renault-srt-01e,venturi-vm200-fe-02
fe-2016-17-r10-new-york,2016-17,2017,10,37,alex-lynn,ds-virgin-racing,spark-renault-srt-01e,ds-virgin-dsv-02
fe-2016-17-r11-montreal,2016-17,2017,11,33,stephane-sarrazin,techeetah,spark-renault-srt-01e,renault-z-e-16
fe-2016-17-r11-montreal,2016-17,2017,11,8,nicolas-prost,renault-e-dams,spark-renault-srt-01e,renault-z-e-16
fe-2016-17-r11-montreal,2016-17,2017,11,19,felix-rosenqvist,mahindra-racing,spark-renault-srt-01e,mahindra-m3electro
fe-2016-17-r11-montreal,2016-17,2017,11,4,tom-dillmann,venturi-formula-e-team,spark-renault-srt-01e,venturi-vm200-fe-02
fe-2016-17-r11-montreal,2016-17,2017,11,7,jerome-d-ambrosio,faraday-future-dragon-racing,spark-renault-srt-01e,penske-701-ev
fe-2016-17-r11-montreal,2016-17,2017,11,5,maro-engel,venturi-formula-e-team,spark-renault-srt-01e,venturi-vm200-fe-02
fe-2016-17-r11-montreal,2016-17,2017,11,47,adam-carroll,panasonic-jaguar-racing,spark-renault-srt-01e,jaguar-i-type-1
fe-2016-17-r11-montreal,2016-17,2017,11,6,loic-duval,faraday-future-dragon-racing,spark-renault-srt-01e,penske-701-ev
fe-2016-17-r11-montreal,2016-17,2017,11,37,jose-maria-lopez,ds-virgin-racing,spark-renault-srt-01e,ds-virgin-dsv-02
fe-2016-17-r11-montreal,2016-17,2017,11,23,nick-heidfeld,mahindra-racing,spark-renault-srt-01e,mahindra-m3electro
fe-2016-17-r12-montreal,2016-17,2017,12,19,felix-rosenqvist,mahindra-racing,spark-renault-srt-01e,mahindra-m3electro
fe-2016-17-r12-montreal,2016-17,2017,12,37,jose-maria-lopez,ds-virgin-racing,spark-renault-srt-01e,ds-virgin-dsv-02
fe-2016-17-r12-montreal,2016-17,2017,12,23,nick-heidfeld,mahindra-racing,spark-renault-srt-01e,mahindra-m3electro
fe-2016-17-r12-montreal,2016-17,2017,12,33,stephane-sarrazin,techeetah,spark-renault-srt-01e,renault-z-e-16
fe-2016-17-r12-montreal,2016-17,2017,12,7,jerome-d-ambrosio,faraday-future-dragon-racing,spark-renault-srt-01e,penske-701-ev
fe-2016-17-r12-montreal,2016-17,2017,12,4,tom-dillmann,venturi-formula-e-team,spark-renault-srt-01e,venturi-vm200-fe-02
fe-2016-17-r12-montreal,2016-17,2017,12,47,adam-carroll,panasonic-jaguar-racing,spark-renault-srt-01e,jaguar-i-type-1
fe-2016-17-r12-montreal,2016-17,2017,12,5,maro-engel,venturi-formula-e-team,spark-renault-srt-01e,venturi-vm200-fe-02
fe-2016-17-r12-montreal,2016-17,2017,12,6,loic-duval,faraday-future-dragon-racing,spark-renault-srt-01e,penske-701-ev
fe-2016-17-r12-montreal,2016-17,2017,12,8,nicolas-prost,renault-e-dams,spark-renault-srt-01e,renault-z-e-16
fe-2017-18-r1-hong-kong,2017-18,2018,1,2,sam-bird,ds-virgin-racing,spark-renault-srt-01e,ds-virgin-dsv-03
fe-2017-18-r1-hong-kong,2017-18,2018,1,25,jean-eric-vergne,techeetah,spark-renault-srt-01e,renault-z-e-17
fe-2017-18-r1-hong-kong,2017-18,2018,1,3,nelson-piquet-jr,panasonic-jaguar-racing,spark-renault-srt-01e,jaguar-i-type-ii
fe-2017-18-r1-hong-kong,2017-18,2018,1,66,daniel-abt,audi-sport-abt-schaeffler,spark-renault-srt-01e,audi-e-tron-fe04
fe-2017-18-r1-hong-kong,2017-18,2018,1,28,antonio-felix-da-costa,ms-ad-andretti-formula-e,spark-renault-srt-01e,andretti-atec-03
fe-2017-18-r1-hong-kong,2017-18,2018,1,4,edoardo-mortara,venturi-formula-e-team,spark-renault-srt-01e,venturi-vm200-fe-03
fe-2017-18-r1-hong-kong,2017-18,2018,1,9,sebastien-buemi,renault-e-dams,spark-renault-srt-01e,renault-z-e-17
fe-2017-18-r1-hong-kong,2017-18,2018,1,20,mitch-evans,panasonic-jaguar-racing,spark-renault-srt-01e,jaguar-i-type-ii
fe-2017-18-r1-hong-kong,2017-18,2018,1,16,oliver-turvey,nio-formula-e-team,spark-renault-srt-01e,nextev-nio-sport-003
fe-2017-18-r1-hong-kong,2017-18,2018,1,1,lucas-di-grassi,audi-sport-abt-schaeffler,spark-renault-srt-01e,audi-e-tron-fe04
fe-2017-18-r1-hong-kong,2017-18,2018,1,6,neel-jani,dragon-racing,spark-renault-srt-01e,penske-ev-2
fe-2017-18-r1-hong-kong,2017-18,2018,1,18,andre-lotterer,techeetah,spark-renault-srt-01e,renault-z-e-17
fe-2017-18-r2-hong-kong,2017-18,2018,2,4,edoardo-mortara,venturi-formula-e-team,spark-renault-srt-01e,venturi-vm200-fe-03
fe-2017-18-r2-hong-kong,2017-18,2018,2,20,mitch-evans,panasonic-jaguar-racing,spark-renault-srt-01e,jaguar-i-type-ii
fe-2017-18-r2-hong-kong,2017-18,2018,2,25,jean-eric-vergne,techeetah,spark-renault-srt-01e,renault-z-e-17
fe-2017-18-r2-hong-kong,2017-18,2018,2,2,sam-bird,ds-virgin-racing,spark-renault-srt-01e,ds-virgin-dsv-03
fe-2017-18-r2-hong-kong,2017-18,2018,2,16,oliver-turvey,nio-formula-e-team,spark-renault-srt-01e,nextev-nio-sport-003
fe-2017-18-r2-hong-kong,2017-18,2018,2,9,sebastien-buemi,renault-e-dams,spark-renault-srt-01e,renault-z-e-17
fe-2017-18-r2-hong-kong,2017-18,2018,2,28,antonio-felix-da-costa,ms-ad-andretti-formula-e,spark-renault-srt-01e,andretti-atec-03
fe-2017-18-r2-hong-kong,2017-18,2018,2,3,nelson-piquet-jr,panasonic-jaguar-racing,spark-renault-srt-01e,jaguar-i-type-ii
fe-2017-18-r2-hong-kong,2017-18,2018,2,18,andre-lotterer,techeetah,spark-renault-srt-01e,renault-z-e-17
fe-2017-18-r2-hong-kong,2017-18,2018,2,1,lucas-di-grassi,audi-sport-abt-schaeffler,spark-renault-srt-01e,audi-e-tron-fe04
fe-2017-18-r2-hong-kong,2017-18,2018,2,6,neel-jani,dragon-racing,spark-renault-srt-01e,penske-ev-2
fe-2017-18-r2-hong-kong,2017-18,2018,2,66,daniel-abt,audi-sport-abt-schaeffler,spark-renault-srt-01e,audi-e-tron-fe04
fe-2017-18-r3-marrakesh,2017-18,2018,3,9,sebastien-buemi,renault-e-dams,spark-renault-srt-01e,renault-z-e-17
fe-2017-18-r3-marrakesh,2017-18,2018,3,2,sam-bird,ds-virgin-racing,spark-renault-srt-01e,ds-virgin-dsv-03
fe-2017-18-r3-marrakesh,2017-18,2018,3,3,nelson-piquet-jr,panasonic-jaguar-racing,spark-renault-srt-01e,jaguar-i-type-ii
fe-2017-18-r3-marrakesh,2017-18,2018,3,25,jean-eric-vergne,techeetah,spark-renault-srt-01e,renault-z-e-17
fe-2017-18-r3-marrakesh,2017-18,2018,3,27,tom-blomqvist,ms-ad-andretti-formula-e,spark-renault-srt-01e,andretti-atec-03
fe-2017-18-r3-marrakesh,2017-18,2018,3,66,daniel-abt,audi-sport-abt-schaeffler,spark-renault-srt-01e,audi-e-tron-fe04
fe-2017-18-r3-marrakesh,2017-18,2018,3,20,mitch-evans,panasonic-jaguar-racing,spark-renault-srt-01e,jaguar-i-type-ii
fe-2017-18-r3-marrakesh,2017-18,2018,3,28,antonio-felix-da-costa,ms-ad-andretti-formula-e,spark-renault-srt-01e,andretti-atec-03
fe-2017-18-r3-marrakesh,2017-18,2018,3,4,edoardo-mortara,venturi-formula-e-team,spark-renault-srt-01e,venturi-vm200-fe-03
fe-2017-18-r3-marrakesh,2017-18,2018,3,16,oliver-turvey,nio-formula-e-team,spark-renault-srt-01e,nextev-nio-sport-003
fe-2017-18-r3-marrakesh,2017-18,2018,3,18,andre-lotterer,techeetah,spark-renault-srt-01e,renault-z-e-17
fe-2017-18-r3-marrakesh,2017-18,2018,3,1,lucas-di-grassi,audi-sport-abt-schaeffler,spark-renault-srt-01e,audi-e-tron-fe04
fe-2017-18-r4-santiago,2017-18,2018,4,25,jean-eric-vergne,techeetah,spark-renault-srt-01e,renault-z-e-17
fe-2017-18-r4-santiago,2017-18,2018,4,18,andre-lotterer,techeetah,spark-renault-srt-01e,renault-z-e-17
fe-2017-18-r4-santiago,2017-18,2018,4,9,sebastien-buemi,renault-e-dams,spark-renault-srt-01e,renault-z-e-17
fe-2017-18-r4-santiago,2017-18,2018,4,2,sam-bird,ds-virgin-racing,spark-renault-srt-01e,ds-virgin-dsv-03
fe-2017-18-r4-santiago,2017-18,2018,4,3,nelson-piquet-jr,panasonic-jaguar-racing,spark-renault-srt-01e,jaguar-i-type-ii
fe-2017-18-r4-santiago,2017-18,2018,4,20,mitch-evans,panasonic-jaguar-racing,spark-renault-srt-01e,jaguar-i-type-ii
fe-2017-18-r4-santiago,2017-18,2018,4,28,antonio-felix-da-costa,ms-ad-andretti-formula-e,spark-renault-srt-01e,andretti-atec-03
fe-2017-18-r4-santiago,2017-18,2018,4,27,tom-blomqvist,ms-ad-andretti-formula-e,spark-renault-srt-01e,andretti-atec-03
fe-2017-18-r4-santiago,2017-18,2018,4,4,edoardo-mortara,venturi-formula-e-team,spark-renault-srt-01e,venturi-vm200-fe-03
fe-2017-18-r4-santiago,2017-18,2018,4,16,oliver-turvey,nio-formula-e-team,spark-renault-srt-01e,nextev-nio-sport-003
fe-2017-18-r4-santiago,2017-18,2018,4,1,lucas-di-grassi,audi-sport-abt-schaeffler,spark-renault-srt-01e,audi-e-tron-fe04
fe-2017-18-r4-santiago,2017-18,2018,4,66,daniel-abt,audi-sport-abt-schaeffler,spark-renault-srt-01e,audi-e-tron-fe04
fe-2017-18-r5-mexico-city,2017-18,2018,5,66,daniel-abt,audi-sport-abt-schaeffler,spark-renault-srt-01e,audi-e-tron-fe04
fe-2017-18-r5-mexico-city,2017-18,2018,5,16,oliver-turvey,nio-formula-e-team,spark-renault-srt-01e,nextev-nio-sport-003
fe-2017-18-r5-mexico-city,2017-18,2018,5,9,sebastien-buemi,renault-e-dams,spark-renault-srt-01e,renault-z-e-17
fe-2017-18-r5-mexico-city,2017-18,2018,5,3,nelson-piquet-jr,panasonic-jaguar-racing,spark-renault-srt-01e,jaguar-i-type-ii
fe-2017-18-r5-mexico-city,2017-18,2018,5,25,jean-eric-vergne,techeetah,spark-renault-srt-01e,renault-z-e-17
fe-2017-18-r5-mexico-city,2017-18,2018,5,20,mitch-evans,panasonic-jaguar-racing,spark-renault-srt-01e,jaguar-i-type-ii
fe-2017-18-r5-mexico-city,2017-18,2018,5,28,antonio-felix-da-costa,ms-ad-andretti-formula-e,spark-renault-srt-01e,andretti-atec-03
fe-2017-18-r5-mexico-city,2017-18,2018,5,4,edoardo-mortara,venturi-formula-e-team,spark-renault-srt-01e,venturi-vm200-fe-03
fe-2017-18-r5-mexico-city,2017-18,2018,5,1,lucas-di-grassi,audi-sport-abt-schaeffler,spark-renault-srt-01e,audi-e-tron-fe04
fe-2017-18-r5-mexico-city,2017-18,2018,5,18,andre-lotterer,techeetah,spark-renault-srt-01e,renault-z-e-17
fe-2017-18-r5-mexico-city,2017-18,2018,5,27,tom-blomqvist,ms-ad-andretti-formula-e,spark-renault-srt-01e,andretti-atec-03
fe-2017-18-r5-mexico-city,2017-18,2018,5,2,sam-bird,ds-virgin-racing,spark-renault-srt-01e,ds-virgin-dsv-03
fe-2017-18-r6-punta-del-este,2017-18,2018,6,25,jean-eric-vergne,techeetah,spark-renault-srt-01e,renault-z-e-17
fe-2017-18-r6-punta-del-este,2017-18,2018,6,1,lucas-di-grassi,audi-sport-abt-schaeffler,spark-renault-srt-01e,audi-e-tron-fe04
fe-2017-18-r6-punta-del-este,2017-18,2018,6,2,sam-bird,ds-virgin-racing,spark-renault-srt-01e,ds-virgin-dsv-03
fe-2017-18-r6-punta-del-este,2017-18,2018,6,20,mitch-evans,panasonic-jaguar-racing,spark-renault-srt-01e,jaguar-i-type-ii
fe-2017-18-r6-punta-del-este,2017-18,2018,6,16,oliver-turvey,nio-formula-e-team,spark-renault-srt-01e,nextev-nio-sport-003
fe-2017-18-r6-punta-del-este,2017-18,2018,6,28,antonio-felix-da-costa,ms-ad-andretti-formula-e,spark-renault-srt-01e,andretti-atec-03
fe-2017-18-r6-punta-del-este,2017-18,2018,6,18,andre-lotterer,techeetah,spark-renault-srt-01e,renault-z-e-17
fe-2017-18-r6-punta-del-este,2017-18,2018,6,66,daniel-abt,audi-sport-abt-schaeffler,spark-renault-srt-01e,audi-e-tron-fe04
fe-2017-18-r6-punta-del-este,2017-18,2018,6,27,tom-blomqvist,ms-ad-andretti-formula-e,spark-renault-srt-01e,andretti-atec-03
fe-2017-18-r6-punta-del-este,2017-18,2018,6,4,edoardo-mortara,venturi-formula-e-team,spark-renault-srt-01e,venturi-vm200-fe-03
fe-2017-18-r6-punta-del-este,2017-18,2018,6,9,sebastien-buemi,renault-e-dams,spark-renault-srt-01e,renault-z-e-17
fe-2017-18-r6-punta-del-este,2017-18,2018,6,3,nelson-piquet-jr,panasonic-jaguar-racing,spark-renault-srt-01e,jaguar-i-type-ii
fe-2017-18-r7-rome,2017-18,2018,7,2,sam-bird,ds-virgin-racing,spark-renault-srt-01e,ds-virgin-dsv-03
fe-2017-18-r7-rome,2017-18,2018,7,1,lucas-di-grassi,audi-sport-abt-schaeffler,spark-renault-srt-01e,audi-e-tron-fe04
fe-2017-18-r7-rome,2017-18,2018,7,18,andre-lotterer,techeetah,spark-renault-srt-01e,renault-z-e-17
fe-2017-18-r7-rome,2017-18,2018,7,66,daniel-abt,audi-sport-abt-schaeffler,spark-renault-srt-01e,audi-e-tron-fe04
fe-2017-18-r7-rome,2017-18,2018,7,25,jean-eric-vergne,techeetah,spark-renault-srt-01e,renault-z-e-17
fe-2017-18-r7-rome,2017-18,2018,7,9,sebastien-buemi,renault-e-dams,spark-renault-srt-01e,renault-z-e-17
fe-2017-18-r7-rome,2017-18,2018,7,20,mitch-evans,panasonic-jaguar-racing,spark-renault-srt-01e,jaguar-i-type-ii
fe-2017-18-r7-rome,2017-18,2018,7,4,edoardo-mortara,venturi-formula-e-team,spark-renault-srt-01e,venturi-vm200-fe-03
fe-2017-18-r7-rome,2017-18,2018,7,28,antonio-felix-da-costa,ms-ad-andretti-formula-e,spark-renault-srt-01e,andretti-atec-03
fe-2017-18-r7-rome,2017-18,2018,7,16,oliver-turvey,nio-formula-e-team,spark-renault-srt-01e,nextev-nio-sport-003
fe-2017-18-r7-rome,2017-18,2018,7,27,tom-blomqvist,ms-ad-andretti-formula-e,spark-renault-srt-01e,andretti-atec-03
fe-2017-18-r7-rome,2017-18,2018,7,3,nelson-piquet-jr,panasonic-jaguar-racing,spark-renault-srt-01e,jaguar-i-type-ii
fe-2017-18-r8-paris,2017-18,2018,8,25,jean-eric-vergne,techeetah,spark-renault-srt-01e,renault-z-e-17
fe-2017-18-r8-paris,2017-18,2018,8,1,lucas-di-grassi,audi-sport-abt-schaeffler,spark-renault-srt-01e,audi-e-tron-fe04
fe-2017-18-r8-paris,2017-18,2018,8,2,sam-bird,ds-virgin-racing,spark-renault-srt-01e,ds-virgin-dsv-03
fe-2017-18-r8-paris,2017-18,2018,8,9,sebastien-buemi,renault-e-dams,spark-renault-srt-01e,renault-z-e-17
fe-2017-18-r8-paris,2017-18,2018,8,18,andre-lotterer,techeetah,spark-renault-srt-01e,renault-z-e-17
fe-2017-18-r8-paris,2017-18,2018,8,66,daniel-abt,audi-sport-abt-schaeffler,spark-renault-srt-01e,audi-e-tron-fe04
fe-2017-18-r8-paris,2017-18,2018,8,16,oliver-turvey,nio-formula-e-team,spark-renault-srt-01e,nextev-nio-sport-003
fe-2017-18-r8-paris,2017-18,2018,8,4,edoardo-mortara,venturi-formula-e-team,spark-renault-srt-01e,venturi-vm200-fe-03
fe-2017-18-r8-paris,2017-18,2018,8,20,mitch-evans,panasonic-jaguar-racing,spark-renault-srt-01e,jaguar-i-type-ii
fe-2017-18-r8-paris,2017-18,2018,8,3,nelson-piquet-jr,panasonic-jaguar-racing,spark-renault-srt-01e,jaguar-i-type-ii
fe-2017-18-r8-paris,2017-18,2018,8,28,antonio-felix-da-costa,ms-ad-andretti-formula-e,spark-renault-srt-01e,andretti-atec-03
fe-2017-18-r8-paris,2017-18,2018,8,27,tom-blomqvist,ms-ad-andretti-formula-e,spark-renault-srt-01e,andretti-atec-03
fe-2017-18-r9-berlin,2017-18,2018,9,66,daniel-abt,audi-sport-abt-schaeffler,spark-renault-srt-01e,audi-e-tron-fe04
fe-2017-18-r9-berlin,2017-18,2018,9,1,lucas-di-grassi,audi-sport-abt-schaeffler,spark-renault-srt-01e,audi-e-tron-fe04
fe-2017-18-r9-berlin,2017-18,2018,9,25,jean-eric-vergne,techeetah,spark-renault-srt-01e,renault-z-e-17
fe-2017-18-r9-berlin,2017-18,2018,9,9,sebastien-buemi,renault-e-dams,spark-renault-srt-01e,renault-z-e-17
fe-2017-18-r9-berlin,2017-18,2018,9,16,oliver-turvey,nio-formula-e-team,spark-renault-srt-01e,nextev-nio-sport-003
fe-2017-18-r9-berlin,2017-18,2018,9,20,mitch-evans,panasonic-jaguar-racing,spark-renault-srt-01e,jaguar-i-type-ii
fe-2017-18-r9-berlin,2017-18,2018,9,2,sam-bird,ds-virgin-racing,spark-renault-srt-01e,ds-virgin-dsv-03
fe-2017-18-r9-berlin,2017-18,2018,9,18,andre-lotterer,techeetah,spark-renault-srt-01e,renault-z-e-17
fe-2017-18-r9-berlin,2017-18,2018,9,3,nelson-piquet-jr,panasonic-jaguar-racing,spark-renault-srt-01e,jaguar-i-type-ii
fe-2017-18-r9-berlin,2017-18,2018,9,28,antonio-felix-da-costa,ms-ad-andretti-formula-e,spark-renault-srt-01e,andretti-atec-03
fe-2017-18-r10-zurich,2017-18,2018,10,1,lucas-di-grassi,audi-sport-abt-schaeffler,spark-renault-srt-01e,audi-e-tron-fe04
fe-2017-18-r10-zurich,2017-18,2018,10,2,sam-bird,ds-virgin-racing,spark-renault-srt-01e,ds-virgin-dsv-03
fe-2017-18-r10-zurich,2017-18,2018,10,18,andre-lotterer,techeetah,spark-renault-srt-01e,renault-z-e-17
fe-2017-18-r10-zurich,2017-18,2018,10,9,sebastien-buemi,renault-e-dams,spark-renault-srt-01e,renault-z-e-17
fe-2017-18-r10-zurich,2017-18,2018,10,20,mitch-evans,panasonic-jaguar-racing,spark-renault-srt-01e,jaguar-i-type-ii
fe-2017-18-r10-zurich,2017-18,2018,10,28,antonio-felix-da-costa,ms-ad-andretti-formula-e,spark-renault-srt-01e,andretti-atec-03
fe-2017-18-r10-zurich,2017-18,2018,10,16,oliver-turvey,nio-formula-e-team,spark-renault-srt-01e,nextev-nio-sport-003
fe-2017-18-r10-zurich,2017-18,2018,10,25,jean-eric-vergne,techeetah,spark-renault-srt-01e,renault-z-e-17
fe-2017-18-r10-zurich,2017-18,2018,10,66,daniel-abt,audi-sport-abt-schaeffler,spark-renault-srt-01e,audi-e-tron-fe04
fe-2017-18-r10-zurich,2017-18,2018,10,3,nelson-piquet-jr,panasonic-jaguar-racing,spark-renault-srt-01e,jaguar-i-type-ii
fe-2017-18-r10-zurich,2017-18,2018,10,4,edoardo-mortara,venturi-formula-e-team,spark-renault-srt-01e,venturi-vm200-fe-03
fe-2017-18-r11-new-york,2017-18,2018,11,1,lucas-di-grassi,audi-sport-abt-schaeffler,spark-renault-srt-01e,audi-e-tron-fe04
fe-2017-18-r11-new-york,2017-18,2018,11,66,daniel-abt,audi-sport-abt-schaeffler,spark-renault-srt-01e,audi-e-tron-fe04
fe-2017-18-r11-new-york,2017-18,2018,11,9,sebastien-buemi,renault-e-dams,spark-renault-srt-01e,renault-z-e-17
fe-2017-18-r11-new-york,2017-18,2018,11,25,jean-eric-vergne,techeetah,spark-renault-srt-01e,renault-z-e-17
fe-2017-18-r11-new-york,2017-18,2018,11,18,andre-lotterer,techeetah,spark-renault-srt-01e,renault-z-e-17
fe-2017-18-r11-new-york,2017-18,2018,11,2,sam-bird,ds-virgin-racing,spark-renault-srt-01e,ds-virgin-dsv-03
fe-2017-18-r11-new-york,2017-18,2018,11,28,antonio-felix-da-costa,ms-ad-andretti-formula-e,spark-renault-srt-01e,andretti-atec-03
fe-2017-18-r11-new-york,2017-18,2018,11,16,oliver-turvey,nio-formula-e-team,spark-renault-srt-01e,nextev-nio-sport-003
fe-2017-18-r11-new-york,2017-18,2018,11,20,mitch-evans,panasonic-jaguar-racing,spark-renault-srt-01e,jaguar-i-type-ii
fe-2017-18-r11-new-york,2017-18,2018,11,3,nelson-piquet-jr,panasonic-jaguar-racing,spark-renault-srt-01e,jaguar-i-type-ii
fe-2017-18-r12-new-york,2017-18,2018,12,25,jean-eric-vergne,techeetah,spark-renault-srt-01e,renault-z-e-17
fe-2017-18-r12-new-york,2017-18,2018,12,1,lucas-di-grassi,audi-sport-abt-schaeffler,spark-renault-srt-01e,audi-e-tron-fe04
fe-2017-18-r12-new-york,2017-18,2018,12,66,daniel-abt,audi-sport-abt-schaeffler,spark-renault-srt-01e,audi-e-tron-fe04
fe-2017-18-r12-new-york,2017-18,2018,12,9,sebastien-buemi,renault-e-dams,spark-renault-srt-01e,renault-z-e-17
fe-2017-18-r12-new-york,2017-18,2018,12,20,mitch-evans,panasonic-jaguar-racing,spark-renault-srt-01e,jaguar-i-type-ii
fe-2017-18-r12-new-york,2017-18,2018,12,3,nelson-piquet-jr,panasonic-jaguar-racing,spark-renault-srt-01e,jaguar-i-type-ii
fe-2017-18-r12-new-york,2017-18,2018,12,18,andre-lotterer,techeetah,spark-renault-srt-01e,renault-z-e-17
fe-2017-18-r12-new-york,2017-18,2018,12,2,sam-bird,ds-virgin-racing,spark-renault-srt-01e,ds-virgin-dsv-03
fe-2017-18-r12-new-york,2017-18,2018,12,28,antonio-felix-da-costa,ms-ad-andretti-formula-e,spark-renault-srt-01e,andretti-atec-03
fe-2017-18-r1-hong-kong,2017-18,2018,1,23,nick-heidfeld,mahindra-racing,spark-renault-srt-01e,mahindra-m4electro
fe-2017-18-r1-hong-kong,2017-18,2018,1,36,alex-lynn,ds-virgin-racing,spark-renault-srt-01e,ds-virgin-dsv-03
fe-2017-18-r1-hong-kong,2017-18,2018,1,8,nicolas-prost,renault-e-dams,spark-renault-srt-01e,renault-z-e-17
fe-2017-18-r1-hong-kong,2017-18,2018,1,68,luca-filippi,nio-formula-e-team,spark-renault-srt-01e,nextev-nio-sport-003
fe-2017-18-r1-hong-kong,2017-18,2018,1,5,maro-engel,venturi-formula-e-team,spark-renault-srt-01e,venturi-vm200-fe-03
fe-2017-18-r1-hong-kong,2017-18,2018,1,19,felix-rosenqvist,mahindra-racing,spark-renault-srt-01e,mahindra-m4electro
fe-2017-18-r1-hong-kong,2017-18,2018,1,27,kamui-kobayashi,andretti-formula-e,spark-renault-srt-01e,andretti-atec-04
fe-2017-18-r1-hong-kong,2017-18,2018,1,7,jerome-d-ambrosio,dragon,spark-renault-srt-01e,penske-ev-2
fe-2017-18-r2-hong-kong,2017-18,2018,2,19,felix-rosenqvist,mahindra-racing,spark-renault-srt-01e,mahindra-m4electro
fe-2017-18-r2-hong-kong,2017-18,2018,2,5,maro-engel,venturi-formula-e-team,spark-renault-srt-01e,venturi-vm200-fe-03
fe-2017-18-r2-hong-kong,2017-18,2018,2,8,nicolas-prost,renault-e-dams,spark-renault-srt-01e,renault-z-e-17
fe-2017-18-r2-hong-kong,2017-18,2018,2,36,alex-lynn,ds-virgin-racing,spark-renault-srt-01e,ds-virgin-dsv-03
fe-2017-18-r2-hong-kong,2017-18,2018,2,7,jerome-d-ambrosio,dragon,spark-renault-srt-01e,penske-ev-2
fe-2017-18-r2-hong-kong,2017-18,2018,2,23,nick-heidfeld,mahindra-racing,spark-renault-srt-01e,mahindra-m4electro
fe-2017-18-r2-hong-kong,2017-18,2018,2,27,kamui-kobayashi,andretti-formula-e,spark-renault-srt-01e,andretti-atec-04
fe-2017-18-r2-hong-kong,2017-18,2018,2,68,luca-filippi,nio-formula-e-team,spark-renault-srt-01e,nextev-nio-sport-003
fe-2017-18-r3-marrakesh,2017-18,2018,3,19,felix-rosenqvist,mahindra-racing,spark-renault-srt-01e,mahindra-m4electro
fe-2017-18-r3-marrakesh,2017-18,2018,3,6,jose-maria-lopez,dragon,spark-renault-srt-01e,penske-ev-2
fe-2017-18-r3-marrakesh,2017-18,2018,3,23,nick-heidfeld,mahindra-racing,spark-renault-srt-01e,mahindra-m4electro
fe-2017-18-r3-marrakesh,2017-18,2018,3,36,alex-lynn,ds-virgin-racing,spark-renault-srt-01e,ds-virgin-dsv-03
fe-2017-18-r3-marrakesh,2017-18,2018,3,5,maro-engel,venturi-formula-e-team,spark-renault-srt-01e,venturi-vm200-fe-03
fe-2017-18-r3-marrakesh,2017-18,2018,3,8,nicolas-prost,renault-e-dams,spark-renault-srt-01e,renault-z-e-17
fe-2017-18-r3-marrakesh,2017-18,2018,3,7,jerome-d-ambrosio,dragon,spark-renault-srt-01e,penske-ev-2
fe-2017-18-r3-marrakesh,2017-18,2018,3,68,luca-filippi,nio-formula-e-team,spark-renault-srt-01e,nextev-nio-sport-003
fe-2017-18-r4-santiago,2017-18,2018,4,19,felix-rosenqvist,mahindra-racing,spark-renault-srt-01e,mahindra-m4electro
fe-2017-18-r4-santiago,2017-18,2018,4,7,jerome-d-ambrosio,dragon,spark-renault-srt-01e,penske-ev-2
fe-2017-18-r4-santiago,2017-18,2018,4,8,nicolas-prost,renault-e-dams,spark-renault-srt-01e,renault-z-e-17
fe-2017-18-r4-santiago,2017-18,2018,4,68,luca-filippi,nio-formula-e-team,spark-renault-srt-01e,nextev-nio-sport-003
fe-2017-18-r4-santiago,2017-18,2018,4,36,alex-lynn,ds-virgin-racing,spark-renault-srt-01e,ds-virgin-dsv-03
fe-2017-18-r4-santiago,2017-18,2018,4,23,nick-heidfeld,mahindra-racing,spark-renault-srt-01e,mahindra-m4electro
fe-2017-18-r4-santiago,2017-18,2018,4,6,jose-maria-lopez,dragon,spark-renault-srt-01e,penske-ev-2
fe-2017-18-r4-santiago,2017-18,2018,4,5,maro-engel,venturi-formula-e-team,spark-renault-srt-01e,venturi-vm200-fe-03
fe-2017-18-r5-mexico-city,2017-18,2018,5,36,alex-lynn,ds-virgin-racing,spark-renault-srt-01e,ds-virgin-dsv-03
fe-2017-18-r5-mexico-city,2017-18,2018,5,7,jerome-d-ambrosio,dragon,spark-renault-srt-01e,penske-ev-2
fe-2017-18-r5-mexico-city,2017-18,2018,5,6,jose-maria-lopez,dragon,spark-renault-srt-01e,penske-ev-2
fe-2017-18-r5-mexico-city,2017-18,2018,5,68,luca-filippi,nio-formula-e-team,spark-renault-srt-01e,nextev-nio-sport-003
fe-2017-18-r5-mexico-city,2017-18,2018,5,5,maro-engel,venturi-formula-e-team,spark-renault-srt-01e,venturi-vm200-fe-03
fe-2017-18-r5-mexico-city,2017-18,2018,5,8,nicolas-prost,renault-e-dams,spark-renault-srt-01e,renault-z-e-17
fe-2017-18-r5-mexico-city,2017-18,2018,5,19,felix-rosenqvist,mahindra-racing,spark-renault-srt-01e,mahindra-m4electro
fe-2017-18-r5-mexico-city,2017-18,2018,5,23,nick-heidfeld,mahindra-racing,spark-renault-srt-01e,mahindra-m4electro
fe-2017-18-r6-punta-del-este,2017-18,2018,6,19,felix-rosenqvist,mahindra-racing,spark-renault-srt-01e,mahindra-m4electro
fe-2017-18-r6-punta-del-este,2017-18,2018,6,36,alex-lynn,ds-virgin-racing,spark-renault-srt-01e,ds-virgin-dsv-03
fe-2017-18-r6-punta-del-este,2017-18,2018,6,6,jose-maria-lopez,dragon,spark-renault-srt-01e,penske-ev-2
fe-2017-18-r6-punta-del-este,2017-18,2018,6,7,jerome-d-ambrosio,dragon,spark-renault-srt-01e,penske-ev-2
fe-2017-18-r6-punta-del-este,2017-18,2018,6,5,maro-engel,venturi-formula-e-team,spark-renault-srt-01e,venturi-vm200-fe-03
fe-2017-18-r6-punta-del-este,2017-18,2018,6,68,luca-filippi,nio-formula-e-team,spark-renault-srt-01e,nextev-nio-sport-003
fe-2017-18-r6-punta-del-este,2017-18,2018,6,8,nicolas-prost,renault-e-dams,spark-renault-srt-01e,renault-z-e-17
fe-2017-18-r6-punta-del-este,2017-18,2018,6,23,nick-heidfeld,mahindra-racing,spark-renault-srt-01e,mahindra-m4electro
fe-2017-18-r7-rome,2017-18,2018,7,7,jerome-d-ambrosio,dragon,spark-renault-srt-01e,penske-ev-2
fe-2017-18-r7-rome,2017-18,2018,7,5,maro-engel,venturi-formula-e-team,spark-renault-srt-01e,venturi-vm200-fe-03
fe-2017-18-r7-rome,2017-18,2018,7,68,luca-filippi,nio-formula-e-team,spark-renault-srt-01e,nextev-nio-sport-003
fe-2017-18-r7-rome,2017-18,2018,7,8,nicolas-prost,renault-e-dams,spark-renault-srt-01e,renault-z-e-17
fe-2017-18-r7-rome,2017-18,2018,7,23,nick-heidfeld,mahindra-racing,spark-renault-srt-01e,mahindra-m4electro
fe-2017-18-r7-rome,2017-18,2018,7,6,jose-maria-lopez,dragon,spark-renault-srt-01e,penske-ev-2
fe-2017-18-r7-rome,2017-18,2018,7,19,felix-rosenqvist,mahindra-racing,spark-renault-srt-01e,mahindra-m4electro
fe-2017-18-r7-rome,2017-18,2018,7,36,alex-lynn,ds-virgin-racing,spark-renault-srt-01e,ds-virgin-dsv-03
fe-2017-18-r8-paris,2017-18,2018,8,5,maro-engel,venturi-formula-e-team,spark-renault-srt-01e,venturi-vm200-fe-03
fe-2017-18-r8-paris,2017-18,2018,8,19,felix-rosenqvist,mahindra-racing,spark-renault-srt-01e,mahindra-m4electro
fe-2017-18-r8-paris,2017-18,2018,8,6,jose-maria-lopez,dragon,spark-renault-srt-01e,penske-ev-2
fe-2017-18-r8-paris,2017-18,2018,8,23,nick-heidfeld,mahindra-racing,spark-renault-srt-01e,mahindra-m4electro
fe-2017-18-r8-paris,2017-18,2018,8,7,jerome-d-ambrosio,dragon,spark-renault-srt-01e,penske-ev-2
fe-2017-18-r8-paris,2017-18,2018,8,36,alex-lynn,ds-virgin-racing,spark-renault-srt-01e,ds-virgin-dsv-03
fe-2017-18-r8-paris,2017-18,2018,8,8,nicolas-prost,renault-e-dams,spark-renault-srt-01e,renault-z-e-17
fe-2017-18-r8-paris,2017-18,2018,8,68,ma-qinghua,nio-formula-e-team,spark-renault-srt-01e,nextev-nio-sport-003
fe-2017-18-r9-berlin,2017-18,2018,9,5,maro-engel,venturi-formula-e-team,spark-renault-srt-01e,venturi-vm200-fe-03
fe-2017-18-r9-berlin,2017-18,2018,9,23,nick-heidfeld,mahindra-racing,spark-renault-srt-01e,mahindra-m4electro
fe-2017-18-r9-berlin,2017-18,2018,9,19,felix-rosenqvist,mahindra-racing,spark-renault-srt-01e,mahindra-m4electro
fe-2017-18-r9-berlin,2017-18,2018,9,4,tom-dillmann,venturi-formula-e-team,spark-renault-srt-01e,venturi-vm200-fe-03
fe-2017-18-r9-berlin,2017-18,2018,9,8,nicolas-prost,renault-e-dams,spark-renault-srt-01e,renault-z-e-17
fe-2017-18-r9-berlin,2017-18,2018,9,36,alex-lynn,ds-virgin-racing,spark-renault-srt-01e,ds-virgin-dsv-03
fe-2017-18-r9-berlin,2017-18,2018,9,68,luca-filippi,nio-formula-e-team,spark-renault-srt-01e,nextev-nio-sport-003
fe-2017-18-r9-berlin,2017-18,2018,9,6,jose-maria-lopez,dragon,spark-renault-srt-01e,penske-ev-2
fe-2017-18-r9-berlin,2017-18,2018,9,7,jerome-d-ambrosio,dragon,spark-renault-srt-01e,penske-ev-2
fe-2017-18-r9-berlin,2017-18,2018,9,27,stephane-sarrazin,andretti-formula-e,spark-renault-srt-01e,andretti-atec-03
fe-2017-18-r10-zurich,2017-18,2018,10,7,jerome-d-ambrosio,dragon,spark-renault-srt-01e,penske-ev-2
fe-2017-18-r10-zurich,2017-18,2018,10,23,nick-heidfeld,mahindra-racing,spark-renault-srt-01e,mahindra-m4electro
fe-2017-18-r10-zurich,2017-18,2018,10,5,maro-engel,venturi-formula-e-team,spark-renault-srt-01e,venturi-vm200-fe-03
fe-2017-18-r10-zurich,2017-18,2018,10,6,jose-maria-lopez,dragon,spark-renault-srt-01e,penske-ev-2
fe-2017-18-r10-zurich,2017-18,2018,10,27,stephane-sarrazin,andretti-formula-e,spark-renault-srt-01e,andretti-atec-03
fe-2017-18-r10-zurich,2017-18,2018,10,19,felix-rosenqvist,mahindra-racing,spark-renault-srt-01e,mahindra-m4electro
fe-2017-18-r10-zurich,2017-18,2018,10,36,alex-lynn,ds-virgin-racing,spark-renault-srt-01e,ds-virgin-dsv-03
fe-2017-18-r10-zurich,2017-18,2018,10,8,nicolas-prost,renault-e-dams,spark-renault-srt-01e,renault-z-e-17
fe-2017-18-r10-zurich,2017-18,2018,10,68,luca-filippi,nio-formula-e-team,spark-renault-srt-01e,nextev-nio-sport-003
fe-2017-18-r11-new-york,2017-18,2018,11,4,tom-dillmann,venturi-formula-e-team,spark-renault-srt-01e,venturi-vm200-fe-03
fe-2017-18-r11-new-york,2017-18,2018,11,23,nick-heidfeld,mahindra-racing,spark-renault-srt-01e,mahindra-m4electro
fe-2017-18-r11-new-york,2017-18,2018,11,5,maro-engel,venturi-formula-e-team,spark-renault-srt-01e,venturi-vm200-fe-03
fe-2017-18-r11-new-york,2017-18,2018,11,8,nicolas-prost,renault-e-dams,spark-renault-srt-01e,renault-z-e-17
fe-2017-18-r11-new-york,2017-18,2018,11,27,stephane-sarrazin,andretti-formula-e,spark-renault-srt-01e,andretti-atec-03
fe-2017-18-r11-new-york,2017-18,2018,11,7,jerome-d-ambrosio,dragon,spark-renault-srt-01e,penske-ev-2
fe-2017-18-r11-new-york,2017-18,2018,11,19,felix-rosenqvist,mahindra-racing,spark-renault-srt-01e,mahindra-m4electro
fe-2017-18-r11-new-york,2017-18,2018,11,68,luca-filippi,nio-formula-e-team,spark-renault-srt-01e,nextev-nio-sport-003
fe-2017-18-r11-new-york,2017-18,2018,11,36,alex-lynn,ds-virgin-racing,spark-renault-srt-01e,ds-virgin-dsv-03
fe-2017-18-r11-new-york,2017-18,2018,11,6,jose-maria-lopez,dragon,spark-renault-srt-01e,penske-ev-2
fe-2017-18-r12-new-york,2017-18,2018,12,19,felix-rosenqvist,mahindra-racing,spark-renault-srt-01e,mahindra-m4electro
fe-2017-18-r12-new-york,2017-18,2018,12,23,nick-heidfeld,mahindra-racing,spark-renault-srt-01e,mahindra-m4electro
fe-2017-18-r12-new-york,2017-18,2018,12,8,nicolas-prost,renault-e-dams,spark-renault-srt-01e,renault-z-e-17
fe-2017-18-r12-new-york,2017-18,2018,12,27,stephane-sarrazin,andretti-formula-e,spark-renault-srt-01e,andretti-atec-03
fe-2017-18-r12-new-york,2017-18,2018,12,16,ma-qinghua,nio-formula-e-team,spark-renault-srt-01e,nextev-nio-sport-003
fe-2017-18-r12-new-york,2017-18,2018,12,36,alex-lynn,ds-virgin-racing,spark-renault-srt-01e,ds-virgin-dsv-03
fe-2017-18-r12-new-york,2017-18,2018,12,5,maro-engel,venturi-formula-e-team,spark-renault-srt-01e,venturi-vm200-fe-03
fe-2017-18-r12-new-york,2017-18,2018,12,68,luca-filippi,nio-formula-e-team,spark-renault-srt-01e,nextev-nio-sport-003
fe-2017-18-r12-new-york,2017-18,2018,12,7,jerome-d-ambrosio,dragon,spark-renault-srt-01e,penske-ev-2
fe-2017-18-r12-new-york,2017-18,2018,12,6,jose-maria-lopez,dragon,spark-renault-srt-01e,penske-ev-2
fe-2017-18-r12-new-york,2017-18,2018,12,4,tom-dillmann,venturi-formula-e-team,spark-renault-srt-01e,venturi-vm200-fe-03
fe-2018-19-r1-diriyah,2018-19,2019,1,28,antonio-felix-da-costa,bmw-i-andretti-motorsport,spark-srt05e,bmw-ife-18
fe-2018-19-r1-diriyah,2018-19,2019,1,25,jean-eric-vergne,ds-techeetah-formula-e-team,spark-srt05e,ds-e-tense-fe19
fe-2018-19-r1-diriyah,2018-19,2019,1,20,mitch-evans,panasonic-jaguar-racing,spark-srt05e,jaguar-i-type-iii
fe-2018-19-r1-diriyah,2018-19,2019,1,36,andre-lotterer,ds-techeetah-formula-e-team,spark-srt05e,ds-e-tense-fe19
fe-2018-19-r1-diriyah,2018-19,2019,1,23,sebastien-buemi,nissan-e-dams,spark-srt05e,nissan-im01
fe-2018-19-r1-diriyah,2018-19,2019,1,22,oliver-rowland,nissan-e-dams,spark-srt05e,nissan-im01
fe-2018-19-r1-diriyah,2018-19,2019,1,66,daniel-abt,audi-sport-abt-schaeffler,spark-srt05e,audi-e-tron-fe05
fe-2018-19-r1-diriyah,2018-19,2019,1,11,lucas-di-grassi,audi-sport-abt-schaeffler,spark-srt05e,audi-e-tron-fe05
fe-2018-19-r1-diriyah,2018-19,2019,1,3,nelson-piquet-jr,panasonic-jaguar-racing,spark-srt05e,jaguar-i-type-iii
fe-2018-19-r1-diriyah,2018-19,2019,1,2,sam-bird,envision-virgin-racing,spark-srt05e,audi-e-tron-fe05
fe-2018-19-r1-diriyah,2018-19,2019,1,4,robin-frijns,envision-virgin-racing,spark-srt05e,audi-e-tron-fe05
fe-2018-19-r1-diriyah,2018-19,2019,1,16,oliver-turvey,nio-formula-e-team,spark-srt05e,nio-sport-004
fe-2018-19-r1-diriyah,2018-19,2019,1,6,maximilian-gunther,geox-dragon,spark-srt05e,penske-ev-3
fe-2018-19-r1-diriyah,2018-19,2019,1,5,stoffel-vandoorne,hwa-racelab,spark-srt05e,venturi-vfe05
fe-2018-19-r1-diriyah,2018-19,2019,1,19,felipe-massa,venturi-formula-e-team,spark-srt05e,venturi-vfe05
fe-2018-19-r1-diriyah,2018-19,2019,1,48,edoardo-mortara,venturi-formula-e-team,spark-srt05e,venturi-vfe05
fe-2018-19-r1-diriyah,2018-19,2019,1,17,gary-paffett,hwa-racelab,spark-srt05e,venturi-vfe05
fe-2018-19-r2-marrakesh,2018-19,2019,2,4,robin-frijns,envision-virgin-racing,spark-srt05e,audi-e-tron-fe05
fe-2018-19-r2-marrakesh,2018-19,2019,2,2,sam-bird,envision-virgin-racing,spark-srt05e,audi-e-tron-fe05
fe-2018-19-r2-marrakesh,2018-19,2019,2,25,jean-eric-vergne,ds-techeetah-formula-e-team,spark-srt05e,ds-e-tense-fe19
fe-2018-19-r2-marrakesh,2018-19,2019,2,36,andre-lotterer,ds-techeetah-formula-e-team,spark-srt05e,ds-e-tense-fe19
fe-2018-19-r2-marrakesh,2018-19,2019,2,11,lucas-di-grassi,audi-sport-abt-schaeffler,spark-srt05e,audi-e-tron-fe05
fe-2018-19-r2-marrakesh,2018-19,2019,2,23,sebastien-buemi,nissan-e-dams,spark-srt05e,nissan-im01
fe-2018-19-r2-marrakesh,2018-19,2019,2,20,mitch-evans,panasonic-jaguar-racing,spark-srt05e,jaguar-i-type-iii
fe-2018-19-r2-marrakesh,2018-19,2019,2,66,daniel-abt,audi-sport-abt-schaeffler,spark-srt05e,audi-e-tron-fe05
fe-2018-19-r2-marrakesh,2018-19,2019,2,6,maximilian-gunther,geox-dragon,spark-srt05e,penske-ev-3
fe-2018-19-r2-marrakesh,2018-19,2019,2,48,edoardo-mortara,venturi-formula-e-team,spark-srt05e,venturi-vfe05
fe-2018-19-r2-marrakesh,2018-19,2019,2,3,nelson-piquet-jr,panasonic-jaguar-racing,spark-srt05e,jaguar-i-type-iii
fe-2018-19-r2-marrakesh,2018-19,2019,2,22,oliver-rowland,nissan-e-dams,spark-srt05e,nissan-im01
fe-2018-19-r2-marrakesh,2018-19,2019,2,16,oliver-turvey,nio-formula-e-team,spark-srt05e,nio-sport-004
fe-2018-19-r2-marrakesh,2018-19,2019,2,19,felipe-massa,venturi-formula-e-team,spark-srt05e,venturi-vfe05
fe-2018-19-r2-marrakesh,2018-19,2019,2,28,antonio-felix-da-costa,bmw-i-andretti-motorsport,spark-srt05e,bmw-ife-18
fe-2018-19-r2-marrakesh,2018-19,2019,2,17,gary-paffett,hwa-racelab,spark-srt05e,venturi-vfe05
fe-2018-19-r2-marrakesh,2018-19,2019,2,94,pascal-wehrlein,mahindra-racing,spark-srt05e,mahindra-m5electro
fe-2018-19-r2-marrakesh,2018-19,2019,2,5,stoffel-vandoorne,hwa-racelab,spark-srt05e,venturi-vfe05
fe-2018-19-r3-santiago,2018-19,2019,3,2,sam-bird,envision-virgin-racing,spark-srt05e,audi-e-tron-fe05
fe-2018-19-r3-santiago,2018-19,2019,3,94,pascal-wehrlein,mahindra-racing,spark-srt05e,mahindra-m5electro
fe-2018-19-r3-santiago,2018-19,2019,3,66,daniel-abt,audi-sport-abt-schaeffler,spark-srt05e,audi-e-tron-fe05
fe-2018-19-r3-santiago,2018-19,2019,3,48,edoardo-mortara,venturi-formula-e-team,spark-srt05e,venturi-vfe05
fe-2018-19-r3-santiago,2018-19,2019,3,4,robin-frijns,envision-virgin-racing,spark-srt05e,audi-e-tron-fe05
fe-2018-19-r3-santiago,2018-19,2019,3,20,mitch-evans,panasonic-jaguar-racing,spark-srt05e,jaguar-i-type-iii
fe-2018-19-r3-santiago,2018-19,2019,3,16,oliver-turvey,nio-formula-e-team,spark-srt05e,nio-sport-004
fe-2018-19-r3-santiago,2018-19,2019,3,3,nelson-piquet-jr,panasonic-jaguar-racing,spark-srt05e,jaguar-i-type-iii
fe-2018-19-r3-santiago,2018-19,2019,3,11,lucas-di-grassi,audi-sport-abt-schaeffler,spark-srt05e,audi-e-tron-fe05
fe-2018-19-r3-santiago,2018-19,2019,3,36,andre-lotterer,ds-techeetah-formula-e-team,spark-srt05e,ds-e-tense-fe19
fe-2018-19-r3-santiago,2018-19,2019,3,17,gary-paffett,hwa-racelab,spark-srt05e,venturi-vfe05
fe-2018-19-r3-santiago,2018-19,2019,3,25,jean-eric-vergne,ds-techeetah-formula-e-team,spark-srt05e,ds-e-tense-fe19
fe-2018-19-r3-santiago,2018-19,2019,3,23,sebastien-buemi,nissan-e-dams,spark-srt05e,nissan-im01
fe-2018-19-r3-santiago,2018-19,2019,3,22,oliver-rowland,nissan-e-dams,spark-srt05e,nissan-im01
fe-2018-19-r3-santiago,2018-19,2019,3,28,antonio-felix-da-costa,bmw-i-andretti-motorsport,spark-srt05e,bmw-ife-18
fe-2018-19-r3-santiago,2018-19,2019,3,5,stoffel-vandoorne,hwa-racelab,spark-srt05e,venturi-vfe05
fe-2018-19-r3-santiago,2018-19,2019,3,6,maximilian-gunther,geox-dragon,spark-srt05e,penske-ev-3
fe-2018-19-r3-santiago,2018-19,2019,3,19,felipe-massa,venturi-formula-e-team,spark-srt05e,venturi-vfe05
fe-2018-19-r4-mexico-city,2018-19,2019,4,11,lucas-di-grassi,audi-sport-abt-schaeffler,spark-srt05e,audi-e-tron-fe05
fe-2018-19-r4-mexico-city,2018-19,2019,4,28,antonio-felix-da-costa,bmw-i-andretti-motorsport,spark-srt05e,bmw-ife-18
fe-2018-19-r4-mexico-city,2018-19,2019,4,48,edoardo-mortara,venturi-formula-e-team,spark-srt05e,venturi-vfe05
fe-2018-19-r4-mexico-city,2018-19,2019,4,36,andre-lotterer,ds-techeetah-formula-e-team,spark-srt05e,ds-e-tense-fe19
fe-2018-19-r4-mexico-city,2018-19,2019,4,94,pascal-wehrlein,mahindra-racing,spark-srt05e,mahindra-m5electro
fe-2018-19-r4-mexico-city,2018-19,2019,4,20,mitch-evans,panasonic-jaguar-racing,spark-srt05e,jaguar-i-type-iii
fe-2018-19-r4-mexico-city,2018-19,2019,4,19,felipe-massa,venturi-formula-e-team,spark-srt05e,venturi-vfe05
fe-2018-19-r4-mexico-city,2018-19,2019,4,2,sam-bird,envision-virgin-racing,spark-srt05e,audi-e-tron-fe05
fe-2018-19-r4-mexico-city,2018-19,2019,4,66,daniel-abt,audi-sport-abt-schaeffler,spark-srt05e,audi-e-tron-fe05
fe-2018-19-r4-mexico-city,2018-19,2019,4,4,robin-frijns,envision-virgin-racing,spark-srt05e,audi-e-tron-fe05
fe-2018-19-r4-mexico-city,2018-19,2019,4,16,oliver-turvey,nio-formula-e-team,spark-srt05e,nio-sport-004
fe-2018-19-r4-mexico-city,2018-19,2019,4,25,jean-eric-vergne,ds-techeetah-formula-e-team,spark-srt05e,ds-e-tense-fe19
fe-2018-19-r4-mexico-city,2018-19,2019,4,17,gary-paffett,hwa-racelab,spark-srt05e,venturi-vfe05
fe-2018-19-r4-mexico-city,2018-19,2019,4,5,stoffel-vandoorne,hwa-racelab,spark-srt05e,venturi-vfe05
fe-2018-19-r4-mexico-city,2018-19,2019,4,22,oliver-rowland,nissan-e-dams,spark-srt05e,nissan-im01
fe-2018-19-r4-mexico-city,2018-19,2019,4,23,sebastien-buemi,nissan-e-dams,spark-srt05e,nissan-im01
fe-2018-19-r4-mexico-city,2018-19,2019,4,3,nelson-piquet-jr,panasonic-jaguar-racing,spark-srt05e,jaguar-i-type-iii
fe-2018-19-r5-hong-kong,2018-19,2019,5,48,edoardo-mortara,venturi-formula-e-team,spark-srt05e,venturi-vfe05
fe-2018-19-r5-hong-kong,2018-19,2019,5,11,lucas-di-grassi,audi-sport-abt-schaeffler,spark-srt05e,audi-e-tron-fe05
fe-2018-19-r5-hong-kong,2018-19,2019,5,4,robin-frijns,envision-virgin-racing,spark-srt05e,audi-e-tron-fe05
fe-2018-19-r5-hong-kong,2018-19,2019,5,66,daniel-abt,audi-sport-abt-schaeffler,spark-srt05e,audi-e-tron-fe05
fe-2018-19-r5-hong-kong,2018-19,2019,5,19,felipe-massa,venturi-formula-e-team,spark-srt05e,venturi-vfe05
fe-2018-19-r5-hong-kong,2018-19,2019,5,2,sam-bird,envision-virgin-racing,spark-srt05e,audi-e-tron-fe05
fe-2018-19-r5-hong-kong,2018-19,2019,5,20,mitch-evans,panasonic-jaguar-racing,spark-srt05e,jaguar-i-type-iii
fe-2018-19-r5-hong-kong,2018-19,2019,5,17,gary-paffett,hwa-racelab,spark-srt05e,venturi-vfe05
fe-2018-19-r5-hong-kong,2018-19,2019,5,16,oliver-turvey,nio-formula-e-team,spark-srt05e,nio-sport-004
fe-2018-19-r5-hong-kong,2018-19,2019,5,28,antonio-felix-da-costa,bmw-i-andretti-motorsport,spark-srt05e,bmw-ife-18
fe-2018-19-r5-hong-kong,2018-19,2019,5,25,jean-eric-vergne,ds-techeetah-formula-e-team,spark-srt05e,ds-e-tense-fe19
fe-2018-19-r5-hong-kong,2018-19,2019,5,36,andre-lotterer,ds-techeetah-formula-e-team,spark-srt05e,ds-e-tense-fe19
fe-2018-19-r5-hong-kong,2018-19,2019,5,94,pascal-wehrlein,mahindra-racing,spark-srt05e,mahindra-m5electro
fe-2018-19-r5-hong-kong,2018-19,2019,5,3,nelson-piquet-jr,panasonic-jaguar-racing,spark-srt05e,jaguar-i-type-iii
fe-2018-19-r5-hong-kong,2018-19,2019,5,5,stoffel-vandoorne,hwa-racelab,spark-srt05e,venturi-vfe05
fe-2018-19-r5-hong-kong,2018-19,2019,5,22,oliver-rowland,nissan-e-dams,spark-srt05e,nissan-im01
fe-2018-19-r5-hong-kong,2018-19,2019,5,23,sebastien-buemi,nissan-e-dams,spark-srt05e,nissan-im01
fe-2018-19-r6-sanya,2018-19,2019,6,25,jean-eric-vergne,ds-techeetah-formula-e-team,spark-srt05e,ds-e-tense-fe19
fe-2018-19-r6-sanya,2018-19,2019,6,22,oliver-rowland,nissan-e-dams,spark-srt05e,nissan-im01
fe-2018-19-r6-sanya,2018-19,2019,6,28,antonio-felix-da-costa,bmw-i-andretti-motorsport,spark-srt05e,bmw-ife-18
fe-2018-19-r6-sanya,2018-19,2019,6,36,andre-lotterer,ds-techeetah-formula-e-team,spark-srt05e,ds-e-tense-fe19
fe-2018-19-r6-sanya,2018-19,2019,6,66,daniel-abt,audi-sport-abt-schaeffler,spark-srt05e,audi-e-tron-fe05
fe-2018-19-r6-sanya,2018-19,2019,6,94,pascal-wehrlein,mahindra-racing,spark-srt05e,mahindra-m5electro
fe-2018-19-r6-sanya,2018-19,2019,6,23,sebastien-buemi,nissan-e-dams,spark-srt05e,nissan-im01
fe-2018-19-r6-sanya,2018-19,2019,6,20,mitch-evans,panasonic-jaguar-racing,spark-srt05e,jaguar-i-type-iii
fe-2018-19-r6-sanya,2018-19,2019,6,19,felipe-massa,venturi-formula-e-team,spark-srt05e,venturi-vfe05
fe-2018-19-r6-sanya,2018-19,2019,6,16,oliver-turvey,nio-formula-e-team,spark-srt05e,nio-sport-004
fe-2018-19-r6-sanya,2018-19,2019,6,48,edoardo-mortara,venturi-formula-e-team,spark-srt05e,venturi-vfe05
fe-2018-19-r6-sanya,2018-19,2019,6,4,robin-frijns,envision-virgin-racing,spark-srt05e,audi-e-tron-fe05
fe-2018-19-r6-sanya,2018-19,2019,6,11,lucas-di-grassi,audi-sport-abt-schaeffler,spark-srt05e,audi-e-tron-fe05
fe-2018-19-r6-sanya,2018-19,2019,6,3,nelson-piquet-jr,panasonic-jaguar-racing,spark-srt05e,jaguar-i-type-iii
fe-2018-19-r6-sanya,2018-19,2019,6,17,gary-paffett,hwa-racelab,spark-srt05e,venturi-vfe05
fe-2018-19-r6-sanya,2018-19,2019,6,5,stoffel-vandoorne,hwa-racelab,spark-srt05e,venturi-vfe05
fe-2018-19-r6-sanya,2018-19,2019,6,2,sam-bird,envision-virgin-racing,spark-srt05e,audi-e-tron-fe05
fe-2018-19-r7-rome,2018-19,2019,7,20,mitch-evans,panasonic-jaguar-racing,spark-srt05e,jaguar-i-type-iii
fe-2018-19-r7-rome,2018-19,2019,7,36,andre-lotterer,ds-techeetah-formula-e-team,spark-srt05e,ds-e-tense-fe19
fe-2018-19-r7-rome,2018-19,2019,7,5,stoffel-vandoorne,hwa-racelab,spark-srt05e,venturi-vfe05
fe-2018-19-r7-rome,2018-19,2019,7,4,robin-frijns,envision-virgin-racing,spark-srt05e,audi-e-tron-fe05
fe-2018-19-r7-rome,2018-19,2019,7,23,sebastien-buemi,nissan-e-dams,spark-srt05e,nissan-im01
fe-2018-19-r7-rome,2018-19,2019,7,22,oliver-rowland,nissan-e-dams,spark-srt05e,nissan-im01
fe-2018-19-r7-rome,2018-19,2019,7,11,lucas-di-grassi,audi-sport-abt-schaeffler,spark-srt05e,audi-e-tron-fe05
fe-2018-19-r7-rome,2018-19,2019,7,28,antonio-felix-da-costa,bmw-i-andretti-motorsport,spark-srt05e,bmw-ife-18
fe-2018-19-r7-rome,2018-19,2019,7,94,pascal-wehrlein,mahindra-racing,spark-srt05e,mahindra-m5electro
fe-2018-19-r7-rome,2018-19,2019,7,2,sam-bird,envision-virgin-racing,spark-srt05e,audi-e-tron-fe05
fe-2018-19-r7-rome,2018-19,2019,7,16,oliver-turvey,nio-formula-e-team,spark-srt05e,nio-sport-004
fe-2018-19-r7-rome,2018-19,2019,7,25,jean-eric-vergne,ds-techeetah-formula-e-team,spark-srt05e,ds-e-tense-fe19
fe-2018-19-r7-rome,2018-19,2019,7,66,daniel-abt,audi-sport-abt-schaeffler,spark-srt05e,audi-e-tron-fe05
fe-2018-19-r7-rome,2018-19,2019,7,6,maximilian-gunther,geox-dragon,spark-srt05e,penske-ev-3
fe-2018-19-r7-rome,2018-19,2019,7,48,edoardo-mortara,venturi-formula-e-team,spark-srt05e,venturi-vfe05
fe-2018-19-r7-rome,2018-19,2019,7,19,felipe-massa,venturi-formula-e-team,spark-srt05e,venturi-vfe05
fe-2018-19-r7-rome,2018-19,2019,7,17,gary-paffett,hwa-racelab,spark-srt05e,venturi-vfe05
fe-2018-19-r8-paris,2018-19,2019,8,4,robin-frijns,envision-virgin-racing,spark-srt05e,audi-e-tron-fe05
fe-2018-19-r8-paris,2018-19,2019,8,36,andre-lotterer,ds-techeetah-formula-e-team,spark-srt05e,ds-e-tense-fe19
fe-2018-19-r8-paris,2018-19,2019,8,66,daniel-abt,audi-sport-abt-schaeffler,spark-srt05e,audi-e-tron-fe05
fe-2018-19-r8-paris,2018-19,2019,8,11,lucas-di-grassi,audi-sport-abt-schaeffler,spark-srt05e,audi-e-tron-fe05
fe-2018-19-r8-paris,2018-19,2019,8,6,maximilian-gunther,geox-dragon,spark-srt05e,penske-ev-3
fe-2018-19-r8-paris,2018-19,2019,8,25,jean-eric-vergne,ds-techeetah-formula-e-team,spark-srt05e,ds-e-tense-fe19
fe-2018-19-r8-paris,2018-19,2019,8,28,antonio-felix-da-costa,bmw-i-andretti-motorsport,spark-srt05e,bmw-ife-18
fe-2018-19-r8-paris,2018-19,2019,8,17,gary-paffett,hwa-racelab,spark-srt05e,venturi-vfe05
fe-2018-19-r8-paris,2018-19,2019,8,19,felipe-massa,venturi-formula-e-team,spark-srt05e,venturi-vfe05
fe-2018-19-r8-paris,2018-19,2019,8,94,pascal-wehrlein,mahindra-racing,spark-srt05e,mahindra-m5electro
fe-2018-19-r8-paris,2018-19,2019,8,2,sam-bird,envision-virgin-racing,spark-srt05e,audi-e-tron-fe05
fe-2018-19-r8-paris,2018-19,2019,8,22,oliver-rowland,nissan-e-dams,spark-srt05e,nissan-im01
fe-2018-19-r8-paris,2018-19,2019,8,16,oliver-turvey,nio-formula-e-team,spark-srt05e,nio-sport-004
fe-2018-19-r8-paris,2018-19,2019,8,23,sebastien-buemi,nissan-e-dams,spark-srt05e,nissan-im01
fe-2018-19-r8-paris,2018-19,2019,8,20,mitch-evans,panasonic-jaguar-racing,spark-srt05e,jaguar-i-type-iii
fe-2018-19-r8-paris,2018-19,2019,8,48,edoardo-mortara,venturi-formula-e-team,spark-srt05e,venturi-vfe05
fe-2018-19-r8-paris,2018-19,2019,8,5,stoffel-vandoorne,hwa-racelab,spark-srt05e,venturi-vfe05
fe-2018-19-r9-monaco,2018-19,2019,9,25,jean-eric-vergne,ds-techeetah-formula-e-team,spark-srt05e,ds-e-tense-fe19
fe-2018-19-r9-monaco,2018-19,2019,9,22,oliver-rowland,nissan-e-dams,spark-srt05e,nissan-im01
fe-2018-19-r9-monaco,2018-19,2019,9,19,felipe-massa,venturi-formula-e-team,spark-srt05e,venturi-vfe05
fe-2018-19-r9-monaco,2018-19,2019,9,94,pascal-wehrlein,mahindra-racing,spark-srt05e,mahindra-m5electro
fe-2018-19-r9-monaco,2018-19,2019,9,23,sebastien-buemi,nissan-e-dams,spark-srt05e,nissan-im01
fe-2018-19-r9-monaco,2018-19,2019,9,20,mitch-evans,panasonic-jaguar-racing,spark-srt05e,jaguar-i-type-iii
fe-2018-19-r9-monaco,2018-19,2019,9,36,andre-lotterer,ds-techeetah-formula-e-team,spark-srt05e,ds-e-tense-fe19
fe-2018-19-r9-monaco,2018-19,2019,9,5,stoffel-vandoorne,hwa-racelab,spark-srt05e,venturi-vfe05
fe-2018-19-r9-monaco,2018-19,2019,9,17,gary-paffett,hwa-racelab,spark-srt05e,venturi-vfe05
fe-2018-19-r9-monaco,2018-19,2019,9,66,daniel-abt,audi-sport-abt-schaeffler,spark-srt05e,audi-e-tron-fe05
fe-2018-19-r9-monaco,2018-19,2019,9,2,sam-bird,envision-virgin-racing,spark-srt05e,audi-e-tron-fe05
fe-2018-19-r9-monaco,2018-19,2019,9,4,robin-frijns,envision-virgin-racing,spark-srt05e,audi-e-tron-fe05
fe-2018-19-r9-monaco,2018-19,2019,9,11,lucas-di-grassi,audi-sport-abt-schaeffler,spark-srt05e,audi-e-tron-fe05
fe-2018-19-r9-monaco,2018-19,2019,9,6,maximilian-gunther,geox-dragon,spark-srt05e,penske-ev-3
fe-2018-19-r9-monaco,2018-19,2019,9,28,antonio-felix-da-costa,bmw-i-andretti-motorsport,spark-srt05e,bmw-ife-18
fe-2018-19-r9-monaco,2018-19,2019,9,16,oliver-turvey,nio-formula-e-team,spark-srt05e,nio-sport-004
fe-2018-19-r9-monaco,2018-19,2019,9,48,edoardo-mortara,venturi-formula-e-team,spark-srt05e,venturi-vfe05
fe-2018-19-r10-berlin,2018-19,2019,10,11,lucas-di-grassi,audi-sport-abt-schaeffler,spark-srt05e,audi-e-tron-fe05
fe-2018-19-r10-berlin,2018-19,2019,10,23,sebastien-buemi,nissan-e-dams,spark-srt05e,nissan-im01
fe-2018-19-r10-berlin,2018-19,2019,10,25,jean-eric-vergne,ds-techeetah-formula-e-team,spark-srt05e,ds-e-tense-fe19
fe-2018-19-r10-berlin,2018-19,2019,10,28,antonio-felix-da-costa,bmw-i-andretti-motorsport,spark-srt05e,bmw-ife-18
fe-2018-19-r10-berlin,2018-19,2019,10,5,stoffel-vandoorne,hwa-racelab,spark-srt05e,venturi-vfe05
fe-2018-19-r10-berlin,2018-19,2019,10,66,daniel-abt,audi-sport-abt-schaeffler,spark-srt05e,audi-e-tron-fe05
fe-2018-19-r10-berlin,2018-19,2019,10,22,oliver-rowland,nissan-e-dams,spark-srt05e,nissan-im01
fe-2018-19-r10-berlin,2018-19,2019,10,2,sam-bird,envision-virgin-racing,spark-srt05e,audi-e-tron-fe05
fe-2018-19-r10-berlin,2018-19,2019,10,94,pascal-wehrlein,mahindra-racing,spark-srt05e,mahindra-m5electro
fe-2018-19-r10-berlin,2018-19,2019,10,48,edoardo-mortara,venturi-formula-e-team,spark-srt05e,venturi-vfe05
fe-2018-19-r10-berlin,2018-19,2019,10,20,mitch-evans,panasonic-jaguar-racing,spark-srt05e,jaguar-i-type-iii
fe-2018-19-r10-berlin,2018-19,2019,10,4,robin-frijns,envision-virgin-racing,spark-srt05e,audi-e-tron-fe05
fe-2018-19-r10-berlin,2018-19,2019,10,6,maximilian-gunther,geox-dragon,spark-srt05e,penske-ev-3
fe-2018-19-r10-berlin,2018-19,2019,10,19,felipe-massa,venturi-formula-e-team,spark-srt05e,venturi-vfe05
fe-2018-19-r10-berlin,2018-19,2019,10,17,gary-paffett,hwa-racelab,spark-srt05e,venturi-vfe05
fe-2018-19-r10-berlin,2018-19,2019,10,16,oliver-turvey,nio-formula-e-team,spark-srt05e,nio-sport-004
fe-2018-19-r10-berlin,2018-19,2019,10,36,andre-lotterer,ds-techeetah-formula-e-team,spark-srt05e,ds-e-tense-fe19
fe-2018-19-r11-bern,2018-19,2019,11,25,jean-eric-vergne,ds-techeetah-formula-e-team,spark-srt05e,ds-e-tense-fe19
fe-2018-19-r11-bern,2018-19,2019,11,20,mitch-evans,panasonic-jaguar-racing,spark-srt05e,jaguar-i-type-iii
fe-2018-19-r11-bern,2018-19,2019,11,23,sebastien-buemi,nissan-e-dams,spark-srt05e,nissan-im01
fe-2018-19-r11-bern,2018-19,2019,11,2,sam-bird,envision-virgin-racing,spark-srt05e,audi-e-tron-fe05
fe-2018-19-r11-bern,2018-19,2019,11,6,maximilian-gunther,geox-dragon,spark-srt05e,penske-ev-3
fe-2018-19-r11-bern,2018-19,2019,11,66,daniel-abt,audi-sport-abt-schaeffler,spark-srt05e,audi-e-tron-fe05
fe-2018-19-r11-bern,2018-19,2019,11,19,felipe-massa,venturi-formula-e-team,spark-srt05e,venturi-vfe05
fe-2018-19-r11-bern,2018-19,2019,11,11,lucas-di-grassi,audi-sport-abt-schaeffler,spark-srt05e,audi-e-tron-fe05
fe-2018-19-r11-bern,2018-19,2019,11,5,stoffel-vandoorne,hwa-racelab,spark-srt05e,venturi-vfe05
fe-2018-19-r11-bern,2018-19,2019,11,28,antonio-felix-da-costa,bmw-i-andretti-motorsport,spark-srt05e,bmw-ife-18
fe-2018-19-r11-bern,2018-19,2019,11,36,andre-lotterer,ds-techeetah-formula-e-team,spark-srt05e,ds-e-tense-fe19
fe-2018-19-r11-bern,2018-19,2019,11,16,oliver-turvey,nio-formula-e-team,spark-srt05e,nio-sport-004
fe-2018-19-r11-bern,2018-19,2019,11,17,gary-paffett,hwa-racelab,spark-srt05e,venturi-vfe05
fe-2018-19-r11-bern,2018-19,2019,11,48,edoardo-mortara,venturi-formula-e-team,spark-srt05e,venturi-vfe05
fe-2018-19-r11-bern,2018-19,2019,11,22,oliver-rowland,nissan-e-dams,spark-srt05e,nissan-im01
fe-2018-19-r11-bern,2018-19,2019,11,4,robin-frijns,envision-virgin-racing,spark-srt05e,audi-e-tron-fe05
fe-2018-19-r11-bern,2018-19,2019,11,94,pascal-wehrlein,mahindra-racing,spark-srt05e,mahindra-m5electro
fe-2018-19-r12-new-york,2018-19,2019,12,23,sebastien-buemi,nissan-e-dams,spark-srt05e,nissan-im01
fe-2018-19-r12-new-york,2018-19,2019,12,20,mitch-evans,panasonic-jaguar-racing,spark-srt05e,jaguar-i-type-iii
fe-2018-19-r12-new-york,2018-19,2019,12,28,antonio-felix-da-costa,bmw-i-andretti-motorsport,spark-srt05e,bmw-ife-18
fe-2018-19-r12-new-york,2018-19,2019,12,11,lucas-di-grassi,audi-sport-abt-schaeffler,spark-srt05e,audi-e-tron-fe05
fe-2018-19-r12-new-york,2018-19,2019,12,66,daniel-abt,audi-sport-abt-schaeffler,spark-srt05e,audi-e-tron-fe05
fe-2018-19-r12-new-york,2018-19,2019,12,94,pascal-wehrlein,mahindra-racing,spark-srt05e,mahindra-m5electro
fe-2018-19-r12-new-york,2018-19,2019,12,2,sam-bird,envision-virgin-racing,spark-srt05e,audi-e-tron-fe05
fe-2018-19-r12-new-york,2018-19,2019,12,16,oliver-turvey,nio-formula-e-team,spark-srt05e,nio-sport-004
fe-2018-19-r12-new-york,2018-19,2019,12,17,gary-paffett,hwa-racelab,spark-srt05e,venturi-vfe05
fe-2018-19-r12-new-york,2018-19,2019,12,5,stoffel-vandoorne,hwa-racelab,spark-srt05e,venturi-vfe05
fe-2018-19-r12-new-york,2018-19,2019,12,22,oliver-rowland,nissan-e-dams,spark-srt05e,nissan-im01
fe-2018-19-r12-new-york,2018-19,2019,12,25,jean-eric-vergne,ds-techeetah-formula-e-team,spark-srt05e,ds-e-tense-fe19
fe-2018-19-r12-new-york,2018-19,2019,12,19,felipe-massa,venturi-formula-e-team,spark-srt05e,venturi-vfe05
fe-2018-19-r12-new-york,2018-19,2019,12,36,andre-lotterer,ds-techeetah-formula-e-team,spark-srt05e,ds-e-tense-fe19
fe-2018-19-r12-new-york,2018-19,2019,12,4,robin-frijns,envision-virgin-racing,spark-srt05e,audi-e-tron-fe05
fe-2018-19-r12-new-york,2018-19,2019,12,6,maximilian-gunther,geox-dragon,spark-srt05e,penske-ev-3
fe-2018-19-r12-new-york,2018-19,2019,12,48,edoardo-mortara,venturi-formula-e-team,spark-srt05e,venturi-vfe05
fe-2018-19-r13-new-york,2018-19,2019,13,4,robin-frijns,envision-virgin-racing,spark-srt05e,audi-e-tron-fe05
fe-2018-19-r13-new-york,2018-19,2019,13,23,sebastien-buemi,nissan-e-dams,spark-srt05e,nissan-im01
fe-2018-19-r13-new-york,2018-19,2019,13,2,sam-bird,envision-virgin-racing,spark-srt05e,audi-e-tron-fe05
fe-2018-19-r13-new-york,2018-19,2019,13,66,daniel-abt,audi-sport-abt-schaeffler,spark-srt05e,audi-e-tron-fe05
fe-2018-19-r13-new-york,2018-19,2019,13,22,oliver-rowland,nissan-e-dams,spark-srt05e,nissan-im01
fe-2018-19-r13-new-york,2018-19,2019,13,25,jean-eric-vergne,ds-techeetah-formula-e-team,spark-srt05e,ds-e-tense-fe19
fe-2018-19-r13-new-york,2018-19,2019,13,5,stoffel-vandoorne,hwa-racelab,spark-srt05e,venturi-vfe05
fe-2018-19-r13-new-york,2018-19,2019,13,28,antonio-felix-da-costa,bmw-i-andretti-motorsport,spark-srt05e,bmw-ife-18
fe-2018-19-r13-new-york,2018-19,2019,13,17,gary-paffett,hwa-racelab,spark-srt05e,venturi-vfe05
fe-2018-19-r13-new-york,2018-19,2019,13,94,pascal-wehrlein,mahindra-racing,spark-srt05e,mahindra-m5electro
fe-2018-19-r13-new-york,2018-19,2019,13,16,oliver-turvey,nio-formula-e-team,spark-srt05e,nio-sport-004
fe-2018-19-r13-new-york,2018-19,2019,13,19,felipe-massa,venturi-formula-e-team,spark-srt05e,venturi-vfe05
fe-2018-19-r13-new-york,2018-19,2019,13,20,mitch-evans,panasonic-jaguar-racing,spark-srt05e,jaguar-i-type-iii
fe-2018-19-r13-new-york,2018-19,2019,13,11,lucas-di-grassi,audi-sport-abt-schaeffler,spark-srt05e,audi-e-tron-fe05
fe-2018-19-r13-new-york,2018-19,2019,13,6,maximilian-gunther,geox-dragon,spark-srt05e,penske-ev-3
fe-2018-19-r13-new-york,2018-19,2019,13,48,edoardo-mortara,venturi-formula-e-team,spark-srt05e,venturi-vfe05
fe-2018-19-r13-new-york,2018-19,2019,13,36,andre-lotterer,ds-techeetah-formula-e-team,spark-srt05e,ds-e-tense-fe19
fe-2018-19-r1-diriyah,2018-19,2019,1,64,jerome-d-ambrosio,mahindra-racing,spark-srt05e,mahindra-m5electro
fe-2018-19-r1-diriyah,2018-19,2019,1,8,tom-dillmann,nio-formula-e-team,spark-srt05e,nio-sport-004
fe-2018-19-r1-diriyah,2018-19,2019,1,27,alexander-sims,bmw-i-andretti-motorsport,spark-srt05e,bmw-ife-18
fe-2018-19-r1-diriyah,2018-19,2019,1,7,jose-maria-lopez,geox-dragon,spark-srt05e,penske-ev-3
fe-2018-19-r1-diriyah,2018-19,2019,1,94,felix-rosenqvist,mahindra-racing,spark-srt05e,mahindra-m5electro
fe-2018-19-r2-marrakesh,2018-19,2019,2,64,jerome-d-ambrosio,mahindra-racing,spark-srt05e,mahindra-m5electro
fe-2018-19-r2-marrakesh,2018-19,2019,2,27,alexander-sims,bmw-i-andretti-motorsport,spark-srt05e,bmw-ife-18
fe-2018-19-r2-marrakesh,2018-19,2019,2,7,jose-maria-lopez,geox-dragon,spark-srt05e,penske-ev-3
fe-2018-19-r2-marrakesh,2018-19,2019,2,8,tom-dillmann,nio-formula-e-team,spark-srt05e,nio-sport-004
fe-2018-19-r3-santiago,2018-19,2019,3,27,alexander-sims,bmw-i-andretti-motorsport,spark-srt05e,bmw-ife-18
fe-2018-19-r3-santiago,2018-19,2019,3,7,jose-maria-lopez,geox-dragon,spark-srt05e,penske-ev-3
fe-2018-19-r3-santiago,2018-19,2019,3,64,jerome-d-ambrosio,mahindra-racing,spark-srt05e,mahindra-m5electro
fe-2018-19-r3-santiago,2018-19,2019,3,8,tom-dillmann,nio-formula-e-team,spark-srt05e,nio-sport-004
fe-2018-19-r4-mexico-city,2018-19,2019,4,64,jerome-d-ambrosio,mahindra-racing,spark-srt05e,mahindra-m5electro
fe-2018-19-r4-mexico-city,2018-19,2019,4,27,alexander-sims,bmw-i-andretti-motorsport,spark-srt05e,bmw-ife-18
fe-2018-19-r4-mexico-city,2018-19,2019,4,8,tom-dillmann,nio-formula-e-team,spark-srt05e,nio-sport-004
fe-2018-19-r4-mexico-city,2018-19,2019,4,7,jose-maria-lopez,geox-dragon,spark-srt05e,penske-ev-3
fe-2018-19-r4-mexico-city,2018-19,2019,4,6,felipe-nasr,geox-dragon,spark-srt05e,penske-ev-3
fe-2018-19-r5-hong-kong,2018-19,2019,5,7,jose-maria-lopez,geox-dragon,spark-srt05e,penske-ev-3
fe-2018-19-r5-hong-kong,2018-19,2019,5,8,tom-dillmann,nio-formula-e-team,spark-srt05e,nio-sport-004
fe-2018-19-r5-hong-kong,2018-19,2019,5,27,alexander-sims,bmw-i-andretti-motorsport,spark-srt05e,bmw-ife-18
fe-2018-19-r5-hong-kong,2018-19,2019,5,6,felipe-nasr,geox-dragon,spark-srt05e,penske-ev-3
fe-2018-19-r5-hong-kong,2018-19,2019,5,64,jerome-d-ambrosio,mahindra-racing,spark-srt05e,mahindra-m5electro
fe-2018-19-r6-sanya,2018-19,2019,6,64,jerome-d-ambrosio,mahindra-racing,spark-srt05e,mahindra-m5electro
fe-2018-19-r6-sanya,2018-19,2019,6,8,tom-dillmann,nio-formula-e-team,spark-srt05e,nio-sport-004
fe-2018-19-r6-sanya,2018-19,2019,6,27,alexander-sims,bmw-i-andretti-motorsport,spark-srt05e,bmw-ife-18
fe-2018-19-r6-sanya,2018-19,2019,6,7,jose-maria-lopez,geox-dragon,spark-srt05e,penske-ev-3
fe-2018-19-r6-sanya,2018-19,2019,6,6,felipe-nasr,geox-dragon,spark-srt05e,penske-ev-3
fe-2018-19-r7-rome,2018-19,2019,7,64,jerome-d-ambrosio,mahindra-racing,spark-srt05e,mahindra-m5electro
fe-2018-19-r7-rome,2018-19,2019,7,3,alex-lynn,panasonic-jaguar-racing,spark-srt05e,jaguar-i-type-iii
fe-2018-19-r7-rome,2018-19,2019,7,8,tom-dillmann,nio-formula-e-team,spark-srt05e,nio-sport-004
fe-2018-19-r7-rome,2018-19,2019,7,7,jose-maria-lopez,geox-dragon,spark-srt05e,penske-ev-3
fe-2018-19-r7-rome,2018-19,2019,7,27,alexander-sims,bmw-i-andretti-motorsport,spark-srt05e,bmw-ife-18
fe-2018-19-r8-paris,2018-19,2019,8,7,jose-maria-lopez,geox-dragon,spark-srt05e,penske-ev-3
fe-2018-19-r8-paris,2018-19,2019,8,64,jerome-d-ambrosio,mahindra-racing,spark-srt05e,mahindra-m5electro
fe-2018-19-r8-paris,2018-19,2019,8,3,alex-lynn,panasonic-jaguar-racing,spark-srt05e,jaguar-i-type-iii
fe-2018-19-r8-paris,2018-19,2019,8,27,alexander-sims,bmw-i-andretti-motorsport,spark-srt05e,bmw-ife-18
fe-2018-19-r8-paris,2018-19,2019,8,8,tom-dillmann,nio-formula-e-team,spark-srt05e,nio-sport-004
fe-2018-19-r9-monaco,2018-19,2019,9,3,alex-lynn,panasonic-jaguar-racing,spark-srt05e,jaguar-i-type-iii
fe-2018-19-r9-monaco,2018-19,2019,9,7,jose-maria-lopez,geox-dragon,spark-srt05e,penske-ev-3
fe-2018-19-r9-monaco,2018-19,2019,9,64,jerome-d-ambrosio,mahindra-racing,spark-srt05e,mahindra-m5electro
fe-2018-19-r9-monaco,2018-19,2019,9,27,alexander-sims,bmw-i-andretti-motorsport,spark-srt05e,bmw-ife-18
fe-2018-19-r9-monaco,2018-19,2019,9,8,tom-dillmann,nio-formula-e-team,spark-srt05e,nio-sport-004
fe-2018-19-r10-berlin,2018-19,2019,10,27,alexander-sims,bmw-i-andretti-motorsport,spark-srt05e,bmw-ife-18
fe-2018-19-r10-berlin,2018-19,2019,10,64,jerome-d-ambrosio,mahindra-racing,spark-srt05e,mahindra-m5electro
fe-2018-19-r10-berlin,2018-19,2019,10,8,tom-dillmann,nio-formula-e-team,spark-srt05e,nio-sport-004
fe-2018-19-r10-berlin,2018-19,2019,10,7,jose-maria-lopez,geox-dragon,spark-srt05e,penske-ev-3
fe-2018-19-r10-berlin,2018-19,2019,10,3,alex-lynn,panasonic-jaguar-racing,spark-srt05e,jaguar-i-type-iii
fe-2018-19-r11-bern,2018-19,2019,11,3,alex-lynn,panasonic-jaguar-racing,spark-srt05e,jaguar-i-type-iii
fe-2018-19-r11-bern,2018-19,2019,11,27,alexander-sims,bmw-i-andretti-motorsport,spark-srt05e,bmw-ife-18
fe-2018-19-r11-bern,2018-19,2019,11,64,jerome-d-ambrosio,mahindra-racing,spark-srt05e,mahindra-m5electro
fe-2018-19-r11-bern,2018-19,2019,11,8,tom-dillmann,nio-formula-e-team,spark-srt05e,nio-sport-004
fe-2018-19-r11-bern,2018-19,2019,11,7,jose-maria-lopez,geox-dragon,spark-srt05e,penske-ev-3
fe-2018-19-r12-new-york,2018-19,2019,12,27,alexander-sims,bmw-i-andretti-motorsport,spark-srt05e,bmw-ife-18
fe-2018-19-r12-new-york,2018-19,2019,12,64,jerome-d-ambrosio,mahindra-racing,spark-srt05e,mahindra-m5electro
fe-2018-19-r12-new-york,2018-19,2019,12,7,jose-maria-lopez,geox-dragon,spark-srt05e,penske-ev-3
fe-2018-19-r12-new-york,2018-19,2019,12,3,alex-lynn,panasonic-jaguar-racing,spark-srt05e,jaguar-i-type-iii
fe-2018-19-r12-new-york,2018-19,2019,12,8,tom-dillmann,nio-formula-e-team,spark-srt05e,nio-sport-004
fe-2018-19-r13-new-york,2018-19,2019,13,27,alexander-sims,bmw-i-andretti-motorsport,spark-srt05e,bmw-ife-18
fe-2018-19-r13-new-york,2018-19,2019,13,64,jerome-d-ambrosio,mahindra-racing,spark-srt05e,mahindra-m5electro
fe-2018-19-r13-new-york,2018-19,2019,13,8,tom-dillmann,nio-formula-e-team,spark-srt05e,nio-sport-004
fe-2018-19-r13-new-york,2018-19,2019,13,3,alex-lynn,panasonic-jaguar-racing,spark-srt05e,jaguar-i-type-iii
fe-2018-19-r13-new-york,2018-19,2019,13,7,jose-maria-lopez,geox-dragon,spark-srt05e,penske-ev-3
fe-2019-20-r1-diriyah,2019-20,2020,1,2,sam-bird,envision-virgin-racing,spark-srt05e,audi-e-tron-fe06
fe-2019-20-r1-diriyah,2019-20,2020,1,36,andre-lotterer,tag-heuer-porsche-formula-e-team,spark-srt05e,porsche-99x-electric
fe-2019-20-r1-diriyah,2019-20,2020,1,5,stoffel-vandoorne,mercedes-benz-eq-formula-e-team,spark-srt05e,mercedes-benz-eq-silver-arrow-01
fe-2019-20-r1-diriyah,2019-20,2020,1,22,oliver-rowland,nissan-e-dams,spark-srt05e,nissan-im02
fe-2019-20-r1-diriyah,2019-20,2020,1,4,robin-frijns,envision-virgin-racing,spark-srt05e,audi-e-tron-fe06
fe-2019-20-r1-diriyah,2019-20,2020,1,17,nyck-de-vries,mercedes-benz-eq-formula-e-team,spark-srt05e,mercedes-benz-eq-silver-arrow-01
fe-2019-20-r1-diriyah,2019-20,2020,1,48,edoardo-mortara,rokit-venturi-racing,spark-srt05e,mercedes-benz-eq-silver-arrow-01
fe-2019-20-r1-diriyah,2019-20,2020,1,20,mitch-evans,panasonic-jaguar-racing,spark-srt05e,jaguar-i-type-iv
fe-2019-20-r1-diriyah,2019-20,2020,1,94,pascal-wehrlein,mahindra-racing,spark-srt05e,mahindra-m6electro
fe-2019-20-r1-diriyah,2019-20,2020,1,19,felipe-massa,rokit-venturi-racing,spark-srt05e,mercedes-benz-eq-silver-arrow-01
fe-2019-20-r1-diriyah,2019-20,2020,1,11,lucas-di-grassi,audi-sport-abt-schaeffler,spark-srt05e,audi-e-tron-fe06
fe-2019-20-r1-diriyah,2019-20,2020,1,13,antonio-felix-da-costa,ds-techeetah,spark-srt05e,ds-e-tense-fe20
fe-2019-20-r1-diriyah,2019-20,2020,1,3,oliver-turvey,nio-333-fe-team,spark-srt05e,nio-fe-005
fe-2019-20-r1-diriyah,2019-20,2020,1,51,james-calado,panasonic-jaguar-racing,spark-srt05e,jaguar-i-type-iv
fe-2019-20-r1-diriyah,2019-20,2020,1,18,neel-jani,tag-heuer-porsche-formula-e-team,spark-srt05e,porsche-99x-electric
fe-2019-20-r1-diriyah,2019-20,2020,1,28,maximilian-gunther,bmw-i-andretti-motorsport,spark-srt05e,bmw-ife-20
fe-2019-20-r1-diriyah,2019-20,2020,1,6,brendon-hartley,geox-dragon,spark-srt05e,penske-ev-4
fe-2019-20-r1-diriyah,2019-20,2020,1,66,daniel-abt,audi-sport-abt-schaeffler,spark-srt05e,audi-e-tron-fe06
fe-2019-20-r1-diriyah,2019-20,2020,1,23,sebastien-buemi,nissan-e-dams,spark-srt05e,nissan-im02
fe-2019-20-r1-diriyah,2019-20,2020,1,25,jean-eric-vergne,ds-techeetah,spark-srt05e,ds-e-tense-fe20
fe-2019-20-r1-diriyah,2019-20,2020,1,7,nico-muller,geox-dragon,spark-srt05e,penske-ev-4
fe-2019-20-r2-diriyah,2019-20,2020,2,11,lucas-di-grassi,audi-sport-abt-schaeffler,spark-srt05e,audi-e-tron-fe06
fe-2019-20-r2-diriyah,2019-20,2020,2,5,stoffel-vandoorne,mercedes-benz-eq-formula-e-team,spark-srt05e,mercedes-benz-eq-silver-arrow-01
fe-2019-20-r2-diriyah,2019-20,2020,2,48,edoardo-mortara,rokit-venturi-racing,spark-srt05e,mercedes-benz-eq-silver-arrow-01
fe-2019-20-r2-diriyah,2019-20,2020,2,22,oliver-rowland,nissan-e-dams,spark-srt05e,nissan-im02
fe-2019-20-r2-diriyah,2019-20,2020,2,66,daniel-abt,audi-sport-abt-schaeffler,spark-srt05e,audi-e-tron-fe06
fe-2019-20-r2-diriyah,2019-20,2020,2,51,james-calado,panasonic-jaguar-racing,spark-srt05e,jaguar-i-type-iv
fe-2019-20-r2-diriyah,2019-20,2020,2,25,jean-eric-vergne,ds-techeetah,spark-srt05e,ds-e-tense-fe20
fe-2019-20-r2-diriyah,2019-20,2020,2,6,brendon-hartley,geox-dragon,spark-srt05e,penske-ev-4
fe-2019-20-r2-diriyah,2019-20,2020,2,13,antonio-felix-da-costa,ds-techeetah,spark-srt05e,ds-e-tense-fe20
fe-2019-20-r2-diriyah,2019-20,2020,2,28,maximilian-gunther,bmw-i-andretti-motorsport,spark-srt05e,bmw-ife-20
fe-2019-20-r2-diriyah,2019-20,2020,2,23,sebastien-buemi,nissan-e-dams,spark-srt05e,nissan-im02
fe-2019-20-r2-diriyah,2019-20,2020,2,18,neel-jani,tag-heuer-porsche-formula-e-team,spark-srt05e,porsche-99x-electric
fe-2019-20-r2-diriyah,2019-20,2020,2,36,andre-lotterer,tag-heuer-porsche-formula-e-team,spark-srt05e,porsche-99x-electric
fe-2019-20-r2-diriyah,2019-20,2020,2,94,pascal-wehrlein,mahindra-racing,spark-srt05e,mahindra-m6electro
fe-2019-20-r2-diriyah,2019-20,2020,2,17,nyck-de-vries,mercedes-benz-eq-formula-e-team,spark-srt05e,mercedes-benz-eq-silver-arrow-01
fe-2019-20-r2-diriyah,2019-20,2020,2,19,felipe-massa,rokit-venturi-racing,spark-srt05e,mercedes-benz-eq-silver-arrow-01
fe-2019-20-r2-diriyah,2019-20,2020,2,20,mitch-evans,panasonic-jaguar-racing,spark-srt05e,jaguar-i-type-iv
fe-2019-20-r2-diriyah,2019-20,2020,2,7,nico-muller,geox-dragon,spark-srt05e,penske-ev-4
fe-2019-20-r2-diriyah,2019-20,2020,2,3,oliver-turvey,nio-333-fe-team,spark-srt05e,nio-fe-005
fe-2019-20-r2-diriyah,2019-20,2020,2,4,robin-frijns,envision-virgin-racing,spark-srt05e,audi-e-tron-fe06
fe-2019-20-r2-diriyah,2019-20,2020,2,2,sam-bird,envision-virgin-racing,spark-srt05e,audi-e-tron-fe06
fe-2019-20-r3-santiago,2019-20,2020,3,28,maximilian-gunther,bmw-i-andretti-motorsport,spark-srt05e,bmw-ife-20
fe-2019-20-r3-santiago,2019-20,2020,3,13,antonio-felix-da-costa,ds-techeetah,spark-srt05e,ds-e-tense-fe20
fe-2019-20-r3-santiago,2019-20,2020,3,20,mitch-evans,panasonic-jaguar-racing,spark-srt05e,jaguar-i-type-iv
fe-2019-20-r3-santiago,2019-20,2020,3,94,pascal-wehrlein,mahindra-racing,spark-srt05e,mahindra-m6electro
fe-2019-20-r3-santiago,2019-20,2020,3,17,nyck-de-vries,mercedes-benz-eq-formula-e-team,spark-srt05e,mercedes-benz-eq-silver-arrow-01
fe-2019-20-r3-santiago,2019-20,2020,3,5,stoffel-vandoorne,mercedes-benz-eq-formula-e-team,spark-srt05e,mercedes-benz-eq-silver-arrow-01
fe-2019-20-r3-santiago,2019-20,2020,3,11,lucas-di-grassi,audi-sport-abt-schaeffler,spark-srt05e,audi-e-tron-fe06
fe-2019-20-r3-santiago,2019-20,2020,3,51,james-calado,panasonic-jaguar-racing,spark-srt05e,jaguar-i-type-iv
fe-2019-20-r3-santiago,2019-20,2020,3,19,felipe-massa,rokit-venturi-racing,spark-srt05e,mercedes-benz-eq-silver-arrow-01
fe-2019-20-r3-santiago,2019-20,2020,3,2,sam-bird,envision-virgin-racing,spark-srt05e,audi-e-tron-fe06
fe-2019-20-r3-santiago,2019-20,2020,3,3,oliver-turvey,nio-333-fe-team,spark-srt05e,nio-fe-005
fe-2019-20-r3-santiago,2019-20,2020,3,7,nico-muller,geox-dragon,spark-srt05e,penske-ev-4
fe-2019-20-r3-santiago,2019-20,2020,3,23,sebastien-buemi,nissan-e-dams,spark-srt05e,nissan-im02
fe-2019-20-r3-santiago,2019-20,2020,3,66,daniel-abt,audi-sport-abt-schaeffler,spark-srt05e,audi-e-tron-fe06
fe-2019-20-r3-santiago,2019-20,2020,3,4,robin-frijns,envision-virgin-racing,spark-srt05e,audi-e-tron-fe06
fe-2019-20-r3-santiago,2019-20,2020,3,22,oliver-rowland,nissan-e-dams,spark-srt05e,nissan-im02
fe-2019-20-r3-santiago,2019-20,2020,3,18,neel-jani,tag-heuer-porsche-formula-e-team,spark-srt05e,porsche-99x-electric
fe-2019-20-r3-santiago,2019-20,2020,3,36,andre-lotterer,tag-heuer-porsche-formula-e-team,spark-srt05e,porsche-99x-electric
fe-2019-20-r3-santiago,2019-20,2020,3,48,edoardo-mortara,rokit-venturi-racing,spark-srt05e,mercedes-benz-eq-silver-arrow-01
fe-2019-20-r3-santiago,2019-20,2020,3,25,jean-eric-vergne,ds-techeetah,spark-srt05e,ds-e-tense-fe20
fe-2019-20-r3-santiago,2019-20,2020,3,6,brendon-hartley,geox-dragon,spark-srt05e,penske-ev-4
fe-2019-20-r4-mexico-city,2019-20,2020,4,20,mitch-evans,panasonic-jaguar-racing,spark-srt05e,jaguar-i-type-iv
fe-2019-20-r4-mexico-city,2019-20,2020,4,13,antonio-felix-da-costa,ds-techeetah,spark-srt05e,ds-e-tense-fe20
fe-2019-20-r4-mexico-city,2019-20,2020,4,23,sebastien-buemi,nissan-e-dams,spark-srt05e,nissan-im02
fe-2019-20-r4-mexico-city,2019-20,2020,4,25,jean-eric-vergne,ds-techeetah,spark-srt05e,ds-e-tense-fe20
fe-2019-20-r4-mexico-city,2019-20,2020,4,11,lucas-di-grassi,audi-sport-abt-schaeffler,spark-srt05e,audi-e-tron-fe06
fe-2019-20-r4-mexico-city,2019-20,2020,4,22,oliver-rowland,nissan-e-dams,spark-srt05e,nissan-im02
fe-2019-20-r4-mexico-city,2019-20,2020,4,48,edoardo-mortara,rokit-venturi-racing,spark-srt05e,mercedes-benz-eq-silver-arrow-01
fe-2019-20-r4-mexico-city,2019-20,2020,4,94,pascal-wehrlein,mahindra-racing,spark-srt05e,mahindra-m6electro
fe-2019-20-r4-mexico-city,2019-20,2020,4,28,maximilian-gunther,bmw-i-andretti-motorsport,spark-srt05e,bmw-ife-20
fe-2019-20-r4-mexico-city,2019-20,2020,4,6,brendon-hartley,geox-dragon,spark-srt05e,penske-ev-4
fe-2019-20-r4-mexico-city,2019-20,2020,4,3,oliver-turvey,nio-333-fe-team,spark-srt05e,nio-fe-005
fe-2019-20-r4-mexico-city,2019-20,2020,4,18,neel-jani,tag-heuer-porsche-formula-e-team,spark-srt05e,porsche-99x-electric
fe-2019-20-r4-mexico-city,2019-20,2020,4,4,robin-frijns,envision-virgin-racing,spark-srt05e,audi-e-tron-fe06
fe-2019-20-r4-mexico-city,2019-20,2020,4,51,james-calado,panasonic-jaguar-racing,spark-srt05e,jaguar-i-type-iv
fe-2019-20-r4-mexico-city,2019-20,2020,4,5,stoffel-vandoorne,mercedes-benz-eq-formula-e-team,spark-srt05e,mercedes-benz-eq-silver-arrow-01
fe-2019-20-r4-mexico-city,2019-20,2020,4,2,sam-bird,envision-virgin-racing,spark-srt05e,audi-e-tron-fe06
fe-2019-20-r4-mexico-city,2019-20,2020,4,66,daniel-abt,audi-sport-abt-schaeffler,spark-srt05e,audi-e-tron-fe06
fe-2019-20-r4-mexico-city,2019-20,2020,4,17,nyck-de-vries,mercedes-benz-eq-formula-e-team,spark-srt05e,mercedes-benz-eq-silver-arrow-01
fe-2019-20-r4-mexico-city,2019-20,2020,4,36,andre-lotterer,tag-heuer-porsche-formula-e-team,spark-srt05e,porsche-99x-electric
fe-2019-20-r4-mexico-city,2019-20,2020,4,19,felipe-massa,rokit-venturi-racing,spark-srt05e,mercedes-benz-eq-silver-arrow-01
fe-2019-20-r4-mexico-city,2019-20,2020,4,7,nico-muller,geox-dragon,spark-srt05e,penske-ev-4
fe-2019-20-r5-marrakesh,2019-20,2020,5,13,antonio-felix-da-costa,ds-techeetah,spark-srt05e,ds-e-tense-fe20
fe-2019-20-r5-marrakesh,2019-20,2020,5,28,maximilian-gunther,bmw-i-andretti-motorsport,spark-srt05e,bmw-ife-20
fe-2019-20-r5-marrakesh,2019-20,2020,5,25,jean-eric-vergne,ds-techeetah,spark-srt05e,ds-e-tense-fe20
fe-2019-20-r5-marrakesh,2019-20,2020,5,23,sebastien-buemi,nissan-e-dams,spark-srt05e,nissan-im02
fe-2019-20-r5-marrakesh,2019-20,2020,5,48,edoardo-mortara,rokit-venturi-racing,spark-srt05e,mercedes-benz-eq-silver-arrow-01
fe-2019-20-r5-marrakesh,2019-20,2020,5,20,mitch-evans,panasonic-jaguar-racing,spark-srt05e,jaguar-i-type-iv
fe-2019-20-r5-marrakesh,2019-20,2020,5,11,lucas-di-grassi,audi-sport-abt-schaeffler,spark-srt05e,audi-e-tron-fe06
fe-2019-20-r5-marrakesh,2019-20,2020,5,36,andre-lotterer,tag-heuer-porsche-formula-e-team,spark-srt05e,porsche-99x-electric
fe-2019-20-r5-marrakesh,2019-20,2020,5,22,oliver-rowland,nissan-e-dams,spark-srt05e,nissan-im02
fe-2019-20-r5-marrakesh,2019-20,2020,5,2,sam-bird,envision-virgin-racing,spark-srt05e,audi-e-tron-fe06
fe-2019-20-r5-marrakesh,2019-20,2020,5,17,nyck-de-vries,mercedes-benz-eq-formula-e-team,spark-srt05e,mercedes-benz-eq-silver-arrow-01
fe-2019-20-r5-marrakesh,2019-20,2020,5,4,robin-frijns,envision-virgin-racing,spark-srt05e,audi-e-tron-fe06
fe-2019-20-r5-marrakesh,2019-20,2020,5,66,daniel-abt,audi-sport-abt-schaeffler,spark-srt05e,audi-e-tron-fe06
fe-2019-20-r5-marrakesh,2019-20,2020,5,5,stoffel-vandoorne,mercedes-benz-eq-formula-e-team,spark-srt05e,mercedes-benz-eq-silver-arrow-01
fe-2019-20-r5-marrakesh,2019-20,2020,5,51,james-calado,panasonic-jaguar-racing,spark-srt05e,jaguar-i-type-iv
fe-2019-20-r5-marrakesh,2019-20,2020,5,19,felipe-massa,rokit-venturi-racing,spark-srt05e,mercedes-benz-eq-silver-arrow-01
fe-2019-20-r5-marrakesh,2019-20,2020,5,18,neel-jani,tag-heuer-porsche-formula-e-team,spark-srt05e,porsche-99x-electric
fe-2019-20-r5-marrakesh,2019-20,2020,5,6,brendon-hartley,geox-dragon,spark-srt05e,penske-ev-4
fe-2019-20-r5-marrakesh,2019-20,2020,5,7,nico-muller,geox-dragon,spark-srt05e,penske-ev-4
fe-2019-20-r5-marrakesh,2019-20,2020,5,3,oliver-turvey,nio-333-fe-team,spark-srt05e,nio-fe-005
fe-2019-20-r5-marrakesh,2019-20,2020,5,94,pascal-wehrlein,mahindra-racing,spark-srt05e,mahindra-m6electro
fe-2019-20-r6-berlin,2019-20,2020,6,13,antonio-felix-da-costa,ds-techeetah,spark-srt05e,ds-e-tense-fe20
fe-2019-20-r6-berlin,2019-20,2020,6,36,andre-lotterer,tag-heuer-porsche-formula-e-team,spark-srt05e,porsche-99x-electric
fe-2019-20-r6-berlin,2019-20,2020,6,2,sam-bird,envision-virgin-racing,spark-srt05e,audi-e-tron-fe06
fe-2019-20-r6-berlin,2019-20,2020,6,17,nyck-de-vries,mercedes-benz-eq-formula-e-team,spark-srt05e,mercedes-benz-eq-silver-arrow-01
fe-2019-20-r6-berlin,2019-20,2020,6,5,stoffel-vandoorne,mercedes-benz-eq-formula-e-team,spark-srt05e,mercedes-benz-eq-silver-arrow-01
fe-2019-20-r6-berlin,2019-20,2020,6,23,sebastien-buemi,nissan-e-dams,spark-srt05e,nissan-im02
fe-2019-20-r6-berlin,2019-20,2020,6,11,lucas-di-grassi,audi-sport-abt-schaeffler,spark-srt05e,audi-e-tron-fe06
fe-2019-20-r6-berlin,2019-20,2020,6,66,rene-rast,audi-sport-abt-schaeffler,spark-srt05e,audi-e-tron-fe06
fe-2019-20-r6-berlin,2019-20,2020,6,18,neel-jani,tag-heuer-porsche-formula-e-team,spark-srt05e,porsche-99x-electric
fe-2019-20-r6-berlin,2019-20,2020,6,20,mitch-evans,panasonic-jaguar-racing,spark-srt05e,jaguar-i-type-iv
fe-2019-20-r6-berlin,2019-20,2020,6,22,oliver-rowland,nissan-e-dams,spark-srt05e,nissan-im02
fe-2019-20-r6-berlin,2019-20,2020,6,51,james-calado,panasonic-jaguar-racing,spark-srt05e,jaguar-i-type-iv
fe-2019-20-r6-berlin,2019-20,2020,6,3,oliver-turvey,nio-333-fe-team,spark-srt05e,nio-fe-005
fe-2019-20-r6-berlin,2019-20,2020,6,48,edoardo-mortara,rokit-venturi-racing,spark-srt05e,mercedes-benz-eq-silver-arrow-01
fe-2019-20-r6-berlin,2019-20,2020,6,33,daniel-abt,nio-333-fe-team,spark-srt05e,nio-fe-005
fe-2019-20-r6-berlin,2019-20,2020,6,6,sergio-sette-camara,geox-dragon,spark-srt05e,penske-ev-4
fe-2019-20-r6-berlin,2019-20,2020,6,7,nico-muller,geox-dragon,spark-srt05e,penske-ev-4
fe-2019-20-r6-berlin,2019-20,2020,6,4,robin-frijns,envision-virgin-racing,spark-srt05e,audi-e-tron-fe06
fe-2019-20-r6-berlin,2019-20,2020,6,25,jean-eric-vergne,ds-techeetah,spark-srt05e,ds-e-tense-fe20
fe-2019-20-r6-berlin,2019-20,2020,6,28,maximilian-gunther,bmw-i-andretti-motorsport,spark-srt05e,bmw-ife-20
fe-2019-20-r6-berlin,2019-20,2020,6,19,felipe-massa,rokit-venturi-racing,spark-srt05e,mercedes-benz-eq-silver-arrow-01
fe-2019-20-r7-berlin,2019-20,2020,7,13,antonio-felix-da-costa,ds-techeetah,spark-srt05e,ds-e-tense-fe20
fe-2019-20-r7-berlin,2019-20,2020,7,23,sebastien-buemi,nissan-e-dams,spark-srt05e,nissan-im02
fe-2019-20-r7-berlin,2019-20,2020,7,11,lucas-di-grassi,audi-sport-abt-schaeffler,spark-srt05e,audi-e-tron-fe06
fe-2019-20-r7-berlin,2019-20,2020,7,4,robin-frijns,envision-virgin-racing,spark-srt05e,audi-e-tron-fe06
fe-2019-20-r7-berlin,2019-20,2020,7,5,stoffel-vandoorne,mercedes-benz-eq-formula-e-team,spark-srt05e,mercedes-benz-eq-silver-arrow-01
fe-2019-20-r7-berlin,2019-20,2020,7,2,sam-bird,envision-virgin-racing,spark-srt05e,audi-e-tron-fe06
fe-2019-20-r7-berlin,2019-20,2020,7,22,oliver-rowland,nissan-e-dams,spark-srt05e,nissan-im02
fe-2019-20-r7-berlin,2019-20,2020,7,48,edoardo-mortara,rokit-venturi-racing,spark-srt05e,mercedes-benz-eq-silver-arrow-01
fe-2019-20-r7-berlin,2019-20,2020,7,36,andre-lotterer,tag-heuer-porsche-formula-e-team,spark-srt05e,porsche-99x-electric
fe-2019-20-r7-berlin,2019-20,2020,7,25,jean-eric-vergne,ds-techeetah,spark-srt05e,ds-e-tense-fe20
fe-2019-20-r7-berlin,2019-20,2020,7,20,mitch-evans,panasonic-jaguar-racing,spark-srt05e,jaguar-i-type-iv
fe-2019-20-r7-berlin,2019-20,2020,7,66,rene-rast,audi-sport-abt-schaeffler,spark-srt05e,audi-e-tron-fe06
fe-2019-20-r7-berlin,2019-20,2020,7,7,nico-muller,geox-dragon,spark-srt05e,penske-ev-4
fe-2019-20-r7-berlin,2019-20,2020,7,18,neel-jani,tag-heuer-porsche-formula-e-team,spark-srt05e,porsche-99x-electric
fe-2019-20-r7-berlin,2019-20,2020,7,33,daniel-abt,nio-333-fe-team,spark-srt05e,nio-fe-005
fe-2019-20-r7-berlin,2019-20,2020,7,6,sergio-sette-camara,geox-dragon,spark-srt05e,penske-ev-4
fe-2019-20-r7-berlin,2019-20,2020,7,3,oliver-turvey,nio-333-fe-team,spark-srt05e,nio-fe-005
fe-2019-20-r7-berlin,2019-20,2020,7,51,james-calado,panasonic-jaguar-racing,spark-srt05e,jaguar-i-type-iv
fe-2019-20-r7-berlin,2019-20,2020,7,19,felipe-massa,rokit-venturi-racing,spark-srt05e,mercedes-benz-eq-silver-arrow-01
fe-2019-20-r7-berlin,2019-20,2020,7,17,nyck-de-vries,mercedes-benz-eq-formula-e-team,spark-srt05e,mercedes-benz-eq-silver-arrow-01
fe-2019-20-r7-berlin,2019-20,2020,7,28,maximilian-gunther,bmw-i-andretti-motorsport,spark-srt05e,bmw-ife-20
fe-2019-20-r8-berlin,2019-20,2020,8,28,maximilian-gunther,bmw-i-andretti-motorsport,spark-srt05e,bmw-ife-20
fe-2019-20-r8-berlin,2019-20,2020,8,4,robin-frijns,envision-virgin-racing,spark-srt05e,audi-e-tron-fe06
fe-2019-20-r8-berlin,2019-20,2020,8,25,jean-eric-vergne,ds-techeetah,spark-srt05e,ds-e-tense-fe20
fe-2019-20-r8-berlin,2019-20,2020,8,13,antonio-felix-da-costa,ds-techeetah,spark-srt05e,ds-e-tense-fe20
fe-2019-20-r8-berlin,2019-20,2020,8,36,andre-lotterer,tag-heuer-porsche-formula-e-team,spark-srt05e,porsche-99x-electric
fe-2019-20-r8-berlin,2019-20,2020,8,22,oliver-rowland,nissan-e-dams,spark-srt05e,nissan-im02
fe-2019-20-r8-berlin,2019-20,2020,8,11,lucas-di-grassi,audi-sport-abt-schaeffler,spark-srt05e,audi-e-tron-fe06
fe-2019-20-r8-berlin,2019-20,2020,8,20,mitch-evans,panasonic-jaguar-racing,spark-srt05e,jaguar-i-type-iv
fe-2019-20-r8-berlin,2019-20,2020,8,23,sebastien-buemi,nissan-e-dams,spark-srt05e,nissan-im02
fe-2019-20-r8-berlin,2019-20,2020,8,7,nico-muller,geox-dragon,spark-srt05e,penske-ev-4
fe-2019-20-r8-berlin,2019-20,2020,8,2,sam-bird,envision-virgin-racing,spark-srt05e,audi-e-tron-fe06
fe-2019-20-r8-berlin,2019-20,2020,8,48,edoardo-mortara,rokit-venturi-racing,spark-srt05e,mercedes-benz-eq-silver-arrow-01
fe-2019-20-r8-berlin,2019-20,2020,8,33,daniel-abt,nio-333-fe-team,spark-srt05e,nio-fe-005
fe-2019-20-r8-berlin,2019-20,2020,8,3,oliver-turvey,nio-333-fe-team,spark-srt05e,nio-fe-005
fe-2019-20-r8-berlin,2019-20,2020,8,17,nyck-de-vries,mercedes-benz-eq-formula-e-team,spark-srt05e,mercedes-benz-eq-silver-arrow-01
fe-2019-20-r8-berlin,2019-20,2020,8,19,felipe-massa,rokit-venturi-racing,spark-srt05e,mercedes-benz-eq-silver-arrow-01
fe-2019-20-r8-berlin,2019-20,2020,8,66,rene-rast,audi-sport-abt-schaeffler,spark-srt05e,audi-e-tron-fe06
fe-2019-20-r8-berlin,2019-20,2020,8,5,stoffel-vandoorne,mercedes-benz-eq-formula-e-team,spark-srt05e,mercedes-benz-eq-silver-arrow-01
fe-2019-20-r8-berlin,2019-20,2020,8,51,james-calado,panasonic-jaguar-racing,spark-srt05e,jaguar-i-type-iv
fe-2019-20-r8-berlin,2019-20,2020,8,6,sergio-sette-camara,geox-dragon,spark-srt05e,penske-ev-4
fe-2019-20-r8-berlin,2019-20,2020,8,18,neel-jani,tag-heuer-porsche-formula-e-team,spark-srt05e,porsche-99x-electric
fe-2019-20-r9-berlin,2019-20,2020,9,25,jean-eric-vergne,ds-techeetah,spark-srt05e,ds-e-tense-fe20
fe-2019-20-r9-berlin,2019-20,2020,9,13,antonio-felix-da-costa,ds-techeetah,spark-srt05e,ds-e-tense-fe20
fe-2019-20-r9-berlin,2019-20,2020,9,23,sebastien-buemi,nissan-e-dams,spark-srt05e,nissan-im02
fe-2019-20-r9-berlin,2019-20,2020,9,17,nyck-de-vries,mercedes-benz-eq-formula-e-team,spark-srt05e,mercedes-benz-eq-silver-arrow-01
fe-2019-20-r9-berlin,2019-20,2020,9,22,oliver-rowland,nissan-e-dams,spark-srt05e,nissan-im02
fe-2019-20-r9-berlin,2019-20,2020,9,11,lucas-di-grassi,audi-sport-abt-schaeffler,spark-srt05e,audi-e-tron-fe06
fe-2019-20-r9-berlin,2019-20,2020,9,20,mitch-evans,panasonic-jaguar-racing,spark-srt05e,jaguar-i-type-iv
fe-2019-20-r9-berlin,2019-20,2020,9,36,andre-lotterer,tag-heuer-porsche-formula-e-team,spark-srt05e,porsche-99x-electric
fe-2019-20-r9-berlin,2019-20,2020,9,19,felipe-massa,rokit-venturi-racing,spark-srt05e,mercedes-benz-eq-silver-arrow-01
fe-2019-20-r9-berlin,2019-20,2020,9,2,sam-bird,envision-virgin-racing,spark-srt05e,audi-e-tron-fe06
fe-2019-20-r9-berlin,2019-20,2020,9,5,stoffel-vandoorne,mercedes-benz-eq-formula-e-team,spark-srt05e,mercedes-benz-eq-silver-arrow-01
fe-2019-20-r9-berlin,2019-20,2020,9,48,edoardo-mortara,rokit-venturi-racing,spark-srt05e,mercedes-benz-eq-silver-arrow-01
fe-2019-20-r9-berlin,2019-20,2020,9,66,rene-rast,audi-sport-abt-schaeffler,spark-srt05e,audi-e-tron-fe06
fe-2019-20-r9-berlin,2019-20,2020,9,51,james-calado,panasonic-jaguar-racing,spark-srt05e,jaguar-i-type-iv
fe-2019-20-r9-berlin,2019-20,2020,9,33,daniel-abt,nio-333-fe-team,spark-srt05e,nio-fe-005
fe-2019-20-r9-berlin,2019-20,2020,9,18,neel-jani,tag-heuer-porsche-formula-e-team,spark-srt05e,porsche-99x-electric
fe-2019-20-r9-berlin,2019-20,2020,9,7,nico-muller,geox-dragon,spark-srt05e,penske-ev-4
fe-2019-20-r9-berlin,2019-20,2020,9,6,sergio-sette-camara,geox-dragon,spark-srt05e,penske-ev-4
fe-2019-20-r9-berlin,2019-20,2020,9,3,oliver-turvey,nio-333-fe-team,spark-srt05e,nio-fe-005
fe-2019-20-r9-berlin,2019-20,2020,9,4,robin-frijns,envision-virgin-racing,spark-srt05e,audi-e-tron-fe06
fe-2019-20-r9-berlin,2019-20,2020,9,28,maximilian-gunther,bmw-i-andretti-motorsport,spark-srt05e,bmw-ife-20
fe-2019-20-r10-berlin,2019-20,2020,10,22,oliver-rowland,nissan-e-dams,spark-srt05e,nissan-im02
fe-2019-20-r10-berlin,2019-20,2020,10,4,robin-frijns,envision-virgin-racing,spark-srt05e,audi-e-tron-fe06
fe-2019-20-r10-berlin,2019-20,2020,10,66,rene-rast,audi-sport-abt-schaeffler,spark-srt05e,audi-e-tron-fe06
fe-2019-20-r10-berlin,2019-20,2020,10,36,andre-lotterer,tag-heuer-porsche-formula-e-team,spark-srt05e,porsche-99x-electric
fe-2019-20-r10-berlin,2019-20,2020,10,18,neel-jani,tag-heuer-porsche-formula-e-team,spark-srt05e,porsche-99x-electric
fe-2019-20-r10-berlin,2019-20,2020,10,20,mitch-evans,panasonic-jaguar-racing,spark-srt05e,jaguar-i-type-iv
fe-2019-20-r10-berlin,2019-20,2020,10,48,edoardo-mortara,rokit-venturi-racing,spark-srt05e,mercedes-benz-eq-silver-arrow-01
fe-2019-20-r10-berlin,2019-20,2020,10,5,stoffel-vandoorne,mercedes-benz-eq-formula-e-team,spark-srt05e,mercedes-benz-eq-silver-arrow-01
fe-2019-20-r10-berlin,2019-20,2020,10,23,sebastien-buemi,nissan-e-dams,spark-srt05e,nissan-im02
fe-2019-20-r10-berlin,2019-20,2020,10,51,tom-blomqvist,panasonic-jaguar-racing,spark-srt05e,jaguar-i-type-iv
fe-2019-20-r10-berlin,2019-20,2020,10,19,felipe-massa,rokit-venturi-racing,spark-srt05e,mercedes-benz-eq-silver-arrow-01
fe-2019-20-r10-berlin,2019-20,2020,10,17,nyck-de-vries,mercedes-benz-eq-formula-e-team,spark-srt05e,mercedes-benz-eq-silver-arrow-01
fe-2019-20-r10-berlin,2019-20,2020,10,6,sergio-sette-camara,geox-dragon,spark-srt05e,penske-ev-4
fe-2019-20-r10-berlin,2019-20,2020,10,7,nico-muller,geox-dragon,spark-srt05e,penske-ev-4
fe-2019-20-r10-berlin,2019-20,2020,10,25,jean-eric-vergne,ds-techeetah,spark-srt05e,ds-e-tense-fe20
fe-2019-20-r10-berlin,2019-20,2020,10,3,oliver-turvey,nio-333-fe-team,spark-srt05e,nio-fe-005
fe-2019-20-r10-berlin,2019-20,2020,10,2,sam-bird,envision-virgin-racing,spark-srt05e,audi-e-tron-fe06
fe-2019-20-r10-berlin,2019-20,2020,10,11,lucas-di-grassi,audi-sport-abt-schaeffler,spark-srt05e,audi-e-tron-fe06
fe-2019-20-r10-berlin,2019-20,2020,10,33,daniel-abt,nio-333-fe-team,spark-srt05e,nio-fe-005
fe-2019-20-r10-berlin,2019-20,2020,10,28,maximilian-gunther,bmw-i-andretti-motorsport,spark-srt05e,bmw-ife-20
fe-2019-20-r10-berlin,2019-20,2020,10,13,antonio-felix-da-costa,ds-techeetah,spark-srt05e,ds-e-tense-fe20
fe-2019-20-r11-berlin,2019-20,2020,11,5,stoffel-vandoorne,mercedes-benz-eq-formula-e-team,spark-srt05e,mercedes-benz-eq-silver-arrow-01
fe-2019-20-r11-berlin,2019-20,2020,11,17,nyck-de-vries,mercedes-benz-eq-formula-e-team,spark-srt05e,mercedes-benz-eq-silver-arrow-01
fe-2019-20-r11-berlin,2019-20,2020,11,23,sebastien-buemi,nissan-e-dams,spark-srt05e,nissan-im02
fe-2019-20-r11-berlin,2019-20,2020,11,66,rene-rast,audi-sport-abt-schaeffler,spark-srt05e,audi-e-tron-fe06
fe-2019-20-r11-berlin,2019-20,2020,11,2,sam-bird,envision-virgin-racing,spark-srt05e,audi-e-tron-fe06
fe-2019-20-r11-berlin,2019-20,2020,11,11,lucas-di-grassi,audi-sport-abt-schaeffler,spark-srt05e,audi-e-tron-fe06
fe-2019-20-r11-berlin,2019-20,2020,11,25,jean-eric-vergne,ds-techeetah,spark-srt05e,ds-e-tense-fe20
fe-2019-20-r11-berlin,2019-20,2020,11,13,antonio-felix-da-costa,ds-techeetah,spark-srt05e,ds-e-tense-fe20
fe-2019-20-r11-berlin,2019-20,2020,11,48,edoardo-mortara,rokit-venturi-racing,spark-srt05e,mercedes-benz-eq-silver-arrow-01
fe-2019-20-r11-berlin,2019-20,2020,11,20,mitch-evans,panasonic-jaguar-racing,spark-srt05e,jaguar-i-type-iv
fe-2019-20-r11-berlin,2019-20,2020,11,28,maximilian-gunther,bmw-i-andretti-motorsport,spark-srt05e,bmw-ife-20
fe-2019-20-r11-berlin,2019-20,2020,11,36,andre-lotterer,tag-heuer-porsche-formula-e-team,spark-srt05e,porsche-99x-electric
fe-2019-20-r11-berlin,2019-20,2020,11,18,neel-jani,tag-heuer-porsche-formula-e-team,spark-srt05e,porsche-99x-electric
fe-2019-20-r11-berlin,2019-20,2020,11,19,felipe-massa,rokit-venturi-racing,spark-srt05e,mercedes-benz-eq-silver-arrow-01
fe-2019-20-r11-berlin,2019-20,2020,11,51,tom-blomqvist,panasonic-jaguar-racing,spark-srt05e,jaguar-i-type-iv
fe-2019-20-r11-berlin,2019-20,2020,11,6,sergio-sette-camara,geox-dragon,spark-srt05e,penske-ev-4
fe-2019-20-r11-berlin,2019-20,2020,11,33,daniel-abt,nio-333-fe-team,spark-srt05e,nio-fe-005
fe-2019-20-r11-berlin,2019-20,2020,11,3,oliver-turvey,nio-333-fe-team,spark-srt05e,nio-fe-005
fe-2019-20-r11-berlin,2019-20,2020,11,7,nico-muller,geox-dragon,spark-srt05e,penske-ev-4
fe-2019-20-r11-berlin,2019-20,2020,11,4,robin-frijns,envision-virgin-racing,spark-srt05e,audi-e-tron-fe06
fe-2019-20-r11-berlin,2019-20,2020,11,22,oliver-rowland,nissan-e-dams,spark-srt05e,nissan-im02
fe-2019-20-r1-diriyah,2019-20,2020,1,27,alexander-sims,bmw-i-andretti-motorsport,spark-srt05e,bmw-ife-20
fe-2019-20-r1-diriyah,2019-20,2020,1,64,jerome-d-ambrosio,mahindra-racing,spark-srt05e,mahindra-m6electro
fe-2019-20-r1-diriyah,2019-20,2020,1,33,ma-qinghua,nio-333-fe-team,spark-srt05e,nio-fe-005
fe-2019-20-r2-diriyah,2019-20,2020,2,27,alexander-sims,bmw-i-andretti-motorsport,spark-srt05e,bmw-ife-20
fe-2019-20-r2-diriyah,2019-20,2020,2,33,ma-qinghua,nio-333-fe-team,spark-srt05e,nio-fe-005
fe-2019-20-r2-diriyah,2019-20,2020,2,64,jerome-d-ambrosio,mahindra-racing,spark-srt05e,mahindra-m6electro
fe-2019-20-r3-santiago,2019-20,2020,3,33,ma-qinghua,nio-333-fe-team,spark-srt05e,nio-fe-005
fe-2019-20-r3-santiago,2019-20,2020,3,64,jerome-d-ambrosio,mahindra-racing,spark-srt05e,mahindra-m6electro
fe-2019-20-r3-santiago,2019-20,2020,3,27,alexander-sims,bmw-i-andretti-motorsport,spark-srt05e,bmw-ife-20
fe-2019-20-r4-mexico-city,2019-20,2020,4,27,alexander-sims,bmw-i-andretti-motorsport,spark-srt05e,bmw-ife-20
fe-2019-20-r4-mexico-city,2019-20,2020,4,64,jerome-d-ambrosio,mahindra-racing,spark-srt05e,mahindra-m6electro
fe-2019-20-r4-mexico-city,2019-20,2020,4,33,ma-qinghua,nio-333-fe-team,spark-srt05e,nio-fe-005
fe-2019-20-r5-marrakesh,2019-20,2020,5,64,jerome-d-ambrosio,mahindra-racing,spark-srt05e,mahindra-m6electro
fe-2019-20-r5-marrakesh,2019-20,2020,5,33,ma-qinghua,nio-333-fe-team,spark-srt05e,nio-fe-005
fe-2019-20-r5-marrakesh,2019-20,2020,5,27,alexander-sims,bmw-i-andretti-motorsport,spark-srt05e,bmw-ife-20
fe-2019-20-r6-berlin,2019-20,2020,6,64,jerome-d-ambrosio,mahindra-racing,spark-srt05e,mahindra-m6electro
fe-2019-20-r6-berlin,2019-20,2020,6,27,alexander-sims,bmw-i-andretti-motorsport,spark-srt05e,bmw-ife-20
fe-2019-20-r6-berlin,2019-20,2020,6,94,alex-lynn,mahindra-racing,spark-srt05e,mahindra-m6electro
fe-2019-20-r7-berlin,2019-20,2020,7,94,alex-lynn,mahindra-racing,spark-srt05e,mahindra-m6electro
fe-2019-20-r7-berlin,2019-20,2020,7,27,alexander-sims,bmw-i-andretti-motorsport,spark-srt05e,bmw-ife-20
fe-2019-20-r7-berlin,2019-20,2020,7,64,jerome-d-ambrosio,mahindra-racing,spark-srt05e,mahindra-m6electro
fe-2019-20-r8-berlin,2019-20,2020,8,64,jerome-d-ambrosio,mahindra-racing,spark-srt05e,mahindra-m6electro
fe-2019-20-r8-berlin,2019-20,2020,8,27,alexander-sims,bmw-i-andretti-motorsport,spark-srt05e,bmw-ife-20
fe-2019-20-r8-berlin,2019-20,2020,8,94,alex-lynn,mahindra-racing,spark-srt05e,mahindra-m6electro
fe-2019-20-r9-berlin,2019-20,2020,9,94,alex-lynn,mahindra-racing,spark-srt05e,mahindra-m6electro
fe-2019-20-r9-berlin,2019-20,2020,9,27,alexander-sims,bmw-i-andretti-motorsport,spark-srt05e,bmw-ife-20
fe-2019-20-r9-berlin,2019-20,2020,9,64,jerome-d-ambrosio,mahindra-racing,spark-srt05e,mahindra-m6electro
fe-2019-20-r10-berlin,2019-20,2020,10,94,alex-lynn,mahindra-racing,spark-srt05e,mahindra-m6electro
fe-2019-20-r10-berlin,2019-20,2020,10,27,alexander-sims,bmw-i-andretti-motorsport,spark-srt05e,bmw-ife-20
fe-2019-20-r10-berlin,2019-20,2020,10,64,jerome-d-ambrosio,mahindra-racing,spark-srt05e,mahindra-m6electro
fe-2019-20-r11-berlin,2019-20,2020,11,94,alex-lynn,mahindra-racing,spark-srt05e,mahindra-m6electro
fe-2019-20-r11-berlin,2019-20,2020,11,27,alexander-sims,bmw-i-andretti-motorsport,spark-srt05e,bmw-ife-20
fe-2019-20-r11-berlin,2019-20,2020,11,64,jerome-d-ambrosio,mahindra-racing,spark-srt05e,mahindra-m6electro
fe-2020-21-r1-diriyah,2020-21,2021,1,17,nyck-de-vries,mercedes-eq-formula-e-team,spark-srt05e,mercedes-eq-silver-arrow-02
fe-2020-21-r1-diriyah,2020-21,2021,1,48,edoardo-mortara,rokit-venturi-racing,spark-srt05e,mercedes-eq-silver-arrow-02
fe-2020-21-r1-diriyah,2020-21,2021,1,20,mitch-evans,jaguar-racing,spark-srt05e,jaguar-i-type-5
fe-2020-21-r1-diriyah,2020-21,2021,1,33,rene-rast,audi-sport-abt-schaeffler,spark-srt05e,audi-e-tron-fe07
fe-2020-21-r1-diriyah,2020-21,2021,1,99,pascal-wehrlein,tag-heuer-porsche-formula-e-team,spark-srt05e,porsche-99x-electric
fe-2020-21-r1-diriyah,2020-21,2021,1,22,oliver-rowland,nissan-e-dams,spark-srt05e,nissan-im02
fe-2020-21-r1-diriyah,2020-21,2021,1,5,stoffel-vandoorne,mercedes-eq-formula-e-team,spark-srt05e,mercedes-eq-silver-arrow-02
fe-2020-21-r1-diriyah,2020-21,2021,1,11,lucas-di-grassi,audi-sport-abt-schaeffler,spark-srt05e,audi-e-tron-fe07
fe-2020-21-r1-diriyah,2020-21,2021,1,8,oliver-turvey,nio-333-fe-team,spark-srt05e,nio-333-001
fe-2020-21-r1-diriyah,2020-21,2021,1,13,antonio-felix-da-costa,ds-techeetah,spark-srt05e,ds-e-tense-fe20
fe-2020-21-r1-diriyah,2020-21,2021,1,27,jake-dennis,bmw-i-andretti-motorsport,spark-srt05e,bmw-ife-21
fe-2020-21-r1-diriyah,2020-21,2021,1,23,sebastien-buemi,nissan-e-dams,spark-srt05e,nissan-im02
fe-2020-21-r1-diriyah,2020-21,2021,1,71,norman-nato,rokit-venturi-racing,spark-srt05e,mercedes-eq-silver-arrow-02
fe-2020-21-r1-diriyah,2020-21,2021,1,25,jean-eric-vergne,ds-techeetah,spark-srt05e,ds-e-tense-fe20
fe-2020-21-r1-diriyah,2020-21,2021,1,36,andre-lotterer,tag-heuer-porsche-formula-e-team,spark-srt05e,porsche-99x-electric
fe-2020-21-r1-diriyah,2020-21,2021,1,4,robin-frijns,envision-virgin-racing,spark-srt05e,audi-e-tron-fe07
fe-2020-21-r1-diriyah,2020-21,2021,1,88,tom-blomqvist,nio-333-fe-team,spark-srt05e,nio-333-001
fe-2020-21-r1-diriyah,2020-21,2021,1,37,nick-cassidy,envision-virgin-racing,spark-srt05e,audi-e-tron-fe07
fe-2020-21-r1-diriyah,2020-21,2021,1,7,sergio-sette-camara,dragon-penske-autosport,spark-srt05e,penske-ev-4
fe-2020-21-r1-diriyah,2020-21,2021,1,6,nico-muller,dragon-penske-autosport,spark-srt05e,penske-ev-4
fe-2020-21-r1-diriyah,2020-21,2021,1,10,sam-bird,jaguar-racing,spark-srt05e,jaguar-i-type-5
fe-2020-21-r1-diriyah,2020-21,2021,1,28,maximilian-gunther,bmw-i-andretti-motorsport,spark-srt05e,bmw-ife-21
fe-2020-21-r2-diriyah,2020-21,2021,2,10,sam-bird,jaguar-racing,spark-srt05e,jaguar-i-type-5
fe-2020-21-r2-diriyah,2020-21,2021,2,4,robin-frijns,envision-virgin-racing,spark-srt05e,audi-e-tron-fe07
fe-2020-21-r2-diriyah,2020-21,2021,2,13,antonio-felix-da-costa,ds-techeetah,spark-srt05e,ds-e-tense-fe20
fe-2020-21-r2-diriyah,2020-21,2021,2,7,sergio-sette-camara,dragon-penske-autosport,spark-srt05e,penske-ev-4
fe-2020-21-r2-diriyah,2020-21,2021,2,6,nico-muller,dragon-penske-autosport,spark-srt05e,penske-ev-4
fe-2020-21-r2-diriyah,2020-21,2021,2,8,oliver-turvey,nio-333-fe-team,spark-srt05e,nio-333-001
fe-2020-21-r2-diriyah,2020-21,2021,2,22,oliver-rowland,nissan-e-dams,spark-srt05e,nissan-im02
fe-2020-21-r2-diriyah,2020-21,2021,2,11,lucas-di-grassi,audi-sport-abt-schaeffler,spark-srt05e,audi-e-tron-fe07
fe-2020-21-r2-diriyah,2020-21,2021,2,17,nyck-de-vries,mercedes-eq-formula-e-team,spark-srt05e,mercedes-eq-silver-arrow-02
fe-2020-21-r2-diriyah,2020-21,2021,2,99,pascal-wehrlein,tag-heuer-porsche-formula-e-team,spark-srt05e,porsche-99x-electric
fe-2020-21-r2-diriyah,2020-21,2021,2,36,andre-lotterer,tag-heuer-porsche-formula-e-team,spark-srt05e,porsche-99x-electric
fe-2020-21-r2-diriyah,2020-21,2021,2,25,jean-eric-vergne,ds-techeetah,spark-srt05e,ds-e-tense-fe20
fe-2020-21-r2-diriyah,2020-21,2021,2,5,stoffel-vandoorne,mercedes-eq-formula-e-team,spark-srt05e,mercedes-eq-silver-arrow-02
fe-2020-21-r2-diriyah,2020-21,2021,2,37,nick-cassidy,envision-virgin-racing,spark-srt05e,audi-e-tron-fe07
fe-2020-21-r2-diriyah,2020-21,2021,2,71,norman-nato,rokit-venturi-racing,spark-srt05e,mercedes-eq-silver-arrow-02
fe-2020-21-r2-diriyah,2020-21,2021,2,33,rene-rast,audi-sport-abt-schaeffler,spark-srt05e,audi-e-tron-fe07
fe-2020-21-r2-diriyah,2020-21,2021,2,88,tom-blomqvist,nio-333-fe-team,spark-srt05e,nio-333-001
fe-2020-21-r2-diriyah,2020-21,2021,2,28,maximilian-gunther,bmw-i-andretti-motorsport,spark-srt05e,bmw-ife-21
fe-2020-21-r2-diriyah,2020-21,2021,2,20,mitch-evans,jaguar-racing,spark-srt05e,jaguar-i-type-5
fe-2020-21-r2-diriyah,2020-21,2021,2,27,jake-dennis,bmw-i-andretti-motorsport,spark-srt05e,bmw-ife-21
fe-2020-21-r2-diriyah,2020-21,2021,2,23,sebastien-buemi,nissan-e-dams,spark-srt05e,nissan-im02
fe-2020-21-r2-diriyah,2020-21,2021,2,48,edoardo-mortara,rokit-venturi-racing,spark-srt05e,mercedes-eq-silver-arrow-02
fe-2020-21-r3-rome,2020-21,2021,3,25,jean-eric-vergne,ds-techeetah,spark-srt05e,ds-e-tense-fe21
fe-2020-21-r3-rome,2020-21,2021,3,10,sam-bird,jaguar-racing,spark-srt05e,jaguar-i-type-5
fe-2020-21-r3-rome,2020-21,2021,3,20,mitch-evans,jaguar-racing,spark-srt05e,jaguar-i-type-5
fe-2020-21-r3-rome,2020-21,2021,3,4,robin-frijns,envision-virgin-racing,spark-srt05e,audi-e-tron-fe07
fe-2020-21-r3-rome,2020-21,2021,3,23,sebastien-buemi,nissan-e-dams,spark-srt05e,nissan-im02
fe-2020-21-r3-rome,2020-21,2021,3,33,rene-rast,audi-sport-abt-schaeffler,spark-srt05e,audi-e-tron-fe07
fe-2020-21-r3-rome,2020-21,2021,3,99,pascal-wehrlein,tag-heuer-porsche-formula-e-team,spark-srt05e,porsche-99x-electric
fe-2020-21-r3-rome,2020-21,2021,3,28,maximilian-gunther,bmw-i-andretti-motorsport,spark-srt05e,bmw-ife-21
fe-2020-21-r3-rome,2020-21,2021,3,88,tom-blomqvist,nio-333-fe-team,spark-srt05e,nio-333-001
fe-2020-21-r3-rome,2020-21,2021,3,71,norman-nato,rokit-venturi-racing,spark-srt05e,mercedes-eq-silver-arrow-02
fe-2020-21-r3-rome,2020-21,2021,3,22,oliver-rowland,nissan-e-dams,spark-srt05e,nissan-im02
fe-2020-21-r3-rome,2020-21,2021,3,6,nico-muller,dragon-penske-autosport,spark-srt05e,penske-ev-4
fe-2020-21-r3-rome,2020-21,2021,3,36,andre-lotterer,tag-heuer-porsche-formula-e-team,spark-srt05e,porsche-99x-electric
fe-2020-21-r3-rome,2020-21,2021,3,37,nick-cassidy,envision-virgin-racing,spark-srt05e,audi-e-tron-fe07
fe-2020-21-r3-rome,2020-21,2021,3,7,sergio-sette-camara,dragon-penske-autosport,spark-srt05e,penske-ev-4
fe-2020-21-r3-rome,2020-21,2021,3,48,edoardo-mortara,rokit-venturi-racing,spark-srt05e,mercedes-eq-silver-arrow-02
fe-2020-21-r3-rome,2020-21,2021,3,27,jake-dennis,bmw-i-andretti-motorsport,spark-srt05e,bmw-ife-21
fe-2020-21-r3-rome,2020-21,2021,3,13,antonio-felix-da-costa,ds-techeetah,spark-srt05e,ds-e-tense-fe21
fe-2020-21-r3-rome,2020-21,2021,3,11,lucas-di-grassi,audi-sport-abt-schaeffler,spark-srt05e,audi-e-tron-fe07
fe-2020-21-r3-rome,2020-21,2021,3,17,nyck-de-vries,mercedes-eq-formula-e-team,spark-srt05e,mercedes-eq-silver-arrow-02
fe-2020-21-r3-rome,2020-21,2021,3,5,stoffel-vandoorne,mercedes-eq-formula-e-team,spark-srt05e,mercedes-eq-silver-arrow-02
fe-2020-21-r3-rome,2020-21,2021,3,8,oliver-turvey,nio-333-fe-team,spark-srt05e,nio-333-001
fe-2020-21-r4-rome,2020-21,2021,4,5,stoffel-vandoorne,mercedes-eq-formula-e-team,spark-srt05e,mercedes-eq-silver-arrow-02
fe-2020-21-r4-rome,2020-21,2021,4,99,pascal-wehrlein,tag-heuer-porsche-formula-e-team,spark-srt05e,porsche-99x-electric
fe-2020-21-r4-rome,2020-21,2021,4,48,edoardo-mortara,rokit-venturi-racing,spark-srt05e,mercedes-eq-silver-arrow-02
fe-2020-21-r4-rome,2020-21,2021,4,28,maximilian-gunther,bmw-i-andretti-motorsport,spark-srt05e,bmw-ife-21
fe-2020-21-r4-rome,2020-21,2021,4,20,mitch-evans,jaguar-racing,spark-srt05e,jaguar-i-type-5
fe-2020-21-r4-rome,2020-21,2021,4,13,antonio-felix-da-costa,ds-techeetah,spark-srt05e,ds-e-tense-fe21
fe-2020-21-r4-rome,2020-21,2021,4,88,tom-blomqvist,nio-333-fe-team,spark-srt05e,nio-333-001
fe-2020-21-r4-rome,2020-21,2021,4,6,nico-muller,dragon-penske-autosport,spark-srt05e,penske-ev-4
fe-2020-21-r4-rome,2020-21,2021,4,23,sebastien-buemi,nissan-e-dams,spark-srt05e,nissan-im02
fe-2020-21-r4-rome,2020-21,2021,4,25,jean-eric-vergne,ds-techeetah,spark-srt05e,ds-e-tense-fe21
fe-2020-21-r4-rome,2020-21,2021,4,7,sergio-sette-camara,dragon-penske-autosport,spark-srt05e,penske-ev-4
fe-2020-21-r4-rome,2020-21,2021,4,27,jake-dennis,bmw-i-andretti-motorsport,spark-srt05e,bmw-ife-21
fe-2020-21-r4-rome,2020-21,2021,4,8,oliver-turvey,nio-333-fe-team,spark-srt05e,nio-333-001
fe-2020-21-r4-rome,2020-21,2021,4,36,andre-lotterer,tag-heuer-porsche-formula-e-team,spark-srt05e,porsche-99x-electric
fe-2020-21-r4-rome,2020-21,2021,4,22,oliver-rowland,nissan-e-dams,spark-srt05e,nissan-im02
fe-2020-21-r4-rome,2020-21,2021,4,4,robin-frijns,envision-virgin-racing,spark-srt05e,audi-e-tron-fe07
fe-2020-21-r4-rome,2020-21,2021,4,10,sam-bird,jaguar-racing,spark-srt05e,jaguar-i-type-5
fe-2020-21-r4-rome,2020-21,2021,4,71,norman-nato,rokit-venturi-racing,spark-srt05e,mercedes-eq-silver-arrow-02
fe-2020-21-r4-rome,2020-21,2021,4,37,nick-cassidy,envision-virgin-racing,spark-srt05e,audi-e-tron-fe07
fe-2020-21-r4-rome,2020-21,2021,4,33,rene-rast,audi-sport-abt-schaeffler,spark-srt05e,audi-e-tron-fe07
fe-2020-21-r4-rome,2020-21,2021,4,11,lucas-di-grassi,audi-sport-abt-schaeffler,spark-srt05e,audi-e-tron-fe07
fe-2020-21-r4-rome,2020-21,2021,4,17,nyck-de-vries,mercedes-eq-formula-e-team,spark-srt05e,mercedes-eq-silver-arrow-02
fe-2020-21-r5-valencia,2020-21,2021,5,17,nyck-de-vries,mercedes-eq-formula-e-team,spark-srt05e,mercedes-eq-silver-arrow-02
fe-2020-21-r5-valencia,2020-21,2021,5,6,nico-muller,dragon-penske-autosport,spark-srt05e,penske-ev-4
fe-2020-21-r5-valencia,2020-21,2021,5,5,stoffel-vandoorne,mercedes-eq-formula-e-team,spark-srt05e,mercedes-eq-silver-arrow-02
fe-2020-21-r5-valencia,2020-21,2021,5,37,nick-cassidy,envision-virgin-racing,spark-srt05e,audi-e-tron-fe07
fe-2020-21-r5-valencia,2020-21,2021,5,33,rene-rast,audi-sport-abt-schaeffler,spark-srt05e,audi-e-tron-fe07
fe-2020-21-r5-valencia,2020-21,2021,5,4,robin-frijns,envision-virgin-racing,spark-srt05e,audi-e-tron-fe07
fe-2020-21-r5-valencia,2020-21,2021,5,11,lucas-di-grassi,audi-sport-abt-schaeffler,spark-srt05e,audi-e-tron-fe07
fe-2020-21-r5-valencia,2020-21,2021,5,27,jake-dennis,bmw-i-andretti-motorsport,spark-srt05e,bmw-ife-21
fe-2020-21-r5-valencia,2020-21,2021,5,25,jean-eric-vergne,ds-techeetah,spark-srt05e,ds-e-tense-fe21
fe-2020-21-r5-valencia,2020-21,2021,5,99,pascal-wehrlein,tag-heuer-porsche-formula-e-team,spark-srt05e,porsche-99x-electric
fe-2020-21-r5-valencia,2020-21,2021,5,36,andre-lotterer,tag-heuer-porsche-formula-e-team,spark-srt05e,porsche-99x-electric
fe-2020-21-r5-valencia,2020-21,2021,5,20,mitch-evans,jaguar-racing,spark-srt05e,jaguar-i-type-5
fe-2020-21-r5-valencia,2020-21,2021,5,7,sergio-sette-camara,dragon-penske-autosport,spark-srt05e,penske-ev-4
fe-2020-21-r5-valencia,2020-21,2021,5,28,maximilian-gunther,bmw-i-andretti-motorsport,spark-srt05e,bmw-ife-21
fe-2020-21-r5-valencia,2020-21,2021,5,8,oliver-turvey,nio-333-fe-team,spark-srt05e,nio-333-001
fe-2020-21-r5-valencia,2020-21,2021,5,23,sebastien-buemi,nissan-e-dams,spark-srt05e,nissan-im02
fe-2020-21-r5-valencia,2020-21,2021,5,22,oliver-rowland,nissan-e-dams,spark-srt05e,nissan-im02
fe-2020-21-r5-valencia,2020-21,2021,5,13,antonio-felix-da-costa,ds-techeetah,spark-srt05e,ds-e-tense-fe21
fe-2020-21-r5-valencia,2020-21,2021,5,10,sam-bird,jaguar-racing,spark-srt05e,jaguar-i-type-5
fe-2020-21-r5-valencia,2020-21,2021,5,88,tom-blomqvist,nio-333-fe-team,spark-srt05e,nio-333-001
fe-2020-21-r5-valencia,2020-21,2021,5,71,norman-nato,rokit-venturi-racing,spark-srt05e,mercedes-eq-silver-arrow-02
fe-2020-21-r5-valencia,2020-21,2021,5,48,edoardo-mortara,rokit-venturi-racing,spark-srt05e,mercedes-eq-silver-arrow-02
fe-2020-21-r6-valencia,2020-21,2021,6,27,jake-dennis,bmw-i-andretti-motorsport,spark-srt05e,bmw-ife-21
fe-2020-21-r6-valencia,2020-21,2021,6,36,andre-lotterer,tag-heuer-porsche-formula-e-team,spark-srt05e,porsche-99x-electric
fe-2020-21-r6-valencia,2020-21,2021,6,22,oliver-rowland,nissan-e-dams,spark-srt05e,nissan-im02
fe-2020-21-r6-valencia,2020-21,2021,6,71,norman-nato,rokit-venturi-racing,spark-srt05e,mercedes-eq-silver-arrow-02
fe-2020-21-r6-valencia,2020-21,2021,6,33,rene-rast,audi-sport-abt-schaeffler,spark-srt05e,audi-e-tron-fe07
fe-2020-21-r6-valencia,2020-21,2021,6,25,jean-eric-vergne,ds-techeetah,spark-srt05e,ds-e-tense-fe21
fe-2020-21-r6-valencia,2020-21,2021,6,8,oliver-turvey,nio-333-fe-team,spark-srt05e,nio-333-001
fe-2020-21-r6-valencia,2020-21,2021,6,48,edoardo-mortara,rokit-venturi-racing,spark-srt05e,mercedes-eq-silver-arrow-02
fe-2020-21-r6-valencia,2020-21,2021,6,11,lucas-di-grassi,audi-sport-abt-schaeffler,spark-srt05e,audi-e-tron-fe07
fe-2020-21-r6-valencia,2020-21,2021,6,23,sebastien-buemi,nissan-e-dams,spark-srt05e,nissan-im02
fe-2020-21-r6-valencia,2020-21,2021,6,28,maximilian-gunther,bmw-i-andretti-motorsport,spark-srt05e,bmw-ife-21
fe-2020-21-r6-valencia,2020-21,2021,6,37,nick-cassidy,envision-virgin-racing,spark-srt05e,audi-e-tron-fe07
fe-2020-21-r6-valencia,2020-21,2021,6,10,sam-bird,jaguar-racing,spark-srt05e,jaguar-i-type-5
fe-2020-21-r6-valencia,2020-21,2021,6,20,mitch-evans,jaguar-racing,spark-srt05e,jaguar-i-type-5
fe-2020-21-r6-valencia,2020-21,2021,6,17,nyck-de-vries,mercedes-eq-formula-e-team,spark-srt05e,mercedes-eq-silver-arrow-02
fe-2020-21-r6-valencia,2020-21,2021,6,88,tom-blomqvist,nio-333-fe-team,spark-srt05e,nio-333-001
fe-2020-21-r6-valencia,2020-21,2021,6,99,pascal-wehrlein,tag-heuer-porsche-formula-e-team,spark-srt05e,porsche-99x-electric
fe-2020-21-r6-valencia,2020-21,2021,6,4,robin-frijns,envision-virgin-racing,spark-srt05e,audi-e-tron-fe07
fe-2020-21-r6-valencia,2020-21,2021,6,6,nico-muller,dragon-penske-autosport,spark-srt05e,penske-ev-4
fe-2020-21-r6-valencia,2020-21,2021,6,7,sergio-sette-camara,dragon-penske-autosport,spark-srt05e,penske-ev-4
fe-2020-21-r6-valencia,2020-21,2021,6,13,antonio-felix-da-costa,ds-techeetah,spark-srt05e,ds-e-tense-fe21
fe-2020-21-r6-valencia,2020-21,2021,6,5,stoffel-vandoorne,mercedes-eq-formula-e-team,spark-srt05e,mercedes-eq-silver-arrow-02
fe-2020-21-r7-monaco,2020-21,2021,7,13,antonio-felix-da-costa,ds-techeetah,spark-srt05e,ds-e-tense-fe21
fe-2020-21-r7-monaco,2020-21,2021,7,4,robin-frijns,envision-virgin-racing,spark-srt05e,audi-e-tron-fe07
fe-2020-21-r7-monaco,2020-21,2021,7,20,mitch-evans,jaguar-racing,spark-srt05e,jaguar-i-type-5
fe-2020-21-r7-monaco,2020-21,2021,7,25,jean-eric-vergne,ds-techeetah,spark-srt05e,ds-e-tense-fe21
fe-2020-21-r7-monaco,2020-21,2021,7,28,maximilian-gunther,bmw-i-andretti-motorsport,spark-srt05e,bmw-ife-21
fe-2020-21-r7-monaco,2020-21,2021,7,22,oliver-rowland,nissan-e-dams,spark-srt05e,nissan-im03
fe-2020-21-r7-monaco,2020-21,2021,7,10,sam-bird,jaguar-racing,spark-srt05e,jaguar-i-type-5
fe-2020-21-r7-monaco,2020-21,2021,7,37,nick-cassidy,envision-virgin-racing,spark-srt05e,audi-e-tron-fe07
fe-2020-21-r7-monaco,2020-21,2021,7,11,lucas-di-grassi,audi-sport-abt-schaeffler,spark-srt05e,audi-e-tron-fe07
fe-2020-21-r7-monaco,2020-21,2021,7,23,sebastien-buemi,nissan-e-dams,spark-srt05e,nissan-im03
fe-2020-21-r7-monaco,2020-21,2021,7,48,edoardo-mortara,rokit-venturi-racing,spark-srt05e,mercedes-eq-silver-arrow-02
fe-2020-21-r7-monaco,2020-21,2021,7,71,norman-nato,rokit-venturi-racing,spark-srt05e,mercedes-eq-silver-arrow-02
fe-2020-21-r7-monaco,2020-21,2021,7,88,tom-blomqvist,nio-333-fe-team,spark-srt05e,nio-333-001
fe-2020-21-r7-monaco,2020-21,2021,7,7,sergio-sette-camara,dragon-penske-autosport,spark-srt05e,penske-ev-5
fe-2020-21-r7-monaco,2020-21,2021,7,27,jake-dennis,bmw-i-andretti-motorsport,spark-srt05e,bmw-ife-21
fe-2020-21-r7-monaco,2020-21,2021,7,36,andre-lotterer,tag-heuer-porsche-formula-e-team,spark-srt05e,porsche-99x-electric
fe-2020-21-r7-monaco,2020-21,2021,7,6,nico-muller,dragon-penske-autosport,spark-srt05e,penske-ev-5
fe-2020-21-r7-monaco,2020-21,2021,7,8,oliver-turvey,nio-333-fe-team,spark-srt05e,nio-333-001
fe-2020-21-r7-monaco,2020-21,2021,7,17,nyck-de-vries,mercedes-eq-formula-e-team,spark-srt05e,mercedes-eq-silver-arrow-02
fe-2020-21-r7-monaco,2020-21,2021,7,99,pascal-wehrlein,tag-heuer-porsche-formula-e-team,spark-srt05e,porsche-99x-electric
fe-2020-21-r7-monaco,2020-21,2021,7,5,stoffel-vandoorne,mercedes-eq-formula-e-team,spark-srt05e,mercedes-eq-silver-arrow-02
fe-2020-21-r7-monaco,2020-21,2021,7,33,rene-rast,audi-sport-abt-schaeffler,spark-srt05e,audi-e-tron-fe07
fe-2020-21-r8-puebla,2020-21,2021,8,11,lucas-di-grassi,audi-sport-abt-schaeffler,spark-srt05e,audi-e-tron-fe07
fe-2020-21-r8-puebla,2020-21,2021,8,33,rene-rast,audi-sport-abt-schaeffler,spark-srt05e,audi-e-tron-fe07
fe-2020-21-r8-puebla,2020-21,2021,8,48,edoardo-mortara,rokit-venturi-racing,spark-srt05e,mercedes-eq-silver-arrow-02
fe-2020-21-r8-puebla,2020-21,2021,8,27,jake-dennis,bmw-i-andretti-motorsport,spark-srt05e,bmw-ife-21
fe-2020-21-r8-puebla,2020-21,2021,8,13,antonio-felix-da-costa,ds-techeetah,spark-srt05e,ds-e-tense-fe21
fe-2020-21-r8-puebla,2020-21,2021,8,5,stoffel-vandoorne,mercedes-eq-formula-e-team,spark-srt05e,mercedes-eq-silver-arrow-02
fe-2020-21-r8-puebla,2020-21,2021,8,20,mitch-evans,jaguar-racing,spark-srt05e,jaguar-i-type-5
fe-2020-21-r8-puebla,2020-21,2021,8,17,nyck-de-vries,mercedes-eq-formula-e-team,spark-srt05e,mercedes-eq-silver-arrow-02
fe-2020-21-r8-puebla,2020-21,2021,8,8,oliver-turvey,nio-333-fe-team,spark-srt05e,nio-333-001
fe-2020-21-r8-puebla,2020-21,2021,8,28,maximilian-gunther,bmw-i-andretti-motorsport,spark-srt05e,bmw-ife-21
fe-2020-21-r8-puebla,2020-21,2021,8,88,tom-blomqvist,nio-333-fe-team,spark-srt05e,nio-333-001
fe-2020-21-r8-puebla,2020-21,2021,8,71,norman-nato,rokit-venturi-racing,spark-srt05e,mercedes-eq-silver-arrow-02
fe-2020-21-r8-puebla,2020-21,2021,8,7,sergio-sette-camara,dragon-penske-autosport,spark-srt05e,penske-ev-5
fe-2020-21-r8-puebla,2020-21,2021,8,4,robin-frijns,envision-virgin-racing,spark-srt05e,audi-e-tron-fe07
fe-2020-21-r8-puebla,2020-21,2021,8,6,joel-eriksson,dragon-penske-autosport,spark-srt05e,penske-ev-5
fe-2020-21-r8-puebla,2020-21,2021,8,25,jean-eric-vergne,ds-techeetah,spark-srt05e,ds-e-tense-fe21
fe-2020-21-r8-puebla,2020-21,2021,8,99,pascal-wehrlein,tag-heuer-porsche-formula-e-team,spark-srt05e,porsche-99x-electric
fe-2020-21-r8-puebla,2020-21,2021,8,36,andre-lotterer,tag-heuer-porsche-formula-e-team,spark-srt05e,porsche-99x-electric
fe-2020-21-r8-puebla,2020-21,2021,8,23,sebastien-buemi,nissan-e-dams,spark-srt05e,nissan-im03
fe-2020-21-r8-puebla,2020-21,2021,8,22,oliver-rowland,nissan-e-dams,spark-srt05e,nissan-im03
fe-2020-21-r8-puebla,2020-21,2021,8,10,sam-bird,jaguar-racing,spark-srt05e,jaguar-i-type-5
fe-2020-21-r8-puebla,2020-21,2021,8,37,nick-cassidy,envision-virgin-racing,spark-srt05e,audi-e-tron-fe07
fe-2020-21-r9-puebla,2020-21,2021,9,48,edoardo-mortara,rokit-venturi-racing,spark-srt05e,mercedes-eq-silver-arrow-02
fe-2020-21-r9-puebla,2020-21,2021,9,37,nick-cassidy,envision-virgin-racing,spark-srt05e,audi-e-tron-fe07
fe-2020-21-r9-puebla,2020-21,2021,9,22,oliver-rowland,nissan-e-dams,spark-srt05e,nissan-im03
fe-2020-21-r9-puebla,2020-21,2021,9,99,pascal-wehrlein,tag-heuer-porsche-formula-e-team,spark-srt05e,porsche-99x-electric
fe-2020-21-r9-puebla,2020-21,2021,9,27,jake-dennis,bmw-i-andretti-motorsport,spark-srt05e,bmw-ife-21
fe-2020-21-r9-puebla,2020-21,2021,9,28,maximilian-gunther,bmw-i-andretti-motorsport,spark-srt05e,bmw-ife-21
fe-2020-21-r9-puebla,2020-21,2021,9,25,jean-eric-vergne,ds-techeetah,spark-srt05e,ds-e-tense-fe21
fe-2020-21-r9-puebla,2020-21,2021,9,20,mitch-evans,jaguar-racing,spark-srt05e,jaguar-i-type-5
fe-2020-21-r9-puebla,2020-21,2021,9,33,rene-rast,audi-sport-abt-schaeffler,spark-srt05e,audi-e-tron-fe07
fe-2020-21-r9-puebla,2020-21,2021,9,4,robin-frijns,envision-virgin-racing,spark-srt05e,audi-e-tron-fe07
fe-2020-21-r9-puebla,2020-21,2021,9,10,sam-bird,jaguar-racing,spark-srt05e,jaguar-i-type-5
fe-2020-21-r9-puebla,2020-21,2021,9,5,stoffel-vandoorne,mercedes-eq-formula-e-team,spark-srt05e,mercedes-eq-silver-arrow-02
fe-2020-21-r9-puebla,2020-21,2021,9,23,sebastien-buemi,nissan-e-dams,spark-srt05e,nissan-im03
fe-2020-21-r9-puebla,2020-21,2021,9,6,joel-eriksson,dragon-penske-autosport,spark-srt05e,penske-ev-5
fe-2020-21-r9-puebla,2020-21,2021,9,7,sergio-sette-camara,dragon-penske-autosport,spark-srt05e,penske-ev-5
fe-2020-21-r9-puebla,2020-21,2021,9,36,andre-lotterer,tag-heuer-porsche-formula-e-team,spark-srt05e,porsche-99x-electric
fe-2020-21-r9-puebla,2020-21,2021,9,11,lucas-di-grassi,audi-sport-abt-schaeffler,spark-srt05e,audi-e-tron-fe07
fe-2020-21-r9-puebla,2020-21,2021,9,13,antonio-felix-da-costa,ds-techeetah,spark-srt05e,ds-e-tense-fe21
fe-2020-21-r9-puebla,2020-21,2021,9,88,tom-blomqvist,nio-333-fe-team,spark-srt05e,nio-333-001
fe-2020-21-r9-puebla,2020-21,2021,9,17,nyck-de-vries,mercedes-eq-formula-e-team,spark-srt05e,mercedes-eq-silver-arrow-02
fe-2020-21-r9-puebla,2020-21,2021,9,71,norman-nato,rokit-venturi-racing,spark-srt05e,mercedes-eq-silver-arrow-02
fe-2020-21-r9-puebla,2020-21,2021,9,8,oliver-turvey,nio-333-fe-team,spark-srt05e,nio-333-001
fe-2020-21-r10-new-york,2020-21,2021,10,28,maximilian-gunther,bmw-i-andretti-motorsport,spark-srt05e,bmw-ife-21
fe-2020-21-r10-new-york,2020-21,2021,10,25,jean-eric-vergne,ds-techeetah,spark-srt05e,ds-e-tense-fe21
fe-2020-21-r10-new-york,2020-21,2021,10,11,lucas-di-grassi,audi-sport-abt-schaeffler,spark-srt05e,audi-e-tron-fe07
fe-2020-21-r10-new-york,2020-21,2021,10,37,nick-cassidy,envision-virgin-racing,spark-srt05e,audi-e-tron-fe07
fe-2020-21-r10-new-york,2020-21,2021,10,4,robin-frijns,envision-virgin-racing,spark-srt05e,audi-e-tron-fe07
fe-2020-21-r10-new-york,2020-21,2021,10,23,sebastien-buemi,nissan-e-dams,spark-srt05e,nissan-im03
fe-2020-21-r10-new-york,2020-21,2021,10,22,oliver-rowland,nissan-e-dams,spark-srt05e,nissan-im03
fe-2020-21-r10-new-york,2020-21,2021,10,36,andre-lotterer,tag-heuer-porsche-formula-e-team,spark-srt05e,porsche-99x-electric
fe-2020-21-r10-new-york,2020-21,2021,10,10,sam-bird,jaguar-racing,spark-srt05e,jaguar-i-type-5
fe-2020-21-r10-new-york,2020-21,2021,10,33,rene-rast,audi-sport-abt-schaeffler,spark-srt05e,audi-e-tron-fe07
fe-2020-21-r10-new-york,2020-21,2021,10,13,antonio-felix-da-costa,ds-techeetah,spark-srt05e,ds-e-tense-fe21
fe-2020-21-r10-new-york,2020-21,2021,10,17,nyck-de-vries,mercedes-eq-formula-e-team,spark-srt05e,mercedes-eq-silver-arrow-02
fe-2020-21-r10-new-york,2020-21,2021,10,48,edoardo-mortara,rokit-venturi-racing,spark-srt05e,mercedes-eq-silver-arrow-02
fe-2020-21-r10-new-york,2020-21,2021,10,71,norman-nato,rokit-venturi-racing,spark-srt05e,mercedes-eq-silver-arrow-02
fe-2020-21-r10-new-york,2020-21,2021,10,88,tom-blomqvist,nio-333-fe-team,spark-srt05e,nio-333-001
fe-2020-21-r10-new-york,2020-21,2021,10,6,joel-eriksson,dragon-penske-autosport,spark-srt05e,penske-ev-5
fe-2020-21-r10-new-york,2020-21,2021,10,7,sergio-sette-camara,dragon-penske-autosport,spark-srt05e,penske-ev-5
fe-2020-21-r10-new-york,2020-21,2021,10,99,pascal-wehrlein,tag-heuer-porsche-formula-e-team,spark-srt05e,porsche-99x-electric
fe-2020-21-r10-new-york,2020-21,2021,10,5,stoffel-vandoorne,mercedes-eq-formula-e-team,spark-srt05e,mercedes-eq-silver-arrow-02
fe-2020-21-r10-new-york,2020-21,2021,10,20,mitch-evans,jaguar-racing,spark-srt05e,jaguar-i-type-5
fe-2020-21-r10-new-york,2020-21,2021,10,8,oliver-turvey,nio-333-fe-team,spark-srt05e,nio-333-001
fe-2020-21-r10-new-york,2020-21,2021,10,27,jake-dennis,bmw-i-andretti-motorsport,spark-srt05e,bmw-ife-21
fe-2020-21-r11-new-york,2020-21,2021,11,10,sam-bird,jaguar-racing,spark-srt05e,jaguar-i-type-5
fe-2020-21-r11-new-york,2020-21,2021,11,37,nick-cassidy,envision-virgin-racing,spark-srt05e,audi-e-tron-fe07
fe-2020-21-r11-new-york,2020-21,2021,11,13,antonio-felix-da-costa,ds-techeetah,spark-srt05e,ds-e-tense-fe21
fe-2020-21-r11-new-york,2020-21,2021,11,99,pascal-wehrlein,tag-heuer-porsche-formula-e-team,spark-srt05e,porsche-99x-electric
fe-2020-21-r11-new-york,2020-21,2021,11,36,andre-lotterer,tag-heuer-porsche-formula-e-team,spark-srt05e,porsche-99x-electric
fe-2020-21-r11-new-york,2020-21,2021,11,71,norman-nato,rokit-venturi-racing,spark-srt05e,mercedes-eq-silver-arrow-02
fe-2020-21-r11-new-york,2020-21,2021,11,4,robin-frijns,envision-virgin-racing,spark-srt05e,audi-e-tron-fe07
fe-2020-21-r11-new-york,2020-21,2021,11,28,maximilian-gunther,bmw-i-andretti-motorsport,spark-srt05e,bmw-ife-21
fe-2020-21-r11-new-york,2020-21,2021,11,7,sergio-sette-camara,dragon-penske-autosport,spark-srt05e,penske-ev-5
fe-2020-21-r11-new-york,2020-21,2021,11,5,stoffel-vandoorne,mercedes-eq-formula-e-team,spark-srt05e,mercedes-eq-silver-arrow-02
fe-2020-21-r11-new-york,2020-21,2021,11,20,mitch-evans,jaguar-racing,spark-srt05e,jaguar-i-type-5
fe-2020-21-r11-new-york,2020-21,2021,11,11,lucas-di-grassi,audi-sport-abt-schaeffler,spark-srt05e,audi-e-tron-fe07
fe-2020-21-r11-new-york,2020-21,2021,11,23,sebastien-buemi,nissan-e-dams,spark-srt05e,nissan-im03
fe-2020-21-r11-new-york,2020-21,2021,11,27,jake-dennis,bmw-i-andretti-motorsport,spark-srt05e,bmw-ife-21
fe-2020-21-r11-new-york,2020-21,2021,11,48,edoardo-mortara,rokit-venturi-racing,spark-srt05e,mercedes-eq-silver-arrow-02
fe-2020-21-r11-new-york,2020-21,2021,11,17,nyck-de-vries,mercedes-eq-formula-e-team,spark-srt05e,mercedes-eq-silver-arrow-02
fe-2020-21-r11-new-york,2020-21,2021,11,22,oliver-rowland,nissan-e-dams,spark-srt05e,nissan-im03
fe-2020-21-r11-new-york,2020-21,2021,11,33,rene-rast,audi-sport-abt-schaeffler,spark-srt05e,audi-e-tron-fe07
fe-2020-21-r11-new-york,2020-21,2021,11,88,tom-blomqvist,nio-333-fe-team,spark-srt05e,nio-333-001
fe-2020-21-r11-new-york,2020-21,2021,11,6,joel-eriksson,dragon-penske-autosport,spark-srt05e,penske-ev-5
fe-2020-21-r11-new-york,2020-21,2021,11,8,oliver-turvey,nio-333-fe-team,spark-srt05e,nio-333-001
fe-2020-21-r11-new-york,2020-21,2021,11,25,jean-eric-vergne,ds-techeetah,spark-srt05e,ds-e-tense-fe21
fe-2020-21-r12-london,2020-21,2021,12,27,jake-dennis,bmw-i-andretti-motorsport,spark-srt05e,bmw-ife-21
fe-2020-21-r12-london,2020-21,2021,12,17,nyck-de-vries,mercedes-eq-formula-e-team,spark-srt05e,mercedes-eq-silver-arrow-02
fe-2020-21-r12-london,2020-21,2021,12,36,andre-lotterer,tag-heuer-porsche-formula-e-team,spark-srt05e,porsche-99x-electric
fe-2020-21-r12-london,2020-21,2021,12,33,rene-rast,audi-sport-abt-schaeffler,spark-srt05e,audi-e-tron-fe07
fe-2020-21-r12-london,2020-21,2021,12,11,lucas-di-grassi,audi-sport-abt-schaeffler,spark-srt05e,audi-e-tron-fe07
fe-2020-21-r12-london,2020-21,2021,12,5,stoffel-vandoorne,mercedes-eq-formula-e-team,spark-srt05e,mercedes-eq-silver-arrow-02
fe-2020-21-r12-london,2020-21,2021,12,13,antonio-felix-da-costa,ds-techeetah,spark-srt05e,ds-e-tense-fe21
fe-2020-21-r12-london,2020-21,2021,12,48,edoardo-mortara,rokit-venturi-racing,spark-srt05e,mercedes-eq-silver-arrow-02
fe-2020-21-r12-london,2020-21,2021,12,99,pascal-wehrlein,tag-heuer-porsche-formula-e-team,spark-srt05e,porsche-99x-electric
fe-2020-21-r12-london,2020-21,2021,12,37,nick-cassidy,envision-virgin-racing,spark-srt05e,audi-e-tron-fe07
fe-2020-21-r12-london,2020-21,2021,12,25,jean-eric-vergne,ds-techeetah,spark-srt05e,ds-e-tense-fe21
fe-2020-21-r12-london,2020-21,2021,12,4,robin-frijns,envision-virgin-racing,spark-srt05e,audi-e-tron-fe07
fe-2020-21-r12-london,2020-21,2021,12,20,mitch-evans,jaguar-racing,spark-srt05e,jaguar-i-type-5
fe-2020-21-r12-london,2020-21,2021,12,8,oliver-turvey,nio-333-fe-team,spark-srt05e,nio-333-001
fe-2020-21-r12-london,2020-21,2021,12,6,joel-eriksson,dragon-penske-autosport,spark-srt05e,penske-ev-5
fe-2020-21-r12-london,2020-21,2021,12,7,sergio-sette-camara,dragon-penske-autosport,spark-srt05e,penske-ev-5
fe-2020-21-r12-london,2020-21,2021,12,28,maximilian-gunther,bmw-i-andretti-motorsport,spark-srt05e,bmw-ife-21
fe-2020-21-r12-london,2020-21,2021,12,88,tom-blomqvist,nio-333-fe-team,spark-srt05e,nio-333-001
fe-2020-21-r12-london,2020-21,2021,12,71,norman-nato,rokit-venturi-racing,spark-srt05e,mercedes-eq-silver-arrow-02
fe-2020-21-r12-london,2020-21,2021,12,22,oliver-rowland,nissan-e-dams,spark-srt05e,nissan-im03
fe-2020-21-r12-london,2020-21,2021,12,23,sebastien-buemi,nissan-e-dams,spark-srt05e,nissan-im03
fe-2020-21-r12-london,2020-21,2021,12,10,sam-bird,jaguar-racing,spark-srt05e,jaguar-i-type-5
fe-2020-21-r13-london,2020-21,2021,13,17,nyck-de-vries,mercedes-eq-formula-e-team,spark-srt05e,mercedes-eq-silver-arrow-02
fe-2020-21-r13-london,2020-21,2021,13,20,mitch-evans,jaguar-racing,spark-srt05e,jaguar-i-type-5
fe-2020-21-r13-london,2020-21,2021,13,4,robin-frijns,envision-virgin-racing,spark-srt05e,audi-e-tron-fe07
fe-2020-21-r13-london,2020-21,2021,13,99,pascal-wehrlein,tag-heuer-porsche-formula-e-team,spark-srt05e,porsche-99x-electric
fe-2020-21-r13-london,2020-21,2021,13,28,maximilian-gunther,bmw-i-andretti-motorsport,spark-srt05e,bmw-ife-21
fe-2020-21-r13-london,2020-21,2021,13,37,nick-cassidy,envision-virgin-racing,spark-srt05e,audi-e-tron-fe07
fe-2020-21-r13-london,2020-21,2021,13,7,sergio-sette-camara,dragon-penske-autosport,spark-srt05e,penske-ev-5
fe-2020-21-r13-london,2020-21,2021,13,27,jake-dennis,bmw-i-andretti-motorsport,spark-srt05e,bmw-ife-21
fe-2020-21-r13-london,2020-21,2021,13,6,joel-eriksson,dragon-penske-autosport,spark-srt05e,penske-ev-5
fe-2020-21-r13-london,2020-21,2021,13,48,edoardo-mortara,rokit-venturi-racing,spark-srt05e,mercedes-eq-silver-arrow-02
fe-2020-21-r13-london,2020-21,2021,13,25,jean-eric-vergne,ds-techeetah,spark-srt05e,ds-e-tense-fe21
fe-2020-21-r13-london,2020-21,2021,13,23,sebastien-buemi,nissan-e-dams,spark-srt05e,nissan-im03
fe-2020-21-r13-london,2020-21,2021,13,8,oliver-turvey,nio-333-fe-team,spark-srt05e,nio-333-001
fe-2020-21-r13-london,2020-21,2021,13,5,stoffel-vandoorne,mercedes-eq-formula-e-team,spark-srt05e,mercedes-eq-silver-arrow-02
fe-2020-21-r13-london,2020-21,2021,13,36,andre-lotterer,tag-heuer-porsche-formula-e-team,spark-srt05e,porsche-99x-electric
fe-2020-21-r13-london,2020-21,2021,13,22,oliver-rowland,nissan-e-dams,spark-srt05e,nissan-im03
fe-2020-21-r13-london,2020-21,2021,13,88,tom-blomqvist,nio-333-fe-team,spark-srt05e,nio-333-001
fe-2020-21-r13-london,2020-21,2021,13,10,sam-bird,jaguar-racing,spark-srt05e,jaguar-i-type-5
fe-2020-21-r13-london,2020-21,2021,13,13,antonio-felix-da-costa,ds-techeetah,spark-srt05e,ds-e-tense-fe21
fe-2020-21-r13-london,2020-21,2021,13,33,rene-rast,audi-sport-abt-schaeffler,spark-srt05e,audi-e-tron-fe07
fe-2020-21-r13-london,2020-21,2021,13,71,norman-nato,rokit-venturi-racing,spark-srt05e,mercedes-eq-silver-arrow-02
fe-2020-21-r13-london,2020-21,2021,13,11,lucas-di-grassi,audi-sport-abt-schaeffler,spark-srt05e,audi-e-tron-fe07
fe-2020-21-r14-berlin,2020-21,2021,14,11,lucas-di-grassi,audi-sport-abt-schaeffler,spark-srt05e,audi-e-tron-fe07
fe-2020-21-r14-berlin,2020-21,2021,14,48,edoardo-mortara,rokit-venturi-racing,spark-srt05e,mercedes-eq-silver-arrow-02
fe-2020-21-r14-berlin,2020-21,2021,14,20,mitch-evans,jaguar-racing,spark-srt05e,jaguar-i-type-5
fe-2020-21-r14-berlin,2020-21,2021,14,71,norman-nato,rokit-venturi-racing,spark-srt05e,mercedes-eq-silver-arrow-02
fe-2020-21-r14-berlin,2020-21,2021,14,27,jake-dennis,bmw-i-andretti-motorsport,spark-srt05e,bmw-ife-21
fe-2020-21-r14-berlin,2020-21,2021,14,25,jean-eric-vergne,ds-techeetah,spark-srt05e,ds-e-tense-fe21
fe-2020-21-r14-berlin,2020-21,2021,14,13,antonio-felix-da-costa,ds-techeetah,spark-srt05e,ds-e-tense-fe21
fe-2020-21-r14-berlin,2020-21,2021,14,28,maximilian-gunther,bmw-i-andretti-motorsport,spark-srt05e,bmw-ife-21
fe-2020-21-r14-berlin,2020-21,2021,14,33,rene-rast,audi-sport-abt-schaeffler,spark-srt05e,audi-e-tron-fe07
fe-2020-21-r14-berlin,2020-21,2021,14,36,andre-lotterer,tag-heuer-porsche-formula-e-team,spark-srt05e,porsche-99x-electric
fe-2020-21-r14-berlin,2020-21,2021,14,23,sebastien-buemi,nissan-e-dams,spark-srt05e,nissan-im03
fe-2020-21-r14-berlin,2020-21,2021,14,5,stoffel-vandoorne,mercedes-eq-formula-e-team,spark-srt05e,mercedes-eq-silver-arrow-02
fe-2020-21-r14-berlin,2020-21,2021,14,22,oliver-rowland,nissan-e-dams,spark-srt05e,nissan-im03
fe-2020-21-r14-berlin,2020-21,2021,14,37,nick-cassidy,envision-virgin-racing,spark-srt05e,audi-e-tron-fe07
fe-2020-21-r14-berlin,2020-21,2021,14,4,robin-frijns,envision-virgin-racing,spark-srt05e,audi-e-tron-fe07
fe-2020-21-r14-berlin,2020-21,2021,14,6,joel-eriksson,dragon-penske-autosport,spark-srt05e,penske-ev-5
fe-2020-21-r14-berlin,2020-21,2021,14,7,sergio-sette-camara,dragon-penske-autosport,spark-srt05e,penske-ev-5
fe-2020-21-r14-berlin,2020-21,2021,14,8,oliver-turvey,nio-333-fe-team,spark-srt05e,nio-333-001
fe-2020-21-r14-berlin,2020-21,2021,14,99,pascal-wehrlein,tag-heuer-porsche-formula-e-team,spark-srt05e,porsche-99x-electric
fe-2020-21-r14-berlin,2020-21,2021,14,17,nyck-de-vries,mercedes-eq-formula-e-team,spark-srt05e,mercedes-eq-silver-arrow-02
fe-2020-21-r14-berlin,2020-21,2021,14,88,tom-blomqvist,nio-333-fe-team,spark-srt05e,nio-333-001
fe-2020-21-r14-berlin,2020-21,2021,14,10,sam-bird,jaguar-racing,spark-srt05e,jaguar-i-type-5
fe-2020-21-r15-berlin,2020-21,2021,15,71,norman-nato,rokit-venturi-racing,spark-srt05e,mercedes-eq-silver-arrow-02
fe-2020-21-r15-berlin,2020-21,2021,15,22,oliver-rowland,nissan-e-dams,spark-srt05e,nissan-im03
fe-2020-21-r15-berlin,2020-21,2021,15,5,stoffel-vandoorne,mercedes-eq-formula-e-team,spark-srt05e,mercedes-eq-silver-arrow-02
fe-2020-21-r15-berlin,2020-21,2021,15,36,andre-lotterer,tag-heuer-porsche-formula-e-team,spark-srt05e,porsche-99x-electric
fe-2020-21-r15-berlin,2020-21,2021,15,99,pascal-wehrlein,tag-heuer-porsche-formula-e-team,spark-srt05e,porsche-99x-electric
fe-2020-21-r15-berlin,2020-21,2021,15,10,sam-bird,jaguar-racing,spark-srt05e,jaguar-i-type-5
fe-2020-21-r15-berlin,2020-21,2021,15,17,nyck-de-vries,mercedes-eq-formula-e-team,spark-srt05e,mercedes-eq-silver-arrow-02
fe-2020-21-r15-berlin,2020-21,2021,15,33,rene-rast,audi-sport-abt-schaeffler,spark-srt05e,audi-e-tron-fe07
fe-2020-21-r15-berlin,2020-21,2021,15,88,tom-blomqvist,nio-333-fe-team,spark-srt05e,nio-333-001
fe-2020-21-r15-berlin,2020-21,2021,15,25,jean-eric-vergne,ds-techeetah,spark-srt05e,ds-e-tense-fe21
fe-2020-21-r15-berlin,2020-21,2021,15,4,robin-frijns,envision-virgin-racing,spark-srt05e,audi-e-tron-fe07
fe-2020-21-r15-berlin,2020-21,2021,15,23,sebastien-buemi,nissan-e-dams,spark-srt05e,nissan-im03
fe-2020-21-r15-berlin,2020-21,2021,15,28,maximilian-gunther,bmw-i-andretti-motorsport,spark-srt05e,bmw-ife-21
fe-2020-21-r15-berlin,2020-21,2021,15,6,joel-eriksson,dragon-penske-autosport,spark-srt05e,penske-ev-5
fe-2020-21-r15-berlin,2020-21,2021,15,37,nick-cassidy,envision-virgin-racing,spark-srt05e,audi-e-tron-fe07
fe-2020-21-r15-berlin,2020-21,2021,15,7,sergio-sette-camara,dragon-penske-autosport,spark-srt05e,penske-ev-5
fe-2020-21-r15-berlin,2020-21,2021,15,8,oliver-turvey,nio-333-fe-team,spark-srt05e,nio-333-001
fe-2020-21-r15-berlin,2020-21,2021,15,11,lucas-di-grassi,audi-sport-abt-schaeffler,spark-srt05e,audi-e-tron-fe07
fe-2020-21-r15-berlin,2020-21,2021,15,27,jake-dennis,bmw-i-andretti-motorsport,spark-srt05e,bmw-ife-21
fe-2020-21-r15-berlin,2020-21,2021,15,20,mitch-evans,jaguar-racing,spark-srt05e,jaguar-i-type-5
fe-2020-21-r15-berlin,2020-21,2021,15,13,antonio-felix-da-costa,ds-techeetah,spark-srt05e,ds-e-tense-fe21
fe-2020-21-r15-berlin,2020-21,2021,15,48,edoardo-mortara,rokit-venturi-racing,spark-srt05e,mercedes-eq-silver-arrow-02
fe-2020-21-r1-diriyah,2020-21,2021,1,29,alexander-sims,mahindra-racing,spark-srt05e,mahindra-m7electro
fe-2020-21-r1-diriyah,2020-21,2021,1,94,alex-lynn,mahindra-racing,spark-srt05e,mahindra-m7electro
fe-2020-21-r2-diriyah,2020-21,2021,2,29,alexander-sims,mahindra-racing,spark-srt05e,mahindra-m7electro
fe-2020-21-r2-diriyah,2020-21,2021,2,94,alex-lynn,mahindra-racing,spark-srt05e,mahindra-m7electro
fe-2020-21-r3-rome,2020-21,2021,3,94,alex-lynn,mahindra-racing,spark-srt05e,mahindra-m7electro
fe-2020-21-r3-rome,2020-21,2021,3,29,alexander-sims,mahindra-racing,spark-srt05e,mahindra-m7electro
fe-2020-21-r4-rome,2020-21,2021,4,29,alexander-sims,mahindra-racing,spark-srt05e,mahindra-m7electro
fe-2020-21-r4-rome,2020-21,2021,4,94,alex-lynn,mahindra-racing,spark-srt05e,mahindra-m7electro
fe-2020-21-r5-valencia,2020-21,2021,5,29,alexander-sims,mahindra-racing,spark-srt05e,mahindra-m7electro
fe-2020-21-r5-valencia,2020-21,2021,5,94,alex-lynn,mahindra-racing,spark-srt05e,mahindra-m7electro
fe-2020-21-r6-valencia,2020-21,2021,6,94,alex-lynn,mahindra-racing,spark-srt05e,mahindra-m7electro
fe-2020-21-r6-valencia,2020-21,2021,6,29,alexander-sims,mahindra-racing,spark-srt05e,mahindra-m7electro
fe-2020-21-r7-monaco,2020-21,2021,7,94,alex-lynn,mahindra-racing,spark-srt05e,mahindra-m7electro
fe-2020-21-r7-monaco,2020-21,2021,7,29,alexander-sims,mahindra-racing,spark-srt05e,mahindra-m7electro
fe-2020-21-r8-puebla,2020-21,2021,8,29,alexander-sims,mahindra-racing,spark-srt05e,mahindra-m7electro
fe-2020-21-r8-puebla,2020-21,2021,8,94,alex-lynn,mahindra-racing,spark-srt05e,mahindra-m7electro
fe-2020-21-r9-puebla,2020-21,2021,9,94,alex-lynn,mahindra-racing,spark-srt05e,mahindra-m7electro
fe-2020-21-r9-puebla,2020-21,2021,9,29,alexander-sims,mahindra-racing,spark-srt05e,mahindra-m7electro
fe-2020-21-r10-new-york,2020-21,2021,10,94,alex-lynn,mahindra-racing,spark-srt05e,mahindra-m7electro
fe-2020-21-r10-new-york,2020-21,2021,10,29,alexander-sims,mahindra-racing,spark-srt05e,mahindra-m7electro
fe-2020-21-r11-new-york,2020-21,2021,11,29,alexander-sims,mahindra-racing,spark-srt05e,mahindra-m7electro
fe-2020-21-r11-new-york,2020-21,2021,11,94,alex-lynn,mahindra-racing,spark-srt05e,mahindra-m7electro
fe-2020-21-r12-london,2020-21,2021,12,94,alex-lynn,mahindra-racing,spark-srt05e,mahindra-m7electro
fe-2020-21-r12-london,2020-21,2021,12,29,alexander-sims,mahindra-racing,spark-srt05e,mahindra-m7electro
fe-2020-21-r13-london,2020-21,2021,13,94,alex-lynn,mahindra-racing,spark-srt05e,mahindra-m7electro
fe-2020-21-r13-london,2020-21,2021,13,29,alexander-sims,mahindra-racing,spark-srt05e,mahindra-m7electro
fe-2020-21-r14-berlin,2020-21,2021,14,29,alexander-sims,mahindra-racing,spark-srt05e,mahindra-m7electro
fe-2020-21-r14-berlin,2020-21,2021,14,94,alex-lynn,mahindra-racing,spark-srt05e,mahindra-m7electro
fe-2020-21-r15-berlin,2020-21,2021,15,29,alexander-sims,mahindra-racing,spark-srt05e,mahindra-m7electro
fe-2020-21-r15-berlin,2020-21,2021,15,94,alex-lynn,mahindra-racing,spark-srt05e,mahindra-m7electro
fe-2021-22-r1-diriyah,2021-22,2022,1,17,nyck-de-vries,mercedes-eq-formula-e-team,spark-srt05e,mercedes-eq-silver-arrow-02
fe-2021-22-r1-diriyah,2021-22,2022,1,5,stoffel-vandoorne,mercedes-eq-formula-e-team,spark-srt05e,mercedes-eq-silver-arrow-02
fe-2021-22-r1-diriyah,2021-22,2022,1,27,jake-dennis,avalanche-andretti-formula-e,spark-srt05e,bmw-ife-21
fe-2021-22-r1-diriyah,2021-22,2022,1,10,sam-bird,jaguar-tcs-racing,spark-srt05e,jaguar-i-type-5
fe-2021-22-r1-diriyah,2021-22,2022,1,11,lucas-di-grassi,rokit-venturi-racing,spark-srt05e,mercedes-eq-silver-arrow-02
fe-2021-22-r1-diriyah,2021-22,2022,1,48,edoardo-mortara,rokit-venturi-racing,spark-srt05e,mercedes-eq-silver-arrow-02
fe-2021-22-r1-diriyah,2021-22,2022,1,37,nick-cassidy,envision-racing,spark-srt05e,audi-e-tron-fe07
fe-2021-22-r1-diriyah,2021-22,2022,1,25,jean-eric-vergne,ds-techeetah,spark-srt05e,ds-e-tense-fe21
fe-2021-22-r1-diriyah,2021-22,2022,1,28,oliver-askew,avalanche-andretti-formula-e,spark-srt05e,bmw-ife-21
fe-2021-22-r1-diriyah,2021-22,2022,1,9,mitch-evans,jaguar-tcs-racing,spark-srt05e,jaguar-i-type-5
fe-2021-22-r1-diriyah,2021-22,2022,1,94,pascal-wehrlein,tag-heuer-porsche-formula-e-team,spark-srt05e,porsche-99x-electric
fe-2021-22-r1-diriyah,2021-22,2022,1,22,maximilian-gunther,nissan-e-dams,spark-srt05e,nissan-im03
fe-2021-22-r1-diriyah,2021-22,2022,1,36,andre-lotterer,tag-heuer-porsche-formula-e-team,spark-srt05e,porsche-99x-electric
fe-2021-22-r1-diriyah,2021-22,2022,1,7,sergio-sette-camara,dragon-penske-autosport,spark-srt05e,penske-ev-5
fe-2021-22-r1-diriyah,2021-22,2022,1,4,robin-frijns,envision-racing,spark-srt05e,audi-e-tron-fe07
fe-2021-22-r1-diriyah,2021-22,2022,1,23,sebastien-buemi,nissan-e-dams,spark-srt05e,nissan-im03
fe-2021-22-r1-diriyah,2021-22,2022,1,33,dan-ticktum,nio-333-fe-team,spark-srt05e,nio-333-001
fe-2021-22-r1-diriyah,2021-22,2022,1,3,oliver-turvey,nio-333-fe-team,spark-srt05e,nio-333-001
fe-2021-22-r1-diriyah,2021-22,2022,1,13,antonio-felix-da-costa,ds-techeetah,spark-srt05e,ds-e-tense-fe21
fe-2021-22-r1-diriyah,2021-22,2022,1,30,oliver-rowland,mahindra-racing,spark-srt05e,mahindra-m8electro
fe-2021-22-r2-diriyah,2021-22,2022,2,48,edoardo-mortara,rokit-venturi-racing,spark-srt05e,mercedes-eq-silver-arrow-02
fe-2021-22-r2-diriyah,2021-22,2022,2,4,robin-frijns,envision-racing,spark-srt05e,audi-e-tron-fe07
fe-2021-22-r2-diriyah,2021-22,2022,2,11,lucas-di-grassi,rokit-venturi-racing,spark-srt05e,mercedes-eq-silver-arrow-02
fe-2021-22-r2-diriyah,2021-22,2022,2,36,andre-lotterer,tag-heuer-porsche-formula-e-team,spark-srt05e,porsche-99x-electric
fe-2021-22-r2-diriyah,2021-22,2022,2,27,jake-dennis,avalanche-andretti-formula-e,spark-srt05e,bmw-ife-21
fe-2021-22-r2-diriyah,2021-22,2022,2,25,jean-eric-vergne,ds-techeetah,spark-srt05e,ds-e-tense-fe21
fe-2021-22-r2-diriyah,2021-22,2022,2,5,stoffel-vandoorne,mercedes-eq-formula-e-team,spark-srt05e,mercedes-eq-silver-arrow-02
fe-2021-22-r2-diriyah,2021-22,2022,2,30,oliver-rowland,mahindra-racing,spark-srt05e,mahindra-m8electro
fe-2021-22-r2-diriyah,2021-22,2022,2,94,pascal-wehrlein,tag-heuer-porsche-formula-e-team,spark-srt05e,porsche-99x-electric
fe-2021-22-r2-diriyah,2021-22,2022,2,17,nyck-de-vries,mercedes-eq-formula-e-team,spark-srt05e,mercedes-eq-silver-arrow-02
fe-2021-22-r2-diriyah,2021-22,2022,2,28,oliver-askew,avalanche-andretti-formula-e,spark-srt05e,bmw-ife-21
fe-2021-22-r2-diriyah,2021-22,2022,2,13,antonio-felix-da-costa,ds-techeetah,spark-srt05e,ds-e-tense-fe21
fe-2021-22-r2-diriyah,2021-22,2022,2,23,sebastien-buemi,nissan-e-dams,spark-srt05e,nissan-im03
fe-2021-22-r2-diriyah,2021-22,2022,2,22,maximilian-gunther,nissan-e-dams,spark-srt05e,nissan-im03
fe-2021-22-r2-diriyah,2021-22,2022,2,10,sam-bird,jaguar-tcs-racing,spark-srt05e,jaguar-i-type-5
fe-2021-22-r2-diriyah,2021-22,2022,2,37,nick-cassidy,envision-racing,spark-srt05e,audi-e-tron-fe07
fe-2021-22-r2-diriyah,2021-22,2022,2,7,sergio-sette-camara,dragon-penske-autosport,spark-srt05e,penske-ev-5
fe-2021-22-r2-diriyah,2021-22,2022,2,3,oliver-turvey,nio-333-fe-team,spark-srt05e,nio-333-001
fe-2021-22-r2-diriyah,2021-22,2022,2,33,dan-ticktum,nio-333-fe-team,spark-srt05e,nio-333-001
fe-2021-22-r2-diriyah,2021-22,2022,2,9,mitch-evans,jaguar-tcs-racing,spark-srt05e,jaguar-i-type-5
fe-2021-22-r3-mexico-city,2021-22,2022,3,94,pascal-wehrlein,tag-heuer-porsche-formula-e-team,spark-srt05e,porsche-99x-electric
fe-2021-22-r3-mexico-city,2021-22,2022,3,36,andre-lotterer,tag-heuer-porsche-formula-e-team,spark-srt05e,porsche-99x-electric
fe-2021-22-r3-mexico-city,2021-22,2022,3,25,jean-eric-vergne,ds-techeetah,spark-srt05e,ds-e-tense-fe21
fe-2021-22-r3-mexico-city,2021-22,2022,3,13,antonio-felix-da-costa,ds-techeetah,spark-srt05e,ds-e-tense-fe21
fe-2021-22-r3-mexico-city,2021-22,2022,3,48,edoardo-mortara,rokit-venturi-racing,spark-srt05e,mercedes-eq-silver-arrow-02
fe-2021-22-r3-mexico-city,2021-22,2022,3,17,nyck-de-vries,mercedes-eq-formula-e-team,spark-srt05e,mercedes-eq-silver-arrow-02
fe-2021-22-r3-mexico-city,2021-22,2022,3,4,robin-frijns,envision-racing,spark-srt05e,audi-e-tron-fe07
fe-2021-22-r3-mexico-city,2021-22,2022,3,23,sebastien-buemi,nissan-e-dams,spark-srt05e,nissan-im03
fe-2021-22-r3-mexico-city,2021-22,2022,3,22,maximilian-gunther,nissan-e-dams,spark-srt05e,nissan-im03
fe-2021-22-r3-mexico-city,2021-22,2022,3,27,jake-dennis,avalanche-andretti-formula-e,spark-srt05e,bmw-ife-21
fe-2021-22-r3-mexico-city,2021-22,2022,3,5,stoffel-vandoorne,mercedes-eq-formula-e-team,spark-srt05e,mercedes-eq-silver-arrow-02
fe-2021-22-r3-mexico-city,2021-22,2022,3,11,lucas-di-grassi,rokit-venturi-racing,spark-srt05e,mercedes-eq-silver-arrow-02
fe-2021-22-r3-mexico-city,2021-22,2022,3,37,nick-cassidy,envision-racing,spark-srt05e,audi-e-tron-fe07
fe-2021-22-r3-mexico-city,2021-22,2022,3,3,oliver-turvey,nio-333-fe-team,spark-srt05e,nio-333-001
fe-2021-22-r3-mexico-city,2021-22,2022,3,10,sam-bird,jaguar-tcs-racing,spark-srt05e,jaguar-i-type-5
fe-2021-22-r3-mexico-city,2021-22,2022,3,30,oliver-rowland,mahindra-racing,spark-srt05e,mahindra-m8electro
fe-2021-22-r3-mexico-city,2021-22,2022,3,28,oliver-askew,avalanche-andretti-formula-e,spark-srt05e,bmw-ife-21
fe-2021-22-r3-mexico-city,2021-22,2022,3,33,dan-ticktum,nio-333-fe-team,spark-srt05e,nio-333-001
fe-2021-22-r3-mexico-city,2021-22,2022,3,9,mitch-evans,jaguar-tcs-racing,spark-srt05e,jaguar-i-type-5
fe-2021-22-r3-mexico-city,2021-22,2022,3,7,sergio-sette-camara,dragon-penske-autosport,spark-srt05e,penske-ev-5
fe-2021-22-r4-rome,2021-22,2022,4,9,mitch-evans,jaguar-tcs-racing,spark-srt05e,jaguar-i-type-5
fe-2021-22-r4-rome,2021-22,2022,4,4,robin-frijns,envision-racing,spark-srt05e,audi-e-tron-fe07
fe-2021-22-r4-rome,2021-22,2022,4,5,stoffel-vandoorne,mercedes-eq-formula-e-team,spark-srt05e,mercedes-eq-silver-arrow-02
fe-2021-22-r4-rome,2021-22,2022,4,25,jean-eric-vergne,ds-techeetah,spark-srt05e,ds-e-tense-fe21
fe-2021-22-r4-rome,2021-22,2022,4,10,sam-bird,jaguar-tcs-racing,spark-srt05e,jaguar-i-type-5
fe-2021-22-r4-rome,2021-22,2022,4,13,antonio-felix-da-costa,ds-techeetah,spark-srt05e,ds-e-tense-fe21
fe-2021-22-r4-rome,2021-22,2022,4,48,edoardo-mortara,rokit-venturi-racing,spark-srt05e,mercedes-eq-silver-arrow-02
fe-2021-22-r4-rome,2021-22,2022,4,94,pascal-wehrlein,tag-heuer-porsche-formula-e-team,spark-srt05e,porsche-99x-electric
fe-2021-22-r4-rome,2021-22,2022,4,37,nick-cassidy,envision-racing,spark-srt05e,audi-e-tron-fe07
fe-2021-22-r4-rome,2021-22,2022,4,36,andre-lotterer,tag-heuer-porsche-formula-e-team,spark-srt05e,porsche-99x-electric
fe-2021-22-r4-rome,2021-22,2022,4,11,lucas-di-grassi,rokit-venturi-racing,spark-srt05e,mercedes-eq-silver-arrow-02
fe-2021-22-r4-rome,2021-22,2022,4,27,jake-dennis,avalanche-andretti-formula-e,spark-srt05e,bmw-ife-21
fe-2021-22-r4-rome,2021-22,2022,4,28,oliver-askew,avalanche-andretti-formula-e,spark-srt05e,bmw-ife-21
fe-2021-22-r4-rome,2021-22,2022,4,7,sergio-sette-camara,dragon-penske-autosport,spark-srt05e,penske-ev-5
fe-2021-22-r4-rome,2021-22,2022,4,23,sebastien-buemi,nissan-e-dams,spark-srt05e,nissan-im03
fe-2021-22-r4-rome,2021-22,2022,4,3,oliver-turvey,nio-333-fe-team,spark-srt05e,nio-333-001
fe-2021-22-r4-rome,2021-22,2022,4,33,dan-ticktum,nio-333-fe-team,spark-srt05e,nio-333-001
fe-2021-22-r4-rome,2021-22,2022,4,17,nyck-de-vries,mercedes-eq-formula-e-team,spark-srt05e,mercedes-eq-silver-arrow-02
fe-2021-22-r4-rome,2021-22,2022,4,30,oliver-rowland,mahindra-racing,spark-srt05e,mahindra-m8electro
fe-2021-22-r4-rome,2021-22,2022,4,22,maximilian-gunther,nissan-e-dams,spark-srt05e,nissan-im03
fe-2021-22-r5-rome,2021-22,2022,5,9,mitch-evans,jaguar-tcs-racing,spark-srt05e,jaguar-i-type-5
fe-2021-22-r5-rome,2021-22,2022,5,25,jean-eric-vergne,ds-techeetah,spark-srt05e,ds-e-tense-fe21
fe-2021-22-r5-rome,2021-22,2022,5,4,robin-frijns,envision-racing,spark-srt05e,audi-e-tron-fe07
fe-2021-22-r5-rome,2021-22,2022,5,36,andre-lotterer,tag-heuer-porsche-formula-e-team,spark-srt05e,porsche-99x-electric
fe-2021-22-r5-rome,2021-22,2022,5,5,stoffel-vandoorne,mercedes-eq-formula-e-team,spark-srt05e,mercedes-eq-silver-arrow-02
fe-2021-22-r5-rome,2021-22,2022,5,94,pascal-wehrlein,tag-heuer-porsche-formula-e-team,spark-srt05e,porsche-99x-electric
fe-2021-22-r5-rome,2021-22,2022,5,3,oliver-turvey,nio-333-fe-team,spark-srt05e,nio-333-001
fe-2021-22-r5-rome,2021-22,2022,5,11,lucas-di-grassi,rokit-venturi-racing,spark-srt05e,mercedes-eq-silver-arrow-02
fe-2021-22-r5-rome,2021-22,2022,5,23,sebastien-buemi,nissan-e-dams,spark-srt05e,nissan-im03
fe-2021-22-r5-rome,2021-22,2022,5,33,dan-ticktum,nio-333-fe-team,spark-srt05e,nio-333-001
fe-2021-22-r5-rome,2021-22,2022,5,22,maximilian-gunther,nissan-e-dams,spark-srt05e,nissan-im03
fe-2021-22-r5-rome,2021-22,2022,5,7,sergio-sette-camara,dragon-penske-autosport,spark-srt05e,penske-ev-5
fe-2021-22-r5-rome,2021-22,2022,5,13,antonio-felix-da-costa,ds-techeetah,spark-srt05e,ds-e-tense-fe21
fe-2021-22-r5-rome,2021-22,2022,5,17,nyck-de-vries,mercedes-eq-formula-e-team,spark-srt05e,mercedes-eq-silver-arrow-02
fe-2021-22-r5-rome,2021-22,2022,5,28,oliver-askew,avalanche-andretti-formula-e,spark-srt05e,bmw-ife-21
fe-2021-22-r5-rome,2021-22,2022,5,48,edoardo-mortara,rokit-venturi-racing,spark-srt05e,mercedes-eq-silver-arrow-02
fe-2021-22-r5-rome,2021-22,2022,5,30,oliver-rowland,mahindra-racing,spark-srt05e,mahindra-m8electro
fe-2021-22-r5-rome,2021-22,2022,5,37,nick-cassidy,envision-racing,spark-srt05e,audi-e-tron-fe07
fe-2021-22-r5-rome,2021-22,2022,5,27,jake-dennis,avalanche-andretti-formula-e,spark-srt05e,bmw-ife-21
fe-2021-22-r5-rome,2021-22,2022,5,10,sam-bird,jaguar-tcs-racing,spark-srt05e,jaguar-i-type-5
fe-2021-22-r6-monaco,2021-22,2022,6,5,stoffel-vandoorne,mercedes-eq-formula-e-team,spark-srt05e,mercedes-eq-silver-arrow-02
fe-2021-22-r6-monaco,2021-22,2022,6,9,mitch-evans,jaguar-tcs-racing,spark-srt05e,jaguar-i-type-5
fe-2021-22-r6-monaco,2021-22,2022,6,25,jean-eric-vergne,ds-techeetah,spark-srt05e,ds-e-tense-fe21
fe-2021-22-r6-monaco,2021-22,2022,6,4,robin-frijns,envision-racing,spark-srt05e,audi-e-tron-fe07
fe-2021-22-r6-monaco,2021-22,2022,6,13,antonio-felix-da-costa,ds-techeetah,spark-srt05e,ds-e-tense-fe21
fe-2021-22-r6-monaco,2021-22,2022,6,11,lucas-di-grassi,rokit-venturi-racing,spark-srt05e,mercedes-eq-silver-arrow-02
fe-2021-22-r6-monaco,2021-22,2022,6,37,nick-cassidy,envision-racing,spark-srt05e,audi-e-tron-fe07
fe-2021-22-r6-monaco,2021-22,2022,6,23,sebastien-buemi,nissan-e-dams,spark-srt05e,nissan-im03
fe-2021-22-r6-monaco,2021-22,2022,6,27,jake-dennis,avalanche-andretti-formula-e,spark-srt05e,bmw-ife-21
fe-2021-22-r6-monaco,2021-22,2022,6,17,nyck-de-vries,mercedes-eq-formula-e-team,spark-srt05e,mercedes-eq-silver-arrow-02
fe-2021-22-r6-monaco,2021-22,2022,6,33,dan-ticktum,nio-333-fe-team,spark-srt05e,nio-333-001
fe-2021-22-r6-monaco,2021-22,2022,6,7,sergio-sette-camara,dragon-penske-autosport,spark-srt05e,penske-ev-5
fe-2021-22-r6-monaco,2021-22,2022,6,3,oliver-turvey,nio-333-fe-team,spark-srt05e,nio-333-001
fe-2021-22-r6-monaco,2021-22,2022,6,28,oliver-askew,avalanche-andretti-formula-e,spark-srt05e,bmw-ife-21
fe-2021-22-r6-monaco,2021-22,2022,6,22,maximilian-gunther,nissan-e-dams,spark-srt05e,nissan-im03
fe-2021-22-r6-monaco,2021-22,2022,6,30,oliver-rowland,mahindra-racing,spark-srt05e,mahindra-m8electro
fe-2021-22-r6-monaco,2021-22,2022,6,94,pascal-wehrlein,tag-heuer-porsche-formula-e-team,spark-srt05e,porsche-99x-electric
fe-2021-22-r6-monaco,2021-22,2022,6,48,edoardo-mortara,rokit-venturi-racing,spark-srt05e,mercedes-eq-silver-arrow-02
fe-2021-22-r6-monaco,2021-22,2022,6,36,andre-lotterer,tag-heuer-porsche-formula-e-team,spark-srt05e,porsche-99x-electric
fe-2021-22-r6-monaco,2021-22,2022,6,10,sam-bird,jaguar-tcs-racing,spark-srt05e,jaguar-i-type-5
fe-2021-22-r7-berlin,2021-22,2022,7,48,edoardo-mortara,rokit-venturi-racing,spark-srt05e,mercedes-eq-silver-arrow-02
fe-2021-22-r7-berlin,2021-22,2022,7,25,jean-eric-vergne,ds-techeetah,spark-srt05e,ds-e-tense-fe21
fe-2021-22-r7-berlin,2021-22,2022,7,5,stoffel-vandoorne,mercedes-eq-formula-e-team,spark-srt05e,mercedes-eq-silver-arrow-02
fe-2021-22-r7-berlin,2021-22,2022,7,36,andre-lotterer,tag-heuer-porsche-formula-e-team,spark-srt05e,porsche-99x-electric
fe-2021-22-r7-berlin,2021-22,2022,7,9,mitch-evans,jaguar-tcs-racing,spark-srt05e,jaguar-i-type-5
fe-2021-22-r7-berlin,2021-22,2022,7,94,pascal-wehrlein,tag-heuer-porsche-formula-e-team,spark-srt05e,porsche-99x-electric
fe-2021-22-r7-berlin,2021-22,2022,7,10,sam-bird,jaguar-tcs-racing,spark-srt05e,jaguar-i-type-5
fe-2021-22-r7-berlin,2021-22,2022,7,13,antonio-felix-da-costa,ds-techeetah,spark-srt05e,ds-e-tense-fe21
fe-2021-22-r7-berlin,2021-22,2022,7,17,nyck-de-vries,mercedes-eq-formula-e-team,spark-srt05e,mercedes-eq-silver-arrow-02
fe-2021-22-r7-berlin,2021-22,2022,7,30,oliver-rowland,mahindra-racing,spark-srt05e,mahindra-m8electro
fe-2021-22-r7-berlin,2021-22,2022,7,4,robin-frijns,envision-racing,spark-srt05e,audi-e-tron-fe07
fe-2021-22-r7-berlin,2021-22,2022,7,27,jake-dennis,avalanche-andretti-formula-e,spark-srt05e,bmw-ife-21
fe-2021-22-r7-berlin,2021-22,2022,7,23,sebastien-buemi,nissan-e-dams,spark-srt05e,nissan-im03
fe-2021-22-r7-berlin,2021-22,2022,7,28,oliver-askew,avalanche-andretti-formula-e,spark-srt05e,bmw-ife-21
fe-2021-22-r7-berlin,2021-22,2022,7,3,oliver-turvey,nio-333-fe-team,spark-srt05e,nio-333-001
fe-2021-22-r7-berlin,2021-22,2022,7,7,sergio-sette-camara,dragon-penske-autosport,spark-srt05e,penske-ev-5
fe-2021-22-r7-berlin,2021-22,2022,7,22,maximilian-gunther,nissan-e-dams,spark-srt05e,nissan-im03
fe-2021-22-r7-berlin,2021-22,2022,7,33,dan-ticktum,nio-333-fe-team,spark-srt05e,nio-333-001
fe-2021-22-r7-berlin,2021-22,2022,7,11,lucas-di-grassi,rokit-venturi-racing,spark-srt05e,mercedes-eq-silver-arrow-02
fe-2021-22-r7-berlin,2021-22,2022,7,37,nick-cassidy,envision-racing,spark-srt05e,audi-e-tron-fe07
fe-2021-22-r8-berlin,2021-22,2022,8,17,nyck-de-vries,mercedes-eq-formula-e-team,spark-srt05e,mercedes-eq-silver-arrow-02
fe-2021-22-r8-berlin,2021-22,2022,8,48,edoardo-mortara,rokit-venturi-racing,spark-srt05e,mercedes-eq-silver-arrow-02
fe-2021-22-r8-berlin,2021-22,2022,8,5,stoffel-vandoorne,mercedes-eq-formula-e-team,spark-srt05e,mercedes-eq-silver-arrow-02
fe-2021-22-r8-berlin,2021-22,2022,8,11,lucas-di-grassi,rokit-venturi-racing,spark-srt05e,mercedes-eq-silver-arrow-02
fe-2021-22-r8-berlin,2021-22,2022,8,4,robin-frijns,envision-racing,spark-srt05e,audi-e-tron-fe07
fe-2021-22-r8-berlin,2021-22,2022,8,13,antonio-felix-da-costa,ds-techeetah,spark-srt05e,ds-e-tense-fe21
fe-2021-22-r8-berlin,2021-22,2022,8,30,oliver-rowland,mahindra-racing,spark-srt05e,mahindra-m8electro
fe-2021-22-r8-berlin,2021-22,2022,8,36,andre-lotterer,tag-heuer-porsche-formula-e-team,spark-srt05e,porsche-99x-electric
fe-2021-22-r8-berlin,2021-22,2022,8,25,jean-eric-vergne,ds-techeetah,spark-srt05e,ds-e-tense-fe21
fe-2021-22-r8-berlin,2021-22,2022,8,9,mitch-evans,jaguar-tcs-racing,spark-srt05e,jaguar-i-type-5
fe-2021-22-r8-berlin,2021-22,2022,8,10,sam-bird,jaguar-tcs-racing,spark-srt05e,jaguar-i-type-5
fe-2021-22-r8-berlin,2021-22,2022,8,94,pascal-wehrlein,tag-heuer-porsche-formula-e-team,spark-srt05e,porsche-99x-electric
fe-2021-22-r8-berlin,2021-22,2022,8,27,jake-dennis,avalanche-andretti-formula-e,spark-srt05e,bmw-ife-21
fe-2021-22-r8-berlin,2021-22,2022,8,23,sebastien-buemi,nissan-e-dams,spark-srt05e,nissan-im03
fe-2021-22-r8-berlin,2021-22,2022,8,28,oliver-askew,avalanche-andretti-formula-e,spark-srt05e,bmw-ife-21
fe-2021-22-r8-berlin,2021-22,2022,8,22,maximilian-gunther,nissan-e-dams,spark-srt05e,nissan-im03
fe-2021-22-r8-berlin,2021-22,2022,8,3,oliver-turvey,nio-333-fe-team,spark-srt05e,nio-333-001
fe-2021-22-r8-berlin,2021-22,2022,8,7,sergio-sette-camara,dragon-penske-autosport,spark-srt05e,penske-ev-5
fe-2021-22-r8-berlin,2021-22,2022,8,33,dan-ticktum,nio-333-fe-team,spark-srt05e,nio-333-001
fe-2021-22-r8-berlin,2021-22,2022,8,37,nick-cassidy,envision-racing,spark-srt05e,audi-e-tron-fe07
fe-2021-22-r9-jakarta,2021-22,2022,9,9,mitch-evans,jaguar-tcs-racing,spark-srt05e,jaguar-i-type-5
fe-2021-22-r9-jakarta,2021-22,2022,9,25,jean-eric-vergne,ds-techeetah,spark-srt05e,ds-e-tense-fe21
fe-2021-22-r9-jakarta,2021-22,2022,9,48,edoardo-mortara,rokit-venturi-racing,spark-srt05e,mercedes-eq-silver-arrow-02
fe-2021-22-r9-jakarta,2021-22,2022,9,13,antonio-felix-da-costa,ds-techeetah,spark-srt05e,ds-e-tense-fe21
fe-2021-22-r9-jakarta,2021-22,2022,9,5,stoffel-vandoorne,mercedes-eq-formula-e-team,spark-srt05e,mercedes-eq-silver-arrow-02
fe-2021-22-r9-jakarta,2021-22,2022,9,27,jake-dennis,avalanche-andretti-formula-e,spark-srt05e,bmw-ife-21
fe-2021-22-r9-jakarta,2021-22,2022,9,11,lucas-di-grassi,rokit-venturi-racing,spark-srt05e,mercedes-eq-silver-arrow-02
fe-2021-22-r9-jakarta,2021-22,2022,9,94,pascal-wehrlein,tag-heuer-porsche-formula-e-team,spark-srt05e,porsche-99x-electric
fe-2021-22-r9-jakarta,2021-22,2022,9,10,sam-bird,jaguar-tcs-racing,spark-srt05e,jaguar-i-type-5
fe-2021-22-r9-jakarta,2021-22,2022,9,23,sebastien-buemi,nissan-e-dams,spark-srt05e,nissan-im03
fe-2021-22-r9-jakarta,2021-22,2022,9,36,andre-lotterer,tag-heuer-porsche-formula-e-team,spark-srt05e,porsche-99x-electric
fe-2021-22-r9-jakarta,2021-22,2022,9,3,oliver-turvey,nio-333-fe-team,spark-srt05e,nio-333-001
fe-2021-22-r9-jakarta,2021-22,2022,9,28,oliver-askew,avalanche-andretti-formula-e,spark-srt05e,bmw-ife-21
fe-2021-22-r9-jakarta,2021-22,2022,9,22,maximilian-gunther,nissan-e-dams,spark-srt05e,nissan-im03
fe-2021-22-r9-jakarta,2021-22,2022,9,37,nick-cassidy,envision-racing,spark-srt05e,audi-e-tron-fe07
fe-2021-22-r9-jakarta,2021-22,2022,9,4,robin-frijns,envision-racing,spark-srt05e,audi-e-tron-fe07
fe-2021-22-r9-jakarta,2021-22,2022,9,33,dan-ticktum,nio-333-fe-team,spark-srt05e,nio-333-001
fe-2021-22-r9-jakarta,2021-22,2022,9,7,sergio-sette-camara,dragon-penske-autosport,spark-srt05e,penske-ev-5
fe-2021-22-r9-jakarta,2021-22,2022,9,17,nyck-de-vries,mercedes-eq-formula-e-team,spark-srt05e,mercedes-eq-silver-arrow-02
fe-2021-22-r9-jakarta,2021-22,2022,9,30,oliver-rowland,mahindra-racing,spark-srt05e,mahindra-m8electro
fe-2021-22-r10-marrakesh,2021-22,2022,10,48,edoardo-mortara,rokit-venturi-racing,spark-srt05e,mercedes-eq-silver-arrow-02
fe-2021-22-r10-marrakesh,2021-22,2022,10,13,antonio-felix-da-costa,ds-techeetah,spark-srt05e,ds-e-tense-fe21
fe-2021-22-r10-marrakesh,2021-22,2022,10,9,mitch-evans,jaguar-tcs-racing,spark-srt05e,jaguar-i-type-5
fe-2021-22-r10-marrakesh,2021-22,2022,10,25,jean-eric-vergne,ds-techeetah,spark-srt05e,ds-e-tense-fe21
fe-2021-22-r10-marrakesh,2021-22,2022,10,11,lucas-di-grassi,rokit-venturi-racing,spark-srt05e,mercedes-eq-silver-arrow-02
fe-2021-22-r10-marrakesh,2021-22,2022,10,17,nyck-de-vries,mercedes-eq-formula-e-team,spark-srt05e,mercedes-eq-silver-arrow-02
fe-2021-22-r10-marrakesh,2021-22,2022,10,27,jake-dennis,avalanche-andretti-formula-e,spark-srt05e,bmw-ife-21
fe-2021-22-r10-marrakesh,2021-22,2022,10,5,stoffel-vandoorne,mercedes-eq-formula-e-team,spark-srt05e,mercedes-eq-silver-arrow-02
fe-2021-22-r10-marrakesh,2021-22,2022,10,10,sam-bird,jaguar-tcs-racing,spark-srt05e,jaguar-i-type-5
fe-2021-22-r10-marrakesh,2021-22,2022,10,30,oliver-rowland,mahindra-racing,spark-srt05e,mahindra-m8electro
fe-2021-22-r10-marrakesh,2021-22,2022,10,28,oliver-askew,avalanche-andretti-formula-e,spark-srt05e,bmw-ife-21
fe-2021-22-r10-marrakesh,2021-22,2022,10,94,pascal-wehrlein,tag-heuer-porsche-formula-e-team,spark-srt05e,porsche-99x-electric
fe-2021-22-r10-marrakesh,2021-22,2022,10,37,nick-cassidy,envision-racing,spark-srt05e,audi-e-tron-fe07
fe-2021-22-r10-marrakesh,2021-22,2022,10,36,andre-lotterer,tag-heuer-porsche-formula-e-team,spark-srt05e,porsche-99x-electric
fe-2021-22-r10-marrakesh,2021-22,2022,10,23,sebastien-buemi,nissan-e-dams,spark-srt05e,nissan-im03
fe-2021-22-r10-marrakesh,2021-22,2022,10,3,oliver-turvey,nio-333-fe-team,spark-srt05e,nio-333-001
fe-2021-22-r10-marrakesh,2021-22,2022,10,4,robin-frijns,envision-racing,spark-srt05e,audi-e-tron-fe07
fe-2021-22-r10-marrakesh,2021-22,2022,10,7,sergio-sette-camara,dragon-penske-autosport,spark-srt05e,penske-ev-5
fe-2021-22-r10-marrakesh,2021-22,2022,10,22,maximilian-gunther,nissan-e-dams,spark-srt05e,nissan-im03
fe-2021-22-r10-marrakesh,2021-22,2022,10,33,dan-ticktum,nio-333-fe-team,spark-srt05e,nio-333-001
fe-2021-22-r11-new-york,2021-22,2022,11,37,nick-cassidy,envision-racing,spark-srt05e,audi-e-tron-fe07
fe-2021-22-r11-new-york,2021-22,2022,11,11,lucas-di-grassi,rokit-venturi-racing,spark-srt05e,mercedes-eq-silver-arrow-02
fe-2021-22-r11-new-york,2021-22,2022,11,4,robin-frijns,envision-racing,spark-srt05e,audi-e-tron-fe07
fe-2021-22-r11-new-york,2021-22,2022,11,5,stoffel-vandoorne,mercedes-eq-formula-e-team,spark-srt05e,mercedes-eq-silver-arrow-02
fe-2021-22-r11-new-york,2021-22,2022,11,23,sebastien-buemi,nissan-e-dams,spark-srt05e,nissan-im03
fe-2021-22-r11-new-york,2021-22,2022,11,94,pascal-wehrlein,tag-heuer-porsche-formula-e-team,spark-srt05e,porsche-99x-electric
fe-2021-22-r11-new-york,2021-22,2022,11,10,sam-bird,jaguar-tcs-racing,spark-srt05e,jaguar-i-type-5
fe-2021-22-r11-new-york,2021-22,2022,11,17,nyck-de-vries,mercedes-eq-formula-e-team,spark-srt05e,mercedes-eq-silver-arrow-02
fe-2021-22-r11-new-york,2021-22,2022,11,48,edoardo-mortara,rokit-venturi-racing,spark-srt05e,mercedes-eq-silver-arrow-02
fe-2021-22-r11-new-york,2021-22,2022,11,27,jake-dennis,avalanche-andretti-formula-e,spark-srt05e,bmw-ife-21
fe-2021-22-r11-new-york,2021-22,2022,11,9,mitch-evans,jaguar-tcs-racing,spark-srt05e,jaguar-i-type-5
fe-2021-22-r11-new-york,2021-22,2022,11,22,maximilian-gunther,nissan-e-dams,spark-srt05e,nissan-im03
fe-2021-22-r11-new-york,2021-22,2022,11,30,oliver-rowland,mahindra-racing,spark-srt05e,mahindra-m8electro
fe-2021-22-r11-new-york,2021-22,2022,11,3,oliver-turvey,nio-333-fe-team,spark-srt05e,nio-333-001
fe-2021-22-r11-new-york,2021-22,2022,11,36,andre-lotterer,tag-heuer-porsche-formula-e-team,spark-srt05e,porsche-99x-electric
fe-2021-22-r11-new-york,2021-22,2022,11,33,dan-ticktum,nio-333-fe-team,spark-srt05e,nio-333-001
fe-2021-22-r11-new-york,2021-22,2022,11,25,jean-eric-vergne,ds-techeetah,spark-srt05e,ds-e-tense-fe21
fe-2021-22-r11-new-york,2021-22,2022,11,28,oliver-askew,avalanche-andretti-formula-e,spark-srt05e,bmw-ife-21
fe-2021-22-r11-new-york,2021-22,2022,11,13,antonio-felix-da-costa,ds-techeetah,spark-srt05e,ds-e-tense-fe21
fe-2021-22-r11-new-york,2021-22,2022,11,7,sergio-sette-camara,dragon-penske-autosport,spark-srt05e,penske-ev-5
fe-2021-22-r12-new-york,2021-22,2022,12,13,antonio-felix-da-costa,ds-techeetah,spark-srt05e,ds-e-tense-fe21
fe-2021-22-r12-new-york,2021-22,2022,12,5,stoffel-vandoorne,mercedes-eq-formula-e-team,spark-srt05e,mercedes-eq-silver-arrow-02
fe-2021-22-r12-new-york,2021-22,2022,12,9,mitch-evans,jaguar-tcs-racing,spark-srt05e,jaguar-i-type-5
fe-2021-22-r12-new-york,2021-22,2022,12,10,sam-bird,jaguar-tcs-racing,spark-srt05e,jaguar-i-type-5
fe-2021-22-r12-new-york,2021-22,2022,12,4,robin-frijns,envision-racing,spark-srt05e,audi-e-tron-fe07
fe-2021-22-r12-new-york,2021-22,2022,12,17,nyck-de-vries,mercedes-eq-formula-e-team,spark-srt05e,mercedes-eq-silver-arrow-02
fe-2021-22-r12-new-york,2021-22,2022,12,27,jake-dennis,avalanche-andretti-formula-e,spark-srt05e,bmw-ife-21
fe-2021-22-r12-new-york,2021-22,2022,12,36,andre-lotterer,tag-heuer-porsche-formula-e-team,spark-srt05e,porsche-99x-electric
fe-2021-22-r12-new-york,2021-22,2022,12,48,edoardo-mortara,rokit-venturi-racing,spark-srt05e,mercedes-eq-silver-arrow-02
fe-2021-22-r12-new-york,2021-22,2022,12,94,pascal-wehrlein,tag-heuer-porsche-formula-e-team,spark-srt05e,porsche-99x-electric
fe-2021-22-r12-new-york,2021-22,2022,12,33,dan-ticktum,nio-333-fe-team,spark-srt05e,nio-333-001
fe-2021-22-r12-new-york,2021-22,2022,12,23,sebastien-buemi,nissan-e-dams,spark-srt05e,nissan-im03
fe-2021-22-r12-new-york,2021-22,2022,12,30,oliver-rowland,mahindra-racing,spark-srt05e,mahindra-m8electro
fe-2021-22-r12-new-york,2021-22,2022,12,37,nick-cassidy,envision-racing,spark-srt05e,audi-e-tron-fe07
fe-2021-22-r12-new-york,2021-22,2022,12,3,oliver-turvey,nio-333-fe-team,spark-srt05e,nio-333-001
fe-2021-22-r12-new-york,2021-22,2022,12,7,sergio-sette-camara,dragon-penske-autosport,spark-srt05e,penske-ev-5
fe-2021-22-r12-new-york,2021-22,2022,12,28,oliver-askew,avalanche-andretti-formula-e,spark-srt05e,bmw-ife-21
fe-2021-22-r12-new-york,2021-22,2022,12,22,maximilian-gunther,nissan-e-dams,spark-srt05e,nissan-im03
fe-2021-22-r12-new-york,2021-22,2022,12,25,jean-eric-vergne,ds-techeetah,spark-srt05e,ds-e-tense-fe21
fe-2021-22-r12-new-york,2021-22,2022,12,11,lucas-di-grassi,rokit-venturi-racing,spark-srt05e,mercedes-eq-silver-arrow-02
fe-2021-22-r13-london,2021-22,2022,13,27,jake-dennis,avalanche-andretti-formula-e,spark-srt05e,bmw-ife-21
fe-2021-22-r13-london,2021-22,2022,13,5,stoffel-vandoorne,mercedes-eq-formula-e-team,spark-srt05e,mercedes-eq-silver-arrow-02
fe-2021-22-r13-london,2021-22,2022,13,37,nick-cassidy,envision-racing,spark-srt05e,audi-e-tron-fe07
fe-2021-22-r13-london,2021-22,2022,13,28,oliver-askew,avalanche-andretti-formula-e,spark-srt05e,bmw-ife-21
fe-2021-22-r13-london,2021-22,2022,13,9,mitch-evans,jaguar-tcs-racing,spark-srt05e,jaguar-i-type-5
fe-2021-22-r13-london,2021-22,2022,13,17,nyck-de-vries,mercedes-eq-formula-e-team,spark-srt05e,mercedes-eq-silver-arrow-02
fe-2021-22-r13-london,2021-22,2022,13,13,antonio-felix-da-costa,ds-techeetah,spark-srt05e,ds-e-tense-fe21
fe-2021-22-r13-london,2021-22,2022,13,22,maximilian-gunther,nissan-e-dams,spark-srt05e,nissan-im03
fe-2021-22-r13-london,2021-22,2022,13,11,lucas-di-grassi,rokit-venturi-racing,spark-srt05e,mercedes-eq-silver-arrow-02
fe-2021-22-r13-london,2021-22,2022,13,94,pascal-wehrlein,tag-heuer-porsche-formula-e-team,spark-srt05e,porsche-99x-electric
fe-2021-22-r13-london,2021-22,2022,13,23,sebastien-buemi,nissan-e-dams,spark-srt05e,nissan-im03
fe-2021-22-r13-london,2021-22,2022,13,36,andre-lotterer,tag-heuer-porsche-formula-e-team,spark-srt05e,porsche-99x-electric
fe-2021-22-r13-london,2021-22,2022,13,25,jean-eric-vergne,ds-techeetah,spark-srt05e,ds-e-tense-fe21
fe-2021-22-r13-london,2021-22,2022,13,3,oliver-turvey,nio-333-fe-team,spark-srt05e,nio-333-001
fe-2021-22-r13-london,2021-22,2022,13,4,robin-frijns,envision-racing,spark-srt05e,audi-e-tron-fe07
fe-2021-22-r13-london,2021-22,2022,13,33,dan-ticktum,nio-333-fe-team,spark-srt05e,nio-333-001
fe-2021-22-r13-london,2021-22,2022,13,48,edoardo-mortara,rokit-venturi-racing,spark-srt05e,mercedes-eq-silver-arrow-02
fe-2021-22-r13-london,2021-22,2022,13,7,sergio-sette-camara,dragon-penske-autosport,spark-srt05e,penske-ev-5
fe-2021-22-r13-london,2021-22,2022,13,30,oliver-rowland,mahindra-racing,spark-srt05e,mahindra-m8electro
fe-2021-22-r13-london,2021-22,2022,13,10,sam-bird,jaguar-tcs-racing,spark-srt05e,jaguar-i-type-5
fe-2021-22-r14-london,2021-22,2022,14,11,lucas-di-grassi,rokit-venturi-racing,spark-srt05e,mercedes-eq-silver-arrow-02
fe-2021-22-r14-london,2021-22,2022,14,27,jake-dennis,avalanche-andretti-formula-e,spark-srt05e,bmw-ife-21
fe-2021-22-r14-london,2021-22,2022,14,17,nyck-de-vries,mercedes-eq-formula-e-team,spark-srt05e,mercedes-eq-silver-arrow-02
fe-2021-22-r14-london,2021-22,2022,14,5,stoffel-vandoorne,mercedes-eq-formula-e-team,spark-srt05e,mercedes-eq-silver-arrow-02
fe-2021-22-r14-london,2021-22,2022,14,13,antonio-felix-da-costa,ds-techeetah,spark-srt05e,ds-e-tense-fe21
fe-2021-22-r14-london,2021-22,2022,14,23,sebastien-buemi,nissan-e-dams,spark-srt05e,nissan-im03
fe-2021-22-r14-london,2021-22,2022,14,4,robin-frijns,envision-racing,spark-srt05e,audi-e-tron-fe07
fe-2021-22-r14-london,2021-22,2022,14,10,sam-bird,jaguar-tcs-racing,spark-srt05e,jaguar-i-type-5
fe-2021-22-r14-london,2021-22,2022,14,7,sergio-sette-camara,dragon-penske-autosport,spark-srt05e,penske-ev-5
fe-2021-22-r14-london,2021-22,2022,14,94,pascal-wehrlein,tag-heuer-porsche-formula-e-team,spark-srt05e,porsche-99x-electric
fe-2021-22-r14-london,2021-22,2022,14,36,andre-lotterer,tag-heuer-porsche-formula-e-team,spark-srt05e,porsche-99x-electric
fe-2021-22-r14-london,2021-22,2022,14,48,edoardo-mortara,rokit-venturi-racing,spark-srt05e,mercedes-eq-silver-arrow-02
fe-2021-22-r14-london,2021-22,2022,14,3,oliver-turvey,nio-333-fe-team,spark-srt05e,nio-333-001
fe-2021-22-r14-london,2021-22,2022,14,22,maximilian-gunther,nissan-e-dams,spark-srt05e,nissan-im03
fe-2021-22-r14-london,2021-22,2022,14,25,jean-eric-vergne,ds-techeetah,spark-srt05e,ds-e-tense-fe21
fe-2021-22-r14-london,2021-22,2022,14,33,dan-ticktum,nio-333-fe-team,spark-srt05e,nio-333-001
fe-2021-22-r14-london,2021-22,2022,14,9,mitch-evans,jaguar-tcs-racing,spark-srt05e,jaguar-i-type-5
fe-2021-22-r14-london,2021-22,2022,14,37,nick-cassidy,envision-racing,spark-srt05e,audi-e-tron-fe07
fe-2021-22-r14-london,2021-22,2022,14,28,oliver-askew,avalanche-andretti-formula-e,spark-srt05e,bmw-ife-21
fe-2021-22-r14-london,2021-22,2022,14,30,oliver-rowland,mahindra-racing,spark-srt05e,mahindra-m8electro
fe-2021-22-r15-seoul,2021-22,2022,15,9,mitch-evans,jaguar-tcs-racing,spark-srt05e,jaguar-i-type-5
fe-2021-22-r15-seoul,2021-22,2022,15,30,oliver-rowland,mahindra-racing,spark-srt05e,mahindra-m8electro
fe-2021-22-r15-seoul,2021-22,2022,15,11,lucas-di-grassi,rokit-venturi-racing,spark-srt05e,mercedes-eq-silver-arrow-02
fe-2021-22-r15-seoul,2021-22,2022,15,27,jake-dennis,avalanche-andretti-formula-e,spark-srt05e,bmw-ife-21
fe-2021-22-r15-seoul,2021-22,2022,15,5,stoffel-vandoorne,mercedes-eq-formula-e-team,spark-srt05e,mercedes-eq-silver-arrow-02
fe-2021-22-r15-seoul,2021-22,2022,15,25,jean-eric-vergne,ds-techeetah,spark-srt05e,ds-e-tense-fe21
fe-2021-22-r15-seoul,2021-22,2022,15,94,pascal-wehrlein,tag-heuer-porsche-formula-e-team,spark-srt05e,porsche-99x-electric
fe-2021-22-r15-seoul,2021-22,2022,15,4,robin-frijns,envision-racing,spark-srt05e,audi-e-tron-fe07
fe-2021-22-r15-seoul,2021-22,2022,15,13,antonio-felix-da-costa,ds-techeetah,spark-srt05e,ds-e-tense-fe21
fe-2021-22-r15-seoul,2021-22,2022,15,37,nick-cassidy,envision-racing,spark-srt05e,audi-e-tron-fe07
fe-2021-22-r15-seoul,2021-22,2022,15,22,maximilian-gunther,nissan-e-dams,spark-srt05e,nissan-im03
fe-2021-22-r15-seoul,2021-22,2022,15,7,sergio-sette-camara,dragon-penske-autosport,spark-srt05e,penske-ev-5
fe-2021-22-r15-seoul,2021-22,2022,15,10,norman-nato,jaguar-tcs-racing,spark-srt05e,jaguar-i-type-5
fe-2021-22-r15-seoul,2021-22,2022,15,17,nyck-de-vries,mercedes-eq-formula-e-team,spark-srt05e,mercedes-eq-silver-arrow-02
fe-2021-22-r15-seoul,2021-22,2022,15,48,edoardo-mortara,rokit-venturi-racing,spark-srt05e,mercedes-eq-silver-arrow-02
fe-2021-22-r15-seoul,2021-22,2022,15,23,sebastien-buemi,nissan-e-dams,spark-srt05e,nissan-im03
fe-2021-22-r15-seoul,2021-22,2022,15,28,oliver-askew,avalanche-andretti-formula-e,spark-srt05e,bmw-ife-21
fe-2021-22-r15-seoul,2021-22,2022,15,33,dan-ticktum,nio-333-fe-team,spark-srt05e,nio-333-001
fe-2021-22-r15-seoul,2021-22,2022,15,36,andre-lotterer,tag-heuer-porsche-formula-e-team,spark-srt05e,porsche-99x-electric
fe-2021-22-r15-seoul,2021-22,2022,15,3,oliver-turvey,nio-333-fe-team,spark-srt05e,nio-333-001
fe-2021-22-r16-seoul,2021-22,2022,16,48,edoardo-mortara,rokit-venturi-racing,spark-srt05e,mercedes-eq-silver-arrow-02
fe-2021-22-r16-seoul,2021-22,2022,16,5,stoffel-vandoorne,mercedes-eq-formula-e-team,spark-srt05e,mercedes-eq-silver-arrow-02
fe-2021-22-r16-seoul,2021-22,2022,16,27,jake-dennis,avalanche-andretti-formula-e,spark-srt05e,bmw-ife-21
fe-2021-22-r16-seoul,2021-22,2022,16,4,robin-frijns,envision-racing,spark-srt05e,audi-e-tron-fe07
fe-2021-22-r16-seoul,2021-22,2022,16,28,oliver-askew,avalanche-andretti-formula-e,spark-srt05e,bmw-ife-21
fe-2021-22-r16-seoul,2021-22,2022,16,25,jean-eric-vergne,ds-techeetah,spark-srt05e,ds-e-tense-fe21
fe-2021-22-r16-seoul,2021-22,2022,16,9,mitch-evans,jaguar-tcs-racing,spark-srt05e,jaguar-i-type-5
fe-2021-22-r16-seoul,2021-22,2022,16,37,nick-cassidy,envision-racing,spark-srt05e,audi-e-tron-fe07
fe-2021-22-r16-seoul,2021-22,2022,16,23,sebastien-buemi,nissan-e-dams,spark-srt05e,nissan-im03
fe-2021-22-r16-seoul,2021-22,2022,16,13,antonio-felix-da-costa,ds-techeetah,spark-srt05e,ds-e-tense-fe21
fe-2021-22-r16-seoul,2021-22,2022,16,11,lucas-di-grassi,rokit-venturi-racing,spark-srt05e,mercedes-eq-silver-arrow-02
fe-2021-22-r16-seoul,2021-22,2022,16,7,sergio-sette-camara,dragon-penske-autosport,spark-srt05e,penske-ev-5
fe-2021-22-r16-seoul,2021-22,2022,16,10,norman-nato,jaguar-tcs-racing,spark-srt05e,jaguar-i-type-5
fe-2021-22-r16-seoul,2021-22,2022,16,3,oliver-turvey,nio-333-fe-team,spark-srt05e,nio-333-001
fe-2021-22-r16-seoul,2021-22,2022,16,99,sacha-fenestraz,dragon-penske-autosport,spark-srt05e,penske-ev-5
fe-2021-22-r16-seoul,2021-22,2022,16,94,pascal-wehrlein,tag-heuer-porsche-formula-e-team,spark-srt05e,porsche-99x-electric
fe-2021-22-r16-seoul,2021-22,2022,16,36,andre-lotterer,tag-heuer-porsche-formula-e-team,spark-srt05e,porsche-99x-electric
fe-2021-22-r16-seoul,2021-22,2022,16,17,nyck-de-vries,mercedes-eq-formula-e-team,spark-srt05e,mercedes-eq-silver-arrow-02
fe-2021-22-r16-seoul,2021-22,2022,16,30,oliver-rowland,mahindra-racing,spark-srt05e,mahindra-m8electro
fe-2021-22-r16-seoul,2021-22,2022,16,33,dan-ticktum,nio-333-fe-team,spark-srt05e,nio-333-001
fe-2021-22-r16-seoul,2021-22,2022,16,22,maximilian-gunther,nissan-e-dams,spark-srt05e,nissan-im03
fe-2021-22-r1-diriyah,2021-22,2022,1,29,alexander-sims,mahindra-racing,spark-srt05e,mahindra-m8electro
fe-2021-22-r1-diriyah,2021-22,2022,1,99,antonio-giovinazzi,dragon-penske-autosport,spark-srt05e,penske-ev-5
fe-2021-22-r2-diriyah,2021-22,2022,2,99,antonio-giovinazzi,dragon-penske-autosport,spark-srt05e,penske-ev-5
fe-2021-22-r2-diriyah,2021-22,2022,2,29,alexander-sims,mahindra-racing,spark-srt05e,mahindra-m8electro
fe-2021-22-r3-mexico-city,2021-22,2022,3,99,antonio-giovinazzi,dragon-penske-autosport,spark-srt05e,penske-ev-5
fe-2021-22-r3-mexico-city,2021-22,2022,3,29,alexander-sims,mahindra-racing,spark-srt05e,mahindra-m8electro
fe-2021-22-r4-rome,2021-22,2022,4,29,alexander-sims,mahindra-racing,spark-srt05e,mahindra-m8electro
fe-2021-22-r4-rome,2021-22,2022,4,99,antonio-giovinazzi,dragon-penske-autosport,spark-srt05e,penske-ev-5
fe-2021-22-r5-rome,2021-22,2022,5,29,alexander-sims,mahindra-racing,spark-srt05e,mahindra-m8electro
fe-2021-22-r5-rome,2021-22,2022,5,99,antonio-giovinazzi,dragon-penske-autosport,spark-srt05e,penske-ev-5
fe-2021-22-r6-monaco,2021-22,2022,6,29,alexander-sims,mahindra-racing,spark-srt05e,mahindra-m8electro
fe-2021-22-r6-monaco,2021-22,2022,6,99,antonio-giovinazzi,dragon-penske-autosport,spark-srt05e,penske-ev-5
fe-2021-22-r7-berlin,2021-22,2022,7,29,alexander-sims,mahindra-racing,spark-srt05e,mahindra-m8electro
fe-2021-22-r7-berlin,2021-22,2022,7,99,antonio-giovinazzi,dragon-penske-autosport,spark-srt05e,penske-ev-5
fe-2021-22-r8-berlin,2021-22,2022,8,29,alexander-sims,mahindra-racing,spark-srt05e,mahindra-m8electro
fe-2021-22-r8-berlin,2021-22,2022,8,99,antonio-giovinazzi,dragon-penske-autosport,spark-srt05e,penske-ev-5
fe-2021-22-r9-jakarta,2021-22,2022,9,29,alexander-sims,mahindra-racing,spark-srt05e,mahindra-m8electro
fe-2021-22-r9-jakarta,2021-22,2022,9,99,antonio-giovinazzi,dragon-penske-autosport,spark-srt05e,penske-ev-5
fe-2021-22-r10-marrakesh,2021-22,2022,10,29,alexander-sims,mahindra-racing,spark-srt05e,mahindra-m8electro
fe-2021-22-r10-marrakesh,2021-22,2022,10,99,antonio-giovinazzi,dragon-penske-autosport,spark-srt05e,penske-ev-5
fe-2021-22-r11-new-york,2021-22,2022,11,29,alexander-sims,mahindra-racing,spark-srt05e,mahindra-m8electro
fe-2021-22-r11-new-york,2021-22,2022,11,99,antonio-giovinazzi,dragon-penske-autosport,spark-srt05e,penske-ev-5
fe-2021-22-r12-new-york,2021-22,2022,12,29,alexander-sims,mahindra-racing,spark-srt05e,mahindra-m8electro
fe-2021-22-r12-new-york,2021-22,2022,12,99,antonio-giovinazzi,dragon-penske-autosport,spark-srt05e,penske-ev-5
fe-2021-22-r13-london,2021-22,2022,13,29,alexander-sims,mahindra-racing,spark-srt05e,mahindra-m8electro
fe-2021-22-r13-london,2021-22,2022,13,99,antonio-giovinazzi,dragon-penske-autosport,spark-srt05e,penske-ev-5
fe-2021-22-r14-london,2021-22,2022,14,29,alexander-sims,mahindra-racing,spark-srt05e,mahindra-m8electro
fe-2021-22-r14-london,2021-22,2022,14,99,antonio-giovinazzi,dragon-penske-autosport,spark-srt05e,penske-ev-5
fe-2021-22-r15-seoul,2021-22,2022,15,29,alexander-sims,mahindra-racing,spark-srt05e,mahindra-m8electro
fe-2021-22-r15-seoul,2021-22,2022,15,99,antonio-giovinazzi,dragon-penske-autosport,spark-srt05e,penske-ev-5
fe-2021-22-r16-seoul,2021-22,2022,16,29,alexander-sims,mahindra-racing,spark-srt05e,mahindra-m8electro
fe-2022-23-r1-mexico-city,2022-23,2023,1,27,jake-dennis,avalanche-andretti-formula-e,spark-gen3,porsche-99x-electric
fe-2022-23-r1-mexico-city,2022-23,2023,1,94,pascal-wehrlein,tag-heuer-porsche-formula-e-team,spark-gen3,porsche-99x-electric
fe-2022-23-r1-mexico-city,2022-23,2023,1,11,lucas-di-grassi,mahindra-racing,spark-gen3,mahindra-m9electro
fe-2022-23-r1-mexico-city,2022-23,2023,1,36,andre-lotterer,avalanche-andretti-formula-e,spark-gen3,porsche-99x-electric
fe-2022-23-r1-mexico-city,2022-23,2023,1,5,jake-hughes,neom-mclaren-formula-e-team,spark-gen3,nissan-e-4orce-04
fe-2022-23-r1-mexico-city,2022-23,2023,1,16,sebastien-buemi,envision-racing,spark-gen3,jaguar-i-type-6
fe-2022-23-r1-mexico-city,2022-23,2023,1,13,antonio-felix-da-costa,tag-heuer-porsche-formula-e-team,spark-gen3,porsche-99x-electric
fe-2022-23-r1-mexico-city,2022-23,2023,1,9,mitch-evans,jaguar-tcs-racing,spark-gen3,jaguar-i-type-6
fe-2022-23-r1-mexico-city,2022-23,2023,1,37,nick-cassidy,envision-racing,spark-gen3,jaguar-i-type-6
fe-2022-23-r1-mexico-city,2022-23,2023,1,1,stoffel-vandoorne,ds-penske,spark-gen3,ds-e-tense-fe23
fe-2022-23-r1-mexico-city,2022-23,2023,1,7,maximilian-gunther,maserati-msg-racing,spark-gen3,maserati-tipo-folgore
fe-2022-23-r1-mexico-city,2022-23,2023,1,25,jean-eric-vergne,ds-penske,spark-gen3,ds-e-tense-fe23
fe-2022-23-r1-mexico-city,2022-23,2023,1,8,oliver-rowland,mahindra-racing,spark-gen3,mahindra-m9electro
fe-2022-23-r1-mexico-city,2022-23,2023,1,51,nico-muller,abt-cupra-formula-e-team,spark-gen3,mahindra-m9-electro
fe-2022-23-r1-mexico-city,2022-23,2023,1,23,sacha-fenestraz,nissan-formula-e-team,spark-gen3,nissan-e-4orce-04
fe-2022-23-r1-mexico-city,2022-23,2023,1,3,sergio-sette-camara,nio-333-racing,spark-gen3,nio-333-er9
fe-2022-23-r1-mexico-city,2022-23,2023,1,33,dan-ticktum,nio-333-racing,spark-gen3,nio-333-er9
fe-2022-23-r1-mexico-city,2022-23,2023,1,58,rene-rast,neom-mclaren-formula-e-team,spark-gen3,nissan-e-4orce-04
fe-2022-23-r1-mexico-city,2022-23,2023,1,17,norman-nato,nissan-formula-e-team,spark-gen3,nissan-e-4orce-04
fe-2022-23-r1-mexico-city,2022-23,2023,1,4,robin-frijns,abt-cupra-formula-e-team,spark-gen3,mahindra-m9electro
fe-2022-23-r1-mexico-city,2022-23,2023,1,48,edoardo-mortara,maserati-msg-racing,spark-gen3,maserati-tipo-folgore
fe-2022-23-r1-mexico-city,2022-23,2023,1,10,sam-bird,jaguar-tcs-racing,spark-gen3,jaguar-i-type-6
fe-2022-23-r2-diriyah,2022-23,2023,2,94,pascal-wehrlein,tag-heuer-porsche-formula-e-team,spark-gen3,porsche-99x-electric
fe-2022-23-r2-diriyah,2022-23,2023,2,27,jake-dennis,avalanche-andretti-formula-e,spark-gen3,porsche-99x-electric
fe-2022-23-r2-diriyah,2022-23,2023,2,10,sam-bird,jaguar-tcs-racing,spark-gen3,jaguar-i-type-6
fe-2022-23-r2-diriyah,2022-23,2023,2,16,sebastien-buemi,envision-racing,spark-gen3,jaguar-i-type-6
fe-2022-23-r2-diriyah,2022-23,2023,2,58,rene-rast,neom-mclaren-formula-e-team,spark-gen3,nissan-e-4orce-04
fe-2022-23-r2-diriyah,2022-23,2023,2,37,nick-cassidy,envision-racing,spark-gen3,jaguar-i-type-6
fe-2022-23-r2-diriyah,2022-23,2023,2,25,jean-eric-vergne,ds-penske,spark-gen3,ds-e-tense-fe23
fe-2022-23-r2-diriyah,2022-23,2023,2,5,jake-hughes,neom-mclaren-formula-e-team,spark-gen3,nissan-e-4orce-04
fe-2022-23-r2-diriyah,2022-23,2023,2,36,andre-lotterer,avalanche-andretti-formula-e,spark-gen3,porsche-99x-electric
fe-2022-23-r2-diriyah,2022-23,2023,2,9,mitch-evans,jaguar-tcs-racing,spark-gen3,jaguar-i-type-6
fe-2022-23-r2-diriyah,2022-23,2023,2,1,stoffel-vandoorne,ds-penske,spark-gen3,ds-e-tense-fe23
fe-2022-23-r2-diriyah,2022-23,2023,2,17,norman-nato,nissan-formula-e-team,spark-gen3,nissan-e-4orce-04
fe-2022-23-r2-diriyah,2022-23,2023,2,11,lucas-di-grassi,mahindra-racing,spark-gen3,mahindra-m9electro
fe-2022-23-r2-diriyah,2022-23,2023,2,33,dan-ticktum,nio-333-racing,spark-gen3,nio-333-er9
fe-2022-23-r2-diriyah,2022-23,2023,2,3,sergio-sette-camara,nio-333-racing,spark-gen3,nio-333-er9
fe-2022-23-r2-diriyah,2022-23,2023,2,4,kelvin-van-der-linde,abt-cupra-formula-e-team,spark-gen3,mahindra-m9electro
fe-2022-23-r2-diriyah,2022-23,2023,2,23,sacha-fenestraz,nissan-formula-e-team,spark-gen3,nissan-e-4orce-04
fe-2022-23-r2-diriyah,2022-23,2023,2,13,antonio-felix-da-costa,tag-heuer-porsche-formula-e-team,spark-gen3,porsche-99x-electric
fe-2022-23-r2-diriyah,2022-23,2023,2,8,oliver-rowland,mahindra-racing,spark-gen3,mahindra-m9electro
fe-2022-23-r2-diriyah,2022-23,2023,2,51,nico-muller,abt-cupra-formula-e-team,spark-gen3,mahindra-m9-electro
fe-2022-23-r2-diriyah,2022-23,2023,2,48,edoardo-mortara,maserati-msg-racing,spark-gen3,maserati-tipo-folgore
fe-2022-23-r2-diriyah,2022-23,2023,2,7,maximilian-gunther,maserati-msg-racing,spark-gen3,maserati-tipo-folgore
fe-2022-23-r3-diriyah,2022-23,2023,3,94,pascal-wehrlein,tag-heuer-porsche-formula-e-team,spark-gen3,porsche-99x-electric
fe-2022-23-r3-diriyah,2022-23,2023,3,27,jake-dennis,avalanche-andretti-formula-e,spark-gen3,porsche-99x-electric
fe-2022-23-r3-diriyah,2022-23,2023,3,58,rene-rast,neom-mclaren-formula-e-team,spark-gen3,nissan-e-4orce-04
fe-2022-23-r3-diriyah,2022-23,2023,3,10,sam-bird,jaguar-tcs-racing,spark-gen3,jaguar-i-type-6
fe-2022-23-r3-diriyah,2022-23,2023,3,5,jake-hughes,neom-mclaren-formula-e-team,spark-gen3,nissan-e-4orce-04
fe-2022-23-r3-diriyah,2022-23,2023,3,16,sebastien-buemi,envision-racing,spark-gen3,jaguar-i-type-6
fe-2022-23-r3-diriyah,2022-23,2023,3,9,mitch-evans,jaguar-tcs-racing,spark-gen3,jaguar-i-type-6
fe-2022-23-r3-diriyah,2022-23,2023,3,23,sacha-fenestraz,nissan-formula-e-team,spark-gen3,nissan-e-4orce-04
fe-2022-23-r3-diriyah,2022-23,2023,3,48,edoardo-mortara,maserati-msg-racing,spark-gen3,maserati-tipo-folgore
fe-2022-23-r3-diriyah,2022-23,2023,3,33,dan-ticktum,nio-333-racing,spark-gen3,nio-333-er9
fe-2022-23-r3-diriyah,2022-23,2023,3,13,antonio-felix-da-costa,tag-heuer-porsche-formula-e-team,spark-gen3,porsche-99x-electric
fe-2022-23-r3-diriyah,2022-23,2023,3,36,andre-lotterer,avalanche-andretti-formula-e,spark-gen3,porsche-99x-electric
fe-2022-23-r3-diriyah,2022-23,2023,3,37,nick-cassidy,envision-racing,spark-gen3,jaguar-i-type-6
fe-2022-23-r3-diriyah,2022-23,2023,3,17,norman-nato,nissan-formula-e-team,spark-gen3,nissan-e-4orce-04
fe-2022-23-r3-diriyah,2022-23,2023,3,11,lucas-di-grassi,mahindra-racing,spark-gen3,mahindra-m9electro
fe-2022-23-r3-diriyah,2022-23,2023,3,25,jean-eric-vergne,ds-penske,spark-gen3,ds-e-tense-fe23
fe-2022-23-r3-diriyah,2022-23,2023,3,3,sergio-sette-camara,nio-333-racing,spark-gen3,nio-333-er9
fe-2022-23-r3-diriyah,2022-23,2023,3,4,kelvin-van-der-linde,abt-cupra-formula-e-team,spark-gen3,mahindra-m9electro
fe-2022-23-r3-diriyah,2022-23,2023,3,7,maximilian-gunther,maserati-msg-racing,spark-gen3,maserati-tipo-folgore
fe-2022-23-r3-diriyah,2022-23,2023,3,1,stoffel-vandoorne,ds-penske,spark-gen3,ds-e-tense-fe23
fe-2022-23-r3-diriyah,2022-23,2023,3,8,oliver-rowland,mahindra-racing,spark-gen3,mahindra-m9electro
fe-2022-23-r3-diriyah,2022-23,2023,3,51,nico-muller,abt-cupra-formula-e-team,spark-gen3,mahindra-m9-electro
fe-2022-23-r4-hyderabad,2022-23,2023,4,25,jean-eric-vergne,ds-penske,spark-gen3,ds-e-tense-fe23
fe-2022-23-r4-hyderabad,2022-23,2023,4,37,nick-cassidy,envision-racing,spark-gen3,jaguar-i-type-6
fe-2022-23-r4-hyderabad,2022-23,2023,4,13,antonio-felix-da-costa,tag-heuer-porsche-formula-e-team,spark-gen3,porsche-99x-electric
fe-2022-23-r4-hyderabad,2022-23,2023,4,94,pascal-wehrlein,tag-heuer-porsche-formula-e-team,spark-gen3,porsche-99x-electric
fe-2022-23-r4-hyderabad,2022-23,2023,4,3,sergio-sette-camara,nio-333-racing,spark-gen3,nio-333-er9
fe-2022-23-r4-hyderabad,2022-23,2023,4,8,oliver-rowland,mahindra-racing,spark-gen3,mahindra-m9electro
fe-2022-23-r4-hyderabad,2022-23,2023,4,17,norman-nato,nissan-formula-e-team,spark-gen3,nissan-e-4orce-04
fe-2022-23-r4-hyderabad,2022-23,2023,4,1,stoffel-vandoorne,ds-penske,spark-gen3,ds-e-tense-fe23
fe-2022-23-r4-hyderabad,2022-23,2023,4,36,andre-lotterer,avalanche-andretti-formula-e,spark-gen3,porsche-99x-electric
fe-2022-23-r4-hyderabad,2022-23,2023,4,48,edoardo-mortara,maserati-msg-racing,spark-gen3,maserati-tipo-folgore
fe-2022-23-r4-hyderabad,2022-23,2023,4,51,nico-muller,abt-cupra-formula-e-team,spark-gen3,mahindra-m9-electro
fe-2022-23-r4-hyderabad,2022-23,2023,4,23,sacha-fenestraz,nissan-formula-e-team,spark-gen3,nissan-e-4orce-04
fe-2022-23-r4-hyderabad,2022-23,2023,4,7,maximilian-gunther,maserati-msg-racing,spark-gen3,maserati-tipo-folgore
fe-2022-23-r4-hyderabad,2022-23,2023,4,11,lucas-di-grassi,mahindra-racing,spark-gen3,mahindra-m9electro
fe-2022-23-r4-hyderabad,2022-23,2023,4,16,sebastien-buemi,envision-racing,spark-gen3,jaguar-i-type-6
fe-2022-23-r4-hyderabad,2022-23,2023,4,27,jake-dennis,avalanche-andretti-formula-e,spark-gen3,porsche-99x-electric
fe-2022-23-r4-hyderabad,2022-23,2023,4,5,jake-hughes,neom-mclaren-formula-e-team,spark-gen3,nissan-e-4orce-04
fe-2022-23-r4-hyderabad,2022-23,2023,4,9,mitch-evans,jaguar-tcs-racing,spark-gen3,jaguar-i-type-6
fe-2022-23-r4-hyderabad,2022-23,2023,4,58,rene-rast,neom-mclaren-formula-e-team,spark-gen3,nissan-e-4orce-04
fe-2022-23-r4-hyderabad,2022-23,2023,4,4,kelvin-van-der-linde,abt-cupra-formula-e-team,spark-gen3,mahindra-m9electro
fe-2022-23-r4-hyderabad,2022-23,2023,4,33,dan-ticktum,nio-333-racing,spark-gen3,nio-333-er9
fe-2022-23-r4-hyderabad,2022-23,2023,4,10,sam-bird,jaguar-tcs-racing,spark-gen3,jaguar-i-type-6
fe-2022-23-r5-cape-town,2022-23,2023,5,13,antonio-felix-da-costa,tag-heuer-porsche-formula-e-team,spark-gen3,porsche-99x-electric
fe-2022-23-r5-cape-town,2022-23,2023,5,25,jean-eric-vergne,ds-penske,spark-gen3,ds-e-tense-fe23
fe-2022-23-r5-cape-town,2022-23,2023,5,37,nick-cassidy,envision-racing,spark-gen3,jaguar-i-type-6
fe-2022-23-r5-cape-town,2022-23,2023,5,58,rene-rast,neom-mclaren-formula-e-team,spark-gen3,nissan-e-4orce-04
fe-2022-23-r5-cape-town,2022-23,2023,5,16,sebastien-buemi,envision-racing,spark-gen3,jaguar-i-type-6
fe-2022-23-r5-cape-town,2022-23,2023,5,33,dan-ticktum,nio-333-racing,spark-gen3,nio-333-er9
fe-2022-23-r5-cape-town,2022-23,2023,5,1,stoffel-vandoorne,ds-penske,spark-gen3,ds-e-tense-fe23
fe-2022-23-r5-cape-town,2022-23,2023,5,17,norman-nato,nissan-formula-e-team,spark-gen3,nissan-e-4orce-04
fe-2022-23-r5-cape-town,2022-23,2023,5,36,andre-lotterer,avalanche-andretti-formula-e,spark-gen3,porsche-99x-electric
fe-2022-23-r5-cape-town,2022-23,2023,5,5,jake-hughes,neom-mclaren-formula-e-team,spark-gen3,nissan-e-4orce-04
fe-2022-23-r5-cape-town,2022-23,2023,5,9,mitch-evans,jaguar-tcs-racing,spark-gen3,jaguar-i-type-6
fe-2022-23-r5-cape-town,2022-23,2023,5,3,sergio-sette-camara,nio-333-racing,spark-gen3,nio-333-er9
fe-2022-23-r5-cape-town,2022-23,2023,5,27,jake-dennis,avalanche-andretti-formula-e,spark-gen3,porsche-99x-electric
fe-2022-23-r5-cape-town,2022-23,2023,5,10,sam-bird,jaguar-tcs-racing,spark-gen3,jaguar-i-type-6
fe-2022-23-r5-cape-town,2022-23,2023,5,23,sacha-fenestraz,nissan-formula-e-team,spark-gen3,nissan-e-4orce-04
fe-2022-23-r5-cape-town,2022-23,2023,5,7,maximilian-gunther,maserati-msg-racing,spark-gen3,maserati-tipo-folgore
fe-2022-23-r5-cape-town,2022-23,2023,5,48,edoardo-mortara,maserati-msg-racing,spark-gen3,maserati-tipo-folgore
fe-2022-23-r5-cape-town,2022-23,2023,5,94,pascal-wehrlein,tag-heuer-porsche-formula-e-team,spark-gen3,porsche-99x-electric
fe-2022-23-r6-sao-paulo,2022-23,2023,6,9,mitch-evans,jaguar-tcs-racing,spark-gen3,jaguar-i-type-6
fe-2022-23-r6-sao-paulo,2022-23,2023,6,37,nick-cassidy,envision-racing,spark-gen3,jaguar-i-type-6
fe-2022-23-r6-sao-paulo,2022-23,2023,6,10,sam-bird,jaguar-tcs-racing,spark-gen3,jaguar-i-type-6
fe-2022-23-r6-sao-paulo,2022-23,2023,6,13,antonio-felix-da-costa,tag-heuer-porsche-formula-e-team,spark-gen3,porsche-99x-electric
fe-2022-23-r6-sao-paulo,2022-23,2023,6,25,jean-eric-vergne,ds-penske,spark-gen3,ds-e-tense-fe23
fe-2022-23-r6-sao-paulo,2022-23,2023,6,1,stoffel-vandoorne,ds-penske,spark-gen3,ds-e-tense-fe23
fe-2022-23-r6-sao-paulo,2022-23,2023,6,94,pascal-wehrlein,tag-heuer-porsche-formula-e-team,spark-gen3,porsche-99x-electric
fe-2022-23-r6-sao-paulo,2022-23,2023,6,5,jake-hughes,neom-mclaren-formula-e-team,spark-gen3,nissan-e-4orce-04
fe-2022-23-r6-sao-paulo,2022-23,2023,6,58,rene-rast,neom-mclaren-formula-e-team,spark-gen3,nissan-e-4orce-04
fe-2022-23-r6-sao-paulo,2022-23,2023,6,16,sebastien-buemi,envision-racing,spark-gen3,jaguar-i-type-6
fe-2022-23-r6-sao-paulo,2022-23,2023,6,7,maximilian-gunther,maserati-msg-racing,spark-gen3,maserati-tipo-folgore
fe-2022-23-r6-sao-paulo,2022-23,2023,6,36,andre-lotterer,avalanche-andretti-formula-e,spark-gen3,porsche-99x-electric
fe-2022-23-r6-sao-paulo,2022-23,2023,6,11,lucas-di-grassi,mahindra-racing,spark-gen3,mahindra-m9electro
fe-2022-23-r6-sao-paulo,2022-23,2023,6,4,robin-frijns,abt-cupra-formula-e-team,spark-gen3,mahindra-m9electro
fe-2022-23-r6-sao-paulo,2022-23,2023,6,8,oliver-rowland,mahindra-racing,spark-gen3,mahindra-m9electro
fe-2022-23-r6-sao-paulo,2022-23,2023,6,3,sergio-sette-camara,nio-333-racing,spark-gen3,nio-333-er9
fe-2022-23-r6-sao-paulo,2022-23,2023,6,33,dan-ticktum,nio-333-racing,spark-gen3,nio-333-er9
fe-2022-23-r6-sao-paulo,2022-23,2023,6,27,jake-dennis,avalanche-andretti-formula-e,spark-gen3,porsche-99x-electric
fe-2022-23-r6-sao-paulo,2022-23,2023,6,51,nico-muller,abt-cupra-formula-e-team,spark-gen3,mahindra-m9-electro
fe-2022-23-r6-sao-paulo,2022-23,2023,6,48,edoardo-mortara,maserati-msg-racing,spark-gen3,maserati-tipo-folgore
fe-2022-23-r6-sao-paulo,2022-23,2023,6,17,norman-nato,nissan-formula-e-team,spark-gen3,nissan-e-4orce-04
fe-2022-23-r6-sao-paulo,2022-23,2023,6,23,sacha-fenestraz,nissan-formula-e-team,spark-gen3,nissan-e-4orce-04
fe-2022-23-r7-berlin,2022-23,2023,7,9,mitch-evans,jaguar-tcs-racing,spark-gen3,jaguar-i-type-6
fe-2022-23-r7-berlin,2022-23,2023,7,10,sam-bird,jaguar-tcs-racing,spark-gen3,jaguar-i-type-6
fe-2022-23-r7-berlin,2022-23,2023,7,7,maximilian-gunther,maserati-msg-racing,spark-gen3,maserati-tipo-folgore
fe-2022-23-r7-berlin,2022-23,2023,7,16,sebastien-buemi,envision-racing,spark-gen3,jaguar-i-type-6
fe-2022-23-r7-berlin,2022-23,2023,7,37,nick-cassidy,envision-racing,spark-gen3,jaguar-i-type-6
fe-2022-23-r7-berlin,2022-23,2023,7,94,pascal-wehrlein,tag-heuer-porsche-formula-e-team,spark-gen3,porsche-99x-electric
fe-2022-23-r7-berlin,2022-23,2023,7,25,jean-eric-vergne,ds-penske,spark-gen3,ds-e-tense-fe23
fe-2022-23-r7-berlin,2022-23,2023,7,36,andre-lotterer,avalanche-andretti-formula-e,spark-gen3,porsche-99x-electric
fe-2022-23-r7-berlin,2022-23,2023,7,48,edoardo-mortara,maserati-msg-racing,spark-gen3,maserati-tipo-folgore
fe-2022-23-r7-berlin,2022-23,2023,7,8,oliver-rowland,mahindra-racing,spark-gen3,mahindra-m9electro
fe-2022-23-r7-berlin,2022-23,2023,7,11,lucas-di-grassi,mahindra-racing,spark-gen3,mahindra-m9electro
fe-2022-23-r7-berlin,2022-23,2023,7,23,sacha-fenestraz,nissan-formula-e-team,spark-gen3,nissan-e-4orce-04
fe-2022-23-r7-berlin,2022-23,2023,7,17,norman-nato,nissan-formula-e-team,spark-gen3,nissan-e-4orce-04
fe-2022-23-r7-berlin,2022-23,2023,7,4,robin-frijns,abt-cupra-formula-e-team,spark-gen3,mahindra-m9electro
fe-2022-23-r7-berlin,2022-23,2023,7,51,nico-muller,abt-cupra-formula-e-team,spark-gen3,mahindra-m9-electro
fe-2022-23-r7-berlin,2022-23,2023,7,3,sergio-sette-camara,nio-333-racing,spark-gen3,nio-333-er9
fe-2022-23-r7-berlin,2022-23,2023,7,58,rene-rast,neom-mclaren-formula-e-team,spark-gen3,nissan-e-4orce-04
fe-2022-23-r7-berlin,2022-23,2023,7,27,jake-dennis,avalanche-andretti-formula-e,spark-gen3,porsche-99x-electric
fe-2022-23-r7-berlin,2022-23,2023,7,1,stoffel-vandoorne,ds-penske,spark-gen3,ds-e-tense-fe23
fe-2022-23-r7-berlin,2022-23,2023,7,13,antonio-felix-da-costa,tag-heuer-porsche-formula-e-team,spark-gen3,porsche-99x-electric
fe-2022-23-r7-berlin,2022-23,2023,7,33,dan-ticktum,nio-333-racing,spark-gen3,nio-333-er9
fe-2022-23-r7-berlin,2022-23,2023,7,5,jake-hughes,neom-mclaren-formula-e-team,spark-gen3,nissan-e-4orce-04
fe-2022-23-r8-berlin,2022-23,2023,8,37,nick-cassidy,envision-racing,spark-gen3,jaguar-i-type-6
fe-2022-23-r8-berlin,2022-23,2023,8,27,jake-dennis,avalanche-andretti-formula-e,spark-gen3,porsche-99x-electric
fe-2022-23-r8-berlin,2022-23,2023,8,25,jean-eric-vergne,ds-penske,spark-gen3,ds-e-tense-fe23
fe-2022-23-r8-berlin,2022-23,2023,8,9,mitch-evans,jaguar-tcs-racing,spark-gen3,jaguar-i-type-6
fe-2022-23-r8-berlin,2022-23,2023,8,13,antonio-felix-da-costa,tag-heuer-porsche-formula-e-team,spark-gen3,porsche-99x-electric
fe-2022-23-r8-berlin,2022-23,2023,8,7,maximilian-gunther,maserati-msg-racing,spark-gen3,maserati-tipo-folgore
fe-2022-23-r8-berlin,2022-23,2023,8,94,pascal-wehrlein,tag-heuer-porsche-formula-e-team,spark-gen3,porsche-99x-electric
fe-2022-23-r8-berlin,2022-23,2023,8,1,stoffel-vandoorne,ds-penske,spark-gen3,ds-e-tense-fe23
fe-2022-23-r8-berlin,2022-23,2023,8,51,nico-muller,abt-cupra-formula-e-team,spark-gen3,mahindra-m9-electro
fe-2022-23-r8-berlin,2022-23,2023,8,33,dan-ticktum,nio-333-racing,spark-gen3,nio-333-er9
fe-2022-23-r8-berlin,2022-23,2023,8,23,sacha-fenestraz,nissan-formula-e-team,spark-gen3,nissan-e-4orce-04
fe-2022-23-r8-berlin,2022-23,2023,8,11,lucas-di-grassi,mahindra-racing,spark-gen3,mahindra-m9electro
fe-2022-23-r8-berlin,2022-23,2023,8,58,rene-rast,neom-mclaren-formula-e-team,spark-gen3,nissan-e-4orce-04
fe-2022-23-r8-berlin,2022-23,2023,8,8,oliver-rowland,mahindra-racing,spark-gen3,mahindra-m9electro
fe-2022-23-r8-berlin,2022-23,2023,8,3,sergio-sette-camara,nio-333-racing,spark-gen3,nio-333-er9
fe-2022-23-r8-berlin,2022-23,2023,8,17,norman-nato,nissan-formula-e-team,spark-gen3,nissan-e-4orce-04
fe-2022-23-r8-berlin,2022-23,2023,8,4,robin-frijns,abt-cupra-formula-e-team,spark-gen3,mahindra-m9electro
fe-2022-23-r8-berlin,2022-23,2023,8,5,jake-hughes,neom-mclaren-formula-e-team,spark-gen3,nissan-e-4orce-04
fe-2022-23-r8-berlin,2022-23,2023,8,10,sam-bird,jaguar-tcs-racing,spark-gen3,jaguar-i-type-6
fe-2022-23-r8-berlin,2022-23,2023,8,16,sebastien-buemi,envision-racing,spark-gen3,jaguar-i-type-6
fe-2022-23-r8-berlin,2022-23,2023,8,36,andre-lotterer,avalanche-andretti-formula-e,spark-gen3,porsche-99x-electric
fe-2022-23-r8-berlin,2022-23,2023,8,48,edoardo-mortara,maserati-msg-racing,spark-gen3,maserati-tipo-folgore
fe-2022-23-r9-monaco,2022-23,2023,9,37,nick-cassidy,envision-racing,spark-gen3,jaguar-i-type-6
fe-2022-23-r9-monaco,2022-23,2023,9,9,mitch-evans,jaguar-tcs-racing,spark-gen3,jaguar-i-type-6
fe-2022-23-r9-monaco,2022-23,2023,9,27,jake-dennis,avalanche-andretti-formula-e,spark-gen3,porsche-99x-electric
fe-2022-23-r9-monaco,2022-23,2023,9,23,sacha-fenestraz,nissan-formula-e-team,spark-gen3,nissan-e-4orce-04
fe-2022-23-r9-monaco,2022-23,2023,9,5,jake-hughes,neom-mclaren-formula-e-team,spark-gen3,nissan-e-4orce-04
fe-2022-23-r9-monaco,2022-23,2023,9,33,dan-ticktum,nio-333-racing,spark-gen3,nio-333-er9
fe-2022-23-r9-monaco,2022-23,2023,9,25,jean-eric-vergne,ds-penske,spark-gen3,ds-e-tense-fe23
fe-2022-23-r9-monaco,2022-23,2023,9,16,sebastien-buemi,envision-racing,spark-gen3,jaguar-i-type-6
fe-2022-23-r9-monaco,2022-23,2023,9,1,stoffel-vandoorne,ds-penske,spark-gen3,ds-e-tense-fe23
fe-2022-23-r9-monaco,2022-23,2023,9,94,pascal-wehrlein,tag-heuer-porsche-formula-e-team,spark-gen3,porsche-99x-electric
fe-2022-23-r9-monaco,2022-23,2023,9,48,edoardo-mortara,maserati-msg-racing,spark-gen3,maserati-tipo-folgore
fe-2022-23-r9-monaco,2022-23,2023,9,11,lucas-di-grassi,mahindra-racing,spark-gen3,mahindra-m9electro
fe-2022-23-r9-monaco,2022-23,2023,9,4,robin-frijns,abt-cupra-formula-e-team,spark-gen3,mahindra-m9electro
fe-2022-23-r9-monaco,2022-23,2023,9,3,sergio-sette-camara,nio-333-racing,spark-gen3,nio-333-er9
fe-2022-23-r9-monaco,2022-23,2023,9,13,antonio-felix-da-costa,tag-heuer-porsche-formula-e-team,spark-gen3,porsche-99x-electric
fe-2022-23-r9-monaco,2022-23,2023,9,10,sam-bird,jaguar-tcs-racing,spark-gen3,jaguar-i-type-6
fe-2022-23-r9-monaco,2022-23,2023,9,58,rene-rast,neom-mclaren-formula-e-team,spark-gen3,nissan-e-4orce-04
fe-2022-23-r9-monaco,2022-23,2023,9,17,norman-nato,nissan-formula-e-team,spark-gen3,nissan-e-4orce-04
fe-2022-23-r9-monaco,2022-23,2023,9,51,nico-muller,abt-cupra-formula-e-team,spark-gen3,mahindra-m9-electro
fe-2022-23-r9-monaco,2022-23,2023,9,7,maximilian-gunther,maserati-msg-racing,spark-gen3,maserati-tipo-folgore
fe-2022-23-r9-monaco,2022-23,2023,9,8,oliver-rowland,mahindra-racing,spark-gen3,mahindra-m9electro
fe-2022-23-r9-monaco,2022-23,2023,9,36,andre-lotterer,avalanche-andretti-formula-e,spark-gen3,porsche-99x-electric
fe-2022-23-r10-jakarta,2022-23,2023,10,94,pascal-wehrlein,tag-heuer-porsche-formula-e-team,spark-gen3,porsche-99x-electric
fe-2022-23-r10-jakarta,2022-23,2023,10,27,jake-dennis,avalanche-andretti-formula-e,spark-gen3,porsche-99x-electric
fe-2022-23-r10-jakarta,2022-23,2023,10,7,maximilian-gunther,maserati-msg-racing,spark-gen3,maserati-tipo-folgore
fe-2022-23-r10-jakarta,2022-23,2023,10,1,stoffel-vandoorne,ds-penske,spark-gen3,ds-e-tense-fe23
fe-2022-23-r10-jakarta,2022-23,2023,10,25,jean-eric-vergne,ds-penske,spark-gen3,ds-e-tense-fe23
fe-2022-23-r10-jakarta,2022-23,2023,10,48,edoardo-mortara,maserati-msg-racing,spark-gen3,maserati-tipo-folgore
fe-2022-23-r10-jakarta,2022-23,2023,10,37,nick-cassidy,envision-racing,spark-gen3,jaguar-i-type-6
fe-2022-23-r10-jakarta,2022-23,2023,10,13,antonio-felix-da-costa,tag-heuer-porsche-formula-e-team,spark-gen3,porsche-99x-electric
fe-2022-23-r10-jakarta,2022-23,2023,10,4,robin-frijns,abt-cupra-formula-e-team,spark-gen3,mahindra-m9electro
fe-2022-23-r10-jakarta,2022-23,2023,10,5,jake-hughes,neom-mclaren-formula-e-team,spark-gen3,nissan-e-4orce-04
fe-2022-23-r10-jakarta,2022-23,2023,10,51,nico-muller,abt-cupra-formula-e-team,spark-gen3,mahindra-m9-electro
fe-2022-23-r10-jakarta,2022-23,2023,10,17,norman-nato,nissan-formula-e-team,spark-gen3,nissan-e-4orce-04
fe-2022-23-r10-jakarta,2022-23,2023,10,33,dan-ticktum,nio-333-racing,spark-gen3,nio-333-er9
fe-2022-23-r10-jakarta,2022-23,2023,10,11,lucas-di-grassi,mahindra-racing,spark-gen3,mahindra-m9electro
fe-2022-23-r10-jakarta,2022-23,2023,10,58,rene-rast,neom-mclaren-formula-e-team,spark-gen3,nissan-e-4orce-04
fe-2022-23-r10-jakarta,2022-23,2023,10,3,sergio-sette-camara,nio-333-racing,spark-gen3,nio-333-er9
fe-2022-23-r10-jakarta,2022-23,2023,10,23,sacha-fenestraz,nissan-formula-e-team,spark-gen3,nissan-e-4orce-04
fe-2022-23-r10-jakarta,2022-23,2023,10,10,sam-bird,jaguar-tcs-racing,spark-gen3,jaguar-i-type-6
fe-2022-23-r10-jakarta,2022-23,2023,10,16,sebastien-buemi,envision-racing,spark-gen3,jaguar-i-type-6
fe-2022-23-r10-jakarta,2022-23,2023,10,9,mitch-evans,jaguar-tcs-racing,spark-gen3,jaguar-i-type-6
fe-2022-23-r11-jakarta,2022-23,2023,11,7,maximilian-gunther,maserati-msg-racing,spark-gen3,maserati-tipo-folgore
fe-2022-23-r11-jakarta,2022-23,2023,11,27,jake-dennis,avalanche-andretti-formula-e,spark-gen3,porsche-99x-electric
fe-2022-23-r11-jakarta,2022-23,2023,11,9,mitch-evans,jaguar-tcs-racing,spark-gen3,jaguar-i-type-6
fe-2022-23-r11-jakarta,2022-23,2023,11,23,sacha-fenestraz,nissan-formula-e-team,spark-gen3,nissan-e-4orce-04
fe-2022-23-r11-jakarta,2022-23,2023,11,17,norman-nato,nissan-formula-e-team,spark-gen3,nissan-e-4orce-04
fe-2022-23-r11-jakarta,2022-23,2023,11,94,pascal-wehrlein,tag-heuer-porsche-formula-e-team,spark-gen3,porsche-99x-electric
fe-2022-23-r11-jakarta,2022-23,2023,11,13,antonio-felix-da-costa,tag-heuer-porsche-formula-e-team,spark-gen3,porsche-99x-electric
fe-2022-23-r11-jakarta,2022-23,2023,11,48,edoardo-mortara,maserati-msg-racing,spark-gen3,maserati-tipo-folgore
fe-2022-23-r11-jakarta,2022-23,2023,11,1,stoffel-vandoorne,ds-penske,spark-gen3,ds-e-tense-fe23
fe-2022-23-r11-jakarta,2022-23,2023,11,16,sebastien-buemi,envision-racing,spark-gen3,jaguar-i-type-6
fe-2022-23-r11-jakarta,2022-23,2023,11,33,dan-ticktum,nio-333-racing,spark-gen3,nio-333-er9
fe-2022-23-r11-jakarta,2022-23,2023,11,51,nico-muller,abt-cupra-formula-e-team,spark-gen3,mahindra-m9-electro
fe-2022-23-r11-jakarta,2022-23,2023,11,4,robin-frijns,abt-cupra-formula-e-team,spark-gen3,mahindra-m9electro
fe-2022-23-r11-jakarta,2022-23,2023,11,11,lucas-di-grassi,mahindra-racing,spark-gen3,mahindra-m9electro
fe-2022-23-r11-jakarta,2022-23,2023,11,58,rene-rast,neom-mclaren-formula-e-team,spark-gen3,nissan-e-4orce-04
fe-2022-23-r11-jakarta,2022-23,2023,11,25,jean-eric-vergne,ds-penske,spark-gen3,ds-e-tense-fe23
fe-2022-23-r11-jakarta,2022-23,2023,11,37,nick-cassidy,envision-racing,spark-gen3,jaguar-i-type-6
fe-2022-23-r11-jakarta,2022-23,2023,11,10,sam-bird,jaguar-tcs-racing,spark-gen3,jaguar-i-type-6
fe-2022-23-r11-jakarta,2022-23,2023,11,3,sergio-sette-camara,nio-333-racing,spark-gen3,nio-333-er9
fe-2022-23-r11-jakarta,2022-23,2023,11,5,jake-hughes,neom-mclaren-formula-e-team,spark-gen3,nissan-e-4orce-04
fe-2022-23-r12-portland,2022-23,2023,12,37,nick-cassidy,envision-racing,spark-gen3,jaguar-i-type-6
fe-2022-23-r12-portland,2022-23,2023,12,27,jake-dennis,avalanche-andretti-formula-e,spark-gen3,porsche-99x-electric
fe-2022-23-r12-portland,2022-23,2023,12,13,antonio-felix-da-costa,tag-heuer-porsche-formula-e-team,spark-gen3,porsche-99x-electric
fe-2022-23-r12-portland,2022-23,2023,12,9,mitch-evans,jaguar-tcs-racing,spark-gen3,jaguar-i-type-6
fe-2022-23-r12-portland,2022-23,2023,12,16,sebastien-buemi,envision-racing,spark-gen3,jaguar-i-type-6
fe-2022-23-r12-portland,2022-23,2023,12,7,maximilian-gunther,maserati-msg-racing,spark-gen3,maserati-tipo-folgore
fe-2022-23-r12-portland,2022-23,2023,12,11,lucas-di-grassi,mahindra-racing,spark-gen3,mahindra-m9electro
fe-2022-23-r12-portland,2022-23,2023,12,94,pascal-wehrlein,tag-heuer-porsche-formula-e-team,spark-gen3,porsche-99x-electric
fe-2022-23-r12-portland,2022-23,2023,12,17,norman-nato,nissan-formula-e-team,spark-gen3,nissan-e-4orce-04
fe-2022-23-r12-portland,2022-23,2023,12,4,robin-frijns,abt-cupra-formula-e-team,spark-gen3,mahindra-m9electro
fe-2022-23-r12-portland,2022-23,2023,12,25,jean-eric-vergne,ds-penske,spark-gen3,ds-e-tense-fe23
fe-2022-23-r12-portland,2022-23,2023,12,1,stoffel-vandoorne,ds-penske,spark-gen3,ds-e-tense-fe23
fe-2022-23-r12-portland,2022-23,2023,12,33,dan-ticktum,nio-333-racing,spark-gen3,nio-333-er9
fe-2022-23-r12-portland,2022-23,2023,12,58,rene-rast,neom-mclaren-formula-e-team,spark-gen3,nissan-e-4orce-04
fe-2022-23-r12-portland,2022-23,2023,12,23,sacha-fenestraz,nissan-formula-e-team,spark-gen3,nissan-e-4orce-04
fe-2022-23-r12-portland,2022-23,2023,12,3,sergio-sette-camara,nio-333-racing,spark-gen3,nio-333-er9
fe-2022-23-r12-portland,2022-23,2023,12,10,sam-bird,jaguar-tcs-racing,spark-gen3,jaguar-i-type-6
fe-2022-23-r12-portland,2022-23,2023,12,5,jake-hughes,neom-mclaren-formula-e-team,spark-gen3,nissan-e-4orce-04
fe-2022-23-r12-portland,2022-23,2023,12,36,andre-lotterer,avalanche-andretti-formula-e,spark-gen3,porsche-99x-electric
fe-2022-23-r12-portland,2022-23,2023,12,51,nico-muller,abt-cupra-formula-e-team,spark-gen3,mahindra-m9-electro
fe-2022-23-r12-portland,2022-23,2023,12,48,edoardo-mortara,maserati-msg-racing,spark-gen3,maserati-tipo-folgore
fe-2022-23-r13-rome,2022-23,2023,13,9,mitch-evans,jaguar-tcs-racing,spark-gen3,jaguar-i-type-6
fe-2022-23-r13-rome,2022-23,2023,13,37,nick-cassidy,envision-racing,spark-gen3,jaguar-i-type-6
fe-2022-23-r13-rome,2022-23,2023,13,7,maximilian-gunther,maserati-msg-racing,spark-gen3,maserati-tipo-folgore
fe-2022-23-r13-rome,2022-23,2023,13,27,jake-dennis,avalanche-andretti-formula-e,spark-gen3,porsche-99x-electric
fe-2022-23-r13-rome,2022-23,2023,13,25,jean-eric-vergne,ds-penske,spark-gen3,ds-e-tense-fe23
fe-2022-23-r13-rome,2022-23,2023,13,51,nico-muller,abt-cupra-formula-e-team,spark-gen3,mahindra-m9-electro
fe-2022-23-r13-rome,2022-23,2023,13,17,norman-nato,nissan-formula-e-team,spark-gen3,nissan-e-4orce-04
fe-2022-23-r13-rome,2022-23,2023,13,3,sergio-sette-camara,nio-333-racing,spark-gen3,nio-333-er9
fe-2022-23-r13-rome,2022-23,2023,13,94,pascal-wehrlein,tag-heuer-porsche-formula-e-team,spark-gen3,porsche-99x-electric
fe-2022-23-r13-rome,2022-23,2023,13,23,sacha-fenestraz,nissan-formula-e-team,spark-gen3,nissan-e-4orce-04
fe-2022-23-r13-rome,2022-23,2023,13,1,stoffel-vandoorne,ds-penske,spark-gen3,ds-e-tense-fe23
fe-2022-23-r13-rome,2022-23,2023,13,33,dan-ticktum,nio-333-racing,spark-gen3,nio-333-er9
fe-2022-23-r13-rome,2022-23,2023,13,10,sam-bird,jaguar-tcs-racing,spark-gen3,jaguar-i-type-6
fe-2022-23-r13-rome,2022-23,2023,13,13,antonio-felix-da-costa,tag-heuer-porsche-formula-e-team,spark-gen3,porsche-99x-electric
fe-2022-23-r13-rome,2022-23,2023,13,48,edoardo-mortara,maserati-msg-racing,spark-gen3,maserati-tipo-folgore
fe-2022-23-r13-rome,2022-23,2023,13,11,lucas-di-grassi,mahindra-racing,spark-gen3,mahindra-m9electro
fe-2022-23-r13-rome,2022-23,2023,13,4,robin-frijns,abt-cupra-formula-e-team,spark-gen3,mahindra-m9electro
fe-2022-23-r13-rome,2022-23,2023,13,36,andre-lotterer,avalanche-andretti-formula-e,spark-gen3,porsche-99x-electric
fe-2022-23-r13-rome,2022-23,2023,13,5,jake-hughes,neom-mclaren-formula-e-team,spark-gen3,nissan-e-4orce-04
fe-2022-23-r13-rome,2022-23,2023,13,58,rene-rast,neom-mclaren-formula-e-team,spark-gen3,nissan-e-4orce-04
fe-2022-23-r13-rome,2022-23,2023,13,16,sebastien-buemi,envision-racing,spark-gen3,jaguar-i-type-6
fe-2022-23-r14-rome,2022-23,2023,14,27,jake-dennis,avalanche-andretti-formula-e,spark-gen3,porsche-99x-electric
fe-2022-23-r14-rome,2022-23,2023,14,17,norman-nato,nissan-formula-e-team,spark-gen3,nissan-e-4orce-04
fe-2022-23-r14-rome,2022-23,2023,14,10,sam-bird,jaguar-tcs-racing,spark-gen3,jaguar-i-type-6
fe-2022-23-r14-rome,2022-23,2023,14,48,edoardo-mortara,maserati-msg-racing,spark-gen3,maserati-tipo-folgore
fe-2022-23-r14-rome,2022-23,2023,14,16,sebastien-buemi,envision-racing,spark-gen3,jaguar-i-type-6
fe-2022-23-r14-rome,2022-23,2023,14,7,maximilian-gunther,maserati-msg-racing,spark-gen3,maserati-tipo-folgore
fe-2022-23-r14-rome,2022-23,2023,14,94,pascal-wehrlein,tag-heuer-porsche-formula-e-team,spark-gen3,porsche-99x-electric
fe-2022-23-r14-rome,2022-23,2023,14,1,stoffel-vandoorne,ds-penske,spark-gen3,ds-e-tense-fe23
fe-2022-23-r14-rome,2022-23,2023,14,33,dan-ticktum,nio-333-racing,spark-gen3,nio-333-er9
fe-2022-23-r14-rome,2022-23,2023,14,51,nico-muller,abt-cupra-formula-e-team,spark-gen3,mahindra-m9-electro
fe-2022-23-r14-rome,2022-23,2023,14,5,jake-hughes,neom-mclaren-formula-e-team,spark-gen3,nissan-e-4orce-04
fe-2022-23-r14-rome,2022-23,2023,14,13,antonio-felix-da-costa,tag-heuer-porsche-formula-e-team,spark-gen3,porsche-99x-electric
fe-2022-23-r14-rome,2022-23,2023,14,58,rene-rast,neom-mclaren-formula-e-team,spark-gen3,nissan-e-4orce-04
fe-2022-23-r14-rome,2022-23,2023,14,37,nick-cassidy,envision-racing,spark-gen3,jaguar-i-type-6
fe-2022-23-r14-rome,2022-23,2023,14,25,jean-eric-vergne,ds-penske,spark-gen3,ds-e-tense-fe23
fe-2022-23-r14-rome,2022-23,2023,14,23,sacha-fenestraz,nissan-formula-e-team,spark-gen3,nissan-e-4orce-04
fe-2022-23-r14-rome,2022-23,2023,14,9,mitch-evans,jaguar-tcs-racing,spark-gen3,jaguar-i-type-6
fe-2022-23-r14-rome,2022-23,2023,14,36,andre-lotterer,avalanche-andretti-formula-e,spark-gen3,porsche-99x-electric
fe-2022-23-r14-rome,2022-23,2023,14,4,robin-frijns,abt-cupra-formula-e-team,spark-gen3,mahindra-m9electro
fe-2022-23-r14-rome,2022-23,2023,14,11,lucas-di-grassi,mahindra-racing,spark-gen3,mahindra-m9electro
fe-2022-23-r14-rome,2022-23,2023,14,3,sergio-sette-camara,nio-333-racing,spark-gen3,nio-333-er9
fe-2022-23-r15-london,2022-23,2023,15,9,mitch-evans,jaguar-tcs-racing,spark-gen3,jaguar-i-type-6
fe-2022-23-r15-london,2022-23,2023,15,27,jake-dennis,avalanche-andretti-formula-e,spark-gen3,porsche-99x-electric
fe-2022-23-r15-london,2022-23,2023,15,16,sebastien-buemi,envision-racing,spark-gen3,jaguar-i-type-6
fe-2022-23-r15-london,2022-23,2023,15,10,sam-bird,jaguar-tcs-racing,spark-gen3,jaguar-i-type-6
fe-2022-23-r15-london,2022-23,2023,15,48,edoardo-mortara,maserati-msg-racing,spark-gen3,maserati-tipo-folgore
fe-2022-23-r15-london,2022-23,2023,15,11,lucas-di-grassi,mahindra-racing,spark-gen3,mahindra-m9electro
fe-2022-23-r15-london,2022-23,2023,15,33,dan-ticktum,nio-333-racing,spark-gen3,nio-333-er9
fe-2022-23-r15-london,2022-23,2023,15,17,norman-nato,nissan-formula-e-team,spark-gen3,nissan-e-4orce-04
fe-2022-23-r15-london,2022-23,2023,15,94,pascal-wehrlein,tag-heuer-porsche-formula-e-team,spark-gen3,porsche-99x-electric
fe-2022-23-r15-london,2022-23,2023,15,5,jake-hughes,neom-mclaren-formula-e-team,spark-gen3,nissan-e-4orce-04
fe-2022-23-r15-london,2022-23,2023,15,1,stoffel-vandoorne,ds-penske,spark-gen3,ds-e-tense-fe23
fe-2022-23-r15-london,2022-23,2023,15,7,maximilian-gunther,maserati-msg-racing,spark-gen3,maserati-tipo-folgore
fe-2022-23-r15-london,2022-23,2023,15,36,andre-lotterer,avalanche-andretti-formula-e,spark-gen3,porsche-99x-electric
fe-2022-23-r15-london,2022-23,2023,15,58,rene-rast,neom-mclaren-formula-e-team,spark-gen3,nissan-e-4orce-04
fe-2022-23-r15-london,2022-23,2023,15,13,antonio-felix-da-costa,tag-heuer-porsche-formula-e-team,spark-gen3,porsche-99x-electric
fe-2022-23-r15-london,2022-23,2023,15,3,sergio-sette-camara,nio-333-racing,spark-gen3,nio-333-er9
fe-2022-23-r15-london,2022-23,2023,15,25,jean-eric-vergne,ds-penske,spark-gen3,ds-e-tense-fe23
fe-2022-23-r15-london,2022-23,2023,15,51,nico-muller,abt-cupra-formula-e-team,spark-gen3,mahindra-m9-electro
fe-2022-23-r15-london,2022-23,2023,15,37,nick-cassidy,envision-racing,spark-gen3,jaguar-i-type-6
fe-2022-23-r15-london,2022-23,2023,15,23,sacha-fenestraz,nissan-formula-e-team,spark-gen3,nissan-e-4orce-04
fe-2022-23-r15-london,2022-23,2023,15,4,robin-frijns,abt-cupra-formula-e-team,spark-gen3,mahindra-m9electro
fe-2022-23-r16-london,2022-23,2023,16,37,nick-cassidy,envision-racing,spark-gen3,jaguar-i-type-6
fe-2022-23-r16-london,2022-23,2023,16,9,mitch-evans,jaguar-tcs-racing,spark-gen3,jaguar-i-type-6
fe-2022-23-r16-london,2022-23,2023,16,27,jake-dennis,avalanche-andretti-formula-e,spark-gen3,porsche-99x-electric
fe-2022-23-r16-london,2022-23,2023,16,17,norman-nato,nissan-formula-e-team,spark-gen3,nissan-e-4orce-04
fe-2022-23-r16-london,2022-23,2023,16,1,stoffel-vandoorne,ds-penske,spark-gen3,ds-e-tense-fe23
fe-2022-23-r16-london,2022-23,2023,16,16,sebastien-buemi,envision-racing,spark-gen3,jaguar-i-type-6
fe-2022-23-r16-london,2022-23,2023,16,10,sam-bird,jaguar-tcs-racing,spark-gen3,jaguar-i-type-6
fe-2022-23-r16-london,2022-23,2023,16,51,nico-muller,abt-cupra-formula-e-team,spark-gen3,mahindra-m9-electro
fe-2022-23-r16-london,2022-23,2023,16,33,dan-ticktum,nio-333-racing,spark-gen3,nio-333-er9
fe-2022-23-r16-london,2022-23,2023,16,94,pascal-wehrlein,tag-heuer-porsche-formula-e-team,spark-gen3,porsche-99x-electric
fe-2022-23-r16-london,2022-23,2023,16,48,edoardo-mortara,maserati-msg-racing,spark-gen3,maserati-tipo-folgore
fe-2022-23-r16-london,2022-23,2023,16,58,rene-rast,neom-mclaren-formula-e-team,spark-gen3,nissan-e-4orce-04
fe-2022-23-r16-london,2022-23,2023,16,3,sergio-sette-camara,nio-333-racing,spark-gen3,nio-333-er9
fe-2022-23-r16-london,2022-23,2023,16,7,maximilian-gunther,maserati-msg-racing,spark-gen3,maserati-tipo-folgore
fe-2022-23-r16-london,2022-23,2023,16,23,sacha-fenestraz,nissan-formula-e-team,spark-gen3,nissan-e-4orce-04
fe-2022-23-r16-london,2022-23,2023,16,13,antonio-felix-da-costa,tag-heuer-porsche-formula-e-team,spark-gen3,porsche-99x-electric
fe-2022-23-r16-london,2022-23,2023,16,4,robin-frijns,abt-cupra-formula-e-team,spark-gen3,mahindra-m9electro
fe-2022-23-r16-london,2022-23,2023,16,11,lucas-di-grassi,mahindra-racing,spark-gen3,mahindra-m9electro
fe-2022-23-r16-london,2022-23,2023,16,5,jake-hughes,neom-mclaren-formula-e-team,spark-gen3,nissan-e-4orce-04
fe-2022-23-r16-london,2022-23,2023,16,36,andre-lotterer,avalanche-andretti-formula-e,spark-gen3,porsche-99x-electric
fe-2022-23-r16-london,2022-23,2023,16,25,jean-eric-vergne,ds-penske,spark-gen3,ds-e-tense-fe23
fe-2022-23-r10-jakarta,2022-23,2023,10,36,david-beckmann,avalanche-andretti-formula-e,spark-gen3,porsche-99x-electric
fe-2022-23-r10-jakarta,2022-23,2023,10,8,roberto-merhi,mahindra-racing,spark-gen3,mahindra-m9electro
fe-2022-23-r11-jakarta,2022-23,2023,11,8,roberto-merhi,mahindra-racing,spark-gen3,mahindra-m9electro
fe-2022-23-r11-jakarta,2022-23,2023,11,36,david-beckmann,avalanche-andretti-formula-e,spark-gen3,porsche-99x-electric
fe-2022-23-r12-portland,2022-23,2023,12,8,roberto-merhi,mahindra-racing,spark-gen3,mahindra-m9electro
fe-2022-23-r13-rome,2022-23,2023,13,8,roberto-merhi,mahindra-racing,spark-gen3,mahindra-m9electro
fe-2022-23-r14-rome,2022-23,2023,14,8,roberto-merhi,mahindra-racing,spark-gen3,mahindra-m9electro
fe-2022-23-r15-london,2022-23,2023,15,8,roberto-merhi,mahindra-racing,spark-gen3,mahindra-m9electro
fe-2022-23-r16-london,2022-23,2023,16,8,roberto-merhi,mahindra-racing,spark-gen3,mahindra-m9electro
fe-2023-24-r1-mexico-city,2023-24,2024,1,94,pascal-wehrlein,tag-heuer-porsche-formula-e-team,spark-gen3,porsche-99x-electric
fe-2023-24-r1-mexico-city,2023-24,2024,1,16,sebastien-buemi,envision-racing,spark-gen3,jaguar-i-type-6
fe-2023-24-r1-mexico-city,2023-24,2024,1,37,nick-cassidy,jaguar-tcs-racing,spark-gen3,jaguar-i-type-6
fe-2023-24-r1-mexico-city,2023-24,2024,1,7,maximilian-gunther,maserati-msg-racing,spark-gen3,maserati-tipo-folgore
fe-2023-24-r1-mexico-city,2023-24,2024,1,9,mitch-evans,jaguar-tcs-racing,spark-gen3,jaguar-i-type-6
fe-2023-24-r1-mexico-city,2023-24,2024,1,25,jean-eric-vergne,ds-penske,spark-gen3,ds-e-tense-fe23
fe-2023-24-r1-mexico-city,2023-24,2024,1,5,jake-hughes,neom-mclaren-formula-e-team,spark-gen3,nissan-e-4orce-04
fe-2023-24-r1-mexico-city,2023-24,2024,1,2,stoffel-vandoorne,ds-penske,spark-gen3,ds-e-tense-fe23
fe-2023-24-r1-mexico-city,2023-24,2024,1,1,jake-dennis,andretti-formula-e,spark-gen3,porsche-99x-electric
fe-2023-24-r1-mexico-city,2023-24,2024,1,17,norman-nato,andretti-formula-e,spark-gen3,porsche-99x-electric
fe-2023-24-r1-mexico-city,2023-24,2024,1,22,oliver-rowland,nissan-formula-e-team,spark-gen3,nissan-e-4orce-04
fe-2023-24-r1-mexico-city,2023-24,2024,1,23,sacha-fenestraz,nissan-formula-e-team,spark-gen3,nissan-e-4orce-04
fe-2023-24-r1-mexico-city,2023-24,2024,1,48,edoardo-mortara,mahindra-racing,spark-gen3,mahindra-m10electro
fe-2023-24-r1-mexico-city,2023-24,2024,1,8,sam-bird,neom-mclaren-formula-e-team,spark-gen3,nissan-e-4orce-04
fe-2023-24-r1-mexico-city,2023-24,2024,1,21,nyck-de-vries,mahindra-racing,spark-gen3,mahindra-m10electro
fe-2023-24-r1-mexico-city,2023-24,2024,1,18,jehan-daruvala,maserati-msg-racing,spark-gen3,maserati-tipo-folgore
fe-2023-24-r1-mexico-city,2023-24,2024,1,51,nico-muller,abt-cupra-formula-e-team,spark-gen3,mahindra-m10electro
fe-2023-24-r1-mexico-city,2023-24,2024,1,33,dan-ticktum,ert-formula-e-team,spark-gen3,ert-x24
fe-2023-24-r1-mexico-city,2023-24,2024,1,3,sergio-sette-camara,ert-formula-e-team,spark-gen3,ert-x24
fe-2023-24-r1-mexico-city,2023-24,2024,1,11,lucas-di-grassi,abt-cupra-formula-e-team,spark-gen3,mahindra-m10electro
fe-2023-24-r1-mexico-city,2023-24,2024,1,13,antonio-felix-da-costa,tag-heuer-porsche-formula-e-team,spark-gen3,porsche-99x-electric
fe-2023-24-r1-mexico-city,2023-24,2024,1,4,robin-frijns,envision-racing,spark-gen3,jaguar-i-type-6
fe-2023-24-r2-diriyah,2023-24,2024,2,1,jake-dennis,andretti-formula-e,spark-gen3,porsche-99x-electric
fe-2023-24-r2-diriyah,2023-24,2024,2,25,jean-eric-vergne,ds-penske,spark-gen3,ds-e-tense-fe23
fe-2023-24-r2-diriyah,2023-24,2024,2,37,nick-cassidy,jaguar-tcs-racing,spark-gen3,jaguar-i-type-6
fe-2023-24-r2-diriyah,2023-24,2024,2,8,sam-bird,neom-mclaren-formula-e-team,spark-gen3,nissan-e-4orce-04
fe-2023-24-r2-diriyah,2023-24,2024,2,9,mitch-evans,jaguar-tcs-racing,spark-gen3,jaguar-i-type-6
fe-2023-24-r2-diriyah,2023-24,2024,2,17,norman-nato,andretti-formula-e,spark-gen3,porsche-99x-electric
fe-2023-24-r2-diriyah,2023-24,2024,2,7,maximilian-gunther,maserati-msg-racing,spark-gen3,maserati-tipo-folgore
fe-2023-24-r2-diriyah,2023-24,2024,2,94,pascal-wehrlein,tag-heuer-porsche-formula-e-team,spark-gen3,porsche-99x-electric
fe-2023-24-r2-diriyah,2023-24,2024,2,3,sergio-sette-camara,ert-formula-e-team,spark-gen3,ert-x24
fe-2023-24-r2-diriyah,2023-24,2024,2,4,robin-frijns,envision-racing,spark-gen3,jaguar-i-type-6
fe-2023-24-r2-diriyah,2023-24,2024,2,5,jake-hughes,neom-mclaren-formula-e-team,spark-gen3,nissan-e-4orce-04
fe-2023-24-r2-diriyah,2023-24,2024,2,16,sebastien-buemi,envision-racing,spark-gen3,jaguar-i-type-6
fe-2023-24-r2-diriyah,2023-24,2024,2,22,oliver-rowland,nissan-formula-e-team,spark-gen3,nissan-e-4orce-04
fe-2023-24-r2-diriyah,2023-24,2024,2,2,stoffel-vandoorne,ds-penske,spark-gen3,ds-e-tense-fe23
fe-2023-24-r2-diriyah,2023-24,2024,2,48,edoardo-mortara,mahindra-racing,spark-gen3,mahindra-m10electro
fe-2023-24-r2-diriyah,2023-24,2024,2,13,antonio-felix-da-costa,tag-heuer-porsche-formula-e-team,spark-gen3,porsche-99x-electric
fe-2023-24-r2-diriyah,2023-24,2024,2,21,nyck-de-vries,mahindra-racing,spark-gen3,mahindra-m10electro
fe-2023-24-r2-diriyah,2023-24,2024,2,51,nico-muller,abt-cupra-formula-e-team,spark-gen3,mahindra-m10electro
fe-2023-24-r2-diriyah,2023-24,2024,2,11,lucas-di-grassi,abt-cupra-formula-e-team,spark-gen3,mahindra-m10electro
fe-2023-24-r2-diriyah,2023-24,2024,2,18,jehan-daruvala,maserati-msg-racing,spark-gen3,maserati-tipo-folgore
fe-2023-24-r2-diriyah,2023-24,2024,2,33,dan-ticktum,ert-formula-e-team,spark-gen3,ert-x24
fe-2023-24-r2-diriyah,2023-24,2024,2,23,sacha-fenestraz,nissan-formula-e-team,spark-gen3,nissan-e-4orce-04
fe-2023-24-r3-diriyah,2023-24,2024,3,37,nick-cassidy,jaguar-tcs-racing,spark-gen3,jaguar-i-type-6
fe-2023-24-r3-diriyah,2023-24,2024,3,4,robin-frijns,envision-racing,spark-gen3,jaguar-i-type-6
fe-2023-24-r3-diriyah,2023-24,2024,3,22,oliver-rowland,nissan-formula-e-team,spark-gen3,nissan-e-4orce-04
fe-2023-24-r3-diriyah,2023-24,2024,3,5,jake-hughes,neom-mclaren-formula-e-team,spark-gen3,nissan-e-4orce-04
fe-2023-24-r3-diriyah,2023-24,2024,3,2,stoffel-vandoorne,ds-penske,spark-gen3,ds-e-tense-fe23
fe-2023-24-r3-diriyah,2023-24,2024,3,23,sacha-fenestraz,nissan-formula-e-team,spark-gen3,nissan-e-4orce-04
fe-2023-24-r3-diriyah,2023-24,2024,3,94,pascal-wehrlein,tag-heuer-porsche-formula-e-team,spark-gen3,porsche-99x-electric
fe-2023-24-r3-diriyah,2023-24,2024,3,25,jean-eric-vergne,ds-penske,spark-gen3,ds-e-tense-fe23
fe-2023-24-r3-diriyah,2023-24,2024,3,7,maximilian-gunther,maserati-msg-racing,spark-gen3,maserati-tipo-folgore
fe-2023-24-r3-diriyah,2023-24,2024,3,9,mitch-evans,jaguar-tcs-racing,spark-gen3,jaguar-i-type-6
fe-2023-24-r3-diriyah,2023-24,2024,3,48,edoardo-mortara,mahindra-racing,spark-gen3,mahindra-m10electro
fe-2023-24-r3-diriyah,2023-24,2024,3,1,jake-dennis,andretti-formula-e,spark-gen3,porsche-99x-electric
fe-2023-24-r3-diriyah,2023-24,2024,3,51,nico-muller,abt-cupra-formula-e-team,spark-gen3,mahindra-m10electro
fe-2023-24-r3-diriyah,2023-24,2024,3,13,antonio-felix-da-costa,tag-heuer-porsche-formula-e-team,spark-gen3,porsche-99x-electric
fe-2023-24-r3-diriyah,2023-24,2024,3,21,nyck-de-vries,mahindra-racing,spark-gen3,mahindra-m10electro
fe-2023-24-r3-diriyah,2023-24,2024,3,17,norman-nato,andretti-formula-e,spark-gen3,porsche-99x-electric
fe-2023-24-r3-diriyah,2023-24,2024,3,11,lucas-di-grassi,abt-cupra-formula-e-team,spark-gen3,mahindra-m10electro
fe-2023-24-r3-diriyah,2023-24,2024,3,3,sergio-sette-camara,ert-formula-e-team,spark-gen3,ert-x24
fe-2023-24-r3-diriyah,2023-24,2024,3,33,dan-ticktum,ert-formula-e-team,spark-gen3,ert-x24
fe-2023-24-r3-diriyah,2023-24,2024,3,18,jehan-daruvala,maserati-msg-racing,spark-gen3,maserati-tipo-folgore
fe-2023-24-r3-diriyah,2023-24,2024,3,8,sam-bird,neom-mclaren-formula-e-team,spark-gen3,nissan-e-4orce-04
fe-2023-24-r3-diriyah,2023-24,2024,3,16,sebastien-buemi,envision-racing,spark-gen3,jaguar-i-type-6
fe-2023-24-r4-sao-paulo,2023-24,2024,4,8,sam-bird,neom-mclaren-formula-e-team,spark-gen3,nissan-e-4orce-04
fe-2023-24-r4-sao-paulo,2023-24,2024,4,9,mitch-evans,jaguar-tcs-racing,spark-gen3,jaguar-i-type-6
fe-2023-24-r4-sao-paulo,2023-24,2024,4,22,oliver-rowland,nissan-formula-e-team,spark-gen3,nissan-e-4orce-04
fe-2023-24-r4-sao-paulo,2023-24,2024,4,94,pascal-wehrlein,tag-heuer-porsche-formula-e-team,spark-gen3,porsche-99x-electric
fe-2023-24-r4-sao-paulo,2023-24,2024,4,1,jake-dennis,andretti-formula-e,spark-gen3,porsche-99x-electric
fe-2023-24-r4-sao-paulo,2023-24,2024,4,13,antonio-felix-da-costa,tag-heuer-porsche-formula-e-team,spark-gen3,porsche-99x-electric
fe-2023-24-r4-sao-paulo,2023-24,2024,4,25,jean-eric-vergne,ds-penske,spark-gen3,ds-e-tense-fe23
fe-2023-24-r4-sao-paulo,2023-24,2024,4,2,stoffel-vandoorne,ds-penske,spark-gen3,ds-e-tense-fe23
fe-2023-24-r4-sao-paulo,2023-24,2024,4,7,maximilian-gunther,maserati-msg-racing,spark-gen3,maserati-tipo-folgore
fe-2023-24-r4-sao-paulo,2023-24,2024,4,16,sebastien-buemi,envision-racing,spark-gen3,jaguar-i-type-6
fe-2023-24-r4-sao-paulo,2023-24,2024,4,23,sacha-fenestraz,nissan-formula-e-team,spark-gen3,nissan-e-4orce-04
fe-2023-24-r4-sao-paulo,2023-24,2024,4,48,edoardo-mortara,mahindra-racing,spark-gen3,mahindra-m10electro
fe-2023-24-r4-sao-paulo,2023-24,2024,4,11,lucas-di-grassi,abt-cupra-formula-e-team,spark-gen3,mahindra-m10electro
fe-2023-24-r4-sao-paulo,2023-24,2024,4,21,nyck-de-vries,mahindra-racing,spark-gen3,mahindra-m10electro
fe-2023-24-r4-sao-paulo,2023-24,2024,4,18,jehan-daruvala,maserati-msg-racing,spark-gen3,maserati-tipo-folgore
fe-2023-24-r4-sao-paulo,2023-24,2024,4,3,sergio-sette-camara,ert-formula-e-team,spark-gen3,ert-x24
fe-2023-24-r4-sao-paulo,2023-24,2024,4,33,dan-ticktum,ert-formula-e-team,spark-gen3,ert-x24
fe-2023-24-r4-sao-paulo,2023-24,2024,4,17,norman-nato,andretti-formula-e,spark-gen3,porsche-99x-electric
fe-2023-24-r4-sao-paulo,2023-24,2024,4,4,robin-frijns,envision-racing,spark-gen3,jaguar-i-type-6
fe-2023-24-r4-sao-paulo,2023-24,2024,4,5,jake-hughes,neom-mclaren-formula-e-team,spark-gen3,nissan-e-4orce-04
fe-2023-24-r4-sao-paulo,2023-24,2024,4,51,nico-muller,abt-cupra-formula-e-team,spark-gen3,mahindra-m10electro
fe-2023-24-r4-sao-paulo,2023-24,2024,4,37,nick-cassidy,jaguar-tcs-racing,spark-gen3,jaguar-i-type-6
fe-2023-24-r5-tokyo,2023-24,2024,5,7,maximilian-gunther,maserati-msg-racing,spark-gen3,maserati-tipo-folgore
fe-2023-24-r5-tokyo,2023-24,2024,5,22,oliver-rowland,nissan-formula-e-team,spark-gen3,nissan-e-4orce-04
fe-2023-24-r5-tokyo,2023-24,2024,5,1,jake-dennis,andretti-formula-e,spark-gen3,porsche-99x-electric
fe-2023-24-r5-tokyo,2023-24,2024,5,13,antonio-felix-da-costa,tag-heuer-porsche-formula-e-team,spark-gen3,porsche-99x-electric
fe-2023-24-r5-tokyo,2023-24,2024,5,94,pascal-wehrlein,tag-heuer-porsche-formula-e-team,spark-gen3,porsche-99x-electric
fe-2023-24-r5-tokyo,2023-24,2024,5,51,nico-muller,abt-cupra-formula-e-team,spark-gen3,mahindra-m10electro
fe-2023-24-r5-tokyo,2023-24,2024,5,37,nick-cassidy,jaguar-tcs-racing,spark-gen3,jaguar-i-type-6
fe-2023-24-r5-tokyo,2023-24,2024,5,4,robin-frijns,envision-racing,spark-gen3,jaguar-i-type-6
fe-2023-24-r5-tokyo,2023-24,2024,5,3,sergio-sette-camara,ert-formula-e-team,spark-gen3,ert-x24
fe-2023-24-r5-tokyo,2023-24,2024,5,23,sacha-fenestraz,nissan-formula-e-team,spark-gen3,nissan-e-4orce-04
fe-2023-24-r5-tokyo,2023-24,2024,5,25,jean-eric-vergne,ds-penske,spark-gen3,ds-e-tense-fe23
fe-2023-24-r5-tokyo,2023-24,2024,5,16,sebastien-buemi,envision-racing,spark-gen3,jaguar-i-type-6
fe-2023-24-r5-tokyo,2023-24,2024,5,5,jake-hughes,neom-mclaren-formula-e-team,spark-gen3,nissan-e-4orce-04
fe-2023-24-r5-tokyo,2023-24,2024,5,9,mitch-evans,jaguar-tcs-racing,spark-gen3,jaguar-i-type-6
fe-2023-24-r5-tokyo,2023-24,2024,5,17,norman-nato,andretti-formula-e,spark-gen3,porsche-99x-electric
fe-2023-24-r5-tokyo,2023-24,2024,5,2,stoffel-vandoorne,ds-penske,spark-gen3,ds-e-tense-fe23
fe-2023-24-r5-tokyo,2023-24,2024,5,18,jehan-daruvala,maserati-msg-racing,spark-gen3,maserati-tipo-folgore
fe-2023-24-r5-tokyo,2023-24,2024,5,33,dan-ticktum,ert-formula-e-team,spark-gen3,ert-x24
fe-2023-24-r5-tokyo,2023-24,2024,5,8,sam-bird,neom-mclaren-formula-e-team,spark-gen3,nissan-e-4orce-04
fe-2023-24-r5-tokyo,2023-24,2024,5,11,lucas-di-grassi,abt-cupra-formula-e-team,spark-gen3,mahindra-m10electro
fe-2023-24-r5-tokyo,2023-24,2024,5,21,nyck-de-vries,mahindra-racing,spark-gen3,mahindra-m10electro
fe-2023-24-r5-tokyo,2023-24,2024,5,48,edoardo-mortara,mahindra-racing,spark-gen3,mahindra-m10electro
fe-2023-24-r6-misano,2023-24,2024,6,22,oliver-rowland,nissan-formula-e-team,spark-gen3,nissan-e-4orce-04
fe-2023-24-r6-misano,2023-24,2024,6,1,jake-dennis,andretti-formula-e,spark-gen3,porsche-99x-electric
fe-2023-24-r6-misano,2023-24,2024,6,7,maximilian-gunther,maserati-msg-racing,spark-gen3,maserati-tipo-folgore
fe-2023-24-r6-misano,2023-24,2024,6,33,dan-ticktum,ert-formula-e-team,spark-gen3,ert-x24
fe-2023-24-r6-misano,2023-24,2024,6,9,mitch-evans,jaguar-tcs-racing,spark-gen3,jaguar-i-type-6
fe-2023-24-r6-misano,2023-24,2024,6,25,jean-eric-vergne,ds-penske,spark-gen3,ds-e-tense-fe23
fe-2023-24-r6-misano,2023-24,2024,6,17,norman-nato,andretti-formula-e,spark-gen3,porsche-99x-electric
fe-2023-24-r6-misano,2023-24,2024,6,2,stoffel-vandoorne,ds-penske,spark-gen3,ds-e-tense-fe23
fe-2023-24-r6-misano,2023-24,2024,6,23,sacha-fenestraz,nissan-formula-e-team,spark-gen3,nissan-e-4orce-04
fe-2023-24-r6-misano,2023-24,2024,6,11,lucas-di-grassi,abt-cupra-formula-e-team,spark-gen3,mahindra-m10electro
fe-2023-24-r6-misano,2023-24,2024,6,51,nico-muller,abt-cupra-formula-e-team,spark-gen3,mahindra-m10electro
fe-2023-24-r6-misano,2023-24,2024,6,16,sebastien-buemi,envision-racing,spark-gen3,jaguar-i-type-6
fe-2023-24-r6-misano,2023-24,2024,6,5,jake-hughes,neom-mclaren-formula-e-team,spark-gen3,nissan-e-4orce-04
fe-2023-24-r6-misano,2023-24,2024,6,21,nyck-de-vries,mahindra-racing,spark-gen3,mahindra-m10electro
fe-2023-24-r6-misano,2023-24,2024,6,3,sergio-sette-camara,ert-formula-e-team,spark-gen3,ert-x24
fe-2023-24-r6-misano,2023-24,2024,6,94,pascal-wehrlein,tag-heuer-porsche-formula-e-team,spark-gen3,porsche-99x-electric
fe-2023-24-r6-misano,2023-24,2024,6,4,robin-frijns,envision-racing,spark-gen3,jaguar-i-type-6
fe-2023-24-r6-misano,2023-24,2024,6,48,edoardo-mortara,mahindra-racing,spark-gen3,mahindra-m10electro
fe-2023-24-r6-misano,2023-24,2024,6,8,sam-bird,neom-mclaren-formula-e-team,spark-gen3,nissan-e-4orce-04
fe-2023-24-r6-misano,2023-24,2024,6,13,antonio-felix-da-costa,tag-heuer-porsche-formula-e-team,spark-gen3,porsche-99x-electric
fe-2023-24-r6-misano,2023-24,2024,6,18,jehan-daruvala,maserati-msg-racing,spark-gen3,maserati-tipo-folgore
fe-2023-24-r6-misano,2023-24,2024,6,37,nick-cassidy,jaguar-tcs-racing,spark-gen3,jaguar-i-type-6
fe-2023-24-r7-misano,2023-24,2024,7,94,pascal-wehrlein,tag-heuer-porsche-formula-e-team,spark-gen3,porsche-99x-electric
fe-2023-24-r7-misano,2023-24,2024,7,1,jake-dennis,andretti-formula-e,spark-gen3,porsche-99x-electric
fe-2023-24-r7-misano,2023-24,2024,7,37,nick-cassidy,jaguar-tcs-racing,spark-gen3,jaguar-i-type-6
fe-2023-24-r7-misano,2023-24,2024,7,51,nico-muller,abt-cupra-formula-e-team,spark-gen3,mahindra-m10electro
fe-2023-24-r7-misano,2023-24,2024,7,23,sacha-fenestraz,nissan-formula-e-team,spark-gen3,nissan-e-4orce-04
fe-2023-24-r7-misano,2023-24,2024,7,3,sergio-sette-camara,ert-formula-e-team,spark-gen3,ert-x24
fe-2023-24-r7-misano,2023-24,2024,7,25,jean-eric-vergne,ds-penske,spark-gen3,ds-e-tense-fe23
fe-2023-24-r7-misano,2023-24,2024,7,5,jake-hughes,neom-mclaren-formula-e-team,spark-gen3,nissan-e-4orce-04
fe-2023-24-r7-misano,2023-24,2024,7,18,jehan-daruvala,maserati-msg-racing,spark-gen3,maserati-tipo-folgore
fe-2023-24-r7-misano,2023-24,2024,7,8,sam-bird,neom-mclaren-formula-e-team,spark-gen3,nissan-e-4orce-04
fe-2023-24-r7-misano,2023-24,2024,7,11,lucas-di-grassi,abt-cupra-formula-e-team,spark-gen3,mahindra-m10electro
fe-2023-24-r7-misano,2023-24,2024,7,7,maximilian-gunther,maserati-msg-racing,spark-gen3,maserati-tipo-folgore
fe-2023-24-r7-misano,2023-24,2024,7,48,edoardo-mortara,mahindra-racing,spark-gen3,mahindra-m10electro
fe-2023-24-r7-misano,2023-24,2024,7,33,dan-ticktum,ert-formula-e-team,spark-gen3,ert-x24
fe-2023-24-r7-misano,2023-24,2024,7,21,nyck-de-vries,mahindra-racing,spark-gen3,mahindra-m10electro
fe-2023-24-r7-misano,2023-24,2024,7,17,norman-nato,andretti-formula-e,spark-gen3,porsche-99x-electric
fe-2023-24-r7-misano,2023-24,2024,7,13,antonio-felix-da-costa,tag-heuer-porsche-formula-e-team,spark-gen3,porsche-99x-electric
fe-2023-24-r7-misano,2023-24,2024,7,22,oliver-rowland,nissan-formula-e-team,spark-gen3,nissan-e-4orce-04
fe-2023-24-r7-misano,2023-24,2024,7,16,sebastien-buemi,envision-racing,spark-gen3,jaguar-i-type-6
fe-2023-24-r7-misano,2023-24,2024,7,2,stoffel-vandoorne,ds-penske,spark-gen3,ds-e-tense-fe23
fe-2023-24-r7-misano,2023-24,2024,7,9,mitch-evans,jaguar-tcs-racing,spark-gen3,jaguar-i-type-6
fe-2023-24-r7-misano,2023-24,2024,7,4,robin-frijns,envision-racing,spark-gen3,jaguar-i-type-6
fe-2023-24-r8-monaco,2023-24,2024,8,9,mitch-evans,jaguar-tcs-racing,spark-gen3,jaguar-i-type-6
fe-2023-24-r8-monaco,2023-24,2024,8,37,nick-cassidy,jaguar-tcs-racing,spark-gen3,jaguar-i-type-6
fe-2023-24-r8-monaco,2023-24,2024,8,2,stoffel-vandoorne,ds-penske,spark-gen3,ds-e-tense-fe23
fe-2023-24-r8-monaco,2023-24,2024,8,25,jean-eric-vergne,ds-penske,spark-gen3,ds-e-tense-fe23
fe-2023-24-r8-monaco,2023-24,2024,8,94,pascal-wehrlein,tag-heuer-porsche-formula-e-team,spark-gen3,porsche-99x-electric
fe-2023-24-r8-monaco,2023-24,2024,8,22,oliver-rowland,nissan-formula-e-team,spark-gen3,nissan-e-4orce-04
fe-2023-24-r8-monaco,2023-24,2024,8,13,antonio-felix-da-costa,tag-heuer-porsche-formula-e-team,spark-gen3,porsche-99x-electric
fe-2023-24-r8-monaco,2023-24,2024,8,23,sacha-fenestraz,nissan-formula-e-team,spark-gen3,nissan-e-4orce-04
fe-2023-24-r8-monaco,2023-24,2024,8,7,maximilian-gunther,maserati-msg-racing,spark-gen3,maserati-tipo-folgore
fe-2023-24-r8-monaco,2023-24,2024,8,17,norman-nato,andretti-formula-e,spark-gen3,porsche-99x-electric
fe-2023-24-r8-monaco,2023-24,2024,8,11,lucas-di-grassi,abt-cupra-formula-e-team,spark-gen3,mahindra-m10electro
fe-2023-24-r8-monaco,2023-24,2024,8,21,nyck-de-vries,mahindra-racing,spark-gen3,mahindra-m10electro
fe-2023-24-r8-monaco,2023-24,2024,8,33,dan-ticktum,ert-formula-e-team,spark-gen3,ert-x24
fe-2023-24-r8-monaco,2023-24,2024,8,8,taylor-barnard,neom-mclaren-formula-e-team,spark-gen3,nissan-e-4orce-04
fe-2023-24-r8-monaco,2023-24,2024,8,16,sebastien-buemi,envision-racing,spark-gen3,jaguar-i-type-6
fe-2023-24-r8-monaco,2023-24,2024,8,5,jake-hughes,neom-mclaren-formula-e-team,spark-gen3,nissan-e-4orce-04
fe-2023-24-r8-monaco,2023-24,2024,8,4,robin-frijns,envision-racing,spark-gen3,jaguar-i-type-6
fe-2023-24-r8-monaco,2023-24,2024,8,3,sergio-sette-camara,ert-formula-e-team,spark-gen3,ert-x24
fe-2023-24-r8-monaco,2023-24,2024,8,1,jake-dennis,andretti-formula-e,spark-gen3,porsche-99x-electric
fe-2023-24-r8-monaco,2023-24,2024,8,18,jehan-daruvala,maserati-msg-racing,spark-gen3,maserati-tipo-folgore
fe-2023-24-r8-monaco,2023-24,2024,8,48,edoardo-mortara,mahindra-racing,spark-gen3,mahindra-m10electro
fe-2023-24-r8-monaco,2023-24,2024,8,51,nico-muller,abt-cupra-formula-e-team,spark-gen3,mahindra-m10electro
fe-2023-24-r9-berlin,2023-24,2024,9,37,nick-cassidy,jaguar-tcs-racing,spark-gen3,jaguar-i-type-6
fe-2023-24-r9-berlin,2023-24,2024,9,25,jean-eric-vergne,ds-penske,spark-gen3,ds-e-tense-fe23
fe-2023-24-r9-berlin,2023-24,2024,9,22,oliver-rowland,nissan-formula-e-team,spark-gen3,nissan-e-4orce-04
fe-2023-24-r9-berlin,2023-24,2024,9,9,mitch-evans,jaguar-tcs-racing,spark-gen3,jaguar-i-type-6
fe-2023-24-r9-berlin,2023-24,2024,9,94,pascal-wehrlein,tag-heuer-porsche-formula-e-team,spark-gen3,porsche-99x-electric
fe-2023-24-r9-berlin,2023-24,2024,9,13,antonio-felix-da-costa,tag-heuer-porsche-formula-e-team,spark-gen3,porsche-99x-electric
fe-2023-24-r9-berlin,2023-24,2024,9,2,stoffel-vandoorne,ds-penske,spark-gen3,ds-e-tense-fe23
fe-2023-24-r9-berlin,2023-24,2024,9,48,edoardo-mortara,mahindra-racing,spark-gen3,mahindra-m10electro
fe-2023-24-r9-berlin,2023-24,2024,9,23,sacha-fenestraz,nissan-formula-e-team,spark-gen3,nissan-e-4orce-04
fe-2023-24-r9-berlin,2023-24,2024,9,8,taylor-barnard,neom-mclaren-formula-e-team,spark-gen3,nissan-e-4orce-04
fe-2023-24-r9-berlin,2023-24,2024,9,51,kelvin-van-der-linde,abt-cupra-formula-e-team,spark-gen3,mahindra-m10electro
fe-2023-24-r9-berlin,2023-24,2024,9,33,dan-ticktum,ert-formula-e-team,spark-gen3,ert-x24
fe-2023-24-r9-berlin,2023-24,2024,9,5,jake-hughes,neom-mclaren-formula-e-team,spark-gen3,nissan-e-4orce-04
fe-2023-24-r9-berlin,2023-24,2024,9,3,sergio-sette-camara,ert-formula-e-team,spark-gen3,ert-x24
fe-2023-24-r9-berlin,2023-24,2024,9,18,jehan-daruvala,maserati-msg-racing,spark-gen3,maserati-tipo-folgore
fe-2023-24-r9-berlin,2023-24,2024,9,17,norman-nato,andretti-formula-e,spark-gen3,porsche-99x-electric
fe-2023-24-r9-berlin,2023-24,2024,9,4,joel-eriksson,envision-racing,spark-gen3,jaguar-i-type-6
fe-2023-24-r9-berlin,2023-24,2024,9,1,jake-dennis,andretti-formula-e,spark-gen3,porsche-99x-electric
fe-2023-24-r9-berlin,2023-24,2024,9,11,lucas-di-grassi,abt-cupra-formula-e-team,spark-gen3,mahindra-m10electro
fe-2023-24-r9-berlin,2023-24,2024,9,7,maximilian-gunther,maserati-msg-racing,spark-gen3,maserati-tipo-folgore
fe-2023-24-r10-berlin,2023-24,2024,10,13,antonio-felix-da-costa,tag-heuer-porsche-formula-e-team,spark-gen3,porsche-99x-electric
fe-2023-24-r10-berlin,2023-24,2024,10,37,nick-cassidy,jaguar-tcs-racing,spark-gen3,jaguar-i-type-6
fe-2023-24-r10-berlin,2023-24,2024,10,22,oliver-rowland,nissan-formula-e-team,spark-gen3,nissan-e-4orce-04
fe-2023-24-r10-berlin,2023-24,2024,10,94,pascal-wehrlein,tag-heuer-porsche-formula-e-team,spark-gen3,porsche-99x-electric
fe-2023-24-r10-berlin,2023-24,2024,10,1,jake-dennis,andretti-formula-e,spark-gen3,porsche-99x-electric
fe-2023-24-r10-berlin,2023-24,2024,10,9,mitch-evans,jaguar-tcs-racing,spark-gen3,jaguar-i-type-6
fe-2023-24-r10-berlin,2023-24,2024,10,18,jehan-daruvala,maserati-msg-racing,spark-gen3,maserati-tipo-folgore
fe-2023-24-r10-berlin,2023-24,2024,10,8,taylor-barnard,neom-mclaren-formula-e-team,spark-gen3,nissan-e-4orce-04
fe-2023-24-r10-berlin,2023-24,2024,10,4,joel-eriksson,envision-racing,spark-gen3,jaguar-i-type-6
fe-2023-24-r10-berlin,2023-24,2024,10,25,jean-eric-vergne,ds-penske,spark-gen3,ds-e-tense-fe23
fe-2023-24-r10-berlin,2023-24,2024,10,11,lucas-di-grassi,abt-cupra-formula-e-team,spark-gen3,mahindra-m10electro
fe-2023-24-r10-berlin,2023-24,2024,10,5,jake-hughes,neom-mclaren-formula-e-team,spark-gen3,nissan-e-4orce-04
fe-2023-24-r10-berlin,2023-24,2024,10,3,sergio-sette-camara,ert-formula-e-team,spark-gen3,ert-x24
fe-2023-24-r10-berlin,2023-24,2024,10,51,kelvin-van-der-linde,abt-cupra-formula-e-team,spark-gen3,mahindra-m10electro
fe-2023-24-r10-berlin,2023-24,2024,10,48,edoardo-mortara,mahindra-racing,spark-gen3,mahindra-m10electro
fe-2023-24-r10-berlin,2023-24,2024,10,33,dan-ticktum,ert-formula-e-team,spark-gen3,ert-x24
fe-2023-24-r10-berlin,2023-24,2024,10,17,norman-nato,andretti-formula-e,spark-gen3,porsche-99x-electric
fe-2023-24-r10-berlin,2023-24,2024,10,2,stoffel-vandoorne,ds-penske,spark-gen3,ds-e-tense-fe23
fe-2023-24-r10-berlin,2023-24,2024,10,23,sacha-fenestraz,nissan-formula-e-team,spark-gen3,nissan-e-4orce-04
fe-2023-24-r10-berlin,2023-24,2024,10,7,maximilian-gunther,maserati-msg-racing,spark-gen3,maserati-tipo-folgore
fe-2023-24-r11-shanghai,2023-24,2024,11,9,mitch-evans,jaguar-tcs-racing,spark-gen3,jaguar-i-type-6
fe-2023-24-r11-shanghai,2023-24,2024,11,94,pascal-wehrlein,tag-heuer-porsche-formula-e-team,spark-gen3,porsche-99x-electric
fe-2023-24-r11-shanghai,2023-24,2024,11,37,nick-cassidy,jaguar-tcs-racing,spark-gen3,jaguar-i-type-6
fe-2023-24-r11-shanghai,2023-24,2024,11,22,oliver-rowland,nissan-formula-e-team,spark-gen3,nissan-e-4orce-04
fe-2023-24-r11-shanghai,2023-24,2024,11,1,jake-dennis,andretti-formula-e,spark-gen3,porsche-99x-electric
fe-2023-24-r11-shanghai,2023-24,2024,11,25,jean-eric-vergne,ds-penske,spark-gen3,ds-e-tense-fe23
fe-2023-24-r11-shanghai,2023-24,2024,11,21,nyck-de-vries,mahindra-racing,spark-gen3,mahindra-m10electro
fe-2023-24-r11-shanghai,2023-24,2024,11,16,sebastien-buemi,envision-racing,spark-gen3,jaguar-i-type-6
fe-2023-24-r11-shanghai,2023-24,2024,11,2,stoffel-vandoorne,ds-penske,spark-gen3,ds-e-tense-fe23
fe-2023-24-r11-shanghai,2023-24,2024,11,11,lucas-di-grassi,abt-cupra-formula-e-team,spark-gen3,mahindra-m10electro
fe-2023-24-r11-shanghai,2023-24,2024,11,23,sacha-fenestraz,nissan-formula-e-team,spark-gen3,nissan-e-4orce-04
fe-2023-24-r11-shanghai,2023-24,2024,11,4,robin-frijns,envision-racing,spark-gen3,jaguar-i-type-6
fe-2023-24-r11-shanghai,2023-24,2024,11,3,sergio-sette-camara,ert-formula-e-team,spark-gen3,ert-x24
fe-2023-24-r11-shanghai,2023-24,2024,11,17,norman-nato,andretti-formula-e,spark-gen3,porsche-99x-electric
fe-2023-24-r11-shanghai,2023-24,2024,11,51,nico-muller,abt-cupra-formula-e-team,spark-gen3,mahindra-m10electro
fe-2023-24-r11-shanghai,2023-24,2024,11,5,jake-hughes,neom-mclaren-formula-e-team,spark-gen3,nissan-e-4orce-04
fe-2023-24-r11-shanghai,2023-24,2024,11,8,sam-bird,neom-mclaren-formula-e-team,spark-gen3,nissan-e-4orce-04
fe-2023-24-r11-shanghai,2023-24,2024,11,13,antonio-felix-da-costa,tag-heuer-porsche-formula-e-team,spark-gen3,porsche-99x-electric
fe-2023-24-r11-shanghai,2023-24,2024,11,18,jehan-daruvala,maserati-msg-racing,spark-gen3,maserati-tipo-folgore
fe-2023-24-r11-shanghai,2023-24,2024,11,33,dan-ticktum,ert-formula-e-team,spark-gen3,ert-x24
fe-2023-24-r11-shanghai,2023-24,2024,11,7,maximilian-gunther,maserati-msg-racing,spark-gen3,maserati-tipo-folgore
fe-2023-24-r11-shanghai,2023-24,2024,11,48,edoardo-mortara,mahindra-racing,spark-gen3,mahindra-m10electro
fe-2023-24-r12-shanghai,2023-24,2024,12,13,antonio-felix-da-costa,tag-heuer-porsche-formula-e-team,spark-gen3,porsche-99x-electric
fe-2023-24-r12-shanghai,2023-24,2024,12,5,jake-hughes,neom-mclaren-formula-e-team,spark-gen3,nissan-e-4orce-04
fe-2023-24-r12-shanghai,2023-24,2024,12,17,norman-nato,andretti-formula-e,spark-gen3,porsche-99x-electric
fe-2023-24-r12-shanghai,2023-24,2024,12,37,nick-cassidy,jaguar-tcs-racing,spark-gen3,jaguar-i-type-6
fe-2023-24-r12-shanghai,2023-24,2024,12,9,mitch-evans,jaguar-tcs-racing,spark-gen3,jaguar-i-type-6
fe-2023-24-r12-shanghai,2023-24,2024,12,2,stoffel-vandoorne,ds-penske,spark-gen3,ds-e-tense-fe23
fe-2023-24-r12-shanghai,2023-24,2024,12,25,jean-eric-vergne,ds-penske,spark-gen3,ds-e-tense-fe23
fe-2023-24-r12-shanghai,2023-24,2024,12,7,maximilian-gunther,maserati-msg-racing,spark-gen3,maserati-tipo-folgore
fe-2023-24-r12-shanghai,2023-24,2024,12,4,robin-frijns,envision-racing,spark-gen3,jaguar-i-type-6
fe-2023-24-r12-shanghai,2023-24,2024,12,22,oliver-rowland,nissan-formula-e-team,spark-gen3,nissan-e-4orce-04
fe-2023-24-r12-shanghai,2023-24,2024,12,1,jake-dennis,andretti-formula-e,spark-gen3,porsche-99x-electric
fe-2023-24-r12-shanghai,2023-24,2024,12,16,sebastien-buemi,envision-racing,spark-gen3,jaguar-i-type-6
fe-2023-24-r12-shanghai,2023-24,2024,12,48,edoardo-mortara,mahindra-racing,spark-gen3,mahindra-m10electro
fe-2023-24-r12-shanghai,2023-24,2024,12,23,sacha-fenestraz,nissan-formula-e-team,spark-gen3,nissan-e-4orce-04
fe-2023-24-r12-shanghai,2023-24,2024,12,51,nico-muller,abt-cupra-formula-e-team,spark-gen3,mahindra-m10electro
fe-2023-24-r12-shanghai,2023-24,2024,12,21,nyck-de-vries,mahindra-racing,spark-gen3,mahindra-m10electro
fe-2023-24-r12-shanghai,2023-24,2024,12,18,jehan-daruvala,maserati-msg-racing,spark-gen3,maserati-tipo-folgore
fe-2023-24-r12-shanghai,2023-24,2024,12,3,sergio-sette-camara,ert-formula-e-team,spark-gen3,ert-x24
fe-2023-24-r12-shanghai,2023-24,2024,12,11,lucas-di-grassi,abt-cupra-formula-e-team,spark-gen3,mahindra-m10electro
fe-2023-24-r12-shanghai,2023-24,2024,12,94,pascal-wehrlein,tag-heuer-porsche-formula-e-team,spark-gen3,porsche-99x-electric
fe-2023-24-r12-shanghai,2023-24,2024,12,33,dan-ticktum,ert-formula-e-team,spark-gen3,ert-x24
fe-2023-24-r12-shanghai,2023-24,2024,12,8,sam-bird,neom-mclaren-formula-e-team,spark-gen3,nissan-e-4orce-04
fe-2023-24-r13-portland,2023-24,2024,13,13,antonio-felix-da-costa,tag-heuer-porsche-formula-e-team,spark-gen3,porsche-99x-electric
fe-2023-24-r13-portland,2023-24,2024,13,4,robin-frijns,envision-racing,spark-gen3,jaguar-i-type-6
fe-2023-24-r13-portland,2023-24,2024,13,25,jean-eric-vergne,ds-penske,spark-gen3,ds-e-tense-fe23
fe-2023-24-r13-portland,2023-24,2024,13,48,edoardo-mortara,mahindra-racing,spark-gen3,mahindra-m10electro
fe-2023-24-r13-portland,2023-24,2024,13,51,nico-muller,abt-cupra-formula-e-team,spark-gen3,mahindra-m10electro
fe-2023-24-r13-portland,2023-24,2024,13,1,jake-dennis,andretti-formula-e,spark-gen3,porsche-99x-electric
fe-2023-24-r13-portland,2023-24,2024,13,8,sam-bird,neom-mclaren-formula-e-team,spark-gen3,nissan-e-4orce-04
fe-2023-24-r13-portland,2023-24,2024,13,9,mitch-evans,jaguar-tcs-racing,spark-gen3,jaguar-i-type-6
fe-2023-24-r13-portland,2023-24,2024,13,2,stoffel-vandoorne,ds-penske,spark-gen3,ds-e-tense-fe23
fe-2023-24-r13-portland,2023-24,2024,13,94,pascal-wehrlein,tag-heuer-porsche-formula-e-team,spark-gen3,porsche-99x-electric
fe-2023-24-r13-portland,2023-24,2024,13,11,lucas-di-grassi,abt-cupra-formula-e-team,spark-gen3,mahindra-m10electro
fe-2023-24-r13-portland,2023-24,2024,13,21,nyck-de-vries,mahindra-racing,spark-gen3,mahindra-m10electro
fe-2023-24-r13-portland,2023-24,2024,13,17,norman-nato,andretti-formula-e,spark-gen3,porsche-99x-electric
fe-2023-24-r13-portland,2023-24,2024,13,3,sergio-sette-camara,ert-formula-e-team,spark-gen3,ert-x24
fe-2023-24-r13-portland,2023-24,2024,13,23,sacha-fenestraz,nissan-formula-e-team,spark-gen3,nissan-e-4orce-04
fe-2023-24-r13-portland,2023-24,2024,13,18,jehan-daruvala,maserati-msg-racing,spark-gen3,maserati-tipo-folgore
fe-2023-24-r13-portland,2023-24,2024,13,33,dan-ticktum,ert-formula-e-team,spark-gen3,ert-x24
fe-2023-24-r13-portland,2023-24,2024,13,37,nick-cassidy,jaguar-tcs-racing,spark-gen3,jaguar-i-type-6
fe-2023-24-r13-portland,2023-24,2024,13,16,sebastien-buemi,envision-racing,spark-gen3,jaguar-i-type-6
fe-2023-24-r13-portland,2023-24,2024,13,5,jake-hughes,neom-mclaren-formula-e-team,spark-gen3,nissan-e-4orce-04
fe-2023-24-r13-portland,2023-24,2024,13,7,maximilian-gunther,maserati-msg-racing,spark-gen3,maserati-tipo-folgore
fe-2023-24-r14-portland,2023-24,2024,14,13,antonio-felix-da-costa,tag-heuer-porsche-formula-e-team,spark-gen3,porsche-99x-electric
fe-2023-24-r14-portland,2023-24,2024,14,4,robin-frijns,envision-racing,spark-gen3,jaguar-i-type-6
fe-2023-24-r14-portland,2023-24,2024,14,9,mitch-evans,jaguar-tcs-racing,spark-gen3,jaguar-i-type-6
fe-2023-24-r14-portland,2023-24,2024,14,94,pascal-wehrlein,tag-heuer-porsche-formula-e-team,spark-gen3,porsche-99x-electric
fe-2023-24-r14-portland,2023-24,2024,14,25,jean-eric-vergne,ds-penske,spark-gen3,ds-e-tense-fe23
fe-2023-24-r14-portland,2023-24,2024,14,51,nico-muller,abt-cupra-formula-e-team,spark-gen3,mahindra-m10electro
fe-2023-24-r14-portland,2023-24,2024,14,17,norman-nato,andretti-formula-e,spark-gen3,porsche-99x-electric
fe-2023-24-r14-portland,2023-24,2024,14,7,maximilian-gunther,maserati-msg-racing,spark-gen3,maserati-tipo-folgore
fe-2023-24-r14-portland,2023-24,2024,14,16,sebastien-buemi,envision-racing,spark-gen3,jaguar-i-type-6
fe-2023-24-r14-portland,2023-24,2024,14,1,jake-dennis,andretti-formula-e,spark-gen3,porsche-99x-electric
fe-2023-24-r14-portland,2023-24,2024,14,2,stoffel-vandoorne,ds-penske,spark-gen3,ds-e-tense-fe23
fe-2023-24-r14-portland,2023-24,2024,14,18,jehan-daruvala,maserati-msg-racing,spark-gen3,maserati-tipo-folgore
fe-2023-24-r14-portland,2023-24,2024,14,37,nick-cassidy,jaguar-tcs-racing,spark-gen3,jaguar-i-type-6
fe-2023-24-r14-portland,2023-24,2024,14,3,sergio-sette-camara,ert-formula-e-team,spark-gen3,ert-x24
fe-2023-24-r14-portland,2023-24,2024,14,33,dan-ticktum,ert-formula-e-team,spark-gen3,ert-x24
fe-2023-24-r14-portland,2023-24,2024,14,11,lucas-di-grassi,abt-cupra-formula-e-team,spark-gen3,mahindra-m10electro
fe-2023-24-r14-portland,2023-24,2024,14,23,sacha-fenestraz,nissan-formula-e-team,spark-gen3,nissan-e-4orce-04
fe-2023-24-r14-portland,2023-24,2024,14,48,edoardo-mortara,mahindra-racing,spark-gen3,mahindra-m10electro
fe-2023-24-r14-portland,2023-24,2024,14,8,sam-bird,neom-mclaren-formula-e-team,spark-gen3,nissan-e-4orce-04
fe-2023-24-r14-portland,2023-24,2024,14,21,nyck-de-vries,mahindra-racing,spark-gen3,mahindra-m10electro
fe-2023-24-r14-portland,2023-24,2024,14,5,jake-hughes,neom-mclaren-formula-e-team,spark-gen3,nissan-e-4orce-04
fe-2023-24-r15-london,2023-24,2024,15,94,pascal-wehrlein,tag-heuer-porsche-formula-e-team,spark-gen3,porsche-99x-electric
fe-2023-24-r15-london,2023-24,2024,15,9,mitch-evans,jaguar-tcs-racing,spark-gen3,jaguar-i-type-6
fe-2023-24-r15-london,2023-24,2024,15,16,sebastien-buemi,envision-racing,spark-gen3,jaguar-i-type-6
fe-2023-24-r15-london,2023-24,2024,15,21,nyck-de-vries,mahindra-racing,spark-gen3,mahindra-m10electro
fe-2023-24-r15-london,2023-24,2024,15,48,edoardo-mortara,mahindra-racing,spark-gen3,mahindra-m10electro
fe-2023-24-r15-london,2023-24,2024,15,51,nico-muller,abt-cupra-formula-e-team,spark-gen3,mahindra-m10electro
fe-2023-24-r15-london,2023-24,2024,15,37,nick-cassidy,jaguar-tcs-racing,spark-gen3,jaguar-i-type-6
fe-2023-24-r15-london,2023-24,2024,15,8,sam-bird,neom-mclaren-formula-e-team,spark-gen3,nissan-e-4orce-04
fe-2023-24-r15-london,2023-24,2024,15,2,stoffel-vandoorne,ds-penske,spark-gen3,ds-e-tense-fe23
fe-2023-24-r15-london,2023-24,2024,15,17,norman-nato,andretti-formula-e,spark-gen3,porsche-99x-electric
fe-2023-24-r15-london,2023-24,2024,15,11,lucas-di-grassi,abt-cupra-formula-e-team,spark-gen3,mahindra-m10electro
fe-2023-24-r15-london,2023-24,2024,15,3,sergio-sette-camara,ert-formula-e-team,spark-gen3,ert-x24
fe-2023-24-r15-london,2023-24,2024,15,33,dan-ticktum,ert-formula-e-team,spark-gen3,ert-x24
fe-2023-24-r15-london,2023-24,2024,15,23,sacha-fenestraz,nissan-formula-e-team,spark-gen3,nissan-e-4orce-04
fe-2023-24-r15-london,2023-24,2024,15,22,oliver-rowland,nissan-formula-e-team,spark-gen3,nissan-e-4orce-04
fe-2023-24-r15-london,2023-24,2024,15,1,jake-dennis,andretti-formula-e,spark-gen3,porsche-99x-electric
fe-2023-24-r15-london,2023-24,2024,15,25,jean-eric-vergne,ds-penske,spark-gen3,ds-e-tense-fe23
fe-2023-24-r15-london,2023-24,2024,15,18,jehan-daruvala,maserati-msg-racing,spark-gen3,maserati-tipo-folgore
fe-2023-24-r15-london,2023-24,2024,15,5,jake-hughes,neom-mclaren-formula-e-team,spark-gen3,nissan-e-4orce-04
fe-2023-24-r15-london,2023-24,2024,15,7,maximilian-gunther,maserati-msg-racing,spark-gen3,maserati-tipo-folgore
fe-2023-24-r15-london,2023-24,2024,15,13,antonio-felix-da-costa,tag-heuer-porsche-formula-e-team,spark-gen3,porsche-99x-electric
fe-2023-24-r15-london,2023-24,2024,15,4,robin-frijns,envision-racing,spark-gen3,jaguar-i-type-6
fe-2023-24-r16-london,2023-24,2024,16,22,oliver-rowland,nissan-formula-e-team,spark-gen3,nissan-e-4orce-04
fe-2023-24-r16-london,2023-24,2024,16,94,pascal-wehrlein,tag-heuer-porsche-formula-e-team,spark-gen3,porsche-99x-electric
fe-2023-24-r16-london,2023-24,2024,16,9,mitch-evans,jaguar-tcs-racing,spark-gen3,jaguar-i-type-6
fe-2023-24-r16-london,2023-24,2024,16,16,sebastien-buemi,envision-racing,spark-gen3,jaguar-i-type-6
fe-2023-24-r16-london,2023-24,2024,16,25,jean-eric-vergne,ds-penske,spark-gen3,ds-e-tense-fe23
fe-2023-24-r16-london,2023-24,2024,16,51,nico-muller,abt-cupra-formula-e-team,spark-gen3,mahindra-m10electro
fe-2023-24-r16-london,2023-24,2024,16,4,robin-frijns,envision-racing,spark-gen3,jaguar-i-type-6
fe-2023-24-r16-london,2023-24,2024,16,2,stoffel-vandoorne,ds-penske,spark-gen3,ds-e-tense-fe23
fe-2023-24-r16-london,2023-24,2024,16,11,lucas-di-grassi,abt-cupra-formula-e-team,spark-gen3,mahindra-m10electro
fe-2023-24-r16-london,2023-24,2024,16,5,jake-hughes,neom-mclaren-formula-e-team,spark-gen3,nissan-e-4orce-04
fe-2023-24-r16-london,2023-24,2024,16,3,sergio-sette-camara,ert-formula-e-team,spark-gen3,ert-x24
fe-2023-24-r16-london,2023-24,2024,16,17,norman-nato,andretti-formula-e,spark-gen3,porsche-99x-electric
fe-2023-24-r16-london,2023-24,2024,16,13,antonio-felix-da-costa,tag-heuer-porsche-formula-e-team,spark-gen3,porsche-99x-electric
fe-2023-24-r16-london,2023-24,2024,16,33,dan-ticktum,ert-formula-e-team,spark-gen3,ert-x24
fe-2023-24-r16-london,2023-24,2024,16,23,sacha-fenestraz,nissan-formula-e-team,spark-gen3,nissan-e-4orce-04
fe-2023-24-r16-london,2023-24,2024,16,21,nyck-de-vries,mahindra-racing,spark-gen3,mahindra-m10electro
fe-2023-24-r16-london,2023-24,2024,16,8,sam-bird,neom-mclaren-formula-e-team,spark-gen3,nissan-e-4orce-04
fe-2023-24-r16-london,2023-24,2024,16,48,edoardo-mortara,mahindra-racing,spark-gen3,mahindra-m10electro
fe-2023-24-r16-london,2023-24,2024,16,1,jake-dennis,andretti-formula-e,spark-gen3,porsche-99x-electric
fe-2023-24-r16-london,2023-24,2024,16,37,nick-cassidy,jaguar-tcs-racing,spark-gen3,jaguar-i-type-6
fe-2023-24-r16-london,2023-24,2024,16,7,maximilian-gunther,maserati-msg-racing,spark-gen3,maserati-tipo-folgore
fe-2023-24-r16-london,2023-24,2024,16,18,jehan-daruvala,maserati-msg-racing,spark-gen3,maserati-tipo-folgore
fe-2023-24-r9-berlin,2023-24,2024,9,21,jordan-king,mahindra-racing,spark-gen3,mahindra-m10electro
fe-2023-24-r9-berlin,2023-24,2024,9,16,paul-aron,envision-racing,spark-gen3,jaguar-i-type-6
fe-2023-24-r10-berlin,2023-24,2024,10,16,paul-aron,envision-racing,spark-gen3,jaguar-i-type-6
fe-2023-24-r10-berlin,2023-24,2024,10,21,jordan-king,mahindra-racing,spark-gen3,mahindra-m10electro
fe-2023-24-r13-portland,2023-24,2024,13,22,caio-collet,nissan-formula-e-team,spark-gen3,nissan-e-4orce-04
fe-2023-24-r14-portland,2023-24,2024,14,22,caio-collet,nissan-formula-e-team,spark-gen3,nissan-e-4orce-04
fe-2024-25-r1-sao-paulo,2024-25,2025,1,9,mitch-evans,jaguar-tcs-racing,spark-gen3-evo,jaguar-i-type-7
fe-2024-25-r1-sao-paulo,2024-25,2025,1,13,antonio-felix-da-costa,tag-heuer-porsche-formula-e-team,spark-gen3-evo,porsche-99x-electric
fe-2024-25-r1-sao-paulo,2024-25,2025,1,5,taylor-barnard,neom-mclaren-formula-e-team,spark-gen3-evo,nissan-e-4orce-05
fe-2024-25-r1-sao-paulo,2024-25,2025,1,8,sam-bird,neom-mclaren-formula-e-team,spark-gen3-evo,nissan-e-4orce-05
fe-2024-25-r1-sao-paulo,2024-25,2025,1,48,edoardo-mortara,mahindra-racing,spark-gen3-evo,m11electro
fe-2024-25-r1-sao-paulo,2024-25,2025,1,21,nyck-de-vries,mahindra-racing,spark-gen3-evo,m11electro
fe-2024-25-r1-sao-paulo,2024-25,2025,1,16,sebastien-buemi,envision-racing,spark-gen3-evo,jaguar-i-type-7
fe-2024-25-r1-sao-paulo,2024-25,2025,1,33,dan-ticktum,cupra-kiro,spark-gen3-evo,porsche-99x-electric-wcg3
fe-2024-25-r1-sao-paulo,2024-25,2025,1,25,jean-eric-vergne,ds-penske,spark-gen3-evo,ds-e-tense-fe25
fe-2024-25-r1-sao-paulo,2024-25,2025,1,2,stoffel-vandoorne,maserati-msg-racing,spark-gen3-evo,maserati-tipo-folgore
fe-2024-25-r1-sao-paulo,2024-25,2025,1,7,maximilian-gunther,ds-penske,spark-gen3-evo,ds-e-tense-fe25
fe-2024-25-r1-sao-paulo,2024-25,2025,1,22,zane-maloney,lola-yamaha-abt-formula-e-team,spark-gen3-evo,lola-t001
fe-2024-25-r1-sao-paulo,2024-25,2025,1,17,norman-nato,nissan-formula-e-team,spark-gen3-evo,nissan-e-4orce-05
fe-2024-25-r1-sao-paulo,2024-25,2025,1,23,oliver-rowland,nissan-formula-e-team,spark-gen3-evo,nissan-e-4orce-05
fe-2024-25-r1-sao-paulo,2024-25,2025,1,27,jake-dennis,andretti-formula-e,spark-gen3-evo,porsche-99x-electric
fe-2024-25-r1-sao-paulo,2024-25,2025,1,11,lucas-di-grassi,lola-yamaha-abt-formula-e-team,spark-gen3-evo,lola-t001
fe-2024-25-r1-sao-paulo,2024-25,2025,1,55,jake-hughes,maserati-msg-racing,spark-gen3-evo,maserati-tipo-folgore
fe-2024-25-r1-sao-paulo,2024-25,2025,1,51,nico-muller,andretti-formula-e,spark-gen3-evo,porsche-99x-electric
fe-2024-25-r1-sao-paulo,2024-25,2025,1,37,nick-cassidy,jaguar-tcs-racing,spark-gen3-evo,jaguar-i-type-7
fe-2024-25-r1-sao-paulo,2024-25,2025,1,4,robin-frijns,envision-racing,spark-gen3-evo,jaguar-i-type-7
fe-2024-25-r1-sao-paulo,2024-25,2025,1,1,pascal-wehrlein,tag-heuer-porsche-formula-e-team,spark-gen3-evo,porsche-99x-electric
fe-2024-25-r2-mexico-city,2024-25,2025,2,23,oliver-rowland,nissan-formula-e-team,spark-gen3-evo,nissan-e-4orce-05
fe-2024-25-r2-mexico-city,2024-25,2025,2,13,antonio-felix-da-costa,tag-heuer-porsche-formula-e-team,spark-gen3-evo,porsche-99x-electric
fe-2024-25-r2-mexico-city,2024-25,2025,2,1,pascal-wehrlein,tag-heuer-porsche-formula-e-team,spark-gen3-evo,porsche-99x-electric
fe-2024-25-r2-mexico-city,2024-25,2025,2,27,jake-dennis,andretti-formula-e,spark-gen3-evo,porsche-99x-electric
fe-2024-25-r2-mexico-city,2024-25,2025,2,25,jean-eric-vergne,ds-penske,spark-gen3-evo,ds-e-tense-fe25
fe-2024-25-r2-mexico-city,2024-25,2025,2,7,maximilian-gunther,ds-penske,spark-gen3-evo,ds-e-tense-fe25
fe-2024-25-r2-mexico-city,2024-25,2025,2,2,stoffel-vandoorne,maserati-msg-racing,spark-gen3-evo,maserati-tipo-folgore
fe-2024-25-r2-mexico-city,2024-25,2025,2,21,nyck-de-vries,mahindra-racing,spark-gen3-evo,m11electro
fe-2024-25-r2-mexico-city,2024-25,2025,2,51,nico-muller,andretti-formula-e,spark-gen3-evo,porsche-99x-electric
fe-2024-25-r2-mexico-city,2024-25,2025,2,55,jake-hughes,maserati-msg-racing,spark-gen3-evo,maserati-tipo-folgore
fe-2024-25-r2-mexico-city,2024-25,2025,2,4,robin-frijns,envision-racing,spark-gen3-evo,jaguar-i-type-7
fe-2024-25-r2-mexico-city,2024-25,2025,2,37,nick-cassidy,jaguar-tcs-racing,spark-gen3-evo,jaguar-i-type-7
fe-2024-25-r2-mexico-city,2024-25,2025,2,17,norman-nato,nissan-formula-e-team,spark-gen3-evo,nissan-e-4orce-05
fe-2024-25-r2-mexico-city,2024-25,2025,2,5,taylor-barnard,neom-mclaren-formula-e-team,spark-gen3-evo,nissan-e-4orce-05
fe-2024-25-r2-mexico-city,2024-25,2025,2,22,zane-maloney,lola-yamaha-abt-formula-e-team,spark-gen3-evo,lola-t001
fe-2024-25-r2-mexico-city,2024-25,2025,2,33,dan-ticktum,cupra-kiro,spark-gen3-evo,porsche-99x-electric-wcg3
fe-2024-25-r2-mexico-city,2024-25,2025,2,16,sebastien-buemi,envision-racing,spark-gen3-evo,jaguar-i-type-7
fe-2024-25-r2-mexico-city,2024-25,2025,2,8,sam-bird,neom-mclaren-formula-e-team,spark-gen3-evo,nissan-e-4orce-05
fe-2024-25-r2-mexico-city,2024-25,2025,2,48,edoardo-mortara,mahindra-racing,spark-gen3-evo,m11electro
fe-2024-25-r2-mexico-city,2024-25,2025,2,11,lucas-di-grassi,lola-yamaha-abt-formula-e-team,spark-gen3-evo,lola-t001
fe-2024-25-r2-mexico-city,2024-25,2025,2,9,mitch-evans,jaguar-tcs-racing,spark-gen3-evo,jaguar-i-type-7
fe-2024-25-r3-jeddah,2024-25,2025,3,7,maximilian-gunther,ds-penske,spark-gen3-evo,ds-e-tense-fe25
fe-2024-25-r3-jeddah,2024-25,2025,3,23,oliver-rowland,nissan-formula-e-team,spark-gen3-evo,nissan-e-4orce-05
fe-2024-25-r3-jeddah,2024-25,2025,3,5,taylor-barnard,neom-mclaren-formula-e-team,spark-gen3-evo,nissan-e-4orce-05
fe-2024-25-r3-jeddah,2024-25,2025,3,21,nyck-de-vries,mahindra-racing,spark-gen3-evo,m11electro
fe-2024-25-r3-jeddah,2024-25,2025,3,55,jake-hughes,maserati-msg-racing,spark-gen3-evo,maserati-tipo-folgore
fe-2024-25-r3-jeddah,2024-25,2025,3,25,jean-eric-vergne,ds-penske,spark-gen3-evo,ds-e-tense-fe25
fe-2024-25-r3-jeddah,2024-25,2025,3,48,edoardo-mortara,mahindra-racing,spark-gen3-evo,m11electro
fe-2024-25-r3-jeddah,2024-25,2025,3,8,sam-bird,neom-mclaren-formula-e-team,spark-gen3-evo,nissan-e-4orce-05
fe-2024-25-r3-jeddah,2024-25,2025,3,13,antonio-felix-da-costa,tag-heuer-porsche-formula-e-team,spark-gen3-evo,porsche-99x-electric
fe-2024-25-r3-jeddah,2024-25,2025,3,2,stoffel-vandoorne,maserati-msg-racing,spark-gen3-evo,maserati-tipo-folgore
fe-2024-25-r3-jeddah,2024-25,2025,3,37,nick-cassidy,jaguar-tcs-racing,spark-gen3-evo,jaguar-i-type-7
fe-2024-25-r3-jeddah,2024-25,2025,3,16,sebastien-buemi,envision-racing,spark-gen3-evo,jaguar-i-type-7
fe-2024-25-r3-jeddah,2024-25,2025,3,4,robin-frijns,envision-racing,spark-gen3-evo,jaguar-i-type-7
fe-2024-25-r3-jeddah,2024-25,2025,3,1,pascal-wehrlein,tag-heuer-porsche-formula-e-team,spark-gen3-evo,porsche-99x-electric
fe-2024-25-r3-jeddah,2024-25,2025,3,22,zane-maloney,lola-yamaha-abt-formula-e-team,spark-gen3-evo,lola-t001
fe-2024-25-r3-jeddah,2024-25,2025,3,17,norman-nato,nissan-formula-e-team,spark-gen3-evo,nissan-e-4orce-05
fe-2024-25-r3-jeddah,2024-25,2025,3,33,dan-ticktum,cupra-kiro,spark-gen3-evo,porsche-99x-electric-wcg3
fe-2024-25-r3-jeddah,2024-25,2025,3,9,mitch-evans,jaguar-tcs-racing,spark-gen3-evo,jaguar-i-type-7
fe-2024-25-r3-jeddah,2024-25,2025,3,11,lucas-di-grassi,lola-yamaha-abt-formula-e-team,spark-gen3-evo,lola-t001
fe-2024-25-r3-jeddah,2024-25,2025,3,27,jake-dennis,andretti-formula-e,spark-gen3-evo,porsche-99x-electric
fe-2024-25-r3-jeddah,2024-25,2025,3,51,nico-muller,andretti-formula-e,spark-gen3-evo,porsche-99x-electric
fe-2024-25-r4-jeddah,2024-25,2025,4,23,oliver-rowland,nissan-formula-e-team,spark-gen3-evo,nissan-e-4orce-05
fe-2024-25-r4-jeddah,2024-25,2025,4,5,taylor-barnard,neom-mclaren-formula-e-team,spark-gen3-evo,nissan-e-4orce-05
fe-2024-25-r4-jeddah,2024-25,2025,4,55,jake-hughes,maserati-msg-racing,spark-gen3-evo,maserati-tipo-folgore
fe-2024-25-r4-jeddah,2024-25,2025,4,27,jake-dennis,andretti-formula-e,spark-gen3-evo,porsche-99x-electric
fe-2024-25-r4-jeddah,2024-25,2025,4,37,nick-cassidy,jaguar-tcs-racing,spark-gen3-evo,jaguar-i-type-7
fe-2024-25-r4-jeddah,2024-25,2025,4,2,stoffel-vandoorne,maserati-msg-racing,spark-gen3-evo,maserati-tipo-folgore
fe-2024-25-r4-jeddah,2024-25,2025,4,25,jean-eric-vergne,ds-penske,spark-gen3-evo,ds-e-tense-fe25
fe-2024-25-r4-jeddah,2024-25,2025,4,1,pascal-wehrlein,tag-heuer-porsche-formula-e-team,spark-gen3-evo,porsche-99x-electric
fe-2024-25-r4-jeddah,2024-25,2025,4,33,dan-ticktum,cupra-kiro,spark-gen3-evo,porsche-99x-electric-wcg3
fe-2024-25-r4-jeddah,2024-25,2025,4,48,edoardo-mortara,mahindra-racing,spark-gen3-evo,m11electro
fe-2024-25-r4-jeddah,2024-25,2025,4,51,nico-muller,andretti-formula-e,spark-gen3-evo,porsche-99x-electric
fe-2024-25-r4-jeddah,2024-25,2025,4,8,sam-bird,neom-mclaren-formula-e-team,spark-gen3-evo,nissan-e-4orce-05
fe-2024-25-r4-jeddah,2024-25,2025,4,21,nyck-de-vries,mahindra-racing,spark-gen3-evo,m11electro
fe-2024-25-r4-jeddah,2024-25,2025,4,4,robin-frijns,envision-racing,spark-gen3-evo,jaguar-i-type-7
fe-2024-25-r4-jeddah,2024-25,2025,4,17,norman-nato,nissan-formula-e-team,spark-gen3-evo,nissan-e-4orce-05
fe-2024-25-r4-jeddah,2024-25,2025,4,11,lucas-di-grassi,lola-yamaha-abt-formula-e-team,spark-gen3-evo,lola-t001
fe-2024-25-r4-jeddah,2024-25,2025,4,22,zane-maloney,lola-yamaha-abt-formula-e-team,spark-gen3-evo,lola-t001
fe-2024-25-r4-jeddah,2024-25,2025,4,16,sebastien-buemi,envision-racing,spark-gen3-evo,jaguar-i-type-7
fe-2024-25-r4-jeddah,2024-25,2025,4,9,mitch-evans,jaguar-tcs-racing,spark-gen3-evo,jaguar-i-type-7
fe-2024-25-r4-jeddah,2024-25,2025,4,13,antonio-felix-da-costa,tag-heuer-porsche-formula-e-team,spark-gen3-evo,porsche-99x-electric
fe-2024-25-r4-jeddah,2024-25,2025,4,7,maximilian-gunther,ds-penske,spark-gen3-evo,ds-e-tense-fe25
fe-2024-25-r5-miami,2024-25,2025,5,1,pascal-wehrlein,tag-heuer-porsche-formula-e-team,spark-gen3-evo,porsche-99x-electric
fe-2024-25-r5-miami,2024-25,2025,5,11,lucas-di-grassi,lola-yamaha-abt-formula-e-team,spark-gen3-evo,lola-t001
fe-2024-25-r5-miami,2024-25,2025,5,13,antonio-felix-da-costa,tag-heuer-porsche-formula-e-team,spark-gen3-evo,porsche-99x-electric
fe-2024-25-r5-miami,2024-25,2025,5,51,nico-muller,andretti-formula-e,spark-gen3-evo,porsche-99x-electric
fe-2024-25-r5-miami,2024-25,2025,5,48,edoardo-mortara,mahindra-racing,spark-gen3-evo,m11electro
fe-2024-25-r5-miami,2024-25,2025,5,17,norman-nato,nissan-formula-e-team,spark-gen3-evo,nissan-e-4orce-05
fe-2024-25-r5-miami,2024-25,2025,5,33,dan-ticktum,cupra-kiro,spark-gen3-evo,porsche-99x-electric-wcg3
fe-2024-25-r5-miami,2024-25,2025,5,4,robin-frijns,envision-racing,spark-gen3-evo,jaguar-i-type-7
fe-2024-25-r5-miami,2024-25,2025,5,27,jake-dennis,andretti-formula-e,spark-gen3-evo,porsche-99x-electric
fe-2024-25-r5-miami,2024-25,2025,5,23,oliver-rowland,nissan-formula-e-team,spark-gen3-evo,nissan-e-4orce-05
fe-2024-25-r5-miami,2024-25,2025,5,21,nyck-de-vries,mahindra-racing,spark-gen3-evo,m11electro
fe-2024-25-r5-miami,2024-25,2025,5,25,jean-eric-vergne,ds-penske,spark-gen3-evo,ds-e-tense-fe25
fe-2024-25-r5-miami,2024-25,2025,5,16,sebastien-buemi,envision-racing,spark-gen3-evo,jaguar-i-type-7
fe-2024-25-r5-miami,2024-25,2025,5,2,stoffel-vandoorne,maserati-msg-racing,spark-gen3-evo,maserati-tipo-folgore
fe-2024-25-r5-miami,2024-25,2025,5,37,nick-cassidy,jaguar-tcs-racing,spark-gen3-evo,jaguar-i-type-7
fe-2024-25-r5-miami,2024-25,2025,5,9,mitch-evans,jaguar-tcs-racing,spark-gen3-evo,jaguar-i-type-7
fe-2024-25-r5-miami,2024-25,2025,5,7,maximilian-gunther,ds-penske,spark-gen3-evo,ds-e-tense-fe25
fe-2024-25-r5-miami,2024-25,2025,5,8,sam-bird,neom-mclaren-formula-e-team,spark-gen3-evo,nissan-e-4orce-05
fe-2024-25-r5-miami,2024-25,2025,5,22,zane-maloney,lola-yamaha-abt-formula-e-team,spark-gen3-evo,lola-t001
fe-2024-25-r5-miami,2024-25,2025,5,5,taylor-barnard,neom-mclaren-formula-e-team,spark-gen3-evo,nissan-e-4orce-05
fe-2024-25-r5-miami,2024-25,2025,5,55,jake-hughes,maserati-msg-racing,spark-gen3-evo,maserati-tipo-folgore
fe-2024-25-r6-monaco,2024-25,2025,6,23,oliver-rowland,nissan-formula-e-team,spark-gen3-evo,nissan-e-4orce-05
fe-2024-25-r6-monaco,2024-25,2025,6,21,nyck-de-vries,mahindra-racing,spark-gen3-evo,m11electro
fe-2024-25-r6-monaco,2024-25,2025,6,27,jake-dennis,andretti-formula-e,spark-gen3-evo,porsche-99x-electric
fe-2024-25-r6-monaco,2024-25,2025,6,48,edoardo-mortara,mahindra-racing,spark-gen3-evo,m11electro
fe-2024-25-r6-monaco,2024-25,2025,6,51,nico-muller,andretti-formula-e,spark-gen3-evo,porsche-99x-electric
fe-2024-25-r6-monaco,2024-25,2025,6,1,pascal-wehrlein,tag-heuer-porsche-formula-e-team,spark-gen3-evo,porsche-99x-electric
fe-2024-25-r6-monaco,2024-25,2025,6,33,dan-ticktum,cupra-kiro,spark-gen3-evo,porsche-99x-electric-wcg3
fe-2024-25-r6-monaco,2024-25,2025,6,4,robin-frijns,envision-racing,spark-gen3-evo,jaguar-i-type-7
fe-2024-25-r6-monaco,2024-25,2025,6,2,stoffel-vandoorne,maserati-msg-racing,spark-gen3-evo,maserati-tipo-folgore
fe-2024-25-r6-monaco,2024-25,2025,6,7,maximilian-gunther,ds-penske,spark-gen3-evo,ds-e-tense-fe25
fe-2024-25-r6-monaco,2024-25,2025,6,8,sam-bird,neom-mclaren-formula-e-team,spark-gen3-evo,nissan-e-4orce-05
fe-2024-25-r6-monaco,2024-25,2025,6,25,jean-eric-vergne,ds-penske,spark-gen3-evo,ds-e-tense-fe25
fe-2024-25-r6-monaco,2024-25,2025,6,11,lucas-di-grassi,lola-yamaha-abt-formula-e-team,spark-gen3-evo,lola-t001
fe-2024-25-r6-monaco,2024-25,2025,6,17,norman-nato,nissan-formula-e-team,spark-gen3-evo,nissan-e-4orce-05
fe-2024-25-r6-monaco,2024-25,2025,6,5,taylor-barnard,neom-mclaren-formula-e-team,spark-gen3-evo,nissan-e-4orce-05
fe-2024-25-r6-monaco,2024-25,2025,6,55,jake-hughes,maserati-msg-racing,spark-gen3-evo,maserati-tipo-folgore
fe-2024-25-r6-monaco,2024-25,2025,6,37,nick-cassidy,jaguar-tcs-racing,spark-gen3-evo,jaguar-i-type-7
fe-2024-25-r6-monaco,2024-25,2025,6,16,sebastien-buemi,envision-racing,spark-gen3-evo,jaguar-i-type-7
fe-2024-25-r6-monaco,2024-25,2025,6,9,mitch-evans,jaguar-tcs-racing,spark-gen3-evo,jaguar-i-type-7
fe-2024-25-r6-monaco,2024-25,2025,6,22,zane-maloney,lola-yamaha-abt-formula-e-team,spark-gen3-evo,lola-t001
fe-2024-25-r6-monaco,2024-25,2025,6,13,antonio-felix-da-costa,tag-heuer-porsche-formula-e-team,spark-gen3-evo,porsche-99x-electric
fe-2024-25-r7-monaco,2024-25,2025,7,16,sebastien-buemi,envision-racing,spark-gen3-evo,jaguar-i-type-7
fe-2024-25-r7-monaco,2024-25,2025,7,23,oliver-rowland,nissan-formula-e-team,spark-gen3-evo,nissan-e-4orce-05
fe-2024-25-r7-monaco,2024-25,2025,7,37,nick-cassidy,jaguar-tcs-racing,spark-gen3-evo,jaguar-i-type-7
fe-2024-25-r7-monaco,2024-25,2025,7,13,antonio-felix-da-costa,tag-heuer-porsche-formula-e-team,spark-gen3-evo,porsche-99x-electric
fe-2024-25-r7-monaco,2024-25,2025,7,21,nyck-de-vries,mahindra-racing,spark-gen3-evo,m11electro
fe-2024-25-r7-monaco,2024-25,2025,7,25,jean-eric-vergne,ds-penske,spark-gen3-evo,ds-e-tense-fe25
fe-2024-25-r7-monaco,2024-25,2025,7,1,pascal-wehrlein,tag-heuer-porsche-formula-e-team,spark-gen3-evo,porsche-99x-electric
fe-2024-25-r7-monaco,2024-25,2025,7,7,maximilian-gunther,ds-penske,spark-gen3-evo,ds-e-tense-fe25
fe-2024-25-r7-monaco,2024-25,2025,7,27,jake-dennis,andretti-formula-e,spark-gen3-evo,porsche-99x-electric
fe-2024-25-r7-monaco,2024-25,2025,7,2,stoffel-vandoorne,maserati-msg-racing,spark-gen3-evo,maserati-tipo-folgore
fe-2024-25-r7-monaco,2024-25,2025,7,4,robin-frijns,envision-racing,spark-gen3-evo,jaguar-i-type-7
fe-2024-25-r7-monaco,2024-25,2025,7,48,edoardo-mortara,mahindra-racing,spark-gen3-evo,m11electro
fe-2024-25-r7-monaco,2024-25,2025,7,17,norman-nato,nissan-formula-e-team,spark-gen3-evo,nissan-e-4orce-05
fe-2024-25-r7-monaco,2024-25,2025,7,22,zane-maloney,lola-yamaha-abt-formula-e-team,spark-gen3-evo,lola-t001
fe-2024-25-r7-monaco,2024-25,2025,7,33,dan-ticktum,cupra-kiro,spark-gen3-evo,porsche-99x-electric-wcg3
fe-2024-25-r7-monaco,2024-25,2025,7,5,taylor-barnard,neom-mclaren-formula-e-team,spark-gen3-evo,nissan-e-4orce-05
fe-2024-25-r7-monaco,2024-25,2025,7,55,jake-hughes,maserati-msg-racing,spark-gen3-evo,maserati-tipo-folgore
fe-2024-25-r7-monaco,2024-25,2025,7,9,mitch-evans,jaguar-tcs-racing,spark-gen3-evo,jaguar-i-type-7
fe-2024-25-r7-monaco,2024-25,2025,7,8,sam-bird,neom-mclaren-formula-e-team,spark-gen3-evo,nissan-e-4orce-05
fe-2024-25-r7-monaco,2024-25,2025,7,51,nico-muller,andretti-formula-e,spark-gen3-evo,porsche-99x-electric
fe-2024-25-r7-monaco,2024-25,2025,7,11,lucas-di-grassi,lola-yamaha-abt-formula-e-team,spark-gen3-evo,lola-t001
fe-2024-25-r8-tokyo,2024-25,2025,8,2,stoffel-vandoorne,maserati-msg-racing,spark-gen3-evo,maserati-tipo-folgore
fe-2024-25-r8-tokyo,2024-25,2025,8,23,oliver-rowland,nissan-formula-e-team,spark-gen3-evo,nissan-e-4orce-05
fe-2024-25-r8-tokyo,2024-25,2025,8,5,taylor-barnard,neom-mclaren-formula-e-team,spark-gen3-evo,nissan-e-4orce-05
fe-2024-25-r8-tokyo,2024-25,2025,8,16,sebastien-buemi,envision-racing,spark-gen3-evo,jaguar-i-type-7
fe-2024-25-r8-tokyo,2024-25,2025,8,33,dan-ticktum,cupra-kiro,spark-gen3-evo,porsche-99x-electric-wcg3
fe-2024-25-r8-tokyo,2024-25,2025,8,48,edoardo-mortara,mahindra-racing,spark-gen3-evo,m11electro
fe-2024-25-r8-tokyo,2024-25,2025,8,13,antonio-felix-da-costa,tag-heuer-porsche-formula-e-team,spark-gen3-evo,porsche-99x-electric
fe-2024-25-r8-tokyo,2024-25,2025,8,25,jean-eric-vergne,ds-penske,spark-gen3-evo,ds-e-tense-fe25
fe-2024-25-r8-tokyo,2024-25,2025,8,4,robin-frijns,envision-racing,spark-gen3-evo,jaguar-i-type-7
fe-2024-25-r8-tokyo,2024-25,2025,8,37,nick-cassidy,jaguar-tcs-racing,spark-gen3-evo,jaguar-i-type-7
fe-2024-25-r8-tokyo,2024-25,2025,8,21,nyck-de-vries,mahindra-racing,spark-gen3-evo,m11electro
fe-2024-25-r8-tokyo,2024-25,2025,8,51,nico-muller,andretti-formula-e,spark-gen3-evo,porsche-99x-electric
fe-2024-25-r8-tokyo,2024-25,2025,8,1,pascal-wehrlein,tag-heuer-porsche-formula-e-team,spark-gen3-evo,porsche-99x-electric
fe-2024-25-r8-tokyo,2024-25,2025,8,8,sam-bird,neom-mclaren-formula-e-team,spark-gen3-evo,nissan-e-4orce-05
fe-2024-25-r8-tokyo,2024-25,2025,8,17,norman-nato,nissan-formula-e-team,spark-gen3-evo,nissan-e-4orce-05
fe-2024-25-r8-tokyo,2024-25,2025,8,22,zane-maloney,lola-yamaha-abt-formula-e-team,spark-gen3-evo,lola-t001
fe-2024-25-r8-tokyo,2024-25,2025,8,11,lucas-di-grassi,lola-yamaha-abt-formula-e-team,spark-gen3-evo,lola-t001
fe-2024-25-r8-tokyo,2024-25,2025,8,55,jake-hughes,maserati-msg-racing,spark-gen3-evo,maserati-tipo-folgore
fe-2024-25-r8-tokyo,2024-25,2025,8,27,jake-dennis,andretti-formula-e,spark-gen3-evo,porsche-99x-electric
fe-2024-25-r8-tokyo,2024-25,2025,8,7,maximilian-gunther,ds-penske,spark-gen3-evo,ds-e-tense-fe25
fe-2024-25-r8-tokyo,2024-25,2025,8,9,mitch-evans,jaguar-tcs-racing,spark-gen3-evo,jaguar-i-type-7
fe-2024-25-r9-tokyo,2024-25,2025,9,23,oliver-rowland,nissan-formula-e-team,spark-gen3-evo,nissan-e-4orce-05
fe-2024-25-r9-tokyo,2024-25,2025,9,1,pascal-wehrlein,tag-heuer-porsche-formula-e-team,spark-gen3-evo,porsche-99x-electric
fe-2024-25-r9-tokyo,2024-25,2025,9,33,dan-ticktum,cupra-kiro,spark-gen3-evo,porsche-99x-electric-wcg3
fe-2024-25-r9-tokyo,2024-25,2025,9,27,jake-dennis,andretti-formula-e,spark-gen3-evo,porsche-99x-electric
fe-2024-25-r9-tokyo,2024-25,2025,9,11,lucas-di-grassi,lola-yamaha-abt-formula-e-team,spark-gen3-evo,lola-t001
fe-2024-25-r9-tokyo,2024-25,2025,9,25,jean-eric-vergne,ds-penske,spark-gen3-evo,ds-e-tense-fe25
fe-2024-25-r9-tokyo,2024-25,2025,9,37,nick-cassidy,jaguar-tcs-racing,spark-gen3-evo,jaguar-i-type-7
fe-2024-25-r9-tokyo,2024-25,2025,9,8,sam-bird,neom-mclaren-formula-e-team,spark-gen3-evo,nissan-e-4orce-05
fe-2024-25-r9-tokyo,2024-25,2025,9,16,sebastien-buemi,envision-racing,spark-gen3-evo,jaguar-i-type-7
fe-2024-25-r9-tokyo,2024-25,2025,9,7,maximilian-gunther,ds-penske,spark-gen3-evo,ds-e-tense-fe25
fe-2024-25-r9-tokyo,2024-25,2025,9,51,nico-muller,andretti-formula-e,spark-gen3-evo,porsche-99x-electric
fe-2024-25-r9-tokyo,2024-25,2025,9,48,edoardo-mortara,mahindra-racing,spark-gen3-evo,m11electro
fe-2024-25-r9-tokyo,2024-25,2025,9,22,zane-maloney,lola-yamaha-abt-formula-e-team,spark-gen3-evo,lola-t001
fe-2024-25-r9-tokyo,2024-25,2025,9,21,nyck-de-vries,mahindra-racing,spark-gen3-evo,m11electro
fe-2024-25-r9-tokyo,2024-25,2025,9,4,robin-frijns,envision-racing,spark-gen3-evo,jaguar-i-type-7
fe-2024-25-r9-tokyo,2024-25,2025,9,17,norman-nato,nissan-formula-e-team,spark-gen3-evo,nissan-e-4orce-05
fe-2024-25-r9-tokyo,2024-25,2025,9,55,jake-hughes,maserati-msg-racing,spark-gen3-evo,maserati-tipo-folgore
fe-2024-25-r9-tokyo,2024-25,2025,9,13,antonio-felix-da-costa,tag-heuer-porsche-formula-e-team,spark-gen3-evo,porsche-99x-electric
fe-2024-25-r9-tokyo,2024-25,2025,9,9,mitch-evans,jaguar-tcs-racing,spark-gen3-evo,jaguar-i-type-7
fe-2024-25-r9-tokyo,2024-25,2025,9,5,taylor-barnard,neom-mclaren-formula-e-team,spark-gen3-evo,nissan-e-4orce-05
fe-2024-25-r9-tokyo,2024-25,2025,9,2,stoffel-vandoorne,maserati-msg-racing,spark-gen3-evo,maserati-tipo-folgore
fe-2024-25-r10-shanghai,2024-25,2025,10,7,maximilian-gunther,ds-penske,spark-gen3-evo,ds-e-tense-fe25
fe-2024-25-r10-shanghai,2024-25,2025,10,25,jean-eric-vergne,ds-penske,spark-gen3-evo,ds-e-tense-fe25
fe-2024-25-r10-shanghai,2024-25,2025,10,5,taylor-barnard,neom-mclaren-formula-e-team,spark-gen3-evo,nissan-e-4orce-05
fe-2024-25-r10-shanghai,2024-25,2025,10,33,dan-ticktum,cupra-kiro,spark-gen3-evo,porsche-99x-electric-wcg3
fe-2024-25-r10-shanghai,2024-25,2025,10,23,oliver-rowland,nissan-formula-e-team,spark-gen3-evo,nissan-e-4orce-05
fe-2024-25-r10-shanghai,2024-25,2025,10,17,norman-nato,nissan-formula-e-team,spark-gen3-evo,nissan-e-4orce-05
fe-2024-25-r10-shanghai,2024-25,2025,10,8,sam-bird,neom-mclaren-formula-e-team,spark-gen3-evo,nissan-e-4orce-05
fe-2024-25-r10-shanghai,2024-25,2025,10,21,nyck-de-vries,mahindra-racing,spark-gen3-evo,m11electro
fe-2024-25-r10-shanghai,2024-25,2025,10,16,sebastien-buemi,envision-racing,spark-gen3-evo,jaguar-i-type-7
fe-2024-25-r10-shanghai,2024-25,2025,10,4,robin-frijns,envision-racing,spark-gen3-evo,jaguar-i-type-7
fe-2024-25-r10-shanghai,2024-25,2025,10,2,stoffel-vandoorne,maserati-msg-racing,spark-gen3-evo,maserati-tipo-folgore
fe-2024-25-r10-shanghai,2024-25,2025,10,1,pascal-wehrlein,tag-heuer-porsche-formula-e-team,spark-gen3-evo,porsche-99x-electric
fe-2024-25-r10-shanghai,2024-25,2025,10,13,antonio-felix-da-costa,tag-heuer-porsche-formula-e-team,spark-gen3-evo,porsche-99x-electric
fe-2024-25-r10-shanghai,2024-25,2025,10,51,nico-muller,andretti-formula-e,spark-gen3-evo,porsche-99x-electric
fe-2024-25-r10-shanghai,2024-25,2025,10,55,jake-hughes,maserati-msg-racing,spark-gen3-evo,maserati-tipo-folgore
fe-2024-25-r10-shanghai,2024-25,2025,10,27,jake-dennis,andretti-formula-e,spark-gen3-evo,porsche-99x-electric
fe-2024-25-r10-shanghai,2024-25,2025,10,11,lucas-di-grassi,lola-yamaha-abt-formula-e-team,spark-gen3-evo,lola-t001
fe-2024-25-r10-shanghai,2024-25,2025,10,22,zane-maloney,lola-yamaha-abt-formula-e-team,spark-gen3-evo,lola-t001
fe-2024-25-r10-shanghai,2024-25,2025,10,9,mitch-evans,jaguar-tcs-racing,spark-gen3-evo,jaguar-i-type-7
fe-2024-25-r10-shanghai,2024-25,2025,10,37,nick-cassidy,jaguar-tcs-racing,spark-gen3-evo,jaguar-i-type-7
fe-2024-25-r10-shanghai,2024-25,2025,10,48,edoardo-mortara,mahindra-racing,spark-gen3-evo,m11electro
fe-2024-25-r11-shanghai,2024-25,2025,11,37,nick-cassidy,jaguar-tcs-racing,spark-gen3-evo,jaguar-i-type-7
fe-2024-25-r11-shanghai,2024-25,2025,11,1,pascal-wehrlein,tag-heuer-porsche-formula-e-team,spark-gen3-evo,porsche-99x-electric
fe-2024-25-r11-shanghai,2024-25,2025,11,13,antonio-felix-da-costa,tag-heuer-porsche-formula-e-team,spark-gen3-evo,porsche-99x-electric
fe-2024-25-r11-shanghai,2024-25,2025,11,55,jake-hughes,maserati-msg-racing,spark-gen3-evo,maserati-tipo-folgore
fe-2024-25-r11-shanghai,2024-25,2025,11,25,jean-eric-vergne,ds-penske,spark-gen3-evo,ds-e-tense-fe25
fe-2024-25-r11-shanghai,2024-25,2025,11,51,nico-muller,andretti-formula-e,spark-gen3-evo,porsche-99x-electric
fe-2024-25-r11-shanghai,2024-25,2025,11,2,stoffel-vandoorne,maserati-msg-racing,spark-gen3-evo,maserati-tipo-folgore
fe-2024-25-r11-shanghai,2024-25,2025,11,4,robin-frijns,envision-racing,spark-gen3-evo,jaguar-i-type-7
fe-2024-25-r11-shanghai,2024-25,2025,11,11,lucas-di-grassi,lola-yamaha-abt-formula-e-team,spark-gen3-evo,lola-t001
fe-2024-25-r11-shanghai,2024-25,2025,11,5,taylor-barnard,neom-mclaren-formula-e-team,spark-gen3-evo,nissan-e-4orce-05
fe-2024-25-r11-shanghai,2024-25,2025,11,22,zane-maloney,lola-yamaha-abt-formula-e-team,spark-gen3-evo,lola-t001
fe-2024-25-r11-shanghai,2024-25,2025,11,21,nyck-de-vries,mahindra-racing,spark-gen3-evo,m11electro
fe-2024-25-r11-shanghai,2024-25,2025,11,23,oliver-rowland,nissan-formula-e-team,spark-gen3-evo,nissan-e-4orce-05
fe-2024-25-r11-shanghai,2024-25,2025,11,9,mitch-evans,jaguar-tcs-racing,spark-gen3-evo,jaguar-i-type-7
fe-2024-25-r11-shanghai,2024-25,2025,11,8,sam-bird,neom-mclaren-formula-e-team,spark-gen3-evo,nissan-e-4orce-05
fe-2024-25-r11-shanghai,2024-25,2025,11,33,dan-ticktum,cupra-kiro,spark-gen3-evo,porsche-99x-electric-wcg3
fe-2024-25-r11-shanghai,2024-25,2025,11,27,jake-dennis,andretti-formula-e,spark-gen3-evo,porsche-99x-electric
fe-2024-25-r11-shanghai,2024-25,2025,11,16,sebastien-buemi,envision-racing,spark-gen3-evo,jaguar-i-type-7
fe-2024-25-r11-shanghai,2024-25,2025,11,48,edoardo-mortara,mahindra-racing,spark-gen3-evo,m11electro
fe-2024-25-r11-shanghai,2024-25,2025,11,17,norman-nato,nissan-formula-e-team,spark-gen3-evo,nissan-e-4orce-05
fe-2024-25-r11-shanghai,2024-25,2025,11,7,maximilian-gunther,ds-penske,spark-gen3-evo,ds-e-tense-fe25
fe-2024-25-r12-jakarta,2024-25,2025,12,33,dan-ticktum,cupra-kiro,spark-gen3-evo,porsche-99x-electric-wcg3
fe-2024-25-r12-jakarta,2024-25,2025,12,48,edoardo-mortara,mahindra-racing,spark-gen3-evo,m11electro
fe-2024-25-r12-jakarta,2024-25,2025,12,51,nico-muller,andretti-formula-e,spark-gen3-evo,porsche-99x-electric
fe-2024-25-r12-jakarta,2024-25,2025,12,13,antonio-felix-da-costa,tag-heuer-porsche-formula-e-team,spark-gen3-evo,porsche-99x-electric
fe-2024-25-r12-jakarta,2024-25,2025,12,37,nick-cassidy,jaguar-tcs-racing,spark-gen3-evo,jaguar-i-type-7
fe-2024-25-r12-jakarta,2024-25,2025,12,5,taylor-barnard,neom-mclaren-formula-e-team,spark-gen3-evo,nissan-e-4orce-05
fe-2024-25-r12-jakarta,2024-25,2025,12,8,sam-bird,neom-mclaren-formula-e-team,spark-gen3-evo,nissan-e-4orce-05
fe-2024-25-r12-jakarta,2024-25,2025,12,16,sebastien-buemi,envision-racing,spark-gen3-evo,jaguar-i-type-7
fe-2024-25-r12-jakarta,2024-25,2025,12,4,robin-frijns,envision-racing,spark-gen3-evo,jaguar-i-type-7
fe-2024-25-r12-jakarta,2024-25,2025,12,23,oliver-rowland,nissan-formula-e-team,spark-gen3-evo,nissan-e-4orce-05
fe-2024-25-r12-jakarta,2024-25,2025,12,1,pascal-wehrlein,tag-heuer-porsche-formula-e-team,spark-gen3-evo,porsche-99x-electric
fe-2024-25-r12-jakarta,2024-25,2025,12,9,mitch-evans,jaguar-tcs-racing,spark-gen3-evo,jaguar-i-type-7
fe-2024-25-r12-jakarta,2024-25,2025,12,11,lucas-di-grassi,lola-yamaha-abt-formula-e-team,spark-gen3-evo,lola-t001
fe-2024-25-r12-jakarta,2024-25,2025,12,17,norman-nato,nissan-formula-e-team,spark-gen3-evo,nissan-e-4orce-05
fe-2024-25-r12-jakarta,2024-25,2025,12,25,jean-eric-vergne,ds-penske,spark-gen3-evo,ds-e-tense-fe25
fe-2024-25-r12-jakarta,2024-25,2025,12,27,jake-dennis,andretti-formula-e,spark-gen3-evo,porsche-99x-electric
fe-2024-25-r12-jakarta,2024-25,2025,12,22,zane-maloney,lola-yamaha-abt-formula-e-team,spark-gen3-evo,lola-t001
fe-2024-25-r12-jakarta,2024-25,2025,12,21,nyck-de-vries,mahindra-racing,spark-gen3-evo,m11electro
fe-2024-25-r12-jakarta,2024-25,2025,12,2,stoffel-vandoorne,maserati-msg-racing,spark-gen3-evo,maserati-tipo-folgore
fe-2024-25-r12-jakarta,2024-25,2025,12,55,jake-hughes,maserati-msg-racing,spark-gen3-evo,maserati-tipo-folgore
fe-2024-25-r12-jakarta,2024-25,2025,12,7,maximilian-gunther,ds-penske,spark-gen3-evo,ds-e-tense-fe25
fe-2024-25-r13-berlin,2024-25,2025,13,9,mitch-evans,jaguar-tcs-racing,spark-gen3-evo,jaguar-i-type-7
fe-2024-25-r13-berlin,2024-25,2025,13,1,pascal-wehrlein,tag-heuer-porsche-formula-e-team,spark-gen3-evo,porsche-99x-electric
fe-2024-25-r13-berlin,2024-25,2025,13,48,edoardo-mortara,mahindra-racing,spark-gen3-evo,m11electro
fe-2024-25-r13-berlin,2024-25,2025,13,5,taylor-barnard,neom-mclaren-formula-e-team,spark-gen3-evo,nissan-e-4orce-05
fe-2024-25-r13-berlin,2024-25,2025,13,37,nick-cassidy,jaguar-tcs-racing,spark-gen3-evo,jaguar-i-type-7
fe-2024-25-r13-berlin,2024-25,2025,13,7,maximilian-gunther,ds-penske,spark-gen3-evo,ds-e-tense-fe25
fe-2024-25-r13-berlin,2024-25,2025,13,16,sebastien-buemi,envision-racing,spark-gen3-evo,jaguar-i-type-7
fe-2024-25-r13-berlin,2024-25,2025,13,51,nico-muller,andretti-formula-e,spark-gen3-evo,porsche-99x-electric
fe-2024-25-r13-berlin,2024-25,2025,13,33,dan-ticktum,cupra-kiro,spark-gen3-evo,porsche-99x-electric-wcg3
fe-2024-25-r13-berlin,2024-25,2025,13,13,antonio-felix-da-costa,tag-heuer-porsche-formula-e-team,spark-gen3-evo,porsche-99x-electric
fe-2024-25-r13-berlin,2024-25,2025,13,8,sam-bird,neom-mclaren-formula-e-team,spark-gen3-evo,nissan-e-4orce-05
fe-2024-25-r13-berlin,2024-25,2025,13,2,stoffel-vandoorne,maserati-msg-racing,spark-gen3-evo,maserati-tipo-folgore
fe-2024-25-r13-berlin,2024-25,2025,13,4,robin-frijns,envision-racing,spark-gen3-evo,jaguar-i-type-7
fe-2024-25-r13-berlin,2024-25,2025,13,55,jake-hughes,maserati-msg-racing,spark-gen3-evo,maserati-tipo-folgore
fe-2024-25-r13-berlin,2024-25,2025,13,17,sergio-sette-camara,nissan-formula-e-team,spark-gen3-evo,nissan-e-4orce-05
fe-2024-25-r13-berlin,2024-25,2025,13,22,zane-maloney,lola-yamaha-abt-formula-e-team,spark-gen3-evo,lola-t001
fe-2024-25-r13-berlin,2024-25,2025,13,21,felipe-drugovich,mahindra-racing,spark-gen3-evo,m11electro
fe-2024-25-r13-berlin,2024-25,2025,13,11,lucas-di-grassi,lola-yamaha-abt-formula-e-team,spark-gen3-evo,lola-t001
fe-2024-25-r13-berlin,2024-25,2025,13,23,oliver-rowland,nissan-formula-e-team,spark-gen3-evo,nissan-e-4orce-05
fe-2024-25-r13-berlin,2024-25,2025,13,25,jean-eric-vergne,ds-penske,spark-gen3-evo,ds-e-tense-fe25
fe-2024-25-r13-berlin,2024-25,2025,13,27,jake-dennis,andretti-formula-e,spark-gen3-evo,porsche-99x-electric
fe-2024-25-r14-berlin,2024-25,2025,14,37,nick-cassidy,jaguar-tcs-racing,spark-gen3-evo,jaguar-i-type-7
fe-2024-25-r14-berlin,2024-25,2025,14,27,jake-dennis,andretti-formula-e,spark-gen3-evo,porsche-99x-electric
fe-2024-25-r14-berlin,2024-25,2025,14,25,jean-eric-vergne,ds-penske,spark-gen3-evo,ds-e-tense-fe25
fe-2024-25-r14-berlin,2024-25,2025,14,23,oliver-rowland,nissan-formula-e-team,spark-gen3-evo,nissan-e-4orce-05
fe-2024-25-r14-berlin,2024-25,2025,14,9,mitch-evans,jaguar-tcs-racing,spark-gen3-evo,jaguar-i-type-7
fe-2024-25-r14-berlin,2024-25,2025,14,5,taylor-barnard,neom-mclaren-formula-e-team,spark-gen3-evo,nissan-e-4orce-05
fe-2024-25-r14-berlin,2024-25,2025,14,21,felipe-drugovich,mahindra-racing,spark-gen3-evo,m11electro
fe-2024-25-r14-berlin,2024-25,2025,14,13,antonio-felix-da-costa,tag-heuer-porsche-formula-e-team,spark-gen3-evo,porsche-99x-electric
fe-2024-25-r14-berlin,2024-25,2025,14,17,sergio-sette-camara,nissan-formula-e-team,spark-gen3-evo,nissan-e-4orce-05
fe-2024-25-r14-berlin,2024-25,2025,14,55,jake-hughes,maserati-msg-racing,spark-gen3-evo,maserati-tipo-folgore
fe-2024-25-r14-berlin,2024-25,2025,14,48,edoardo-mortara,mahindra-racing,spark-gen3-evo,m11electro
fe-2024-25-r14-berlin,2024-25,2025,14,11,lucas-di-grassi,lola-yamaha-abt-formula-e-team,spark-gen3-evo,lola-t001
fe-2024-25-r14-berlin,2024-25,2025,14,2,stoffel-vandoorne,maserati-msg-racing,spark-gen3-evo,maserati-tipo-folgore
fe-2024-25-r14-berlin,2024-25,2025,14,33,dan-ticktum,cupra-kiro,spark-gen3-evo,porsche-99x-electric-wcg3
fe-2024-25-r14-berlin,2024-25,2025,14,1,pascal-wehrlein,tag-heuer-porsche-formula-e-team,spark-gen3-evo,porsche-99x-electric
fe-2024-25-r14-berlin,2024-25,2025,14,51,nico-muller,andretti-formula-e,spark-gen3-evo,porsche-99x-electric
fe-2024-25-r14-berlin,2024-25,2025,14,4,robin-frijns,envision-racing,spark-gen3-evo,jaguar-i-type-7
fe-2024-25-r14-berlin,2024-25,2025,14,7,maximilian-gunther,ds-penske,spark-gen3-evo,ds-e-tense-fe25
fe-2024-25-r14-berlin,2024-25,2025,14,8,sam-bird,neom-mclaren-formula-e-team,spark-gen3-evo,nissan-e-4orce-05
fe-2024-25-r14-berlin,2024-25,2025,14,16,sebastien-buemi,envision-racing,spark-gen3-evo,jaguar-i-type-7
fe-2024-25-r14-berlin,2024-25,2025,14,22,zane-maloney,lola-yamaha-abt-formula-e-team,spark-gen3-evo,lola-t001
fe-2024-25-r15-london,2024-25,2025,15,37,nick-cassidy,jaguar-tcs-racing,spark-gen3-evo,jaguar-i-type-7
fe-2024-25-r15-london,2024-25,2025,15,21,nyck-de-vries,mahindra-racing,spark-gen3-evo,m11electro
fe-2024-25-r15-london,2024-25,2025,15,1,pascal-wehrlein,tag-heuer-porsche-formula-e-team,spark-gen3-evo,porsche-99x-electric
fe-2024-25-r15-london,2024-25,2025,15,2,stoffel-vandoorne,maserati-msg-racing,spark-gen3-evo,maserati-tipo-folgore
fe-2024-25-r15-london,2024-25,2025,15,25,jean-eric-vergne,ds-penske,spark-gen3-evo,ds-e-tense-fe25
fe-2024-25-r15-london,2024-25,2025,15,48,edoardo-mortara,mahindra-racing,spark-gen3-evo,m11electro
fe-2024-25-r15-london,2024-25,2025,15,4,robin-frijns,envision-racing,spark-gen3-evo,jaguar-i-type-7
fe-2024-25-r15-london,2024-25,2025,15,27,jake-dennis,andretti-formula-e,spark-gen3-evo,porsche-99x-electric
fe-2024-25-r15-london,2024-25,2025,15,17,norman-nato,nissan-formula-e-team,spark-gen3-evo,nissan-e-4orce-05
fe-2024-25-r15-london,2024-25,2025,15,9,mitch-evans,jaguar-tcs-racing,spark-gen3-evo,jaguar-i-type-7
fe-2024-25-r15-london,2024-25,2025,15,23,oliver-rowland,nissan-formula-e-team,spark-gen3-evo,nissan-e-4orce-05
fe-2024-25-r15-london,2024-25,2025,15,5,taylor-barnard,neom-mclaren-formula-e-team,spark-gen3-evo,nissan-e-4orce-05
fe-2024-25-r15-london,2024-25,2025,15,13,antonio-felix-da-costa,tag-heuer-porsche-formula-e-team,spark-gen3-evo,porsche-99x-electric
fe-2024-25-r15-london,2024-25,2025,15,51,nico-muller,andretti-formula-e,spark-gen3-evo,porsche-99x-electric
fe-2024-25-r15-london,2024-25,2025,15,16,sebastien-buemi,envision-racing,spark-gen3-evo,jaguar-i-type-7
fe-2024-25-r15-london,2024-25,2025,15,11,lucas-di-grassi,lola-yamaha-abt-formula-e-team,spark-gen3-evo,lola-t001
fe-2024-25-r15-london,2024-25,2025,15,7,maximilian-gunther,ds-penske,spark-gen3-evo,ds-e-tense-fe25
fe-2024-25-r15-london,2024-25,2025,15,8,sam-bird,neom-mclaren-formula-e-team,spark-gen3-evo,nissan-e-4orce-05
fe-2024-25-r15-london,2024-25,2025,15,55,jake-hughes,maserati-msg-racing,spark-gen3-evo,maserati-tipo-folgore
fe-2024-25-r15-london,2024-25,2025,15,22,zane-maloney,lola-yamaha-abt-formula-e-team,spark-gen3-evo,lola-t001
fe-2024-25-r15-london,2024-25,2025,15,33,dan-ticktum,cupra-kiro,spark-gen3-evo,porsche-99x-electric-wcg3
fe-2024-25-r16-london,2024-25,2025,16,37,nick-cassidy,jaguar-tcs-racing,spark-gen3-evo,jaguar-i-type-7
fe-2024-25-r16-london,2024-25,2025,16,21,nyck-de-vries,mahindra-racing,spark-gen3-evo,m11electro
fe-2024-25-r16-london,2024-25,2025,16,16,sebastien-buemi,envision-racing,spark-gen3-evo,jaguar-i-type-7
fe-2024-25-r16-london,2024-25,2025,16,27,jake-dennis,andretti-formula-e,spark-gen3-evo,porsche-99x-electric
fe-2024-25-r16-london,2024-25,2025,16,9,mitch-evans,jaguar-tcs-racing,spark-gen3-evo,jaguar-i-type-7
fe-2024-25-r16-london,2024-25,2025,16,13,antonio-felix-da-costa,tag-heuer-porsche-formula-e-team,spark-gen3-evo,porsche-99x-electric
fe-2024-25-r16-london,2024-25,2025,16,7,maximilian-gunther,ds-penske,spark-gen3-evo,ds-e-tense-fe25
fe-2024-25-r16-london,2024-25,2025,16,1,pascal-wehrlein,tag-heuer-porsche-formula-e-team,spark-gen3-evo,porsche-99x-electric
fe-2024-25-r16-london,2024-25,2025,16,11,lucas-di-grassi,lola-yamaha-abt-formula-e-team,spark-gen3-evo,lola-t001
fe-2024-25-r16-london,2024-25,2025,16,17,norman-nato,nissan-formula-e-team,spark-gen3-evo,nissan-e-4orce-05
fe-2024-25-r16-london,2024-25,2025,16,2,stoffel-vandoorne,maserati-msg-racing,spark-gen3-evo,maserati-tipo-folgore
fe-2024-25-r16-london,2024-25,2025,16,4,robin-frijns,envision-racing,spark-gen3-evo,jaguar-i-type-7
fe-2024-25-r16-london,2024-25,2025,16,33,dan-ticktum,cupra-kiro,spark-gen3-evo,porsche-99x-electric-wcg3
fe-2024-25-r16-london,2024-25,2025,16,25,jean-eric-vergne,ds-penske,spark-gen3-evo,ds-e-tense-fe25
fe-2024-25-r16-london,2024-25,2025,16,22,zane-maloney,lola-yamaha-abt-formula-e-team,spark-gen3-evo,lola-t001
fe-2024-25-r16-london,2024-25,2025,16,55,jake-hughes,maserati-msg-racing,spark-gen3-evo,maserati-tipo-folgore
fe-2024-25-r16-london,2024-25,2025,16,51,nico-muller,andretti-formula-e,spark-gen3-evo,porsche-99x-electric
fe-2024-25-r16-london,2024-25,2025,16,23,oliver-rowland,nissan-formula-e-team,spark-gen3-evo,nissan-e-4orce-05
fe-2024-25-r16-london,2024-25,2025,16,8,sam-bird,neom-mclaren-formula-e-team,spark-gen3-evo,nissan-e-4orce-05
fe-2024-25-r16-london,2024-25,2025,16,5,taylor-barnard,neom-mclaren-formula-e-team,spark-gen3-evo,nissan-e-4orce-05
fe-2024-25-r16-london,2024-25,2025,16,48,edoardo-mortara,mahindra-racing,spark-gen3-evo,m11electro
fe-2024-25-r1-sao-paulo,2024-25,2025,1,3,david-beckmann,cupra-kiro,spark-gen3-evo,porsche-99x-electric-wcg3
fe-2024-25-r2-mexico-city,2024-25,2025,2,3,david-beckmann,cupra-kiro,spark-gen3-evo,porsche-99x-electric-wcg3
fe-2024-25-r3-jeddah,2024-25,2025,3,3,david-beckmann,cupra-kiro,spark-gen3-evo,porsche-99x-electric-wcg3
fe-2024-25-r4-jeddah,2024-25,2025,4,3,david-beckmann,cupra-kiro,spark-gen3-evo,porsche-99x-electric-wcg3
fe-2024-25-r5-miami,2024-25,2025,5,3,david-beckmann,cupra-kiro,spark-gen3-evo,porsche-99x-electric-wcg3
fe-2024-25-r6-monaco,2024-25,2025,6,3,david-beckmann,cupra-kiro,spark-gen3-evo,porsche-99x-electric-wcg3
fe-2024-25-r7-monaco,2024-25,2025,7,3,david-beckmann,cupra-kiro,spark-gen3-evo,porsche-99x-electric-wcg3
fe-2024-25-r8-tokyo,2024-25,2025,8,3,david-beckmann,cupra-kiro,spark-gen3-evo,porsche-99x-electric-wcg3
fe-2024-25-r9-tokyo,2024-25,2025,9,3,david-beckmann,cupra-kiro,spark-gen3-evo,porsche-99x-electric-wcg3
fe-2024-25-r10-shanghai,2024-25,2025,10,3,david-beckmann,cupra-kiro,spark-gen3-evo,porsche-99x-electric-wcg3
fe-2024-25-r11-shanghai,2024-25,2025,11,3,david-beckmann,cupra-kiro,spark-gen3-evo,porsche-99x-electric-wcg3
fe-2024-25-r12-jakarta,2024-25,2025,12,3,david-beckmann,cupra-kiro,spark-gen3-evo,porsche-99x-electric-wcg3
fe-2024-25-r13-berlin,2024-25,2025,13,3,david-beckmann,cupra-kiro,spark-gen3-evo,porsche-99x-electric-wcg3
fe-2024-25-r14-berlin,2024-25,2025,14,3,david-beckmann,cupra-kiro,spark-gen3-evo,porsche-99x-electric-wcg3
fe-2024-25-r15-london,2024-25,2025,15,3,david-beckmann,cupra-kiro,spark-gen3-evo,porsche-99x-electric-wcg3
fe-2024-25-r16-london,2024-25,2025,16,3,david-beckmann,cupra-kiro,spark-gen3-evo,porsche-99x-electric-wcg3
fe-2025-26-r1-sao-paulo,2025-26,2026,1,27,jake-dennis,andretti-formula-e,spark-gen3-evo,porsche-99x-electric
fe-2025-26-r1-sao-paulo,2025-26,2026,1,1,oliver-rowland,nissan-formula-e-team,spark-gen3-evo,nissan-e-4orce-05
fe-2025-26-r1-sao-paulo,2025-26,2026,1,37,nick-cassidy,citroen-racing,spark-gen3-evo,citroen-racing-e-cx
fe-2025-26-r1-sao-paulo,2025-26,2026,1,94,pascal-wehrlein,porsche-formula-e-team,spark-gen3-evo,porsche-99x-electric
fe-2025-26-r1-sao-paulo,2025-26,2026,1,51,nico-muller,porsche-formula-e-team,spark-gen3-evo,porsche-99x-electric
fe-2025-26-r1-sao-paulo,2025-26,2026,1,7,maximilian-gunther,ds-penske,spark-gen3-evo,ds-e-tense-fe25
fe-2025-26-r1-sao-paulo,2025-26,2026,1,14,joel-eriksson,envision-racing,spark-gen3-evo,jaguar-i-type-7
fe-2025-26-r1-sao-paulo,2025-26,2026,1,16,sebastien-buemi,envision-racing,spark-gen3-evo,jaguar-i-type-7
fe-2025-26-r1-sao-paulo,2025-26,2026,1,21,nyck-de-vries,mahindra-racing,spark-gen3-evo,m12electro
fe-2025-26-r1-sao-paulo,2025-26,2026,1,22,zane-maloney,lola-yamaha-abt-formula-e-team,spark-gen3-evo,lola-t001
fe-2025-26-r1-sao-paulo,2025-26,2026,1,13,antonio-felix-da-costa,jaguar-tcs-racing,spark-gen3-evo,jaguar-i-type-7
fe-2025-26-r1-sao-paulo,2025-26,2026,1,28,felipe-drugovich,andretti-formula-e,spark-gen3-evo,porsche-99x-electric
fe-2025-26-r1-sao-paulo,2025-26,2026,1,77,taylor-barnard,ds-penske,spark-gen3-evo,ds-e-tense-fe25
fe-2025-26-r1-sao-paulo,2025-26,2026,1,33,dan-ticktum,cupra-kiro,spark-gen3-evo,porsche-99x-electric-wcg3
fe-2025-26-r1-sao-paulo,2025-26,2026,1,3,josep-maria-marti,cupra-kiro,spark-gen3-evo,porsche-99x-electric-wcg3
fe-2025-26-r1-sao-paulo,2025-26,2026,1,25,jean-eric-vergne,citroen-racing,spark-gen3-evo,citroen-racing-e-cx
fe-2025-26-r1-sao-paulo,2025-26,2026,1,9,mitch-evans,jaguar-tcs-racing,spark-gen3-evo,jaguar-i-type-7
fe-2025-26-r1-sao-paulo,2025-26,2026,1,48,edoardo-mortara,mahindra-racing,spark-gen3-evo,m12electro
fe-2025-26-r1-sao-paulo,2025-26,2026,1,11,lucas-di-grassi,lola-yamaha-abt-formula-e-team,spark-gen3-evo,lola-t001
fe-2025-26-r1-sao-paulo,2025-26,2026,1,23,norman-nato,nissan-formula-e-team,spark-gen3-evo,nissan-e-4orce-05
fe-2025-26-r2-ciudad-de-mexico,2025-26,2026,2,37,nick-cassidy,citroen-racing,spark-gen3-evo,citroen-racing-e-cx
fe-2025-26-r2-ciudad-de-mexico,2025-26,2026,2,48,edoardo-mortara,mahindra-racing,spark-gen3-evo,m12electro
fe-2025-26-r2-ciudad-de-mexico,2025-26,2026,2,1,oliver-rowland,nissan-formula-e-team,spark-gen3-evo,nissan-e-4orce-05
fe-2025-26-r2-ciudad-de-mexico,2025-26,2026,2,77,taylor-barnard,ds-penske,spark-gen3-evo,ds-e-tense-fe25
fe-2025-26-r2-ciudad-de-mexico,2025-26,2026,2,27,jake-dennis,andretti-formula-e,spark-gen3-evo,porsche-99x-electric
fe-2025-26-r2-ciudad-de-mexico,2025-26,2026,2,94,pascal-wehrlein,porsche-formula-e-team,spark-gen3-evo,porsche-99x-electric
fe-2025-26-r2-ciudad-de-mexico,2025-26,2026,2,3,josep-maria-marti,cupra-kiro,spark-gen3-evo,porsche-99x-electric-wcg3
fe-2025-26-r2-ciudad-de-mexico,2025-26,2026,2,25,jean-eric-vergne,citroen-racing,spark-gen3-evo,citroen-racing-e-cx
fe-2025-26-r2-ciudad-de-mexico,2025-26,2026,2,51,nico-muller,porsche-formula-e-team,spark-gen3-evo,porsche-99x-electric
fe-2025-26-r2-ciudad-de-mexico,2025-26,2026,2,23,norman-nato,nissan-formula-e-team,spark-gen3-evo,nissan-e-4orce-05
fe-2025-26-r2-ciudad-de-mexico,2025-26,2026,2,9,mitch-evans,jaguar-tcs-racing,spark-gen3-evo,jaguar-i-type-7
fe-2025-26-r2-ciudad-de-mexico,2025-26,2026,2,7,maximilian-gunther,ds-penske,spark-gen3-evo,ds-e-tense-fe25
fe-2025-26-r2-ciudad-de-mexico,2025-26,2026,2,11,lucas-di-grassi,lola-yamaha-abt-formula-e-team,spark-gen3-evo,lola-t001
fe-2025-26-r2-ciudad-de-mexico,2025-26,2026,2,14,joel-eriksson,envision-racing,spark-gen3-evo,jaguar-i-type-7
fe-2025-26-r2-ciudad-de-mexico,2025-26,2026,2,28,felipe-drugovich,andretti-formula-e,spark-gen3-evo,porsche-99x-electric
fe-2025-26-r2-ciudad-de-mexico,2025-26,2026,2,22,zane-maloney,lola-yamaha-abt-formula-e-team,spark-gen3-evo,lola-t001
fe-2025-26-r2-ciudad-de-mexico,2025-26,2026,2,16,sebastien-buemi,envision-racing,spark-gen3-evo,jaguar-i-type-7
fe-2025-26-r2-ciudad-de-mexico,2025-26,2026,2,21,nyck-de-vries,mahindra-racing,spark-gen3-evo,m12electro
fe-2025-26-r2-ciudad-de-mexico,2025-26,2026,2,33,dan-ticktum,cupra-kiro,spark-gen3-evo,porsche-99x-electric-wcg3
fe-2025-26-r2-ciudad-de-mexico,2025-26,2026,2,13,antonio-felix-da-costa,jaguar-tcs-racing,spark-gen3-evo,jaguar-i-type-7
fe-2025-26-r3-miami,2025-26,2026,3,9,mitch-evans,jaguar-tcs-racing,spark-gen3-evo,jaguar-i-type-7
fe-2025-26-r3-miami,2025-26,2026,3,51,nico-muller,porsche-formula-e-team,spark-gen3-evo,porsche-99x-electric
fe-2025-26-r3-miami,2025-26,2026,3,94,pascal-wehrlein,porsche-formula-e-team,spark-gen3-evo,porsche-99x-electric
fe-2025-26-r3-miami,2025-26,2026,3,14,joel-eriksson,envision-racing,spark-gen3-evo,jaguar-i-type-7
fe-2025-26-r3-miami,2025-26,2026,3,21,nyck-de-vries,mahindra-racing,spark-gen3-evo,m12electro
fe-2025-26-r3-miami,2025-26,2026,3,48,edoardo-mortara,mahindra-racing,spark-gen3-evo,m12electro
fe-2025-26-r3-miami,2025-26,2026,3,16,sebastien-buemi,envision-racing,spark-gen3-evo,jaguar-i-type-7
fe-2025-26-r3-miami,2025-26,2026,3,13,antonio-felix-da-costa,jaguar-tcs-racing,spark-gen3-evo,jaguar-i-type-7
fe-2025-26-r3-miami,2025-26,2026,3,3,josep-maria-marti,cupra-kiro,spark-gen3-evo,porsche-99x-electric-wcg3
fe-2025-26-r3-miami,2025-26,2026,3,27,jake-dennis,andretti-formula-e,spark-gen3-evo,porsche-99x-electric
fe-2025-26-r3-miami,2025-26,2026,3,22,zane-maloney,lola-yamaha-abt-formula-e-team,spark-gen3-evo,lola-t001
fe-2025-26-r3-miami,2025-26,2026,3,1,oliver-rowland,nissan-formula-e-team,spark-gen3-evo,nissan-e-4orce-05
fe-2025-26-r3-miami,2025-26,2026,3,11,lucas-di-grassi,lola-yamaha-abt-formula-e-team,spark-gen3-evo,lola-t001
fe-2025-26-r3-miami,2025-26,2026,3,77,taylor-barnard,ds-penske,spark-gen3-evo,ds-e-tense-fe25
fe-2025-26-r3-miami,2025-26,2026,3,25,jean-eric-vergne,citroen-racing,spark-gen3-evo,citroen-racing-e-cx
fe-2025-26-r3-miami,2025-26,2026,3,37,nick-cassidy,citroen-racing,spark-gen3-evo,citroen-racing-e-cx
fe-2025-26-r3-miami,2025-26,2026,3,23,norman-nato,nissan-formula-e-team,spark-gen3-evo,nissan-e-4orce-05
fe-2025-26-r3-miami,2025-26,2026,3,28,felipe-drugovich,andretti-formula-e,spark-gen3-evo,porsche-99x-electric
fe-2025-26-r3-miami,2025-26,2026,3,7,maximilian-gunther,ds-penske,spark-gen3-evo,ds-e-tense-fe25
fe-2025-26-r3-miami,2025-26,2026,3,33,dan-ticktum,cupra-kiro,spark-gen3-evo,porsche-99x-electric-wcg3
fe-2025-26-r4-jeddah,2025-26,2026,4,94,pascal-wehrlein,porsche-formula-e-team,spark-gen3-evo,porsche-99x-electric
fe-2025-26-r4-jeddah,2025-26,2026,4,48,edoardo-mortara,mahindra-racing,spark-gen3-evo,m12electro
fe-2025-26-r4-jeddah,2025-26,2026,4,9,mitch-evans,jaguar-tcs-racing,spark-gen3-evo,jaguar-i-type-7
fe-2025-26-r4-jeddah,2025-26,2026,4,51,nico-muller,porsche-formula-e-team,spark-gen3-evo,porsche-99x-electric
fe-2025-26-r4-jeddah,2025-26,2026,4,13,antonio-felix-da-costa,jaguar-tcs-racing,spark-gen3-evo,jaguar-i-type-7
fe-2025-26-r4-jeddah,2025-26,2026,4,37,nick-cassidy,citroen-racing,spark-gen3-evo,citroen-racing-e-cx
fe-2025-26-r4-jeddah,2025-26,2026,4,16,sebastien-buemi,envision-racing,spark-gen3-evo,jaguar-i-type-7
fe-2025-26-r4-jeddah,2025-26,2026,4,25,jean-eric-vergne,citroen-racing,spark-gen3-evo,citroen-racing-e-cx
fe-2025-26-r4-jeddah,2025-26,2026,4,27,jake-dennis,andretti-formula-e,spark-gen3-evo,porsche-99x-electric
fe-2025-26-r4-jeddah,2025-26,2026,4,77,taylor-barnard,ds-penske,spark-gen3-evo,ds-e-tense-fe25
fe-2025-26-r4-jeddah,2025-26,2026,4,7,maximilian-gunther,ds-penske,spark-gen3-evo,ds-e-tense-fe25
fe-2025-26-r4-jeddah,2025-26,2026,4,33,dan-ticktum,cupra-kiro,spark-gen3-evo,porsche-99x-electric-wcg3
fe-2025-26-r4-jeddah,2025-26,2026,4,23,norman-nato,nissan-formula-e-team,spark-gen3-evo,nissan-e-4orce-05
fe-2025-26-r4-jeddah,2025-26,2026,4,3,josep-maria-marti,cupra-kiro,spark-gen3-evo,porsche-99x-electric-wcg3
fe-2025-26-r4-jeddah,2025-26,2026,4,28,felipe-drugovich,andretti-formula-e,spark-gen3-evo,porsche-99x-electric
fe-2025-26-r4-jeddah,2025-26,2026,4,11,lucas-di-grassi,lola-yamaha-abt-formula-e-team,spark-gen3-evo,lola-t001
fe-2025-26-r4-jeddah,2025-26,2026,4,1,oliver-rowland,nissan-formula-e-team,spark-gen3-evo,nissan-e-4orce-05
fe-2025-26-r4-jeddah,2025-26,2026,4,14,joel-eriksson,envision-racing,spark-gen3-evo,jaguar-i-type-7
fe-2025-26-r4-jeddah,2025-26,2026,4,22,zane-maloney,lola-yamaha-abt-formula-e-team,spark-gen3-evo,lola-t001
fe-2025-26-r4-jeddah,2025-26,2026,4,21,nyck-de-vries,mahindra-racing,spark-gen3-evo,m12electro
fe-2025-26-r5-jeddah,2025-26,2026,5,13,antonio-felix-da-costa,jaguar-tcs-racing,spark-gen3-evo,jaguar-i-type-7
fe-2025-26-r5-jeddah,2025-26,2026,5,16,sebastien-buemi,envision-racing,spark-gen3-evo,jaguar-i-type-7
fe-2025-26-r5-jeddah,2025-26,2026,5,1,oliver-rowland,nissan-formula-e-team,spark-gen3-evo,nissan-e-4orce-05
fe-2025-26-r5-jeddah,2025-26,2026,5,48,edoardo-mortara,mahindra-racing,spark-gen3-evo,m12electro
fe-2025-26-r5-jeddah,2025-26,2026,5,33,dan-ticktum,cupra-kiro,spark-gen3-evo,porsche-99x-electric-wcg3
fe-2025-26-r5-jeddah,2025-26,2026,5,3,josep-maria-marti,cupra-kiro,spark-gen3-evo,porsche-99x-electric-wcg3
fe-2025-26-r5-jeddah,2025-26,2026,5,9,mitch-evans,jaguar-tcs-racing,spark-gen3-evo,jaguar-i-type-7
fe-2025-26-r5-jeddah,2025-26,2026,5,94,pascal-wehrlein,porsche-formula-e-team,spark-gen3-evo,porsche-99x-electric
fe-2025-26-r5-jeddah,2025-26,2026,5,25,jean-eric-vergne,citroen-racing,spark-gen3-evo,citroen-racing-e-cx
fe-2025-26-r5-jeddah,2025-26,2026,5,77,taylor-barnard,ds-penske,spark-gen3-evo,ds-e-tense-fe25
fe-2025-26-r5-jeddah,2025-26,2026,5,7,maximilian-gunther,ds-penske,spark-gen3-evo,ds-e-tense-fe25
fe-2025-26-r5-jeddah,2025-26,2026,5,28,felipe-drugovich,andretti-formula-e,spark-gen3-evo,porsche-99x-electric
fe-2025-26-r5-jeddah,2025-26,2026,5,14,joel-eriksson,envision-racing,spark-gen3-evo,jaguar-i-type-7
fe-2025-26-r5-jeddah,2025-26,2026,5,37,nick-cassidy,citroen-racing,spark-gen3-evo,citroen-racing-e-cx
fe-2025-26-r5-jeddah,2025-26,2026,5,11,lucas-di-grassi,lola-yamaha-abt-formula-e-team,spark-gen3-evo,lola-t001
fe-2025-26-r5-jeddah,2025-26,2026,5,51,nico-muller,porsche-formula-e-team,spark-gen3-evo,porsche-99x-electric
fe-2025-26-r5-jeddah,2025-26,2026,5,23,norman-nato,nissan-formula-e-team,spark-gen3-evo,nissan-e-4orce-05
fe-2025-26-r5-jeddah,2025-26,2026,5,22,zane-maloney,lola-yamaha-abt-formula-e-team,spark-gen3-evo,lola-t001
fe-2025-26-r5-jeddah,2025-26,2026,5,27,jake-dennis,andretti-formula-e,spark-gen3-evo,porsche-99x-electric
fe-2025-26-r5-jeddah,2025-26,2026,5,21,nyck-de-vries,mahindra-racing,spark-gen3-evo,m12electro
fe-2025-26-r6-madrid,2025-26,2026,6,13,antonio-felix-da-costa,jaguar-tcs-racing,spark-gen3-evo,jaguar-i-type-7
fe-2025-26-r6-madrid,2025-26,2026,6,9,mitch-evans,jaguar-tcs-racing,spark-gen3-evo,jaguar-i-type-7
fe-2025-26-r6-madrid,2025-26,2026,6,94,pascal-wehrlein,porsche-formula-e-team,spark-gen3-evo,porsche-99x-electric
fe-2025-26-r6-madrid,2025-26,2026,6,33,dan-ticktum,cupra-kiro,spark-gen3-evo,porsche-99x-electric-wcg3
fe-2025-26-r6-madrid,2025-26,2026,6,48,edoardo-mortara,mahindra-racing,spark-gen3-evo,m12electro
fe-2025-26-r6-madrid,2025-26,2026,6,27,jake-dennis,andretti-formula-e,spark-gen3-evo,porsche-99x-electric
fe-2025-26-r6-madrid,2025-26,2026,6,16,sebastien-buemi,envision-racing,spark-gen3-evo,jaguar-i-type-7
fe-2025-26-r6-madrid,2025-26,2026,6,51,nico-muller,porsche-formula-e-team,spark-gen3-evo,porsche-99x-electric
fe-2025-26-r6-madrid,2025-26,2026,6,3,josep-maria-marti,cupra-kiro,spark-gen3-evo,porsche-99x-electric-wcg3
fe-2025-26-r6-madrid,2025-26,2026,6,14,joel-eriksson,envision-racing,spark-gen3-evo,jaguar-i-type-7
fe-2025-26-r6-madrid,2025-26,2026,6,23,norman-nato,nissan-formula-e-team,spark-gen3-evo,nissan-e-4orce-05
fe-2025-26-r6-madrid,2025-26,2026,6,11,lucas-di-grassi,lola-yamaha-abt-formula-e-team,spark-gen3-evo,lola-t001
fe-2025-26-r6-madrid,2025-26,2026,6,7,maximilian-gunther,ds-penske,spark-gen3-evo,ds-e-tense-fe25
fe-2025-26-r6-madrid,2025-26,2026,6,25,jean-eric-vergne,citroen-racing,spark-gen3-evo,citroen-racing-e-cx
fe-2025-26-r6-madrid,2025-26,2026,6,28,felipe-drugovich,andretti-formula-e,spark-gen3-evo,porsche-99x-electric
fe-2025-26-r6-madrid,2025-26,2026,6,1,oliver-rowland,nissan-formula-e-team,spark-gen3-evo,nissan-e-4orce-05
fe-2025-26-r6-madrid,2025-26,2026,6,37,nick-cassidy,citroen-racing,spark-gen3-evo,citroen-racing-e-cx
fe-2025-26-r6-madrid,2025-26,2026,6,21,nyck-de-vries,mahindra-racing,spark-gen3-evo,m12electro
fe-2025-26-r6-madrid,2025-26,2026,6,77,taylor-barnard,ds-penske,spark-gen3-evo,ds-e-tense-fe25
fe-2025-26-r6-madrid,2025-26,2026,6,22,zane-maloney,lola-yamaha-abt-formula-e-team,spark-gen3-evo,lola-t001
fe-2025-26-r7-berlin,2025-26,2026,7,51,nico-muller,porsche-formula-e-team,spark-gen3-evo,porsche-99x-electric
fe-2025-26-r7-berlin,2025-26,2026,7,37,nick-cassidy,citroen-racing,spark-gen3-evo,citroen-racing-e-cx
fe-2025-26-r7-berlin,2025-26,2026,7,1,oliver-rowland,nissan-formula-e-team,spark-gen3-evo,nissan-e-4orce-05
fe-2025-26-r7-berlin,2025-26,2026,7,48,edoardo-mortara,mahindra-racing,spark-gen3-evo,m12electro
fe-2025-26-r7-berlin,2025-26,2026,7,27,jake-dennis,andretti-formula-e,spark-gen3-evo,porsche-99x-electric
fe-2025-26-r7-berlin,2025-26,2026,7,9,mitch-evans,jaguar-tcs-racing,spark-gen3-evo,jaguar-i-type-7
fe-2025-26-r7-berlin,2025-26,2026,7,3,josep-maria-marti,cupra-kiro,spark-gen3-evo,porsche-99x-electric-wcg3
fe-2025-26-r7-berlin,2025-26,2026,7,77,taylor-barnard,ds-penske,spark-gen3-evo,ds-e-tense-fe25
fe-2025-26-r7-berlin,2025-26,2026,7,21,nyck-de-vries,mahindra-racing,spark-gen3-evo,m12electro
fe-2025-26-r7-berlin,2025-26,2026,7,13,antonio-felix-da-costa,jaguar-tcs-racing,spark-gen3-evo,jaguar-i-type-7
fe-2025-26-r7-berlin,2025-26,2026,7,7,maximilian-gunther,ds-penske,spark-gen3-evo,ds-e-tense-fe25
fe-2025-26-r7-berlin,2025-26,2026,7,16,sebastien-buemi,envision-racing,spark-gen3-evo,jaguar-i-type-7
fe-2025-26-r7-berlin,2025-26,2026,7,28,felipe-drugovich,andretti-formula-e,spark-gen3-evo,porsche-99x-electric
fe-2025-26-r7-berlin,2025-26,2026,7,25,jean-eric-vergne,citroen-racing,spark-gen3-evo,citroen-racing-e-cx
fe-2025-26-r7-berlin,2025-26,2026,7,22,zane-maloney,lola-yamaha-abt-formula-e-team,spark-gen3-evo,lola-t001
fe-2025-26-r7-berlin,2025-26,2026,7,14,joel-eriksson,envision-racing,spark-gen3-evo,jaguar-i-type-7
fe-2025-26-r7-berlin,2025-26,2026,7,11,lucas-di-grassi,lola-yamaha-abt-formula-e-team,spark-gen3-evo,lola-t001
fe-2025-26-r7-berlin,2025-26,2026,7,23,norman-nato,nissan-formula-e-team,spark-gen3-evo,nissan-e-4orce-05
fe-2025-26-r7-berlin,2025-26,2026,7,94,pascal-wehrlein,porsche-formula-e-team,spark-gen3-evo,porsche-99x-electric
fe-2025-26-r7-berlin,2025-26,2026,7,33,dan-ticktum,cupra-kiro,spark-gen3-evo,porsche-99x-electric-wcg3
fe-2025-26-r8-berlin,2025-26,2026,8,9,mitch-evans,jaguar-tcs-racing,spark-gen3-evo,jaguar-i-type-7
fe-2025-26-r8-berlin,2025-26,2026,8,1,oliver-rowland,nissan-formula-e-team,spark-gen3-evo,nissan-e-4orce-05
fe-2025-26-r8-berlin,2025-26,2026,8,94,pascal-wehrlein,porsche-formula-e-team,spark-gen3-evo,porsche-99x-electric
fe-2025-26-r8-berlin,2025-26,2026,8,16,sebastien-buemi,envision-racing,spark-gen3-evo,jaguar-i-type-7
fe-2025-26-r8-berlin,2025-26,2026,8,23,norman-nato,nissan-formula-e-team,spark-gen3-evo,nissan-e-4orce-05
fe-2025-26-r8-berlin,2025-26,2026,8,27,jake-dennis,andretti-formula-e,spark-gen3-evo,porsche-99x-electric
fe-2025-26-r8-berlin,2025-26,2026,8,48,edoardo-mortara,mahindra-racing,spark-gen3-evo,m12electro
fe-2025-26-r8-berlin,2025-26,2026,8,25,jean-eric-vergne,citroen-racing,spark-gen3-evo,citroen-racing-e-cx
fe-2025-26-r8-berlin,2025-26,2026,8,28,felipe-drugovich,andretti-formula-e,spark-gen3-evo,porsche-99x-electric
fe-2025-26-r8-berlin,2025-26,2026,8,14,joel-eriksson,envision-racing,spark-gen3-evo,jaguar-i-type-7
fe-2025-26-r8-berlin,2025-26,2026,8,77,taylor-barnard,ds-penske,spark-gen3-evo,ds-e-tense-fe25
fe-2025-26-r8-berlin,2025-26,2026,8,3,josep-maria-marti,cupra-kiro,spark-gen3-evo,porsche-99x-electric-wcg3
fe-2025-26-r8-berlin,2025-26,2026,8,51,nico-muller,porsche-formula-e-team,spark-gen3-evo,porsche-99x-electric
fe-2025-26-r8-berlin,2025-26,2026,8,33,dan-ticktum,cupra-kiro,spark-gen3-evo,porsche-99x-electric-wcg3
fe-2025-26-r8-berlin,2025-26,2026,8,7,maximilian-gunther,ds-penske,spark-gen3-evo,ds-e-tense-fe25
fe-2025-26-r8-berlin,2025-26,2026,8,11,lucas-di-grassi,lola-yamaha-abt-formula-e-team,spark-gen3-evo,lola-t001
fe-2025-26-r8-berlin,2025-26,2026,8,22,zane-maloney,lola-yamaha-abt-formula-e-team,spark-gen3-evo,lola-t001
fe-2025-26-r8-berlin,2025-26,2026,8,13,antonio-felix-da-costa,jaguar-tcs-racing,spark-gen3-evo,jaguar-i-type-7
fe-2025-26-r8-berlin,2025-26,2026,8,37,nick-cassidy,citroen-racing,spark-gen3-evo,citroen-racing-e-cx
fe-2025-26-r8-berlin,2025-26,2026,8,21,nyck-de-vries,mahindra-racing,spark-gen3-evo,m12electro
fe-2025-26-r9-monaco,2025-26,2026,9,21,nyck-de-vries,mahindra-racing,spark-gen3-evo,m12electro
fe-2025-26-r9-monaco,2025-26,2026,9,9,mitch-evans,jaguar-tcs-racing,spark-gen3-evo,jaguar-i-type-7
fe-2025-26-r9-monaco,2025-26,2026,9,3,josep-maria-marti,cupra-kiro,spark-gen3-evo,porsche-99x-electric-wcg3
fe-2025-26-r9-monaco,2025-26,2026,9,28,felipe-drugovich,andretti-formula-e,spark-gen3-evo,porsche-99x-electric
fe-2025-26-r9-monaco,2025-26,2026,9,16,sebastien-buemi,envision-racing,spark-gen3-evo,jaguar-i-type-7
fe-2025-26-r9-monaco,2025-26,2026,9,14,joel-eriksson,envision-racing,spark-gen3-evo,jaguar-i-type-7
fe-2025-26-r9-monaco,2025-26,2026,9,77,taylor-barnard,ds-penske,spark-gen3-evo,ds-e-tense-fe25
fe-2025-26-r9-monaco,2025-26,2026,9,11,lucas-di-grassi,lola-yamaha-abt-formula-e-team,spark-gen3-evo,lola-t001
fe-2025-26-r9-monaco,2025-26,2026,9,37,nick-cassidy,citroen-racing,spark-gen3-evo,citroen-racing-e-cx
fe-2025-26-r9-monaco,2025-26,2026,9,7,maximilian-gunther,ds-penske,spark-gen3-evo,ds-e-tense-fe25
fe-2025-26-r9-monaco,2025-26,2026,9,51,nico-muller,porsche-formula-e-team,spark-gen3-evo,porsche-99x-electric
fe-2025-26-r9-monaco,2025-26,2026,9,33,dan-ticktum,cupra-kiro,spark-gen3-evo,porsche-99x-electric-wcg3
fe-2025-26-r9-monaco,2025-26,2026,9,22,zane-maloney,lola-yamaha-abt-formula-e-team,spark-gen3-evo,lola-t001
fe-2025-26-r9-monaco,2025-26,2026,9,23,norman-nato,nissan-formula-e-team,spark-gen3-evo,nissan-e-4orce-05
fe-2025-26-r9-monaco,2025-26,2026,9,1,oliver-rowland,nissan-formula-e-team,spark-gen3-evo,nissan-e-4orce-05
fe-2025-26-r9-monaco,2025-26,2026,9,25,jean-eric-vergne,citroen-racing,spark-gen3-evo,citroen-racing-e-cx
fe-2025-26-r9-monaco,2025-26,2026,9,48,edoardo-mortara,mahindra-racing,spark-gen3-evo,m12electro
fe-2025-26-r9-monaco,2025-26,2026,9,94,pascal-wehrlein,porsche-formula-e-team,spark-gen3-evo,porsche-99x-electric
fe-2025-26-r9-monaco,2025-26,2026,9,13,antonio-felix-da-costa,jaguar-tcs-racing,spark-gen3-evo,jaguar-i-type-7
fe-2025-26-r9-monaco,2025-26,2026,9,27,jake-dennis,andretti-formula-e,spark-gen3-evo,porsche-99x-electric
fe-2025-26-r10-monaco,2025-26,2026,10,1,oliver-rowland,nissan-formula-e-team,spark-gen3-evo,nissan-e-4orce-05
fe-2025-26-r10-monaco,2025-26,2026,10,28,felipe-drugovich,andretti-formula-e,spark-gen3-evo,porsche-99x-electric
fe-2025-26-r10-monaco,2025-26,2026,10,13,antonio-felix-da-costa,jaguar-tcs-racing,spark-gen3-evo,jaguar-i-type-7
fe-2025-26-r10-monaco,2025-26,2026,10,9,mitch-evans,jaguar-tcs-racing,spark-gen3-evo,jaguar-i-type-7
fe-2025-26-r10-monaco,2025-26,2026,10,48,edoardo-mortara,mahindra-racing,spark-gen3-evo,m12electro
fe-2025-26-r10-monaco,2025-26,2026,10,51,nico-muller,porsche-formula-e-team,spark-gen3-evo,porsche-99x-electric
fe-2025-26-r10-monaco,2025-26,2026,10,14,joel-eriksson,envision-racing,spark-gen3-evo,jaguar-i-type-7
fe-2025-26-r10-monaco,2025-26,2026,10,21,nyck-de-vries,mahindra-racing,spark-gen3-evo,m12electro
fe-2025-26-r10-monaco,2025-26,2026,10,11,lucas-di-grassi,lola-yamaha-abt-formula-e-team,spark-gen3-evo,lola-t001
fe-2025-26-r10-monaco,2025-26,2026,10,22,zane-maloney,lola-yamaha-abt-formula-e-team,spark-gen3-evo,lola-t001
fe-2025-26-r10-monaco,2025-26,2026,10,94,pascal-wehrlein,porsche-formula-e-team,spark-gen3-evo,porsche-99x-electric
fe-2025-26-r10-monaco,2025-26,2026,10,27,jake-dennis,andretti-formula-e,spark-gen3-evo,porsche-99x-electric
fe-2025-26-r10-monaco,2025-26,2026,10,7,maximilian-gunther,ds-penske,spark-gen3-evo,ds-e-tense-fe25
fe-2025-26-r10-monaco,2025-26,2026,10,33,dan-ticktum,cupra-kiro,spark-gen3-evo,porsche-99x-electric-wcg3
fe-2025-26-r10-monaco,2025-26,2026,10,77,taylor-barnard,ds-penske,spark-gen3-evo,ds-e-tense-fe25
fe-2025-26-r10-monaco,2025-26,2026,10,25,jean-eric-vergne,citroen-racing,spark-gen3-evo,citroen-racing-e-cx
fe-2025-26-r10-monaco,2025-26,2026,10,16,sebastien-buemi,envision-racing,spark-gen3-evo,jaguar-i-type-7
fe-2025-26-r10-monaco,2025-26,2026,10,37,nick-cassidy,citroen-racing,spark-gen3-evo,citroen-racing-e-cx
fe-2025-26-r10-monaco,2025-26,2026,10,3,josep-maria-marti,cupra-kiro,spark-gen3-evo,porsche-99x-electric-wcg3
fe-2025-26-r10-monaco,2025-26,2026,10,23,norman-nato,nissan-formula-e-team,spark-gen3-evo,nissan-e-4orce-05
fe-2025-26-r11-sanya-fenghuang-international-apt,2025-26,2026,11,27,jake-dennis,andretti-formula-e,spark-gen3-evo,porsche-99x-electric
fe-2025-26-r11-sanya-fenghuang-international-apt,2025-26,2026,11,3,josep-maria-marti,cupra-kiro,spark-gen3-evo,porsche-99x-electric-wcg3
fe-2025-26-r11-sanya-fenghuang-international-apt,2025-26,2026,11,21,nyck-de-vries,mahindra-racing,spark-gen3-evo,m12electro
fe-2025-26-r11-sanya-fenghuang-international-apt,2025-26,2026,11,13,antonio-felix-da-costa,jaguar-tcs-racing,spark-gen3-evo,jaguar-i-type-7
fe-2025-26-r11-sanya-fenghuang-international-apt,2025-26,2026,11,28,felipe-drugovich,andretti-formula-e,spark-gen3-evo,porsche-99x-electric
fe-2025-26-r11-sanya-fenghuang-international-apt,2025-26,2026,11,7,maximilian-gunther,ds-penske,spark-gen3-evo,ds-e-tense-fe25
fe-2025-26-r11-sanya-fenghuang-international-apt,2025-26,2026,11,51,nico-muller,porsche-formula-e-team,spark-gen3-evo,porsche-99x-electric
fe-2025-26-r11-sanya-fenghuang-international-apt,2025-26,2026,11,25,jean-eric-vergne,citroen-racing,spark-gen3-evo,citroen-racing-e-cx
fe-2025-26-r11-sanya-fenghuang-international-apt,2025-26,2026,11,77,taylor-barnard,ds-penske,spark-gen3-evo,ds-e-tense-fe25
fe-2025-26-r11-sanya-fenghuang-international-apt,2025-26,2026,11,11,lucas-di-grassi,lola-yamaha-abt-formula-e-team,spark-gen3-evo,lola-t001
fe-2025-26-r11-sanya-fenghuang-international-apt,2025-26,2026,11,22,zane-maloney,lola-yamaha-abt-formula-e-team,spark-gen3-evo,lola-t001
fe-2025-26-r11-sanya-fenghuang-international-apt,2025-26,2026,11,14,joel-eriksson,envision-racing,spark-gen3-evo,jaguar-i-type-7
fe-2025-26-r11-sanya-fenghuang-international-apt,2025-26,2026,11,16,sebastien-buemi,envision-racing,spark-gen3-evo,jaguar-i-type-7
fe-2025-26-r11-sanya-fenghuang-international-apt,2025-26,2026,11,94,pascal-wehrlein,porsche-formula-e-team,spark-gen3-evo,porsche-99x-electric
fe-2025-26-r11-sanya-fenghuang-international-apt,2025-26,2026,11,33,dan-ticktum,cupra-kiro,spark-gen3-evo,porsche-99x-electric-wcg3
fe-2025-26-r11-sanya-fenghuang-international-apt,2025-26,2026,11,37,nick-cassidy,citroen-racing,spark-gen3-evo,citroen-racing-e-cx
fe-2025-26-r11-sanya-fenghuang-international-apt,2025-26,2026,11,23,norman-nato,nissan-formula-e-team,spark-gen3-evo,nissan-e-4orce-05
fe-2025-26-r11-sanya-fenghuang-international-apt,2025-26,2026,11,48,edoardo-mortara,mahindra-racing,spark-gen3-evo,m12electro
fe-2025-26-r11-sanya-fenghuang-international-apt,2025-26,2026,11,1,oliver-rowland,nissan-formula-e-team,spark-gen3-evo,nissan-e-4orce-05
fe-2025-26-r11-sanya-fenghuang-international-apt,2025-26,2026,11,9,mitch-evans,jaguar-tcs-racing,spark-gen3-evo,jaguar-i-type-7
fe-2025-26-r12-shanghai,2025-26,2026,12,94,pascal-wehrlein,porsche-formula-e-team,spark-gen3-evo,porsche-99x-electric
fe-2025-26-r12-shanghai,2025-26,2026,12,13,antonio-felix-da-costa,jaguar-tcs-racing,spark-gen3-evo,jaguar-i-type-7
fe-2025-26-r12-shanghai,2025-26,2026,12,27,jake-dennis,andretti-formula-e,spark-gen3-evo,porsche-99x-electric
fe-2025-26-r12-shanghai,2025-26,2026,12,28,felipe-drugovich,andretti-formula-e,spark-gen3-evo,porsche-99x-electric
fe-2025-26-r12-shanghai,2025-26,2026,12,21,nyck-de-vries,mahindra-racing,spark-gen3-evo,m12electro
fe-2025-26-r12-shanghai,2025-26,2026,12,25,jean-eric-vergne,citroen-racing,spark-gen3-evo,citroen-racing-e-cx
fe-2025-26-r12-shanghai,2025-26,2026,12,14,joel-eriksson,envision-racing,spark-gen3-evo,jaguar-i-type-7
fe-2025-26-r12-shanghai,2025-26,2026,12,9,mitch-evans,jaguar-tcs-racing,spark-gen3-evo,jaguar-i-type-7
fe-2025-26-r12-shanghai,2025-26,2026,12,7,maximilian-gunther,ds-penske,spark-gen3-evo,ds-e-tense-fe25
fe-2025-26-r12-shanghai,2025-26,2026,12,51,nico-muller,porsche-formula-e-team,spark-gen3-evo,porsche-99x-electric
fe-2025-26-r12-shanghai,2025-26,2026,12,22,zane-maloney,lola-yamaha-abt-formula-e-team,spark-gen3-evo,lola-t001
fe-2025-26-r12-shanghai,2025-26,2026,12,33,dan-ticktum,cupra-kiro,spark-gen3-evo,porsche-99x-electric-wcg3
fe-2025-26-r12-shanghai,2025-26,2026,12,1,oliver-rowland,nissan-formula-e-team,spark-gen3-evo,nissan-e-4orce-05
fe-2025-26-r12-shanghai,2025-26,2026,12,3,josep-maria-marti,cupra-kiro,spark-gen3-evo,porsche-99x-electric-wcg3
fe-2025-26-r12-shanghai,2025-26,2026,12,48,edoardo-mortara,mahindra-racing,spark-gen3-evo,m12electro
fe-2025-26-r12-shanghai,2025-26,2026,12,77,taylor-barnard,ds-penske,spark-gen3-evo,ds-e-tense-fe25
fe-2025-26-r12-shanghai,2025-26,2026,12,16,sebastien-buemi,envision-racing,spark-gen3-evo,jaguar-i-type-7
fe-2025-26-r12-shanghai,2025-26,2026,12,11,lucas-di-grassi,lola-yamaha-abt-formula-e-team,spark-gen3-evo,lola-t001
fe-2025-26-r12-shanghai,2025-26,2026,12,37,nick-cassidy,citroen-racing,spark-gen3-evo,citroen-racing-e-cx
fe-2025-26-r12-shanghai,2025-26,2026,12,23,norman-nato,nissan-formula-e-team,spark-gen3-evo,nissan-e-4orce-05
fe-2025-26-r13-shanghai,2025-26,2026,13,11,lucas-di-grassi,lola-yamaha-abt-formula-e-team,spark-gen3-evo,lola-t001
fe-2025-26-r13-shanghai,2025-26,2026,13,25,jean-eric-vergne,citroen-racing,spark-gen3-evo,citroen-racing-e-cx
fe-2025-26-r13-shanghai,2025-26,2026,13,14,joel-eriksson,envision-racing,spark-gen3-evo,jaguar-i-type-7
fe-2025-26-r13-shanghai,2025-26,2026,13,94,pascal-wehrlein,porsche-formula-e-team,spark-gen3-evo,porsche-99x-electric
fe-2025-26-r13-shanghai,2025-26,2026,13,16,sebastien-buemi,envision-racing,spark-gen3-evo,jaguar-i-type-7
fe-2025-26-r13-shanghai,2025-26,2026,13,28,felipe-drugovich,andretti-formula-e,spark-gen3-evo,porsche-99x-electric
fe-2025-26-r13-shanghai,2025-26,2026,13,51,nico-muller,porsche-formula-e-team,spark-gen3-evo,porsche-99x-electric
fe-2025-26-r13-shanghai,2025-26,2026,13,1,oliver-rowland,nissan-formula-e-team,spark-gen3-evo,nissan-e-4orce-05
fe-2025-26-r13-shanghai,2025-26,2026,13,77,taylor-barnard,ds-penske,spark-gen3-evo,ds-e-tense-fe25
fe-2025-26-r13-shanghai,2025-26,2026,13,7,maximilian-gunther,ds-penske,spark-gen3-evo,ds-e-tense-fe25
fe-2025-26-r13-shanghai,2025-26,2026,13,33,dan-ticktum,cupra-kiro,spark-gen3-evo,porsche-99x-electric-wcg3
fe-2025-26-r13-shanghai,2025-26,2026,13,3,josep-maria-marti,cupra-kiro,spark-gen3-evo,porsche-99x-electric-wcg3
fe-2025-26-r13-shanghai,2025-26,2026,13,27,jake-dennis,andretti-formula-e,spark-gen3-evo,porsche-99x-electric
fe-2025-26-r13-shanghai,2025-26,2026,13,13,antonio-felix-da-costa,jaguar-tcs-racing,spark-gen3-evo,jaguar-i-type-7
fe-2025-26-r13-shanghai,2025-26,2026,13,37,nick-cassidy,citroen-racing,spark-gen3-evo,citroen-racing-e-cx
fe-2025-26-r13-shanghai,2025-26,2026,13,48,edoardo-mortara,mahindra-racing,spark-gen3-evo,m12electro
fe-2025-26-r13-shanghai,2025-26,2026,13,23,norman-nato,nissan-formula-e-team,spark-gen3-evo,nissan-e-4orce-05
fe-2025-26-r13-shanghai,2025-26,2026,13,21,nyck-de-vries,mahindra-racing,spark-gen3-evo,m12electro
fe-2025-26-r13-shanghai,2025-26,2026,13,9,mitch-evans,jaguar-tcs-racing,spark-gen3-evo,jaguar-i-type-7
fe-2025-26-r13-shanghai,2025-26,2026,13,22,zane-maloney,lola-yamaha-abt-formula-e-team,spark-gen3-evo,lola-t001
fe-2025-26-r14-tokyo,2025-26,2026,14,33,dan-ticktum,cupra-kiro,spark-gen3-evo,porsche-99x-electric-wcg3
fe-2025-26-r14-tokyo,2025-26,2026,14,27,jake-dennis,andretti-formula-e,spark-gen3-evo,porsche-99x-electric
fe-2025-26-r14-tokyo,2025-26,2026,14,37,nick-cassidy,citroen-racing,spark-gen3-evo,citroen-racing-e-cx
fe-2025-26-r14-tokyo,2025-26,2026,14,9,mitch-evans,jaguar-tcs-racing,spark-gen3-evo,jaguar-i-type-7
fe-2025-26-r14-tokyo,2025-26,2026,14,48,edoardo-mortara,mahindra-racing,spark-gen3-evo,m12electro
fe-2025-26-r14-tokyo,2025-26,2026,14,25,jean-eric-vergne,citroen-racing,spark-gen3-evo,citroen-racing-e-cx
fe-2025-26-r14-tokyo,2025-26,2026,14,1,oliver-rowland,nissan-formula-e-team,spark-gen3-evo,nissan-e-4orce-05
fe-2025-26-r14-tokyo,2025-26,2026,14,3,josep-maria-marti,cupra-kiro,spark-gen3-evo,porsche-99x-electric-wcg3
fe-2025-26-r14-tokyo,2025-26,2026,14,13,antonio-felix-da-costa,jaguar-tcs-racing,spark-gen3-evo,jaguar-i-type-7
fe-2025-26-r14-tokyo,2025-26,2026,14,77,taylor-barnard,ds-penske,spark-gen3-evo,ds-e-tense-fe25
fe-2025-26-r14-tokyo,2025-26,2026,14,11,lucas-di-grassi,lola-yamaha-abt-formula-e-team,spark-gen3-evo,lola-t001
fe-2025-26-r14-tokyo,2025-26,2026,14,14,joel-eriksson,envision-racing,spark-gen3-evo,jaguar-i-type-7
fe-2025-26-r14-tokyo,2025-26,2026,14,28,felipe-drugovich,andretti-formula-e,spark-gen3-evo,porsche-99x-electric
fe-2025-26-r14-tokyo,2025-26,2026,14,16,sebastien-buemi,envision-racing,spark-gen3-evo,jaguar-i-type-7
fe-2025-26-r14-tokyo,2025-26,2026,14,7,maximilian-gunther,ds-penske,spark-gen3-evo,ds-e-tense-fe25
fe-2025-26-r14-tokyo,2025-26,2026,14,23,norman-nato,nissan-formula-e-team,spark-gen3-evo,nissan-e-4orce-05
fe-2025-26-r14-tokyo,2025-26,2026,14,21,nyck-de-vries,mahindra-racing,spark-gen3-evo,m12electro
fe-2025-26-r14-tokyo,2025-26,2026,14,51,nico-muller,porsche-formula-e-team,spark-gen3-evo,porsche-99x-electric
fe-2025-26-r14-tokyo,2025-26,2026,14,22,zane-maloney,lola-yamaha-abt-formula-e-team,spark-gen3-evo,lola-t001
fe-2025-26-r14-tokyo,2025-26,2026,14,94,pascal-wehrlein,porsche-formula-e-team,spark-gen3-evo,porsche-99x-electric
fe-2025-26-r15-tokyo,2025-26,2026,15,21,nyck-de-vries,mahindra-racing,spark-gen3-evo,m12electro
fe-2025-26-r15-tokyo,2025-26,2026,15,37,nick-cassidy,citroen-racing,spark-gen3-evo,citroen-racing-e-cx
fe-2025-26-r15-tokyo,2025-26,2026,15,27,jake-dennis,andretti-formula-e,spark-gen3-evo,porsche-99x-electric
fe-2025-26-r15-tokyo,2025-26,2026,15,1,oliver-rowland,nissan-formula-e-team,spark-gen3-evo,nissan-e-4orce-05
fe-2025-26-r15-tokyo,2025-26,2026,15,25,jean-eric-vergne,citroen-racing,spark-gen3-evo,citroen-racing-e-cx
fe-2025-26-r15-tokyo,2025-26,2026,15,23,norman-nato,nissan-formula-e-team,spark-gen3-evo,nissan-e-4orce-05
fe-2025-26-r15-tokyo,2025-26,2026,15,51,nico-muller,porsche-formula-e-team,spark-gen3-evo,porsche-99x-electric
fe-2025-26-r15-tokyo,2025-26,2026,15,77,taylor-barnard,ds-penske,spark-gen3-evo,ds-e-tense-fe25
fe-2025-26-r15-tokyo,2025-26,2026,15,7,maximilian-gunther,ds-penske,spark-gen3-evo,ds-e-tense-fe25
fe-2025-26-r15-tokyo,2025-26,2026,15,22,zane-maloney,lola-yamaha-abt-formula-e-team,spark-gen3-evo,lola-t001
fe-2025-26-r15-tokyo,2025-26,2026,15,11,lucas-di-grassi,lola-yamaha-abt-formula-e-team,spark-gen3-evo,lola-t001
fe-2025-26-r15-tokyo,2025-26,2026,15,33,dan-ticktum,cupra-kiro,spark-gen3-evo,porsche-99x-electric-wcg3
fe-2025-26-r15-tokyo,2025-26,2026,15,94,pascal-wehrlein,porsche-formula-e-team,spark-gen3-evo,porsche-99x-electric
fe-2025-26-r15-tokyo,2025-26,2026,15,13,antonio-felix-da-costa,jaguar-tcs-racing,spark-gen3-evo,jaguar-i-type-7
fe-2025-26-r15-tokyo,2025-26,2026,15,16,sebastien-buemi,envision-racing,spark-gen3-evo,jaguar-i-type-7
fe-2025-26-r15-tokyo,2025-26,2026,15,28,felipe-drugovich,andretti-formula-e,spark-gen3-evo,porsche-99x-electric
fe-2025-26-r15-tokyo,2025-26,2026,15,3,josep-maria-marti,cupra-kiro,spark-gen3-evo,porsche-99x-electric-wcg3
fe-2025-26-r15-tokyo,2025-26,2026,15,14,joel-eriksson,envision-racing,spark-gen3-evo,jaguar-i-type-7
fe-2025-26-r15-tokyo,2025-26,2026,15,48,edoardo-mortara,mahindra-racing,spark-gen3-evo,m12electro
fe-2025-26-r15-tokyo,2025-26,2026,15,9,mitch-evans,jaguar-tcs-racing,spark-gen3-evo,jaguar-i-type-7
fe-2025-26-r16-london,2025-26,2026,16,94,pascal-wehrlein,porsche-formula-e-team,spark-gen3-evo,porsche-99x-electric
fe-2025-26-r16-london,2025-26,2026,16,27,jake-dennis,andretti-formula-e,spark-gen3-evo,porsche-99x-electric
fe-2025-26-r16-london,2025-26,2026,16,13,antonio-felix-da-costa,jaguar-tcs-racing,spark-gen3-evo,jaguar-i-type-7
fe-2025-26-r16-london,2025-26,2026,16,16,sebastien-buemi,envision-racing,spark-gen3-evo,jaguar-i-type-7
fe-2025-26-r16-london,2025-26,2026,16,77,taylor-barnard,ds-penske,spark-gen3-evo,ds-e-tense-fe25
fe-2025-26-r16-london,2025-26,2026,16,33,dan-ticktum,cupra-kiro,spark-gen3-evo,porsche-99x-electric-wcg3
fe-2025-26-r16-london,2025-26,2026,16,48,edoardo-mortara,mahindra-racing,spark-gen3-evo,m12electro
fe-2025-26-r16-london,2025-26,2026,16,9,mitch-evans,jaguar-tcs-racing,spark-gen3-evo,jaguar-i-type-7
fe-2025-26-r16-london,2025-26,2026,16,37,nick-cassidy,citroen-racing,spark-gen3-evo,citroen-racing-e-cx
fe-2025-26-r16-london,2025-26,2026,16,1,oliver-rowland,nissan-formula-e-team,spark-gen3-evo,nissan-e-4orce-05
fe-2025-26-r16-london,2025-26,2026,16,51,nico-muller,porsche-formula-e-team,spark-gen3-evo,porsche-99x-electric
fe-2025-26-r16-london,2025-26,2026,16,7,maximilian-gunther,ds-penske,spark-gen3-evo,ds-e-tense-fe25
fe-2025-26-r16-london,2025-26,2026,16,21,nyck-de-vries,mahindra-racing,spark-gen3-evo,m12electro
fe-2025-26-r16-london,2025-26,2026,16,14,joel-eriksson,envision-racing,spark-gen3-evo,jaguar-i-type-7
fe-2025-26-r16-london,2025-26,2026,16,23,norman-nato,nissan-formula-e-team,spark-gen3-evo,nissan-e-4orce-05
fe-2025-26-r16-london,2025-26,2026,16,28,felipe-drugovich,andretti-formula-e,spark-gen3-evo,porsche-99x-electric
fe-2025-26-r16-london,2025-26,2026,16,22,zane-maloney,lola-yamaha-abt-formula-e-team,spark-gen3-evo,lola-t001
fe-2025-26-r16-london,2025-26,2026,16,25,jean-eric-vergne,citroen-racing,spark-gen3-evo,citroen-racing-e-cx
fe-2025-26-r16-london,2025-26,2026,16,3,josep-maria-marti,cupra-kiro,spark-gen3-evo,porsche-99x-electric-wcg3
fe-2025-26-r16-london,2025-26,2026,16,11,lucas-di-grassi,lola-yamaha-abt-formula-e-team,spark-gen3-evo,lola-t001
fe-2025-26-r17-london,2025-26,2026,17,77,taylor-barnard,ds-penske,spark-gen3-evo,ds-e-tense-fe25
fe-2025-26-r17-london,2025-26,2026,17,21,nyck-de-vries,mahindra-racing,spark-gen3-evo,m12electro
fe-2025-26-r17-london,2025-26,2026,17,48,edoardo-mortara,mahindra-racing,spark-gen3-evo,m12electro
fe-2025-26-r17-london,2025-26,2026,17,9,mitch-evans,jaguar-tcs-racing,spark-gen3-evo,jaguar-i-type-7
fe-2025-26-r17-london,2025-26,2026,17,16,sebastien-buemi,envision-racing,spark-gen3-evo,jaguar-i-type-7
fe-2025-26-r17-london,2025-26,2026,17,37,nick-cassidy,citroen-racing,spark-gen3-evo,citroen-racing-e-cx
fe-2025-26-r17-london,2025-26,2026,17,25,jean-eric-vergne,citroen-racing,spark-gen3-evo,citroen-racing-e-cx
fe-2025-26-r17-london,2025-26,2026,17,3,josep-maria-marti,cupra-kiro,spark-gen3-evo,porsche-99x-electric-wcg3
fe-2025-26-r17-london,2025-26,2026,17,1,oliver-rowland,nissan-formula-e-team,spark-gen3-evo,nissan-e-4orce-05
fe-2025-26-r17-london,2025-26,2026,17,23,norman-nato,nissan-formula-e-team,spark-gen3-evo,nissan-e-4orce-05
fe-2025-26-r17-london,2025-26,2026,17,7,maximilian-gunther,ds-penske,spark-gen3-evo,ds-e-tense-fe25
fe-2025-26-r17-london,2025-26,2026,17,51,nico-muller,porsche-formula-e-team,spark-gen3-evo,porsche-99x-electric
fe-2025-26-r17-london,2025-26,2026,17,28,felipe-drugovich,andretti-formula-e,spark-gen3-evo,porsche-99x-electric
fe-2025-26-r17-london,2025-26,2026,17,94,pascal-wehrlein,porsche-formula-e-team,spark-gen3-evo,porsche-99x-electric
fe-2025-26-r17-london,2025-26,2026,17,13,antonio-felix-da-costa,jaguar-tcs-racing,spark-gen3-evo,jaguar-i-type-7
fe-2025-26-r17-london,2025-26,2026,17,33,dan-ticktum,cupra-kiro,spark-gen3-evo,porsche-99x-electric-wcg3
fe-2025-26-r17-london,2025-26,2026,17,22,zane-maloney,lola-yamaha-abt-formula-e-team,spark-gen3-evo,lola-t001
fe-2025-26-r17-london,2025-26,2026,17,27,jake-dennis,andretti-formula-e,spark-gen3-evo,porsche-99x-electric
fe-2025-26-r17-london,2025-26,2026,17,14,joel-eriksson,envision-racing,spark-gen3-evo,jaguar-i-type-7
fe-2025-26-r17-london,2025-26,2026,17,11,lucas-di-grassi,lola-yamaha-abt-formula-e-team,spark-gen3-evo,lola-t001
