id,eventId,seasonId,classId,competitorId,carNumber,teamId,manufacturerId,carModelId,championshipEligible
wec-2012-r1-sebring-2,wec-2012-r1-sebring,wec-2012,wec-2012-lmp1,wec-2012-lmp1-2,2,audi-sport-team-joest,audi,audi-r18,true
wec-2012-r1-sebring-3,wec-2012-r1-sebring,wec-2012,wec-2012-lmp1,wec-2012-lmp1-3,3,audi-sport-team-joest,audi,audi-r18,true
wec-2012-r1-sebring-44,wec-2012-r1-sebring,wec-2012,wec-2012-lmp2,wec-2012-lmp2-44,44,starworks-motorsports,hpd,hpd-arx-03b-honda,true
wec-2012-r1-sebring-24,wec-2012-r1-sebring,wec-2012,wec-2012-lmp2,wec-2012-lmp2-24,24,oak-racing,morgan,morgan-judd,true
wec-2012-r1-sebring-16,wec-2012-r1-sebring,wec-2012,wec-2012-lmp1,wec-2012-lmp1-16,16,pescarolo-team,pescarolo,pescarolo-judd,true
wec-2012-r1-sebring-49,wec-2012-r1-sebring,wec-2012,wec-2012-lmp2,wec-2012-lmp2-49,49,pecom-racing,oreca,oreca-03-nissan,true
wec-2012-r1-sebring-41,wec-2012-r1-sebring,wec-2012,wec-2012-lmp2,wec-2012-lmp2-41,41,greaves-motorsport,zytek,zytek-z11sn-nissan,true
wec-2012-r1-sebring-21,wec-2012-r1-sebring,wec-2012,wec-2012-lmp1,wec-2012-lmp1-21,21,strakka-racing,hpd,hpd-arx-03a-honda,true
wec-2012-r1-sebring-25,wec-2012-r1-sebring,wec-2012,wec-2012-lmp2,wec-2012-lmp2-25,25,adr-delta,oreca,oreca-03-nissan,true
wec-2012-r1-sebring-31,wec-2012-r1-sebring,wec-2012,wec-2012-lmp2,wec-2012-lmp2-31,31,lotus,lola,lola-b12-80-coupe-lotus,true
wec-2012-r1-sebring-1,wec-2012-r1-sebring,wec-2012,wec-2012-lmp1,wec-2012-lmp1-1,1,audi-sport-team-joest,audi,audi-r18,true
wec-2012-r1-sebring-22,wec-2012-r1-sebring,wec-2012,wec-2012-lmp1,wec-2012-lmp1-22,22,jrm,hpd,hpd-arx-03a-honda,true
wec-2012-r1-sebring-71,wec-2012-r1-sebring,wec-2012,wec-2012-lmgte-pro,wec-2012-lmgte-pro-71,71,af-corse,ferrari,ferrari-f458-italia,true
wec-2012-r1-sebring-77,wec-2012-r1-sebring,wec-2012,wec-2012-lmgte-pro,wec-2012-lmgte-pro-77,77,team-felbermayr-proton,porsche,porsche-911-rsr-997,true
wec-2012-r1-sebring-88,wec-2012-r1-sebring,wec-2012,wec-2012-lmgte-am,wec-2012-lmgte-am-88,88,team-felbermayr-proton,porsche,porsche-911-rsr-997,true
wec-2012-r1-sebring-70,wec-2012-r1-sebring,wec-2012,wec-2012-lmgte-am,wec-2012-lmgte-am-70,70,larbre-competition,chevrolet,chevrolet-corvette-c6-zr1,true
wec-2012-r1-sebring-12,wec-2012-r1-sebring,wec-2012,wec-2012-lmp1,wec-2012-lmp1-12,12,rebellion-racing,lola,lola-b12-60-coupe-toyota,true
wec-2012-r1-sebring-97,wec-2012-r1-sebring,wec-2012,wec-2012-lmgte-pro,wec-2012-lmgte-pro-97,97,aston-martin-racing,aston-martin,aston-martin-vantage-v8,true
wec-2012-r1-sebring-13,wec-2012-r1-sebring,wec-2012,wec-2012-lmp1,wec-2012-lmp1-13,13,rebellion-racing,lola,lola-b12-60-coupe-toyota,true
wec-2012-r1-sebring-50,wec-2012-r1-sebring,wec-2012,wec-2012-lmgte-am,wec-2012-lmgte-am-50,50,larbre-competition,chevrolet,chevrolet-corvette-c6-zr1,true
wec-2012-r1-sebring-61,wec-2012-r1-sebring,wec-2012,wec-2012-lmgte-am,wec-2012-lmgte-am-61,61,af-corse-waltrip,ferrari,ferrari-f458-italia,true
wec-2012-r1-sebring-28,wec-2012-r1-sebring,wec-2012,wec-2012-lmp2,wec-2012-lmp2-28,28,gulf-racing-middle-east,lola,lola-b12-80-coupe-nissan,true
wec-2012-r1-sebring-57,wec-2012-r1-sebring,wec-2012,wec-2012-lmgte-am,wec-2012-lmgte-am-57,57,krohn-racing,ferrari,ferrari-f458-italia,true
wec-2012-r1-sebring-55,wec-2012-r1-sebring,wec-2012,wec-2012-lmgte-am,wec-2012-lmgte-am-55,55,jwa-avila,porsche,porsche-911-rsr-997,true
wec-2012-r1-sebring-15,wec-2012-r1-sebring,wec-2012,wec-2012-lmp1,wec-2012-lmp1-15,15,oak-racing,oak,oak-pescarolo-judd,true
wec-2012-r1-sebring-23,wec-2012-r1-sebring,wec-2012,wec-2012-lmp2,wec-2012-lmp2-23,23,signatech-nissan,oreca,oreca-03-nissan,true
wec-2012-r1-sebring-59,wec-2012-r1-sebring,wec-2012,wec-2012-lmgte-pro,wec-2012-lmgte-pro-59,59,luxury-racing,ferrari,ferrari-f458-italia,true
wec-2012-r1-sebring-58,wec-2012-r1-sebring,wec-2012,wec-2012-lmgte-am,wec-2012-lmgte-am-58,58,luxury-racing,ferrari,ferrari-f458-italia,true
wec-2012-r1-sebring-51,wec-2012-r1-sebring,wec-2012,wec-2012-lmgte-pro,wec-2012-lmgte-pro-51,51,af-corse,ferrari,ferrari-f458-italia,true
wec-2012-r2-spa-3,wec-2012-r2-spa,wec-2012,wec-2012-lmp1,wec-2012-lmp1-3,3,audi-sport-team-joest,audi,audi-r18-ultra,true
wec-2012-r2-spa-1,wec-2012-r2-spa,wec-2012,wec-2012-lmp1,wec-2012-lmp1-1,1,audi-sport-team-joest,audi,audi-r18-e-tron-quattro,true
wec-2012-r2-spa-4,wec-2012-r2-spa,wec-2012,wec-2012-lmp1,wec-2012-lmp1-4,4,audi-sport-north-america,audi,audi-r18-ultra,true
wec-2012-r2-spa-2,wec-2012-r2-spa,wec-2012,wec-2012-lmp1,wec-2012-lmp1-2,2,audi-sport-team-joest,audi,audi-r18-e-tron-quattro,true
wec-2012-r2-spa-12,wec-2012-r2-spa,wec-2012,wec-2012-lmp1,wec-2012-lmp1-12,12,rebellion-racing,lola,lola-b12-60-coupe-toyota,true
wec-2012-r2-spa-13,wec-2012-r2-spa,wec-2012,wec-2012-lmp1,wec-2012-lmp1-13,13,rebellion-racing,lola,lola-b12-60-coupe-toyota,true
wec-2012-r2-spa-21,wec-2012-r2-spa,wec-2012,wec-2012-lmp1,wec-2012-lmp1-21,21,strakka-racing,hpd,hpd-arx-03a-honda,true
wec-2012-r2-spa-38,wec-2012-r2-spa,wec-2012,wec-2012-lmp2,wec-2012-lmp2-38,38,jota,zytek,zytek-z11sn-nissan,true
wec-2012-r2-spa-25,wec-2012-r2-spa,wec-2012,wec-2012-lmp2,wec-2012-lmp2-25,25,adr-delta,oreca,oreca-03-nissan,true
wec-2012-r2-spa-48,wec-2012-r2-spa,wec-2012,wec-2012-lmp2,wec-2012-lmp2-48,48,murphy-prototypes,oreca,oreca-03-nissan,true
wec-2012-r2-spa-35,wec-2012-r2-spa,wec-2012,wec-2012-lmp2,wec-2012-lmp2-35,35,oak-racing,morgan,morgan-judd,true
wec-2012-r2-spa-22,wec-2012-r2-spa,wec-2012,wec-2012-lmp1,wec-2012-lmp1-22,22,jrm,hpd,hpd-arx-03a-honda,true
wec-2012-r2-spa-45,wec-2012-r2-spa,wec-2012,wec-2012-lmp2,wec-2012-lmp2-45,45,boutsen-ginion-racing,oreca,oreca-03-nissan,true
wec-2012-r2-spa-28,wec-2012-r2-spa,wec-2012,wec-2012-lmp2,wec-2012-lmp2-28,28,gulf-racing-middle-east,lola,lola-b12-80-coupe-nissan,true
wec-2012-r2-spa-17,wec-2012-r2-spa,wec-2012,wec-2012-lmp1,wec-2012-lmp1-17,17,pescarolo-team,dome,dome-s102-5-judd,true
wec-2012-r2-spa-41,wec-2012-r2-spa,wec-2012,wec-2012-lmp2,wec-2012-lmp2-41,41,greaves-motorsport,zytek,zytek-z11sn-nissan,true
wec-2012-r2-spa-24,wec-2012-r2-spa,wec-2012,wec-2012-lmp2,wec-2012-lmp2-24,24,oak-racing,morgan,morgan-judd,true
wec-2012-r2-spa-77,wec-2012-r2-spa,wec-2012,wec-2012-lmgte-pro,wec-2012-lmgte-pro-77,77,team-felbermayr-proton,porsche,porsche-911-rsr-997,true
wec-2012-r2-spa-51,wec-2012-r2-spa,wec-2012,wec-2012-lmgte-pro,wec-2012-lmgte-pro-51,51,af-corse,ferrari,ferrari-f458-italia,true
wec-2012-r2-spa-59,wec-2012-r2-spa,wec-2012,wec-2012-lmgte-pro,wec-2012-lmgte-pro-59,59,luxury-racing,ferrari,ferrari-f458-italia,true
wec-2012-r2-spa-71,wec-2012-r2-spa,wec-2012,wec-2012-lmgte-pro,wec-2012-lmgte-pro-71,71,af-corse,ferrari,ferrari-f458-italia,true
wec-2012-r2-spa-67,wec-2012-r2-spa,wec-2012,wec-2012-lmgte-am,wec-2012-lmgte-am-67,67,imsa-performance-matmut,porsche,porsche-911-rsr-997,true
wec-2012-r2-spa-29,wec-2012-r2-spa,wec-2012,wec-2012-lmp2,wec-2012-lmp2-29,29,gulf-racing-middle-east,lola,lola-b12-80-coupe-nissan,true
wec-2012-r2-spa-88,wec-2012-r2-spa,wec-2012,wec-2012-lmgte-am,wec-2012-lmgte-am-88,88,team-felbermayr-proton,porsche,porsche-911-rsr-997,true
wec-2012-r2-spa-49,wec-2012-r2-spa,wec-2012,wec-2012-lmp2,wec-2012-lmp2-49,49,pecom-racing,oreca,oreca-03-nissan,true
wec-2012-r2-spa-81,wec-2012-r2-spa,wec-2012,wec-2012-lmgte-am,wec-2012-lmgte-am-81,81,af-corse,ferrari,ferrari-f458-italia,true
wec-2012-r2-spa-50,wec-2012-r2-spa,wec-2012,wec-2012-lmgte-am,wec-2012-lmgte-am-50,50,larbre-competition,chevrolet,chevrolet-corvette-c6-zr1,true
wec-2012-r2-spa-58,wec-2012-r2-spa,wec-2012,wec-2012-lmgte-am,wec-2012-lmgte-am-58,58,luxury-racing,ferrari,ferrari-f458-italia,true
wec-2012-r2-spa-32,wec-2012-r2-spa,wec-2012,wec-2012-lmp2,wec-2012-lmp2-32,32,lotus,lola,lola-b12-80-coupe-lotus,true
wec-2012-r2-spa-26,wec-2012-r2-spa,wec-2012,wec-2012-lmp2,wec-2012-lmp2-26,26,signatech-nissan,oreca,oreca-03-nissan,true
wec-2012-r2-spa-55,wec-2012-r2-spa,wec-2012,wec-2012-lmgte-am,wec-2012-lmgte-am-55,55,jwa-avila,porsche,porsche-911-rsr-997,true
wec-2012-r2-spa-57,wec-2012-r2-spa,wec-2012,wec-2012-lmgte-am,wec-2012-lmgte-am-57,57,krohn-racing,ferrari,ferrari-f458-italia,true
wec-2012-r2-spa-23,wec-2012-r2-spa,wec-2012,wec-2012-lmp2,wec-2012-lmp2-23,23,signatech-nissan,oreca,oreca-03-nissan,true
wec-2012-r2-spa-44,wec-2012-r2-spa,wec-2012,wec-2012-lmp2,wec-2012-lmp2-44,44,starworks-motorsports,hpd,hpd-arx-03b-honda,true
wec-2012-r2-spa-15,wec-2012-r2-spa,wec-2012,wec-2012-lmp1,wec-2012-lmp1-15,15,oak-racing,oak,oak-pescarolo-judd,true
wec-2012-r2-spa-31,wec-2012-r2-spa,wec-2012,wec-2012-lmp2,wec-2012-lmp2-31,31,lotus,lola,lola-b12-80-coupe-lotus,true
wec-2012-r2-spa-43,wec-2012-r2-spa,wec-2012,wec-2012-lmp2,wec-2012-lmp2-43,43,extreme-limite-aric,norma,norma-m200p-judd,true
wec-2012-r2-spa-40,wec-2012-r2-spa,wec-2012,wec-2012-lmp2,wec-2012-lmp2-40,40,race-performance,oreca,oreca-03-judd,true
wec-2012-r2-spa-70,wec-2012-r2-spa,wec-2012,wec-2012-lmgte-am,wec-2012-lmgte-am-70,70,larbre-competition,chevrolet,chevrolet-corvette-c6-zr1,true
wec-2012-r2-spa-97,wec-2012-r2-spa,wec-2012,wec-2012-lmgte-pro,wec-2012-lmgte-pro-97,97,aston-martin-racing,aston-martin,aston-martin-vantage-v8,true
wec-2012-r2-spa-61,wec-2012-r2-spa,wec-2012,wec-2012-lmgte-am,wec-2012-lmgte-am-61,61,af-corse-waltrip,ferrari,ferrari-f458-italia,true
wec-2012-r2-spa-30,wec-2012-r2-spa,wec-2012,wec-2012-lmp2,wec-2012-lmp2-30,30,status-gp,lola,lola-b12-80-coupe-judd,true
wec-2012-r3-le-mans-1,wec-2012-r3-le-mans,wec-2012,wec-2012-lmp1,wec-2012-lmp1-1,1,audi-sport-team-joest,audi,audi-r18-e-tron-quattro,true
wec-2012-r3-le-mans-2,wec-2012-r3-le-mans,wec-2012,wec-2012-lmp1,wec-2012-lmp1-2,2,audi-sport-team-joest,audi,audi-r18-e-tron-quattro,true
wec-2012-r3-le-mans-4,wec-2012-r3-le-mans,wec-2012,wec-2012-lmp1,wec-2012-lmp1-4,4,audi-sport-north-america,audi,audi-r18-ultra,true
wec-2012-r3-le-mans-12,wec-2012-r3-le-mans,wec-2012,wec-2012-lmp1,wec-2012-lmp1-12,12,rebellion-racing,lola,lola-b12-60-coupe-toyota,true
wec-2012-r3-le-mans-3,wec-2012-r3-le-mans,wec-2012,wec-2012-lmp1,wec-2012-lmp1-3,3,audi-sport-team-joest,audi,audi-r18-ultra,true
wec-2012-r3-le-mans-22,wec-2012-r3-le-mans,wec-2012,wec-2012-lmp1,wec-2012-lmp1-22,22,jrm,hpd,hpd-arx-03a-honda,true
wec-2012-r3-le-mans-44,wec-2012-r3-le-mans,wec-2012,wec-2012-lmp2,wec-2012-lmp2-44,44,starworks-motorsports,hpd,hpd-arx-03b-honda,true
wec-2012-r3-le-mans-46,wec-2012-r3-le-mans,wec-2012,wec-2012-lmp2,wec-2012-lmp2-46,46,thiriet-by-tds-racing,oreca,oreca-03-nissan,true
wec-2012-r3-le-mans-49,wec-2012-r3-le-mans,wec-2012,wec-2012-lmp2,wec-2012-lmp2-49,49,pecom-racing,oreca,oreca-03-nissan,true
wec-2012-r3-le-mans-26,wec-2012-r3-le-mans,wec-2012,wec-2012-lmp2,wec-2012-lmp2-26,26,signatech-nissan,oreca,oreca-03-nissan,true
wec-2012-r3-le-mans-13,wec-2012-r3-le-mans,wec-2012,wec-2012-lmp1,wec-2012-lmp1-13,13,rebellion-racing,lola,lola-b12-60-coupe-toyota,true
wec-2012-r3-le-mans-41,wec-2012-r3-le-mans,wec-2012,wec-2012-lmp2,wec-2012-lmp2-41,41,greaves-motorsport,zytek,zytek-z11sn-nissan,true
wec-2012-r3-le-mans-25,wec-2012-r3-le-mans,wec-2012,wec-2012-lmp2,wec-2012-lmp2-25,25,adr-delta,oreca,oreca-03-nissan,true
wec-2012-r3-le-mans-35,wec-2012-r3-le-mans,wec-2012,wec-2012-lmp2,wec-2012-lmp2-35,35,oak-racing,morgan,morgan-nissan,true
wec-2012-r3-le-mans-42,wec-2012-r3-le-mans,wec-2012,wec-2012-lmp2,wec-2012-lmp2-42,42,greaves-motorsport,zytek,zytek-z11sn-nissan,true
wec-2012-r3-le-mans-23,wec-2012-r3-le-mans,wec-2012,wec-2012-lmp2,wec-2012-lmp2-23,23,signatech-nissan,oreca,oreca-03-nissan,true
wec-2012-r3-le-mans-51,wec-2012-r3-le-mans,wec-2012,wec-2012-lmgte-pro,wec-2012-lmgte-pro-51,51,af-corse,ferrari,ferrari-458-italia,true
wec-2012-r3-le-mans-59,wec-2012-r3-le-mans,wec-2012,wec-2012-lmgte-pro,wec-2012-lmgte-pro-59,59,luxury-racing,ferrari,ferrari-458-italia,true
wec-2012-r3-le-mans-97,wec-2012-r3-le-mans,wec-2012,wec-2012-lmgte-pro,wec-2012-lmgte-pro-97,97,aston-martin-racing,aston-martin,aston-martin-vantage-v8,true
wec-2012-r3-le-mans-50,wec-2012-r3-le-mans,wec-2012,wec-2012-lmgte-am,wec-2012-lmgte-am-50,50,larbre-competition,chevrolet,chevrolet-corvette-c6-zr1,true
wec-2012-r3-le-mans-67,wec-2012-r3-le-mans,wec-2012,wec-2012-lmgte-am,wec-2012-lmgte-am-67,67,imsa-performance-matmut,porsche,porsche-911-rsr-997,true
wec-2012-r3-le-mans-71,wec-2012-r3-le-mans,wec-2012,wec-2012-lmgte-pro,wec-2012-lmgte-pro-71,71,af-corse,ferrari,ferrari-458-italia,true
wec-2012-r3-le-mans-73,wec-2012-r3-le-mans,wec-2012,wec-2012-lmgte-pro,wec-2012-lmgte-pro-73,73,corvette-racing,chevrolet,chevrolet-corvette-c6-zr1,true
wec-2012-r3-le-mans-45,wec-2012-r3-le-mans,wec-2012,wec-2012-lmp2,wec-2012-lmp2-45,45,boutsen-ginion-racing,oreca,oreca-03-nissan,true
wec-2012-r3-le-mans-57,wec-2012-r3-le-mans,wec-2012,wec-2012-lmgte-am,wec-2012-lmgte-am-57,57,krohn-racing,ferrari,ferrari-458-italia,true
wec-2012-r3-le-mans-40,wec-2012-r3-le-mans,wec-2012,wec-2012-lmp2,wec-2012-lmp2-40,40,race-performance,oreca,oreca-03-judd,true
wec-2012-r3-le-mans-79,wec-2012-r3-le-mans,wec-2012,wec-2012-lmgte-am,wec-2012-lmgte-am-79,79,flying-lizard-motorsports,porsche,porsche-911-rsr-997,true
wec-2012-r3-le-mans-70,wec-2012-r3-le-mans,wec-2012,wec-2012-lmgte-am,wec-2012-lmgte-am-70,70,larbre-competition,chevrolet,chevrolet-corvette-c6-zr1,true
wec-2012-r3-le-mans-43,wec-2012-r3-le-mans,wec-2012,wec-2012-lmp2,wec-2012-lmp2-43,43,extreme-limit-aric,norma,norma-mp-2000-judd,true
wec-2012-r3-le-mans-21,wec-2012-r3-le-mans,wec-2012,wec-2012-lmp1,wec-2012-lmp1-21,21,strakka-racing,hpd,hpd-arx-03a-honda,true
wec-2012-r3-le-mans-61,wec-2012-r3-le-mans,wec-2012,wec-2012-lmgte-am,wec-2012-lmgte-am-61,61,af-corse-waltrip,ferrari,ferrari-458-italia,true
wec-2012-r3-le-mans-83,wec-2012-r3-le-mans,wec-2012,wec-2012-lmgte-am,wec-2012-lmgte-am-83,83,jmb-racing,ferrari,ferrari-458-italia,true
wec-2012-r3-le-mans-55,wec-2012-r3-le-mans,wec-2012,wec-2012-lmgte-am,wec-2012-lmgte-am-55,55,jwa-avila,porsche,porsche-911-rsr-997,true
wec-2012-r3-le-mans-74,wec-2012-r3-le-mans,wec-2012,wec-2012-lmgte-pro,wec-2012-lmgte-pro-74,74,corvette-racing,chevrolet,chevrolet-corvette-c6-zr1,true
wec-2012-r3-le-mans-17,wec-2012-r3-le-mans,wec-2012,wec-2012-lmp1,wec-2012-lmp1-17,17,pescarolo-team,dome,dome-judd,true
wec-2012-r3-le-mans-38,wec-2012-r3-le-mans,wec-2012,wec-2012-lmp2,wec-2012-lmp2-38,38,jota,zytek,zytek-z11sn-nissan,true
wec-2012-r3-le-mans-33,wec-2012-r3-le-mans,wec-2012,wec-2012-lmp2,wec-2012-lmp2-33,33,level-5-motorsport,hpd,hpd-arx-03b-honda,true
wec-2012-r3-le-mans-30,wec-2012-r3-le-mans,wec-2012,wec-2012-lmp2,wec-2012-lmp2-30,30,status-grand-prix,lola,lola-judd,true
wec-2012-r3-le-mans-88,wec-2012-r3-le-mans,wec-2012,wec-2012-lmgte-am,wec-2012-lmgte-am-88,88,team-felbermayr-proton,porsche,porsche-911-rsr-997,true
wec-2012-r3-le-mans-15,wec-2012-r3-le-mans,wec-2012,wec-2012-lmp1,wec-2012-lmp1-15,15,oak-racing,oak,oak-pescarolo-judd,true
wec-2012-r3-le-mans-66,wec-2012-r3-le-mans,wec-2012,wec-2012-lmgte-pro,wec-2012-lmgte-pro-66,66,jmw-motorsport,ferrari,ferrari-458-italia,true
wec-2012-r3-le-mans-48,wec-2012-r3-le-mans,wec-2012,wec-2012-lmp2,wec-2012-lmp2-48,48,murphy-prototypes,oreca,oreca-03-nissan,true
wec-2012-r3-le-mans-77,wec-2012-r3-le-mans,wec-2012,wec-2012-lmgte-pro,wec-2012-lmgte-pro-77,77,team-felbermayr-proton,porsche,porsche-911-rsr-997,true
wec-2012-r3-le-mans-75,wec-2012-r3-le-mans,wec-2012,wec-2012-lmgte-am,wec-2012-lmgte-am-75,75,prospeed-competition,porsche,porsche-911-rsr-997,true
wec-2012-r3-le-mans-31,wec-2012-r3-le-mans,wec-2012,wec-2012-lmp2,wec-2012-lmp2-31,31,lotus,lola,lola-b12-80-coupe-lotus,true
wec-2012-r3-le-mans-58,wec-2012-r3-le-mans,wec-2012,wec-2012-lmgte-am,wec-2012-lmgte-am-58,58,luxury-racing,ferrari,ferrari-458-italia,true
wec-2012-r3-le-mans-24,wec-2012-r3-le-mans,wec-2012,wec-2012-lmp2,wec-2012-lmp2-24,24,oak-racing,morgan,morgan-judd,true
wec-2012-r3-le-mans-7,wec-2012-r3-le-mans,wec-2012,wec-2012-lmp1,wec-2012-lmp1-7,7,toyota-racing,toyota,toyota-ts-030-hybrid,true
wec-2012-r3-le-mans-80,wec-2012-r3-le-mans,wec-2012,wec-2012-lmgte-pro,wec-2012-lmgte-pro-80,80,flying-lizard-motorsports,porsche,porsche-911-rsr-997,true
wec-2012-r3-le-mans-28,wec-2012-r3-le-mans,wec-2012,wec-2012-lmp2,wec-2012-lmp2-28,28,gulf-racing-middle-east,lola,lola-b12-80-coupe-nissan,true
wec-2012-r3-le-mans-8,wec-2012-r3-le-mans,wec-2012,wec-2012-lmp1,wec-2012-lmp1-8,8,toyota-racing,toyota,toyota-ts-030-hybrid,true
wec-2012-r3-le-mans-0,wec-2012-r3-le-mans,wec-2012,wec-2012-cdnt,wec-2012-cdnt-0,0,highcroft-racing,delta,delta-wing-nissan,true
wec-2012-r3-le-mans-81,wec-2012-r3-le-mans,wec-2012,wec-2012-lmgte-am,wec-2012-lmgte-am-81,81,af-corse,ferrari,ferrari-458-italia,true
wec-2012-r3-le-mans-99,wec-2012-r3-le-mans,wec-2012,wec-2012-lmgte-am,wec-2012-lmgte-am-99,99,aston-martin-racing,aston-martin,aston-martin-vantage-v8,true
wec-2012-r3-le-mans-16,wec-2012-r3-le-mans,wec-2012,wec-2012-lmp1,wec-2012-lmp1-16,16,pescarolo-team,pescarolo,pescarolo-03-judd,true
wec-2012-r3-le-mans-29,wec-2012-r3-le-mans,wec-2012,wec-2012-lmp2,wec-2012-lmp2-29,29,gulf-racing-middle-east,lola,lola-b12-80-coupe-nissan,true
wec-2012-r4-silverstone-1,wec-2012-r4-silverstone,wec-2012,wec-2012-lmp1,wec-2012-lmp1-1,1,audi-sport-team-joest,audi,audi-r18-e-tron-quattro,true
wec-2012-r4-silverstone-7,wec-2012-r4-silverstone,wec-2012,wec-2012-lmp1,wec-2012-lmp1-7,7,toyota-racing,toyota,toyota-ts030-hybrid,true
wec-2012-r4-silverstone-2,wec-2012-r4-silverstone,wec-2012,wec-2012-lmp1,wec-2012-lmp1-2,2,audi-sport-team-joest,audi,audi-r18-ultra,true
wec-2012-r4-silverstone-13,wec-2012-r4-silverstone,wec-2012,wec-2012-lmp1,wec-2012-lmp1-13,13,rebellion-racing,lola,lola-b12-60-coupe-toyota,true
wec-2012-r4-silverstone-21,wec-2012-r4-silverstone,wec-2012,wec-2012-lmp1,wec-2012-lmp1-21,21,strakka-racing,hpd,hpd-arx-03a-honda,true
wec-2012-r4-silverstone-12,wec-2012-r4-silverstone,wec-2012,wec-2012-lmp1,wec-2012-lmp1-12,12,rebellion-racing,lola,lola-b12-60-coupe-toyota,true
wec-2012-r4-silverstone-22,wec-2012-r4-silverstone,wec-2012,wec-2012-lmp1,wec-2012-lmp1-22,22,jrm,hpd,hpd-arx-03a-honda,true
wec-2012-r4-silverstone-25,wec-2012-r4-silverstone,wec-2012,wec-2012-lmp2,wec-2012-lmp2-25,25,adr-delta,oreca,oreca-03-nissan,true
wec-2012-r4-silverstone-44,wec-2012-r4-silverstone,wec-2012,wec-2012-lmp2,wec-2012-lmp2-44,44,starworks-motorsports,hpd,hpd-arx-03b-honda,true
wec-2012-r4-silverstone-26,wec-2012-r4-silverstone,wec-2012,wec-2012-lmp2,wec-2012-lmp2-26,26,signatech-nissan,oreca,oreca-03-nissan,true
wec-2012-r4-silverstone-49,wec-2012-r4-silverstone,wec-2012,wec-2012-lmp2,wec-2012-lmp2-49,49,pecom-racing,oreca,oreca-03-nissan,true
wec-2012-r4-silverstone-42,wec-2012-r4-silverstone,wec-2012,wec-2012-lmp2,wec-2012-lmp2-42,42,greaves-motorsport,zytek,zytek-z11sn-nissan,true
wec-2012-r4-silverstone-24,wec-2012-r4-silverstone,wec-2012,wec-2012-lmp2,wec-2012-lmp2-24,24,oak-racing,morgan,morgan-nissan,true
wec-2012-r4-silverstone-38,wec-2012-r4-silverstone,wec-2012,wec-2012-lmp2,wec-2012-lmp2-38,38,jota,zytek,zytek-z11sn-nissan,true
wec-2012-r4-silverstone-30,wec-2012-r4-silverstone,wec-2012,wec-2012-lmp2,wec-2012-lmp2-30,30,status-gp,lola,lola-b12-80-coupe-judd,true
wec-2012-r4-silverstone-48,wec-2012-r4-silverstone,wec-2012,wec-2012-lmp2,wec-2012-lmp2-48,48,murphy-prototypes,oreca,oreca-03-nissan,true
wec-2012-r4-silverstone-35,wec-2012-r4-silverstone,wec-2012,wec-2012-lmp2,wec-2012-lmp2-35,35,oak-racing,morgan,morgan-nissan,true
wec-2012-r4-silverstone-29,wec-2012-r4-silverstone,wec-2012,wec-2012-lmp2,wec-2012-lmp2-29,29,gulf-racing-middle-east,lola,lola-b12-80-coupe-nissan,true
wec-2012-r4-silverstone-31,wec-2012-r4-silverstone,wec-2012,wec-2012-lmp2,wec-2012-lmp2-31,31,lotus,lola,lola-b12-80-coupe-lotus,true
wec-2012-r4-silverstone-41,wec-2012-r4-silverstone,wec-2012,wec-2012-lmp2,wec-2012-lmp2-41,41,greaves-motorsport,zytek,zytek-z11sn-nissan,true
wec-2012-r4-silverstone-51,wec-2012-r4-silverstone,wec-2012,wec-2012-lmgte-pro,wec-2012-lmgte-pro-51,51,af-corse,ferrari,ferrari-f458-italia,true
wec-2012-r4-silverstone-66,wec-2012-r4-silverstone,wec-2012,wec-2012-lmgte-pro,wec-2012-lmgte-pro-66,66,jmw-motorsport,ferrari,ferrari-f458-italia,true
wec-2012-r4-silverstone-97,wec-2012-r4-silverstone,wec-2012,wec-2012-lmgte-pro,wec-2012-lmgte-pro-97,97,aston-martin-racing,aston-martin,aston-martin-vantage-v8,true
wec-2012-r4-silverstone-61,wec-2012-r4-silverstone,wec-2012,wec-2012-lmgte-am,wec-2012-lmgte-am-61,61,af-corse-waltrip,ferrari,ferrari-f458-italia,true
wec-2012-r4-silverstone-88,wec-2012-r4-silverstone,wec-2012,wec-2012-lmgte-am,wec-2012-lmgte-am-88,88,team-felbermayr-proton,porsche,porsche-911-rsr-997,true
wec-2012-r4-silverstone-57,wec-2012-r4-silverstone,wec-2012,wec-2012-lmgte-am,wec-2012-lmgte-am-57,57,krohn-racing,ferrari,ferrari-f458-italia,true
wec-2012-r4-silverstone-77,wec-2012-r4-silverstone,wec-2012,wec-2012-lmgte-pro,wec-2012-lmgte-pro-77,77,team-felbermayr-proton,porsche,porsche-911-rsr-997,true
wec-2012-r4-silverstone-98,wec-2012-r4-silverstone,wec-2012,wec-2012-lmgte-am,wec-2012-lmgte-am-98,98,aston-martin-racing,aston-martin,aston-martin-vantage-v8,true
wec-2012-r4-silverstone-70,wec-2012-r4-silverstone,wec-2012,wec-2012-lmgte-am,wec-2012-lmgte-am-70,70,larbre-competition,chevrolet,chevrolet-corvette-c6-zr1,true
wec-2012-r4-silverstone-55,wec-2012-r4-silverstone,wec-2012,wec-2012-lmgte-am,wec-2012-lmgte-am-55,55,jwa-avila,porsche,porsche-911-rsr-997,true
wec-2012-r4-silverstone-71,wec-2012-r4-silverstone,wec-2012,wec-2012-lmgte-pro,wec-2012-lmgte-pro-71,71,af-corse,ferrari,ferrari-f458-italia,true
wec-2012-r4-silverstone-99,wec-2012-r4-silverstone,wec-2012,wec-2012-lmgte-am,wec-2012-lmgte-am-99,99,aston-martin-racing,aston-martin,aston-martin-vantage-v8,true
wec-2012-r4-silverstone-23,wec-2012-r4-silverstone,wec-2012,wec-2012-lmp2,wec-2012-lmp2-23,23,signatech-nissan,oreca,oreca-03-nissan,true
wec-2012-r4-silverstone-32,wec-2012-r4-silverstone,wec-2012,wec-2012-lmp2,wec-2012-lmp2-32,32,lotus,lola,lola-b12-80-coupe-lotus,true
wec-2012-r4-silverstone-50,wec-2012-r4-silverstone,wec-2012,wec-2012-lmgte-am,wec-2012-lmgte-am-50,50,larbre-competition,chevrolet,chevrolet-corvette-c6-zr1,true
wec-2012-r5-sao-paulo-7,wec-2012-r5-sao-paulo,wec-2012,wec-2012-lmp1,wec-2012-lmp1-7,7,toyota-racing,toyota,toyota-ts030-hybrid,true
wec-2012-r5-sao-paulo-1,wec-2012-r5-sao-paulo,wec-2012,wec-2012-lmp1,wec-2012-lmp1-1,1,audi-sport-team-joest,audi,audi-r18-e-tron-quattro,true
wec-2012-r5-sao-paulo-2,wec-2012-r5-sao-paulo,wec-2012,wec-2012-lmp1,wec-2012-lmp1-2,2,audi-sport-team-joest,audi,audi-r18-ultra,true
wec-2012-r5-sao-paulo-12,wec-2012-r5-sao-paulo,wec-2012,wec-2012-lmp1,wec-2012-lmp1-12,12,rebellion-racing,lola,lola-b12-60-coupe-toyota,true
wec-2012-r5-sao-paulo-21,wec-2012-r5-sao-paulo,wec-2012,wec-2012-lmp1,wec-2012-lmp1-21,21,strakka-racing,hpd,hpd-arx-03a-honda,true
wec-2012-r5-sao-paulo-13,wec-2012-r5-sao-paulo,wec-2012,wec-2012-lmp1,wec-2012-lmp1-13,13,rebellion-racing,lola,lola-b12-60-coupe-toyota,true
wec-2012-r5-sao-paulo-44,wec-2012-r5-sao-paulo,wec-2012,wec-2012-lmp2,wec-2012-lmp2-44,44,starworks-motorsports,hpd,hpd-arx-03b-honda,true
wec-2012-r5-sao-paulo-49,wec-2012-r5-sao-paulo,wec-2012,wec-2012-lmp2,wec-2012-lmp2-49,49,pecom-racing,oreca,oreca-03-nissan,true
wec-2012-r5-sao-paulo-22,wec-2012-r5-sao-paulo,wec-2012,wec-2012-lmp1,wec-2012-lmp1-22,22,jrm,hpd,hpd-arx-03a-honda,true
wec-2012-r5-sao-paulo-24,wec-2012-r5-sao-paulo,wec-2012,wec-2012-lmp2,wec-2012-lmp2-24,24,oak-racing,morgan,morgan-nissan,true
wec-2012-r5-sao-paulo-41,wec-2012-r5-sao-paulo,wec-2012,wec-2012-lmp2,wec-2012-lmp2-41,41,greaves-motorsport,zytek,zytek-z11sn-nissan,true
wec-2012-r5-sao-paulo-25,wec-2012-r5-sao-paulo,wec-2012,wec-2012-lmp2,wec-2012-lmp2-25,25,adr-delta,oreca,oreca-03-nissan,true
wec-2012-r5-sao-paulo-32,wec-2012-r5-sao-paulo,wec-2012,wec-2012-lmp2,wec-2012-lmp2-32,32,lotus,lola,lola-b12-80-coupe-lotus,true
wec-2012-r5-sao-paulo-26,wec-2012-r5-sao-paulo,wec-2012,wec-2012-lmp2,wec-2012-lmp2-26,26,signatech-nissan,oreca,oreca-03-nissan,true
wec-2012-r5-sao-paulo-31,wec-2012-r5-sao-paulo,wec-2012,wec-2012-lmp2,wec-2012-lmp2-31,31,lotus,lola,lola-b12-80-coupe-lotus,true
wec-2012-r5-sao-paulo-51,wec-2012-r5-sao-paulo,wec-2012,wec-2012-lmgte-pro,wec-2012-lmgte-pro-51,51,af-corse,ferrari,ferrari-f458-italia,true
wec-2012-r5-sao-paulo-97,wec-2012-r5-sao-paulo,wec-2012,wec-2012-lmgte-pro,wec-2012-lmgte-pro-97,97,aston-martin-racing,aston-martin,aston-martin-vantage-v8,true
wec-2012-r5-sao-paulo-77,wec-2012-r5-sao-paulo,wec-2012,wec-2012-lmgte-pro,wec-2012-lmgte-pro-77,77,team-felbermayr-proton,porsche,porsche-911-rsr-997,true
wec-2012-r5-sao-paulo-71,wec-2012-r5-sao-paulo,wec-2012,wec-2012-lmgte-pro,wec-2012-lmgte-pro-71,71,af-corse,ferrari,ferrari-f458-italia,true
wec-2012-r5-sao-paulo-88,wec-2012-r5-sao-paulo,wec-2012,wec-2012-lmgte-am,wec-2012-lmgte-am-88,88,team-felbermayr-proton,porsche,porsche-911-rsr-997,true
wec-2012-r5-sao-paulo-70,wec-2012-r5-sao-paulo,wec-2012,wec-2012-lmgte-am,wec-2012-lmgte-am-70,70,larbre-competition,chevrolet,chevrolet-corvette-c6-zr1,true
wec-2012-r5-sao-paulo-61,wec-2012-r5-sao-paulo,wec-2012,wec-2012-lmgte-am,wec-2012-lmgte-am-61,61,af-corse-waltrip,ferrari,ferrari-f458-italia,true
wec-2012-r5-sao-paulo-55,wec-2012-r5-sao-paulo,wec-2012,wec-2012-lmgte-am,wec-2012-lmgte-am-55,55,jwa-avila,porsche,porsche-911-rsr-997,true
wec-2012-r5-sao-paulo-29,wec-2012-r5-sao-paulo,wec-2012,wec-2012-lmp2,wec-2012-lmp2-29,29,gulf-racing-middle-east,lola,lola-b12-80-coupe-nissan,true
wec-2012-r5-sao-paulo-35,wec-2012-r5-sao-paulo,wec-2012,wec-2012-lmp2,wec-2012-lmp2-35,35,oak-racing,morgan,morgan-nissan,true
wec-2012-r5-sao-paulo-23,wec-2012-r5-sao-paulo,wec-2012,wec-2012-lmp2,wec-2012-lmp2-23,23,signatech-nissan,oreca,oreca-03-nissan,true
wec-2012-r5-sao-paulo-57,wec-2012-r5-sao-paulo,wec-2012,wec-2012-lmgte-am,wec-2012-lmgte-am-57,57,krohn-racing,ferrari,ferrari-f458-italia,true
wec-2012-r5-sao-paulo-50,wec-2012-r5-sao-paulo,wec-2012,wec-2012-lmgte-am,wec-2012-lmgte-am-50,50,larbre-competition,chevrolet,chevrolet-corvette-c6-zr1,true
wec-2012-r6-bahrain-1,wec-2012-r6-bahrain,wec-2012,wec-2012-lmp1,wec-2012-lmp1-1,1,audi-sport-team-joest,audi,audi-r18-e-tron-quattro,true
wec-2012-r6-bahrain-2,wec-2012-r6-bahrain,wec-2012,wec-2012-lmp1,wec-2012-lmp1-2,2,audi-sport-team-joest,audi,audi-r18-e-tron-quattro,true
wec-2012-r6-bahrain-21,wec-2012-r6-bahrain,wec-2012,wec-2012-lmp1,wec-2012-lmp1-21,21,strakka-racing,hpd,hpd-arx-03a-honda,true
wec-2012-r6-bahrain-12,wec-2012-r6-bahrain,wec-2012,wec-2012-lmp1,wec-2012-lmp1-12,12,rebellion-racing,lola,lola-b12-60-coupe-toyota,true
wec-2012-r6-bahrain-13,wec-2012-r6-bahrain,wec-2012,wec-2012-lmp1,wec-2012-lmp1-13,13,rebellion-racing,lola,lola-b12-60-coupe-toyota,true
wec-2012-r6-bahrain-49,wec-2012-r6-bahrain,wec-2012,wec-2012-lmp2,wec-2012-lmp2-49,49,pecom-racing,oreca,oreca-03-nissan,true
wec-2012-r6-bahrain-23,wec-2012-r6-bahrain,wec-2012,wec-2012-lmp2,wec-2012-lmp2-23,23,signatech-nissan,oreca,oreca-03-nissan,true
wec-2012-r6-bahrain-44,wec-2012-r6-bahrain,wec-2012,wec-2012-lmp2,wec-2012-lmp2-44,44,starworks-motorsports,hpd,hpd-arx-03b-honda,true
wec-2012-r6-bahrain-32,wec-2012-r6-bahrain,wec-2012,wec-2012-lmp2,wec-2012-lmp2-32,32,lotus,lola,lola-b12-80-coupe-lotus,true
wec-2012-r6-bahrain-26,wec-2012-r6-bahrain,wec-2012,wec-2012-lmp2,wec-2012-lmp2-26,26,signatech-nissan,oreca,oreca-03-nissan,true
wec-2012-r6-bahrain-24,wec-2012-r6-bahrain,wec-2012,wec-2012-lmp2,wec-2012-lmp2-24,24,oak-racing,morgan,morgan-nissan,true
wec-2012-r6-bahrain-41,wec-2012-r6-bahrain,wec-2012,wec-2012-lmp2,wec-2012-lmp2-41,41,greaves-motorsport,zytek,zytek-z11sn-nissan,true
wec-2012-r6-bahrain-51,wec-2012-r6-bahrain,wec-2012,wec-2012-lmgte-pro,wec-2012-lmgte-pro-51,51,af-corse,ferrari,ferrari-f458-italia,true
wec-2012-r6-bahrain-97,wec-2012-r6-bahrain,wec-2012,wec-2012-lmgte-pro,wec-2012-lmgte-pro-97,97,aston-martin-racing,aston-martin,aston-martin-vantage-v8,true
wec-2012-r6-bahrain-77,wec-2012-r6-bahrain,wec-2012,wec-2012-lmgte-pro,wec-2012-lmgte-pro-77,77,team-felbermayr-proton,porsche,porsche-911-rsr-997,true
wec-2012-r6-bahrain-71,wec-2012-r6-bahrain,wec-2012,wec-2012-lmgte-pro,wec-2012-lmgte-pro-71,71,af-corse,ferrari,ferrari-f458-italia,true
wec-2012-r6-bahrain-88,wec-2012-r6-bahrain,wec-2012,wec-2012-lmgte-am,wec-2012-lmgte-am-88,88,team-felbermayr-proton,porsche,porsche-911-rsr-997,true
wec-2012-r6-bahrain-61,wec-2012-r6-bahrain,wec-2012,wec-2012-lmgte-am,wec-2012-lmgte-am-61,61,af-corse-waltrip,ferrari,ferrari-f458-italia,true
wec-2012-r6-bahrain-57,wec-2012-r6-bahrain,wec-2012,wec-2012-lmgte-am,wec-2012-lmgte-am-57,57,krohn-racing,ferrari,ferrari-f458-italia,true
wec-2012-r6-bahrain-25,wec-2012-r6-bahrain,wec-2012,wec-2012-lmp2,wec-2012-lmp2-25,25,adr-delta,oreca,oreca-03-nissan,true
wec-2012-r6-bahrain-50,wec-2012-r6-bahrain,wec-2012,wec-2012-lmgte-am,wec-2012-lmgte-am-50,50,larbre-competition,chevrolet,chevrolet-corvette-c6-zr1,true
wec-2012-r6-bahrain-70,wec-2012-r6-bahrain,wec-2012,wec-2012-lmgte-am,wec-2012-lmgte-am-70,70,larbre-competition,chevrolet,chevrolet-corvette-c6-zr1,true
wec-2012-r6-bahrain-55,wec-2012-r6-bahrain,wec-2012,wec-2012-lmgte-am,wec-2012-lmgte-am-55,55,jwa-avila,porsche,porsche-911-rsr-997,true
wec-2012-r6-bahrain-7,wec-2012-r6-bahrain,wec-2012,wec-2012-lmp1,wec-2012-lmp1-7,7,toyota-racing,toyota,toyota-ts030-hybrid,true
wec-2012-r6-bahrain-31,wec-2012-r6-bahrain,wec-2012,wec-2012-lmp2,wec-2012-lmp2-31,31,lotus,lola,lola-b12-80-coupe-lotus,true
wec-2012-r6-bahrain-29,wec-2012-r6-bahrain,wec-2012,wec-2012-lmp2,wec-2012-lmp2-29,29,gulf-racing-middle-east,lola,lola-b12-80-coupe-nissan,true
wec-2012-r6-bahrain-22,wec-2012-r6-bahrain,wec-2012,wec-2012-lmp1,wec-2012-lmp1-22,22,jrm,hpd,hpd-arx-03a-honda,true
wec-2012-r6-bahrain-35,wec-2012-r6-bahrain,wec-2012,wec-2012-lmp2,wec-2012-lmp2-35,35,oak-racing,morgan,morgan-nissan,true
wec-2012-r7-fuji-7,wec-2012-r7-fuji,wec-2012,wec-2012-lmp1,wec-2012-lmp1-7,7,toyota-racing,toyota,toyota-ts030-hybrid,true
wec-2012-r7-fuji-1,wec-2012-r7-fuji,wec-2012,wec-2012-lmp1,wec-2012-lmp1-1,1,audi-sport-team-joest,audi,audi-r18-e-tron-quattro,true
wec-2012-r7-fuji-2,wec-2012-r7-fuji,wec-2012,wec-2012-lmp1,wec-2012-lmp1-2,2,audi-sport-team-joest,audi,audi-r18-e-tron-quattro,true
wec-2012-r7-fuji-12,wec-2012-r7-fuji,wec-2012,wec-2012-lmp1,wec-2012-lmp1-12,12,rebellion-racing,lola,lola-b12-60-coupe-toyota,true
wec-2012-r7-fuji-22,wec-2012-r7-fuji,wec-2012,wec-2012-lmp1,wec-2012-lmp1-22,22,jrm,hpd,hpd-arx-03a-honda,true
wec-2012-r7-fuji-21,wec-2012-r7-fuji,wec-2012,wec-2012-lmp1,wec-2012-lmp1-21,21,strakka-racing,hpd,hpd-arx-03a-honda,true
wec-2012-r7-fuji-13,wec-2012-r7-fuji,wec-2012,wec-2012-lmp1,wec-2012-lmp1-13,13,rebellion-racing,lola,lola-b12-60-coupe-toyota,true
wec-2012-r7-fuji-25,wec-2012-r7-fuji,wec-2012,wec-2012-lmp2,wec-2012-lmp2-25,25,adr-delta,oreca,oreca-03-nissan,true
wec-2012-r7-fuji-44,wec-2012-r7-fuji,wec-2012,wec-2012-lmp2,wec-2012-lmp2-44,44,starworks-motorsports,hpd,hpd-arx-03b-honda,true
wec-2012-r7-fuji-24,wec-2012-r7-fuji,wec-2012,wec-2012-lmp2,wec-2012-lmp2-24,24,oak-racing,morgan,morgan-nissan,true
wec-2012-r7-fuji-49,wec-2012-r7-fuji,wec-2012,wec-2012-lmp2,wec-2012-lmp2-49,49,pecom-racing,oreca,oreca-03-nissan,true
wec-2012-r7-fuji-32,wec-2012-r7-fuji,wec-2012,wec-2012-lmp2,wec-2012-lmp2-32,32,lotus,lola,lola-b12-80-coupe-lotus,true
wec-2012-r7-fuji-29,wec-2012-r7-fuji,wec-2012,wec-2012-lmp2,wec-2012-lmp2-29,29,gulf-racing-middle-east,lola,lola-b12-80-coupe-nissan,true
wec-2012-r7-fuji-41,wec-2012-r7-fuji,wec-2012,wec-2012-lmp2,wec-2012-lmp2-41,41,greaves-motorsport,zytek,zytek-z11sn-nissan,true
wec-2012-r7-fuji-23,wec-2012-r7-fuji,wec-2012,wec-2012-lmp2,wec-2012-lmp2-23,23,signatech-nissan,oreca,oreca-03-nissan,true
wec-2012-r7-fuji-15,wec-2012-r7-fuji,wec-2012,wec-2012-lmp1,wec-2012-lmp1-15,15,oak-racing,oak,oak-pescarolo-honda,true
wec-2012-r7-fuji-77,wec-2012-r7-fuji,wec-2012,wec-2012-lmgte-pro,wec-2012-lmgte-pro-77,77,team-felbermayr-proton,porsche,porsche-911-rsr-997,true
wec-2012-r7-fuji-51,wec-2012-r7-fuji,wec-2012,wec-2012-lmgte-pro,wec-2012-lmgte-pro-51,51,af-corse,ferrari,ferrari-f458-italia,true
wec-2012-r7-fuji-97,wec-2012-r7-fuji,wec-2012,wec-2012-lmgte-pro,wec-2012-lmgte-pro-97,97,aston-martin-racing,aston-martin,aston-martin-vantage-v8,true
wec-2012-r7-fuji-71,wec-2012-r7-fuji,wec-2012,wec-2012-lmgte-pro,wec-2012-lmgte-pro-71,71,af-corse,ferrari,ferrari-f458-italia,true
wec-2012-r7-fuji-50,wec-2012-r7-fuji,wec-2012,wec-2012-lmgte-am,wec-2012-lmgte-am-50,50,larbre-competition,chevrolet,chevrolet-corvette-c6-zr1,true
wec-2012-r7-fuji-57,wec-2012-r7-fuji,wec-2012,wec-2012-lmgte-am,wec-2012-lmgte-am-57,57,krohn-racing,ferrari,ferrari-f458-italia,true
wec-2012-r7-fuji-88,wec-2012-r7-fuji,wec-2012,wec-2012-lmgte-am,wec-2012-lmgte-am-88,88,team-felbermayr-proton,porsche,porsche-911-rsr-997,true
wec-2012-r7-fuji-70,wec-2012-r7-fuji,wec-2012,wec-2012-lmgte-am,wec-2012-lmgte-am-70,70,larbre-competition,chevrolet,chevrolet-corvette-c6-zr1,true
wec-2012-r7-fuji-55,wec-2012-r7-fuji,wec-2012,wec-2012-lmgte-am,wec-2012-lmgte-am-55,55,jwa-avila,porsche,porsche-911-rsr-997,true
wec-2012-r7-fuji-31,wec-2012-r7-fuji,wec-2012,wec-2012-lmp2,wec-2012-lmp2-31,31,lotus,lola,lola-b12-80-coupe-lotus,true
wec-2012-r7-fuji-26,wec-2012-r7-fuji,wec-2012,wec-2012-lmp2,wec-2012-lmp2-26,26,signatech-nissan,oreca,oreca-03-nissan,true
wec-2012-r8-shanghai-7,wec-2012-r8-shanghai,wec-2012,wec-2012-lmp1,wec-2012-lmp1-7,7,toyota-racing,toyota,toyota-ts030-hybrid,true
wec-2012-r8-shanghai-2,wec-2012-r8-shanghai,wec-2012,wec-2012-lmp1,wec-2012-lmp1-2,2,audi-sport-team-joest,audi,audi-r18-e-tron-quattro,true
wec-2012-r8-shanghai-1,wec-2012-r8-shanghai,wec-2012,wec-2012-lmp1,wec-2012-lmp1-1,1,audi-sport-team-joest,audi,audi-r18-e-tron-quattro,true
wec-2012-r8-shanghai-13,wec-2012-r8-shanghai,wec-2012,wec-2012-lmp1,wec-2012-lmp1-13,13,rebellion-racing,lola,lola-b12-60-coupe-toyota,true
wec-2012-r8-shanghai-22,wec-2012-r8-shanghai,wec-2012,wec-2012-lmp1,wec-2012-lmp1-22,22,jrm,hpd,hpd-arx-03a-honda,true
wec-2012-r8-shanghai-21,wec-2012-r8-shanghai,wec-2012,wec-2012-lmp1,wec-2012-lmp1-21,21,strakka-racing,hpd,hpd-arx-03a-honda,true
wec-2012-r8-shanghai-25,wec-2012-r8-shanghai,wec-2012,wec-2012-lmp2,wec-2012-lmp2-25,25,adr-delta,oreca,oreca-03-nissan,true
wec-2012-r8-shanghai-44,wec-2012-r8-shanghai,wec-2012,wec-2012-lmp2,wec-2012-lmp2-44,44,starworks-motorsports,hpd,hpd-arx-03b-honda,true
wec-2012-r8-shanghai-24,wec-2012-r8-shanghai,wec-2012,wec-2012-lmp2,wec-2012-lmp2-24,24,oak-racing,morgan,morgan-nissan,true
wec-2012-r8-shanghai-49,wec-2012-r8-shanghai,wec-2012,wec-2012-lmp2,wec-2012-lmp2-49,49,pecom-racing,oreca,oreca-03-nissan,true
wec-2012-r8-shanghai-23,wec-2012-r8-shanghai,wec-2012,wec-2012-lmp2,wec-2012-lmp2-23,23,signatech-nissan,oreca,oreca-03-nissan,true
wec-2012-r8-shanghai-31,wec-2012-r8-shanghai,wec-2012,wec-2012-lmp2,wec-2012-lmp2-31,31,lotus,lola,lola-b12-80-coupe-lotus,true
wec-2012-r8-shanghai-26,wec-2012-r8-shanghai,wec-2012,wec-2012-lmp2,wec-2012-lmp2-26,26,signatech-nissan,oreca,oreca-03-nissan,true
wec-2012-r8-shanghai-15,wec-2012-r8-shanghai,wec-2012,wec-2012-lmp1,wec-2012-lmp1-15,15,oak-racing,oak,oak-pescarolo-honda,true
wec-2012-r8-shanghai-41,wec-2012-r8-shanghai,wec-2012,wec-2012-lmp2,wec-2012-lmp2-41,41,greaves-motorsport,zytek,zytek-z11sn-nissan,true
wec-2012-r8-shanghai-97,wec-2012-r8-shanghai,wec-2012,wec-2012-lmgte-pro,wec-2012-lmgte-pro-97,97,aston-martin-racing,aston-martin,aston-martin-vantage-v8,true
wec-2012-r8-shanghai-77,wec-2012-r8-shanghai,wec-2012,wec-2012-lmgte-pro,wec-2012-lmgte-pro-77,77,team-felbermayr-proton,porsche,porsche-911-rsr-997,true
wec-2012-r8-shanghai-71,wec-2012-r8-shanghai,wec-2012,wec-2012-lmgte-pro,wec-2012-lmgte-pro-71,71,af-corse,ferrari,ferrari-f458-italia,true
wec-2012-r8-shanghai-50,wec-2012-r8-shanghai,wec-2012,wec-2012-lmgte-am,wec-2012-lmgte-am-50,50,larbre-competition,chevrolet,chevrolet-corvette-c6-zr1,true
wec-2012-r8-shanghai-88,wec-2012-r8-shanghai,wec-2012,wec-2012-lmgte-am,wec-2012-lmgte-am-88,88,team-felbermayr-proton,porsche,porsche-911-rsr-997,true
wec-2012-r8-shanghai-57,wec-2012-r8-shanghai,wec-2012,wec-2012-lmgte-am,wec-2012-lmgte-am-57,57,krohn-racing,ferrari,ferrari-f458-italia,true
wec-2012-r8-shanghai-61,wec-2012-r8-shanghai,wec-2012,wec-2012-lmgte-am,wec-2012-lmgte-am-61,61,af-corse-waltrip,ferrari,ferrari-f458-italia,true
wec-2012-r8-shanghai-70,wec-2012-r8-shanghai,wec-2012,wec-2012-lmgte-am,wec-2012-lmgte-am-70,70,larbre-competition,chevrolet,chevrolet-corvette-c6-zr1,true
wec-2012-r8-shanghai-55,wec-2012-r8-shanghai,wec-2012,wec-2012-lmgte-am,wec-2012-lmgte-am-55,55,jwa-avila,porsche,porsche-911-rsr-997,true
wec-2012-r8-shanghai-12,wec-2012-r8-shanghai,wec-2012,wec-2012-lmp1,wec-2012-lmp1-12,12,rebellion-racing,lola,lola-b12-60-coupe-toyota,true
wec-2012-r8-shanghai-51,wec-2012-r8-shanghai,wec-2012,wec-2012-lmgte-pro,wec-2012-lmgte-pro-51,51,af-corse,ferrari,ferrari-f458-italia,true
wec-2012-r8-shanghai-29,wec-2012-r8-shanghai,wec-2012,wec-2012-lmp2,wec-2012-lmp2-29,29,gulf-racing-middle-east,lola,lola-b12-80-coupe-nissan,true
wec-2012-r8-shanghai-32,wec-2012-r8-shanghai,wec-2012,wec-2012-lmp2,wec-2012-lmp2-32,32,lotus,lola,lola-b12-80-coupe-lotus,true
wec-2013-r1-silverstone-2,wec-2013-r1-silverstone,wec-2013,wec-2013-lmp1,wec-2013-lmp1-2,2,audi-sport-team-joest,audi,audi-r18-e-tron-quattro,true
wec-2013-r1-silverstone-1,wec-2013-r1-silverstone,wec-2013,wec-2013-lmp1,wec-2013-lmp1-1,1,audi-sport-team-joest,audi,audi-r18-e-tron-quattro,true
wec-2013-r1-silverstone-8,wec-2013-r1-silverstone,wec-2013,wec-2013-lmp1,wec-2013-lmp1-8,8,toyota-racing,toyota,toyota-ts030-hybrid,true
wec-2013-r1-silverstone-7,wec-2013-r1-silverstone,wec-2013,wec-2013-lmp1,wec-2013-lmp1-7,7,toyota-racing,toyota,toyota-ts030-hybrid,true
wec-2013-r1-silverstone-12,wec-2013-r1-silverstone,wec-2013,wec-2013-lmp1,wec-2013-lmp1-12,12,rebellion-racing,lola,lola-b12-60-coupe-toyota,true
wec-2013-r1-silverstone-13,wec-2013-r1-silverstone,wec-2013,wec-2013-lmp1,wec-2013-lmp1-13,13,rebellion-racing,lola,lola-b12-60-coupe-toyota,true
wec-2013-r1-silverstone-25,wec-2013-r1-silverstone,wec-2013,wec-2013-lmp2,wec-2013-lmp2-25,25,delta-adr,oreca,oreca-03-nissan,true
wec-2013-r1-silverstone-24,wec-2013-r1-silverstone,wec-2013,wec-2013-lmp2,wec-2013-lmp2-24,24,oak-racing,morgan,morgan-nissan,true
wec-2013-r1-silverstone-49,wec-2013-r1-silverstone,wec-2013,wec-2013-lmp2,wec-2013-lmp2-49,49,pecom-racing,oreca,oreca-03-nissan,true
wec-2013-r1-silverstone-35,wec-2013-r1-silverstone,wec-2013,wec-2013-lmp2,wec-2013-lmp2-35,35,oak-racing,morgan,morgan-nissan,true
wec-2013-r1-silverstone-41,wec-2013-r1-silverstone,wec-2013,wec-2013-lmp2,wec-2013-lmp2-41,41,greaves-motorsport,zytek,zytek-z11sn-nissan,true
wec-2013-r1-silverstone-47,wec-2013-r1-silverstone,wec-2013,wec-2013-lmp2,wec-2013-lmp2-47,47,kcmg,morgan,morgan-nissan,true
wec-2013-r1-silverstone-26,wec-2013-r1-silverstone,wec-2013,wec-2013-lmp2,wec-2013-lmp2-26,26,g-drive-racing,oreca,oreca-03-nissan,true
wec-2013-r1-silverstone-97,wec-2013-r1-silverstone,wec-2013,wec-2013-lmgte-pro,wec-2013-lmgte-pro-97,97,aston-martin-racing,aston-martin,aston-martin-vantage-v8,true
wec-2013-r1-silverstone-71,wec-2013-r1-silverstone,wec-2013,wec-2013-lmgte-pro,wec-2013-lmgte-pro-71,71,af-corse,ferrari,ferrari-f458-italia,true
wec-2013-r1-silverstone-99,wec-2013-r1-silverstone,wec-2013,wec-2013-lmgte-pro,wec-2013-lmgte-pro-99,99,aston-martin-racing,aston-martin,aston-martin-vantage-v8,true
wec-2013-r1-silverstone-92,wec-2013-r1-silverstone,wec-2013,wec-2013-lmgte-pro,wec-2013-lmgte-pro-92,92,porsche-ag-team-manthey,porsche,porsche-911-rsr,true
wec-2013-r1-silverstone-51,wec-2013-r1-silverstone,wec-2013,wec-2013-lmgte-pro,wec-2013-lmgte-pro-51,51,af-corse,ferrari,ferrari-f458-italia,true
wec-2013-r1-silverstone-95,wec-2013-r1-silverstone,wec-2013,wec-2013-lmgte-am,wec-2013-lmgte-am-95,95,aston-martin-racing,aston-martin,aston-martin-vantage-v8,true
wec-2013-r1-silverstone-91,wec-2013-r1-silverstone,wec-2013,wec-2013-lmgte-pro,wec-2013-lmgte-pro-91,91,porsche-ag-team-manthey,porsche,porsche-911-rsr,true
wec-2013-r1-silverstone-50,wec-2013-r1-silverstone,wec-2013,wec-2013-lmgte-am,wec-2013-lmgte-am-50,50,larbre-competition,chevrolet,chevrolet-corvette-c6-zr1,true
wec-2013-r1-silverstone-81,wec-2013-r1-silverstone,wec-2013,wec-2013-lmgte-am,wec-2013-lmgte-am-81,81,8-star-motorsports,ferrari,ferrari-f458-italia,true
wec-2013-r1-silverstone-96,wec-2013-r1-silverstone,wec-2013,wec-2013-lmgte-am,wec-2013-lmgte-am-96,96,aston-martin-racing,aston-martin,aston-martin-vantage-v8,true
wec-2013-r1-silverstone-88,wec-2013-r1-silverstone,wec-2013,wec-2013-lmgte-am,wec-2013-lmgte-am-88,88,proton-competition,porsche,porsche-911-gt3-rsr,true
wec-2013-r1-silverstone-57,wec-2013-r1-silverstone,wec-2013,wec-2013-lmgte-am,wec-2013-lmgte-am-57,57,krohn-racing,ferrari,ferrari-f458-italia,true
wec-2013-r1-silverstone-76,wec-2013-r1-silverstone,wec-2013,wec-2013-lmgte-am,wec-2013-lmgte-am-76,76,imsa-performance-matmut,porsche,porsche-911-gt3-rsr,true
wec-2013-r1-silverstone-45,wec-2013-r1-silverstone,wec-2013,wec-2013-lmp2,wec-2013-lmp2-45,45,oak-racing,morgan,morgan-nissan,true
wec-2013-r1-silverstone-61,wec-2013-r1-silverstone,wec-2013,wec-2013-lmgte-am,wec-2013-lmgte-am-61,61,af-corse,ferrari,ferrari-f458-italia,true
wec-2013-r1-silverstone-32,wec-2013-r1-silverstone,wec-2013,wec-2013-lmp2,wec-2013-lmp2-32,32,lotus,lotus,lotus-t128,true
wec-2013-r1-silverstone-21,wec-2013-r1-silverstone,wec-2013,wec-2013-lmp1,wec-2013-lmp1-21,21,strakka-racing,hpd,hpd-arx-03c-honda,true
wec-2013-r1-silverstone-31,wec-2013-r1-silverstone,wec-2013,wec-2013-lmp2,wec-2013-lmp2-31,31,lotus,lotus,lotus-t128,true
wec-2013-r2-spa-1,wec-2013-r2-spa,wec-2013,wec-2013-lmp1,wec-2013-lmp1-1,1,audi-sport-team-joest,audi,audi-r18-e-tron-quattro,true
wec-2013-r2-spa-2,wec-2013-r2-spa,wec-2013,wec-2013-lmp1,wec-2013-lmp1-2,2,audi-sport-team-joest,audi,audi-r18-e-tron-quattro,true
wec-2013-r2-spa-3,wec-2013-r2-spa,wec-2013,wec-2013-lmp1,wec-2013-lmp1-3,3,audi-sport-team-joest,audi,audi-r18-e-tron-quattro,true
wec-2013-r2-spa-8,wec-2013-r2-spa,wec-2013,wec-2013-lmp1,wec-2013-lmp1-8,8,toyota-racing,toyota,toyota-ts030-hybrid,true
wec-2013-r2-spa-12,wec-2013-r2-spa,wec-2013,wec-2013-lmp1,wec-2013-lmp1-12,12,rebellion-racing,lola,lola-b12-60-coupe-toyota,true
wec-2013-r2-spa-13,wec-2013-r2-spa,wec-2013,wec-2013-lmp1,wec-2013-lmp1-13,13,rebellion-racing,lola,lola-b12-60-coupe-toyota,true
wec-2013-r2-spa-21,wec-2013-r2-spa,wec-2013,wec-2013-lmp1,wec-2013-lmp1-21,21,strakka-racing,hpd,hpd-arx-03c-honda,true
wec-2013-r2-spa-49,wec-2013-r2-spa,wec-2013,wec-2013-lmp2,wec-2013-lmp2-49,49,pecom-racing,oreca,oreca-03-nissan,true
wec-2013-r2-spa-24,wec-2013-r2-spa,wec-2013,wec-2013-lmp2,wec-2013-lmp2-24,24,oak-racing,morgan,morgan-nissan,true
wec-2013-r2-spa-38,wec-2013-r2-spa,wec-2013,wec-2013-lmp2,wec-2013-lmp2-38,38,jota,zytek,zytek-z11sn-nissan,true
wec-2013-r2-spa-35,wec-2013-r2-spa,wec-2013,wec-2013-lmp2,wec-2013-lmp2-35,35,oak-racing,morgan,morgan-nissan,true
wec-2013-r2-spa-26,wec-2013-r2-spa,wec-2013,wec-2013-lmp2,wec-2013-lmp2-26,26,g-drive-racing,oreca,oreca-03-nissan,true
wec-2013-r2-spa-45,wec-2013-r2-spa,wec-2013,wec-2013-lmp2,wec-2013-lmp2-45,45,oak-racing,morgan,morgan-nissan,true
wec-2013-r2-spa-32,wec-2013-r2-spa,wec-2013,wec-2013-lmp2,wec-2013-lmp2-32,32,lotus,lotus,lotus-t128,true
wec-2013-r2-spa-51,wec-2013-r2-spa,wec-2013,wec-2013-lmgte-pro,wec-2013-lmgte-pro-51,51,af-corse,ferrari,ferrari-f458-italia,true
wec-2013-r2-spa-98,wec-2013-r2-spa,wec-2013,wec-2013-lmgte-pro,wec-2013-lmgte-pro-98,98,aston-martin-racing,aston-martin,aston-martin-vantage-v8,true
wec-2013-r2-spa-71,wec-2013-r2-spa,wec-2013,wec-2013-lmgte-pro,wec-2013-lmgte-pro-71,71,af-corse,ferrari,ferrari-f458-italia,true
wec-2013-r2-spa-97,wec-2013-r2-spa,wec-2013,wec-2013-lmgte-pro,wec-2013-lmgte-pro-97,97,aston-martin-racing,aston-martin,aston-martin-vantage-v8,true
wec-2013-r2-spa-92,wec-2013-r2-spa,wec-2013,wec-2013-lmgte-pro,wec-2013-lmgte-pro-92,92,porsche-ag-team-manthey,porsche,porsche-911-rsr,true
wec-2013-r2-spa-99,wec-2013-r2-spa,wec-2013,wec-2013-lmgte-pro,wec-2013-lmgte-pro-99,99,aston-martin-racing,aston-martin,aston-martin-vantage-v8,true
wec-2013-r2-spa-81,wec-2013-r2-spa,wec-2013,wec-2013-lmgte-am,wec-2013-lmgte-am-81,81,8-star-motorsports,ferrari,ferrari-f458-italia,true
wec-2013-r2-spa-95,wec-2013-r2-spa,wec-2013,wec-2013-lmgte-am,wec-2013-lmgte-am-95,95,aston-martin-racing,aston-martin,aston-martin-vantage-v8,true
wec-2013-r2-spa-50,wec-2013-r2-spa,wec-2013,wec-2013-lmgte-am,wec-2013-lmgte-am-50,50,larbre-competition,chevrolet,chevrolet-corvette-c6-zr1,true
wec-2013-r2-spa-31,wec-2013-r2-spa,wec-2013,wec-2013-lmp2,wec-2013-lmp2-31,31,lotus,lotus,lotus-t128,true
wec-2013-r2-spa-96,wec-2013-r2-spa,wec-2013,wec-2013-lmgte-am,wec-2013-lmgte-am-96,96,aston-martin-racing,aston-martin,aston-martin-vantage-v8,true
wec-2013-r2-spa-88,wec-2013-r2-spa,wec-2013,wec-2013-lmgte-am,wec-2013-lmgte-am-88,88,proton-competition,porsche,porsche-911-gt3-rsr,true
wec-2013-r2-spa-76,wec-2013-r2-spa,wec-2013,wec-2013-lmgte-am,wec-2013-lmgte-am-76,76,imsa-performance-matmut,porsche,porsche-911-gt3-rsr,true
wec-2013-r2-spa-57,wec-2013-r2-spa,wec-2013,wec-2013-lmgte-am,wec-2013-lmgte-am-57,57,krohn-racing,ferrari,ferrari-f458-italia,true
wec-2013-r2-spa-28,wec-2013-r2-spa,wec-2013,wec-2013-lmp2,wec-2013-lmp2-28,28,gulf-racing-middle-east,lola,lola-b12-80-coupe-nissan,true
wec-2013-r2-spa-54,wec-2013-r2-spa,wec-2013,wec-2013-lmgte-am,wec-2013-lmgte-am-54,54,af-corse,ferrari,ferrari-f458-italia,true
wec-2013-r2-spa-61,wec-2013-r2-spa,wec-2013,wec-2013-lmgte-am,wec-2013-lmgte-am-61,61,af-corse,ferrari,ferrari-f458-italia,true
wec-2013-r2-spa-91,wec-2013-r2-spa,wec-2013,wec-2013-lmgte-pro,wec-2013-lmgte-pro-91,91,porsche-ag-team-manthey,porsche,porsche-911-rsr,true
wec-2013-r2-spa-7,wec-2013-r2-spa,wec-2013,wec-2013-lmp1,wec-2013-lmp1-7,7,toyota-racing,toyota,toyota-ts030-hybrid,true
wec-2013-r2-spa-25,wec-2013-r2-spa,wec-2013,wec-2013-lmp2,wec-2013-lmp2-25,25,delta-adr,oreca,oreca-03-nissan,true
wec-2013-r2-spa-41,wec-2013-r2-spa,wec-2013,wec-2013-lmp2,wec-2013-lmp2-41,41,greaves-motorsport,zytek,zytek-z11sn-nissan,true
wec-2013-r3-le-mans-2,wec-2013-r3-le-mans,wec-2013,wec-2013-lmp1,wec-2013-lmp1-2,2,audi-sport-team-joest,audi,audi-r18-e-tron-quattro,true
wec-2013-r3-le-mans-8,wec-2013-r3-le-mans,wec-2013,wec-2013-lmp1,wec-2013-lmp1-8,8,toyota-racing,toyota,toyota-ts030-hybrid,true
wec-2013-r3-le-mans-3,wec-2013-r3-le-mans,wec-2013,wec-2013-lmp1,wec-2013-lmp1-3,3,audi-sport-team-joest,audi,audi-r18-e-tron-quattro,true
wec-2013-r3-le-mans-7,wec-2013-r3-le-mans,wec-2013,wec-2013-lmp1,wec-2013-lmp1-7,7,toyota-racing,toyota,toyota-ts030-hybrid,true
wec-2013-r3-le-mans-1,wec-2013-r3-le-mans,wec-2013,wec-2013-lmp1,wec-2013-lmp1-1,1,audi-sport-team-joest,audi,audi-r18-e-tron-quattro,true
wec-2013-r3-le-mans-21,wec-2013-r3-le-mans,wec-2013,wec-2013-lmp1,wec-2013-lmp1-21,21,strakka-racing,hpd,hpd-arx-03c-honda,true
wec-2013-r3-le-mans-35,wec-2013-r3-le-mans,wec-2013,wec-2013-lmp2,wec-2013-lmp2-35,35,oak-racing,morgan,morgan-nissan,true
wec-2013-r3-le-mans-24,wec-2013-r3-le-mans,wec-2013,wec-2013-lmp2,wec-2013-lmp2-24,24,oak-racing,morgan,morgan-nissan,true
wec-2013-r3-le-mans-26,wec-2013-r3-le-mans,wec-2013,wec-2013-lmp2,wec-2013-lmp2-26,26,g-drive-racing,oreca,oreca-03-nissan,true
wec-2013-r3-le-mans-42,wec-2013-r3-le-mans,wec-2013,wec-2013-lmp2,wec-2013-lmp2-42,42,greaves-motorsport,zytek,zytek-z11sn-nissan,true
wec-2013-r3-le-mans-49,wec-2013-r3-le-mans,wec-2013,wec-2013-lmp2,wec-2013-lmp2-49,49,pecom-racing,oreca,oreca-03-nissan,true
wec-2013-r3-le-mans-43,wec-2013-r3-le-mans,wec-2013,wec-2013-lmp2,wec-2013-lmp2-43,43,morand-racing,morgan,morgan-judd,true
wec-2013-r3-le-mans-48,wec-2013-r3-le-mans,wec-2013,wec-2013-lmp2,wec-2013-lmp2-48,48,murphy-prototypes,oreca,oreca-03-nissan,true
wec-2013-r3-le-mans-38,wec-2013-r3-le-mans,wec-2013,wec-2013-lmp2,wec-2013-lmp2-38,38,jota-sport,zytek,zytek-z11sn-nissan,true
wec-2013-r3-le-mans-36,wec-2013-r3-le-mans,wec-2013,wec-2013-lmp2,wec-2013-lmp2-36,36,signatech-alpine,alpine,alpine-nissan,true
wec-2013-r3-le-mans-92,wec-2013-r3-le-mans,wec-2013,wec-2013-lmgte-pro,wec-2013-lmgte-pro-92,92,porsche-ag-team-manthey,porsche,porsche-911-rsr,true
wec-2013-r3-le-mans-91,wec-2013-r3-le-mans,wec-2013,wec-2013-lmgte-pro,wec-2013-lmgte-pro-91,91,porsche-ag-team-manthey,porsche,porsche-911-rsr,true
wec-2013-r3-le-mans-97,wec-2013-r3-le-mans,wec-2013,wec-2013-lmgte-pro,wec-2013-lmgte-pro-97,97,aston-martin-racing,aston-martin,aston-martin-vantage-v8,true
wec-2013-r3-le-mans-34,wec-2013-r3-le-mans,wec-2013,wec-2013-lmp2,wec-2013-lmp2-34,34,race-performance,oreca,oreca-03-judd,true
wec-2013-r3-le-mans-73,wec-2013-r3-le-mans,wec-2013,wec-2013-lmgte-pro,wec-2013-lmgte-pro-73,73,corvette-racing,chevrolet,chevrolet-corvette-c6-zr1,true
wec-2013-r3-le-mans-71,wec-2013-r3-le-mans,wec-2013,wec-2013-lmgte-pro,wec-2013-lmgte-pro-71,71,af-corse,ferrari,ferrari-458-italia,true
wec-2013-r3-le-mans-51,wec-2013-r3-le-mans,wec-2013,wec-2013-lmgte-pro,wec-2013-lmgte-pro-51,51,af-corse,ferrari,ferrari-458-italia,true
wec-2013-r3-le-mans-74,wec-2013-r3-le-mans,wec-2013,wec-2013-lmgte-pro,wec-2013-lmgte-pro-74,74,corvette-racing,chevrolet,chevrolet-corvette-c6-zr1,true
wec-2013-r3-le-mans-41,wec-2013-r3-le-mans,wec-2013,wec-2013-lmp2,wec-2013-lmp2-41,41,greaves-motorsport,zytek,zytek-z11sn-nissan,true
wec-2013-r3-le-mans-53,wec-2013-r3-le-mans,wec-2013,wec-2013-lmgte-pro,wec-2013-lmgte-pro-53,53,srt-motorsports,viper,viper-gts-r,true
wec-2013-r3-le-mans-76,wec-2013-r3-le-mans,wec-2013,wec-2013-lmgte-am,wec-2013-lmgte-am-76,76,imsa-performance-matmut,porsche,porsche-911-gt3-rsr,true
wec-2013-r3-le-mans-55,wec-2013-r3-le-mans,wec-2013,wec-2013-lmgte-am,wec-2013-lmgte-am-55,55,af-corse,ferrari,ferrari-458-italia,true
wec-2013-r3-le-mans-61,wec-2013-r3-le-mans,wec-2013,wec-2013-lmgte-am,wec-2013-lmgte-am-61,61,af-corse,ferrari,ferrari-458-italia,true
wec-2013-r3-le-mans-77,wec-2013-r3-le-mans,wec-2013,wec-2013-lmgte-am,wec-2013-lmgte-am-77,77,dempsey-del-piero-proton,porsche,porsche-911-gt3-rsr,true
wec-2013-r3-le-mans-50,wec-2013-r3-le-mans,wec-2013,wec-2013-lmgte-am,wec-2013-lmgte-am-50,50,larbre-competition,chevrolet,chevrolet-corvette-c6-zr1,true
wec-2013-r3-le-mans-96,wec-2013-r3-le-mans,wec-2013,wec-2013-lmgte-am,wec-2013-lmgte-am-96,96,aston-martin-racing,aston-martin,aston-martin-vantage-v8,true
wec-2013-r3-le-mans-93,wec-2013-r3-le-mans,wec-2013,wec-2013-lmgte-pro,wec-2013-lmgte-pro-93,93,srt-motorsports,viper,viper-gts-r,true
wec-2013-r3-le-mans-40,wec-2013-r3-le-mans,wec-2013,wec-2013-lmp2,wec-2013-lmp2-40,40,boutsen-ginion-racing,oreca,oreca-03-nissan,true
wec-2013-r3-le-mans-67,wec-2013-r3-le-mans,wec-2013,wec-2013-lmgte-am,wec-2013-lmgte-am-67,67,imsa-performance-matmut,porsche,porsche-911-gt3-rsr,true
wec-2013-r3-le-mans-66,wec-2013-r3-le-mans,wec-2013,wec-2013-lmgte-pro,wec-2013-lmgte-pro-66,66,jmw-motorsport,ferrari,ferrari-458-italia,true
wec-2013-r3-le-mans-88,wec-2013-r3-le-mans,wec-2013,wec-2013-lmgte-am,wec-2013-lmgte-am-88,88,proton-competition,porsche,porsche-911-gt3-rsr,true
wec-2013-r3-le-mans-75,wec-2013-r3-le-mans,wec-2013,wec-2013-lmgte-am,wec-2013-lmgte-am-75,75,prospeed-racing,porsche,porsche-911-gt3-rsr,true
wec-2013-r3-le-mans-81,wec-2013-r3-le-mans,wec-2013,wec-2013-lmgte-am,wec-2013-lmgte-am-81,81,8-star-motorsports,ferrari,ferrari-458-italia,true
wec-2013-r3-le-mans-39,wec-2013-r3-le-mans,wec-2013,wec-2013-lmp2,wec-2013-lmp2-39,39,dkr-engineering,lola,lola-b11-40-judd,true
wec-2013-r3-le-mans-12,wec-2013-r3-le-mans,wec-2013,wec-2013-lmp1,wec-2013-lmp1-12,12,rebellion-racing,lola,lola-b12-60-coupe-toyota,true
wec-2013-r3-le-mans-13,wec-2013-r3-le-mans,wec-2013,wec-2013-lmp1,wec-2013-lmp1-13,13,rebellion-racing,lola,lola-b12-60-coupe-toyota,true
wec-2013-r3-le-mans-70,wec-2013-r3-le-mans,wec-2013,wec-2013-lmgte-am,wec-2013-lmgte-am-70,70,larbre-competition,chevrolet,chevrolet-corvette-c6-zr1,true
wec-2013-r3-le-mans-33,wec-2013-r3-le-mans,wec-2013,wec-2013-lmp2,wec-2013-lmp2-33,33,level-5-motorsports,hpd,hpd-arx-03b-honda,true
wec-2013-r3-le-mans-46,wec-2013-r3-le-mans,wec-2013,wec-2013-lmp2,wec-2013-lmp2-46,46,thiriet-by-tds-racing,oreca,oreca-03-nissan,true
wec-2013-r3-le-mans-99,wec-2013-r3-le-mans,wec-2013,wec-2013-lmgte-pro,wec-2013-lmgte-pro-99,99,aston-martin-racing,aston-martin,aston-martin-vantage-v8,true
wec-2013-r3-le-mans-45,wec-2013-r3-le-mans,wec-2013,wec-2013-lmp2,wec-2013-lmp2-45,45,oak-racing,morgan,morgan-nissan,true
wec-2013-r3-le-mans-47,wec-2013-r3-le-mans,wec-2013,wec-2013-lmp2,wec-2013-lmp2-47,47,kcmg,morgan,morgan-nissan,true
wec-2013-r3-le-mans-98,wec-2013-r3-le-mans,wec-2013,wec-2013-lmgte-pro,wec-2013-lmgte-pro-98,98,aston-martin-racing,aston-martin,aston-martin-vantage-v8,true
wec-2013-r3-le-mans-32,wec-2013-r3-le-mans,wec-2013,wec-2013-lmp2,wec-2013-lmp2-32,32,lotus,lotus,lotus-t128,true
wec-2013-r3-le-mans-30,wec-2013-r3-le-mans,wec-2013,wec-2013-lmp2,wec-2013-lmp2-30,30,hvm-status-gp,lola,lola-b12-80-coupe-judd,true
wec-2013-r3-le-mans-54,wec-2013-r3-le-mans,wec-2013,wec-2013-lmgte-am,wec-2013-lmgte-am-54,54,af-corse,ferrari,ferrari-458-italia,true
wec-2013-r3-le-mans-57,wec-2013-r3-le-mans,wec-2013,wec-2013-lmgte-am,wec-2013-lmgte-am-57,57,krohn-racing,ferrari,ferrari-458-italia,true
wec-2013-r3-le-mans-25,wec-2013-r3-le-mans,wec-2013,wec-2013-lmp2,wec-2013-lmp2-25,25,delta-adr,oreca,oreca-03-nissan,true
wec-2013-r3-le-mans-28,wec-2013-r3-le-mans,wec-2013,wec-2013-lmp2,wec-2013-lmp2-28,28,gulf-racing-middle-east,lola,lola-b12-80-coupe-nissan,true
wec-2013-r3-le-mans-31,wec-2013-r3-le-mans,wec-2013,wec-2013-lmp2,wec-2013-lmp2-31,31,lotus,lotus,lotus-t128,true
wec-2013-r3-le-mans-95,wec-2013-r3-le-mans,wec-2013,wec-2013-lmgte-am,wec-2013-lmgte-am-95,95,aston-martin-racing,aston-martin,aston-martin-vantage-v8,true
wec-2013-r4-sao-paulo-1,wec-2013-r4-sao-paulo,wec-2013,wec-2013-lmp1,wec-2013-lmp1-1,1,audi-sport-team-joest,audi,audi-r18-e-tron-quattro,true
wec-2013-r4-sao-paulo-2,wec-2013-r4-sao-paulo,wec-2013,wec-2013-lmp1,wec-2013-lmp1-2,2,audi-sport-team-joest,audi,audi-r18-e-tron-quattro,true
wec-2013-r4-sao-paulo-12,wec-2013-r4-sao-paulo,wec-2013,wec-2013-lmp1,wec-2013-lmp1-12,12,rebellion-racing,lola,lola-b12-60-coupe-toyota,true
wec-2013-r4-sao-paulo-26,wec-2013-r4-sao-paulo,wec-2013,wec-2013-lmp2,wec-2013-lmp2-26,26,g-drive-racing,oreca,oreca-03-nissan,true
wec-2013-r4-sao-paulo-35,wec-2013-r4-sao-paulo,wec-2013,wec-2013-lmp2,wec-2013-lmp2-35,35,oak-racing,morgan,morgan-nissan,true
wec-2013-r4-sao-paulo-49,wec-2013-r4-sao-paulo,wec-2013,wec-2013-lmp2,wec-2013-lmp2-49,49,pecom-racing,oreca,oreca-03-nissan,true
wec-2013-r4-sao-paulo-41,wec-2013-r4-sao-paulo,wec-2013,wec-2013-lmp2,wec-2013-lmp2-41,41,greaves-motorsport,zytek,zytek-z11sn-nissan,true
wec-2013-r4-sao-paulo-45,wec-2013-r4-sao-paulo,wec-2013,wec-2013-lmp2,wec-2013-lmp2-45,45,oak-racing,morgan,morgan-nissan,true
wec-2013-r4-sao-paulo-51,wec-2013-r4-sao-paulo,wec-2013,wec-2013-lmgte-pro,wec-2013-lmgte-pro-51,51,af-corse,ferrari,ferrari-f458-italia,true
wec-2013-r4-sao-paulo-97,wec-2013-r4-sao-paulo,wec-2013,wec-2013-lmgte-pro,wec-2013-lmgte-pro-97,97,aston-martin-racing,aston-martin,aston-martin-vantage-v8,true
wec-2013-r4-sao-paulo-24,wec-2013-r4-sao-paulo,wec-2013,wec-2013-lmp2,wec-2013-lmp2-24,24,oak-racing,morgan,morgan-nissan,true
wec-2013-r4-sao-paulo-91,wec-2013-r4-sao-paulo,wec-2013,wec-2013-lmgte-pro,wec-2013-lmgte-pro-91,91,porsche-ag-team-manthey,porsche,porsche-911-rsr,true
wec-2013-r4-sao-paulo-92,wec-2013-r4-sao-paulo,wec-2013,wec-2013-lmgte-pro,wec-2013-lmgte-pro-92,92,porsche-ag-team-manthey,porsche,porsche-911-rsr,true
wec-2013-r4-sao-paulo-96,wec-2013-r4-sao-paulo,wec-2013,wec-2013-lmgte-am,wec-2013-lmgte-am-96,96,aston-martin-racing,aston-martin,aston-martin-vantage-v8,true
wec-2013-r4-sao-paulo-81,wec-2013-r4-sao-paulo,wec-2013,wec-2013-lmgte-am,wec-2013-lmgte-am-81,81,8-star-motorsports,ferrari,ferrari-f458-italia,true
wec-2013-r4-sao-paulo-88,wec-2013-r4-sao-paulo,wec-2013,wec-2013-lmgte-am,wec-2013-lmgte-am-88,88,proton-competition,porsche,porsche-911-gt3-rsr,true
wec-2013-r4-sao-paulo-76,wec-2013-r4-sao-paulo,wec-2013,wec-2013-lmgte-am,wec-2013-lmgte-am-76,76,imsa-performance-matmut,porsche,porsche-911-gt3-rsr,true
wec-2013-r4-sao-paulo-57,wec-2013-r4-sao-paulo,wec-2013,wec-2013-lmgte-am,wec-2013-lmgte-am-57,57,krohn-racing,ferrari,ferrari-f458-italia,true
wec-2013-r4-sao-paulo-50,wec-2013-r4-sao-paulo,wec-2013,wec-2013-lmgte-am,wec-2013-lmgte-am-50,50,larbre-competition,chevrolet,chevrolet-corvette-c6-zr1,true
wec-2013-r4-sao-paulo-98,wec-2013-r4-sao-paulo,wec-2013,wec-2013-lmgte-pro,wec-2013-lmgte-pro-98,98,aston-martin-racing,aston-martin,aston-martin-vantage-v8,true
wec-2013-r4-sao-paulo-95,wec-2013-r4-sao-paulo,wec-2013,wec-2013-lmgte-am,wec-2013-lmgte-am-95,95,aston-martin-racing,aston-martin,aston-martin-vantage-v8,true
wec-2013-r4-sao-paulo-61,wec-2013-r4-sao-paulo,wec-2013,wec-2013-lmgte-am,wec-2013-lmgte-am-61,61,af-corse,ferrari,ferrari-f458-italia,true
wec-2013-r4-sao-paulo-99,wec-2013-r4-sao-paulo,wec-2013,wec-2013-lmgte-pro,wec-2013-lmgte-pro-99,99,aston-martin-racing,aston-martin,aston-martin-vantage-v8,true
wec-2013-r4-sao-paulo-25,wec-2013-r4-sao-paulo,wec-2013,wec-2013-lmp2,wec-2013-lmp2-25,25,delta-adr,oreca,oreca-03-nissan,true
wec-2013-r4-sao-paulo-71,wec-2013-r4-sao-paulo,wec-2013,wec-2013-lmgte-pro,wec-2013-lmgte-pro-71,71,af-corse,ferrari,ferrari-f458-italia,true
wec-2013-r4-sao-paulo-31,wec-2013-r4-sao-paulo,wec-2013,wec-2013-lmp2,wec-2013-lmp2-31,31,lotus,lotus,lotus-t128,true
wec-2013-r4-sao-paulo-8,wec-2013-r4-sao-paulo,wec-2013,wec-2013-lmp1,wec-2013-lmp1-8,8,toyota-racing,toyota,toyota-ts030-hybrid,true
wec-2013-r4-sao-paulo-32,wec-2013-r4-sao-paulo,wec-2013,wec-2013-lmp2,wec-2013-lmp2-32,32,lotus,lotus,lotus-t128,true
wec-2013-r5-cota-2,wec-2013-r5-cota,wec-2013,wec-2013-lmp1,wec-2013-lmp1-2,2,audi-sport-team-joest,audi,audi-r18-e-tron-quattro,true
wec-2013-r5-cota-8,wec-2013-r5-cota,wec-2013,wec-2013-lmp1,wec-2013-lmp1-8,8,toyota-racing,toyota,toyota-ts030-hybrid,true
wec-2013-r5-cota-1,wec-2013-r5-cota,wec-2013,wec-2013-lmp1,wec-2013-lmp1-1,1,audi-sport-team-joest,audi,audi-r18-e-tron-quattro,true
wec-2013-r5-cota-12,wec-2013-r5-cota,wec-2013,wec-2013-lmp1,wec-2013-lmp1-12,12,rebellion-racing,lola,lola-b12-60-coupe-toyota,true
wec-2013-r5-cota-26,wec-2013-r5-cota,wec-2013,wec-2013-lmp2,wec-2013-lmp2-26,26,g-drive-racing,oreca,oreca-03-nissan,true
wec-2013-r5-cota-49,wec-2013-r5-cota,wec-2013,wec-2013-lmp2,wec-2013-lmp2-49,49,pecom-racing,oreca,oreca-03-nissan,true
wec-2013-r5-cota-32,wec-2013-r5-cota,wec-2013,wec-2013-lmp2,wec-2013-lmp2-32,32,lotus,lotus,lotus-t128,true
wec-2013-r5-cota-25,wec-2013-r5-cota,wec-2013,wec-2013-lmp2,wec-2013-lmp2-25,25,delta-adr,oreca,oreca-03-nissan,true
wec-2013-r5-cota-41,wec-2013-r5-cota,wec-2013,wec-2013-lmp2,wec-2013-lmp2-41,41,greaves-motorsport,zytek,zytek-z11sn-nissan,true
wec-2013-r5-cota-24,wec-2013-r5-cota,wec-2013,wec-2013-lmp2,wec-2013-lmp2-24,24,oak-racing,morgan,morgan-nissan,true
wec-2013-r5-cota-35,wec-2013-r5-cota,wec-2013,wec-2013-lmp2,wec-2013-lmp2-35,35,oak-racing,morgan,morgan-nissan,true
wec-2013-r5-cota-99,wec-2013-r5-cota,wec-2013,wec-2013-lmgte-pro,wec-2013-lmgte-pro-99,99,aston-martin-racing,aston-martin,aston-martin-vantage-v8,true
wec-2013-r5-cota-51,wec-2013-r5-cota,wec-2013,wec-2013-lmgte-pro,wec-2013-lmgte-pro-51,51,af-corse,ferrari,ferrari-f458-italia,true
wec-2013-r5-cota-71,wec-2013-r5-cota,wec-2013,wec-2013-lmgte-pro,wec-2013-lmgte-pro-71,71,af-corse,ferrari,ferrari-f458-italia,true
wec-2013-r5-cota-92,wec-2013-r5-cota,wec-2013,wec-2013-lmgte-pro,wec-2013-lmgte-pro-92,92,porsche-ag-team-manthey,porsche,porsche-911-rsr,true
wec-2013-r5-cota-96,wec-2013-r5-cota,wec-2013,wec-2013-lmgte-am,wec-2013-lmgte-am-96,96,aston-martin-racing,aston-martin,aston-martin-vantage-v8,true
wec-2013-r5-cota-95,wec-2013-r5-cota,wec-2013,wec-2013-lmgte-am,wec-2013-lmgte-am-95,95,aston-martin-racing,aston-martin,aston-martin-vantage-v8,true
wec-2013-r5-cota-76,wec-2013-r5-cota,wec-2013,wec-2013-lmgte-am,wec-2013-lmgte-am-76,76,imsa-performance-matmut,porsche,porsche-911-gt3-rsr,true
wec-2013-r5-cota-81,wec-2013-r5-cota,wec-2013,wec-2013-lmgte-am,wec-2013-lmgte-am-81,81,8-star-motorsports,ferrari,ferrari-f458-italia,true
wec-2013-r5-cota-91,wec-2013-r5-cota,wec-2013,wec-2013-lmgte-pro,wec-2013-lmgte-pro-91,91,porsche-ag-team-manthey,porsche,porsche-911-rsr,true
wec-2013-r5-cota-88,wec-2013-r5-cota,wec-2013,wec-2013-lmgte-am,wec-2013-lmgte-am-88,88,proton-competition,porsche,porsche-911-gt3-rsr,true
wec-2013-r5-cota-50,wec-2013-r5-cota,wec-2013,wec-2013-lmgte-am,wec-2013-lmgte-am-50,50,larbre-competition,chevrolet,chevrolet-corvette-c6-zr1,true
wec-2013-r5-cota-61,wec-2013-r5-cota,wec-2013,wec-2013-lmgte-am,wec-2013-lmgte-am-61,61,af-corse,ferrari,ferrari-f458-italia,true
wec-2013-r5-cota-57,wec-2013-r5-cota,wec-2013,wec-2013-lmgte-am,wec-2013-lmgte-am-57,57,krohn-racing,ferrari,ferrari-f458-italia,true
wec-2013-r5-cota-45,wec-2013-r5-cota,wec-2013,wec-2013-lmp2,wec-2013-lmp2-45,45,oak-racing,morgan,morgan-nissan,true
wec-2013-r5-cota-97,wec-2013-r5-cota,wec-2013,wec-2013-lmgte-pro,wec-2013-lmgte-pro-97,97,aston-martin-racing,aston-martin,aston-martin-vantage-v8,true
wec-2013-r5-cota-98,wec-2013-r5-cota,wec-2013,wec-2013-lmgte-pro,wec-2013-lmgte-pro-98,98,aston-martin-racing,aston-martin,aston-martin-vantage-v8,true
wec-2013-r5-cota-31,wec-2013-r5-cota,wec-2013,wec-2013-lmp2,wec-2013-lmp2-31,31,lotus,lotus,lotus-t128,true
wec-2013-r6-fuji-7,wec-2013-r6-fuji,wec-2013,wec-2013-lmp1,wec-2013-lmp1-7,7,toyota-racing,toyota,toyota-ts030-hybrid,true
wec-2013-r6-fuji-2,wec-2013-r6-fuji,wec-2013,wec-2013-lmp1,wec-2013-lmp1-2,2,audi-sport-team-joest,audi,audi-r18-e-tron-quattro,true
wec-2013-r6-fuji-12,wec-2013-r6-fuji,wec-2013,wec-2013-lmp1,wec-2013-lmp1-12,12,rebellion-racing,lola,lola-b12-60-coupe-toyota,true
wec-2013-r6-fuji-35,wec-2013-r6-fuji,wec-2013,wec-2013-lmp2,wec-2013-lmp2-35,35,oak-racing,morgan,morgan-nissan,true
wec-2013-r6-fuji-26,wec-2013-r6-fuji,wec-2013,wec-2013-lmp2,wec-2013-lmp2-26,26,g-drive-racing,oreca,oreca-03-nissan,true
wec-2013-r6-fuji-27,wec-2013-r6-fuji,wec-2013,wec-2013-lmp2,wec-2013-lmp2-27,27,gainer-international,zytek,zytek-z11sn-nissan,true
wec-2013-r6-fuji-24,wec-2013-r6-fuji,wec-2013,wec-2013-lmp2,wec-2013-lmp2-24,24,oak-racing,morgan,morgan-nissan,true
wec-2013-r6-fuji-25,wec-2013-r6-fuji,wec-2013,wec-2013-lmp2,wec-2013-lmp2-25,25,delta-adr,oreca,oreca-03-nissan,true
wec-2013-r6-fuji-47,wec-2013-r6-fuji,wec-2013,wec-2013-lmp2,wec-2013-lmp2-47,47,kcmg,morgan,morgan-nissan,true
wec-2013-r6-fuji-49,wec-2013-r6-fuji,wec-2013,wec-2013-lmp2,wec-2013-lmp2-49,49,pecom-racing,oreca,oreca-03-nissan,true
wec-2013-r6-fuji-32,wec-2013-r6-fuji,wec-2013,wec-2013-lmp2,wec-2013-lmp2-32,32,lotus,lotus,lotus-t128,true
wec-2013-r6-fuji-45,wec-2013-r6-fuji,wec-2013,wec-2013-lmp2,wec-2013-lmp2-45,45,oak-racing,morgan,morgan-nissan,true
wec-2013-r6-fuji-97,wec-2013-r6-fuji,wec-2013,wec-2013-lmgte-pro,wec-2013-lmgte-pro-97,97,aston-martin-racing,aston-martin,aston-martin-vantage-v8,true
wec-2013-r6-fuji-51,wec-2013-r6-fuji,wec-2013,wec-2013-lmgte-pro,wec-2013-lmgte-pro-51,51,af-corse,ferrari,ferrari-f458-italia,true
wec-2013-r6-fuji-91,wec-2013-r6-fuji,wec-2013,wec-2013-lmgte-pro,wec-2013-lmgte-pro-91,91,porsche-ag-team-manthey,porsche,porsche-911-rsr,true
wec-2013-r6-fuji-92,wec-2013-r6-fuji,wec-2013,wec-2013-lmgte-pro,wec-2013-lmgte-pro-92,92,porsche-ag-team-manthey,porsche,porsche-911-rsr,true
wec-2013-r6-fuji-95,wec-2013-r6-fuji,wec-2013,wec-2013-lmgte-am,wec-2013-lmgte-am-95,95,aston-martin-racing,aston-martin,aston-martin-vantage-v8,true
wec-2013-r6-fuji-96,wec-2013-r6-fuji,wec-2013,wec-2013-lmgte-am,wec-2013-lmgte-am-96,96,aston-martin-racing,aston-martin,aston-martin-vantage-v8,true
wec-2013-r6-fuji-88,wec-2013-r6-fuji,wec-2013,wec-2013-lmgte-am,wec-2013-lmgte-am-88,88,proton-competition,porsche,porsche-911-gt3-rsr,true
wec-2013-r6-fuji-81,wec-2013-r6-fuji,wec-2013,wec-2013-lmgte-am,wec-2013-lmgte-am-81,81,8-star-motorsports,ferrari,ferrari-f458-italia,true
wec-2013-r6-fuji-71,wec-2013-r6-fuji,wec-2013,wec-2013-lmgte-pro,wec-2013-lmgte-pro-71,71,af-corse,ferrari,ferrari-f458-italia,true
wec-2013-r6-fuji-76,wec-2013-r6-fuji,wec-2013,wec-2013-lmgte-am,wec-2013-lmgte-am-76,76,imsa-performance-matmut,porsche,porsche-911-gt3-rsr,true
wec-2013-r6-fuji-31,wec-2013-r6-fuji,wec-2013,wec-2013-lmp2,wec-2013-lmp2-31,31,lotus,lotus,lotus-t128,true
wec-2013-r6-fuji-57,wec-2013-r6-fuji,wec-2013,wec-2013-lmgte-am,wec-2013-lmgte-am-57,57,krohn-racing,ferrari,ferrari-f458-italia,true
wec-2013-r6-fuji-61,wec-2013-r6-fuji,wec-2013,wec-2013-lmgte-am,wec-2013-lmgte-am-61,61,af-corse,ferrari,ferrari-f458-italia,true
wec-2013-r6-fuji-1,wec-2013-r6-fuji,wec-2013,wec-2013-lmp1,wec-2013-lmp1-1,1,audi-sport-team-joest,audi,audi-r18-e-tron-quattro,true
wec-2013-r6-fuji-8,wec-2013-r6-fuji,wec-2013,wec-2013-lmp1,wec-2013-lmp1-8,8,toyota-racing,toyota,toyota-ts030-hybrid,true
wec-2013-r6-fuji-99,wec-2013-r6-fuji,wec-2013,wec-2013-lmgte-pro,wec-2013-lmgte-pro-99,99,aston-martin-racing,aston-martin,aston-martin-vantage-v8,true
wec-2013-r6-fuji-50,wec-2013-r6-fuji,wec-2013,wec-2013-lmgte-am,wec-2013-lmgte-am-50,50,larbre-competition,chevrolet,chevrolet-corvette-c6-zr1,true
wec-2013-r7-shanghai-1,wec-2013-r7-shanghai,wec-2013,wec-2013-lmp1,wec-2013-lmp1-1,1,audi-sport-team-joest,audi,audi-r18-e-tron-quattro,true
wec-2013-r7-shanghai-7,wec-2013-r7-shanghai,wec-2013,wec-2013-lmp1,wec-2013-lmp1-7,7,toyota-racing,toyota,toyota-ts030-hybrid,true
wec-2013-r7-shanghai-2,wec-2013-r7-shanghai,wec-2013,wec-2013-lmp1,wec-2013-lmp1-2,2,audi-sport-team-joest,audi,audi-r18-e-tron-quattro,true
wec-2013-r7-shanghai-12,wec-2013-r7-shanghai,wec-2013,wec-2013-lmp1,wec-2013-lmp1-12,12,rebellion-racing,lola,lola-b12-60-coupe-toyota,true
wec-2013-r7-shanghai-26,wec-2013-r7-shanghai,wec-2013,wec-2013-lmp2,wec-2013-lmp2-26,26,g-drive-racing,oreca,oreca-03-nissan,true
wec-2013-r7-shanghai-24,wec-2013-r7-shanghai,wec-2013,wec-2013-lmp2,wec-2013-lmp2-24,24,oak-racing,morgan,morgan-nissan,true
wec-2013-r7-shanghai-35,wec-2013-r7-shanghai,wec-2013,wec-2013-lmp2,wec-2013-lmp2-35,35,oak-racing,morgan,morgan-nissan,true
wec-2013-r7-shanghai-25,wec-2013-r7-shanghai,wec-2013,wec-2013-lmp2,wec-2013-lmp2-25,25,delta-adr,oreca,oreca-03-nissan,true
wec-2013-r7-shanghai-41,wec-2013-r7-shanghai,wec-2013,wec-2013-lmp2,wec-2013-lmp2-41,41,greaves-motorsport,zytek,zytek-z11sn-nissan,true
wec-2013-r7-shanghai-45,wec-2013-r7-shanghai,wec-2013,wec-2013-lmp2,wec-2013-lmp2-45,45,oak-racing,morgan,morgan-nissan,true
wec-2013-r7-shanghai-32,wec-2013-r7-shanghai,wec-2013,wec-2013-lmp2,wec-2013-lmp2-32,32,lotus,lotus,lotus-t128,true
wec-2013-r7-shanghai-97,wec-2013-r7-shanghai,wec-2013,wec-2013-lmgte-pro,wec-2013-lmgte-pro-97,97,aston-martin-racing,aston-martin,aston-martin-vantage-v8,true
wec-2013-r7-shanghai-99,wec-2013-r7-shanghai,wec-2013,wec-2013-lmgte-pro,wec-2013-lmgte-pro-99,99,aston-martin-racing,aston-martin,aston-martin-vantage-v8,true
wec-2013-r7-shanghai-91,wec-2013-r7-shanghai,wec-2013,wec-2013-lmgte-pro,wec-2013-lmgte-pro-91,91,porsche-ag-team-manthey,porsche,porsche-911-rsr,true
wec-2013-r7-shanghai-51,wec-2013-r7-shanghai,wec-2013,wec-2013-lmgte-pro,wec-2013-lmgte-pro-51,51,af-corse,ferrari,ferrari-f458-italia,true
wec-2013-r7-shanghai-71,wec-2013-r7-shanghai,wec-2013,wec-2013-lmgte-pro,wec-2013-lmgte-pro-71,71,af-corse,ferrari,ferrari-f458-italia,true
wec-2013-r7-shanghai-92,wec-2013-r7-shanghai,wec-2013,wec-2013-lmgte-pro,wec-2013-lmgte-pro-92,92,porsche-ag-team-manthey,porsche,porsche-911-rsr,true
wec-2013-r7-shanghai-81,wec-2013-r7-shanghai,wec-2013,wec-2013-lmgte-am,wec-2013-lmgte-am-81,81,8-star-motorsports,ferrari,ferrari-f458-italia,true
wec-2013-r7-shanghai-76,wec-2013-r7-shanghai,wec-2013,wec-2013-lmgte-am,wec-2013-lmgte-am-76,76,imsa-performance-matmut,porsche,porsche-911-gt3-rsr,true
wec-2013-r7-shanghai-96,wec-2013-r7-shanghai,wec-2013,wec-2013-lmgte-am,wec-2013-lmgte-am-96,96,aston-martin-racing,aston-martin,aston-martin-vantage-v8,true
wec-2013-r7-shanghai-88,wec-2013-r7-shanghai,wec-2013,wec-2013-lmgte-am,wec-2013-lmgte-am-88,88,proton-competition,porsche,porsche-911-gt3-rsr,true
wec-2013-r7-shanghai-50,wec-2013-r7-shanghai,wec-2013,wec-2013-lmgte-am,wec-2013-lmgte-am-50,50,larbre-competition,chevrolet,chevrolet-corvette-c6-zr1,true
wec-2013-r7-shanghai-61,wec-2013-r7-shanghai,wec-2013,wec-2013-lmgte-am,wec-2013-lmgte-am-61,61,af-corse,ferrari,ferrari-f458-italia,true
wec-2013-r7-shanghai-8,wec-2013-r7-shanghai,wec-2013,wec-2013-lmp1,wec-2013-lmp1-8,8,toyota-racing,toyota,toyota-ts030-hybrid,true
wec-2013-r7-shanghai-57,wec-2013-r7-shanghai,wec-2013,wec-2013-lmgte-am,wec-2013-lmgte-am-57,57,krohn-racing,ferrari,ferrari-f458-italia,true
wec-2013-r7-shanghai-95,wec-2013-r7-shanghai,wec-2013,wec-2013-lmgte-am,wec-2013-lmgte-am-95,95,aston-martin-racing,aston-martin,aston-martin-vantage-v8,true
wec-2013-r7-shanghai-31,wec-2013-r7-shanghai,wec-2013,wec-2013-lmp2,wec-2013-lmp2-31,31,lotus,lotus,lotus-t128,true
wec-2013-r7-shanghai-49,wec-2013-r7-shanghai,wec-2013,wec-2013-lmp2,wec-2013-lmp2-49,49,pecom-racing,oreca,oreca-03-nissan,true
wec-2013-r8-bahrain-8,wec-2013-r8-bahrain,wec-2013,wec-2013-lmp1,wec-2013-lmp1-8,8,toyota-racing,toyota,toyota-ts030-hybrid,true
wec-2013-r8-bahrain-1,wec-2013-r8-bahrain,wec-2013,wec-2013-lmp1,wec-2013-lmp1-1,1,audi-sport-team-joest,audi,audi-r18-e-tron-quattro,true
wec-2013-r8-bahrain-26,wec-2013-r8-bahrain,wec-2013,wec-2013-lmp2,wec-2013-lmp2-26,26,g-drive-racing,oreca,oreca-03-nissan,true
wec-2013-r8-bahrain-24,wec-2013-r8-bahrain,wec-2013,wec-2013-lmp2,wec-2013-lmp2-24,24,oak-racing,morgan,morgan-nissan,true
wec-2013-r8-bahrain-41,wec-2013-r8-bahrain,wec-2013,wec-2013-lmp2,wec-2013-lmp2-41,41,greaves-motorsport,zytek,zytek-z11sn-nissan,true
wec-2013-r8-bahrain-35,wec-2013-r8-bahrain,wec-2013,wec-2013-lmp2,wec-2013-lmp2-35,35,oak-racing,morgan,morgan-nissan,true
wec-2013-r8-bahrain-45,wec-2013-r8-bahrain,wec-2013,wec-2013-lmp2,wec-2013-lmp2-45,45,oak-racing,morgan,morgan-nissan,true
wec-2013-r8-bahrain-25,wec-2013-r8-bahrain,wec-2013,wec-2013-lmp2,wec-2013-lmp2-25,25,delta-adr,oreca,oreca-03-nissan,true
wec-2013-r8-bahrain-51,wec-2013-r8-bahrain,wec-2013,wec-2013-lmgte-pro,wec-2013-lmgte-pro-51,51,af-corse,ferrari,ferrari-f458-italia,true
wec-2013-r8-bahrain-91,wec-2013-r8-bahrain,wec-2013,wec-2013-lmgte-pro,wec-2013-lmgte-pro-91,91,porsche-ag-team-manthey,porsche,porsche-911-rsr,true
wec-2013-r8-bahrain-71,wec-2013-r8-bahrain,wec-2013,wec-2013-lmgte-pro,wec-2013-lmgte-pro-71,71,af-corse,ferrari,ferrari-f458-italia,true
wec-2013-r8-bahrain-92,wec-2013-r8-bahrain,wec-2013,wec-2013-lmgte-pro,wec-2013-lmgte-pro-92,92,porsche-ag-team-manthey,porsche,porsche-911-rsr,true
wec-2013-r8-bahrain-95,wec-2013-r8-bahrain,wec-2013,wec-2013-lmgte-am,wec-2013-lmgte-am-95,95,aston-martin-racing,aston-martin,aston-martin-vantage-v8,true
wec-2013-r8-bahrain-49,wec-2013-r8-bahrain,wec-2013,wec-2013-lmp2,wec-2013-lmp2-49,49,pecom-racing,oreca,oreca-03-nissan,true
wec-2013-r8-bahrain-81,wec-2013-r8-bahrain,wec-2013,wec-2013-lmgte-am,wec-2013-lmgte-am-81,81,8-star-motorsports,ferrari,ferrari-f458-italia,true
wec-2013-r8-bahrain-61,wec-2013-r8-bahrain,wec-2013,wec-2013-lmgte-am,wec-2013-lmgte-am-61,61,af-corse,ferrari,ferrari-f458-italia,true
wec-2013-r8-bahrain-50,wec-2013-r8-bahrain,wec-2013,wec-2013-lmgte-am,wec-2013-lmgte-am-50,50,larbre-competition,chevrolet,chevrolet-corvette-c6-zr1,true
wec-2013-r8-bahrain-96,wec-2013-r8-bahrain,wec-2013,wec-2013-lmgte-am,wec-2013-lmgte-am-96,96,aston-martin-racing,aston-martin,aston-martin-vantage-v8,true
wec-2013-r8-bahrain-76,wec-2013-r8-bahrain,wec-2013,wec-2013-lmgte-am,wec-2013-lmgte-am-76,76,imsa-performance-matmut,porsche,porsche-911-gt3-rsr,true
wec-2013-r8-bahrain-99,wec-2013-r8-bahrain,wec-2013,wec-2013-lmgte-pro,wec-2013-lmgte-pro-99,99,aston-martin-racing,aston-martin,aston-martin-vantage-v8,true
wec-2013-r8-bahrain-97,wec-2013-r8-bahrain,wec-2013,wec-2013-lmgte-pro,wec-2013-lmgte-pro-97,97,aston-martin-racing,aston-martin,aston-martin-vantage-v8,true
wec-2013-r8-bahrain-2,wec-2013-r8-bahrain,wec-2013,wec-2013-lmp1,wec-2013-lmp1-2,2,audi-sport-team-joest,audi,audi-r18-e-tron-quattro,true
wec-2013-r8-bahrain-88,wec-2013-r8-bahrain,wec-2013,wec-2013-lmgte-am,wec-2013-lmgte-am-88,88,proton-competition,porsche,porsche-911-gt3-rsr,true
wec-2013-r8-bahrain-57,wec-2013-r8-bahrain,wec-2013,wec-2013-lmgte-am,wec-2013-lmgte-am-57,57,krohn-racing,ferrari,ferrari-f458-italia,true
wec-2013-r8-bahrain-7,wec-2013-r8-bahrain,wec-2013,wec-2013-lmp1,wec-2013-lmp1-7,7,toyota-racing,toyota,toyota-ts030-hybrid,true
wec-2013-r8-bahrain-12,wec-2013-r8-bahrain,wec-2013,wec-2013-lmp1,wec-2013-lmp1-12,12,rebellion-racing,lola,lola-b12-60-coupe-toyota,true
wec-2013-r8-bahrain-32,wec-2013-r8-bahrain,wec-2013,wec-2013-lmp2,wec-2013-lmp2-32,32,lotus,lotus,lotus-t128,true
wec-2013-r8-bahrain-31,wec-2013-r8-bahrain,wec-2013,wec-2013-lmp2,wec-2013-lmp2-31,31,lotus,lotus,lotus-t128,true
wec-2014-r1-silverstone-8,wec-2014-r1-silverstone,wec-2014,wec-2014-lmp1,wec-2014-lmp1-8,8,toyota-racing,toyota,toyota-ts-040-hybrid,true
wec-2014-r1-silverstone-7,wec-2014-r1-silverstone,wec-2014,wec-2014-lmp1,wec-2014-lmp1-7,7,toyota-racing,toyota,toyota-ts-040-hybrid,true
wec-2014-r1-silverstone-20,wec-2014-r1-silverstone,wec-2014,wec-2014-lmp1,wec-2014-lmp1-20,20,porsche-team,porsche,porsche-919-hybrid,true
wec-2014-r1-silverstone-12,wec-2014-r1-silverstone,wec-2014,wec-2014-lmp1,wec-2014-lmp1-12,12,rebellion-racing,lola,lola-b12-60-toyota,true
wec-2014-r1-silverstone-26,wec-2014-r1-silverstone,wec-2014,wec-2014-lmp2,wec-2014-lmp2-26,26,g-drive-racing,morgan,morgan-nissan,true
wec-2014-r1-silverstone-47,wec-2014-r1-silverstone,wec-2014,wec-2014-lmp2,wec-2014-lmp2-47,47,kcmg,oreca,oreca-03-nissan,true
wec-2014-r1-silverstone-92,wec-2014-r1-silverstone,wec-2014,wec-2014-lmgte-pro,wec-2014-lmgte-pro-92,92,porsche-team-manthey,porsche,porsche-911-rsr,true
wec-2014-r1-silverstone-91,wec-2014-r1-silverstone,wec-2014,wec-2014-lmgte-pro,wec-2014-lmgte-pro-91,91,porsche-team-manthey,porsche,porsche-911-rsr,true
wec-2014-r1-silverstone-97,wec-2014-r1-silverstone,wec-2014,wec-2014-lmgte-pro,wec-2014-lmgte-pro-97,97,aston-martin-racing,aston-martin,aston-martin-vantage-v8,true
wec-2014-r1-silverstone-51,wec-2014-r1-silverstone,wec-2014,wec-2014-lmgte-pro,wec-2014-lmgte-pro-51,51,af-corse,ferrari,ferrari-f458-italia,true
wec-2014-r1-silverstone-71,wec-2014-r1-silverstone,wec-2014,wec-2014-lmgte-pro,wec-2014-lmgte-pro-71,71,af-corse,ferrari,ferrari-f458-italia,true
wec-2014-r1-silverstone-52,wec-2014-r1-silverstone,wec-2014,wec-2014-lmgte-pro,wec-2014-lmgte-pro-52,52,ram-racing,ferrari,ferrari-f458-italia,true
wec-2014-r1-silverstone-27,wec-2014-r1-silverstone,wec-2014,wec-2014-lmp2,wec-2014-lmp2-27,27,smp-racing,oreca,oreca-03-nissan,true
wec-2014-r1-silverstone-99,wec-2014-r1-silverstone,wec-2014,wec-2014-lmgte-pro,wec-2014-lmgte-pro-99,99,aston-martin-racing,aston-martin,aston-martin-vantage-v8,true
wec-2014-r1-silverstone-95,wec-2014-r1-silverstone,wec-2014,wec-2014-lmgte-am,wec-2014-lmgte-am-95,95,aston-martin-racing,aston-martin,aston-martin-vantage-v8,true
wec-2014-r1-silverstone-98,wec-2014-r1-silverstone,wec-2014,wec-2014-lmgte-am,wec-2014-lmgte-am-98,98,aston-martin-racing,aston-martin,aston-martin-vantage-v8,true
wec-2014-r1-silverstone-81,wec-2014-r1-silverstone,wec-2014,wec-2014-lmgte-am,wec-2014-lmgte-am-81,81,af-corse,ferrari,ferrari-f458-italia,true
wec-2014-r1-silverstone-88,wec-2014-r1-silverstone,wec-2014,wec-2014-lmgte-am,wec-2014-lmgte-am-88,88,proton-competition,porsche,porsche-911-rsr,true
wec-2014-r1-silverstone-53,wec-2014-r1-silverstone,wec-2014,wec-2014-lmgte-am,wec-2014-lmgte-am-53,53,ram-racing,ferrari,ferrari-f458-italia,true
wec-2014-r1-silverstone-61,wec-2014-r1-silverstone,wec-2014,wec-2014-lmgte-am,wec-2014-lmgte-am-61,61,af-corse,ferrari,ferrari-f458-italia,true
wec-2014-r1-silverstone-2,wec-2014-r1-silverstone,wec-2014,wec-2014-lmp1,wec-2014-lmp1-2,2,audi-sport-team-joest,audi,audi-r18-e-tron-quattro,true
wec-2014-r1-silverstone-75,wec-2014-r1-silverstone,wec-2014,wec-2014-lmgte-am,wec-2014-lmgte-am-75,75,prospeed-competition,porsche,porsche-911-gt3-rsr,true
wec-2014-r1-silverstone-37,wec-2014-r1-silverstone,wec-2014,wec-2014-lmp2,wec-2014-lmp2-37,37,smp-racing,oreca,oreca-03-nissan,true
wec-2014-r1-silverstone-14,wec-2014-r1-silverstone,wec-2014,wec-2014-lmp1,wec-2014-lmp1-14,14,porsche-team,porsche,porsche-919-hybrid,true
wec-2014-r1-silverstone-13,wec-2014-r1-silverstone,wec-2014,wec-2014-lmp1,wec-2014-lmp1-13,13,rebellion-racing,lola,lola-b12-60-toyota,true
wec-2014-r1-silverstone-1,wec-2014-r1-silverstone,wec-2014,wec-2014-lmp1,wec-2014-lmp1-1,1,audi-sport-team-joest,audi,audi-r18-e-tron-quattro,true
wec-2014-r1-silverstone-90,wec-2014-r1-silverstone,wec-2014,wec-2014-lmgte-am,wec-2014-lmgte-am-90,90,8-star-motorsports,ferrari,ferrari-f458-italia,true
wec-2014-r2-spa-8,wec-2014-r2-spa,wec-2014,wec-2014-lmp1,wec-2014-lmp1-8,8,toyota-racing,toyota,toyota-ts-040-hybrid,true
wec-2014-r2-spa-1,wec-2014-r2-spa,wec-2014,wec-2014-lmp1,wec-2014-lmp1-1,1,audi-sport-team-joest,audi,audi-r18-e-tron-quattro,true
wec-2014-r2-spa-7,wec-2014-r2-spa,wec-2014,wec-2014-lmp1,wec-2014-lmp1-7,7,toyota-racing,toyota,toyota-ts-040-hybrid,true
wec-2014-r2-spa-14,wec-2014-r2-spa,wec-2014,wec-2014-lmp1,wec-2014-lmp1-14,14,porsche-team,porsche,porsche-919-hybrid,true
wec-2014-r2-spa-2,wec-2014-r2-spa,wec-2014,wec-2014-lmp1,wec-2014-lmp1-2,2,audi-sport-team-joest,audi,audi-r18-e-tron-quattro,true
wec-2014-r2-spa-3,wec-2014-r2-spa,wec-2014,wec-2014-lmp1,wec-2014-lmp1-3,3,audi-sport-team-joest,audi,audi-r18-e-tron-quattro,true
wec-2014-r2-spa-12,wec-2014-r2-spa,wec-2014,wec-2014-lmp1,wec-2014-lmp1-12,12,rebellion-racing,rebellion,rebellion-r-one-toyota,true
wec-2014-r2-spa-26,wec-2014-r2-spa,wec-2014,wec-2014-lmp2,wec-2014-lmp2-26,26,g-drive-racing,morgan,morgan-nissan,true
wec-2014-r2-spa-38,wec-2014-r2-spa,wec-2014,wec-2014-lmp2,wec-2014-lmp2-38,38,jota-sport,zytek,zytek-z11sn-nissan,true
wec-2014-r2-spa-47,wec-2014-r2-spa,wec-2014,wec-2014-lmp2,wec-2014-lmp2-47,47,kcmg,oreca,oreca-03-nissan,true
wec-2014-r2-spa-37,wec-2014-r2-spa,wec-2014,wec-2014-lmp2,wec-2014-lmp2-37,37,smp-racing,oreca,oreca-03-nissan,true
wec-2014-r2-spa-27,wec-2014-r2-spa,wec-2014,wec-2014-lmp2,wec-2014-lmp2-27,27,smp-racing,oreca,oreca-03-nissan,true
wec-2014-r2-spa-51,wec-2014-r2-spa,wec-2014,wec-2014-lmgte-pro,wec-2014-lmgte-pro-51,51,af-corse,ferrari,ferrari-f458-italia,true
wec-2014-r2-spa-91,wec-2014-r2-spa,wec-2014,wec-2014-lmgte-pro,wec-2014-lmgte-pro-91,91,porsche-team-manthey,porsche,porsche-911-rsr,true
wec-2014-r2-spa-71,wec-2014-r2-spa,wec-2014,wec-2014-lmgte-pro,wec-2014-lmgte-pro-71,71,af-corse,ferrari,ferrari-f458-italia,true
wec-2014-r2-spa-97,wec-2014-r2-spa,wec-2014,wec-2014-lmgte-pro,wec-2014-lmgte-pro-97,97,aston-martin-racing,aston-martin,aston-martin-vantage-v8,true
wec-2014-r2-spa-99,wec-2014-r2-spa,wec-2014,wec-2014-lmgte-pro,wec-2014-lmgte-pro-99,99,aston-martin-racing,aston-martin,aston-martin-vantage-v8,true
wec-2014-r2-spa-61,wec-2014-r2-spa,wec-2014,wec-2014-lmgte-am,wec-2014-lmgte-am-61,61,af-corse,ferrari,ferrari-f458-italia,true
wec-2014-r2-spa-95,wec-2014-r2-spa,wec-2014,wec-2014-lmgte-am,wec-2014-lmgte-am-95,95,aston-martin-racing,aston-martin,aston-martin-vantage-v8,true
wec-2014-r2-spa-98,wec-2014-r2-spa,wec-2014,wec-2014-lmgte-am,wec-2014-lmgte-am-98,98,aston-martin-racing,aston-martin,aston-martin-vantage-v8,true
wec-2014-r2-spa-92,wec-2014-r2-spa,wec-2014,wec-2014-lmgte-pro,wec-2014-lmgte-pro-92,92,porsche-team-manthey,porsche,porsche-911-rsr,true
wec-2014-r2-spa-88,wec-2014-r2-spa,wec-2014,wec-2014-lmgte-am,wec-2014-lmgte-am-88,88,proton-competition,porsche,porsche-911-rsr,true
wec-2014-r2-spa-20,wec-2014-r2-spa,wec-2014,wec-2014-lmp1,wec-2014-lmp1-20,20,porsche-team,porsche,porsche-919-hybrid,true
wec-2014-r2-spa-81,wec-2014-r2-spa,wec-2014,wec-2014-lmgte-am,wec-2014-lmgte-am-81,81,af-corse,ferrari,ferrari-f458-italia,true
wec-2014-r2-spa-75,wec-2014-r2-spa,wec-2014,wec-2014-lmgte-am,wec-2014-lmgte-am-75,75,prospeed-competition,porsche,porsche-911-gt3-rsr,true
wec-2014-r2-spa-60,wec-2014-r2-spa,wec-2014,wec-2014-lmgte-am,wec-2014-lmgte-am-60,60,af-corse,ferrari,ferrari-f458-italia,true
wec-2014-r2-spa-90,wec-2014-r2-spa,wec-2014,wec-2014-lmgte-am,wec-2014-lmgte-am-90,90,8-star-motorsports,ferrari,ferrari-f458-italia,true
wec-2014-r2-spa-13,wec-2014-r2-spa,wec-2014,wec-2014-lmp1,wec-2014-lmp1-13,13,rebellion-racing,rebellion,rebellion-r-one-toyota,true
wec-2014-r3-le-mans-2,wec-2014-r3-le-mans,wec-2014,wec-2014-lmp1,wec-2014-lmp1-2,2,audi-sport-team-joest,audi,audi-r18-e-tron-quattro,true
wec-2014-r3-le-mans-1,wec-2014-r3-le-mans,wec-2014,wec-2014-lmp1,wec-2014-lmp1-1,1,audi-sport-team-joest,audi,audi-r18-e-tron-quattro,true
wec-2014-r3-le-mans-8,wec-2014-r3-le-mans,wec-2014,wec-2014-lmp1,wec-2014-lmp1-8,8,toyota-racing,toyota,toyota-ts-040-hybrid,true
wec-2014-r3-le-mans-12,wec-2014-r3-le-mans,wec-2014,wec-2014-lmp1,wec-2014-lmp1-12,12,rebellion-racing,rebellion,rebellion-r-one-toyota,true
wec-2014-r3-le-mans-38,wec-2014-r3-le-mans,wec-2014,wec-2014-lmp2,wec-2014-lmp2-38,38,jota-sport,zytek,zytek-z11sn-nissan,true
wec-2014-r3-le-mans-46,wec-2014-r3-le-mans,wec-2014,wec-2014-lmp2,wec-2014-lmp2-46,46,thiriet-by-tds-racing,ligier,ligier-js-p2-nissan,true
wec-2014-r3-le-mans-36,wec-2014-r3-le-mans,wec-2014,wec-2014-lmp2,wec-2014-lmp2-36,36,signatech-alpine,alpine,alpine-a450b-nissan,true
wec-2014-r3-le-mans-24,wec-2014-r3-le-mans,wec-2014,wec-2014-lmp2,wec-2014-lmp2-24,24,sebastien-loeb-racing,oreca,oreca-03r-nissan,true
wec-2014-r3-le-mans-35,wec-2014-r3-le-mans,wec-2014,wec-2014-lmp2,wec-2014-lmp2-35,35,oak-racing,ligier,ligier-nissan,true
wec-2014-r3-le-mans-43,wec-2014-r3-le-mans,wec-2014,wec-2014-lmp2,wec-2014-lmp2-43,43,newblood-by-morand-racing,morgan,morgan-judd,true
wec-2014-r3-le-mans-14,wec-2014-r3-le-mans,wec-2014,wec-2014-lmp1,wec-2014-lmp1-14,14,porsche-team,porsche,porsche-919-hybrid,true
wec-2014-r3-le-mans-33,wec-2014-r3-le-mans,wec-2014,wec-2014-lmp2,wec-2014-lmp2-33,33,oak-racing-team-asia,ligier,ligier-js-p2-hpd,true
wec-2014-r3-le-mans-34,wec-2014-r3-le-mans,wec-2014,wec-2014-lmp2,wec-2014-lmp2-34,34,race-performance,oreca,oreca-03r-judd,true
wec-2014-r3-le-mans-50,wec-2014-r3-le-mans,wec-2014,wec-2014-lmp2,wec-2014-lmp2-50,50,larbre-competition,morgan,morgan-judd,true
wec-2014-r3-le-mans-51,wec-2014-r3-le-mans,wec-2014,wec-2014-lmgte-pro,wec-2014-lmgte-pro-51,51,af-corse,ferrari,ferrari-458-italia,true
wec-2014-r3-le-mans-73,wec-2014-r3-le-mans,wec-2014,wec-2014-lmgte-pro,wec-2014-lmgte-pro-73,73,corvette-racing,chevrolet,chevrolet-corvette-c7,true
wec-2014-r3-le-mans-92,wec-2014-r3-le-mans,wec-2014,wec-2014-lmgte-pro,wec-2014-lmgte-pro-92,92,porsche-team-manthey,porsche,porsche-911-rsr,true
wec-2014-r3-le-mans-29,wec-2014-r3-le-mans,wec-2014,wec-2014-lmp2,wec-2014-lmp2-29,29,pegasus-racing,morgan,morgan-nissan,true
wec-2014-r3-le-mans-95,wec-2014-r3-le-mans,wec-2014,wec-2014-lmgte-am,wec-2014-lmgte-am-95,95,aston-martin-racing,aston-martin,aston-martin-vantage-v8,true
wec-2014-r3-le-mans-74,wec-2014-r3-le-mans,wec-2014,wec-2014-lmgte-pro,wec-2014-lmgte-pro-74,74,corvette-racing,chevrolet,chevrolet-corvette-c7,true
wec-2014-r3-le-mans-88,wec-2014-r3-le-mans,wec-2014,wec-2014-lmgte-am,wec-2014-lmgte-am-88,88,proton-competition,porsche,porsche-911-rsr,true
wec-2014-r3-le-mans-61,wec-2014-r3-le-mans,wec-2014,wec-2014-lmgte-am,wec-2014-lmgte-am-61,61,af-corse,ferrari,ferrari-458-italia,true
wec-2014-r3-le-mans-90,wec-2014-r3-le-mans,wec-2014,wec-2014-lmgte-am,wec-2014-lmgte-am-90,90,8-star-motorsports,ferrari,ferrari-458-italia,true
wec-2014-r3-le-mans-77,wec-2014-r3-le-mans,wec-2014,wec-2014-lmgte-am,wec-2014-lmgte-am-77,77,dempsey-racing-proton,porsche,porsche-911-rsr,true
wec-2014-r3-le-mans-42,wec-2014-r3-le-mans,wec-2014,wec-2014-lmp2,wec-2014-lmp2-42,42,caterham-racing,zytek,zytek-z11sn-nissan,true
wec-2014-r3-le-mans-98,wec-2014-r3-le-mans,wec-2014,wec-2014-lmgte-am,wec-2014-lmgte-am-98,98,aston-martin-racing,aston-martin,aston-martin-vantage-v8,true
wec-2014-r3-le-mans-66,wec-2014-r3-le-mans,wec-2014,wec-2014-lmgte-am,wec-2014-lmgte-am-66,66,jmw-motorsport,ferrari,ferrari-458-italia,true
wec-2014-r3-le-mans-70,wec-2014-r3-le-mans,wec-2014,wec-2014-lmgte-am,wec-2014-lmgte-am-70,70,team-taisan,ferrari,ferrari-458-italia,true
wec-2014-r3-le-mans-58,wec-2014-r3-le-mans,wec-2014,wec-2014-lmgte-am,wec-2014-lmgte-am-58,58,team-sofrev-asp,ferrari,ferrari-458-italia,true
wec-2014-r3-le-mans-57,wec-2014-r3-le-mans,wec-2014,wec-2014-lmgte-am,wec-2014-lmgte-am-57,57,krohn-racing,ferrari,ferrari-458-italia,true
wec-2014-r3-le-mans-76,wec-2014-r3-le-mans,wec-2014,wec-2014-lmgte-am,wec-2014-lmgte-am-76,76,imsa-performance-matmut,porsche,porsche-911-gt3-rsr,true
wec-2014-r3-le-mans-53,wec-2014-r3-le-mans,wec-2014,wec-2014-lmgte-am,wec-2014-lmgte-am-53,53,ram-racing,ferrari,ferrari-458-italia,true
wec-2014-r3-le-mans-79,wec-2014-r3-le-mans,wec-2014,wec-2014-lmgte-pro,wec-2014-lmgte-pro-79,79,prospeed-competition,porsche,porsche-911-gt3-rsr,true
wec-2014-r3-le-mans-67,wec-2014-r3-le-mans,wec-2014,wec-2014-lmgte-am,wec-2014-lmgte-am-67,67,imsa-performance-matmut,porsche,porsche-911-gt3-rsr,true
wec-2014-r3-le-mans-97,wec-2014-r3-le-mans,wec-2014,wec-2014-lmgte-pro,wec-2014-lmgte-pro-97,97,aston-martin-racing,aston-martin,aston-martin-vantage-v8,true
wec-2014-r3-le-mans-91,wec-2014-r3-le-mans,wec-2014,wec-2014-lmgte-pro,wec-2014-lmgte-pro-91,91,porsche-team-manthey,porsche,porsche-911-rsr,true
wec-2014-r3-le-mans-27,wec-2014-r3-le-mans,wec-2014,wec-2014-lmp2,wec-2014-lmp2-27,27,smp-racing,oreca,oreca-03r-nissan,true
wec-2014-r3-le-mans-62,wec-2014-r3-le-mans,wec-2014,wec-2014-lmgte-am,wec-2014-lmgte-am-62,62,af-corse,ferrari,ferrari-458-italia,true
wec-2014-r3-le-mans-20,wec-2014-r3-le-mans,wec-2014,wec-2014-lmp1,wec-2014-lmp1-20,20,porsche-team,porsche,porsche-919-hybrid,true
wec-2014-r3-le-mans-7,wec-2014-r3-le-mans,wec-2014,wec-2014-lmp1,wec-2014-lmp1-7,7,toyota-racing,toyota,toyota-ts-040-hybrid,true
wec-2014-r3-le-mans-72,wec-2014-r3-le-mans,wec-2014,wec-2014-lmgte-am,wec-2014-lmgte-am-72,72,smp-racing,ferrari,ferrari-458-italia,true
wec-2014-r3-le-mans-75,wec-2014-r3-le-mans,wec-2014,wec-2014-lmgte-am,wec-2014-lmgte-am-75,75,prospeed-competition,porsche,porsche-911-gt3-rsr,true
wec-2014-r3-le-mans-52,wec-2014-r3-le-mans,wec-2014,wec-2014-lmgte-pro,wec-2014-lmgte-pro-52,52,ram-racing,ferrari,ferrari-458-italia,true
wec-2014-r3-le-mans-26,wec-2014-r3-le-mans,wec-2014,wec-2014-lmp2,wec-2014-lmp2-26,26,g-drive-racing,morgan,morgan-nissan,true
wec-2014-r3-le-mans-60,wec-2014-r3-le-mans,wec-2014,wec-2014-lmgte-am,wec-2014-lmgte-am-60,60,af-corse,ferrari,ferrari-458-italia,true
wec-2014-r3-le-mans-47,wec-2014-r3-le-mans,wec-2014,wec-2014-lmp2,wec-2014-lmp2-47,47,kcmg,oreca,oreca-03r-nissan,true
wec-2014-r3-le-mans-13,wec-2014-r3-le-mans,wec-2014,wec-2014-lmp1,wec-2014-lmp1-13,13,rebellion-racing,rebellion,rebellion-r-one-toyota,true
wec-2014-r3-le-mans-48,wec-2014-r3-le-mans,wec-2014,wec-2014-lmp2,wec-2014-lmp2-48,48,murphy-prototypes,oreca,oreca-03r-nissan,true
wec-2014-r3-le-mans-41,wec-2014-r3-le-mans,wec-2014,wec-2014-lmp2,wec-2014-lmp2-41,41,greaves-motorsport,zytek,zytek-z11sn-nissan,true
wec-2014-r3-le-mans-71,wec-2014-r3-le-mans,wec-2014,wec-2014-lmgte-pro,wec-2014-lmgte-pro-71,71,af-corse,ferrari,ferrari-458-italia,true
wec-2014-r3-le-mans-3,wec-2014-r3-le-mans,wec-2014,wec-2014-lmp1,wec-2014-lmp1-3,3,audi-sport-team-joest,audi,audi-r18-e-tron-quattro,true
wec-2014-r3-le-mans-81,wec-2014-r3-le-mans,wec-2014,wec-2014-lmgte-am,wec-2014-lmgte-am-81,81,af-corse,ferrari,ferrari-458-italia,true
wec-2014-r3-le-mans-37,wec-2014-r3-le-mans,wec-2014,wec-2014-lmp2,wec-2014-lmp2-37,37,smp-racing,oreca,oreca-03r-nissan,true
wec-2014-r3-le-mans-0,wec-2014-r3-le-mans,wec-2014,wec-2014-cdnt,wec-2014-cdnt-0,0,nissan-motorsports-global,nissan,nissan-zeod-rc,true
wec-2014-r3-le-mans-99,wec-2014-r3-le-mans,wec-2014,wec-2014-lmgte-pro,wec-2014-lmgte-pro-99,99,aston-martin-racing,aston-martin,aston-martin-vantage-v8,true
wec-2014-r4-cota-2,wec-2014-r4-cota,wec-2014,wec-2014-lmp1,wec-2014-lmp1-2,2,audi-sport-team-joest,audi,audi-r18-e-tron-quattro,true
wec-2014-r4-cota-1,wec-2014-r4-cota,wec-2014,wec-2014-lmp1,wec-2014-lmp1-1,1,audi-sport-team-joest,audi,audi-r18-e-tron-quattro,true
wec-2014-r4-cota-8,wec-2014-r4-cota,wec-2014,wec-2014-lmp1,wec-2014-lmp1-8,8,toyota-racing,toyota,toyota-ts-040-hybrid,true
wec-2014-r4-cota-14,wec-2014-r4-cota,wec-2014,wec-2014-lmp1,wec-2014-lmp1-14,14,porsche-team,porsche,porsche-919-hybrid,true
wec-2014-r4-cota-20,wec-2014-r4-cota,wec-2014,wec-2014-lmp1,wec-2014-lmp1-20,20,porsche-team,porsche,porsche-919-hybrid,true
wec-2014-r4-cota-7,wec-2014-r4-cota,wec-2014,wec-2014-lmp1,wec-2014-lmp1-7,7,toyota-racing,toyota,toyota-ts-040-hybrid,true
wec-2014-r4-cota-12,wec-2014-r4-cota,wec-2014,wec-2014-lmp1,wec-2014-lmp1-12,12,rebellion-racing,rebellion,rebellion-r-one-toyota,true
wec-2014-r4-cota-47,wec-2014-r4-cota,wec-2014,wec-2014-lmp2,wec-2014-lmp2-47,47,kcmg,oreca,oreca-03r-nissan,true
wec-2014-r4-cota-27,wec-2014-r4-cota,wec-2014,wec-2014-lmp2,wec-2014-lmp2-27,27,smp-racing,oreca,oreca-03r-nissan,true
wec-2014-r4-cota-30,wec-2014-r4-cota,wec-2014,wec-2014-lmp2,wec-2014-lmp2-30,30,extreme-speed-motorsports,hpd,hpd-arx-03b-honda,true
wec-2014-r4-cota-97,wec-2014-r4-cota,wec-2014,wec-2014-lmgte-pro,wec-2014-lmgte-pro-97,97,aston-martin-racing,aston-martin,aston-martin-vantage-v8,true
wec-2014-r4-cota-92,wec-2014-r4-cota,wec-2014,wec-2014-lmgte-pro,wec-2014-lmgte-pro-92,92,porsche-team-manthey,porsche,porsche-911-rsr,true
wec-2014-r4-cota-51,wec-2014-r4-cota,wec-2014,wec-2014-lmgte-pro,wec-2014-lmgte-pro-51,51,af-corse,ferrari,ferrari-458-italia,true
wec-2014-r4-cota-26,wec-2014-r4-cota,wec-2014,wec-2014-lmp2,wec-2014-lmp2-26,26,g-drive-racing,ligier,ligier-js-p2-nissan,true
wec-2014-r4-cota-9,wec-2014-r4-cota,wec-2014,wec-2014-lmp1,wec-2014-lmp1-9,9,lotus,clm,clm-p1-01-aer,true
wec-2014-r4-cota-91,wec-2014-r4-cota,wec-2014,wec-2014-lmgte-pro,wec-2014-lmgte-pro-91,91,porsche-team-manthey,porsche,porsche-911-rsr,true
wec-2014-r4-cota-98,wec-2014-r4-cota,wec-2014,wec-2014-lmgte-am,wec-2014-lmgte-am-98,98,aston-martin-racing,aston-martin,aston-martin-vantage-v8,true
wec-2014-r4-cota-95,wec-2014-r4-cota,wec-2014,wec-2014-lmgte-am,wec-2014-lmgte-am-95,95,aston-martin-racing,aston-martin,aston-martin-vantage-v8,true
wec-2014-r4-cota-71,wec-2014-r4-cota,wec-2014,wec-2014-lmgte-pro,wec-2014-lmgte-pro-71,71,af-corse,ferrari,ferrari-458-italia,true
wec-2014-r4-cota-88,wec-2014-r4-cota,wec-2014,wec-2014-lmgte-am,wec-2014-lmgte-am-88,88,proton-competition,porsche,porsche-911-rsr,true
wec-2014-r4-cota-61,wec-2014-r4-cota,wec-2014,wec-2014-lmgte-am,wec-2014-lmgte-am-61,61,af-corse,ferrari,ferrari-458-italia,true
wec-2014-r4-cota-99,wec-2014-r4-cota,wec-2014,wec-2014-lmgte-pro,wec-2014-lmgte-pro-99,99,aston-martin-racing,aston-martin,aston-martin-vantage-v8,true
wec-2014-r4-cota-90,wec-2014-r4-cota,wec-2014,wec-2014-lmgte-am,wec-2014-lmgte-am-90,90,8-star-motorsports,ferrari,ferrari-458-italia,true
wec-2014-r4-cota-65,wec-2014-r4-cota,wec-2014,wec-2014-lmgte-pro,wec-2014-lmgte-pro-65,65,corvette-racing,chevrolet,corvette-c7-r,true
wec-2014-r4-cota-57,wec-2014-r4-cota,wec-2014,wec-2014-lmgte-am,wec-2014-lmgte-am-57,57,krohn-racing,ferrari,ferrari-458-italia,true
wec-2014-r4-cota-81,wec-2014-r4-cota,wec-2014,wec-2014-lmgte-am,wec-2014-lmgte-am-81,81,af-corse,ferrari,ferrari-458-italia,true
wec-2014-r4-cota-75,wec-2014-r4-cota,wec-2014,wec-2014-lmgte-am,wec-2014-lmgte-am-75,75,prospeed-competition,porsche,porsche-911-gt3-rsr,true
wec-2014-r4-cota-13,wec-2014-r4-cota,wec-2014,wec-2014-lmp1,wec-2014-lmp1-13,13,rebellion-racing,rebellion,rebellion-r-one-toyota,true
wec-2014-r4-cota-37,wec-2014-r4-cota,wec-2014,wec-2014-lmp2,wec-2014-lmp2-37,37,smp-racing,oreca,oreca-03r-nissan,true
wec-2014-r5-fuji-8,wec-2014-r5-fuji,wec-2014,wec-2014-lmp1,wec-2014-lmp1-8,8,toyota-racing,toyota,toyota-ts-040-hybrid,true
wec-2014-r5-fuji-7,wec-2014-r5-fuji,wec-2014,wec-2014-lmp1,wec-2014-lmp1-7,7,toyota-racing,toyota,toyota-ts-040-hybrid,true
wec-2014-r5-fuji-20,wec-2014-r5-fuji,wec-2014,wec-2014-lmp1,wec-2014-lmp1-20,20,porsche-team,porsche,porsche-919-hybrid,true
wec-2014-r5-fuji-14,wec-2014-r5-fuji,wec-2014,wec-2014-lmp1,wec-2014-lmp1-14,14,porsche-team,porsche,porsche-919-hybrid,true
wec-2014-r5-fuji-1,wec-2014-r5-fuji,wec-2014,wec-2014-lmp1,wec-2014-lmp1-1,1,audi-sport-team-joest,audi,audi-r18-e-tron-quattro,true
wec-2014-r5-fuji-2,wec-2014-r5-fuji,wec-2014,wec-2014-lmp1,wec-2014-lmp1-2,2,audi-sport-team-joest,audi,audi-r18-e-tron-quattro,true
wec-2014-r5-fuji-26,wec-2014-r5-fuji,wec-2014,wec-2014-lmp2,wec-2014-lmp2-26,26,g-drive-racing,ligier,ligier-js-p2-nissan,true
wec-2014-r5-fuji-47,wec-2014-r5-fuji,wec-2014,wec-2014-lmp2,wec-2014-lmp2-47,47,kcmg,oreca,oreca-03r-nissan,true
wec-2014-r5-fuji-35,wec-2014-r5-fuji,wec-2014,wec-2014-lmp2,wec-2014-lmp2-35,35,oak-racing,morgan,morgan-judd,true
wec-2014-r5-fuji-27,wec-2014-r5-fuji,wec-2014,wec-2014-lmp2,wec-2014-lmp2-27,27,smp-racing,oreca,oreca-03r-nissan,true
wec-2014-r5-fuji-13,wec-2014-r5-fuji,wec-2014,wec-2014-lmp1,wec-2014-lmp1-13,13,rebellion-racing,rebellion,rebellion-r-one-toyota,true
wec-2014-r5-fuji-37,wec-2014-r5-fuji,wec-2014,wec-2014-lmp2,wec-2014-lmp2-37,37,smp-racing,oreca,oreca-03r-nissan,true
wec-2014-r5-fuji-51,wec-2014-r5-fuji,wec-2014,wec-2014-lmgte-pro,wec-2014-lmgte-pro-51,51,af-corse,ferrari,ferrari-f458-italia,true
wec-2014-r5-fuji-71,wec-2014-r5-fuji,wec-2014,wec-2014-lmgte-pro,wec-2014-lmgte-pro-71,71,af-corse,ferrari,ferrari-f458-italia,true
wec-2014-r5-fuji-99,wec-2014-r5-fuji,wec-2014,wec-2014-lmgte-pro,wec-2014-lmgte-pro-99,99,aston-martin-racing,aston-martin,aston-martin-vantage-v8,true
wec-2014-r5-fuji-91,wec-2014-r5-fuji,wec-2014,wec-2014-lmgte-pro,wec-2014-lmgte-pro-91,91,porsche-team-manthey,porsche,porsche-911-rsr,true
wec-2014-r5-fuji-95,wec-2014-r5-fuji,wec-2014,wec-2014-lmgte-am,wec-2014-lmgte-am-95,95,aston-martin-racing,aston-martin,aston-martin-vantage-v8,true
wec-2014-r5-fuji-98,wec-2014-r5-fuji,wec-2014,wec-2014-lmgte-am,wec-2014-lmgte-am-98,98,aston-martin-racing,aston-martin,aston-martin-vantage-v8,true
wec-2014-r5-fuji-75,wec-2014-r5-fuji,wec-2014,wec-2014-lmgte-am,wec-2014-lmgte-am-75,75,prospeed-competition,porsche,porsche-911-rsr,true
wec-2014-r5-fuji-88,wec-2014-r5-fuji,wec-2014,wec-2014-lmgte-am,wec-2014-lmgte-am-88,88,proton-competition,porsche,porsche-911-rsr,true
wec-2014-r5-fuji-97,wec-2014-r5-fuji,wec-2014,wec-2014-lmgte-pro,wec-2014-lmgte-pro-97,97,aston-martin-racing,aston-martin,aston-martin-vantage-v8,true
wec-2014-r5-fuji-61,wec-2014-r5-fuji,wec-2014,wec-2014-lmgte-am,wec-2014-lmgte-am-61,61,af-corse,ferrari,ferrari-f458-italia,true
wec-2014-r5-fuji-92,wec-2014-r5-fuji,wec-2014,wec-2014-lmgte-pro,wec-2014-lmgte-pro-92,92,porsche-team-manthey,porsche,porsche-911-rsr,true
wec-2014-r5-fuji-12,wec-2014-r5-fuji,wec-2014,wec-2014-lmp1,wec-2014-lmp1-12,12,rebellion-racing,rebellion,rebellion-r-one-toyota,true
wec-2014-r5-fuji-9,wec-2014-r5-fuji,wec-2014,wec-2014-lmp1,wec-2014-lmp1-9,9,lotus,clm,clm-p1-01-aer,true
wec-2014-r5-fuji-81,wec-2014-r5-fuji,wec-2014,wec-2014-lmgte-am,wec-2014-lmgte-am-81,81,af-corse,ferrari,ferrari-f458-italia,true
wec-2014-r5-fuji-90,wec-2014-r5-fuji,wec-2014,wec-2014-lmgte-am,wec-2014-lmgte-am-90,90,8-star-motorsports,ferrari,ferrari-f458-italia,true
wec-2014-r6-shanghai-8,wec-2014-r6-shanghai,wec-2014,wec-2014-lmp1,wec-2014-lmp1-8,8,toyota-racing,toyota,toyota-ts-040-hybrid,true
wec-2014-r6-shanghai-7,wec-2014-r6-shanghai,wec-2014,wec-2014-lmp1,wec-2014-lmp1-7,7,toyota-racing,toyota,toyota-ts-040-hybrid,true
wec-2014-r6-shanghai-14,wec-2014-r6-shanghai,wec-2014,wec-2014-lmp1,wec-2014-lmp1-14,14,porsche-team,porsche,porsche-919-hybrid,true
wec-2014-r6-shanghai-2,wec-2014-r6-shanghai,wec-2014,wec-2014-lmp1,wec-2014-lmp1-2,2,audi-sport-team-joest,audi,audi-r18-e-tron-quattro,true
wec-2014-r6-shanghai-1,wec-2014-r6-shanghai,wec-2014,wec-2014-lmp1,wec-2014-lmp1-1,1,audi-sport-team-joest,audi,audi-r18-e-tron-quattro,true
wec-2014-r6-shanghai-20,wec-2014-r6-shanghai,wec-2014,wec-2014-lmp1,wec-2014-lmp1-20,20,porsche-team,porsche,porsche-919-hybrid,true
wec-2014-r6-shanghai-12,wec-2014-r6-shanghai,wec-2014,wec-2014-lmp1,wec-2014-lmp1-12,12,rebellion-racing,rebellion,rebellion-r-one-toyota,true
wec-2014-r6-shanghai-13,wec-2014-r6-shanghai,wec-2014,wec-2014-lmp1,wec-2014-lmp1-13,13,rebellion-racing,rebellion,rebellion-r-one-toyota,true
wec-2014-r6-shanghai-26,wec-2014-r6-shanghai,wec-2014,wec-2014-lmp2,wec-2014-lmp2-26,26,g-drive-racing,ligier,ligier-js-p2-nissan,true
wec-2014-r6-shanghai-30,wec-2014-r6-shanghai,wec-2014,wec-2014-lmp2,wec-2014-lmp2-30,30,extreme-speed-motorsports,hpd,hpd-arx-03b-honda,true
wec-2014-r6-shanghai-27,wec-2014-r6-shanghai,wec-2014,wec-2014-lmp2,wec-2014-lmp2-27,27,smp-racing,oreca,oreca-03r-nissan,true
wec-2014-r6-shanghai-37,wec-2014-r6-shanghai,wec-2014,wec-2014-lmp2,wec-2014-lmp2-37,37,smp-racing,oreca,oreca-03r-nissan,true
wec-2014-r6-shanghai-31,wec-2014-r6-shanghai,wec-2014,wec-2014-lmp2,wec-2014-lmp2-31,31,extreme-speed-motorsports,hpd,hpd-arx-03b-honda,true
wec-2014-r6-shanghai-9,wec-2014-r6-shanghai,wec-2014,wec-2014-lmp1,wec-2014-lmp1-9,9,lotus,clm,clm-p1-01-aer,true
wec-2014-r6-shanghai-35,wec-2014-r6-shanghai,wec-2014,wec-2014-lmp2,wec-2014-lmp2-35,35,oak-racing,morgan,morgan-judd,true
wec-2014-r6-shanghai-92,wec-2014-r6-shanghai,wec-2014,wec-2014-lmgte-pro,wec-2014-lmgte-pro-92,92,porsche-team-manthey,porsche,porsche-911-rsr,true
wec-2014-r6-shanghai-91,wec-2014-r6-shanghai,wec-2014,wec-2014-lmgte-pro,wec-2014-lmgte-pro-91,91,porsche-team-manthey,porsche,porsche-911-rsr,true
wec-2014-r6-shanghai-71,wec-2014-r6-shanghai,wec-2014,wec-2014-lmgte-pro,wec-2014-lmgte-pro-71,71,af-corse,ferrari,ferrari-f458-italia,true
wec-2014-r6-shanghai-99,wec-2014-r6-shanghai,wec-2014,wec-2014-lmgte-pro,wec-2014-lmgte-pro-99,99,aston-martin-racing,aston-martin,aston-martin-vantage-v8,true
wec-2014-r6-shanghai-98,wec-2014-r6-shanghai,wec-2014,wec-2014-lmgte-am,wec-2014-lmgte-am-98,98,aston-martin-racing,aston-martin,aston-martin-vantage-v8,true
wec-2014-r6-shanghai-95,wec-2014-r6-shanghai,wec-2014,wec-2014-lmgte-am,wec-2014-lmgte-am-95,95,aston-martin-racing,aston-martin,aston-martin-vantage-v8,true
wec-2014-r6-shanghai-90,wec-2014-r6-shanghai,wec-2014,wec-2014-lmgte-am,wec-2014-lmgte-am-90,90,8-star-motorsports,ferrari,ferrari-f458-italia,true
wec-2014-r6-shanghai-75,wec-2014-r6-shanghai,wec-2014,wec-2014-lmgte-am,wec-2014-lmgte-am-75,75,prospeed-competition,porsche,porsche-911-rsr,true
wec-2014-r6-shanghai-88,wec-2014-r6-shanghai,wec-2014,wec-2014-lmgte-am,wec-2014-lmgte-am-88,88,proton-competition,porsche,porsche-911-rsr,true
wec-2014-r6-shanghai-97,wec-2014-r6-shanghai,wec-2014,wec-2014-lmgte-pro,wec-2014-lmgte-pro-97,97,aston-martin-racing,aston-martin,aston-martin-vantage-v8,true
wec-2014-r6-shanghai-47,wec-2014-r6-shanghai,wec-2014,wec-2014-lmp2,wec-2014-lmp2-47,47,kcmg,oreca,oreca-03r-nissan,true
wec-2014-r6-shanghai-51,wec-2014-r6-shanghai,wec-2014,wec-2014-lmgte-pro,wec-2014-lmgte-pro-51,51,af-corse,ferrari,ferrari-f458-italia,true
wec-2014-r7-bahrain-7,wec-2014-r7-bahrain,wec-2014,wec-2014-lmp1,wec-2014-lmp1-7,7,toyota-racing,toyota,toyota-ts-040-hybrid,true
wec-2014-r7-bahrain-14,wec-2014-r7-bahrain,wec-2014,wec-2014-lmp1,wec-2014-lmp1-14,14,porsche-team,porsche,porsche-919-hybrid,true
wec-2014-r7-bahrain-20,wec-2014-r7-bahrain,wec-2014,wec-2014-lmp1,wec-2014-lmp1-20,20,porsche-team,porsche,porsche-919-hybrid,true
wec-2014-r7-bahrain-2,wec-2014-r7-bahrain,wec-2014,wec-2014-lmp1,wec-2014-lmp1-2,2,audi-sport-team-joest,audi,audi-r18-e-tron-quattro,true
wec-2014-r7-bahrain-1,wec-2014-r7-bahrain,wec-2014,wec-2014-lmp1,wec-2014-lmp1-1,1,audi-sport-team-joest,audi,audi-r18-e-tron-quattro,true
wec-2014-r7-bahrain-13,wec-2014-r7-bahrain,wec-2014,wec-2014-lmp1,wec-2014-lmp1-13,13,rebellion-racing,rebellion,rebellion-r-one-toyota,true
wec-2014-r7-bahrain-12,wec-2014-r7-bahrain,wec-2014,wec-2014-lmp1,wec-2014-lmp1-12,12,rebellion-racing,rebellion,rebellion-r-one-toyota,true
wec-2014-r7-bahrain-47,wec-2014-r7-bahrain,wec-2014,wec-2014-lmp2,wec-2014-lmp2-47,47,kcmg,oreca,oreca-03r-nissan,true
wec-2014-r7-bahrain-37,wec-2014-r7-bahrain,wec-2014,wec-2014-lmp2,wec-2014-lmp2-37,37,smp-racing,oreca,oreca-03r-nissan,true
wec-2014-r7-bahrain-35,wec-2014-r7-bahrain,wec-2014,wec-2014-lmp2,wec-2014-lmp2-35,35,oak-racing,morgan,morgan-judd,true
wec-2014-r7-bahrain-8,wec-2014-r7-bahrain,wec-2014,wec-2014-lmp1,wec-2014-lmp1-8,8,toyota-racing,toyota,toyota-ts-040-hybrid,true
wec-2014-r7-bahrain-26,wec-2014-r7-bahrain,wec-2014,wec-2014-lmp2,wec-2014-lmp2-26,26,g-drive-racing,ligier,ligier-js-p2-nissan,true
wec-2014-r7-bahrain-51,wec-2014-r7-bahrain,wec-2014,wec-2014-lmgte-pro,wec-2014-lmgte-pro-51,51,af-corse,ferrari,ferrari-f458-italia,true
wec-2014-r7-bahrain-97,wec-2014-r7-bahrain,wec-2014,wec-2014-lmgte-pro,wec-2014-lmgte-pro-97,97,aston-martin-racing,aston-martin,aston-martin-vantage-v8,true
wec-2014-r7-bahrain-71,wec-2014-r7-bahrain,wec-2014,wec-2014-lmgte-pro,wec-2014-lmgte-pro-71,71,af-corse,ferrari,ferrari-f458-italia,true
wec-2014-r7-bahrain-91,wec-2014-r7-bahrain,wec-2014,wec-2014-lmgte-pro,wec-2014-lmgte-pro-91,91,porsche-team-manthey,porsche,porsche-911-rsr,true
wec-2014-r7-bahrain-92,wec-2014-r7-bahrain,wec-2014,wec-2014-lmgte-pro,wec-2014-lmgte-pro-92,92,porsche-team-manthey,porsche,porsche-911-rsr,true
wec-2014-r7-bahrain-95,wec-2014-r7-bahrain,wec-2014,wec-2014-lmgte-am,wec-2014-lmgte-am-95,95,aston-martin-racing,aston-martin,aston-martin-vantage-v8,true
wec-2014-r7-bahrain-81,wec-2014-r7-bahrain,wec-2014,wec-2014-lmgte-am,wec-2014-lmgte-am-81,81,af-corse,ferrari,ferrari-f458-italia,true
wec-2014-r7-bahrain-98,wec-2014-r7-bahrain,wec-2014,wec-2014-lmgte-am,wec-2014-lmgte-am-98,98,aston-martin-racing,aston-martin,aston-martin-vantage-v8,true
wec-2014-r7-bahrain-88,wec-2014-r7-bahrain,wec-2014,wec-2014-lmgte-am,wec-2014-lmgte-am-88,88,proton-competition,porsche,porsche-911-rsr,true
wec-2014-r7-bahrain-90,wec-2014-r7-bahrain,wec-2014,wec-2014-lmgte-am,wec-2014-lmgte-am-90,90,8-star-motorsports,ferrari,ferrari-f458-italia,true
wec-2014-r7-bahrain-61,wec-2014-r7-bahrain,wec-2014,wec-2014-lmgte-am,wec-2014-lmgte-am-61,61,af-corse,ferrari,ferrari-f458-italia,true
wec-2014-r7-bahrain-99,wec-2014-r7-bahrain,wec-2014,wec-2014-lmgte-pro,wec-2014-lmgte-pro-99,99,aston-martin-racing,aston-martin,aston-martin-vantage-v8,true
wec-2014-r7-bahrain-75,wec-2014-r7-bahrain,wec-2014,wec-2014-lmgte-am,wec-2014-lmgte-am-75,75,prospeed-competition,porsche,porsche-911-rsr,true
wec-2014-r7-bahrain-27,wec-2014-r7-bahrain,wec-2014,wec-2014-lmp2,wec-2014-lmp2-27,27,smp-racing,oreca,oreca-03r-nissan,true
wec-2014-r7-bahrain-9,wec-2014-r7-bahrain,wec-2014,wec-2014-lmp1,wec-2014-lmp1-9,9,lotus,clm,clm-p1-01-aer,true
wec-2014-r8-sao-paulo-14,wec-2014-r8-sao-paulo,wec-2014,wec-2014-lmp1,wec-2014-lmp1-14,14,porsche-team,porsche,porsche-919-hybrid,true
wec-2014-r8-sao-paulo-8,wec-2014-r8-sao-paulo,wec-2014,wec-2014-lmp1,wec-2014-lmp1-8,8,toyota-racing,toyota,toyota-ts-040-hybrid,true
wec-2014-r8-sao-paulo-1,wec-2014-r8-sao-paulo,wec-2014,wec-2014-lmp1,wec-2014-lmp1-1,1,audi-sport-team-joest,audi,audi-r18-e-tron-quattro,true
wec-2014-r8-sao-paulo-7,wec-2014-r8-sao-paulo,wec-2014,wec-2014-lmp1,wec-2014-lmp1-7,7,toyota-racing,toyota,toyota-ts-040-hybrid,true
wec-2014-r8-sao-paulo-2,wec-2014-r8-sao-paulo,wec-2014,wec-2014-lmp1,wec-2014-lmp1-2,2,audi-sport-team-joest,audi,audi-r18-e-tron-quattro,true
wec-2014-r8-sao-paulo-47,wec-2014-r8-sao-paulo,wec-2014,wec-2014-lmp2,wec-2014-lmp2-47,47,kcmg,oreca,oreca-03r-nissan,true
wec-2014-r8-sao-paulo-97,wec-2014-r8-sao-paulo,wec-2014,wec-2014-lmgte-pro,wec-2014-lmgte-pro-97,97,aston-martin-racing,aston-martin,aston-martin-vantage-v8,true
wec-2014-r8-sao-paulo-92,wec-2014-r8-sao-paulo,wec-2014,wec-2014-lmgte-pro,wec-2014-lmgte-pro-92,92,porsche-team-manthey,porsche,porsche-911-rsr,true
wec-2014-r8-sao-paulo-71,wec-2014-r8-sao-paulo,wec-2014,wec-2014-lmgte-pro,wec-2014-lmgte-pro-71,71,af-corse,ferrari,ferrari-f458-italia,true
wec-2014-r8-sao-paulo-51,wec-2014-r8-sao-paulo,wec-2014,wec-2014-lmgte-pro,wec-2014-lmgte-pro-51,51,af-corse,ferrari,ferrari-f458-italia,true
wec-2014-r8-sao-paulo-99,wec-2014-r8-sao-paulo,wec-2014,wec-2014-lmgte-pro,wec-2014-lmgte-pro-99,99,aston-martin-racing,aston-martin,aston-martin-vantage-v8,true
wec-2014-r8-sao-paulo-91,wec-2014-r8-sao-paulo,wec-2014,wec-2014-lmgte-pro,wec-2014-lmgte-pro-91,91,porsche-team-manthey,porsche,porsche-911-rsr,true
wec-2014-r8-sao-paulo-98,wec-2014-r8-sao-paulo,wec-2014,wec-2014-lmgte-am,wec-2014-lmgte-am-98,98,aston-martin-racing,aston-martin,aston-martin-vantage-v8,true
wec-2014-r8-sao-paulo-95,wec-2014-r8-sao-paulo,wec-2014,wec-2014-lmgte-am,wec-2014-lmgte-am-95,95,aston-martin-racing,aston-martin,aston-martin-vantage-v8,true
wec-2014-r8-sao-paulo-81,wec-2014-r8-sao-paulo,wec-2014,wec-2014-lmgte-am,wec-2014-lmgte-am-81,81,af-corse,ferrari,ferrari-f458-italia,true
wec-2014-r8-sao-paulo-88,wec-2014-r8-sao-paulo,wec-2014,wec-2014-lmgte-am,wec-2014-lmgte-am-88,88,proton-competition,porsche,porsche-911-rsr,true
wec-2014-r8-sao-paulo-75,wec-2014-r8-sao-paulo,wec-2014,wec-2014-lmgte-am,wec-2014-lmgte-am-75,75,prospeed-competition,porsche,porsche-911-rsr,true
wec-2014-r8-sao-paulo-13,wec-2014-r8-sao-paulo,wec-2014,wec-2014-lmp1,wec-2014-lmp1-13,13,rebellion-racing,rebellion,rebellion-r-one-toyota,true
wec-2014-r8-sao-paulo-12,wec-2014-r8-sao-paulo,wec-2014,wec-2014-lmp1,wec-2014-lmp1-12,12,rebellion-racing,rebellion,rebellion-r-one-toyota,true
wec-2014-r8-sao-paulo-27,wec-2014-r8-sao-paulo,wec-2014,wec-2014-lmp2,wec-2014-lmp2-27,27,smp-racing,oreca,oreca-03r-nissan,true
wec-2014-r8-sao-paulo-61,wec-2014-r8-sao-paulo,wec-2014,wec-2014-lmgte-am,wec-2014-lmgte-am-61,61,af-corse,ferrari,ferrari-f458-italia,true
wec-2014-r8-sao-paulo-20,wec-2014-r8-sao-paulo,wec-2014,wec-2014-lmp1,wec-2014-lmp1-20,20,porsche-team,porsche,porsche-919-hybrid,true
wec-2014-r8-sao-paulo-90,wec-2014-r8-sao-paulo,wec-2014,wec-2014-lmgte-am,wec-2014-lmgte-am-90,90,8-star-motorsports,ferrari,ferrari-f458-italia,true
wec-2014-r8-sao-paulo-37,wec-2014-r8-sao-paulo,wec-2014,wec-2014-lmp2,wec-2014-lmp2-37,37,smp-racing,oreca,oreca-03r-nissan,true
wec-2014-r8-sao-paulo-9,wec-2014-r8-sao-paulo,wec-2014,wec-2014-lmp1,wec-2014-lmp1-9,9,lotus,clm,clm-p1-01-aer,true
wec-2014-r8-sao-paulo-26,wec-2014-r8-sao-paulo,wec-2014,wec-2014-lmp2,wec-2014-lmp2-26,26,g-drive-racing,ligier,ligier-js-p2-nissan,true
wec-2015-r1-silverstone-7,wec-2015-r1-silverstone,wec-2015,wec-2015-lmp1,wec-2015-lmp1-7,7,audi-sport-team-joest,audi,audi-r18-e-tron-quattro,true
wec-2015-r1-silverstone-18,wec-2015-r1-silverstone,wec-2015,wec-2015-lmp1,wec-2015-lmp1-18,18,porsche-team,porsche,porsche-919-hybrid,true
wec-2015-r1-silverstone-1,wec-2015-r1-silverstone,wec-2015,wec-2015-lmp1,wec-2015-lmp1-1,1,toyota-racing,toyota,toyota-ts-040-hybrid,true
wec-2015-r1-silverstone-2,wec-2015-r1-silverstone,wec-2015,wec-2015-lmp1,wec-2015-lmp1-2,2,toyota-racing,toyota,toyota-ts-040-hybrid,true
wec-2015-r1-silverstone-8,wec-2015-r1-silverstone,wec-2015,wec-2015-lmp1,wec-2015-lmp1-8,8,audi-sport-team-joest,audi,audi-r18-e-tron-quattro,true
wec-2015-r1-silverstone-26,wec-2015-r1-silverstone,wec-2015,wec-2015-lmp2,wec-2015-lmp2-26,26,g-drive-racing,ligier,ligier-js-p2-nissan,true
wec-2015-r1-silverstone-28,wec-2015-r1-silverstone,wec-2015,wec-2015-lmp2,wec-2015-lmp2-28,28,g-drive-racing,ligier,ligier-js-p2-nissan,true
wec-2015-r1-silverstone-42,wec-2015-r1-silverstone,wec-2015,wec-2015-lmp2,wec-2015-lmp2-42,42,strakka-racing,dome,dome-s103-nissan,true
wec-2015-r1-silverstone-51,wec-2015-r1-silverstone,wec-2015,wec-2015-lmgte-pro,wec-2015-lmgte-pro-51,51,af-corse,ferrari,ferrari-f458-italia,true
wec-2015-r1-silverstone-91,wec-2015-r1-silverstone,wec-2015,wec-2015-lmgte-pro,wec-2015-lmgte-pro-91,91,porsche-team-manthey,porsche,porsche-911-rsr,true
wec-2015-r1-silverstone-71,wec-2015-r1-silverstone,wec-2015,wec-2015-lmgte-pro,wec-2015-lmgte-pro-71,71,af-corse,ferrari,ferrari-f458-italia,true
wec-2015-r1-silverstone-95,wec-2015-r1-silverstone,wec-2015,wec-2015-lmgte-pro,wec-2015-lmgte-pro-95,95,aston-martin-racing,aston-martin,aston-martin-vantage-v8,true
wec-2015-r1-silverstone-97,wec-2015-r1-silverstone,wec-2015,wec-2015-lmgte-pro,wec-2015-lmgte-pro-97,97,aston-martin-racing,aston-martin,aston-martin-vantage-v8,true
wec-2015-r1-silverstone-99,wec-2015-r1-silverstone,wec-2015,wec-2015-lmgte-pro,wec-2015-lmgte-pro-99,99,aston-martin-racing-v8,aston-martin,aston-martin-vantage-v8,true
wec-2015-r1-silverstone-92,wec-2015-r1-silverstone,wec-2015,wec-2015-lmgte-pro,wec-2015-lmgte-pro-92,92,porsche-team-manthey,porsche,porsche-911-rsr,true
wec-2015-r1-silverstone-98,wec-2015-r1-silverstone,wec-2015,wec-2015-lmgte-am,wec-2015-lmgte-am-98,98,aston-martin-racing,aston-martin,aston-martin-vantage-v8,true
wec-2015-r1-silverstone-83,wec-2015-r1-silverstone,wec-2015,wec-2015-lmgte-am,wec-2015-lmgte-am-83,83,af-corse,ferrari,ferrari-f458-italia,true
wec-2015-r1-silverstone-72,wec-2015-r1-silverstone,wec-2015,wec-2015-lmgte-am,wec-2015-lmgte-am-72,72,smp-racing,ferrari,ferrari-f458-italia,true
wec-2015-r1-silverstone-47,wec-2015-r1-silverstone,wec-2015,wec-2015-lmp2,wec-2015-lmp2-47,47,kcmg,oreca,oreca-05-nissan,true
wec-2015-r1-silverstone-96,wec-2015-r1-silverstone,wec-2015,wec-2015-lmgte-am,wec-2015-lmgte-am-96,96,aston-martin-racing,aston-martin,aston-martin-vantage-v8,true
wec-2015-r1-silverstone-88,wec-2015-r1-silverstone,wec-2015,wec-2015-lmgte-am,wec-2015-lmgte-am-88,88,abu-dhabi-proton-racing,porsche,porsche-911-rsr,true
wec-2015-r1-silverstone-35,wec-2015-r1-silverstone,wec-2015,wec-2015-lmp2,wec-2015-lmp2-35,35,oak-racing,ligier,ligier-js-p2-nissan,true
wec-2015-r1-silverstone-77,wec-2015-r1-silverstone,wec-2015,wec-2015-lmgte-am,wec-2015-lmgte-am-77,77,dempsey-racing-proton,porsche,porsche-911-rsr,true
wec-2015-r1-silverstone-31,wec-2015-r1-silverstone,wec-2015,wec-2015-lmp2,wec-2015-lmp2-31,31,extreme-speed-motorsports,hpd,hpd-arx-03b-hpd,true
wec-2015-r1-silverstone-50,wec-2015-r1-silverstone,wec-2015,wec-2015-lmgte-am,wec-2015-lmgte-am-50,50,larbre-competition,chevrolet,chevrolet-corvette-c7,true
wec-2015-r1-silverstone-4,wec-2015-r1-silverstone,wec-2015,wec-2015-lmp1,wec-2015-lmp1-4,4,team-bykolles,clm,clm-p1-01-aer,true
wec-2015-r1-silverstone-17,wec-2015-r1-silverstone,wec-2015,wec-2015-lmp1,wec-2015-lmp1-17,17,porsche-team,porsche,porsche-919-hybrid,true
wec-2015-r1-silverstone-36,wec-2015-r1-silverstone,wec-2015,wec-2015-lmp2,wec-2015-lmp2-36,36,signatech-alpine,alpine,alpine-a450b-nissan,true
wec-2015-r1-silverstone-30,wec-2015-r1-silverstone,wec-2015,wec-2015-lmp2,wec-2015-lmp2-30,30,extreme-speed-motorsports,hpd,hpd-arx-03b-hpd,true
wec-2015-r2-spa-7,wec-2015-r2-spa,wec-2015,wec-2015-lmp1,wec-2015-lmp1-7,7,audi-sport-team-joest,audi,audi-r18-e-tron-quattro,true
wec-2015-r2-spa-18,wec-2015-r2-spa,wec-2015,wec-2015-lmp1,wec-2015-lmp1-18,18,porsche-team,porsche,porsche-919-hybrid,true
wec-2015-r2-spa-17,wec-2015-r2-spa,wec-2015,wec-2015-lmp1,wec-2015-lmp1-17,17,porsche-team,porsche,porsche-919-hybrid,true
wec-2015-r2-spa-9,wec-2015-r2-spa,wec-2015,wec-2015-lmp1,wec-2015-lmp1-9,9,audi-sport-team-joest,audi,audi-r18-e-tron-quattro,true
wec-2015-r2-spa-2,wec-2015-r2-spa,wec-2015,wec-2015-lmp1,wec-2015-lmp1-2,2,toyota-racing,toyota,toyota-ts-040-hybrid,true
wec-2015-r2-spa-19,wec-2015-r2-spa,wec-2015,wec-2015-lmp1,wec-2015-lmp1-19,19,porsche-team,porsche,porsche-919-hybrid,true
wec-2015-r2-spa-8,wec-2015-r2-spa,wec-2015,wec-2015-lmp1,wec-2015-lmp1-8,8,audi-sport-team-joest,audi,audi-r18-e-tron-quattro,true
wec-2015-r2-spa-1,wec-2015-r2-spa,wec-2015,wec-2015-lmp1,wec-2015-lmp1-1,1,toyota-racing,toyota,toyota-ts-040-hybrid,true
wec-2015-r2-spa-38,wec-2015-r2-spa,wec-2015,wec-2015-lmp2,wec-2015-lmp2-38,38,jota-sport,gibson,gibson-015s-nissan,true
wec-2015-r2-spa-28,wec-2015-r2-spa,wec-2015,wec-2015-lmp2,wec-2015-lmp2-28,28,g-drive-racing,ligier,ligier-js-p2-nissan,true
wec-2015-r2-spa-43,wec-2015-r2-spa,wec-2015,wec-2015-lmp2,wec-2015-lmp2-43,43,team-sard-morand,morgan,morgan-evo-sard,true
wec-2015-r2-spa-47,wec-2015-r2-spa,wec-2015,wec-2015-lmp2,wec-2015-lmp2-47,47,kcmg,oreca,oreca-05-nissan,true
wec-2015-r2-spa-36,wec-2015-r2-spa,wec-2015,wec-2015-lmp2,wec-2015-lmp2-36,36,signatech-alpine,alpine,alpine-a450b-nissan,true
wec-2015-r2-spa-42,wec-2015-r2-spa,wec-2015,wec-2015-lmp2,wec-2015-lmp2-42,42,strakka-racing,strakka,strakka-dome-s103-nissan,true
wec-2015-r2-spa-35,wec-2015-r2-spa,wec-2015,wec-2015-lmp2,wec-2015-lmp2-35,35,oak-racing,ligier,ligier-js-p2-nissan,true
wec-2015-r2-spa-99,wec-2015-r2-spa,wec-2015,wec-2015-lmgte-pro,wec-2015-lmgte-pro-99,99,aston-martin-racing-v8,aston-martin,aston-martin-vantage-v8,true
wec-2015-r2-spa-92,wec-2015-r2-spa,wec-2015,wec-2015-lmgte-pro,wec-2015-lmgte-pro-92,92,porsche-team-manthey,porsche,porsche-911-rsr,true
wec-2015-r2-spa-91,wec-2015-r2-spa,wec-2015,wec-2015-lmgte-pro,wec-2015-lmgte-pro-91,91,porsche-team-manthey,porsche,porsche-911-rsr,true
wec-2015-r2-spa-51,wec-2015-r2-spa,wec-2015,wec-2015-lmgte-pro,wec-2015-lmgte-pro-51,51,af-corse,ferrari,ferrari-f458-italia,true
wec-2015-r2-spa-97,wec-2015-r2-spa,wec-2015,wec-2015-lmgte-pro,wec-2015-lmgte-pro-97,97,aston-martin-racing,aston-martin,aston-martin-vantage-v8,true
wec-2015-r2-spa-95,wec-2015-r2-spa,wec-2015,wec-2015-lmgte-pro,wec-2015-lmgte-pro-95,95,aston-martin-racing,aston-martin,aston-martin-vantage-v8,true
wec-2015-r2-spa-71,wec-2015-r2-spa,wec-2015,wec-2015-lmgte-pro,wec-2015-lmgte-pro-71,71,af-corse,ferrari,ferrari-f458-italia,true
wec-2015-r2-spa-31,wec-2015-r2-spa,wec-2015,wec-2015-lmp2,wec-2015-lmp2-31,31,extreme-speed-motorsports,ligier,ligier-js-p2-hpd,true
wec-2015-r2-spa-98,wec-2015-r2-spa,wec-2015,wec-2015-lmgte-am,wec-2015-lmgte-am-98,98,aston-martin-racing,aston-martin,aston-martin-vantage-v8,true
wec-2015-r2-spa-83,wec-2015-r2-spa,wec-2015,wec-2015-lmgte-am,wec-2015-lmgte-am-83,83,af-corse,ferrari,ferrari-f458-italia,true
wec-2015-r2-spa-72,wec-2015-r2-spa,wec-2015,wec-2015-lmgte-am,wec-2015-lmgte-am-72,72,smp-racing,ferrari,ferrari-f458-italia,true
wec-2015-r2-spa-88,wec-2015-r2-spa,wec-2015,wec-2015-lmgte-am,wec-2015-lmgte-am-88,88,abu-dhabi-proton-racing,porsche,porsche-911-rsr,true
wec-2015-r2-spa-77,wec-2015-r2-spa,wec-2015,wec-2015-lmgte-am,wec-2015-lmgte-am-77,77,dempsey-proton-racing,porsche,porsche-911-rsr,true
wec-2015-r2-spa-96,wec-2015-r2-spa,wec-2015,wec-2015-lmgte-am,wec-2015-lmgte-am-96,96,aston-martin-racing,aston-martin,aston-martin-vantage-v8,true
wec-2015-r2-spa-30,wec-2015-r2-spa,wec-2015,wec-2015-lmp2,wec-2015-lmp2-30,30,extreme-speed-motorsports,ligier,ligier-js-p2-hpd,true
wec-2015-r2-spa-26,wec-2015-r2-spa,wec-2015,wec-2015-lmp2,wec-2015-lmp2-26,26,g-drive-racing,ligier,ligier-js-p2-nissan,true
wec-2015-r2-spa-55,wec-2015-r2-spa,wec-2015,wec-2015-lmgte-am,wec-2015-lmgte-am-55,55,af-corse,ferrari,ferrari-f458-italia,true
wec-2015-r2-spa-50,wec-2015-r2-spa,wec-2015,wec-2015-lmgte-am,wec-2015-lmgte-am-50,50,larbre-competition,chevrolet,chevrolet-corvette-c7,true
wec-2015-r2-spa-4,wec-2015-r2-spa,wec-2015,wec-2015-lmp1,wec-2015-lmp1-4,4,team-bykolles,clm,clm-p1-01-aer,true
wec-2015-r3-le-mans-19,wec-2015-r3-le-mans,wec-2015,wec-2015-lmp1,wec-2015-lmp1-19,19,porsche-team,porsche,porsche-919-hybrid,true
wec-2015-r3-le-mans-17,wec-2015-r3-le-mans,wec-2015,wec-2015-lmp1,wec-2015-lmp1-17,17,porsche-team,porsche,porsche-919-hybrid,true
wec-2015-r3-le-mans-7,wec-2015-r3-le-mans,wec-2015,wec-2015-lmp1,wec-2015-lmp1-7,7,audi-sport-team-joest,audi,audi-r18-e-tron-quattro,true
wec-2015-r3-le-mans-8,wec-2015-r3-le-mans,wec-2015,wec-2015-lmp1,wec-2015-lmp1-8,8,audi-sport-team-joest,audi,audi-r18-e-tron-quattro,true
wec-2015-r3-le-mans-18,wec-2015-r3-le-mans,wec-2015,wec-2015-lmp1,wec-2015-lmp1-18,18,porsche-team,porsche,porsche-919-hybrid,true
wec-2015-r3-le-mans-2,wec-2015-r3-le-mans,wec-2015,wec-2015-lmp1,wec-2015-lmp1-2,2,toyota-racing,toyota,toyota-ts-040-hybrid,true
wec-2015-r3-le-mans-9,wec-2015-r3-le-mans,wec-2015,wec-2015-lmp1,wec-2015-lmp1-9,9,audi-sport-team-joest,audi,audi-r18-e-tron-quattro,true
wec-2015-r3-le-mans-1,wec-2015-r3-le-mans,wec-2015,wec-2015-lmp1,wec-2015-lmp1-1,1,toyota-racing,toyota,toyota-ts-040-hybrid,true
wec-2015-r3-le-mans-47,wec-2015-r3-le-mans,wec-2015,wec-2015-lmp2,wec-2015-lmp2-47,47,kcmg,oreca,oreca-05-nissan,true
wec-2015-r3-le-mans-38,wec-2015-r3-le-mans,wec-2015,wec-2015-lmp2,wec-2015-lmp2-38,38,jota-sport,gibson,gibson-015s-nissan,true
wec-2015-r3-le-mans-26,wec-2015-r3-le-mans,wec-2015,wec-2015-lmp2,wec-2015-lmp2-26,26,g-drive-racing,ligier,ligier-js-p2-nissan,true
wec-2015-r3-le-mans-28,wec-2015-r3-le-mans,wec-2015,wec-2015-lmp2,wec-2015-lmp2-28,28,g-drive-racing,ligier,ligier-js-p2-nissan,true
wec-2015-r3-le-mans-48,wec-2015-r3-le-mans,wec-2015,wec-2015-lmp2,wec-2015-lmp2-48,48,murphy-prototypes,oreca,oreca-03r-nissan,true
wec-2015-r3-le-mans-27,wec-2015-r3-le-mans,wec-2015,wec-2015-lmp2,wec-2015-lmp2-27,27,smp-racing,br01,br01-nissan,true
wec-2015-r3-le-mans-31,wec-2015-r3-le-mans,wec-2015,wec-2015-lmp2,wec-2015-lmp2-31,31,extreme-speed-motorsports,ligier,ligier-js-p2-hpd,true
wec-2015-r3-le-mans-45,wec-2015-r3-le-mans,wec-2015,wec-2015-lmp2,wec-2015-lmp2-45,45,ibanez-racing,oreca,oreca-03r-nissan,true
wec-2015-r3-le-mans-64,wec-2015-r3-le-mans,wec-2015,wec-2015-lmgte-pro,wec-2015-lmgte-pro-64,64,corvette-racing-gm,chevrolet,chevrolet-corvette-c7r,true
wec-2015-r3-le-mans-13,wec-2015-r3-le-mans,wec-2015,wec-2015-lmp1,wec-2015-lmp1-13,13,rebellion-racing,rebellion,rebellion-r-one-aer,true
wec-2015-r3-le-mans-29,wec-2015-r3-le-mans,wec-2015,wec-2015-lmp2,wec-2015-lmp2-29,29,pegasus-racing,morgan,morgan-nissan,true
wec-2015-r3-le-mans-72,wec-2015-r3-le-mans,wec-2015,wec-2015-lmgte-am,wec-2015-lmgte-am-72,72,smp-racing,ferrari,ferrari-458-italia,true
wec-2015-r3-le-mans-71,wec-2015-r3-le-mans,wec-2015,wec-2015-lmgte-pro,wec-2015-lmgte-pro-71,71,af-corse,ferrari,ferrari-458-italia,true
wec-2015-r3-le-mans-77,wec-2015-r3-le-mans,wec-2015,wec-2015-lmgte-am,wec-2015-lmgte-am-77,77,dempsey-proton-racing,porsche,porsche-911-rsr,true
wec-2015-r3-le-mans-12,wec-2015-r3-le-mans,wec-2015,wec-2015-lmp1,wec-2015-lmp1-12,12,rebellion-racing,rebellion,rebellion-r-one-aer,true
wec-2015-r3-le-mans-62,wec-2015-r3-le-mans,wec-2015,wec-2015-lmgte-am,wec-2015-lmgte-am-62,62,scuderia-corsa,ferrari,ferrari-458-italia,true
wec-2015-r3-le-mans-51,wec-2015-r3-le-mans,wec-2015,wec-2015-lmgte-pro,wec-2015-lmgte-pro-51,51,af-corse,ferrari,ferrari-458-italia,true
wec-2015-r3-le-mans-83,wec-2015-r3-le-mans,wec-2015,wec-2015-lmgte-am,wec-2015-lmgte-am-83,83,af-corse,ferrari,ferrari-458-italia,true
wec-2015-r3-le-mans-95,wec-2015-r3-le-mans,wec-2015,wec-2015-lmgte-pro,wec-2015-lmgte-pro-95,95,aston-martin-racing,aston-martin,aston-martin-vantage-v8,true
wec-2015-r3-le-mans-30,wec-2015-r3-le-mans,wec-2015,wec-2015-lmp2,wec-2015-lmp2-30,30,extreme-speed-motorsports,ligier,ligier-js-p2-hpd,true
wec-2015-r3-le-mans-35,wec-2015-r3-le-mans,wec-2015,wec-2015-lmp2,wec-2015-lmp2-35,35,oak-racing,ligier,ligier-js-p2-nissan,true
wec-2015-r3-le-mans-91,wec-2015-r3-le-mans,wec-2015,wec-2015-lmgte-pro,wec-2015-lmgte-pro-91,91,porsche-team-manthey,porsche,porsche-911-rsr,true
wec-2015-r3-le-mans-61,wec-2015-r3-le-mans,wec-2015,wec-2015-lmgte-am,wec-2015-lmgte-am-61,61,af-corse,ferrari,ferrari-458-italia,true
wec-2015-r3-le-mans-40,wec-2015-r3-le-mans,wec-2015,wec-2015-lmp2,wec-2015-lmp2-40,40,krohn-racing,ligier,ligier-js-p2-judd,true
wec-2015-r3-le-mans-37,wec-2015-r3-le-mans,wec-2015,wec-2015-lmp2,wec-2015-lmp2-37,37,smp-racing,br01,br01-nissan,true
wec-2015-r3-le-mans-99,wec-2015-r3-le-mans,wec-2015,wec-2015-lmgte-pro,wec-2015-lmgte-pro-99,99,aston-martin-racing-v8,aston-martin,aston-martin-vantage-v8,true
wec-2015-r3-le-mans-68,wec-2015-r3-le-mans,wec-2015,wec-2015-lmgte-am,wec-2015-lmgte-am-68,68,team-aai,porsche,porsche-911-rsr,true
wec-2015-r3-le-mans-66,wec-2015-r3-le-mans,wec-2015,wec-2015-lmgte-am,wec-2015-lmgte-am-66,66,jmw-motorsport,ferrari,ferrari-458-italia,true
wec-2015-r3-le-mans-67,wec-2015-r3-le-mans,wec-2015,wec-2015-lmgte-am,wec-2015-lmgte-am-67,67,team-aai,porsche,porsche-911-gt3-rsr-997,true
wec-2015-r3-le-mans-98,wec-2015-r3-le-mans,wec-2015,wec-2015-lmgte-am,wec-2015-lmgte-am-98,98,aston-martin-racing,aston-martin,aston-martin-vantage-v8,true
wec-2015-r3-le-mans-22,wec-2015-r3-le-mans,wec-2015,wec-2015-lmp1,wec-2015-lmp1-22,22,nissan-motorsports,nissan,nissan-gt-r-lm-nismo,true
wec-2015-r3-le-mans-34,wec-2015-r3-le-mans,wec-2015,wec-2015-lmp2,wec-2015-lmp2-34,34,oak-racing,ligier,ligier-js-p2-hpd,true
wec-2015-r3-le-mans-53,wec-2015-r3-le-mans,wec-2015,wec-2015-lmgte-am,wec-2015-lmgte-am-53,53,riley-motorsports-ti-auto,srt,srt-viper-gts-r,true
wec-2015-r3-le-mans-42,wec-2015-r3-le-mans,wec-2015,wec-2015-lmp2,wec-2015-lmp2-42,42,strakka-racing,dome,dome-s103-nissan,true
wec-2015-r3-le-mans-55,wec-2015-r3-le-mans,wec-2015,wec-2015-lmgte-am,wec-2015-lmgte-am-55,55,af-corse,ferrari,ferrari-458-italia,true
wec-2015-r3-le-mans-23,wec-2015-r3-le-mans,wec-2015,wec-2015-lmp1,wec-2015-lmp1-23,23,nissan-motorsports,nissan,nissan-gt-r-lm-nismo,true
wec-2015-r3-le-mans-46,wec-2015-r3-le-mans,wec-2015,wec-2015-lmp2,wec-2015-lmp2-46,46,thiriet-by-tds-racing,oreca,oreca-05-nissan,true
wec-2015-r3-le-mans-96,wec-2015-r3-le-mans,wec-2015,wec-2015-lmgte-am,wec-2015-lmgte-am-96,96,aston-martin-racing,aston-martin,aston-martin-vantage-v8,true
wec-2015-r3-le-mans-43,wec-2015-r3-le-mans,wec-2015,wec-2015-lmp2,wec-2015-lmp2-43,43,team-sard-morand,morgan,morgan-evo-sard,true
wec-2015-r3-le-mans-21,wec-2015-r3-le-mans,wec-2015,wec-2015-lmp1,wec-2015-lmp1-21,21,nissan-motorsports,nissan,nissan-gt-r-lm-nismo,true
wec-2015-r3-le-mans-36,wec-2015-r3-le-mans,wec-2015,wec-2015-lmp2,wec-2015-lmp2-36,36,signatech-alpine,alpine,alpine-a450b-nissan,true
wec-2015-r3-le-mans-97,wec-2015-r3-le-mans,wec-2015,wec-2015-lmgte-pro,wec-2015-lmgte-pro-97,97,aston-martin-racing,aston-martin,aston-martin-vantage-v8,true
wec-2015-r3-le-mans-50,wec-2015-r3-le-mans,wec-2015,wec-2015-lmgte-am,wec-2015-lmgte-am-50,50,larbre-competition,chevrolet,chevrolet-corvette-c7r,true
wec-2015-r3-le-mans-41,wec-2015-r3-le-mans,wec-2015,wec-2015-lmp2,wec-2015-lmp2-41,41,greaves-motorsport,gibson,gibson-015s-nissan,true
wec-2015-r3-le-mans-88,wec-2015-r3-le-mans,wec-2015,wec-2015-lmgte-am,wec-2015-lmgte-am-88,88,abu-dhabi-proton-racing,porsche,porsche-911-rsr,true
wec-2015-r3-le-mans-92,wec-2015-r3-le-mans,wec-2015,wec-2015-lmgte-pro,wec-2015-lmgte-pro-92,92,porsche-team-manthey,porsche,porsche-911-rsr,true
wec-2015-r3-le-mans-4,wec-2015-r3-le-mans,wec-2015,wec-2015-lmp1,wec-2015-lmp1-4,4,team-bykolles,clm,clm-p1-01-aer,true
wec-2015-r3-le-mans-63,wec-2015-r3-le-mans,wec-2015,wec-2015-lmgte-pro,wec-2015-lmgte-pro-63,63,corvette-racing-gm,chevrolet,chevrolet-corvette-c7r,true
wec-2015-r4-nurburgring-17,wec-2015-r4-nurburgring,wec-2015,wec-2015-lmp1,wec-2015-lmp1-17,17,porsche-team,porsche,porsche-919-hybrid,true
wec-2015-r4-nurburgring-18,wec-2015-r4-nurburgring,wec-2015,wec-2015-lmp1,wec-2015-lmp1-18,18,porsche-team,porsche,porsche-919-hybrid,true
wec-2015-r4-nurburgring-7,wec-2015-r4-nurburgring,wec-2015,wec-2015-lmp1,wec-2015-lmp1-7,7,audi-sport-team-joest,audi,audi-r18-e-tron-quattro,true
wec-2015-r4-nurburgring-8,wec-2015-r4-nurburgring,wec-2015,wec-2015-lmp1,wec-2015-lmp1-8,8,audi-sport-team-joest,audi,audi-r18-e-tron-quattro,true
wec-2015-r4-nurburgring-1,wec-2015-r4-nurburgring,wec-2015,wec-2015-lmp1,wec-2015-lmp1-1,1,toyota-racing,toyota,toyota-ts-040-hybrid,true
wec-2015-r4-nurburgring-2,wec-2015-r4-nurburgring,wec-2015,wec-2015-lmp1,wec-2015-lmp1-2,2,toyota-racing,toyota,toyota-ts-040-hybrid,true
wec-2015-r4-nurburgring-47,wec-2015-r4-nurburgring,wec-2015,wec-2015-lmp2,wec-2015-lmp2-47,47,kcmg,oreca,oreca-05-nissan,true
wec-2015-r4-nurburgring-26,wec-2015-r4-nurburgring,wec-2015,wec-2015-lmp2,wec-2015-lmp2-26,26,g-drive-racing,ligier,ligier-js-p2-nissan,true
wec-2015-r4-nurburgring-28,wec-2015-r4-nurburgring,wec-2015,wec-2015-lmp2,wec-2015-lmp2-28,28,g-drive-racing,ligier,ligier-js-p2-nissan,true
wec-2015-r4-nurburgring-43,wec-2015-r4-nurburgring,wec-2015,wec-2015-lmp2,wec-2015-lmp2-43,43,team-sard-morand,morgan,morgan-evo-sard,true
wec-2015-r4-nurburgring-36,wec-2015-r4-nurburgring,wec-2015,wec-2015-lmp2,wec-2015-lmp2-36,36,signatech-alpine,alpine,alpine-a450b-nissan,true
wec-2015-r4-nurburgring-30,wec-2015-r4-nurburgring,wec-2015,wec-2015-lmp2,wec-2015-lmp2-30,30,extreme-speed-motorsports,ligier,ligier-js-p2-hpd,true
wec-2015-r4-nurburgring-42,wec-2015-r4-nurburgring,wec-2015,wec-2015-lmp2,wec-2015-lmp2-42,42,strakka-racing,gibson,gibson-015s-nissan,true
wec-2015-r4-nurburgring-31,wec-2015-r4-nurburgring,wec-2015,wec-2015-lmp2,wec-2015-lmp2-31,31,extreme-speed-motorsports,ligier,ligier-js-p2-hpd,true
wec-2015-r4-nurburgring-91,wec-2015-r4-nurburgring,wec-2015,wec-2015-lmgte-pro,wec-2015-lmgte-pro-91,91,porsche-team-manthey,porsche,porsche-911-rsr,true
wec-2015-r4-nurburgring-92,wec-2015-r4-nurburgring,wec-2015,wec-2015-lmgte-pro,wec-2015-lmgte-pro-92,92,porsche-team-manthey,porsche,porsche-911-rsr,true
wec-2015-r4-nurburgring-71,wec-2015-r4-nurburgring,wec-2015,wec-2015-lmgte-pro,wec-2015-lmgte-pro-71,71,af-corse,ferrari,ferrari-f458-italia,true
wec-2015-r4-nurburgring-4,wec-2015-r4-nurburgring,wec-2015,wec-2015-lmp1,wec-2015-lmp1-4,4,team-bykolles,clm,clm-p1-01-aer,true
wec-2015-r4-nurburgring-95,wec-2015-r4-nurburgring,wec-2015,wec-2015-lmgte-pro,wec-2015-lmgte-pro-95,95,aston-martin-racing,aston-martin,aston-martin-vantage-v8,true
wec-2015-r4-nurburgring-99,wec-2015-r4-nurburgring,wec-2015,wec-2015-lmgte-pro,wec-2015-lmgte-pro-99,99,aston-martin-racing-v8,aston-martin,aston-martin-vantage-v8,true
wec-2015-r4-nurburgring-97,wec-2015-r4-nurburgring,wec-2015,wec-2015-lmgte-pro,wec-2015-lmgte-pro-97,97,aston-martin-racing,aston-martin,aston-martin-vantage-v8,true
wec-2015-r4-nurburgring-12,wec-2015-r4-nurburgring,wec-2015,wec-2015-lmp1,wec-2015-lmp1-12,12,rebellion-racing,rebellion,rebellion-r-one-aer,true
wec-2015-r4-nurburgring-72,wec-2015-r4-nurburgring,wec-2015,wec-2015-lmgte-am,wec-2015-lmgte-am-72,72,smp-racing,ferrari,ferrari-f458-italia,true
wec-2015-r4-nurburgring-98,wec-2015-r4-nurburgring,wec-2015,wec-2015-lmgte-am,wec-2015-lmgte-am-98,98,aston-martin-racing,aston-martin,aston-martin-vantage-v8,true
wec-2015-r4-nurburgring-83,wec-2015-r4-nurburgring,wec-2015,wec-2015-lmgte-am,wec-2015-lmgte-am-83,83,af-corse,ferrari,ferrari-f458-italia,true
wec-2015-r4-nurburgring-77,wec-2015-r4-nurburgring,wec-2015,wec-2015-lmgte-am,wec-2015-lmgte-am-77,77,dempsey-proton-racing,porsche,porsche-911-rsr,true
wec-2015-r4-nurburgring-50,wec-2015-r4-nurburgring,wec-2015,wec-2015-lmgte-am,wec-2015-lmgte-am-50,50,larbre-competition,chevrolet,chevrolet-corvette-c7,true
wec-2015-r4-nurburgring-88,wec-2015-r4-nurburgring,wec-2015,wec-2015-lmgte-am,wec-2015-lmgte-am-88,88,abu-dhabi-proton-racing,porsche,porsche-911-rsr,true
wec-2015-r4-nurburgring-96,wec-2015-r4-nurburgring,wec-2015,wec-2015-lmgte-am,wec-2015-lmgte-am-96,96,aston-martin-racing,aston-martin,aston-martin-vantage-v8,true
wec-2015-r4-nurburgring-51,wec-2015-r4-nurburgring,wec-2015,wec-2015-lmgte-pro,wec-2015-lmgte-pro-51,51,af-corse,ferrari,ferrari-f458-italia,true
wec-2015-r4-nurburgring-13,wec-2015-r4-nurburgring,wec-2015,wec-2015-lmp1,wec-2015-lmp1-13,13,rebellion-racing,rebellion,rebellion-r-one-aer,true
wec-2015-r5-cota-17,wec-2015-r5-cota,wec-2015,wec-2015-lmp1,wec-2015-lmp1-17,17,porsche-team,porsche,porsche-919-hybrid,true
wec-2015-r5-cota-7,wec-2015-r5-cota,wec-2015,wec-2015-lmp1,wec-2015-lmp1-7,7,audi-sport-team-joest,audi,audi-r18-e-tron-quattro,true
wec-2015-r5-cota-8,wec-2015-r5-cota,wec-2015,wec-2015-lmp1,wec-2015-lmp1-8,8,audi-sport-team-joest,audi,audi-r18-e-tron-quattro,true
wec-2015-r5-cota-1,wec-2015-r5-cota,wec-2015,wec-2015-lmp1,wec-2015-lmp1-1,1,toyota-racing,toyota,toyota-ts-040-hybrid,true
wec-2015-r5-cota-26,wec-2015-r5-cota,wec-2015,wec-2015-lmp2,wec-2015-lmp2-26,26,g-drive-racing,ligier,ligier-js-p2-nissan,true
wec-2015-r5-cota-47,wec-2015-r5-cota,wec-2015,wec-2015-lmp2,wec-2015-lmp2-47,47,kcmg,oreca,oreca-05-nissan,true
wec-2015-r5-cota-28,wec-2015-r5-cota,wec-2015,wec-2015-lmp2,wec-2015-lmp2-28,28,g-drive-racing,ligier,ligier-js-p2-nissan,true
wec-2015-r5-cota-4,wec-2015-r5-cota,wec-2015,wec-2015-lmp1,wec-2015-lmp1-4,4,team-bykolles,clm,clm-p1-01-aer,true
wec-2015-r5-cota-30,wec-2015-r5-cota,wec-2015,wec-2015-lmp2,wec-2015-lmp2-30,30,extreme-speed-motorsports,ligier,ligier-js-p2-hpd,true
wec-2015-r5-cota-43,wec-2015-r5-cota,wec-2015,wec-2015-lmp2,wec-2015-lmp2-43,43,team-sard-morand,morgan,morgan-evo-sard,true
wec-2015-r5-cota-36,wec-2015-r5-cota,wec-2015,wec-2015-lmp2,wec-2015-lmp2-36,36,signatech-alpine,alpine,alpine-a450b-nissan,true
wec-2015-r5-cota-18,wec-2015-r5-cota,wec-2015,wec-2015-lmp1,wec-2015-lmp1-18,18,porsche-team,porsche,porsche-919-hybrid,true
wec-2015-r5-cota-42,wec-2015-r5-cota,wec-2015,wec-2015-lmp2,wec-2015-lmp2-42,42,strakka-racing,gibson,gibson-015s-nissan,true
wec-2015-r5-cota-91,wec-2015-r5-cota,wec-2015,wec-2015-lmgte-pro,wec-2015-lmgte-pro-91,91,porsche-team-manthey,porsche,porsche-911-rsr,true
wec-2015-r5-cota-92,wec-2015-r5-cota,wec-2015,wec-2015-lmgte-pro,wec-2015-lmgte-pro-92,92,porsche-team-manthey,porsche,porsche-911-rsr,true
wec-2015-r5-cota-71,wec-2015-r5-cota,wec-2015,wec-2015-lmgte-pro,wec-2015-lmgte-pro-71,71,af-corse,ferrari,ferrari-f458-italia,true
wec-2015-r5-cota-99,wec-2015-r5-cota,wec-2015,wec-2015-lmgte-pro,wec-2015-lmgte-pro-99,99,aston-martin-racing-v8,aston-martin,aston-martin-vantage-v8,true
wec-2015-r5-cota-95,wec-2015-r5-cota,wec-2015,wec-2015-lmgte-pro,wec-2015-lmgte-pro-95,95,aston-martin-racing,aston-martin,aston-martin-vantage-v8,true
wec-2015-r5-cota-97,wec-2015-r5-cota,wec-2015,wec-2015-lmgte-pro,wec-2015-lmgte-pro-97,97,aston-martin-racing,aston-martin,aston-martin-vantage-v8,true
wec-2015-r5-cota-51,wec-2015-r5-cota,wec-2015,wec-2015-lmgte-pro,wec-2015-lmgte-pro-51,51,af-corse,ferrari,ferrari-f458-italia,true
wec-2015-r5-cota-72,wec-2015-r5-cota,wec-2015,wec-2015-lmgte-am,wec-2015-lmgte-am-72,72,smp-racing,ferrari,ferrari-f458-italia,true
wec-2015-r5-cota-88,wec-2015-r5-cota,wec-2015,wec-2015-lmgte-am,wec-2015-lmgte-am-88,88,abu-dhabi-proton-racing,porsche,porsche-911-rsr,true
wec-2015-r5-cota-83,wec-2015-r5-cota,wec-2015,wec-2015-lmgte-am,wec-2015-lmgte-am-83,83,af-corse,ferrari,ferrari-f458-italia,true
wec-2015-r5-cota-77,wec-2015-r5-cota,wec-2015,wec-2015-lmgte-am,wec-2015-lmgte-am-77,77,dempsey-proton-racing,porsche,porsche-911-rsr,true
wec-2015-r5-cota-98,wec-2015-r5-cota,wec-2015,wec-2015-lmgte-am,wec-2015-lmgte-am-98,98,aston-martin-racing,aston-martin,aston-martin-vantage-v8,true
wec-2015-r5-cota-96,wec-2015-r5-cota,wec-2015,wec-2015-lmgte-am,wec-2015-lmgte-am-96,96,aston-martin-racing,aston-martin,aston-martin-vantage-v8,true
wec-2015-r5-cota-50,wec-2015-r5-cota,wec-2015,wec-2015-lmgte-am,wec-2015-lmgte-am-50,50,larbre-competition,chevrolet,chevrolet-corvette-c7,true
wec-2015-r5-cota-13,wec-2015-r5-cota,wec-2015,wec-2015-lmp1,wec-2015-lmp1-13,13,rebellion-racing,rebellion,rebellion-r-one-aer,true
wec-2015-r5-cota-12,wec-2015-r5-cota,wec-2015,wec-2015-lmp1,wec-2015-lmp1-12,12,rebellion-racing,rebellion,rebellion-r-one-aer,true
wec-2015-r5-cota-2,wec-2015-r5-cota,wec-2015,wec-2015-lmp1,wec-2015-lmp1-2,2,toyota-racing,toyota,toyota-ts-040-hybrid,true
wec-2015-r5-cota-31,wec-2015-r5-cota,wec-2015,wec-2015-lmp2,wec-2015-lmp2-31,31,extreme-speed-motorsports,ligier,ligier-js-p2-hpd,true
wec-2015-r6-fuji-17,wec-2015-r6-fuji,wec-2015,wec-2015-lmp1,wec-2015-lmp1-17,17,porsche-team,porsche,porsche-919-hybrid,true
wec-2015-r6-fuji-18,wec-2015-r6-fuji,wec-2015,wec-2015-lmp1,wec-2015-lmp1-18,18,porsche-team,porsche,porsche-919-hybrid,true
wec-2015-r6-fuji-7,wec-2015-r6-fuji,wec-2015,wec-2015-lmp1,wec-2015-lmp1-7,7,audi-sport-team-joest,audi,audi-r18-e-tron-quattro,true
wec-2015-r6-fuji-8,wec-2015-r6-fuji,wec-2015,wec-2015-lmp1,wec-2015-lmp1-8,8,audi-sport-team-joest,audi,audi-r18-e-tron-quattro,true
wec-2015-r6-fuji-1,wec-2015-r6-fuji,wec-2015,wec-2015-lmp1,wec-2015-lmp1-1,1,toyota-racing,toyota,toyota-ts-040-hybrid,true
wec-2015-r6-fuji-2,wec-2015-r6-fuji,wec-2015,wec-2015-lmp1,wec-2015-lmp1-2,2,toyota-racing,toyota,toyota-ts-040-hybrid,true
wec-2015-r6-fuji-12,wec-2015-r6-fuji,wec-2015,wec-2015-lmp1,wec-2015-lmp1-12,12,rebellion-racing,rebellion,rebellion-r-one-aer,true
wec-2015-r6-fuji-4,wec-2015-r6-fuji,wec-2015,wec-2015-lmp1,wec-2015-lmp1-4,4,team-bykolles,clm,clm-p1-01-aer,true
wec-2015-r6-fuji-26,wec-2015-r6-fuji,wec-2015,wec-2015-lmp2,wec-2015-lmp2-26,26,g-drive-racing,ligier,ligier-js-p2-nissan,true
wec-2015-r6-fuji-36,wec-2015-r6-fuji,wec-2015,wec-2015-lmp2,wec-2015-lmp2-36,36,signatech-alpine,alpine,alpine-a450b-nissan,true
wec-2015-r6-fuji-28,wec-2015-r6-fuji,wec-2015,wec-2015-lmp2,wec-2015-lmp2-28,28,g-drive-racing,ligier,ligier-js-p2-nissan,true
wec-2015-r6-fuji-30,wec-2015-r6-fuji,wec-2015,wec-2015-lmp2,wec-2015-lmp2-30,30,extreme-speed-motorsports,ligier,ligier-js-p2-hpd,true
wec-2015-r6-fuji-51,wec-2015-r6-fuji,wec-2015,wec-2015-lmgte-pro,wec-2015-lmgte-pro-51,51,af-corse,ferrari,ferrari-f458-italia,true
wec-2015-r6-fuji-43,wec-2015-r6-fuji,wec-2015,wec-2015-lmp2,wec-2015-lmp2-43,43,team-sard-morand,morgan,morgan-evo-sard,true
wec-2015-r6-fuji-92,wec-2015-r6-fuji,wec-2015,wec-2015-lmgte-pro,wec-2015-lmgte-pro-92,92,porsche-team-manthey,porsche,porsche-911-rsr,true
wec-2015-r6-fuji-71,wec-2015-r6-fuji,wec-2015,wec-2015-lmgte-pro,wec-2015-lmgte-pro-71,71,af-corse,ferrari,ferrari-f458-italia,true
wec-2015-r6-fuji-91,wec-2015-r6-fuji,wec-2015,wec-2015-lmgte-pro,wec-2015-lmgte-pro-91,91,porsche-team-manthey,porsche,porsche-911-rsr,true
wec-2015-r6-fuji-42,wec-2015-r6-fuji,wec-2015,wec-2015-lmp2,wec-2015-lmp2-42,42,strakka-racing,gibson,gibson-015s-nissan,true
wec-2015-r6-fuji-95,wec-2015-r6-fuji,wec-2015,wec-2015-lmgte-pro,wec-2015-lmgte-pro-95,95,aston-martin-racing,aston-martin,aston-martin-vantage-v8,true
wec-2015-r6-fuji-97,wec-2015-r6-fuji,wec-2015,wec-2015-lmgte-pro,wec-2015-lmgte-pro-97,97,aston-martin-racing,aston-martin,aston-martin-vantage-v8,true
wec-2015-r6-fuji-99,wec-2015-r6-fuji,wec-2015,wec-2015-lmgte-pro,wec-2015-lmgte-pro-99,99,aston-martin-racing-v8,aston-martin,aston-martin-vantage-v8,true
wec-2015-r6-fuji-77,wec-2015-r6-fuji,wec-2015,wec-2015-lmgte-am,wec-2015-lmgte-am-77,77,dempsey-proton-racing,porsche,porsche-911-rsr,true
wec-2015-r6-fuji-98,wec-2015-r6-fuji,wec-2015,wec-2015-lmgte-am,wec-2015-lmgte-am-98,98,aston-martin-racing,aston-martin,aston-martin-vantage-v8,true
wec-2015-r6-fuji-83,wec-2015-r6-fuji,wec-2015,wec-2015-lmgte-am,wec-2015-lmgte-am-83,83,af-corse,ferrari,ferrari-f458-italia,true
wec-2015-r6-fuji-31,wec-2015-r6-fuji,wec-2015,wec-2015-lmp2,wec-2015-lmp2-31,31,extreme-speed-motorsports,ligier,ligier-js-p2-hpd,true
wec-2015-r6-fuji-50,wec-2015-r6-fuji,wec-2015,wec-2015-lmgte-am,wec-2015-lmgte-am-50,50,larbre-competition,chevrolet,chevrolet-corvette-c7,true
wec-2015-r6-fuji-88,wec-2015-r6-fuji,wec-2015,wec-2015-lmgte-am,wec-2015-lmgte-am-88,88,abu-dhabi-proton-racing,porsche,porsche-911-rsr,true
wec-2015-r6-fuji-72,wec-2015-r6-fuji,wec-2015,wec-2015-lmgte-am,wec-2015-lmgte-am-72,72,smp-racing,ferrari,ferrari-f458-italia,true
wec-2015-r6-fuji-96,wec-2015-r6-fuji,wec-2015,wec-2015-lmgte-am,wec-2015-lmgte-am-96,96,aston-martin-racing,aston-martin,aston-martin-vantage-v8,true
wec-2015-r6-fuji-13,wec-2015-r6-fuji,wec-2015,wec-2015-lmp1,wec-2015-lmp1-13,13,rebellion-racing,rebellion,rebellion-r-one-aer,true
wec-2015-r6-fuji-47,wec-2015-r6-fuji,wec-2015,wec-2015-lmp2,wec-2015-lmp2-47,47,kcmg,oreca,oreca-05-nissan,true
wec-2015-r7-shanghai-17,wec-2015-r7-shanghai,wec-2015,wec-2015-lmp1,wec-2015-lmp1-17,17,porsche-team,porsche,porsche-919-hybrid,true
wec-2015-r7-shanghai-18,wec-2015-r7-shanghai,wec-2015,wec-2015-lmp1,wec-2015-lmp1-18,18,porsche-team,porsche,porsche-919-hybrid,true
wec-2015-r7-shanghai-7,wec-2015-r7-shanghai,wec-2015,wec-2015-lmp1,wec-2015-lmp1-7,7,audi-sport-team-joest,audi,audi-r18-e-tron-quattro,true
wec-2015-r7-shanghai-8,wec-2015-r7-shanghai,wec-2015,wec-2015-lmp1,wec-2015-lmp1-8,8,audi-sport-team-joest,audi,audi-r18-e-tron-quattro,true
wec-2015-r7-shanghai-2,wec-2015-r7-shanghai,wec-2015,wec-2015-lmp1,wec-2015-lmp1-2,2,toyota-racing,toyota,toyota-ts-040-hybrid,true
wec-2015-r7-shanghai-1,wec-2015-r7-shanghai,wec-2015,wec-2015-lmp1,wec-2015-lmp1-1,1,toyota-racing,toyota,toyota-ts-040-hybrid,true
wec-2015-r7-shanghai-12,wec-2015-r7-shanghai,wec-2015,wec-2015-lmp1,wec-2015-lmp1-12,12,rebellion-racing,rebellion,rebellion-r-one-aer,true
wec-2015-r7-shanghai-4,wec-2015-r7-shanghai,wec-2015,wec-2015-lmp1,wec-2015-lmp1-4,4,team-bykolles,clm,clm-p1-01-aer,true
wec-2015-r7-shanghai-36,wec-2015-r7-shanghai,wec-2015,wec-2015-lmp2,wec-2015-lmp2-36,36,signatech-alpine,alpine,alpine-a450b-nissan,true
wec-2015-r7-shanghai-26,wec-2015-r7-shanghai,wec-2015,wec-2015-lmp2,wec-2015-lmp2-26,26,g-drive-racing,ligier,ligier-js-p2-nissan,true
wec-2015-r7-shanghai-47,wec-2015-r7-shanghai,wec-2015,wec-2015-lmp2,wec-2015-lmp2-47,47,kcmg,oreca,oreca-05-nissan,true
wec-2015-r7-shanghai-43,wec-2015-r7-shanghai,wec-2015,wec-2015-lmp2,wec-2015-lmp2-43,43,team-sard-morand,morgan,morgan-evo-sard,true
wec-2015-r7-shanghai-29,wec-2015-r7-shanghai,wec-2015,wec-2015-lmp2,wec-2015-lmp2-29,29,pegasus-racing,morgan,morgan-nissan,true
wec-2015-r7-shanghai-91,wec-2015-r7-shanghai,wec-2015,wec-2015-lmgte-pro,wec-2015-lmgte-pro-91,91,porsche-team-manthey,porsche,porsche-911-rsr,true
wec-2015-r7-shanghai-51,wec-2015-r7-shanghai,wec-2015,wec-2015-lmgte-pro,wec-2015-lmgte-pro-51,51,af-corse,ferrari,ferrari-f458-italia,true
wec-2015-r7-shanghai-92,wec-2015-r7-shanghai,wec-2015,wec-2015-lmgte-pro,wec-2015-lmgte-pro-92,92,porsche-team-manthey,porsche,porsche-911-rsr,true
wec-2015-r7-shanghai-71,wec-2015-r7-shanghai,wec-2015,wec-2015-lmgte-pro,wec-2015-lmgte-pro-71,71,af-corse,ferrari,ferrari-f458-italia,true
wec-2015-r7-shanghai-99,wec-2015-r7-shanghai,wec-2015,wec-2015-lmgte-pro,wec-2015-lmgte-pro-99,99,aston-martin-racing-v8,aston-martin,aston-martin-vantage-v8,true
wec-2015-r7-shanghai-97,wec-2015-r7-shanghai,wec-2015,wec-2015-lmgte-pro,wec-2015-lmgte-pro-97,97,aston-martin-racing,aston-martin,aston-martin-vantage-v8,true
wec-2015-r7-shanghai-31,wec-2015-r7-shanghai,wec-2015,wec-2015-lmp2,wec-2015-lmp2-31,31,extreme-speed-motorsports,ligier,ligier-js-p2-hpd,true
wec-2015-r7-shanghai-83,wec-2015-r7-shanghai,wec-2015,wec-2015-lmgte-am,wec-2015-lmgte-am-83,83,af-corse,ferrari,ferrari-f458-italia,true
wec-2015-r7-shanghai-98,wec-2015-r7-shanghai,wec-2015,wec-2015-lmgte-am,wec-2015-lmgte-am-98,98,aston-martin-racing,aston-martin,aston-martin-vantage-v8,true
wec-2015-r7-shanghai-72,wec-2015-r7-shanghai,wec-2015,wec-2015-lmgte-am,wec-2015-lmgte-am-72,72,smp-racing,ferrari,ferrari-f458-italia,true
wec-2015-r7-shanghai-77,wec-2015-r7-shanghai,wec-2015,wec-2015-lmgte-am,wec-2015-lmgte-am-77,77,dempsey-proton-racing,porsche,porsche-911-rsr,true
wec-2015-r7-shanghai-50,wec-2015-r7-shanghai,wec-2015,wec-2015-lmgte-am,wec-2015-lmgte-am-50,50,larbre-competition,chevrolet,chevrolet-corvette-c7,true
wec-2015-r7-shanghai-42,wec-2015-r7-shanghai,wec-2015,wec-2015-lmp2,wec-2015-lmp2-42,42,strakka-racing,gibson,gibson-015s-nissan,true
wec-2015-r7-shanghai-96,wec-2015-r7-shanghai,wec-2015,wec-2015-lmgte-am,wec-2015-lmgte-am-96,96,aston-martin-racing,aston-martin,aston-martin-vantage-v8,true
wec-2015-r7-shanghai-88,wec-2015-r7-shanghai,wec-2015,wec-2015-lmgte-am,wec-2015-lmgte-am-88,88,abu-dhabi-proton-racing,porsche,porsche-911-rsr,true
wec-2015-r7-shanghai-13,wec-2015-r7-shanghai,wec-2015,wec-2015-lmp1,wec-2015-lmp1-13,13,rebellion-racing,rebellion,rebellion-r-one-aer,true
wec-2015-r7-shanghai-28,wec-2015-r7-shanghai,wec-2015,wec-2015-lmp2,wec-2015-lmp2-28,28,g-drive-racing,ligier,ligier-js-p2-nissan,true
wec-2015-r7-shanghai-30,wec-2015-r7-shanghai,wec-2015,wec-2015-lmp2,wec-2015-lmp2-30,30,extreme-speed-motorsports,ligier,ligier-js-p2-hpd,true
wec-2015-r8-bahrain-18,wec-2015-r8-bahrain,wec-2015,wec-2015-lmp1,wec-2015-lmp1-18,18,porsche-team,porsche,porsche-919-hybrid,true
wec-2015-r8-bahrain-7,wec-2015-r8-bahrain,wec-2015,wec-2015-lmp1,wec-2015-lmp1-7,7,audi-sport-team-joest,audi,audi-r18-e-tron-quattro,true
wec-2015-r8-bahrain-2,wec-2015-r8-bahrain,wec-2015,wec-2015-lmp1,wec-2015-lmp1-2,2,toyota-racing,toyota,toyota-ts-040-hybrid,true
wec-2015-r8-bahrain-1,wec-2015-r8-bahrain,wec-2015,wec-2015-lmp1,wec-2015-lmp1-1,1,toyota-racing,toyota,toyota-ts-040-hybrid,true
wec-2015-r8-bahrain-17,wec-2015-r8-bahrain,wec-2015,wec-2015-lmp1,wec-2015-lmp1-17,17,porsche-team,porsche,porsche-919-hybrid,true
wec-2015-r8-bahrain-8,wec-2015-r8-bahrain,wec-2015,wec-2015-lmp1,wec-2015-lmp1-8,8,audi-sport-team-joest,audi,audi-r18-e-tron-quattro,true
wec-2015-r8-bahrain-26,wec-2015-r8-bahrain,wec-2015,wec-2015-lmp2,wec-2015-lmp2-26,26,g-drive-racing,ligier,ligier-js-p2-nissan,true
wec-2015-r8-bahrain-47,wec-2015-r8-bahrain,wec-2015,wec-2015-lmp2,wec-2015-lmp2-47,47,kcmg,oreca,oreca-05-nissan,true
wec-2015-r8-bahrain-28,wec-2015-r8-bahrain,wec-2015,wec-2015-lmp2,wec-2015-lmp2-28,28,g-drive-racing,ligier,ligier-js-p2-nissan,true
wec-2015-r8-bahrain-36,wec-2015-r8-bahrain,wec-2015,wec-2015-lmp2,wec-2015-lmp2-36,36,signatech-alpine,alpine,alpine-a450b-nissan,true
wec-2015-r8-bahrain-13,wec-2015-r8-bahrain,wec-2015,wec-2015-lmp1,wec-2015-lmp1-13,13,rebellion-racing,rebellion,rebellion-r-one-aer,true
wec-2015-r8-bahrain-4,wec-2015-r8-bahrain,wec-2015,wec-2015-lmp1,wec-2015-lmp1-4,4,team-bykolles,clm,clm-p1-01-aer,true
wec-2015-r8-bahrain-44,wec-2015-r8-bahrain,wec-2015,wec-2015-lmp2,wec-2015-lmp2-44,44,af-racing,br01,br01-nissan,true
wec-2015-r8-bahrain-12,wec-2015-r8-bahrain,wec-2015,wec-2015-lmp1,wec-2015-lmp1-12,12,rebellion-racing,rebellion,rebellion-r-one-aer,true
wec-2015-r8-bahrain-42,wec-2015-r8-bahrain,wec-2015,wec-2015-lmp2,wec-2015-lmp2-42,42,strakka-racing,gibson,gibson-015s-nissan,true
wec-2015-r8-bahrain-43,wec-2015-r8-bahrain,wec-2015,wec-2015-lmp2,wec-2015-lmp2-43,43,team-sard-morand,morgan,morgan-evo-sard,true
wec-2015-r8-bahrain-30,wec-2015-r8-bahrain,wec-2015,wec-2015-lmp2,wec-2015-lmp2-30,30,extreme-speed-motorsports,ligier,ligier-js-p2-hpd,true
wec-2015-r8-bahrain-92,wec-2015-r8-bahrain,wec-2015,wec-2015-lmgte-pro,wec-2015-lmgte-pro-92,92,porsche-team-manthey,porsche,porsche-911-rsr,true
wec-2015-r8-bahrain-51,wec-2015-r8-bahrain,wec-2015,wec-2015-lmgte-pro,wec-2015-lmgte-pro-51,51,af-corse,ferrari,ferrari-f458-italia,true
wec-2015-r8-bahrain-31,wec-2015-r8-bahrain,wec-2015,wec-2015-lmp2,wec-2015-lmp2-31,31,extreme-speed-motorsports,ligier,ligier-js-p2-hpd,true
wec-2015-r8-bahrain-97,wec-2015-r8-bahrain,wec-2015,wec-2015-lmgte-pro,wec-2015-lmgte-pro-97,97,aston-martin-racing,aston-martin,aston-martin-vantage-v8,true
wec-2015-r8-bahrain-95,wec-2015-r8-bahrain,wec-2015,wec-2015-lmgte-pro,wec-2015-lmgte-pro-95,95,aston-martin-racing,aston-martin,aston-martin-vantage-v8,true
wec-2015-r8-bahrain-91,wec-2015-r8-bahrain,wec-2015,wec-2015-lmgte-pro,wec-2015-lmgte-pro-91,91,porsche-team-manthey,porsche,porsche-911-rsr,true
wec-2015-r8-bahrain-71,wec-2015-r8-bahrain,wec-2015,wec-2015-lmgte-pro,wec-2015-lmgte-pro-71,71,af-corse,ferrari,ferrari-f458-italia,true
wec-2015-r8-bahrain-99,wec-2015-r8-bahrain,wec-2015,wec-2015-lmgte-pro,wec-2015-lmgte-pro-99,99,aston-martin-racing-v8,aston-martin,aston-martin-vantage-v8,true
wec-2015-r8-bahrain-98,wec-2015-r8-bahrain,wec-2015,wec-2015-lmgte-am,wec-2015-lmgte-am-98,98,aston-martin-racing,aston-martin,aston-martin-vantage-v8,true
wec-2015-r8-bahrain-88,wec-2015-r8-bahrain,wec-2015,wec-2015-lmgte-am,wec-2015-lmgte-am-88,88,abu-dhabi-proton-racing,porsche,porsche-911-rsr,true
wec-2015-r8-bahrain-77,wec-2015-r8-bahrain,wec-2015,wec-2015-lmgte-am,wec-2015-lmgte-am-77,77,dempsey-proton-racing,porsche,porsche-911-rsr,true
wec-2015-r8-bahrain-83,wec-2015-r8-bahrain,wec-2015,wec-2015-lmgte-am,wec-2015-lmgte-am-83,83,af-corse,ferrari,ferrari-f458-italia,true
wec-2015-r8-bahrain-72,wec-2015-r8-bahrain,wec-2015,wec-2015-lmgte-am,wec-2015-lmgte-am-72,72,smp-racing,ferrari,ferrari-f458-italia,true
wec-2015-r8-bahrain-50,wec-2015-r8-bahrain,wec-2015,wec-2015-lmgte-am,wec-2015-lmgte-am-50,50,larbre-competition,chevrolet,chevrolet-corvette-c7,true
wec-2015-r8-bahrain-96,wec-2015-r8-bahrain,wec-2015,wec-2015-lmgte-am,wec-2015-lmgte-am-96,96,aston-martin-racing,aston-martin,aston-martin-vantage-v8,true
wec-2016-r1-silverstone-2,wec-2016-r1-silverstone,wec-2016,wec-2016-lmp1,wec-2016-lmp1-2,2,porsche-team,porsche,porsche-919-hybrid,true
wec-2016-r1-silverstone-6,wec-2016-r1-silverstone,wec-2016,wec-2016-lmp1,wec-2016-lmp1-6,6,toyota-gazoo-racing,toyota,toyota-ts050-hybrid,true
wec-2016-r1-silverstone-13,wec-2016-r1-silverstone,wec-2016,wec-2016-lmp1,wec-2016-lmp1-13,13,rebellion-racing,rebellion,rebellion-r-one-aer,true
wec-2016-r1-silverstone-12,wec-2016-r1-silverstone,wec-2016,wec-2016-lmp1,wec-2016-lmp1-12,12,rebellion-racing,rebellion,rebellion-r-one-aer,true
wec-2016-r1-silverstone-43,wec-2016-r1-silverstone,wec-2016,wec-2016-lmp2,wec-2016-lmp2-43,43,rgr-sport-by-morand,ligier,ligier-js-p2-nissan,true
wec-2016-r1-silverstone-31,wec-2016-r1-silverstone,wec-2016,wec-2016-lmp2,wec-2016-lmp2-31,31,extreme-speed-motorsports,ligier,ligier-js-p2-nissan,true
wec-2016-r1-silverstone-26,wec-2016-r1-silverstone,wec-2016,wec-2016-lmp2,wec-2016-lmp2-26,26,g-drive-racing,oreca,oreca-05-nissan,true
wec-2016-r1-silverstone-36,wec-2016-r1-silverstone,wec-2016,wec-2016-lmp2,wec-2016-lmp2-36,36,signatech-alpine,alpine,alpine-a460-nissan,true
wec-2016-r1-silverstone-42,wec-2016-r1-silverstone,wec-2016,wec-2016-lmp2,wec-2016-lmp2-42,42,strakka-racing,gibson,gibson-015s-nissan,true
wec-2016-r1-silverstone-45,wec-2016-r1-silverstone,wec-2016,wec-2016-lmp2,wec-2016-lmp2-45,45,manor,oreca,oreca-05-nissan,true
wec-2016-r1-silverstone-35,wec-2016-r1-silverstone,wec-2016,wec-2016-lmp2,wec-2016-lmp2-35,35,baxi-dc-racing-alpine,alpine,alpine-a460-nissan,true
wec-2016-r1-silverstone-37,wec-2016-r1-silverstone,wec-2016,wec-2016-lmp2,wec-2016-lmp2-37,37,smp-racing,br01,br01-nissan,true
wec-2016-r1-silverstone-30,wec-2016-r1-silverstone,wec-2016,wec-2016-lmp2,wec-2016-lmp2-30,30,extreme-speed-motorsports,ligier,ligier-js-p2-nissan,true
wec-2016-r1-silverstone-4,wec-2016-r1-silverstone,wec-2016,wec-2016-lmp1,wec-2016-lmp1-4,4,bykolles-racing-team,clm,clm-p1-01-aer,true
wec-2016-r1-silverstone-27,wec-2016-r1-silverstone,wec-2016,wec-2016-lmp2,wec-2016-lmp2-27,27,smp-racing,br01,br01-nissan,true
wec-2016-r1-silverstone-5,wec-2016-r1-silverstone,wec-2016,wec-2016-lmp1,wec-2016-lmp1-5,5,toyota-gazoo-racing,toyota,toyota-ts050-hybrid,true
wec-2016-r1-silverstone-71,wec-2016-r1-silverstone,wec-2016,wec-2016-lmgte-pro,wec-2016-lmgte-pro-71,71,af-corse,ferrari,ferrari-488-gte,true
wec-2016-r1-silverstone-51,wec-2016-r1-silverstone,wec-2016,wec-2016-lmgte-pro,wec-2016-lmgte-pro-51,51,af-corse,ferrari,ferrari-488-gte,true
wec-2016-r1-silverstone-95,wec-2016-r1-silverstone,wec-2016,wec-2016-lmgte-pro,wec-2016-lmgte-pro-95,95,aston-martin-racing,aston-martin,aston-martin-vantage-v8,true
wec-2016-r1-silverstone-67,wec-2016-r1-silverstone,wec-2016,wec-2016-lmgte-pro,wec-2016-lmgte-pro-67,67,ford-chip-ganassi-team-uk,ford,ford-gt,true
wec-2016-r1-silverstone-66,wec-2016-r1-silverstone,wec-2016,wec-2016-lmgte-pro,wec-2016-lmgte-pro-66,66,ford-chip-ganassi-team-uk,ford,ford-gt,true
wec-2016-r1-silverstone-83,wec-2016-r1-silverstone,wec-2016,wec-2016-lmgte-am,wec-2016-lmgte-am-83,83,af-corse,ferrari,ferrari-f458-italia,true
wec-2016-r1-silverstone-98,wec-2016-r1-silverstone,wec-2016,wec-2016-lmgte-am,wec-2016-lmgte-am-98,98,aston-martin-racing,aston-martin,aston-martin-vantage-v8,true
wec-2016-r1-silverstone-50,wec-2016-r1-silverstone,wec-2016,wec-2016-lmgte-am,wec-2016-lmgte-am-50,50,larbre-competition,chevrolet,chevrolet-corvette-c7,true
wec-2016-r1-silverstone-77,wec-2016-r1-silverstone,wec-2016,wec-2016-lmgte-pro,wec-2016-lmgte-pro-77,77,dempsey-proton-racing,porsche,porsche-911-rsr-2016,true
wec-2016-r1-silverstone-78,wec-2016-r1-silverstone,wec-2016,wec-2016-lmgte-am,wec-2016-lmgte-am-78,78,kcmg,porsche,porsche-911-rsr,true
wec-2016-r1-silverstone-88,wec-2016-r1-silverstone,wec-2016,wec-2016-lmgte-am,wec-2016-lmgte-am-88,88,abu-dhabi-proton-racing,porsche,porsche-911-rsr,true
wec-2016-r1-silverstone-97,wec-2016-r1-silverstone,wec-2016,wec-2016-lmgte-pro,wec-2016-lmgte-pro-97,97,aston-martin-racing,aston-martin,aston-martin-vantage-v8,true
wec-2016-r1-silverstone-44,wec-2016-r1-silverstone,wec-2016,wec-2016-lmp2,wec-2016-lmp2-44,44,manor,oreca,oreca-05-nissan,true
wec-2016-r1-silverstone-1,wec-2016-r1-silverstone,wec-2016,wec-2016-lmp1,wec-2016-lmp1-1,1,porsche-team,porsche,porsche-919-hybrid,true
wec-2016-r1-silverstone-8,wec-2016-r1-silverstone,wec-2016,wec-2016-lmp1,wec-2016-lmp1-8,8,audi-sport-team-joest,audi,audi-r18,true
wec-2016-r1-silverstone-86,wec-2016-r1-silverstone,wec-2016,wec-2016-lmgte-am,wec-2016-lmgte-am-86,86,gulf-racing,porsche,porsche-911-rsr,true
wec-2016-r1-silverstone-7,wec-2016-r1-silverstone,wec-2016,wec-2016-lmp1,wec-2016-lmp1-7,7,audi-sport-team-joest,audi,audi-r18,true
wec-2016-r2-spa-8,wec-2016-r2-spa,wec-2016,wec-2016-lmp1,wec-2016-lmp1-8,8,audi-sport-team-joest,audi,audi-r18,true
wec-2016-r2-spa-2,wec-2016-r2-spa,wec-2016,wec-2016-lmp1,wec-2016-lmp1-2,2,porsche-team,porsche,porsche-919-hybrid,true
wec-2016-r2-spa-13,wec-2016-r2-spa,wec-2016,wec-2016-lmp1,wec-2016-lmp1-13,13,rebellion-racing,rebellion,rebellion-r-one-aer,true
wec-2016-r2-spa-12,wec-2016-r2-spa,wec-2016,wec-2016-lmp1,wec-2016-lmp1-12,12,rebellion-racing,rebellion,rebellion-r-one-aer,true
wec-2016-r2-spa-7,wec-2016-r2-spa,wec-2016,wec-2016-lmp1,wec-2016-lmp1-7,7,audi-sport-team-joest,audi,audi-r18,true
wec-2016-r2-spa-4,wec-2016-r2-spa,wec-2016,wec-2016-lmp1,wec-2016-lmp1-4,4,bykolles-racing-team,clm,clm-p1-01-aer,true
wec-2016-r2-spa-36,wec-2016-r2-spa,wec-2016,wec-2016-lmp2,wec-2016-lmp2-36,36,signatech-alpine,alpine,alpine-a460-nissan,true
wec-2016-r2-spa-31,wec-2016-r2-spa,wec-2016,wec-2016-lmp2,wec-2016-lmp2-31,31,extreme-speed-motorsports,ligier,ligier-js-p2-nissan,true
wec-2016-r2-spa-45,wec-2016-r2-spa,wec-2016,wec-2016-lmp2,wec-2016-lmp2-45,45,manor,oreca,oreca-05-nissan,true
wec-2016-r2-spa-43,wec-2016-r2-spa,wec-2016,wec-2016-lmp2,wec-2016-lmp2-43,43,rgr-sport-by-morand,ligier,ligier-js-p2-nissan,true
wec-2016-r2-spa-26,wec-2016-r2-spa,wec-2016,wec-2016-lmp2,wec-2016-lmp2-26,26,g-drive-racing,oreca,oreca-05-nissan,true
wec-2016-r2-spa-38,wec-2016-r2-spa,wec-2016,wec-2016-lmp2,wec-2016-lmp2-38,38,g-drive-racing,gibson,gibson-015s-nissan,true
wec-2016-r2-spa-30,wec-2016-r2-spa,wec-2016,wec-2016-lmp2,wec-2016-lmp2-30,30,extreme-speed-motorsports,ligier,ligier-js-p2-nissan,true
wec-2016-r2-spa-71,wec-2016-r2-spa,wec-2016,wec-2016-lmgte-pro,wec-2016-lmgte-pro-71,71,af-corse,ferrari,ferrari-488-gte,true
wec-2016-r2-spa-44,wec-2016-r2-spa,wec-2016,wec-2016-lmp2,wec-2016-lmp2-44,44,manor,oreca,oreca-05-nissan,true
wec-2016-r2-spa-67,wec-2016-r2-spa,wec-2016,wec-2016-lmgte-pro,wec-2016-lmgte-pro-67,67,ford-chip-ganassi-team-uk,ford,ford-gt,true
wec-2016-r2-spa-97,wec-2016-r2-spa,wec-2016,wec-2016-lmgte-pro,wec-2016-lmgte-pro-97,97,aston-martin-racing,aston-martin,aston-martin-vantage-v8,true
wec-2016-r2-spa-77,wec-2016-r2-spa,wec-2016,wec-2016-lmgte-pro,wec-2016-lmgte-pro-77,77,dempsey-proton-racing,porsche,porsche-911-rsr-2016,true
wec-2016-r2-spa-98,wec-2016-r2-spa,wec-2016,wec-2016-lmgte-am,wec-2016-lmgte-am-98,98,aston-martin-racing,aston-martin,aston-martin-vantage-v8,true
wec-2016-r2-spa-83,wec-2016-r2-spa,wec-2016,wec-2016-lmgte-am,wec-2016-lmgte-am-83,83,af-corse,ferrari,ferrari-f458-italia,true
wec-2016-r2-spa-50,wec-2016-r2-spa,wec-2016,wec-2016-lmgte-am,wec-2016-lmgte-am-50,50,larbre-competition,chevrolet,chevrolet-corvette-c7-z06,true
wec-2016-r2-spa-78,wec-2016-r2-spa,wec-2016,wec-2016-lmgte-am,wec-2016-lmgte-am-78,78,kcmg,porsche,porsche-911-rsr,true
wec-2016-r2-spa-86,wec-2016-r2-spa,wec-2016,wec-2016-lmgte-am,wec-2016-lmgte-am-86,86,gulf-racing,porsche,porsche-911-rsr,true
wec-2016-r2-spa-37,wec-2016-r2-spa,wec-2016,wec-2016-lmp2,wec-2016-lmp2-37,37,smp-racing,br01,br01-nissan,true
wec-2016-r2-spa-88,wec-2016-r2-spa,wec-2016,wec-2016-lmgte-am,wec-2016-lmgte-am-88,88,abu-dhabi-proton-racing,porsche,porsche-911-rsr,true
wec-2016-r2-spa-1,wec-2016-r2-spa,wec-2016,wec-2016-lmp1,wec-2016-lmp1-1,1,porsche-team,porsche,porsche-919-hybrid,true
wec-2016-r2-spa-5,wec-2016-r2-spa,wec-2016,wec-2016-lmp1,wec-2016-lmp1-5,5,toyota-gazoo-racing,toyota,toyota-ts050-hybrid,true
wec-2016-r2-spa-35,wec-2016-r2-spa,wec-2016,wec-2016-lmp2,wec-2016-lmp2-35,35,baxi-dc-racing-alpine,alpine,alpine-a460-nissan,true
wec-2016-r2-spa-51,wec-2016-r2-spa,wec-2016,wec-2016-lmgte-pro,wec-2016-lmgte-pro-51,51,af-corse,ferrari,ferrari-488-gte,true
wec-2016-r2-spa-27,wec-2016-r2-spa,wec-2016,wec-2016-lmp2,wec-2016-lmp2-27,27,smp-racing,br01,br01-nissan,true
wec-2016-r2-spa-66,wec-2016-r2-spa,wec-2016,wec-2016-lmgte-pro,wec-2016-lmgte-pro-66,66,ford-chip-ganassi-team-uk,ford,ford-gt,true
wec-2016-r2-spa-6,wec-2016-r2-spa,wec-2016,wec-2016-lmp1,wec-2016-lmp1-6,6,toyota-gazoo-racing,toyota,toyota-ts050-hybrid,true
wec-2016-r2-spa-42,wec-2016-r2-spa,wec-2016,wec-2016-lmp2,wec-2016-lmp2-42,42,strakka-racing,gibson,gibson-015s-nissan,true
wec-2016-r2-spa-95,wec-2016-r2-spa,wec-2016,wec-2016-lmgte-pro,wec-2016-lmgte-pro-95,95,aston-martin-racing,aston-martin,aston-martin-vantage-v8,true
wec-2016-r3-le-mans-2,wec-2016-r3-le-mans,wec-2016,wec-2016-lmp1,wec-2016-lmp1-2,2,porsche-team,porsche,porsche-919-hybrid,true
wec-2016-r3-le-mans-6,wec-2016-r3-le-mans,wec-2016,wec-2016-lmp1,wec-2016-lmp1-6,6,toyota-gazoo-racing,toyota,toyota-ts050-hybrid,true
wec-2016-r3-le-mans-8,wec-2016-r3-le-mans,wec-2016,wec-2016-lmp1,wec-2016-lmp1-8,8,audi-sport-team-joest,audi,audi-r18,true
wec-2016-r3-le-mans-7,wec-2016-r3-le-mans,wec-2016,wec-2016-lmp1,wec-2016-lmp1-7,7,audi-sport-team-joest,audi,audi-r18,true
wec-2016-r3-le-mans-36,wec-2016-r3-le-mans,wec-2016,wec-2016-lmp2,wec-2016-lmp2-36,36,signatech-alpine,alpine,alpine-a460-nissan,true
wec-2016-r3-le-mans-26,wec-2016-r3-le-mans,wec-2016,wec-2016-lmp2,wec-2016-lmp2-26,26,g-drive-racing,oreca,oreca-05-nissan,true
wec-2016-r3-le-mans-37,wec-2016-r3-le-mans,wec-2016,wec-2016-lmp2,wec-2016-lmp2-37,37,smp-racing,br01,br01-nissan,true
wec-2016-r3-le-mans-42,wec-2016-r3-le-mans,wec-2016,wec-2016-lmp2,wec-2016-lmp2-42,42,strakka-racing,gibson,gibson-015s-nissan,true
wec-2016-r3-le-mans-33,wec-2016-r3-le-mans,wec-2016,wec-2016-lmp2,wec-2016-lmp2-33,33,eurasia-motorsport,oreca,oreca-05-nissan,true
wec-2016-r3-le-mans-41,wec-2016-r3-le-mans,wec-2016,wec-2016-lmp2,wec-2016-lmp2-41,41,greaves-motorsport,ligier,ligier-js-p2-nissan,true
wec-2016-r3-le-mans-27,wec-2016-r3-le-mans,wec-2016,wec-2016-lmp2,wec-2016-lmp2-27,27,smp-racing,br01,br01-nissan,true
wec-2016-r3-le-mans-23,wec-2016-r3-le-mans,wec-2016,wec-2016-lmp2,wec-2016-lmp2-23,23,panis-barthez-competition,ligier,ligier-js-p2-nissan,true
wec-2016-r3-le-mans-1,wec-2016-r3-le-mans,wec-2016,wec-2016-lmp1,wec-2016-lmp1-1,1,porsche-team,porsche,porsche-919-hybrid,true
wec-2016-r3-le-mans-49,wec-2016-r3-le-mans,wec-2016,wec-2016-lmp2,wec-2016-lmp2-49,49,michael-shank-racing,ligier,ligier-js-p2-honda,true
wec-2016-r3-le-mans-43,wec-2016-r3-le-mans,wec-2016,wec-2016-lmp2,wec-2016-lmp2-43,43,rgr-sport-by-morand,ligier,ligier-js-p2-nissan,true
wec-2016-r3-le-mans-30,wec-2016-r3-le-mans,wec-2016,wec-2016-lmp2,wec-2016-lmp2-30,30,extreme-speed-motorsports,ligier,ligier-js-p2-nissan,true
wec-2016-r3-le-mans-25,wec-2016-r3-le-mans,wec-2016,wec-2016-lmp2,wec-2016-lmp2-25,25,algarve-pro-racing,ligier,ligier-js-p2-nissan,true
wec-2016-r3-le-mans-68,wec-2016-r3-le-mans,wec-2016,wec-2016-lmgte-pro,wec-2016-lmgte-pro-68,68,ford-chip-ganassi-team-usa,ford,ford-gt,true
wec-2016-r3-le-mans-82,wec-2016-r3-le-mans,wec-2016,wec-2016-lmgte-pro,wec-2016-lmgte-pro-82,82,risi-competizione,ferrari,ferrari-488-gte,true
wec-2016-r3-le-mans-69,wec-2016-r3-le-mans,wec-2016,wec-2016-lmgte-pro,wec-2016-lmgte-pro-69,69,ford-chip-ganassi-team-usa,ford,ford-gt,true
wec-2016-r3-le-mans-66,wec-2016-r3-le-mans,wec-2016,wec-2016-lmgte-pro,wec-2016-lmgte-pro-66,66,ford-chip-ganassi-team-uk,ford,ford-gt,true
wec-2016-r3-le-mans-40,wec-2016-r3-le-mans,wec-2016,wec-2016-lmp2,wec-2016-lmp2-40,40,krohn-racing,ligier,ligier-js-p2-nissan,true
wec-2016-r3-le-mans-95,wec-2016-r3-le-mans,wec-2016,wec-2016-lmgte-pro,wec-2016-lmgte-pro-95,95,aston-martin-racing,aston-martin,aston-martin-vantage,true
wec-2016-r3-le-mans-97,wec-2016-r3-le-mans,wec-2016,wec-2016-lmgte-pro,wec-2016-lmgte-pro-97,97,aston-martin-racing,aston-martin,aston-martin-vantage,true
wec-2016-r3-le-mans-63,wec-2016-r3-le-mans,wec-2016,wec-2016-lmgte-pro,wec-2016-lmgte-pro-63,63,corvette-racing-gm,chevrolet,chevrolet-corvette-c7-r,true
wec-2016-r3-le-mans-62,wec-2016-r3-le-mans,wec-2016,wec-2016-lmgte-am,wec-2016-lmgte-am-62,62,scuderia-corsa,ferrari,ferrari-458-italia,true
wec-2016-r3-le-mans-83,wec-2016-r3-le-mans,wec-2016,wec-2016-lmgte-am,wec-2016-lmgte-am-83,83,af-corse,ferrari,ferrari-f458-italia,true
wec-2016-r3-le-mans-88,wec-2016-r3-le-mans,wec-2016,wec-2016-lmgte-am,wec-2016-lmgte-am-88,88,abu-dhabi-proton-racing,porsche,porsche-911-rsr,true
wec-2016-r3-le-mans-12,wec-2016-r3-le-mans,wec-2016,wec-2016-lmp1,wec-2016-lmp1-12,12,rebellion-racing,rebellion,rebellion-r-one-aer,true
wec-2016-r3-le-mans-61,wec-2016-r3-le-mans,wec-2016,wec-2016-lmgte-am,wec-2016-lmgte-am-61,61,clearwater-racing,ferrari,ferrari-458-italia,true
wec-2016-r3-le-mans-77,wec-2016-r3-le-mans,wec-2016,wec-2016-lmgte-pro,wec-2016-lmgte-pro-77,77,dempsey-proton-racing,porsche,porsche-911-rsr-2016,true
wec-2016-r3-le-mans-22,wec-2016-r3-le-mans,wec-2016,wec-2016-lmp2,wec-2016-lmp2-22,22,so24-by-lombard-racing,ligier,ligier-js-p2-judd,true
wec-2016-r3-le-mans-86,wec-2016-r3-le-mans,wec-2016,wec-2016-lmgte-am,wec-2016-lmgte-am-86,86,gulf-racing,porsche,porsche-911-rsr,true
wec-2016-r3-le-mans-48,wec-2016-r3-le-mans,wec-2016,wec-2016-lmp2,wec-2016-lmp2-48,48,murphy-prototypes,oreca,oreca-03r-nissan,true
wec-2016-r3-le-mans-60,wec-2016-r3-le-mans,wec-2016,wec-2016-lmgte-am,wec-2016-lmgte-am-60,60,formula-racing,ferrari,ferrari-458-italia,true
wec-2016-r3-le-mans-99,wec-2016-r3-le-mans,wec-2016,wec-2016-lmgte-am,wec-2016-lmgte-am-99,99,aston-martin-racing,aston-martin,aston-martin-v8-vantage,true
wec-2016-r3-le-mans-50,wec-2016-r3-le-mans,wec-2016,wec-2016-lmgte-am,wec-2016-lmgte-am-50,50,larbre-competition,chevrolet,chevrolet-corvette-c7-z06,true
wec-2016-r3-le-mans-84,wec-2016-r3-le-mans,wec-2016,wec-2016-cdnt,wec-2016-cdnt-84,84,srt41-by-oak-racing,morgan,morgan-lmp2-nissan,true
wec-2016-r3-le-mans-57,wec-2016-r3-le-mans,wec-2016,wec-2016-lmgte-am,wec-2016-lmgte-am-57,57,team-aai,chevrolet,chevrolet-corvette-c7-z06,true
wec-2016-r3-le-mans-67,wec-2016-r3-le-mans,wec-2016,wec-2016-lmgte-pro,wec-2016-lmgte-pro-67,67,ford-chip-ganassi-team-uk,ford,ford-gt,true
wec-2016-r3-le-mans-78,wec-2016-r3-le-mans,wec-2016,wec-2016-lmgte-am,wec-2016-lmgte-am-78,78,kcmg,porsche,porsche-911-rsr,true
wec-2016-r3-le-mans-31,wec-2016-r3-le-mans,wec-2016,wec-2016-lmp2,wec-2016-lmp2-31,31,extreme-speed-motorsports,ligier,ligier-js-p2-nissan,true
wec-2016-r3-le-mans-55,wec-2016-r3-le-mans,wec-2016,wec-2016-lmgte-am,wec-2016-lmgte-am-55,55,af-corse,ferrari,ferrari-458-italia,true
wec-2016-r3-le-mans-34,wec-2016-r3-le-mans,wec-2016,wec-2016-lmp2,wec-2016-lmp2-34,34,race-performance,oreca,oreca-03r-judd,true
wec-2016-r3-le-mans-5,wec-2016-r3-le-mans,wec-2016,wec-2016-lmp1,wec-2016-lmp1-5,5,toyota-gazoo-racing,toyota,toyota-ts050-hybrid,true
wec-2016-r3-le-mans-28,wec-2016-r3-le-mans,wec-2016,wec-2016-lmp2,wec-2016-lmp2-28,28,pegasus-racing,morgan,morgan-nissan,true
wec-2016-r3-le-mans-98,wec-2016-r3-le-mans,wec-2016,wec-2016-lmgte-am,wec-2016-lmgte-am-98,98,aston-martin-racing,aston-martin,aston-martin-v8-vantage,true
wec-2016-r3-le-mans-38,wec-2016-r3-le-mans,wec-2016,wec-2016-lmp2,wec-2016-lmp2-38,38,g-drive-racing,gibson,gibson-015s-nissan,true
wec-2016-r3-le-mans-13,wec-2016-r3-le-mans,wec-2016,wec-2016-lmp1,wec-2016-lmp1-13,13,rebellion-racing,rebellion,rebellion-r-one-aer,true
wec-2016-r3-le-mans-44,wec-2016-r3-le-mans,wec-2016,wec-2016-lmp2,wec-2016-lmp2-44,44,manor,oreca,oreca-05-nissan,true
wec-2016-r3-le-mans-46,wec-2016-r3-le-mans,wec-2016,wec-2016-lmp2,wec-2016-lmp2-46,46,thiriet-by-tds-racing,oreca,oreca-05-nissan,true
wec-2016-r3-le-mans-35,wec-2016-r3-le-mans,wec-2016,wec-2016-lmp2,wec-2016-lmp2-35,35,baxi-dc-racing-alpine,alpine,alpine-a460-nissan,true
wec-2016-r3-le-mans-64,wec-2016-r3-le-mans,wec-2016,wec-2016-lmgte-pro,wec-2016-lmgte-pro-64,64,corvette-racing-gm,chevrolet,chevrolet-corvette-c7-r,true
wec-2016-r3-le-mans-4,wec-2016-r3-le-mans,wec-2016,wec-2016-lmp1,wec-2016-lmp1-4,4,bykolles-racing-team,clm,clm-p1-01-aer,true
wec-2016-r3-le-mans-51,wec-2016-r3-le-mans,wec-2016,wec-2016-lmgte-pro,wec-2016-lmgte-pro-51,51,af-corse,ferrari,ferrari-488-gte,true
wec-2016-r3-le-mans-71,wec-2016-r3-le-mans,wec-2016,wec-2016-lmgte-pro,wec-2016-lmgte-pro-71,71,af-corse,ferrari,ferrari-488-gte,true
wec-2016-r3-le-mans-92,wec-2016-r3-le-mans,wec-2016,wec-2016-lmgte-pro,wec-2016-lmgte-pro-92,92,porsche-motorsport,porsche,porsche-911-rsr-2016,true
wec-2016-r3-le-mans-91,wec-2016-r3-le-mans,wec-2016,wec-2016-lmgte-pro,wec-2016-lmgte-pro-91,91,porsche-motorsport,porsche,porsche-911-rsr-2016,true
wec-2016-r3-le-mans-47,wec-2016-r3-le-mans,wec-2016,wec-2016-lmp2,wec-2016-lmp2-47,47,kcmg,oreca,oreca-05-nissan,true
wec-2016-r3-le-mans-89,wec-2016-r3-le-mans,wec-2016,wec-2016-lmgte-am,wec-2016-lmgte-am-89,89,proton-competition,porsche,porsche-911-rsr,true
wec-2016-r4-nurburgring-1,wec-2016-r4-nurburgring,wec-2016,wec-2016-lmp1,wec-2016-lmp1-1,1,porsche-team,porsche,porsche-919-hybrid,true
wec-2016-r4-nurburgring-8,wec-2016-r4-nurburgring,wec-2016,wec-2016-lmp1,wec-2016-lmp1-8,8,audi-sport-team-joest,audi,audi-r18,true
wec-2016-r4-nurburgring-7,wec-2016-r4-nurburgring,wec-2016,wec-2016-lmp1,wec-2016-lmp1-7,7,audi-sport-team-joest,audi,audi-r18,true
wec-2016-r4-nurburgring-2,wec-2016-r4-nurburgring,wec-2016,wec-2016-lmp1,wec-2016-lmp1-2,2,porsche-team,porsche,porsche-919-hybrid,true
wec-2016-r4-nurburgring-5,wec-2016-r4-nurburgring,wec-2016,wec-2016-lmp1,wec-2016-lmp1-5,5,toyota-gazoo-racing,toyota,toyota-ts050-hybrid,true
wec-2016-r4-nurburgring-6,wec-2016-r4-nurburgring,wec-2016,wec-2016-lmp1,wec-2016-lmp1-6,6,toyota-gazoo-racing,toyota,toyota-ts050-hybrid,true
wec-2016-r4-nurburgring-13,wec-2016-r4-nurburgring,wec-2016,wec-2016-lmp1,wec-2016-lmp1-13,13,rebellion-racing,rebellion,rebellion-r-one-aer,true
wec-2016-r4-nurburgring-36,wec-2016-r4-nurburgring,wec-2016,wec-2016-lmp2,wec-2016-lmp2-36,36,signatech-alpine,alpine,alpine-a460-nissan,true
wec-2016-r4-nurburgring-43,wec-2016-r4-nurburgring,wec-2016,wec-2016-lmp2,wec-2016-lmp2-43,43,rgr-sport-by-morand,ligier,ligier-js-p2-nissan,true
wec-2016-r4-nurburgring-31,wec-2016-r4-nurburgring,wec-2016,wec-2016-lmp2,wec-2016-lmp2-31,31,extreme-speed-motorsports,ligier,ligier-js-p2-nissan,true
wec-2016-r4-nurburgring-42,wec-2016-r4-nurburgring,wec-2016,wec-2016-lmp2,wec-2016-lmp2-42,42,strakka-racing,gibson,gibson-015s-nissan,true
wec-2016-r4-nurburgring-44,wec-2016-r4-nurburgring,wec-2016,wec-2016-lmp2,wec-2016-lmp2-44,44,manor,oreca,oreca-05-nissan,true
wec-2016-r4-nurburgring-37,wec-2016-r4-nurburgring,wec-2016,wec-2016-lmp2,wec-2016-lmp2-37,37,smp-racing,br01,br01-nissan,true
wec-2016-r4-nurburgring-35,wec-2016-r4-nurburgring,wec-2016,wec-2016-lmp2,wec-2016-lmp2-35,35,baxi-dc-racing-alpine,alpine,alpine-a460-nissan,true
wec-2016-r4-nurburgring-27,wec-2016-r4-nurburgring,wec-2016,wec-2016-lmp2,wec-2016-lmp2-27,27,smp-racing,br01,br01-nissan,true
wec-2016-r4-nurburgring-30,wec-2016-r4-nurburgring,wec-2016,wec-2016-lmp2,wec-2016-lmp2-30,30,extreme-speed-motorsports,ligier,ligier-js-p2-nissan,true
wec-2016-r4-nurburgring-12,wec-2016-r4-nurburgring,wec-2016,wec-2016-lmp1,wec-2016-lmp1-12,12,rebellion-racing,rebellion,rebellion-r-one-aer,true
wec-2016-r4-nurburgring-51,wec-2016-r4-nurburgring,wec-2016,wec-2016-lmgte-pro,wec-2016-lmgte-pro-51,51,af-corse,ferrari,ferrari-488-gte,true
wec-2016-r4-nurburgring-71,wec-2016-r4-nurburgring,wec-2016,wec-2016-lmgte-pro,wec-2016-lmgte-pro-71,71,af-corse,ferrari,ferrari-488-gte,true
wec-2016-r4-nurburgring-95,wec-2016-r4-nurburgring,wec-2016,wec-2016-lmgte-pro,wec-2016-lmgte-pro-95,95,aston-martin-racing,aston-martin,aston-martin-vantage-v8,true
wec-2016-r4-nurburgring-66,wec-2016-r4-nurburgring,wec-2016,wec-2016-lmgte-pro,wec-2016-lmgte-pro-66,66,ford-chip-ganassi-team-uk,ford,ford-gt,true
wec-2016-r4-nurburgring-97,wec-2016-r4-nurburgring,wec-2016,wec-2016-lmgte-pro,wec-2016-lmgte-pro-97,97,aston-martin-racing,aston-martin,aston-martin-vantage-v8,true
wec-2016-r4-nurburgring-77,wec-2016-r4-nurburgring,wec-2016,wec-2016-lmgte-pro,wec-2016-lmgte-pro-77,77,dempsey-proton-racing,porsche,porsche-911-rsr-2016,true
wec-2016-r4-nurburgring-98,wec-2016-r4-nurburgring,wec-2016,wec-2016-lmgte-am,wec-2016-lmgte-am-98,98,aston-martin-racing,aston-martin,aston-martin-vantage-v8,true
wec-2016-r4-nurburgring-83,wec-2016-r4-nurburgring,wec-2016,wec-2016-lmgte-am,wec-2016-lmgte-am-83,83,af-corse,ferrari,ferrari-f458-italia,true
wec-2016-r4-nurburgring-50,wec-2016-r4-nurburgring,wec-2016,wec-2016-lmgte-am,wec-2016-lmgte-am-50,50,larbre-competition,chevrolet,chevrolet-corvette-c7-z06,true
wec-2016-r4-nurburgring-88,wec-2016-r4-nurburgring,wec-2016,wec-2016-lmgte-am,wec-2016-lmgte-am-88,88,abu-dhabi-proton-racing,porsche,porsche-911-rsr,true
wec-2016-r4-nurburgring-86,wec-2016-r4-nurburgring,wec-2016,wec-2016-lmgte-am,wec-2016-lmgte-am-86,86,gulf-racing,porsche,porsche-911-rsr,true
wec-2016-r4-nurburgring-67,wec-2016-r4-nurburgring,wec-2016,wec-2016-lmgte-pro,wec-2016-lmgte-pro-67,67,ford-chip-ganassi-team-uk,ford,ford-gt,true
wec-2016-r4-nurburgring-45,wec-2016-r4-nurburgring,wec-2016,wec-2016-lmp2,wec-2016-lmp2-45,45,manor,oreca,oreca-05-nissan,true
wec-2016-r4-nurburgring-4,wec-2016-r4-nurburgring,wec-2016,wec-2016-lmp1,wec-2016-lmp1-4,4,bykolles-racing-team,clm,clm-p1-01-aer,true
wec-2016-r4-nurburgring-26,wec-2016-r4-nurburgring,wec-2016,wec-2016-lmp2,wec-2016-lmp2-26,26,g-drive-racing,oreca,oreca-05-nissan,true
wec-2016-r4-nurburgring-78,wec-2016-r4-nurburgring,wec-2016,wec-2016-lmgte-am,wec-2016-lmgte-am-78,78,kcmg,porsche,porsche-911-rsr,true
wec-2016-r5-mexico-city-1,wec-2016-r5-mexico-city,wec-2016,wec-2016-lmp1,wec-2016-lmp1-1,1,porsche-team,porsche,porsche-919-hybrid,true
wec-2016-r5-mexico-city-7,wec-2016-r5-mexico-city,wec-2016,wec-2016-lmp1,wec-2016-lmp1-7,7,audi-sport-team-joest,audi,audi-r18,true
wec-2016-r5-mexico-city-6,wec-2016-r5-mexico-city,wec-2016,wec-2016-lmp1,wec-2016-lmp1-6,6,toyota-gazoo-racing,toyota,toyota-ts050-hybrid,true
wec-2016-r5-mexico-city-2,wec-2016-r5-mexico-city,wec-2016,wec-2016-lmp1,wec-2016-lmp1-2,2,porsche-team,porsche,porsche-919-hybrid,true
wec-2016-r5-mexico-city-13,wec-2016-r5-mexico-city,wec-2016,wec-2016-lmp1,wec-2016-lmp1-13,13,rebellion-racing,rebellion,rebellion-r-one-aer,true
wec-2016-r5-mexico-city-43,wec-2016-r5-mexico-city,wec-2016,wec-2016-lmp2,wec-2016-lmp2-43,43,rgr-sport-by-morand,ligier,ligier-js-p2-nissan,true
wec-2016-r5-mexico-city-36,wec-2016-r5-mexico-city,wec-2016,wec-2016-lmp2,wec-2016-lmp2-36,36,signatech-alpine,alpine,alpine-a460-nissan,true
wec-2016-r5-mexico-city-31,wec-2016-r5-mexico-city,wec-2016,wec-2016-lmp2,wec-2016-lmp2-31,31,extreme-speed-motorsports,ligier,ligier-js-p2-nissan,true
wec-2016-r5-mexico-city-42,wec-2016-r5-mexico-city,wec-2016,wec-2016-lmp2,wec-2016-lmp2-42,42,strakka-racing,gibson,gibson-015s-nissan,true
wec-2016-r5-mexico-city-41,wec-2016-r5-mexico-city,wec-2016,wec-2016-lmp2,wec-2016-lmp2-41,41,greaves-motorsport,gibson,gibson-015s-nissan,true
wec-2016-r5-mexico-city-35,wec-2016-r5-mexico-city,wec-2016,wec-2016-lmp2,wec-2016-lmp2-35,35,baxi-dc-racing-alpine,alpine,alpine-a460-nissan,true
wec-2016-r5-mexico-city-27,wec-2016-r5-mexico-city,wec-2016,wec-2016-lmp2,wec-2016-lmp2-27,27,smp-racing,br01,br01-nissan,true
wec-2016-r5-mexico-city-26,wec-2016-r5-mexico-city,wec-2016,wec-2016-lmp2,wec-2016-lmp2-26,26,g-drive-racing,oreca,oreca-05-nissan,true
wec-2016-r5-mexico-city-30,wec-2016-r5-mexico-city,wec-2016,wec-2016-lmp2,wec-2016-lmp2-30,30,extreme-speed-motorsports,ligier,ligier-js-p2-nissan,true
wec-2016-r5-mexico-city-97,wec-2016-r5-mexico-city,wec-2016,wec-2016-lmgte-pro,wec-2016-lmgte-pro-97,97,aston-martin-racing,aston-martin,aston-martin-vantage-v8,true
wec-2016-r5-mexico-city-51,wec-2016-r5-mexico-city,wec-2016,wec-2016-lmgte-pro,wec-2016-lmgte-pro-51,51,af-corse,ferrari,ferrari-488-gte,true
wec-2016-r5-mexico-city-95,wec-2016-r5-mexico-city,wec-2016,wec-2016-lmgte-pro,wec-2016-lmgte-pro-95,95,aston-martin-racing,aston-martin,aston-martin-vantage-v8,true
wec-2016-r5-mexico-city-71,wec-2016-r5-mexico-city,wec-2016,wec-2016-lmgte-pro,wec-2016-lmgte-pro-71,71,af-corse,ferrari,ferrari-488-gte,true
wec-2016-r5-mexico-city-67,wec-2016-r5-mexico-city,wec-2016,wec-2016-lmgte-pro,wec-2016-lmgte-pro-67,67,ford-chip-ganassi-team-uk,ford,ford-gt,true
wec-2016-r5-mexico-city-77,wec-2016-r5-mexico-city,wec-2016,wec-2016-lmgte-pro,wec-2016-lmgte-pro-77,77,dempsey-proton-racing,porsche,porsche-911-rsr-2016,true
wec-2016-r5-mexico-city-4,wec-2016-r5-mexico-city,wec-2016,wec-2016-lmp1,wec-2016-lmp1-4,4,bykolles-racing-team,clm,clm-p1-01-aer,true
wec-2016-r5-mexico-city-88,wec-2016-r5-mexico-city,wec-2016,wec-2016-lmgte-am,wec-2016-lmgte-am-88,88,abu-dhabi-proton-racing,porsche,porsche-911-rsr,true
wec-2016-r5-mexico-city-83,wec-2016-r5-mexico-city,wec-2016,wec-2016-lmgte-am,wec-2016-lmgte-am-83,83,af-corse,ferrari,ferrari-f458-italia,true
wec-2016-r5-mexico-city-78,wec-2016-r5-mexico-city,wec-2016,wec-2016-lmgte-am,wec-2016-lmgte-am-78,78,kcmg,porsche,porsche-911-rsr,true
wec-2016-r5-mexico-city-86,wec-2016-r5-mexico-city,wec-2016,wec-2016-lmgte-am,wec-2016-lmgte-am-86,86,gulf-racing,porsche,porsche-911-rsr,true
wec-2016-r5-mexico-city-66,wec-2016-r5-mexico-city,wec-2016,wec-2016-lmgte-pro,wec-2016-lmgte-pro-66,66,ford-chip-ganassi-team-uk,ford,ford-gt,true
wec-2016-r5-mexico-city-8,wec-2016-r5-mexico-city,wec-2016,wec-2016-lmp1,wec-2016-lmp1-8,8,audi-sport-team-joest,audi,audi-r18,true
wec-2016-r5-mexico-city-98,wec-2016-r5-mexico-city,wec-2016,wec-2016-lmgte-am,wec-2016-lmgte-am-98,98,aston-martin-racing,aston-martin,aston-martin-vantage-v8,true
wec-2016-r5-mexico-city-50,wec-2016-r5-mexico-city,wec-2016,wec-2016-lmgte-am,wec-2016-lmgte-am-50,50,larbre-competition,chevrolet,chevrolet-corvette-c7-z06,true
wec-2016-r5-mexico-city-44,wec-2016-r5-mexico-city,wec-2016,wec-2016-lmp2,wec-2016-lmp2-44,44,manor,oreca,oreca-05-nissan,true
wec-2016-r5-mexico-city-5,wec-2016-r5-mexico-city,wec-2016,wec-2016-lmp1,wec-2016-lmp1-5,5,toyota-gazoo-racing,toyota,toyota-ts050-hybrid,true
wec-2016-r5-mexico-city-37,wec-2016-r5-mexico-city,wec-2016,wec-2016-lmp2,wec-2016-lmp2-37,37,smp-racing,br01,br01-nissan,true
wec-2016-r6-cota-1,wec-2016-r6-cota,wec-2016,wec-2016-lmp1,wec-2016-lmp1-1,1,porsche-team,porsche,porsche-919-hybrid,true
wec-2016-r6-cota-8,wec-2016-r6-cota,wec-2016,wec-2016-lmp1,wec-2016-lmp1-8,8,audi-sport-team-joest,audi,audi-r18,true
wec-2016-r6-cota-6,wec-2016-r6-cota,wec-2016,wec-2016-lmp1,wec-2016-lmp1-6,6,toyota-gazoo-racing,toyota,toyota-ts050-hybrid,true
wec-2016-r6-cota-2,wec-2016-r6-cota,wec-2016,wec-2016-lmp1,wec-2016-lmp1-2,2,porsche-team,porsche,porsche-919-hybrid,true
wec-2016-r6-cota-5,wec-2016-r6-cota,wec-2016,wec-2016-lmp1,wec-2016-lmp1-5,5,toyota-gazoo-racing,toyota,toyota-ts050-hybrid,true
wec-2016-r6-cota-7,wec-2016-r6-cota,wec-2016,wec-2016-lmp1,wec-2016-lmp1-7,7,audi-sport-team-joest,audi,audi-r18,true
wec-2016-r6-cota-13,wec-2016-r6-cota,wec-2016,wec-2016-lmp1,wec-2016-lmp1-13,13,rebellion-racing,rebellion,rebellion-r-one-aer,true
wec-2016-r6-cota-36,wec-2016-r6-cota,wec-2016,wec-2016-lmp2,wec-2016-lmp2-36,36,signatech-alpine,alpine,alpine-a460-nissan,true
wec-2016-r6-cota-43,wec-2016-r6-cota,wec-2016,wec-2016-lmp2,wec-2016-lmp2-43,43,rgr-sport-by-morand,ligier,ligier-js-p2-nissan,true
wec-2016-r6-cota-26,wec-2016-r6-cota,wec-2016,wec-2016-lmp2,wec-2016-lmp2-26,26,g-drive-racing,oreca,oreca-05-nissan,true
wec-2016-r6-cota-4,wec-2016-r6-cota,wec-2016,wec-2016-lmp1,wec-2016-lmp1-4,4,bykolles-racing-team,clm,clm-p1-01-aer,true
wec-2016-r6-cota-27,wec-2016-r6-cota,wec-2016,wec-2016-lmp2,wec-2016-lmp2-27,27,smp-racing,br01,br01-nissan,true
wec-2016-r6-cota-31,wec-2016-r6-cota,wec-2016,wec-2016-lmp2,wec-2016-lmp2-31,31,extreme-speed-motorsports,ligier,ligier-js-p2-nissan,true
wec-2016-r6-cota-37,wec-2016-r6-cota,wec-2016,wec-2016-lmp2,wec-2016-lmp2-37,37,smp-racing,br01,br01-nissan,true
wec-2016-r6-cota-30,wec-2016-r6-cota,wec-2016,wec-2016-lmp2,wec-2016-lmp2-30,30,extreme-speed-motorsports,ligier,ligier-js-p2-nissan,true
wec-2016-r6-cota-95,wec-2016-r6-cota,wec-2016,wec-2016-lmgte-pro,wec-2016-lmgte-pro-95,95,aston-martin-racing,aston-martin,aston-martin-vantage-v8,true
wec-2016-r6-cota-51,wec-2016-r6-cota,wec-2016,wec-2016-lmgte-pro,wec-2016-lmgte-pro-51,51,af-corse,ferrari,ferrari-488-gte,true
wec-2016-r6-cota-71,wec-2016-r6-cota,wec-2016,wec-2016-lmgte-pro,wec-2016-lmgte-pro-71,71,af-corse,ferrari,ferrari-488-gte,true
wec-2016-r6-cota-67,wec-2016-r6-cota,wec-2016,wec-2016-lmgte-pro,wec-2016-lmgte-pro-67,67,ford-chip-ganassi-team-uk,ford,ford-gt,true
wec-2016-r6-cota-97,wec-2016-r6-cota,wec-2016,wec-2016-lmgte-pro,wec-2016-lmgte-pro-97,97,aston-martin-racing,aston-martin,aston-martin-vantage-v8,true
wec-2016-r6-cota-77,wec-2016-r6-cota,wec-2016,wec-2016-lmgte-pro,wec-2016-lmgte-pro-77,77,dempsey-proton-racing,porsche,porsche-911-rsr-2016,true
wec-2016-r6-cota-98,wec-2016-r6-cota,wec-2016,wec-2016-lmgte-am,wec-2016-lmgte-am-98,98,aston-martin-racing,aston-martin,aston-martin-vantage-v8,true
wec-2016-r6-cota-78,wec-2016-r6-cota,wec-2016,wec-2016-lmgte-am,wec-2016-lmgte-am-78,78,kcmg,porsche,porsche-911-rsr,true
wec-2016-r6-cota-50,wec-2016-r6-cota,wec-2016,wec-2016-lmgte-am,wec-2016-lmgte-am-50,50,larbre-competition,chevrolet,chevrolet-corvette-c7-z06,true
wec-2016-r6-cota-86,wec-2016-r6-cota,wec-2016,wec-2016-lmgte-am,wec-2016-lmgte-am-86,86,gulf-racing,porsche,porsche-911-rsr,true
wec-2016-r6-cota-35,wec-2016-r6-cota,wec-2016,wec-2016-lmp2,wec-2016-lmp2-35,35,baxi-dc-racing-alpine,alpine,alpine-a460-nissan,true
wec-2016-r6-cota-88,wec-2016-r6-cota,wec-2016,wec-2016-lmgte-am,wec-2016-lmgte-am-88,88,abu-dhabi-proton-racing,porsche,porsche-911-rsr,true
wec-2016-r6-cota-83,wec-2016-r6-cota,wec-2016,wec-2016-lmgte-am,wec-2016-lmgte-am-83,83,af-corse,ferrari,ferrari-f458-italia,true
wec-2016-r6-cota-66,wec-2016-r6-cota,wec-2016,wec-2016-lmgte-pro,wec-2016-lmgte-pro-66,66,ford-chip-ganassi-team-uk,ford,ford-gt,true
wec-2016-r6-cota-44,wec-2016-r6-cota,wec-2016,wec-2016-lmp2,wec-2016-lmp2-44,44,manor,oreca,oreca-05-nissan,true
wec-2016-r6-cota-42,wec-2016-r6-cota,wec-2016,wec-2016-lmp2,wec-2016-lmp2-42,42,strakka-racing,gibson,gibson-015s-nissan,true
wec-2016-r7-fuji-6,wec-2016-r7-fuji,wec-2016,wec-2016-lmp1,wec-2016-lmp1-6,6,toyota-gazoo-racing,toyota,toyota-ts050-hybrid,true
wec-2016-r7-fuji-8,wec-2016-r7-fuji,wec-2016,wec-2016-lmp1,wec-2016-lmp1-8,8,audi-sport-team-joest,audi,audi-r18,true
wec-2016-r7-fuji-1,wec-2016-r7-fuji,wec-2016,wec-2016-lmp1,wec-2016-lmp1-1,1,porsche-team,porsche,porsche-919-hybrid,true
wec-2016-r7-fuji-5,wec-2016-r7-fuji,wec-2016,wec-2016-lmp1,wec-2016-lmp1-5,5,toyota-gazoo-racing,toyota,toyota-ts050-hybrid,true
wec-2016-r7-fuji-2,wec-2016-r7-fuji,wec-2016,wec-2016-lmp1,wec-2016-lmp1-2,2,porsche-team,porsche,porsche-919-hybrid,true
wec-2016-r7-fuji-13,wec-2016-r7-fuji,wec-2016,wec-2016-lmp1,wec-2016-lmp1-13,13,rebellion-racing,rebellion,rebellion-r-one-aer,true
wec-2016-r7-fuji-26,wec-2016-r7-fuji,wec-2016,wec-2016-lmp2,wec-2016-lmp2-26,26,g-drive-racing,oreca,oreca-05-nissan,true
wec-2016-r7-fuji-43,wec-2016-r7-fuji,wec-2016,wec-2016-lmp2,wec-2016-lmp2-43,43,rgr-sport-by-morand,ligier,ligier-js-p2-nissan,true
wec-2016-r7-fuji-36,wec-2016-r7-fuji,wec-2016,wec-2016-lmp2,wec-2016-lmp2-36,36,signatech-alpine,alpine,alpine-a460-nissan,true
wec-2016-r7-fuji-30,wec-2016-r7-fuji,wec-2016,wec-2016-lmp2,wec-2016-lmp2-30,30,extreme-speed-motorsports,ligier,ligier-js-p2-nissan,true
wec-2016-r7-fuji-31,wec-2016-r7-fuji,wec-2016,wec-2016-lmp2,wec-2016-lmp2-31,31,extreme-speed-motorsports,ligier,ligier-js-p2-nissan,true
wec-2016-r7-fuji-42,wec-2016-r7-fuji,wec-2016,wec-2016-lmp2,wec-2016-lmp2-42,42,strakka-racing,gibson,gibson-015s-nissan,true
wec-2016-r7-fuji-44,wec-2016-r7-fuji,wec-2016,wec-2016-lmp2,wec-2016-lmp2-44,44,manor,oreca,oreca-05-nissan,true
wec-2016-r7-fuji-27,wec-2016-r7-fuji,wec-2016,wec-2016-lmp2,wec-2016-lmp2-27,27,smp-racing,br01,br01-nissan,true
wec-2016-r7-fuji-35,wec-2016-r7-fuji,wec-2016,wec-2016-lmp2,wec-2016-lmp2-35,35,baxi-dc-racing-alpine,alpine,alpine-a460-nissan,true
wec-2016-r7-fuji-37,wec-2016-r7-fuji,wec-2016,wec-2016-lmp2,wec-2016-lmp2-37,37,smp-racing,br01,br01-nissan,true
wec-2016-r7-fuji-67,wec-2016-r7-fuji,wec-2016,wec-2016-lmgte-pro,wec-2016-lmgte-pro-67,67,ford-chip-ganassi-team-uk,ford,ford-gt,true
wec-2016-r7-fuji-66,wec-2016-r7-fuji,wec-2016,wec-2016-lmgte-pro,wec-2016-lmgte-pro-66,66,ford-chip-ganassi-team-uk,ford,ford-gt,true
wec-2016-r7-fuji-51,wec-2016-r7-fuji,wec-2016,wec-2016-lmgte-pro,wec-2016-lmgte-pro-51,51,af-corse,ferrari,ferrari-488-gte,true
wec-2016-r7-fuji-71,wec-2016-r7-fuji,wec-2016,wec-2016-lmgte-pro,wec-2016-lmgte-pro-71,71,af-corse,ferrari,ferrari-488-gte,true
wec-2016-r7-fuji-95,wec-2016-r7-fuji,wec-2016,wec-2016-lmgte-pro,wec-2016-lmgte-pro-95,95,aston-martin-racing,aston-martin,aston-martin-vantage-v8,true
wec-2016-r7-fuji-97,wec-2016-r7-fuji,wec-2016,wec-2016-lmgte-pro,wec-2016-lmgte-pro-97,97,aston-martin-racing,aston-martin,aston-martin-vantage-v8,true
wec-2016-r7-fuji-77,wec-2016-r7-fuji,wec-2016,wec-2016-lmgte-pro,wec-2016-lmgte-pro-77,77,dempsey-proton-racing,porsche,porsche-911-rsr-2016,true
wec-2016-r7-fuji-98,wec-2016-r7-fuji,wec-2016,wec-2016-lmgte-am,wec-2016-lmgte-am-98,98,aston-martin-racing,aston-martin,aston-martin-vantage-v8,true
wec-2016-r7-fuji-83,wec-2016-r7-fuji,wec-2016,wec-2016-lmgte-am,wec-2016-lmgte-am-83,83,af-corse,ferrari,ferrari-f458-italia,true
wec-2016-r7-fuji-78,wec-2016-r7-fuji,wec-2016,wec-2016-lmgte-am,wec-2016-lmgte-am-78,78,kcmg,porsche,porsche-911-rsr,true
wec-2016-r7-fuji-86,wec-2016-r7-fuji,wec-2016,wec-2016-lmgte-am,wec-2016-lmgte-am-86,86,gulf-racing,porsche,porsche-911-rsr,true
wec-2016-r7-fuji-88,wec-2016-r7-fuji,wec-2016,wec-2016-lmgte-am,wec-2016-lmgte-am-88,88,abu-dhabi-proton-racing,porsche,porsche-911-rsr,true
wec-2016-r7-fuji-45,wec-2016-r7-fuji,wec-2016,wec-2016-lmp2,wec-2016-lmp2-45,45,manor,oreca,oreca-05-nissan,true
wec-2016-r7-fuji-50,wec-2016-r7-fuji,wec-2016,wec-2016-lmgte-am,wec-2016-lmgte-am-50,50,larbre-competition,chevrolet,chevrolet-corvette-c7-z06,true
wec-2016-r7-fuji-4,wec-2016-r7-fuji,wec-2016,wec-2016-lmp1,wec-2016-lmp1-4,4,bykolles-racing-team,clm,clm-p1-01-aer,true
wec-2016-r7-fuji-7,wec-2016-r7-fuji,wec-2016,wec-2016-lmp1,wec-2016-lmp1-7,7,audi-sport-team-joest,audi,audi-r18,true
wec-2016-r8-shanghai-1,wec-2016-r8-shanghai,wec-2016,wec-2016-lmp1,wec-2016-lmp1-1,1,porsche-team,porsche,porsche-919-hybrid,true
wec-2016-r8-shanghai-6,wec-2016-r8-shanghai,wec-2016,wec-2016-lmp1,wec-2016-lmp1-6,6,toyota-gazoo-racing,toyota,toyota-ts050-hybrid,true
wec-2016-r8-shanghai-5,wec-2016-r8-shanghai,wec-2016,wec-2016-lmp1,wec-2016-lmp1-5,5,toyota-gazoo-racing,toyota,toyota-ts050-hybrid,true
wec-2016-r8-shanghai-2,wec-2016-r8-shanghai,wec-2016,wec-2016-lmp1,wec-2016-lmp1-2,2,porsche-team,porsche,porsche-919-hybrid,true
wec-2016-r8-shanghai-8,wec-2016-r8-shanghai,wec-2016,wec-2016-lmp1,wec-2016-lmp1-8,8,audi-sport-team-joest,audi,audi-r18,true
wec-2016-r8-shanghai-7,wec-2016-r8-shanghai,wec-2016,wec-2016-lmp1,wec-2016-lmp1-7,7,audi-sport-team-joest,audi,audi-r18,true
wec-2016-r8-shanghai-4,wec-2016-r8-shanghai,wec-2016,wec-2016-lmp1,wec-2016-lmp1-4,4,bykolles-racing-team,clm,clm-p1-01-aer,true
wec-2016-r8-shanghai-26,wec-2016-r8-shanghai,wec-2016,wec-2016-lmp2,wec-2016-lmp2-26,26,g-drive-racing,oreca,oreca-05-nissan,true
wec-2016-r8-shanghai-30,wec-2016-r8-shanghai,wec-2016,wec-2016-lmp2,wec-2016-lmp2-30,30,extreme-speed-motorsports,ligier,ligier-js-p2-nissan,true
wec-2016-r8-shanghai-43,wec-2016-r8-shanghai,wec-2016,wec-2016-lmp2,wec-2016-lmp2-43,43,rgr-sport-by-morand,ligier,ligier-js-p2-nissan,true
wec-2016-r8-shanghai-36,wec-2016-r8-shanghai,wec-2016,wec-2016-lmp2,wec-2016-lmp2-36,36,signatech-alpine,alpine,alpine-a460-nissan,true
wec-2016-r8-shanghai-31,wec-2016-r8-shanghai,wec-2016,wec-2016-lmp2,wec-2016-lmp2-31,31,extreme-speed-motorsports,ligier,ligier-js-p2-nissan,true
wec-2016-r8-shanghai-27,wec-2016-r8-shanghai,wec-2016,wec-2016-lmp2,wec-2016-lmp2-27,27,smp-racing,br01,br01-nissan,true
wec-2016-r8-shanghai-37,wec-2016-r8-shanghai,wec-2016,wec-2016-lmp2,wec-2016-lmp2-37,37,smp-racing,br01,br01-nissan,true
wec-2016-r8-shanghai-35,wec-2016-r8-shanghai,wec-2016,wec-2016-lmp2,wec-2016-lmp2-35,35,baxi-dc-racing-alpine,alpine,alpine-a460-nissan,true
wec-2016-r8-shanghai-44,wec-2016-r8-shanghai,wec-2016,wec-2016-lmp2,wec-2016-lmp2-44,44,manor,oreca,oreca-05-nissan,true
wec-2016-r8-shanghai-67,wec-2016-r8-shanghai,wec-2016,wec-2016-lmgte-pro,wec-2016-lmgte-pro-67,67,ford-chip-ganassi-team-uk,ford,ford-gt,true
wec-2016-r8-shanghai-66,wec-2016-r8-shanghai,wec-2016,wec-2016-lmgte-pro,wec-2016-lmgte-pro-66,66,ford-chip-ganassi-team-uk,ford,ford-gt,true
wec-2016-r8-shanghai-51,wec-2016-r8-shanghai,wec-2016,wec-2016-lmgte-pro,wec-2016-lmgte-pro-51,51,af-corse,ferrari,ferrari-488-gte,true
wec-2016-r8-shanghai-95,wec-2016-r8-shanghai,wec-2016,wec-2016-lmgte-pro,wec-2016-lmgte-pro-95,95,aston-martin-racing,aston-martin,aston-martin-vantage-v8,true
wec-2016-r8-shanghai-71,wec-2016-r8-shanghai,wec-2016,wec-2016-lmgte-pro,wec-2016-lmgte-pro-71,71,af-corse,ferrari,ferrari-488-gte,true
wec-2016-r8-shanghai-77,wec-2016-r8-shanghai,wec-2016,wec-2016-lmgte-pro,wec-2016-lmgte-pro-77,77,dempsey-proton-racing,porsche,porsche-911-rsr-2016,true
wec-2016-r8-shanghai-98,wec-2016-r8-shanghai,wec-2016,wec-2016-lmgte-am,wec-2016-lmgte-am-98,98,aston-martin-racing,aston-martin,aston-martin-vantage-v8,true
wec-2016-r8-shanghai-13,wec-2016-r8-shanghai,wec-2016,wec-2016-lmp1,wec-2016-lmp1-13,13,rebellion-racing,rebellion,rebellion-r-one-aer,true
wec-2016-r8-shanghai-83,wec-2016-r8-shanghai,wec-2016,wec-2016-lmgte-am,wec-2016-lmgte-am-83,83,af-corse,ferrari,ferrari-f458-italia,true
wec-2016-r8-shanghai-78,wec-2016-r8-shanghai,wec-2016,wec-2016-lmgte-am,wec-2016-lmgte-am-78,78,kcmg,porsche,porsche-911-rsr,true
wec-2016-r8-shanghai-88,wec-2016-r8-shanghai,wec-2016,wec-2016-lmgte-am,wec-2016-lmgte-am-88,88,abu-dhabi-proton-racing,porsche,porsche-911-rsr,true
wec-2016-r8-shanghai-50,wec-2016-r8-shanghai,wec-2016,wec-2016-lmgte-am,wec-2016-lmgte-am-50,50,larbre-competition,chevrolet,chevrolet-corvette-c7-z06,true
wec-2016-r8-shanghai-86,wec-2016-r8-shanghai,wec-2016,wec-2016-lmgte-am,wec-2016-lmgte-am-86,86,gulf-racing,porsche,porsche-911-rsr,true
wec-2016-r8-shanghai-97,wec-2016-r8-shanghai,wec-2016,wec-2016-lmgte-pro,wec-2016-lmgte-pro-97,97,aston-martin-racing,aston-martin,aston-martin-vantage-v8,true
wec-2016-r8-shanghai-45,wec-2016-r8-shanghai,wec-2016,wec-2016-lmp2,wec-2016-lmp2-45,45,manor,oreca,oreca-05-nissan,true
wec-2016-r9-bahrain-8,wec-2016-r9-bahrain,wec-2016,wec-2016-lmp1,wec-2016-lmp1-8,8,audi-sport-team-joest,audi,audi-r18,true
wec-2016-r9-bahrain-7,wec-2016-r9-bahrain,wec-2016,wec-2016-lmp1,wec-2016-lmp1-7,7,audi-sport-team-joest,audi,audi-r18,true
wec-2016-r9-bahrain-1,wec-2016-r9-bahrain,wec-2016,wec-2016-lmp1,wec-2016-lmp1-1,1,porsche-team,porsche,porsche-919-hybrid,true
wec-2016-r9-bahrain-5,wec-2016-r9-bahrain,wec-2016,wec-2016-lmp1,wec-2016-lmp1-5,5,toyota-gazoo-racing,toyota,toyota-ts050-hybrid,true
wec-2016-r9-bahrain-6,wec-2016-r9-bahrain,wec-2016,wec-2016-lmp1,wec-2016-lmp1-6,6,toyota-gazoo-racing,toyota,toyota-ts050-hybrid,true
wec-2016-r9-bahrain-2,wec-2016-r9-bahrain,wec-2016,wec-2016-lmp1,wec-2016-lmp1-2,2,porsche-team,porsche,porsche-919-hybrid,true
wec-2016-r9-bahrain-13,wec-2016-r9-bahrain,wec-2016,wec-2016-lmp1,wec-2016-lmp1-13,13,rebellion-racing,rebellion,rebellion-r-one-aer,true
wec-2016-r9-bahrain-4,wec-2016-r9-bahrain,wec-2016,wec-2016-lmp1,wec-2016-lmp1-4,4,bykolles-racing-team,clm,clm-p1-01-aer,true
wec-2016-r9-bahrain-26,wec-2016-r9-bahrain,wec-2016,wec-2016-lmp2,wec-2016-lmp2-26,26,g-drive-racing,oreca,oreca-05-nissan,true
wec-2016-r9-bahrain-43,wec-2016-r9-bahrain,wec-2016,wec-2016-lmp2,wec-2016-lmp2-43,43,rgr-sport-by-morand,ligier,ligier-js-p2-nissan,true
wec-2016-r9-bahrain-36,wec-2016-r9-bahrain,wec-2016,wec-2016-lmp2,wec-2016-lmp2-36,36,signatech-alpine,alpine,alpine-a460-nissan,true
wec-2016-r9-bahrain-31,wec-2016-r9-bahrain,wec-2016,wec-2016-lmp2,wec-2016-lmp2-31,31,extreme-speed-motorsports,ligier,ligier-js-p2-nissan,true
wec-2016-r9-bahrain-30,wec-2016-r9-bahrain,wec-2016,wec-2016-lmp2,wec-2016-lmp2-30,30,extreme-speed-motorsports,ligier,ligier-js-p2-nissan,true
wec-2016-r9-bahrain-35,wec-2016-r9-bahrain,wec-2016,wec-2016-lmp2,wec-2016-lmp2-35,35,baxi-dc-racing-alpine,alpine,alpine-a460-nissan,true
wec-2016-r9-bahrain-45,wec-2016-r9-bahrain,wec-2016,wec-2016-lmp2,wec-2016-lmp2-45,45,manor,oreca,oreca-05-nissan,true
wec-2016-r9-bahrain-37,wec-2016-r9-bahrain,wec-2016,wec-2016-lmp2,wec-2016-lmp2-37,37,smp-racing,br01,br01-nissan,true
wec-2016-r9-bahrain-27,wec-2016-r9-bahrain,wec-2016,wec-2016-lmp2,wec-2016-lmp2-27,27,smp-racing,br01,br01-nissan,true
wec-2016-r9-bahrain-44,wec-2016-r9-bahrain,wec-2016,wec-2016-lmp2,wec-2016-lmp2-44,44,manor,oreca,oreca-05-nissan,true
wec-2016-r9-bahrain-95,wec-2016-r9-bahrain,wec-2016,wec-2016-lmgte-pro,wec-2016-lmgte-pro-95,95,aston-martin-racing,aston-martin,aston-martin-vantage-v8,true
wec-2016-r9-bahrain-51,wec-2016-r9-bahrain,wec-2016,wec-2016-lmgte-pro,wec-2016-lmgte-pro-51,51,af-corse,ferrari,ferrari-488-gte,true
wec-2016-r9-bahrain-71,wec-2016-r9-bahrain,wec-2016,wec-2016-lmgte-pro,wec-2016-lmgte-pro-71,71,af-corse,ferrari,ferrari-488-gte,true
wec-2016-r9-bahrain-67,wec-2016-r9-bahrain,wec-2016,wec-2016-lmgte-pro,wec-2016-lmgte-pro-67,67,ford-chip-ganassi-team-uk,ford,ford-gt,true
wec-2016-r9-bahrain-97,wec-2016-r9-bahrain,wec-2016,wec-2016-lmgte-pro,wec-2016-lmgte-pro-97,97,aston-martin-racing,aston-martin,aston-martin-vantage-v8,true
wec-2016-r9-bahrain-66,wec-2016-r9-bahrain,wec-2016,wec-2016-lmgte-pro,wec-2016-lmgte-pro-66,66,ford-chip-ganassi-team-uk,ford,ford-gt,true
wec-2016-r9-bahrain-77,wec-2016-r9-bahrain,wec-2016,wec-2016-lmgte-pro,wec-2016-lmgte-pro-77,77,dempsey-proton-racing,porsche,porsche-911-rsr-2016,true
wec-2016-r9-bahrain-88,wec-2016-r9-bahrain,wec-2016,wec-2016-lmgte-am,wec-2016-lmgte-am-88,88,abu-dhabi-proton-racing,porsche,porsche-911-rsr,true
wec-2016-r9-bahrain-78,wec-2016-r9-bahrain,wec-2016,wec-2016-lmgte-am,wec-2016-lmgte-am-78,78,kcmg,porsche,porsche-911-rsr,true
wec-2016-r9-bahrain-83,wec-2016-r9-bahrain,wec-2016,wec-2016-lmgte-am,wec-2016-lmgte-am-83,83,af-corse,ferrari,ferrari-f458-italia,true
wec-2016-r9-bahrain-86,wec-2016-r9-bahrain,wec-2016,wec-2016-lmgte-am,wec-2016-lmgte-am-86,86,gulf-racing,porsche,porsche-911-rsr,true
wec-2016-r9-bahrain-50,wec-2016-r9-bahrain,wec-2016,wec-2016-lmgte-am,wec-2016-lmgte-am-50,50,larbre-competition,chevrolet,chevrolet-corvette-c7-z06,true
wec-2016-r9-bahrain-98,wec-2016-r9-bahrain,wec-2016,wec-2016-lmgte-am,wec-2016-lmgte-am-98,98,aston-martin-racing,aston-martin,aston-martin-vantage-v8,true
wec-2017-r1-silverstone-8,wec-2017-r1-silverstone,wec-2017,wec-2017-lmp1,wec-2017-lmp1-8,8,toyota-gazoo-racing,toyota,toyota-ts050-hybrid,true
wec-2017-r1-silverstone-2,wec-2017-r1-silverstone,wec-2017,wec-2017-lmp1,wec-2017-lmp1-2,2,porsche-lmp-team,porsche,porsche-919-hybrid,true
wec-2017-r1-silverstone-1,wec-2017-r1-silverstone,wec-2017,wec-2017-lmp1,wec-2017-lmp1-1,1,porsche-lmp-team,porsche,porsche-919-hybrid,true
wec-2017-r1-silverstone-38,wec-2017-r1-silverstone,wec-2017,wec-2017-lmp2,wec-2017-lmp2-38,38,jackie-chan-dc-racing,oreca,oreca-07-gibson,true
wec-2017-r1-silverstone-31,wec-2017-r1-silverstone,wec-2017,wec-2017-lmp2,wec-2017-lmp2-31,31,vaillante-rebellion,oreca,oreca-07-gibson,true
wec-2017-r1-silverstone-28,wec-2017-r1-silverstone,wec-2017,wec-2017-lmp2,wec-2017-lmp2-28,28,tds-racing,oreca,oreca-07-gibson,true
wec-2017-r1-silverstone-36,wec-2017-r1-silverstone,wec-2017,wec-2017-lmp2,wec-2017-lmp2-36,36,signatech-alpine-matmut,alpine,alpine-a470-gibson,true
wec-2017-r1-silverstone-26,wec-2017-r1-silverstone,wec-2017,wec-2017-lmp2,wec-2017-lmp2-26,26,g-drive-racing,oreca,oreca-07-gibson,true
wec-2017-r1-silverstone-24,wec-2017-r1-silverstone,wec-2017,wec-2017-lmp2,wec-2017-lmp2-24,24,cefc-manor-trs-racing,oreca,oreca-07-gibson,true
wec-2017-r1-silverstone-25,wec-2017-r1-silverstone,wec-2017,wec-2017-lmp2,wec-2017-lmp2-25,25,cefc-manor-trs-racing,oreca,oreca-07-gibson,true
wec-2017-r1-silverstone-37,wec-2017-r1-silverstone,wec-2017,wec-2017-lmp2,wec-2017-lmp2-37,37,jackie-chan-dc-racing,oreca,oreca-07-gibson,true
wec-2017-r1-silverstone-13,wec-2017-r1-silverstone,wec-2017,wec-2017-lmp2,wec-2017-lmp2-13,13,vaillante-rebellion,oreca,oreca-07-gibson,true
wec-2017-r1-silverstone-67,wec-2017-r1-silverstone,wec-2017,wec-2017-lmgte-pro,wec-2017-lmgte-pro-67,67,ford-chip-ganassi-team-uk,ford,ford-gt,true
wec-2017-r1-silverstone-51,wec-2017-r1-silverstone,wec-2017,wec-2017-lmgte-pro,wec-2017-lmgte-pro-51,51,af-corse,ferrari,ferrari-488-gte,true
wec-2017-r1-silverstone-91,wec-2017-r1-silverstone,wec-2017,wec-2017-lmgte-pro,wec-2017-lmgte-pro-91,91,porsche-gt-team,porsche,porsche-911-rsr,true
wec-2017-r1-silverstone-66,wec-2017-r1-silverstone,wec-2017,wec-2017-lmgte-pro,wec-2017-lmgte-pro-66,66,ford-chip-ganassi-team-uk,ford,ford-gt,true
wec-2017-r1-silverstone-71,wec-2017-r1-silverstone,wec-2017,wec-2017-lmgte-pro,wec-2017-lmgte-pro-71,71,af-corse,ferrari,ferrari-488-gte,true
wec-2017-r1-silverstone-95,wec-2017-r1-silverstone,wec-2017,wec-2017-lmgte-pro,wec-2017-lmgte-pro-95,95,aston-martin-racing,aston-martin,aston-martin-vantage,true
wec-2017-r1-silverstone-97,wec-2017-r1-silverstone,wec-2017,wec-2017-lmgte-pro,wec-2017-lmgte-pro-97,97,aston-martin-racing,aston-martin,aston-martin-vantage,true
wec-2017-r1-silverstone-61,wec-2017-r1-silverstone,wec-2017,wec-2017-lmgte-am,wec-2017-lmgte-am-61,61,clearwater-racing,ferrari,ferrari-488-gte,true
wec-2017-r1-silverstone-98,wec-2017-r1-silverstone,wec-2017,wec-2017-lmgte-am,wec-2017-lmgte-am-98,98,aston-martin-racing,aston-martin,aston-martin-v8-vantage,true
wec-2017-r1-silverstone-77,wec-2017-r1-silverstone,wec-2017,wec-2017-lmgte-am,wec-2017-lmgte-am-77,77,dempsey-proton-racing,porsche,porsche-911-rsr-991,true
wec-2017-r1-silverstone-7,wec-2017-r1-silverstone,wec-2017,wec-2017-lmp1,wec-2017-lmp1-7,7,toyota-gazoo-racing,toyota,toyota-ts050-hybrid,true
wec-2017-r1-silverstone-86,wec-2017-r1-silverstone,wec-2017,wec-2017-lmgte-am,wec-2017-lmgte-am-86,86,gulf-racing-uk,porsche,porsche-911-rsr-991,true
wec-2017-r1-silverstone-54,wec-2017-r1-silverstone,wec-2017,wec-2017-lmgte-am,wec-2017-lmgte-am-54,54,spirit-of-race,ferrari,ferrari-488-gte,true
wec-2017-r1-silverstone-4,wec-2017-r1-silverstone,wec-2017,wec-2017-lmp1,wec-2017-lmp1-4,4,bykolles-racing-team,enso,enso-clm-p1-01-nismo,true
wec-2017-r1-silverstone-92,wec-2017-r1-silverstone,wec-2017,wec-2017-lmgte-pro,wec-2017-lmgte-pro-92,92,porsche-gt-team,porsche,porsche-911-rsr,true
wec-2017-r2-spa-8,wec-2017-r2-spa,wec-2017,wec-2017-lmp1,wec-2017-lmp1-8,8,toyota-gazoo-racing,toyota,toyota-ts050-hybrid,true
wec-2017-r2-spa-7,wec-2017-r2-spa,wec-2017,wec-2017-lmp1,wec-2017-lmp1-7,7,toyota-gazoo-racing,toyota,toyota-ts050-hybrid,true
wec-2017-r2-spa-2,wec-2017-r2-spa,wec-2017,wec-2017-lmp1,wec-2017-lmp1-2,2,porsche-lmp-team,porsche,porsche-919-hybrid,true
wec-2017-r2-spa-1,wec-2017-r2-spa,wec-2017,wec-2017-lmp1,wec-2017-lmp1-1,1,porsche-lmp-team,porsche,porsche-919-hybrid,true
wec-2017-r2-spa-9,wec-2017-r2-spa,wec-2017,wec-2017-lmp1,wec-2017-lmp1-9,9,toyota-gazoo-racing,toyota,toyota-ts050-hybrid,true
wec-2017-r2-spa-4,wec-2017-r2-spa,wec-2017,wec-2017-lmp1,wec-2017-lmp1-4,4,bykolles-racing-team,enso,enso-clm-p1-01-nismo,true
wec-2017-r2-spa-26,wec-2017-r2-spa,wec-2017,wec-2017-lmp2,wec-2017-lmp2-26,26,g-drive-racing,oreca,oreca-07-gibson,true
wec-2017-r2-spa-31,wec-2017-r2-spa,wec-2017,wec-2017-lmp2,wec-2017-lmp2-31,31,vaillante-rebellion,oreca,oreca-07-gibson,true
wec-2017-r2-spa-38,wec-2017-r2-spa,wec-2017,wec-2017-lmp2,wec-2017-lmp2-38,38,jackie-chan-dc-racing,oreca,oreca-07-gibson,true
wec-2017-r2-spa-13,wec-2017-r2-spa,wec-2017,wec-2017-lmp2,wec-2017-lmp2-13,13,vaillante-rebellion,oreca,oreca-07-gibson,true
wec-2017-r2-spa-36,wec-2017-r2-spa,wec-2017,wec-2017-lmp2,wec-2017-lmp2-36,36,signatech-alpine-matmut,alpine,alpine-a470-gibson,true
wec-2017-r2-spa-35,wec-2017-r2-spa,wec-2017,wec-2017-lmp2,wec-2017-lmp2-35,35,signatech-alpine-matmut,alpine,alpine-a470-gibson,true
wec-2017-r2-spa-24,wec-2017-r2-spa,wec-2017,wec-2017-lmp2,wec-2017-lmp2-24,24,cefc-manor-trs-racing,oreca,oreca-07-gibson,true
wec-2017-r2-spa-25,wec-2017-r2-spa,wec-2017,wec-2017-lmp2,wec-2017-lmp2-25,25,cefc-manor-trs-racing,oreca,oreca-07-gibson,true
wec-2017-r2-spa-28,wec-2017-r2-spa,wec-2017,wec-2017-lmp2,wec-2017-lmp2-28,28,tds-racing,oreca,oreca-07-gibson,true
wec-2017-r2-spa-37,wec-2017-r2-spa,wec-2017,wec-2017-lmp2,wec-2017-lmp2-37,37,jackie-chan-dc-racing,oreca,oreca-07-gibson,true
wec-2017-r2-spa-71,wec-2017-r2-spa,wec-2017,wec-2017-lmgte-pro,wec-2017-lmgte-pro-71,71,af-corse,ferrari,ferrari-488-gte,true
wec-2017-r2-spa-51,wec-2017-r2-spa,wec-2017,wec-2017-lmgte-pro,wec-2017-lmgte-pro-51,51,af-corse,ferrari,ferrari-488-gte,true
wec-2017-r2-spa-66,wec-2017-r2-spa,wec-2017,wec-2017-lmgte-pro,wec-2017-lmgte-pro-66,66,ford-chip-ganassi-team-uk,ford,ford-gt,true
wec-2017-r2-spa-67,wec-2017-r2-spa,wec-2017,wec-2017-lmgte-pro,wec-2017-lmgte-pro-67,67,ford-chip-ganassi-team-uk,ford,ford-gt,true
wec-2017-r2-spa-91,wec-2017-r2-spa,wec-2017,wec-2017-lmgte-pro,wec-2017-lmgte-pro-91,91,porsche-gt-team,porsche,porsche-911-rsr,true
wec-2017-r2-spa-92,wec-2017-r2-spa,wec-2017,wec-2017-lmgte-pro,wec-2017-lmgte-pro-92,92,porsche-gt-team,porsche,porsche-911-rsr,true
wec-2017-r2-spa-97,wec-2017-r2-spa,wec-2017,wec-2017-lmgte-pro,wec-2017-lmgte-pro-97,97,aston-martin-racing,aston-martin,aston-martin-vantage,true
wec-2017-r2-spa-95,wec-2017-r2-spa,wec-2017,wec-2017-lmgte-pro,wec-2017-lmgte-pro-95,95,aston-martin-racing,aston-martin,aston-martin-vantage,true
wec-2017-r2-spa-98,wec-2017-r2-spa,wec-2017,wec-2017-lmgte-am,wec-2017-lmgte-am-98,98,aston-martin-racing,aston-martin,aston-martin-v8-vantage,true
wec-2017-r2-spa-77,wec-2017-r2-spa,wec-2017,wec-2017-lmgte-am,wec-2017-lmgte-am-77,77,dempsey-proton-racing,porsche,porsche-911-rsr-991,true
wec-2017-r2-spa-61,wec-2017-r2-spa,wec-2017,wec-2017-lmgte-am,wec-2017-lmgte-am-61,61,clearwater-racing,ferrari,ferrari-488-gte,true
wec-2017-r2-spa-54,wec-2017-r2-spa,wec-2017,wec-2017-lmgte-am,wec-2017-lmgte-am-54,54,spirit-of-race,ferrari,ferrari-488-gte,true
wec-2017-r2-spa-34,wec-2017-r2-spa,wec-2017,wec-2017-lmp2,wec-2017-lmp2-34,34,tockwith-motorsports,ligier,ligier-jsp217-gibson,true
wec-2017-r2-spa-86,wec-2017-r2-spa,wec-2017,wec-2017-lmgte-am,wec-2017-lmgte-am-86,86,gulf-racing-uk,porsche,porsche-911-rsr-991,true
wec-2017-r3-le-mans-2,wec-2017-r3-le-mans,wec-2017,wec-2017-lmp1,wec-2017-lmp1-2,2,porsche-lmp-team,porsche,porsche-919-hybrid,true
wec-2017-r3-le-mans-38,wec-2017-r3-le-mans,wec-2017,wec-2017-lmp2,wec-2017-lmp2-38,38,jackie-chan-dc-racing,oreca,oreca-07-gibson,true
wec-2017-r3-le-mans-13,wec-2017-r3-le-mans,wec-2017,wec-2017-lmp2,wec-2017-lmp2-13,13,vaillante-rebellion,oreca,oreca-07-gibson,true
wec-2017-r3-le-mans-37,wec-2017-r3-le-mans,wec-2017,wec-2017-lmp2,wec-2017-lmp2-37,37,jackie-chan-dc-racing,oreca,oreca-07-gibson,true
wec-2017-r3-le-mans-35,wec-2017-r3-le-mans,wec-2017,wec-2017-lmp2,wec-2017-lmp2-35,35,signatech-alpine-matmut,alpine,alpine-a470-gibson,true
wec-2017-r3-le-mans-32,wec-2017-r3-le-mans,wec-2017,wec-2017-lmp2,wec-2017-lmp2-32,32,united-autosports,ligier,ligier-jsp217-gibson,true
wec-2017-r3-le-mans-40,wec-2017-r3-le-mans,wec-2017,wec-2017-lmp2,wec-2017-lmp2-40,40,graff,oreca,oreca-07-gibson,true
wec-2017-r3-le-mans-24,wec-2017-r3-le-mans,wec-2017,wec-2017-lmp2,wec-2017-lmp2-24,24,cefc-manor-trs-racing,oreca,oreca-07-gibson,true
wec-2017-r3-le-mans-8,wec-2017-r3-le-mans,wec-2017,wec-2017-lmp1,wec-2017-lmp1-8,8,toyota-gazoo-racing,toyota,toyota-ts050-hybrid,true
wec-2017-r3-le-mans-47,wec-2017-r3-le-mans,wec-2017,wec-2017-lmp2,wec-2017-lmp2-47,47,cetilar-villorba-corse,dallara,dallara-p217-gibson,true
wec-2017-r3-le-mans-36,wec-2017-r3-le-mans,wec-2017,wec-2017-lmp2,wec-2017-lmp2-36,36,signatech-alpine-matmut,alpine,alpine-a470-gibson,true
wec-2017-r3-le-mans-34,wec-2017-r3-le-mans,wec-2017,wec-2017-lmp2,wec-2017-lmp2-34,34,tockwith-motorsports,ligier,ligier-jsp217-gibson,true
wec-2017-r3-le-mans-17,wec-2017-r3-le-mans,wec-2017,wec-2017-lmp2,wec-2017-lmp2-17,17,idec-sport-racing,ligier,ligier-jsp217-gibson,true
wec-2017-r3-le-mans-29,wec-2017-r3-le-mans,wec-2017,wec-2017-lmp2,wec-2017-lmp2-29,29,racing-team-nederland,dallara,dallara-p217-gibson,true
wec-2017-r3-le-mans-21,wec-2017-r3-le-mans,wec-2017,wec-2017-lmp2,wec-2017-lmp2-21,21,dragonspeed-10-star,oreca,oreca-07-gibson,true
wec-2017-r3-le-mans-33,wec-2017-r3-le-mans,wec-2017,wec-2017-lmp2,wec-2017-lmp2-33,33,eurasia-motorsport,ligier,ligier-jsp217-gibson,true
wec-2017-r3-le-mans-31,wec-2017-r3-le-mans,wec-2017,wec-2017-lmp2,wec-2017-lmp2-31,31,vaillante-rebellion,oreca,oreca-07-gibson,true
wec-2017-r3-le-mans-97,wec-2017-r3-le-mans,wec-2017,wec-2017-lmgte-pro,wec-2017-lmgte-pro-97,97,aston-martin-racing,aston-martin,aston-martin-vantage,true
wec-2017-r3-le-mans-67,wec-2017-r3-le-mans,wec-2017,wec-2017-lmgte-pro,wec-2017-lmgte-pro-67,67,ford-chip-ganassi-team-uk,ford,ford-gt,true
wec-2017-r3-le-mans-63,wec-2017-r3-le-mans,wec-2017,wec-2017-lmgte-pro,wec-2017-lmgte-pro-63,63,corvette-racing-gm,chevrolet,chevrolet-corvette-c7-r,true
wec-2017-r3-le-mans-91,wec-2017-r3-le-mans,wec-2017,wec-2017-lmgte-pro,wec-2017-lmgte-pro-91,91,porsche-gt-team,porsche,porsche-911-rsr,true
wec-2017-r3-le-mans-71,wec-2017-r3-le-mans,wec-2017,wec-2017-lmgte-pro,wec-2017-lmgte-pro-71,71,af-corse,ferrari,ferrari-488-gte,true
wec-2017-r3-le-mans-68,wec-2017-r3-le-mans,wec-2017,wec-2017-lmgte-pro,wec-2017-lmgte-pro-68,68,ford-chip-ganassi-team-usa,ford,ford-gt,true
wec-2017-r3-le-mans-69,wec-2017-r3-le-mans,wec-2017,wec-2017-lmgte-pro,wec-2017-lmgte-pro-69,69,ford-chip-ganassi-team-usa,ford,ford-gt,true
wec-2017-r3-le-mans-64,wec-2017-r3-le-mans,wec-2017,wec-2017-lmgte-pro,wec-2017-lmgte-pro-64,64,corvette-racing-gm,chevrolet,chevrolet-corvette-c7-r,true
wec-2017-r3-le-mans-95,wec-2017-r3-le-mans,wec-2017,wec-2017-lmgte-pro,wec-2017-lmgte-pro-95,95,aston-martin-racing,aston-martin,aston-martin-vantage,true
wec-2017-r3-le-mans-84,wec-2017-r3-le-mans,wec-2017,wec-2017-lmgte-am,wec-2017-lmgte-am-84,84,jmw-motorsport,ferrari,ferrari-488-gte,true
wec-2017-r3-le-mans-66,wec-2017-r3-le-mans,wec-2017,wec-2017-lmgte-pro,wec-2017-lmgte-pro-66,66,ford-chip-ganassi-team-uk,ford,ford-gt,true
wec-2017-r3-le-mans-55,wec-2017-r3-le-mans,wec-2017,wec-2017-lmgte-am,wec-2017-lmgte-am-55,55,spirit-of-race,ferrari,ferrari-488-gte,true
wec-2017-r3-le-mans-62,wec-2017-r3-le-mans,wec-2017,wec-2017-lmgte-am,wec-2017-lmgte-am-62,62,scuderia-corsa,ferrari,ferrari-488-gte,true
wec-2017-r3-le-mans-99,wec-2017-r3-le-mans,wec-2017,wec-2017-lmgte-am,wec-2017-lmgte-am-99,99,beechdean-amr,aston-martin,aston-martin-vantage,true
wec-2017-r3-le-mans-61,wec-2017-r3-le-mans,wec-2017,wec-2017-lmgte-am,wec-2017-lmgte-am-61,61,clearwater-racing,ferrari,ferrari-488-gte,true
wec-2017-r3-le-mans-45,wec-2017-r3-le-mans,wec-2017,wec-2017-lmp2,wec-2017-lmp2-45,45,algarve-pro-racing,ligier,ligier-jsp217-gibson,true
wec-2017-r3-le-mans-27,wec-2017-r3-le-mans,wec-2017,wec-2017-lmp2,wec-2017-lmp2-27,27,smp-racing,dallara,dallara-p217-gibson,true
wec-2017-r3-le-mans-77,wec-2017-r3-le-mans,wec-2017,wec-2017-lmgte-am,wec-2017-lmgte-am-77,77,dempsey-proton-racing,porsche,porsche-911-rsr-991,true
wec-2017-r3-le-mans-90,wec-2017-r3-le-mans,wec-2017,wec-2017-lmgte-am,wec-2017-lmgte-am-90,90,tf-sport,aston-martin,aston-martin-vantage,true
wec-2017-r3-le-mans-98,wec-2017-r3-le-mans,wec-2017,wec-2017-lmgte-am,wec-2017-lmgte-am-98,98,aston-martin-racing,aston-martin,aston-martin-vantage,true
wec-2017-r3-le-mans-93,wec-2017-r3-le-mans,wec-2017,wec-2017-lmgte-am,wec-2017-lmgte-am-93,93,proton-competition,porsche,porsche-911-rsr-991,true
wec-2017-r3-le-mans-86,wec-2017-r3-le-mans,wec-2017,wec-2017-lmgte-am,wec-2017-lmgte-am-86,86,gulf-racing-uk,porsche,porsche-911-rsr-2016,true
wec-2017-r3-le-mans-22,wec-2017-r3-le-mans,wec-2017,wec-2017-lmp2,wec-2017-lmp2-22,22,g-drive-racing,oreca,oreca-07-gibson,true
wec-2017-r3-le-mans-60,wec-2017-r3-le-mans,wec-2017,wec-2017-lmgte-am,wec-2017-lmgte-am-60,60,clearwater-racing,ferrari,ferrari-488-gte,true
wec-2017-r3-le-mans-54,wec-2017-r3-le-mans,wec-2017,wec-2017-lmgte-am,wec-2017-lmgte-am-54,54,spirit-of-race,ferrari,ferrari-488-gte,true
wec-2017-r3-le-mans-83,wec-2017-r3-le-mans,wec-2017,wec-2017-lmgte-am,wec-2017-lmgte-am-83,83,dh-racing,ferrari,ferrari-488-gte,true
wec-2017-r3-le-mans-39,wec-2017-r3-le-mans,wec-2017,wec-2017-lmp2,wec-2017-lmp2-39,39,graff,oreca,oreca-07-gibson,true
wec-2017-r3-le-mans-65,wec-2017-r3-le-mans,wec-2017,wec-2017-lmgte-am,wec-2017-lmgte-am-65,65,scuderia-corsa,ferrari,ferrari-488-gte,true
wec-2017-r3-le-mans-49,wec-2017-r3-le-mans,wec-2017,wec-2017-lmp2,wec-2017-lmp2-49,49,arc-bratislava,ligier,ligier-jsp217-gibson,true
wec-2017-r3-le-mans-51,wec-2017-r3-le-mans,wec-2017,wec-2017-lmgte-pro,wec-2017-lmgte-pro-51,51,af-corse,ferrari,ferrari-488-gte,true
wec-2017-r3-le-mans-43,wec-2017-r3-le-mans,wec-2017,wec-2017-lmp2,wec-2017-lmp2-43,43,keating-motorsports,riley,riley-mk30-gibson,true
wec-2017-r3-le-mans-50,wec-2017-r3-le-mans,wec-2017,wec-2017-lmgte-am,wec-2017-lmgte-am-50,50,larbre-competition,chevrolet,chevrolet-corvette-c7-r,true
wec-2017-r3-le-mans-1,wec-2017-r3-le-mans,wec-2017,wec-2017-lmp1,wec-2017-lmp1-1,1,porsche-lmp-team,porsche,porsche-919-hybrid,true
wec-2017-r3-le-mans-23,wec-2017-r3-le-mans,wec-2017,wec-2017-lmp2,wec-2017-lmp2-23,23,panis-barthez-competition,ligier,ligier-jsp217-gibson,true
wec-2017-r3-le-mans-28,wec-2017-r3-le-mans,wec-2017,wec-2017-lmp2,wec-2017-lmp2-28,28,tds-racing,oreca,oreca-07-gibson,true
wec-2017-r3-le-mans-92,wec-2017-r3-le-mans,wec-2017,wec-2017-lmgte-pro,wec-2017-lmgte-pro-92,92,porsche-gt-team,porsche,porsche-911-rsr,true
wec-2017-r3-le-mans-9,wec-2017-r3-le-mans,wec-2017,wec-2017-lmp1,wec-2017-lmp1-9,9,toyota-gazoo-racing,toyota,toyota-ts050-hybrid,true
wec-2017-r3-le-mans-7,wec-2017-r3-le-mans,wec-2017,wec-2017-lmp1,wec-2017-lmp1-7,7,toyota-gazoo-racing,toyota,toyota-ts050-hybrid,true
wec-2017-r3-le-mans-25,wec-2017-r3-le-mans,wec-2017,wec-2017-lmp2,wec-2017-lmp2-25,25,cefc-manor-trs-racing,oreca,oreca-07-gibson,true
wec-2017-r3-le-mans-82,wec-2017-r3-le-mans,wec-2017,wec-2017-lmgte-pro,wec-2017-lmgte-pro-82,82,risi-competizione,ferrari,ferrari-488-gte,true
wec-2017-r3-le-mans-26,wec-2017-r3-le-mans,wec-2017,wec-2017-lmp2,wec-2017-lmp2-26,26,g-drive-racing,oreca,oreca-07-gibson,true
wec-2017-r3-le-mans-88,wec-2017-r3-le-mans,wec-2017,wec-2017-lmgte-am,wec-2017-lmgte-am-88,88,proton-competition,porsche,porsche-911-rsr-991,true
wec-2017-r3-le-mans-4,wec-2017-r3-le-mans,wec-2017,wec-2017-lmp1,wec-2017-lmp1-4,4,bykolles-racing-team,enso,enso-clm-p1-01-nismo,true
wec-2017-r4-nurburgring-2,wec-2017-r4-nurburgring,wec-2017,wec-2017-lmp1,wec-2017-lmp1-2,2,porsche-lmp-team,porsche,porsche-919-hybrid,true
wec-2017-r4-nurburgring-1,wec-2017-r4-nurburgring,wec-2017,wec-2017-lmp1,wec-2017-lmp1-1,1,porsche-lmp-team,porsche,porsche-919-hybrid,true
wec-2017-r4-nurburgring-7,wec-2017-r4-nurburgring,wec-2017,wec-2017-lmp1,wec-2017-lmp1-7,7,toyota-gazoo-racing,toyota,toyota-ts050-hybrid,true
wec-2017-r4-nurburgring-8,wec-2017-r4-nurburgring,wec-2017,wec-2017-lmp1,wec-2017-lmp1-8,8,toyota-gazoo-racing,toyota,toyota-ts050-hybrid,true
wec-2017-r4-nurburgring-38,wec-2017-r4-nurburgring,wec-2017,wec-2017-lmp2,wec-2017-lmp2-38,38,jackie-chan-dc-racing,oreca,oreca-07-gibson,true
wec-2017-r4-nurburgring-31,wec-2017-r4-nurburgring,wec-2017,wec-2017-lmp2,wec-2017-lmp2-31,31,vaillante-rebellion,oreca,oreca-07-gibson,true
wec-2017-r4-nurburgring-36,wec-2017-r4-nurburgring,wec-2017,wec-2017-lmp2,wec-2017-lmp2-36,36,signatech-alpine-matmut,alpine,alpine-a470-gibson,true
wec-2017-r4-nurburgring-13,wec-2017-r4-nurburgring,wec-2017,wec-2017-lmp2,wec-2017-lmp2-13,13,vaillante-rebellion,oreca,oreca-07-gibson,true
wec-2017-r4-nurburgring-37,wec-2017-r4-nurburgring,wec-2017,wec-2017-lmp2,wec-2017-lmp2-37,37,jackie-chan-dc-racing,oreca,oreca-07-gibson,true
wec-2017-r4-nurburgring-26,wec-2017-r4-nurburgring,wec-2017,wec-2017-lmp2,wec-2017-lmp2-26,26,g-drive-racing,oreca,oreca-07-gibson,true
wec-2017-r4-nurburgring-25,wec-2017-r4-nurburgring,wec-2017,wec-2017-lmp2,wec-2017-lmp2-25,25,cefc-manor-trs-racing,oreca,oreca-07-gibson,true
wec-2017-r4-nurburgring-28,wec-2017-r4-nurburgring,wec-2017,wec-2017-lmp2,wec-2017-lmp2-28,28,tds-racing,oreca,oreca-07-gibson,true
wec-2017-r4-nurburgring-24,wec-2017-r4-nurburgring,wec-2017,wec-2017-lmp2,wec-2017-lmp2-24,24,cefc-manor-trs-racing,oreca,oreca-07-gibson,true
wec-2017-r4-nurburgring-4,wec-2017-r4-nurburgring,wec-2017,wec-2017-lmp1,wec-2017-lmp1-4,4,bykolles-racing-team,enso,enso-clm-p1-01-nismo,true
wec-2017-r4-nurburgring-51,wec-2017-r4-nurburgring,wec-2017,wec-2017-lmgte-pro,wec-2017-lmgte-pro-51,51,af-corse,ferrari,ferrari-488-gte,true
wec-2017-r4-nurburgring-91,wec-2017-r4-nurburgring,wec-2017,wec-2017-lmgte-pro,wec-2017-lmgte-pro-91,91,porsche-gt-team,porsche,porsche-911-rsr,true
wec-2017-r4-nurburgring-92,wec-2017-r4-nurburgring,wec-2017,wec-2017-lmgte-pro,wec-2017-lmgte-pro-92,92,porsche-gt-team,porsche,porsche-911-rsr,true
wec-2017-r4-nurburgring-95,wec-2017-r4-nurburgring,wec-2017,wec-2017-lmgte-pro,wec-2017-lmgte-pro-95,95,aston-martin-racing,aston-martin,aston-martin-vantage,true
wec-2017-r4-nurburgring-67,wec-2017-r4-nurburgring,wec-2017,wec-2017-lmgte-pro,wec-2017-lmgte-pro-67,67,ford-chip-ganassi-team-uk,ford,ford-gt,true
wec-2017-r4-nurburgring-66,wec-2017-r4-nurburgring,wec-2017,wec-2017-lmgte-pro,wec-2017-lmgte-pro-66,66,ford-chip-ganassi-team-uk,ford,ford-gt,true
wec-2017-r4-nurburgring-97,wec-2017-r4-nurburgring,wec-2017,wec-2017-lmgte-pro,wec-2017-lmgte-pro-97,97,aston-martin-racing,aston-martin,aston-martin-vantage,true
wec-2017-r4-nurburgring-77,wec-2017-r4-nurburgring,wec-2017,wec-2017-lmgte-am,wec-2017-lmgte-am-77,77,dempsey-proton-racing,porsche,porsche-911-rsr-991,true
wec-2017-r4-nurburgring-54,wec-2017-r4-nurburgring,wec-2017,wec-2017-lmgte-am,wec-2017-lmgte-am-54,54,spirit-of-race,ferrari,ferrari-488-gte,true
wec-2017-r4-nurburgring-98,wec-2017-r4-nurburgring,wec-2017,wec-2017-lmgte-am,wec-2017-lmgte-am-98,98,aston-martin-racing,aston-martin,aston-martin-v8-vantage,true
wec-2017-r4-nurburgring-71,wec-2017-r4-nurburgring,wec-2017,wec-2017-lmgte-pro,wec-2017-lmgte-pro-71,71,af-corse,ferrari,ferrari-488-gte,true
wec-2017-r4-nurburgring-61,wec-2017-r4-nurburgring,wec-2017,wec-2017-lmgte-am,wec-2017-lmgte-am-61,61,clearwater-racing,ferrari,ferrari-488-gte,true
wec-2017-r4-nurburgring-86,wec-2017-r4-nurburgring,wec-2017,wec-2017-lmgte-am,wec-2017-lmgte-am-86,86,gulf-racing-uk,porsche,porsche-911-rsr-991,true
wec-2017-r4-nurburgring-34,wec-2017-r4-nurburgring,wec-2017,wec-2017-lmp2,wec-2017-lmp2-34,34,tockwith-motorsports,ligier,ligier-jsp217-gibson,true
wec-2017-r4-nurburgring-35,wec-2017-r4-nurburgring,wec-2017,wec-2017-lmp2,wec-2017-lmp2-35,35,signatech-alpine-matmut,alpine,alpine-a470-gibson,true
wec-2017-r5-mexico-city-2,wec-2017-r5-mexico-city,wec-2017,wec-2017-lmp1,wec-2017-lmp1-2,2,porsche-lmp-team,porsche,porsche-919-hybrid,true
wec-2017-r5-mexico-city-1,wec-2017-r5-mexico-city,wec-2017,wec-2017-lmp1,wec-2017-lmp1-1,1,porsche-lmp-team,porsche,porsche-919-hybrid,true
wec-2017-r5-mexico-city-8,wec-2017-r5-mexico-city,wec-2017,wec-2017-lmp1,wec-2017-lmp1-8,8,toyota-gazoo-racing,toyota,toyota-ts050-hybrid,true
wec-2017-r5-mexico-city-7,wec-2017-r5-mexico-city,wec-2017,wec-2017-lmp1,wec-2017-lmp1-7,7,toyota-gazoo-racing,toyota,toyota-ts050-hybrid,true
wec-2017-r5-mexico-city-31,wec-2017-r5-mexico-city,wec-2017,wec-2017-lmp2,wec-2017-lmp2-31,31,vaillante-rebellion,oreca,oreca-07-gibson,true
wec-2017-r5-mexico-city-36,wec-2017-r5-mexico-city,wec-2017,wec-2017-lmp2,wec-2017-lmp2-36,36,signatech-alpine-matmut,alpine,alpine-a470-gibson,true
wec-2017-r5-mexico-city-24,wec-2017-r5-mexico-city,wec-2017,wec-2017-lmp2,wec-2017-lmp2-24,24,cefc-manor-trs-racing,oreca,oreca-07-gibson,true
wec-2017-r5-mexico-city-26,wec-2017-r5-mexico-city,wec-2017,wec-2017-lmp2,wec-2017-lmp2-26,26,g-drive-racing,oreca,oreca-07-gibson,true
wec-2017-r5-mexico-city-13,wec-2017-r5-mexico-city,wec-2017,wec-2017-lmp2,wec-2017-lmp2-13,13,vaillante-rebellion,oreca,oreca-07-gibson,true
wec-2017-r5-mexico-city-37,wec-2017-r5-mexico-city,wec-2017,wec-2017-lmp2,wec-2017-lmp2-37,37,jackie-chan-dc-racing,oreca,oreca-07-gibson,true
wec-2017-r5-mexico-city-28,wec-2017-r5-mexico-city,wec-2017,wec-2017-lmp2,wec-2017-lmp2-28,28,tds-racing,oreca,oreca-07-gibson,true
wec-2017-r5-mexico-city-25,wec-2017-r5-mexico-city,wec-2017,wec-2017-lmp2,wec-2017-lmp2-25,25,cefc-manor-trs-racing,oreca,oreca-07-gibson,true
wec-2017-r5-mexico-city-38,wec-2017-r5-mexico-city,wec-2017,wec-2017-lmp2,wec-2017-lmp2-38,38,jackie-chan-dc-racing,oreca,oreca-07-gibson,true
wec-2017-r5-mexico-city-95,wec-2017-r5-mexico-city,wec-2017,wec-2017-lmgte-pro,wec-2017-lmgte-pro-95,95,aston-martin-racing,aston-martin,aston-martin-vantage,true
wec-2017-r5-mexico-city-71,wec-2017-r5-mexico-city,wec-2017,wec-2017-lmgte-pro,wec-2017-lmgte-pro-71,71,af-corse,ferrari,ferrari-488-gte,true
wec-2017-r5-mexico-city-91,wec-2017-r5-mexico-city,wec-2017,wec-2017-lmgte-pro,wec-2017-lmgte-pro-91,91,porsche-gt-team,porsche,porsche-911-rsr,true
wec-2017-r5-mexico-city-67,wec-2017-r5-mexico-city,wec-2017,wec-2017-lmgte-pro,wec-2017-lmgte-pro-67,67,ford-chip-ganassi-team-uk,ford,ford-gt,true
wec-2017-r5-mexico-city-92,wec-2017-r5-mexico-city,wec-2017,wec-2017-lmgte-pro,wec-2017-lmgte-pro-92,92,porsche-gt-team,porsche,porsche-911-rsr,true
wec-2017-r5-mexico-city-51,wec-2017-r5-mexico-city,wec-2017,wec-2017-lmgte-pro,wec-2017-lmgte-pro-51,51,af-corse,ferrari,ferrari-488-gte,true
wec-2017-r5-mexico-city-66,wec-2017-r5-mexico-city,wec-2017,wec-2017-lmgte-pro,wec-2017-lmgte-pro-66,66,ford-chip-ganassi-team-uk,ford,ford-gt,true
wec-2017-r5-mexico-city-77,wec-2017-r5-mexico-city,wec-2017,wec-2017-lmgte-am,wec-2017-lmgte-am-77,77,dempsey-proton-racing,porsche,porsche-911-rsr-991,true
wec-2017-r5-mexico-city-98,wec-2017-r5-mexico-city,wec-2017,wec-2017-lmgte-am,wec-2017-lmgte-am-98,98,aston-martin-racing,aston-martin,aston-martin-v8-vantage,true
wec-2017-r5-mexico-city-86,wec-2017-r5-mexico-city,wec-2017,wec-2017-lmgte-am,wec-2017-lmgte-am-86,86,gulf-racing-uk,porsche,porsche-911-rsr-991,true
wec-2017-r5-mexico-city-54,wec-2017-r5-mexico-city,wec-2017,wec-2017-lmgte-am,wec-2017-lmgte-am-54,54,spirit-of-race,ferrari,ferrari-488-gte,true
wec-2017-r5-mexico-city-61,wec-2017-r5-mexico-city,wec-2017,wec-2017-lmgte-am,wec-2017-lmgte-am-61,61,clearwater-racing,ferrari,ferrari-488-gte,true
wec-2017-r5-mexico-city-97,wec-2017-r5-mexico-city,wec-2017,wec-2017-lmgte-pro,wec-2017-lmgte-pro-97,97,aston-martin-racing,aston-martin,aston-martin-vantage,true
wec-2017-r6-cota-2,wec-2017-r6-cota,wec-2017,wec-2017-lmp1,wec-2017-lmp1-2,2,porsche-lmp-team,porsche,porsche-919-hybrid,true
wec-2017-r6-cota-1,wec-2017-r6-cota,wec-2017,wec-2017-lmp1,wec-2017-lmp1-1,1,porsche-lmp-team,porsche,porsche-919-hybrid,true
wec-2017-r6-cota-8,wec-2017-r6-cota,wec-2017,wec-2017-lmp1,wec-2017-lmp1-8,8,toyota-gazoo-racing,toyota,toyota-ts050-hybrid,true
wec-2017-r6-cota-7,wec-2017-r6-cota,wec-2017,wec-2017-lmp1,wec-2017-lmp1-7,7,toyota-gazoo-racing,toyota,toyota-ts050-hybrid,true
wec-2017-r6-cota-36,wec-2017-r6-cota,wec-2017,wec-2017-lmp2,wec-2017-lmp2-36,36,signatech-alpine-matmut,alpine,alpine-a470-gibson,true
wec-2017-r6-cota-13,wec-2017-r6-cota,wec-2017,wec-2017-lmp2,wec-2017-lmp2-13,13,vaillante-rebellion,oreca,oreca-07-gibson,true
wec-2017-r6-cota-31,wec-2017-r6-cota,wec-2017,wec-2017-lmp2,wec-2017-lmp2-31,31,vaillante-rebellion,oreca,oreca-07-gibson,true
wec-2017-r6-cota-38,wec-2017-r6-cota,wec-2017,wec-2017-lmp2,wec-2017-lmp2-38,38,jackie-chan-dc-racing,oreca,oreca-07-gibson,true
wec-2017-r6-cota-37,wec-2017-r6-cota,wec-2017,wec-2017-lmp2,wec-2017-lmp2-37,37,jackie-chan-dc-racing,oreca,oreca-07-gibson,true
wec-2017-r6-cota-24,wec-2017-r6-cota,wec-2017,wec-2017-lmp2,wec-2017-lmp2-24,24,cefc-manor-trs-racing,oreca,oreca-07-gibson,true
wec-2017-r6-cota-28,wec-2017-r6-cota,wec-2017,wec-2017-lmp2,wec-2017-lmp2-28,28,tds-racing,oreca,oreca-07-gibson,true
wec-2017-r6-cota-26,wec-2017-r6-cota,wec-2017,wec-2017-lmp2,wec-2017-lmp2-26,26,g-drive-racing,oreca,oreca-07-gibson,true
wec-2017-r6-cota-51,wec-2017-r6-cota,wec-2017,wec-2017-lmgte-pro,wec-2017-lmgte-pro-51,51,af-corse,ferrari,ferrari-488-gte,true
wec-2017-r6-cota-92,wec-2017-r6-cota,wec-2017,wec-2017-lmgte-pro,wec-2017-lmgte-pro-92,92,porsche-gt-team,porsche,porsche-911-rsr,true
wec-2017-r6-cota-71,wec-2017-r6-cota,wec-2017,wec-2017-lmgte-pro,wec-2017-lmgte-pro-71,71,af-corse,ferrari,ferrari-488-gte,true
wec-2017-r6-cota-95,wec-2017-r6-cota,wec-2017,wec-2017-lmgte-pro,wec-2017-lmgte-pro-95,95,aston-martin-racing,aston-martin,aston-martin-vantage,true
wec-2017-r6-cota-97,wec-2017-r6-cota,wec-2017,wec-2017-lmgte-pro,wec-2017-lmgte-pro-97,97,aston-martin-racing,aston-martin,aston-martin-vantage,true
wec-2017-r6-cota-91,wec-2017-r6-cota,wec-2017,wec-2017-lmgte-pro,wec-2017-lmgte-pro-91,91,porsche-gt-team,porsche,porsche-911-rsr,true
wec-2017-r6-cota-67,wec-2017-r6-cota,wec-2017,wec-2017-lmgte-pro,wec-2017-lmgte-pro-67,67,ford-chip-ganassi-team-uk,ford,ford-gt,true
wec-2017-r6-cota-66,wec-2017-r6-cota,wec-2017,wec-2017-lmgte-pro,wec-2017-lmgte-pro-66,66,ford-chip-ganassi-team-uk,ford,ford-gt,true
wec-2017-r6-cota-98,wec-2017-r6-cota,wec-2017,wec-2017-lmgte-am,wec-2017-lmgte-am-98,98,aston-martin-racing,aston-martin,aston-martin-v8-vantage,true
wec-2017-r6-cota-61,wec-2017-r6-cota,wec-2017,wec-2017-lmgte-am,wec-2017-lmgte-am-61,61,clearwater-racing,ferrari,ferrari-488-gte,true
wec-2017-r6-cota-54,wec-2017-r6-cota,wec-2017,wec-2017-lmgte-am,wec-2017-lmgte-am-54,54,spirit-of-race,ferrari,ferrari-488-gte,true
wec-2017-r6-cota-77,wec-2017-r6-cota,wec-2017,wec-2017-lmgte-am,wec-2017-lmgte-am-77,77,dempsey-proton-racing,porsche,porsche-911-rsr-991,true
wec-2017-r6-cota-86,wec-2017-r6-cota,wec-2017,wec-2017-lmgte-am,wec-2017-lmgte-am-86,86,gulf-racing-uk,porsche,porsche-911-rsr-991,true
wec-2017-r6-cota-25,wec-2017-r6-cota,wec-2017,wec-2017-lmp2,wec-2017-lmp2-25,25,cefc-manor-trs-racing,oreca,oreca-07-gibson,true
wec-2017-r7-fuji-8,wec-2017-r7-fuji,wec-2017,wec-2017-lmp1,wec-2017-lmp1-8,8,toyota-gazoo-racing,toyota,toyota-ts050-hybrid,true
wec-2017-r7-fuji-7,wec-2017-r7-fuji,wec-2017,wec-2017-lmp1,wec-2017-lmp1-7,7,toyota-gazoo-racing,toyota,toyota-ts050-hybrid,true
wec-2017-r7-fuji-1,wec-2017-r7-fuji,wec-2017,wec-2017-lmp1,wec-2017-lmp1-1,1,porsche-lmp-team,porsche,porsche-919-hybrid,true
wec-2017-r7-fuji-2,wec-2017-r7-fuji,wec-2017,wec-2017-lmp1,wec-2017-lmp1-2,2,porsche-lmp-team,porsche,porsche-919-hybrid,true
wec-2017-r7-fuji-31,wec-2017-r7-fuji,wec-2017,wec-2017-lmp2,wec-2017-lmp2-31,31,vaillante-rebellion,oreca,oreca-07-gibson,true
wec-2017-r7-fuji-36,wec-2017-r7-fuji,wec-2017,wec-2017-lmp2,wec-2017-lmp2-36,36,signatech-alpine-matmut,alpine,alpine-a470-gibson,true
wec-2017-r7-fuji-38,wec-2017-r7-fuji,wec-2017,wec-2017-lmp2,wec-2017-lmp2-38,38,jackie-chan-dc-racing,oreca,oreca-07-gibson,true
wec-2017-r7-fuji-28,wec-2017-r7-fuji,wec-2017,wec-2017-lmp2,wec-2017-lmp2-28,28,tds-racing,oreca,oreca-07-gibson,true
wec-2017-r7-fuji-24,wec-2017-r7-fuji,wec-2017,wec-2017-lmp2,wec-2017-lmp2-24,24,cefc-manor-trs-racing,oreca,oreca-07-gibson,true
wec-2017-r7-fuji-26,wec-2017-r7-fuji,wec-2017,wec-2017-lmp2,wec-2017-lmp2-26,26,g-drive-racing,oreca,oreca-07-gibson,true
wec-2017-r7-fuji-51,wec-2017-r7-fuji,wec-2017,wec-2017-lmgte-pro,wec-2017-lmgte-pro-51,51,af-corse,ferrari,ferrari-488-gte,true
wec-2017-r7-fuji-91,wec-2017-r7-fuji,wec-2017,wec-2017-lmgte-pro,wec-2017-lmgte-pro-91,91,porsche-gt-team,porsche,porsche-911-rsr,true
wec-2017-r7-fuji-25,wec-2017-r7-fuji,wec-2017,wec-2017-lmp2,wec-2017-lmp2-25,25,cefc-manor-trs-racing,oreca,oreca-07-gibson,true
wec-2017-r7-fuji-92,wec-2017-r7-fuji,wec-2017,wec-2017-lmgte-pro,wec-2017-lmgte-pro-92,92,porsche-gt-team,porsche,porsche-911-rsr,true
wec-2017-r7-fuji-66,wec-2017-r7-fuji,wec-2017,wec-2017-lmgte-pro,wec-2017-lmgte-pro-66,66,ford-chip-ganassi-team-uk,ford,ford-gt,true
wec-2017-r7-fuji-71,wec-2017-r7-fuji,wec-2017,wec-2017-lmgte-pro,wec-2017-lmgte-pro-71,71,af-corse,ferrari,ferrari-488-gte,true
wec-2017-r7-fuji-97,wec-2017-r7-fuji,wec-2017,wec-2017-lmgte-pro,wec-2017-lmgte-pro-97,97,aston-martin-racing,aston-martin,aston-martin-vantage,true
wec-2017-r7-fuji-95,wec-2017-r7-fuji,wec-2017,wec-2017-lmgte-pro,wec-2017-lmgte-pro-95,95,aston-martin-racing,aston-martin,aston-martin-vantage,true
wec-2017-r7-fuji-54,wec-2017-r7-fuji,wec-2017,wec-2017-lmgte-am,wec-2017-lmgte-am-54,54,spirit-of-race,ferrari,ferrari-488-gte,true
wec-2017-r7-fuji-61,wec-2017-r7-fuji,wec-2017,wec-2017-lmgte-am,wec-2017-lmgte-am-61,61,clearwater-racing,ferrari,ferrari-488-gte,true
wec-2017-r7-fuji-77,wec-2017-r7-fuji,wec-2017,wec-2017-lmgte-am,wec-2017-lmgte-am-77,77,dempsey-proton-racing,porsche,porsche-911-rsr-991,true
wec-2017-r7-fuji-86,wec-2017-r7-fuji,wec-2017,wec-2017-lmgte-am,wec-2017-lmgte-am-86,86,gulf-racing-uk,porsche,porsche-911-rsr-991,true
wec-2017-r7-fuji-98,wec-2017-r7-fuji,wec-2017,wec-2017-lmgte-am,wec-2017-lmgte-am-98,98,aston-martin-racing,aston-martin,aston-martin-v8-vantage,true
wec-2017-r7-fuji-67,wec-2017-r7-fuji,wec-2017,wec-2017-lmgte-pro,wec-2017-lmgte-pro-67,67,ford-chip-ganassi-team-uk,ford,ford-gt,true
wec-2017-r7-fuji-37,wec-2017-r7-fuji,wec-2017,wec-2017-lmp2,wec-2017-lmp2-37,37,jackie-chan-dc-racing,oreca,oreca-07-gibson,true
wec-2017-r7-fuji-13,wec-2017-r7-fuji,wec-2017,wec-2017-lmp2,wec-2017-lmp2-13,13,vaillante-rebellion,oreca,oreca-07-gibson,true
wec-2017-r8-shanghai-8,wec-2017-r8-shanghai,wec-2017,wec-2017-lmp1,wec-2017-lmp1-8,8,toyota-gazoo-racing,toyota,toyota-ts050-hybrid,true
wec-2017-r8-shanghai-2,wec-2017-r8-shanghai,wec-2017,wec-2017-lmp1,wec-2017-lmp1-2,2,porsche-lmp-team,porsche,porsche-919-hybrid,true
wec-2017-r8-shanghai-1,wec-2017-r8-shanghai,wec-2017,wec-2017-lmp1,wec-2017-lmp1-1,1,porsche-lmp-team,porsche,porsche-919-hybrid,true
wec-2017-r8-shanghai-7,wec-2017-r8-shanghai,wec-2017,wec-2017-lmp1,wec-2017-lmp1-7,7,toyota-gazoo-racing,toyota,toyota-ts050-hybrid,true
wec-2017-r8-shanghai-31,wec-2017-r8-shanghai,wec-2017,wec-2017-lmp2,wec-2017-lmp2-31,31,vaillante-rebellion,oreca,oreca-07-gibson,true
wec-2017-r8-shanghai-36,wec-2017-r8-shanghai,wec-2017,wec-2017-lmp2,wec-2017-lmp2-36,36,signatech-alpine-matmut,alpine,alpine-a470-gibson,true
wec-2017-r8-shanghai-13,wec-2017-r8-shanghai,wec-2017,wec-2017-lmp2,wec-2017-lmp2-13,13,vaillante-rebellion,oreca,oreca-07-gibson,true
wec-2017-r8-shanghai-38,wec-2017-r8-shanghai,wec-2017,wec-2017-lmp2,wec-2017-lmp2-38,38,jackie-chan-dc-racing,oreca,oreca-07-gibson,true
wec-2017-r8-shanghai-25,wec-2017-r8-shanghai,wec-2017,wec-2017-lmp2,wec-2017-lmp2-25,25,cefc-manor-trs-racing,oreca,oreca-07-gibson,true
wec-2017-r8-shanghai-28,wec-2017-r8-shanghai,wec-2017,wec-2017-lmp2,wec-2017-lmp2-28,28,tds-racing,oreca,oreca-07-gibson,true
wec-2017-r8-shanghai-26,wec-2017-r8-shanghai,wec-2017,wec-2017-lmp2,wec-2017-lmp2-26,26,g-drive-racing,oreca,oreca-07-gibson,true
wec-2017-r8-shanghai-37,wec-2017-r8-shanghai,wec-2017,wec-2017-lmp2,wec-2017-lmp2-37,37,jackie-chan-dc-racing,oreca,oreca-07-gibson,true
wec-2017-r8-shanghai-24,wec-2017-r8-shanghai,wec-2017,wec-2017-lmp2,wec-2017-lmp2-24,24,cefc-manor-trs-racing,oreca,oreca-07-gibson,true
wec-2017-r8-shanghai-67,wec-2017-r8-shanghai,wec-2017,wec-2017-lmgte-pro,wec-2017-lmgte-pro-67,67,ford-chip-ganassi-team-uk,ford,ford-gt,true
wec-2017-r8-shanghai-91,wec-2017-r8-shanghai,wec-2017,wec-2017-lmgte-pro,wec-2017-lmgte-pro-91,91,porsche-gt-team,porsche,porsche-911-rsr,true
wec-2017-r8-shanghai-51,wec-2017-r8-shanghai,wec-2017,wec-2017-lmgte-pro,wec-2017-lmgte-pro-51,51,af-corse,ferrari,ferrari-488-gte,true
wec-2017-r8-shanghai-66,wec-2017-r8-shanghai,wec-2017,wec-2017-lmgte-pro,wec-2017-lmgte-pro-66,66,ford-chip-ganassi-team-uk,ford,ford-gt,true
wec-2017-r8-shanghai-95,wec-2017-r8-shanghai,wec-2017,wec-2017-lmgte-pro,wec-2017-lmgte-pro-95,95,aston-martin-racing,aston-martin,aston-martin-vantage,true
wec-2017-r8-shanghai-71,wec-2017-r8-shanghai,wec-2017,wec-2017-lmgte-pro,wec-2017-lmgte-pro-71,71,af-corse,ferrari,ferrari-488-gte,true
wec-2017-r8-shanghai-97,wec-2017-r8-shanghai,wec-2017,wec-2017-lmgte-pro,wec-2017-lmgte-pro-97,97,aston-martin-racing,aston-martin,aston-martin-vantage,true
wec-2017-r8-shanghai-98,wec-2017-r8-shanghai,wec-2017,wec-2017-lmgte-am,wec-2017-lmgte-am-98,98,aston-martin-racing,aston-martin,aston-martin-v8-vantage,true
wec-2017-r8-shanghai-86,wec-2017-r8-shanghai,wec-2017,wec-2017-lmgte-am,wec-2017-lmgte-am-86,86,gulf-racing-uk,porsche,porsche-911-rsr-991,true
wec-2017-r8-shanghai-77,wec-2017-r8-shanghai,wec-2017,wec-2017-lmgte-am,wec-2017-lmgte-am-77,77,dempsey-proton-racing,porsche,porsche-911-rsr-991,true
wec-2017-r8-shanghai-61,wec-2017-r8-shanghai,wec-2017,wec-2017-lmgte-am,wec-2017-lmgte-am-61,61,clearwater-racing,ferrari,ferrari-488-gte,true
wec-2017-r8-shanghai-92,wec-2017-r8-shanghai,wec-2017,wec-2017-lmgte-pro,wec-2017-lmgte-pro-92,92,porsche-gt-team,porsche,porsche-911-rsr,true
wec-2017-r8-shanghai-54,wec-2017-r8-shanghai,wec-2017,wec-2017-lmgte-am,wec-2017-lmgte-am-54,54,spirit-of-race,ferrari,ferrari-488-gte,true
wec-2017-r9-bahrain-8,wec-2017-r9-bahrain,wec-2017,wec-2017-lmp1,wec-2017-lmp1-8,8,toyota-gazoo-racing,toyota,toyota-ts050-hybrid,true
wec-2017-r9-bahrain-2,wec-2017-r9-bahrain,wec-2017,wec-2017-lmp1,wec-2017-lmp1-2,2,porsche-lmp-team,porsche,porsche-919-hybrid,true
wec-2017-r9-bahrain-1,wec-2017-r9-bahrain,wec-2017,wec-2017-lmp1,wec-2017-lmp1-1,1,porsche-lmp-team,porsche,porsche-919-hybrid,true
wec-2017-r9-bahrain-7,wec-2017-r9-bahrain,wec-2017,wec-2017-lmp1,wec-2017-lmp1-7,7,toyota-gazoo-racing,toyota,toyota-ts050-hybrid,true
wec-2017-r9-bahrain-31,wec-2017-r9-bahrain,wec-2017,wec-2017-lmp2,wec-2017-lmp2-31,31,vaillante-rebellion,oreca,oreca-07-gibson,true
wec-2017-r9-bahrain-38,wec-2017-r9-bahrain,wec-2017,wec-2017-lmp2,wec-2017-lmp2-38,38,jackie-chan-dc-racing,oreca,oreca-07-gibson,true
wec-2017-r9-bahrain-13,wec-2017-r9-bahrain,wec-2017,wec-2017-lmp2,wec-2017-lmp2-13,13,vaillante-rebellion,oreca,oreca-07-gibson,true
wec-2017-r9-bahrain-36,wec-2017-r9-bahrain,wec-2017,wec-2017-lmp2,wec-2017-lmp2-36,36,signatech-alpine-matmut,alpine,alpine-a470-gibson,true
wec-2017-r9-bahrain-25,wec-2017-r9-bahrain,wec-2017,wec-2017-lmp2,wec-2017-lmp2-25,25,cefc-manor-trs-racing,oreca,oreca-07-gibson,true
wec-2017-r9-bahrain-24,wec-2017-r9-bahrain,wec-2017,wec-2017-lmp2,wec-2017-lmp2-24,24,cefc-manor-trs-racing,oreca,oreca-07-gibson,true
wec-2017-r9-bahrain-26,wec-2017-r9-bahrain,wec-2017,wec-2017-lmp2,wec-2017-lmp2-26,26,g-drive-racing,oreca,oreca-07-gibson,true
wec-2017-r9-bahrain-37,wec-2017-r9-bahrain,wec-2017,wec-2017-lmp2,wec-2017-lmp2-37,37,jackie-chan-dc-racing,oreca,oreca-07-gibson,true
wec-2017-r9-bahrain-28,wec-2017-r9-bahrain,wec-2017,wec-2017-lmp2,wec-2017-lmp2-28,28,tds-racing,oreca,oreca-07-gibson,true
wec-2017-r9-bahrain-71,wec-2017-r9-bahrain,wec-2017,wec-2017-lmgte-pro,wec-2017-lmgte-pro-71,71,af-corse,ferrari,ferrari-488-gte,true
wec-2017-r9-bahrain-51,wec-2017-r9-bahrain,wec-2017,wec-2017-lmgte-pro,wec-2017-lmgte-pro-51,51,af-corse,ferrari,ferrari-488-gte,true
wec-2017-r9-bahrain-67,wec-2017-r9-bahrain,wec-2017,wec-2017-lmgte-pro,wec-2017-lmgte-pro-67,67,ford-chip-ganassi-team-uk,ford,ford-gt,true
wec-2017-r9-bahrain-91,wec-2017-r9-bahrain,wec-2017,wec-2017-lmgte-pro,wec-2017-lmgte-pro-91,91,porsche-gt-team,porsche,porsche-911-rsr,true
wec-2017-r9-bahrain-66,wec-2017-r9-bahrain,wec-2017,wec-2017-lmgte-pro,wec-2017-lmgte-pro-66,66,ford-chip-ganassi-team-uk,ford,ford-gt,true
wec-2017-r9-bahrain-97,wec-2017-r9-bahrain,wec-2017,wec-2017-lmgte-pro,wec-2017-lmgte-pro-97,97,aston-martin-racing,aston-martin,aston-martin-vantage,true
wec-2017-r9-bahrain-95,wec-2017-r9-bahrain,wec-2017,wec-2017-lmgte-pro,wec-2017-lmgte-pro-95,95,aston-martin-racing,aston-martin,aston-martin-vantage,true
wec-2017-r9-bahrain-98,wec-2017-r9-bahrain,wec-2017,wec-2017-lmgte-am,wec-2017-lmgte-am-98,98,aston-martin-racing,aston-martin,aston-martin-v8-vantage,true
wec-2017-r9-bahrain-61,wec-2017-r9-bahrain,wec-2017,wec-2017-lmgte-am,wec-2017-lmgte-am-61,61,clearwater-racing,ferrari,ferrari-488-gte,true
wec-2017-r9-bahrain-54,wec-2017-r9-bahrain,wec-2017,wec-2017-lmgte-am,wec-2017-lmgte-am-54,54,spirit-of-race,ferrari,ferrari-488-gte,true
wec-2017-r9-bahrain-77,wec-2017-r9-bahrain,wec-2017,wec-2017-lmgte-am,wec-2017-lmgte-am-77,77,dempsey-proton-racing,porsche,porsche-911-rsr-991,true
wec-2017-r9-bahrain-86,wec-2017-r9-bahrain,wec-2017,wec-2017-lmgte-am,wec-2017-lmgte-am-86,86,gulf-racing-uk,porsche,porsche-911-rsr-991,true
wec-2017-r9-bahrain-92,wec-2017-r9-bahrain,wec-2017,wec-2017-lmgte-pro,wec-2017-lmgte-pro-92,92,porsche-gt-team,porsche,porsche-911-rsr,true
wec-2018-2019-r1-spa-8,wec-2018-2019-r1-spa,wec-2018-2019,wec-2018-2019-lmp1,wec-2018-2019-lmp1-8,8,toyota-gazoo-racing,toyota,toyota-ts050-hybrid,true
wec-2018-2019-r1-spa-7,wec-2018-2019-r1-spa,wec-2018-2019,wec-2018-2019-lmp1,wec-2018-2019-lmp1-7,7,toyota-gazoo-racing,toyota,toyota-ts050-hybrid,true
wec-2018-2019-r1-spa-3,wec-2018-2019-r1-spa,wec-2018-2019,wec-2018-2019-lmp1,wec-2018-2019-lmp1-3,3,rebellion-racing,rebellion,rebellion-r13-gibson,true
wec-2018-2019-r1-spa-4,wec-2018-2019-r1-spa,wec-2018-2019,wec-2018-2019-lmp1,wec-2018-2019-lmp1-4,4,bykolles-racing-team,enso,enso-clm-p1-01-nismo,true
wec-2018-2019-r1-spa-11,wec-2018-2019-r1-spa,wec-2018-2019,wec-2018-2019-lmp1,wec-2018-2019-lmp1-11,11,smp-racing,br,br-engineering-br1-aer,true
wec-2018-2019-r1-spa-26,wec-2018-2019-r1-spa,wec-2018-2019,wec-2018-2019-lmp2,wec-2018-2019-lmp2-26,26,g-drive-racing,oreca,oreca-07-gibson,true
wec-2018-2019-r1-spa-38,wec-2018-2019-r1-spa,wec-2018-2019,wec-2018-2019-lmp2,wec-2018-2019-lmp2-38,38,jackie-chan-dc-racing,oreca,oreca-07-gibson,true
wec-2018-2019-r1-spa-36,wec-2018-2019-r1-spa,wec-2018-2019,wec-2018-2019-lmp2,wec-2018-2019-lmp2-36,36,signatech-alpine-matmut,alpine,alpine-a470-gibson,true
wec-2018-2019-r1-spa-37,wec-2018-2019-r1-spa,wec-2018-2019,wec-2018-2019-lmp2,wec-2018-2019-lmp2-37,37,jackie-chan-dc-racing,oreca,oreca-07-gibson,true
wec-2018-2019-r1-spa-28,wec-2018-2019-r1-spa,wec-2018-2019,wec-2018-2019-lmp2,wec-2018-2019-lmp2-28,28,tds-racing,oreca,oreca-07-gibson,true
wec-2018-2019-r1-spa-31,wec-2018-2019-r1-spa,wec-2018-2019,wec-2018-2019-lmp2,wec-2018-2019-lmp2-31,31,dragonspeed,oreca,oreca-07-gibson,true
wec-2018-2019-r1-spa-50,wec-2018-2019-r1-spa,wec-2018-2019,wec-2018-2019-lmp2,wec-2018-2019-lmp2-50,50,larbre-competition,ligier,ligier-jsp217-gibson,true
wec-2018-2019-r1-spa-66,wec-2018-2019-r1-spa,wec-2018-2019,wec-2018-2019-lmgte-pro,wec-2018-2019-lmgte-pro-66,66,ford-chip-ganassi-team-uk,ford,ford-gt,true
wec-2018-2019-r1-spa-92,wec-2018-2019-r1-spa,wec-2018-2019,wec-2018-2019-lmgte-pro,wec-2018-2019-lmgte-pro-92,92,porsche-gt-team,porsche,porsche-911-rsr,true
wec-2018-2019-r1-spa-71,wec-2018-2019-r1-spa,wec-2018-2019,wec-2018-2019-lmgte-pro,wec-2018-2019-lmgte-pro-71,71,af-corse,ferrari,ferrari-488-gte-evo,true
wec-2018-2019-r1-spa-91,wec-2018-2019-r1-spa,wec-2018-2019,wec-2018-2019-lmgte-pro,wec-2018-2019-lmgte-pro-91,91,porsche-gt-team,porsche,porsche-911-rsr,true
wec-2018-2019-r1-spa-82,wec-2018-2019-r1-spa,wec-2018-2019,wec-2018-2019-lmgte-pro,wec-2018-2019-lmgte-pro-82,82,bmw-team-mtek,bmw,bmw-m8-gte,true
wec-2018-2019-r1-spa-97,wec-2018-2019-r1-spa,wec-2018-2019,wec-2018-2019-lmgte-pro,wec-2018-2019-lmgte-pro-97,97,aston-martin-racing,aston-martin,aston-martin-vantage-amr,true
wec-2018-2019-r1-spa-95,wec-2018-2019-r1-spa,wec-2018-2019,wec-2018-2019-lmgte-pro,wec-2018-2019-lmgte-pro-95,95,aston-martin-racing,aston-martin,aston-martin-vantage-amr,true
wec-2018-2019-r1-spa-81,wec-2018-2019-r1-spa,wec-2018-2019,wec-2018-2019-lmgte-pro,wec-2018-2019-lmgte-pro-81,81,bmw-team-mtek,bmw,bmw-m8-gte,true
wec-2018-2019-r1-spa-98,wec-2018-2019-r1-spa,wec-2018-2019,wec-2018-2019-lmgte-am,wec-2018-2019-lmgte-am-98,98,aston-martin-racing,aston-martin,aston-martin-vantage,true
wec-2018-2019-r1-spa-90,wec-2018-2019-r1-spa,wec-2018-2019,wec-2018-2019-lmgte-am,wec-2018-2019-lmgte-am-90,90,tf-sport,aston-martin,aston-martin-vantage,true
wec-2018-2019-r1-spa-61,wec-2018-2019-r1-spa,wec-2018-2019,wec-2018-2019-lmgte-am,wec-2018-2019-lmgte-am-61,61,clearwater-racing,ferrari,ferrari-f488-gte,true
wec-2018-2019-r1-spa-77,wec-2018-2019-r1-spa,wec-2018-2019,wec-2018-2019-lmgte-am,wec-2018-2019-lmgte-am-77,77,dempsey-proton-racing,porsche,porsche-911-rsr,true
wec-2018-2019-r1-spa-70,wec-2018-2019-r1-spa,wec-2018-2019,wec-2018-2019-lmgte-am,wec-2018-2019-lmgte-am-70,70,mr-racing,ferrari,ferrari-f488-gte,true
wec-2018-2019-r1-spa-88,wec-2018-2019-r1-spa,wec-2018-2019,wec-2018-2019-lmgte-am,wec-2018-2019-lmgte-am-88,88,dempsey-proton-racing,porsche,porsche-911-rsr,true
wec-2018-2019-r1-spa-51,wec-2018-2019-r1-spa,wec-2018-2019,wec-2018-2019-lmgte-pro,wec-2018-2019-lmgte-pro-51,51,af-corse,ferrari,ferrari-488-gte-evo,true
wec-2018-2019-r1-spa-29,wec-2018-2019-r1-spa,wec-2018-2019,wec-2018-2019-lmp2,wec-2018-2019-lmp2-29,29,racing-team-nederland,dallara,dallara-p217-gibson,true
wec-2018-2019-r1-spa-86,wec-2018-2019-r1-spa,wec-2018-2019,wec-2018-2019-lmgte-am,wec-2018-2019-lmgte-am-86,86,gulf-racing-uk,porsche,porsche-911-rsr,true
wec-2018-2019-r1-spa-54,wec-2018-2019-r1-spa,wec-2018-2019,wec-2018-2019-lmgte-am,wec-2018-2019-lmgte-am-54,54,spirit-of-race,ferrari,ferrari-f488-gte,true
wec-2018-2019-r1-spa-56,wec-2018-2019-r1-spa,wec-2018-2019,wec-2018-2019-lmgte-am,wec-2018-2019-lmgte-am-56,56,team-project-1,porsche,porsche-911-rsr,true
wec-2018-2019-r1-spa-17,wec-2018-2019-r1-spa,wec-2018-2019,wec-2018-2019-lmp1,wec-2018-2019-lmp1-17,17,smp-racing,br,br-engineering-br1-aer,true
wec-2018-2019-r1-spa-67,wec-2018-2019-r1-spa,wec-2018-2019,wec-2018-2019-lmgte-pro,wec-2018-2019-lmgte-pro-67,67,ford-chip-ganassi-team-uk,ford,ford-gt,true
wec-2018-2019-r1-spa-1,wec-2018-2019-r1-spa,wec-2018-2019,wec-2018-2019-lmp1,wec-2018-2019-lmp1-1,1,rebellion-racing,rebellion,rebellion-r13-gibson,true
wec-2018-2019-r1-spa-10,wec-2018-2019-r1-spa,wec-2018-2019,wec-2018-2019-lmp1,wec-2018-2019-lmp1-10,10,dragonspeed,br,br-engineering-br1-gibson,true
wec-2018-2019-r1-spa-5,wec-2018-2019-r1-spa,wec-2018-2019,wec-2018-2019-lmp1,wec-2018-2019-lmp1-5,5,cefc-trsm-racing,ginetta,ginetta-g60-lt-p1-mecachrome,true
wec-2018-2019-r1-spa-6,wec-2018-2019-r1-spa,wec-2018-2019,wec-2018-2019-lmp1,wec-2018-2019-lmp1-6,6,cefc-trsm-racing,ginetta,ginetta-g60-lt-p1-mecachrome,true
wec-2018-2019-r2-le-mans-8,wec-2018-2019-r2-le-mans,wec-2018-2019,wec-2018-2019-lmp1,wec-2018-2019-lmp1-8,8,toyota-gazoo-racing,toyota,toyota-ts050-hybrid,true
wec-2018-2019-r2-le-mans-7,wec-2018-2019-r2-le-mans,wec-2018-2019,wec-2018-2019-lmp1,wec-2018-2019-lmp1-7,7,toyota-gazoo-racing,toyota,toyota-ts050-hybrid,true
wec-2018-2019-r2-le-mans-3,wec-2018-2019-r2-le-mans,wec-2018-2019,wec-2018-2019-lmp1,wec-2018-2019-lmp1-3,3,rebellion-racing,rebellion,rebellion-r13-gibson,true
wec-2018-2019-r2-le-mans-1,wec-2018-2019-r2-le-mans,wec-2018-2019,wec-2018-2019-lmp1,wec-2018-2019-lmp1-1,1,rebellion-racing,rebellion,rebellion-r13-gibson,true
wec-2018-2019-r2-le-mans-36,wec-2018-2019-r2-le-mans,wec-2018-2019,wec-2018-2019-lmp2,wec-2018-2019-lmp2-36,36,signatech-alpine-matmut,alpine,alpine-a470-gibson,true
wec-2018-2019-r2-le-mans-39,wec-2018-2019-r2-le-mans,wec-2018-2019,wec-2018-2019-lmp2,wec-2018-2019-lmp2-39,39,graff-so24,oreca,oreca-07-gibson,true
wec-2018-2019-r2-le-mans-32,wec-2018-2019-r2-le-mans,wec-2018-2019,wec-2018-2019-lmp2,wec-2018-2019-lmp2-32,32,united-autosports,ligier,ligier-jsp217-gibson,true
wec-2018-2019-r2-le-mans-37,wec-2018-2019-r2-le-mans,wec-2018-2019,wec-2018-2019-lmp2,wec-2018-2019-lmp2-37,37,jackie-chan-dc-racing,oreca,oreca-07-gibson,true
wec-2018-2019-r2-le-mans-31,wec-2018-2019-r2-le-mans,wec-2018-2019,wec-2018-2019-lmp2,wec-2018-2019-lmp2-31,31,dragonspeed,oreca,oreca-07-gibson,true
wec-2018-2019-r2-le-mans-38,wec-2018-2019-r2-le-mans,wec-2018-2019,wec-2018-2019-lmp2,wec-2018-2019-lmp2-38,38,jackie-chan-dc-racing,oreca,oreca-07-gibson,true
wec-2018-2019-r2-le-mans-29,wec-2018-2019-r2-le-mans,wec-2018-2019,wec-2018-2019-lmp2,wec-2018-2019-lmp2-29,29,racing-team-nederland,dallara,dallara-p217-gibson,true
wec-2018-2019-r2-le-mans-33,wec-2018-2019-r2-le-mans,wec-2018-2019,wec-2018-2019-lmp2,wec-2018-2019-lmp2-33,33,jackie-chan-dc-racing,ligier,ligier-jsp217-gibson,true
wec-2018-2019-r2-le-mans-23,wec-2018-2019-r2-le-mans,wec-2018-2019,wec-2018-2019-lmp2,wec-2018-2019-lmp2-23,23,panis-barthez-competition,ligier,ligier-jsp217-gibson,true
wec-2018-2019-r2-le-mans-35,wec-2018-2019-r2-le-mans,wec-2018-2019,wec-2018-2019-lmp2,wec-2018-2019-lmp2-35,35,smp-racing,dallara,dallara-p217-gibson,true
wec-2018-2019-r2-le-mans-92,wec-2018-2019-r2-le-mans,wec-2018-2019,wec-2018-2019-lmgte-pro,wec-2018-2019-lmgte-pro-92,92,porsche-gt-team,porsche,porsche-911-rsr,true
wec-2018-2019-r2-le-mans-91,wec-2018-2019-r2-le-mans,wec-2018-2019,wec-2018-2019-lmgte-pro,wec-2018-2019-lmgte-pro-91,91,porsche-gt-team,porsche,porsche-911-rsr,true
wec-2018-2019-r2-le-mans-68,wec-2018-2019-r2-le-mans,wec-2018-2019,wec-2018-2019-lmgte-pro,wec-2018-2019-lmgte-pro-68,68,ford-chip-ganassi-team-usa,ford,ford-gt,true
wec-2018-2019-r2-le-mans-63,wec-2018-2019-r2-le-mans,wec-2018-2019,wec-2018-2019-lmgte-pro,wec-2018-2019-lmgte-pro-63,63,corvette-racing,chevrolet,chevrolet-corvette-c7-r,true
wec-2018-2019-r2-le-mans-47,wec-2018-2019-r2-le-mans,wec-2018-2019,wec-2018-2019-lmp2,wec-2018-2019-lmp2-47,47,cetilar-villorba-corse,dallara,dallara-p217-gibson,true
wec-2018-2019-r2-le-mans-52,wec-2018-2019-r2-le-mans,wec-2018-2019,wec-2018-2019-lmgte-pro,wec-2018-2019-lmgte-pro-52,52,af-corse,ferrari,ferrari-488-gte-evo,true
wec-2018-2019-r2-le-mans-66,wec-2018-2019-r2-le-mans,wec-2018-2019,wec-2018-2019-lmgte-pro,wec-2018-2019-lmgte-pro-66,66,ford-chip-ganassi-team-uk,ford,ford-gt,true
wec-2018-2019-r2-le-mans-51,wec-2018-2019-r2-le-mans,wec-2018-2019,wec-2018-2019-lmgte-pro,wec-2018-2019-lmgte-pro-51,51,af-corse,ferrari,ferrari-488-gte-evo,true
wec-2018-2019-r2-le-mans-95,wec-2018-2019-r2-le-mans,wec-2018-2019,wec-2018-2019-lmgte-pro,wec-2018-2019-lmgte-pro-95,95,aston-martin-racing,aston-martin,aston-martin-vantage-amr,true
wec-2018-2019-r2-le-mans-71,wec-2018-2019-r2-le-mans,wec-2018-2019,wec-2018-2019-lmgte-pro,wec-2018-2019-lmgte-pro-71,71,af-corse,ferrari,ferrari-488-gte-evo,true
wec-2018-2019-r2-le-mans-77,wec-2018-2019-r2-le-mans,wec-2018-2019,wec-2018-2019-lmgte-am,wec-2018-2019-lmgte-am-77,77,dempsey-proton-racing,porsche,porsche-911-rsr,true
wec-2018-2019-r2-le-mans-54,wec-2018-2019-r2-le-mans,wec-2018-2019,wec-2018-2019-lmgte-am,wec-2018-2019-lmgte-am-54,54,spirit-of-race,ferrari,ferrari-f488-gte,true
wec-2018-2019-r2-le-mans-93,wec-2018-2019-r2-le-mans,wec-2018-2019,wec-2018-2019-lmgte-pro,wec-2018-2019-lmgte-pro-93,93,porsche-gt-team,porsche,porsche-911-rsr,true
wec-2018-2019-r2-le-mans-85,wec-2018-2019-r2-le-mans,wec-2018-2019,wec-2018-2019-lmgte-am,wec-2018-2019-lmgte-am-85,85,keating-motorsports,ferrari,ferrari-f488-gte,true
wec-2018-2019-r2-le-mans-99,wec-2018-2019-r2-le-mans,wec-2018-2019,wec-2018-2019-lmgte-am,wec-2018-2019-lmgte-am-99,99,proton-competition,porsche,porsche-911-rsr,true
wec-2018-2019-r2-le-mans-84,wec-2018-2019-r2-le-mans,wec-2018-2019,wec-2018-2019-lmgte-am,wec-2018-2019-lmgte-am-84,84,jmw-motorsport,ferrari,ferrari-f488-gte,true
wec-2018-2019-r2-le-mans-80,wec-2018-2019-r2-le-mans,wec-2018-2019,wec-2018-2019-lmgte-am,wec-2018-2019-lmgte-am-80,80,ebimotors,porsche,porsche-911-rsr,true
wec-2018-2019-r2-le-mans-50,wec-2018-2019-r2-le-mans,wec-2018-2019,wec-2018-2019-lmp2,wec-2018-2019-lmp2-50,50,larbre-competition,ligier,ligier-jsp217-gibson,true
wec-2018-2019-r2-le-mans-81,wec-2018-2019-r2-le-mans,wec-2018-2019,wec-2018-2019-lmgte-pro,wec-2018-2019-lmgte-pro-81,81,bmw-team-mtek,bmw,bmw-m8-gte,true
wec-2018-2019-r2-le-mans-56,wec-2018-2019-r2-le-mans,wec-2018-2019,wec-2018-2019-lmgte-am,wec-2018-2019-lmgte-am-56,56,team-project-1,porsche,porsche-911-rsr,true
wec-2018-2019-r2-le-mans-61,wec-2018-2019-r2-le-mans,wec-2018-2019,wec-2018-2019-lmgte-am,wec-2018-2019-lmgte-am-61,61,clearwater-racing,ferrari,ferrari-f488-gte,true
wec-2018-2019-r2-le-mans-67,wec-2018-2019-r2-le-mans,wec-2018-2019,wec-2018-2019-lmgte-pro,wec-2018-2019-lmgte-pro-67,67,ford-chip-ganassi-team-uk,ford,ford-gt,true
wec-2018-2019-r2-le-mans-97,wec-2018-2019-r2-le-mans,wec-2018-2019,wec-2018-2019-lmgte-pro,wec-2018-2019-lmgte-pro-97,97,aston-martin-racing,aston-martin,aston-martin-vantage-amr,true
wec-2018-2019-r2-le-mans-70,wec-2018-2019-r2-le-mans,wec-2018-2019,wec-2018-2019-lmgte-am,wec-2018-2019-lmgte-am-70,70,mr-racing,ferrari,ferrari-f488-gte,true
wec-2018-2019-r2-le-mans-69,wec-2018-2019-r2-le-mans,wec-2018-2019,wec-2018-2019-lmgte-pro,wec-2018-2019-lmgte-pro-69,69,ford-chip-ganassi-team-usa,ford,ford-gt,true
wec-2018-2019-r2-le-mans-86,wec-2018-2019-r2-le-mans,wec-2018-2019,wec-2018-2019-lmgte-am,wec-2018-2019-lmgte-am-86,86,gulf-racing,porsche,porsche-911-rsr,true
wec-2018-2019-r2-le-mans-5,wec-2018-2019-r2-le-mans,wec-2018-2019,wec-2018-2019-lmp1,wec-2018-2019-lmp1-5,5,cefc-trsm-racing,ginetta,ginetta-g60-lt-p1-mecachrome,true
wec-2018-2019-r2-le-mans-44,wec-2018-2019-r2-le-mans,wec-2018-2019,wec-2018-2019-lmp2,wec-2018-2019-lmp2-44,44,eurasia-motorsport,ligier,ligier-jsp217-gibson,true
wec-2018-2019-r2-le-mans-11,wec-2018-2019-r2-le-mans,wec-2018-2019,wec-2018-2019-lmp1,wec-2018-2019-lmp1-11,11,smp-racing,br,br-engineering-br1-aer,true
wec-2018-2019-r2-le-mans-48,wec-2018-2019-r2-le-mans,wec-2018-2019,wec-2018-2019-lmp2,wec-2018-2019-lmp2-48,48,idec-sport,oreca,oreca-07-gibson,true
wec-2018-2019-r2-le-mans-90,wec-2018-2019-r2-le-mans,wec-2018-2019,wec-2018-2019-lmgte-am,wec-2018-2019-lmgte-am-90,90,tf-sport,aston-martin,aston-martin-vantage,true
wec-2018-2019-r2-le-mans-22,wec-2018-2019-r2-le-mans,wec-2018-2019,wec-2018-2019-lmp2,wec-2018-2019-lmp2-22,22,united-autosports,ligier,ligier-jsp217-gibson,true
wec-2018-2019-r2-le-mans-64,wec-2018-2019-r2-le-mans,wec-2018-2019,wec-2018-2019-lmgte-pro,wec-2018-2019-lmgte-pro-64,64,corvette-racing,chevrolet,chevrolet-corvette-c7-r,true
wec-2018-2019-r2-le-mans-10,wec-2018-2019-r2-le-mans,wec-2018-2019,wec-2018-2019-lmp1,wec-2018-2019-lmp1-10,10,dragonspeed,br,br-engineering-br1-gibson,true
wec-2018-2019-r2-le-mans-25,wec-2018-2019-r2-le-mans,wec-2018-2019,wec-2018-2019-lmp2,wec-2018-2019-lmp2-25,25,algarve-pro-racing,ligier,ligier-jsp217-gibson,true
wec-2018-2019-r2-le-mans-88,wec-2018-2019-r2-le-mans,wec-2018-2019,wec-2018-2019-lmgte-am,wec-2018-2019-lmgte-am-88,88,dempsey-proton-racing,porsche,porsche-911-rsr,true
wec-2018-2019-r2-le-mans-82,wec-2018-2019-r2-le-mans,wec-2018-2019,wec-2018-2019-lmgte-pro,wec-2018-2019-lmgte-pro-82,82,bmw-team-mtek,bmw,bmw-m8-gte,true
wec-2018-2019-r2-le-mans-40,wec-2018-2019-r2-le-mans,wec-2018-2019,wec-2018-2019-lmp2,wec-2018-2019-lmp2-40,40,g-drive-racing,oreca,oreca-07-gibson,true
wec-2018-2019-r2-le-mans-34,wec-2018-2019-r2-le-mans,wec-2018-2019,wec-2018-2019-lmp2,wec-2018-2019-lmp2-34,34,jackie-chan-dc-racing,ligier,ligier-jsp217-gibson,true
wec-2018-2019-r2-le-mans-6,wec-2018-2019-r2-le-mans,wec-2018-2019,wec-2018-2019-lmp1,wec-2018-2019-lmp1-6,6,cefc-trsm-racing,ginetta,ginetta-g60-lt-p1-mecachrome,true
wec-2018-2019-r2-le-mans-17,wec-2018-2019-r2-le-mans,wec-2018-2019,wec-2018-2019-lmp1,wec-2018-2019-lmp1-17,17,smp-racing,br,br-engineering-br1-aer,true
wec-2018-2019-r2-le-mans-94,wec-2018-2019-r2-le-mans,wec-2018-2019,wec-2018-2019-lmgte-pro,wec-2018-2019-lmgte-pro-94,94,porsche-gt-team,porsche,porsche-911-rsr,true
wec-2018-2019-r2-le-mans-98,wec-2018-2019-r2-le-mans,wec-2018-2019,wec-2018-2019-lmgte-am,wec-2018-2019-lmgte-am-98,98,aston-martin-racing,aston-martin,aston-martin-vantage,true
wec-2018-2019-r2-le-mans-4,wec-2018-2019-r2-le-mans,wec-2018-2019,wec-2018-2019-lmp1,wec-2018-2019-lmp1-4,4,bykolles-racing-team,enso,enso-clm-p1-01-nismo,true
wec-2018-2019-r2-le-mans-26,wec-2018-2019-r2-le-mans,wec-2018-2019,wec-2018-2019-lmp2,wec-2018-2019-lmp2-26,26,g-drive-racing,oreca,oreca-07-gibson,true
wec-2018-2019-r2-le-mans-28,wec-2018-2019-r2-le-mans,wec-2018-2019,wec-2018-2019-lmp2,wec-2018-2019-lmp2-28,28,tds-racing,oreca,oreca-07-gibson,true
wec-2018-2019-r3-silverstone-3,wec-2018-2019-r3-silverstone,wec-2018-2019,wec-2018-2019-lmp1,wec-2018-2019-lmp1-3,3,rebellion-racing,rebellion,rebellion-r13-gibson,true
wec-2018-2019-r3-silverstone-1,wec-2018-2019-r3-silverstone,wec-2018-2019,wec-2018-2019-lmp1,wec-2018-2019-lmp1-1,1,rebellion-racing,rebellion,rebellion-r13-gibson,true
wec-2018-2019-r3-silverstone-17,wec-2018-2019-r3-silverstone,wec-2018-2019,wec-2018-2019-lmp1,wec-2018-2019-lmp1-17,17,smp-racing,br,br-engineering-br1-aer,true
wec-2018-2019-r3-silverstone-38,wec-2018-2019-r3-silverstone,wec-2018-2019,wec-2018-2019-lmp2,wec-2018-2019-lmp2-38,38,jackie-chan-dc-racing,oreca,oreca-07-gibson,true
wec-2018-2019-r3-silverstone-37,wec-2018-2019-r3-silverstone,wec-2018-2019,wec-2018-2019-lmp2,wec-2018-2019-lmp2-37,37,jackie-chan-dc-racing,oreca,oreca-07-gibson,true
wec-2018-2019-r3-silverstone-36,wec-2018-2019-r3-silverstone,wec-2018-2019,wec-2018-2019-lmp2,wec-2018-2019-lmp2-36,36,signatech-alpine-matmut,alpine,alpine-a470-gibson,true
wec-2018-2019-r3-silverstone-31,wec-2018-2019-r3-silverstone,wec-2018-2019,wec-2018-2019-lmp2,wec-2018-2019-lmp2-31,31,dragonspeed,oreca,oreca-07-gibson,true
wec-2018-2019-r3-silverstone-29,wec-2018-2019-r3-silverstone,wec-2018-2019,wec-2018-2019-lmp2,wec-2018-2019-lmp2-29,29,racing-team-nederland,dallara,dallara-p217-gibson,true
wec-2018-2019-r3-silverstone-50,wec-2018-2019-r3-silverstone,wec-2018-2019,wec-2018-2019-lmp2,wec-2018-2019-lmp2-50,50,larbre-competition,ligier,ligier-jsp217-gibson,true
wec-2018-2019-r3-silverstone-28,wec-2018-2019-r3-silverstone,wec-2018-2019,wec-2018-2019-lmp2,wec-2018-2019-lmp2-28,28,tds-racing,oreca,oreca-07-gibson,true
wec-2018-2019-r3-silverstone-51,wec-2018-2019-r3-silverstone,wec-2018-2019,wec-2018-2019-lmgte-pro,wec-2018-2019-lmgte-pro-51,51,af-corse,ferrari,ferrari-488-gte-evo,true
wec-2018-2019-r3-silverstone-67,wec-2018-2019-r3-silverstone,wec-2018-2019,wec-2018-2019-lmgte-pro,wec-2018-2019-lmgte-pro-67,67,ford-chip-ganassi-team-uk,ford,ford-gt,true
wec-2018-2019-r3-silverstone-92,wec-2018-2019-r3-silverstone,wec-2018-2019,wec-2018-2019-lmgte-pro,wec-2018-2019-lmgte-pro-92,92,porsche-gt-team,porsche,porsche-911-rsr,true
wec-2018-2019-r3-silverstone-97,wec-2018-2019-r3-silverstone,wec-2018-2019,wec-2018-2019-lmgte-pro,wec-2018-2019-lmgte-pro-97,97,aston-martin-racing,aston-martin,aston-martin-vantage,true
wec-2018-2019-r3-silverstone-81,wec-2018-2019-r3-silverstone,wec-2018-2019,wec-2018-2019-lmgte-pro,wec-2018-2019-lmgte-pro-81,81,bmw-team-mtek,bmw,bmw-m8-gte,true
wec-2018-2019-r3-silverstone-66,wec-2018-2019-r3-silverstone,wec-2018-2019,wec-2018-2019-lmgte-pro,wec-2018-2019-lmgte-pro-66,66,ford-chip-ganassi-team-uk,ford,ford-gt,true
wec-2018-2019-r3-silverstone-77,wec-2018-2019-r3-silverstone,wec-2018-2019,wec-2018-2019-lmgte-am,wec-2018-2019-lmgte-am-77,77,dempsey-proton-racing,porsche,porsche-911-rsr,true
wec-2018-2019-r3-silverstone-90,wec-2018-2019-r3-silverstone,wec-2018-2019,wec-2018-2019-lmgte-am,wec-2018-2019-lmgte-am-90,90,tf-sport,aston-martin,aston-martin-vantage,true
wec-2018-2019-r3-silverstone-56,wec-2018-2019-r3-silverstone,wec-2018-2019,wec-2018-2019-lmgte-am,wec-2018-2019-lmgte-am-56,56,team-project-1,porsche,porsche-911-rsr,true
wec-2018-2019-r3-silverstone-98,wec-2018-2019-r3-silverstone,wec-2018-2019,wec-2018-2019-lmgte-am,wec-2018-2019-lmgte-am-98,98,aston-martin-racing,aston-martin,aston-martin-vantage,true
wec-2018-2019-r3-silverstone-61,wec-2018-2019-r3-silverstone,wec-2018-2019,wec-2018-2019-lmgte-am,wec-2018-2019-lmgte-am-61,61,clearwater-racing,ferrari,ferrari-f488-gte,true
wec-2018-2019-r3-silverstone-86,wec-2018-2019-r3-silverstone,wec-2018-2019,wec-2018-2019-lmgte-am,wec-2018-2019-lmgte-am-86,86,gulf-racing,porsche,porsche-911-rsr,true
wec-2018-2019-r3-silverstone-70,wec-2018-2019-r3-silverstone,wec-2018-2019,wec-2018-2019-lmgte-am,wec-2018-2019-lmgte-am-70,70,mr-racing,ferrari,ferrari-f488-gte,true
wec-2018-2019-r3-silverstone-88,wec-2018-2019-r3-silverstone,wec-2018-2019,wec-2018-2019-lmgte-am,wec-2018-2019-lmgte-am-88,88,dempsey-proton-racing,porsche,porsche-911-rsr,true
wec-2018-2019-r3-silverstone-10,wec-2018-2019-r3-silverstone,wec-2018-2019,wec-2018-2019-lmp1,wec-2018-2019-lmp1-10,10,dragonspeed,br,br-engineering-br1-gibson,true
wec-2018-2019-r3-silverstone-54,wec-2018-2019-r3-silverstone,wec-2018-2019,wec-2018-2019-lmgte-am,wec-2018-2019-lmgte-am-54,54,spirit-of-race,ferrari,ferrari-f488-gte,true
wec-2018-2019-r3-silverstone-71,wec-2018-2019-r3-silverstone,wec-2018-2019,wec-2018-2019-lmgte-pro,wec-2018-2019-lmgte-pro-71,71,af-corse,ferrari,ferrari-488-gte-evo,true
wec-2018-2019-r3-silverstone-95,wec-2018-2019-r3-silverstone,wec-2018-2019,wec-2018-2019-lmgte-pro,wec-2018-2019-lmgte-pro-95,95,aston-martin-racing,aston-martin,aston-martin-vantage,true
wec-2018-2019-r3-silverstone-82,wec-2018-2019-r3-silverstone,wec-2018-2019,wec-2018-2019-lmgte-pro,wec-2018-2019-lmgte-pro-82,82,bmw-team-mtek,bmw,bmw-m8-gte,true
wec-2018-2019-r3-silverstone-4,wec-2018-2019-r3-silverstone,wec-2018-2019,wec-2018-2019-lmp1,wec-2018-2019-lmp1-4,4,bykolles-racing-team,enso,enso-clm-p1-01-nismo,true
wec-2018-2019-r3-silverstone-11,wec-2018-2019-r3-silverstone,wec-2018-2019,wec-2018-2019-lmp1,wec-2018-2019-lmp1-11,11,smp-racing,br,br-engineering-br1-aer,true
wec-2018-2019-r3-silverstone-8,wec-2018-2019-r3-silverstone,wec-2018-2019,wec-2018-2019-lmp1,wec-2018-2019-lmp1-8,8,toyota-gazoo-racing,toyota,toyota-ts050-hybrid,true
wec-2018-2019-r3-silverstone-7,wec-2018-2019-r3-silverstone,wec-2018-2019,wec-2018-2019-lmp1,wec-2018-2019-lmp1-7,7,toyota-gazoo-racing,toyota,toyota-ts050-hybrid,true
wec-2018-2019-r3-silverstone-91,wec-2018-2019-r3-silverstone,wec-2018-2019,wec-2018-2019-lmgte-pro,wec-2018-2019-lmgte-pro-91,91,porsche-gt-team,porsche,porsche-911-rsr,true
wec-2018-2019-r4-fuji-7,wec-2018-2019-r4-fuji,wec-2018-2019,wec-2018-2019-lmp1,wec-2018-2019-lmp1-7,7,toyota-gazoo-racing,toyota,toyota-ts050-hybrid,true
wec-2018-2019-r4-fuji-8,wec-2018-2019-r4-fuji,wec-2018-2019,wec-2018-2019-lmp1,wec-2018-2019-lmp1-8,8,toyota-gazoo-racing,toyota,toyota-ts050-hybrid,true
wec-2018-2019-r4-fuji-1,wec-2018-2019-r4-fuji,wec-2018-2019,wec-2018-2019-lmp1,wec-2018-2019-lmp1-1,1,rebellion-racing,rebellion,rebellion-r13-gibson,true
wec-2018-2019-r4-fuji-11,wec-2018-2019-r4-fuji,wec-2018-2019,wec-2018-2019-lmp1,wec-2018-2019-lmp1-11,11,smp-racing,br,br-engineering-br1-aer,true
wec-2018-2019-r4-fuji-4,wec-2018-2019-r4-fuji,wec-2018-2019,wec-2018-2019-lmp1,wec-2018-2019-lmp1-4,4,bykolles-racing-team,enso,enso-clm-p1-01-nismo,true
wec-2018-2019-r4-fuji-37,wec-2018-2019-r4-fuji,wec-2018-2019,wec-2018-2019-lmp2,wec-2018-2019-lmp2-37,37,jackie-chan-dc-racing,oreca,oreca-07-gibson,true
wec-2018-2019-r4-fuji-38,wec-2018-2019-r4-fuji,wec-2018-2019,wec-2018-2019-lmp2,wec-2018-2019-lmp2-38,38,jackie-chan-dc-racing,oreca,oreca-07-gibson,true
wec-2018-2019-r4-fuji-36,wec-2018-2019-r4-fuji,wec-2018-2019,wec-2018-2019-lmp2,wec-2018-2019-lmp2-36,36,signatech-alpine-matmut,alpine,alpine-a470-gibson,true
wec-2018-2019-r4-fuji-28,wec-2018-2019-r4-fuji,wec-2018-2019,wec-2018-2019-lmp2,wec-2018-2019-lmp2-28,28,tds-racing,oreca,oreca-07-gibson,true
wec-2018-2019-r4-fuji-50,wec-2018-2019-r4-fuji,wec-2018-2019,wec-2018-2019-lmp2,wec-2018-2019-lmp2-50,50,larbre-competition,ligier,ligier-jsp217-gibson,true
wec-2018-2019-r4-fuji-92,wec-2018-2019-r4-fuji,wec-2018-2019,wec-2018-2019-lmgte-pro,wec-2018-2019-lmgte-pro-92,92,porsche-gt-team,porsche,porsche-911-rsr,true
wec-2018-2019-r4-fuji-82,wec-2018-2019-r4-fuji,wec-2018-2019,wec-2018-2019-lmgte-pro,wec-2018-2019-lmgte-pro-82,82,bmw-team-mtek,bmw,bmw-m8-gte,true
wec-2018-2019-r4-fuji-67,wec-2018-2019-r4-fuji,wec-2018-2019,wec-2018-2019-lmgte-pro,wec-2018-2019-lmgte-pro-67,67,ford-chip-ganassi-team-uk,ford,ford-gt,true
wec-2018-2019-r4-fuji-51,wec-2018-2019-r4-fuji,wec-2018-2019,wec-2018-2019-lmgte-pro,wec-2018-2019-lmgte-pro-51,51,af-corse,ferrari,ferrari-488-gte-evo,true
wec-2018-2019-r4-fuji-91,wec-2018-2019-r4-fuji,wec-2018-2019,wec-2018-2019-lmgte-pro,wec-2018-2019-lmgte-pro-91,91,porsche-gt-team,porsche,porsche-911-rsr,true
wec-2018-2019-r4-fuji-95,wec-2018-2019-r4-fuji,wec-2018-2019,wec-2018-2019-lmgte-pro,wec-2018-2019-lmgte-pro-95,95,aston-martin-racing,aston-martin,aston-martin-vantage,true
wec-2018-2019-r4-fuji-81,wec-2018-2019-r4-fuji,wec-2018-2019,wec-2018-2019-lmgte-pro,wec-2018-2019-lmgte-pro-81,81,bmw-team-mtek,bmw,bmw-m8-gte,true
wec-2018-2019-r4-fuji-66,wec-2018-2019-r4-fuji,wec-2018-2019,wec-2018-2019-lmgte-pro,wec-2018-2019-lmgte-pro-66,66,ford-chip-ganassi-team-uk,ford,ford-gt,true
wec-2018-2019-r4-fuji-97,wec-2018-2019-r4-fuji,wec-2018-2019,wec-2018-2019-lmgte-pro,wec-2018-2019-lmgte-pro-97,97,aston-martin-racing,aston-martin,aston-martin-vantage,true
wec-2018-2019-r4-fuji-31,wec-2018-2019-r4-fuji,wec-2018-2019,wec-2018-2019-lmp2,wec-2018-2019-lmp2-31,31,dragonspeed,oreca,oreca-07-gibson,true
wec-2018-2019-r4-fuji-29,wec-2018-2019-r4-fuji,wec-2018-2019,wec-2018-2019-lmp2,wec-2018-2019-lmp2-29,29,racing-team-nederland,dallara,dallara-p217-gibson,true
wec-2018-2019-r4-fuji-71,wec-2018-2019-r4-fuji,wec-2018-2019,wec-2018-2019-lmgte-pro,wec-2018-2019-lmgte-pro-71,71,af-corse,ferrari,ferrari-488-gte-evo,true
wec-2018-2019-r4-fuji-56,wec-2018-2019-r4-fuji,wec-2018-2019,wec-2018-2019-lmgte-am,wec-2018-2019-lmgte-am-56,56,team-project-1,porsche,porsche-911-rsr,true
wec-2018-2019-r4-fuji-90,wec-2018-2019-r4-fuji,wec-2018-2019,wec-2018-2019-lmgte-am,wec-2018-2019-lmgte-am-90,90,tf-sport,aston-martin,aston-martin-vantage,true
wec-2018-2019-r4-fuji-98,wec-2018-2019-r4-fuji,wec-2018-2019,wec-2018-2019-lmgte-am,wec-2018-2019-lmgte-am-98,98,aston-martin-racing,aston-martin,aston-martin-vantage,true
wec-2018-2019-r4-fuji-86,wec-2018-2019-r4-fuji,wec-2018-2019,wec-2018-2019-lmgte-am,wec-2018-2019-lmgte-am-86,86,gulf-racing,porsche,porsche-911-rsr,true
wec-2018-2019-r4-fuji-88,wec-2018-2019-r4-fuji,wec-2018-2019,wec-2018-2019-lmgte-am,wec-2018-2019-lmgte-am-88,88,dempsey-proton-racing,porsche,porsche-911-rsr,true
wec-2018-2019-r4-fuji-54,wec-2018-2019-r4-fuji,wec-2018-2019,wec-2018-2019-lmgte-am,wec-2018-2019-lmgte-am-54,54,spirit-of-race,ferrari,ferrari-f488-gte,true
wec-2018-2019-r4-fuji-61,wec-2018-2019-r4-fuji,wec-2018-2019,wec-2018-2019-lmgte-am,wec-2018-2019-lmgte-am-61,61,clearwater-racing,ferrari,ferrari-f488-gte,true
wec-2018-2019-r4-fuji-77,wec-2018-2019-r4-fuji,wec-2018-2019,wec-2018-2019-lmgte-am,wec-2018-2019-lmgte-am-77,77,dempsey-proton-racing,porsche,porsche-911-rsr,true
wec-2018-2019-r4-fuji-10,wec-2018-2019-r4-fuji,wec-2018-2019,wec-2018-2019-lmp1,wec-2018-2019-lmp1-10,10,dragonspeed,br,br-engineering-br1-gibson,true
wec-2018-2019-r4-fuji-17,wec-2018-2019-r4-fuji,wec-2018-2019,wec-2018-2019-lmp1,wec-2018-2019-lmp1-17,17,smp-racing,br,br-engineering-br1-aer,true
wec-2018-2019-r4-fuji-3,wec-2018-2019-r4-fuji,wec-2018-2019,wec-2018-2019-lmp1,wec-2018-2019-lmp1-3,3,rebellion-racing,rebellion,rebellion-r13-gibson,true
wec-2018-2019-r4-fuji-70,wec-2018-2019-r4-fuji,wec-2018-2019,wec-2018-2019-lmgte-am,wec-2018-2019-lmgte-am-70,70,mr-racing,ferrari,ferrari-f488-gte,true
wec-2018-2019-r5-shanghai-7,wec-2018-2019-r5-shanghai,wec-2018-2019,wec-2018-2019-lmp1,wec-2018-2019-lmp1-7,7,toyota-gazoo-racing,toyota,toyota-ts050-hybrid,true
wec-2018-2019-r5-shanghai-8,wec-2018-2019-r5-shanghai,wec-2018-2019,wec-2018-2019-lmp1,wec-2018-2019-lmp1-8,8,toyota-gazoo-racing,toyota,toyota-ts050-hybrid,true
wec-2018-2019-r5-shanghai-11,wec-2018-2019-r5-shanghai,wec-2018-2019,wec-2018-2019-lmp1,wec-2018-2019-lmp1-11,11,smp-racing,br,br-engineering-br1-aer,true
wec-2018-2019-r5-shanghai-1,wec-2018-2019-r5-shanghai,wec-2018-2019,wec-2018-2019-lmp1,wec-2018-2019-lmp1-1,1,rebellion-racing,rebellion,rebellion-r13-gibson,true
wec-2018-2019-r5-shanghai-3,wec-2018-2019-r5-shanghai,wec-2018-2019,wec-2018-2019-lmp1,wec-2018-2019-lmp1-3,3,rebellion-racing,rebellion,rebellion-r13-gibson,true
wec-2018-2019-r5-shanghai-10,wec-2018-2019-r5-shanghai,wec-2018-2019,wec-2018-2019-lmp1,wec-2018-2019-lmp1-10,10,dragonspeed,br,br-engineering-br1-gibson,true
wec-2018-2019-r5-shanghai-95,wec-2018-2019-r5-shanghai,wec-2018-2019,wec-2018-2019-lmgte-pro,wec-2018-2019-lmgte-pro-95,95,aston-martin-racing,aston-martin,aston-martin-vantage-amr,true
wec-2018-2019-r5-shanghai-38,wec-2018-2019-r5-shanghai,wec-2018-2019,wec-2018-2019-lmp2,wec-2018-2019-lmp2-38,38,jackie-chan-dc-racing,oreca,oreca-07-gibson,true
wec-2018-2019-r5-shanghai-91,wec-2018-2019-r5-shanghai,wec-2018-2019,wec-2018-2019-lmgte-pro,wec-2018-2019-lmgte-pro-91,91,porsche-gt-team,porsche,porsche-911-rsr,true
wec-2018-2019-r5-shanghai-92,wec-2018-2019-r5-shanghai,wec-2018-2019,wec-2018-2019-lmgte-pro,wec-2018-2019-lmgte-pro-92,92,porsche-gt-team,porsche,porsche-911-rsr,true
wec-2018-2019-r5-shanghai-97,wec-2018-2019-r5-shanghai,wec-2018-2019,wec-2018-2019-lmgte-pro,wec-2018-2019-lmgte-pro-97,97,aston-martin-racing,aston-martin,aston-martin-vantage-amr,true
wec-2018-2019-r5-shanghai-31,wec-2018-2019-r5-shanghai,wec-2018-2019,wec-2018-2019-lmp2,wec-2018-2019-lmp2-31,31,dragonspeed,oreca,oreca-07-gibson,true
wec-2018-2019-r5-shanghai-51,wec-2018-2019-r5-shanghai,wec-2018-2019,wec-2018-2019-lmgte-pro,wec-2018-2019-lmgte-pro-51,51,af-corse,ferrari,ferrari-488-gte-evo,true
wec-2018-2019-r5-shanghai-36,wec-2018-2019-r5-shanghai,wec-2018-2019,wec-2018-2019-lmp2,wec-2018-2019-lmp2-36,36,signatech-alpine-matmut,alpine,alpine-a470-gibson,true
wec-2018-2019-r5-shanghai-71,wec-2018-2019-r5-shanghai,wec-2018-2019,wec-2018-2019-lmgte-pro,wec-2018-2019-lmgte-pro-71,71,af-corse,ferrari,ferrari-488-gte-evo,true
wec-2018-2019-r5-shanghai-66,wec-2018-2019-r5-shanghai,wec-2018-2019,wec-2018-2019-lmgte-pro,wec-2018-2019-lmgte-pro-66,66,ford-chip-ganassi-team-uk,ford,ford-gt,true
wec-2018-2019-r5-shanghai-64,wec-2018-2019-r5-shanghai,wec-2018-2019,wec-2018-2019-lmgte-pro,wec-2018-2019-lmgte-pro-64,64,corvette-racing,chevrolet,chevrolet-corvette-c7r,true
wec-2018-2019-r5-shanghai-81,wec-2018-2019-r5-shanghai,wec-2018-2019,wec-2018-2019-lmgte-pro,wec-2018-2019-lmgte-pro-81,81,bmw-team-mtek,bmw,bmw-m8-gte,true
wec-2018-2019-r5-shanghai-67,wec-2018-2019-r5-shanghai,wec-2018-2019,wec-2018-2019-lmgte-pro,wec-2018-2019-lmgte-pro-67,67,ford-chip-ganassi-team-uk,ford,ford-gt,true
wec-2018-2019-r5-shanghai-82,wec-2018-2019-r5-shanghai,wec-2018-2019,wec-2018-2019-lmgte-pro,wec-2018-2019-lmgte-pro-82,82,bmw-team-mtek,bmw,bmw-m8-gte,true
wec-2018-2019-r5-shanghai-77,wec-2018-2019-r5-shanghai,wec-2018-2019,wec-2018-2019-lmgte-am,wec-2018-2019-lmgte-am-77,77,dempsey-proton-racing,porsche,porsche-911-rsr,true
wec-2018-2019-r5-shanghai-56,wec-2018-2019-r5-shanghai,wec-2018-2019,wec-2018-2019-lmgte-am,wec-2018-2019-lmgte-am-56,56,team-project-1,porsche,porsche-911-rsr,true
wec-2018-2019-r5-shanghai-88,wec-2018-2019-r5-shanghai,wec-2018-2019,wec-2018-2019-lmgte-am,wec-2018-2019-lmgte-am-88,88,dempsey-proton-racing,porsche,porsche-911-rsr,true
wec-2018-2019-r5-shanghai-37,wec-2018-2019-r5-shanghai,wec-2018-2019,wec-2018-2019-lmp2,wec-2018-2019-lmp2-37,37,jackie-chan-dc-racing,oreca,oreca-07-gibson,true
wec-2018-2019-r5-shanghai-54,wec-2018-2019-r5-shanghai,wec-2018-2019,wec-2018-2019-lmgte-am,wec-2018-2019-lmgte-am-54,54,spirit-of-race,ferrari,ferrari-f488-gte,true
wec-2018-2019-r5-shanghai-98,wec-2018-2019-r5-shanghai,wec-2018-2019,wec-2018-2019-lmgte-am,wec-2018-2019-lmgte-am-98,98,aston-martin-racing,aston-martin,aston-martin-vantage,true
wec-2018-2019-r5-shanghai-70,wec-2018-2019-r5-shanghai,wec-2018-2019,wec-2018-2019-lmgte-am,wec-2018-2019-lmgte-am-70,70,mr-racing,ferrari,ferrari-f488-gte,true
wec-2018-2019-r5-shanghai-61,wec-2018-2019-r5-shanghai,wec-2018-2019,wec-2018-2019-lmgte-am,wec-2018-2019-lmgte-am-61,61,clearwater-racing,ferrari,ferrari-f488-gte,true
wec-2018-2019-r5-shanghai-90,wec-2018-2019-r5-shanghai,wec-2018-2019,wec-2018-2019-lmgte-am,wec-2018-2019-lmgte-am-90,90,tf-sport,aston-martin,aston-martin-vantage,true
wec-2018-2019-r5-shanghai-86,wec-2018-2019-r5-shanghai,wec-2018-2019,wec-2018-2019-lmgte-am,wec-2018-2019-lmgte-am-86,86,gulf-racing,porsche,porsche-911-rsr,true
wec-2018-2019-r5-shanghai-29,wec-2018-2019-r5-shanghai,wec-2018-2019,wec-2018-2019-lmp2,wec-2018-2019-lmp2-29,29,racing-team-nederland,dallara,dallara-p217-gibson,true
wec-2018-2019-r5-shanghai-50,wec-2018-2019-r5-shanghai,wec-2018-2019,wec-2018-2019-lmp2,wec-2018-2019-lmp2-50,50,larbre-competition,ligier,ligier-jsp217-gibson,true
wec-2018-2019-r5-shanghai-28,wec-2018-2019-r5-shanghai,wec-2018-2019,wec-2018-2019-lmp2,wec-2018-2019-lmp2-28,28,tds-racing,oreca,oreca-07-gibson,true
wec-2018-2019-r5-shanghai-17,wec-2018-2019-r5-shanghai,wec-2018-2019,wec-2018-2019-lmp1,wec-2018-2019-lmp1-17,17,smp-racing,br,br-engineering-br1-aer,true
wec-2018-2019-r5-shanghai-4,wec-2018-2019-r5-shanghai,wec-2018-2019,wec-2018-2019-lmp1,wec-2018-2019-lmp1-4,4,bykolles-racing-team,enso,enso-clm-p1-01-nismo,true
wec-2018-2019-r6-sebring-8,wec-2018-2019-r6-sebring,wec-2018-2019,wec-2018-2019-lmp1,wec-2018-2019-lmp1-8,8,toyota-gazoo-racing,toyota,toyota-ts050-hybrid,true
wec-2018-2019-r6-sebring-7,wec-2018-2019-r6-sebring,wec-2018-2019,wec-2018-2019-lmp1,wec-2018-2019-lmp1-7,7,toyota-gazoo-racing,toyota,toyota-ts050-hybrid,true
wec-2018-2019-r6-sebring-11,wec-2018-2019-r6-sebring,wec-2018-2019,wec-2018-2019-lmp1,wec-2018-2019-lmp1-11,11,smp-racing,br,br-engineering-br1-aer,true
wec-2018-2019-r6-sebring-37,wec-2018-2019-r6-sebring,wec-2018-2019,wec-2018-2019-lmp2,wec-2018-2019-lmp2-37,37,jackie-chan-dc-racing,oreca,oreca-07-gibson,true
wec-2018-2019-r6-sebring-36,wec-2018-2019-r6-sebring,wec-2018-2019,wec-2018-2019-lmp2,wec-2018-2019-lmp2-36,36,signatech-alpine-matmut,alpine,alpine-a470-gibson,true
wec-2018-2019-r6-sebring-31,wec-2018-2019-r6-sebring,wec-2018-2019,wec-2018-2019-lmp2,wec-2018-2019-lmp2-31,31,dragonspeed,oreca,oreca-07-gibson,true
wec-2018-2019-r6-sebring-3,wec-2018-2019-r6-sebring,wec-2018-2019,wec-2018-2019-lmp1,wec-2018-2019-lmp1-3,3,rebellion-racing,rebellion,rebellion-r13-gibson,true
wec-2018-2019-r6-sebring-50,wec-2018-2019-r6-sebring,wec-2018-2019,wec-2018-2019-lmp2,wec-2018-2019-lmp2-50,50,larbre-competition,ligier,ligier-jsp217-gibson,true
wec-2018-2019-r6-sebring-29,wec-2018-2019-r6-sebring,wec-2018-2019,wec-2018-2019-lmp2,wec-2018-2019-lmp2-29,29,racing-team-nederland,dallara,dallara-p217-gibson,true
wec-2018-2019-r6-sebring-91,wec-2018-2019-r6-sebring,wec-2018-2019,wec-2018-2019-lmgte-pro,wec-2018-2019-lmgte-pro-91,91,porsche-gt-team,porsche,porsche-911-rsr,true
wec-2018-2019-r6-sebring-81,wec-2018-2019-r6-sebring,wec-2018-2019,wec-2018-2019-lmgte-pro,wec-2018-2019-lmgte-pro-81,81,bmw-team-mtek,bmw,bmw-m8-gte,true
wec-2018-2019-r6-sebring-67,wec-2018-2019-r6-sebring,wec-2018-2019,wec-2018-2019-lmgte-pro,wec-2018-2019-lmgte-pro-67,67,ford-chip-ganassi-team-uk,ford,ford-gt,true
wec-2018-2019-r6-sebring-51,wec-2018-2019-r6-sebring,wec-2018-2019,wec-2018-2019-lmgte-pro,wec-2018-2019-lmgte-pro-51,51,af-corse,ferrari,ferrari-488-gte-evo,true
wec-2018-2019-r6-sebring-92,wec-2018-2019-r6-sebring,wec-2018-2019,wec-2018-2019-lmgte-pro,wec-2018-2019-lmgte-pro-92,92,porsche-gt-team,porsche,porsche-911-rsr,true
wec-2018-2019-r6-sebring-71,wec-2018-2019-r6-sebring,wec-2018-2019,wec-2018-2019-lmgte-pro,wec-2018-2019-lmgte-pro-71,71,af-corse,ferrari,ferrari-488-gte-evo,true
wec-2018-2019-r6-sebring-82,wec-2018-2019-r6-sebring,wec-2018-2019,wec-2018-2019-lmgte-pro,wec-2018-2019-lmgte-pro-82,82,bmw-team-mtek,bmw,bmw-m8-gte,true
wec-2018-2019-r6-sebring-63,wec-2018-2019-r6-sebring,wec-2018-2019,wec-2018-2019-lmgte-pro,wec-2018-2019-lmgte-pro-63,63,corvette-racing,chevrolet,chevrolet-corvette-c7-r,true
wec-2018-2019-r6-sebring-97,wec-2018-2019-r6-sebring,wec-2018-2019,wec-2018-2019-lmgte-pro,wec-2018-2019-lmgte-pro-97,97,aston-martin-racing,aston-martin,aston-martin-vantage-amr,true
wec-2018-2019-r6-sebring-95,wec-2018-2019-r6-sebring,wec-2018-2019,wec-2018-2019-lmgte-pro,wec-2018-2019-lmgte-pro-95,95,aston-martin-racing,aston-martin,aston-martin-vantage-amr,true
wec-2018-2019-r6-sebring-77,wec-2018-2019-r6-sebring,wec-2018-2019,wec-2018-2019-lmgte-am,wec-2018-2019-lmgte-am-77,77,dempsey-proton-racing,porsche,porsche-911-rsr,true
wec-2018-2019-r6-sebring-54,wec-2018-2019-r6-sebring,wec-2018-2019,wec-2018-2019-lmgte-am,wec-2018-2019-lmgte-am-54,54,spirit-of-race,ferrari,ferrari-f488-gte,true
wec-2018-2019-r6-sebring-56,wec-2018-2019-r6-sebring,wec-2018-2019,wec-2018-2019-lmgte-am,wec-2018-2019-lmgte-am-56,56,team-project-1,porsche,porsche-911-rsr,true
wec-2018-2019-r6-sebring-86,wec-2018-2019-r6-sebring,wec-2018-2019,wec-2018-2019-lmgte-am,wec-2018-2019-lmgte-am-86,86,gulf-racing,porsche,porsche-911-rsr,true
wec-2018-2019-r6-sebring-70,wec-2018-2019-r6-sebring,wec-2018-2019,wec-2018-2019-lmgte-am,wec-2018-2019-lmgte-am-70,70,mr-racing,ferrari,ferrari-f488-gte,true
wec-2018-2019-r6-sebring-90,wec-2018-2019-r6-sebring,wec-2018-2019,wec-2018-2019-lmgte-am,wec-2018-2019-lmgte-am-90,90,tf-sport,aston-martin,aston-martin-vantage,true
wec-2018-2019-r6-sebring-88,wec-2018-2019-r6-sebring,wec-2018-2019,wec-2018-2019-lmgte-am,wec-2018-2019-lmgte-am-88,88,dempsey-proton-racing,porsche,porsche-911-rsr,true
wec-2018-2019-r6-sebring-98,wec-2018-2019-r6-sebring,wec-2018-2019,wec-2018-2019-lmgte-am,wec-2018-2019-lmgte-am-98,98,aston-martin-racing,aston-martin,aston-martin-vantage,true
wec-2018-2019-r6-sebring-66,wec-2018-2019-r6-sebring,wec-2018-2019,wec-2018-2019-lmgte-pro,wec-2018-2019-lmgte-pro-66,66,ford-chip-ganassi-team-uk,ford,ford-gt,true
wec-2018-2019-r6-sebring-38,wec-2018-2019-r6-sebring,wec-2018-2019,wec-2018-2019-lmp2,wec-2018-2019-lmp2-38,38,jackie-chan-dc-racing,oreca,oreca-07-gibson,true
wec-2018-2019-r6-sebring-28,wec-2018-2019-r6-sebring,wec-2018-2019,wec-2018-2019-lmp2,wec-2018-2019-lmp2-28,28,tds-racing,oreca,oreca-07-gibson,true
wec-2018-2019-r6-sebring-17,wec-2018-2019-r6-sebring,wec-2018-2019,wec-2018-2019-lmp1,wec-2018-2019-lmp1-17,17,smp-racing,br,br-engineering-br1-aer,true
wec-2018-2019-r6-sebring-10,wec-2018-2019-r6-sebring,wec-2018-2019,wec-2018-2019-lmp1,wec-2018-2019-lmp1-10,10,dragonspeed,br,br-engineering-br1-gibson,true
wec-2018-2019-r6-sebring-1,wec-2018-2019-r6-sebring,wec-2018-2019,wec-2018-2019-lmp1,wec-2018-2019-lmp1-1,1,rebellion-racing,rebellion,rebellion-r13-gibson,true
wec-2018-2019-r6-sebring-61,wec-2018-2019-r6-sebring,wec-2018-2019,wec-2018-2019-lmgte-am,wec-2018-2019-lmgte-am-61,61,clearwater-racing,ferrari,ferrari-f488-gte,true
wec-2018-2019-r7-spa-8,wec-2018-2019-r7-spa,wec-2018-2019,wec-2018-2019-lmp1,wec-2018-2019-lmp1-8,8,toyota-gazoo-racing,toyota,toyota-ts050-hybrid,true
wec-2018-2019-r7-spa-3,wec-2018-2019-r7-spa,wec-2018-2019,wec-2018-2019-lmp1,wec-2018-2019-lmp1-3,3,rebellion-racing,rebellion,rebellion-r13-gibson,true
wec-2018-2019-r7-spa-11,wec-2018-2019-r7-spa,wec-2018-2019,wec-2018-2019-lmp1,wec-2018-2019-lmp1-11,11,smp-racing,br,br-engineering-br1-aer,true
wec-2018-2019-r7-spa-17,wec-2018-2019-r7-spa,wec-2018-2019,wec-2018-2019-lmp1,wec-2018-2019-lmp1-17,17,smp-racing,br,br-engineering-br1-aer,true
wec-2018-2019-r7-spa-1,wec-2018-2019-r7-spa,wec-2018-2019,wec-2018-2019-lmp1,wec-2018-2019-lmp1-1,1,rebellion-racing,rebellion,rebellion-r13-gibson,true
wec-2018-2019-r7-spa-7,wec-2018-2019-r7-spa,wec-2018-2019,wec-2018-2019-lmp1,wec-2018-2019-lmp1-7,7,toyota-gazoo-racing,toyota,toyota-ts050-hybrid,true
wec-2018-2019-r7-spa-31,wec-2018-2019-r7-spa,wec-2018-2019,wec-2018-2019-lmp2,wec-2018-2019-lmp2-31,31,dragonspeed,oreca,oreca-07-gibson,true
wec-2018-2019-r7-spa-26,wec-2018-2019-r7-spa,wec-2018-2019,wec-2018-2019-lmp2,wec-2018-2019-lmp2-26,26,g-drive-racing,aurus,aurus-01-gibson,true
wec-2018-2019-r7-spa-36,wec-2018-2019-r7-spa,wec-2018-2019,wec-2018-2019-lmp2,wec-2018-2019-lmp2-36,36,signatech-alpine-matmut,alpine,alpine-a470-gibson,true
wec-2018-2019-r7-spa-38,wec-2018-2019-r7-spa,wec-2018-2019,wec-2018-2019-lmp2,wec-2018-2019-lmp2-38,38,jackie-chan-dc-racing,oreca,oreca-07-gibson,true
wec-2018-2019-r7-spa-28,wec-2018-2019-r7-spa,wec-2018-2019,wec-2018-2019-lmp2,wec-2018-2019-lmp2-28,28,tds-racing,oreca,oreca-07-gibson,true
wec-2018-2019-r7-spa-29,wec-2018-2019-r7-spa,wec-2018-2019,wec-2018-2019-lmp2,wec-2018-2019-lmp2-29,29,racing-team-nederland,dallara,dallara-p217-gibson,true
wec-2018-2019-r7-spa-37,wec-2018-2019-r7-spa,wec-2018-2019,wec-2018-2019-lmp2,wec-2018-2019-lmp2-37,37,jackie-chan-dc-racing,oreca,oreca-07-gibson,true
wec-2018-2019-r7-spa-50,wec-2018-2019-r7-spa,wec-2018-2019,wec-2018-2019-lmp2,wec-2018-2019-lmp2-50,50,larbre-competition,ligier,ligier-jsp217-gibson,true
wec-2018-2019-r7-spa-97,wec-2018-2019-r7-spa,wec-2018-2019,wec-2018-2019-lmgte-pro,wec-2018-2019-lmgte-pro-97,97,aston-martin-racing,aston-martin,aston-martin-vantage-amr,true
wec-2018-2019-r7-spa-51,wec-2018-2019-r7-spa,wec-2018-2019,wec-2018-2019-lmgte-pro,wec-2018-2019-lmgte-pro-51,51,af-corse,ferrari,ferrari-488-gte-evo,true
wec-2018-2019-r7-spa-92,wec-2018-2019-r7-spa,wec-2018-2019,wec-2018-2019-lmgte-pro,wec-2018-2019-lmgte-pro-92,92,porsche-gt-team,porsche,porsche-911-rsr,true
wec-2018-2019-r7-spa-82,wec-2018-2019-r7-spa,wec-2018-2019,wec-2018-2019-lmgte-pro,wec-2018-2019-lmgte-pro-82,82,bmw-team-mtek,bmw,bmw-m8-gte,true
wec-2018-2019-r7-spa-67,wec-2018-2019-r7-spa,wec-2018-2019,wec-2018-2019-lmgte-pro,wec-2018-2019-lmgte-pro-67,67,ford-chip-ganassi-team-uk,ford,ford-gt,true
wec-2018-2019-r7-spa-71,wec-2018-2019-r7-spa,wec-2018-2019,wec-2018-2019-lmgte-pro,wec-2018-2019-lmgte-pro-71,71,af-corse,ferrari,ferrari-488-gte-evo,true
wec-2018-2019-r7-spa-95,wec-2018-2019-r7-spa,wec-2018-2019,wec-2018-2019-lmgte-pro,wec-2018-2019-lmgte-pro-95,95,aston-martin-racing,aston-martin,aston-martin-vantage-amr,true
wec-2018-2019-r7-spa-91,wec-2018-2019-r7-spa,wec-2018-2019,wec-2018-2019-lmgte-pro,wec-2018-2019-lmgte-pro-91,91,porsche-gt-team,porsche,porsche-911-rsr,true
wec-2018-2019-r7-spa-81,wec-2018-2019-r7-spa,wec-2018-2019,wec-2018-2019-lmgte-pro,wec-2018-2019-lmgte-pro-81,81,bmw-team-mtek,bmw,bmw-m8-gte,true
wec-2018-2019-r7-spa-66,wec-2018-2019-r7-spa,wec-2018-2019,wec-2018-2019-lmgte-pro,wec-2018-2019-lmgte-pro-66,66,ford-chip-ganassi-team-uk,ford,ford-gt,true
wec-2018-2019-r7-spa-77,wec-2018-2019-r7-spa,wec-2018-2019,wec-2018-2019-lmgte-am,wec-2018-2019-lmgte-am-77,77,dempsey-proton-racing,porsche,porsche-911-rsr,true
wec-2018-2019-r7-spa-90,wec-2018-2019-r7-spa,wec-2018-2019,wec-2018-2019-lmgte-am,wec-2018-2019-lmgte-am-90,90,tf-sport,aston-martin,aston-martin-vantage,true
wec-2018-2019-r7-spa-61,wec-2018-2019-r7-spa,wec-2018-2019,wec-2018-2019-lmgte-am,wec-2018-2019-lmgte-am-61,61,clearwater-racing,ferrari,ferrari-f488-gte,true
wec-2018-2019-r7-spa-54,wec-2018-2019-r7-spa,wec-2018-2019,wec-2018-2019-lmgte-am,wec-2018-2019-lmgte-am-54,54,spirit-of-race,ferrari,ferrari-f488-gte,true
wec-2018-2019-r7-spa-56,wec-2018-2019-r7-spa,wec-2018-2019,wec-2018-2019-lmgte-am,wec-2018-2019-lmgte-am-56,56,team-project-1,porsche,porsche-911-rsr,true
wec-2018-2019-r7-spa-98,wec-2018-2019-r7-spa,wec-2018-2019,wec-2018-2019-lmgte-am,wec-2018-2019-lmgte-am-98,98,aston-martin-racing,aston-martin,aston-martin-vantage,true
wec-2018-2019-r7-spa-86,wec-2018-2019-r7-spa,wec-2018-2019,wec-2018-2019-lmgte-am,wec-2018-2019-lmgte-am-86,86,gulf-racing,porsche,porsche-911-rsr,true
wec-2018-2019-r7-spa-70,wec-2018-2019-r7-spa,wec-2018-2019,wec-2018-2019-lmgte-am,wec-2018-2019-lmgte-am-70,70,mr-racing,ferrari,ferrari-f488-gte,true
wec-2018-2019-r7-spa-88,wec-2018-2019-r7-spa,wec-2018-2019,wec-2018-2019-lmgte-am,wec-2018-2019-lmgte-am-88,88,dempsey-proton-racing,porsche,porsche-911-rsr,true
wec-2018-2019-r7-spa-4,wec-2018-2019-r7-spa,wec-2018-2019,wec-2018-2019-lmp1,wec-2018-2019-lmp1-4,4,bykolles-racing-team,enso,enso-clm-p1-01-gibson,true
wec-2018-2019-r8-le-mans-8,wec-2018-2019-r8-le-mans,wec-2018-2019,wec-2018-2019-lmp1,wec-2018-2019-lmp1-8,8,toyota-gazoo-racing,toyota,toyota-ts050-hybrid,true
wec-2018-2019-r8-le-mans-7,wec-2018-2019-r8-le-mans,wec-2018-2019,wec-2018-2019-lmp1,wec-2018-2019-lmp1-7,7,toyota-gazoo-racing,toyota,toyota-ts050-hybrid,true
wec-2018-2019-r8-le-mans-11,wec-2018-2019-r8-le-mans,wec-2018-2019,wec-2018-2019-lmp1,wec-2018-2019-lmp1-11,11,smp-racing,br,br-engineering-br1-aer,true
wec-2018-2019-r8-le-mans-1,wec-2018-2019-r8-le-mans,wec-2018-2019,wec-2018-2019-lmp1,wec-2018-2019-lmp1-1,1,rebellion-racing,rebellion,rebellion-r13-gibson,true
wec-2018-2019-r8-le-mans-3,wec-2018-2019-r8-le-mans,wec-2018-2019,wec-2018-2019-lmp1,wec-2018-2019-lmp1-3,3,rebellion-racing,rebellion,rebellion-r13-gibson,true
wec-2018-2019-r8-le-mans-36,wec-2018-2019-r8-le-mans,wec-2018-2019,wec-2018-2019-lmp2,wec-2018-2019-lmp2-36,36,signatech-alpine-matmut,alpine,alpine-a470-gibson,true
wec-2018-2019-r8-le-mans-38,wec-2018-2019-r8-le-mans,wec-2018-2019,wec-2018-2019-lmp2,wec-2018-2019-lmp2-38,38,jackie-chan-dc-racing,oreca,oreca-07-gibson,true
wec-2018-2019-r8-le-mans-28,wec-2018-2019-r8-le-mans,wec-2018-2019,wec-2018-2019-lmp2,wec-2018-2019-lmp2-28,28,tds-racing,oreca,oreca-07-gibson,true
wec-2018-2019-r8-le-mans-22,wec-2018-2019-r8-le-mans,wec-2018-2019,wec-2018-2019-lmp2,wec-2018-2019-lmp2-22,22,united-autosports,ligier,ligier-jsp217-gibson,true
wec-2018-2019-r8-le-mans-48,wec-2018-2019-r8-le-mans,wec-2018-2019,wec-2018-2019-lmp2,wec-2018-2019-lmp2-48,48,idec-sport,oreca,oreca-07-gibson,true
wec-2018-2019-r8-le-mans-26,wec-2018-2019-r8-le-mans,wec-2018-2019,wec-2018-2019-lmp2,wec-2018-2019-lmp2-26,26,g-drive-racing,aurus,aurus-01-gibson,true
wec-2018-2019-r8-le-mans-30,wec-2018-2019-r8-le-mans,wec-2018-2019,wec-2018-2019-lmp2,wec-2018-2019-lmp2-30,30,duqueine-engineering,oreca,oreca-07-gibson,true
wec-2018-2019-r8-le-mans-23,wec-2018-2019-r8-le-mans,wec-2018-2019,wec-2018-2019-lmp2,wec-2018-2019-lmp2-23,23,panis-barthez-competition,ligier,ligier-jsp217-gibson,true
wec-2018-2019-r8-le-mans-39,wec-2018-2019-r8-le-mans,wec-2018-2019,wec-2018-2019-lmp2,wec-2018-2019-lmp2-39,39,graff,oreca,oreca-07-gibson,true
wec-2018-2019-r8-le-mans-25,wec-2018-2019-r8-le-mans,wec-2018-2019,wec-2018-2019-lmp2,wec-2018-2019-lmp2-25,25,algarve-pro-racing,oreca,oreca-07-gibson,true
wec-2018-2019-r8-le-mans-20,wec-2018-2019-r8-le-mans,wec-2018-2019,wec-2018-2019-lmp2,wec-2018-2019-lmp2-20,20,high-class-racing,oreca,oreca-07-gibson,true
wec-2018-2019-r8-le-mans-50,wec-2018-2019-r8-le-mans,wec-2018-2019,wec-2018-2019-lmp2,wec-2018-2019-lmp2-50,50,larbre-competition,ligier,ligier-jsp217-gibson,true
wec-2018-2019-r8-le-mans-47,wec-2018-2019-r8-le-mans,wec-2018-2019,wec-2018-2019-lmp2,wec-2018-2019-lmp2-47,47,cetilar-r-villorba-corse,dallara,dallara-p217-gibson,true
wec-2018-2019-r8-le-mans-32,wec-2018-2019-r8-le-mans,wec-2018-2019,wec-2018-2019-lmp2,wec-2018-2019-lmp2-32,32,united-autosports,ligier,ligier-jsp217-gibson,true
wec-2018-2019-r8-le-mans-51,wec-2018-2019-r8-le-mans,wec-2018-2019,wec-2018-2019-lmgte-pro,wec-2018-2019-lmgte-pro-51,51,af-corse,ferrari,ferrari-488-gte-evo,true
wec-2018-2019-r8-le-mans-91,wec-2018-2019-r8-le-mans,wec-2018-2019,wec-2018-2019-lmgte-pro,wec-2018-2019-lmgte-pro-91,91,porsche-gt-team,porsche,porsche-911-rsr,true
wec-2018-2019-r8-le-mans-93,wec-2018-2019-r8-le-mans,wec-2018-2019,wec-2018-2019-lmgte-pro,wec-2018-2019-lmgte-pro-93,93,porsche-gt-team,porsche,porsche-911-rsr,true
wec-2018-2019-r8-le-mans-67,wec-2018-2019-r8-le-mans,wec-2018-2019,wec-2018-2019-lmgte-pro,wec-2018-2019-lmgte-pro-67,67,ford-chip-ganassi-team-uk,ford,ford-gt,true
wec-2018-2019-r8-le-mans-69,wec-2018-2019-r8-le-mans,wec-2018-2019,wec-2018-2019-lmgte-pro,wec-2018-2019-lmgte-pro-69,69,ford-chip-ganassi-team-usa,ford,ford-gt,true
wec-2018-2019-r8-le-mans-66,wec-2018-2019-r8-le-mans,wec-2018-2019,wec-2018-2019-lmgte-pro,wec-2018-2019-lmgte-pro-66,66,ford-chip-ganassi-team-uk,ford,ford-gt,true
wec-2018-2019-r8-le-mans-29,wec-2018-2019-r8-le-mans,wec-2018-2019,wec-2018-2019-lmp2,wec-2018-2019-lmp2-29,29,racing-team-nederland,dallara,dallara-p217-gibson,true
wec-2018-2019-r8-le-mans-94,wec-2018-2019-r8-le-mans,wec-2018-2019,wec-2018-2019-lmgte-pro,wec-2018-2019-lmgte-pro-94,94,porsche-gt-team,porsche,porsche-911-rsr,true
wec-2018-2019-r8-le-mans-63,wec-2018-2019-r8-le-mans,wec-2018-2019,wec-2018-2019-lmgte-pro,wec-2018-2019-lmgte-pro-63,63,corvette-racing,chevrolet,chevrolet-corvette-c7-r,true
wec-2018-2019-r8-le-mans-92,wec-2018-2019-r8-le-mans,wec-2018-2019,wec-2018-2019-lmgte-pro,wec-2018-2019-lmgte-pro-92,92,porsche-gt-team,porsche,porsche-911-rsr,true
wec-2018-2019-r8-le-mans-82,wec-2018-2019-r8-le-mans,wec-2018-2019,wec-2018-2019-lmgte-pro,wec-2018-2019-lmgte-pro-82,82,bmw-team-mtek,bmw,bmw-m8-gte,true
wec-2018-2019-r8-le-mans-56,wec-2018-2019-r8-le-mans,wec-2018-2019,wec-2018-2019-lmgte-am,wec-2018-2019-lmgte-am-56,56,team-project-1,porsche,porsche-911-rsr,true
wec-2018-2019-r8-le-mans-84,wec-2018-2019-r8-le-mans,wec-2018-2019,wec-2018-2019-lmgte-am,wec-2018-2019-lmgte-am-84,84,jmw-motorsport,ferrari,ferrari-488-gte,true
wec-2018-2019-r8-le-mans-62,wec-2018-2019-r8-le-mans,wec-2018-2019,wec-2018-2019-lmgte-am,wec-2018-2019-lmgte-am-62,62,weathertech-racing,ferrari,ferrari-488-gte,true
wec-2018-2019-r8-le-mans-77,wec-2018-2019-r8-le-mans,wec-2018-2019,wec-2018-2019-lmgte-am,wec-2018-2019-lmgte-am-77,77,dempsey-proton-racing,porsche,porsche-911-rsr,true
wec-2018-2019-r8-le-mans-57,wec-2018-2019-r8-le-mans,wec-2018-2019,wec-2018-2019-lmgte-am,wec-2018-2019-lmgte-am-57,57,car-guy-racing,ferrari,ferrari-488-gte,true
wec-2018-2019-r8-le-mans-78,wec-2018-2019-r8-le-mans,wec-2018-2019,wec-2018-2019-lmgte-am,wec-2018-2019-lmgte-am-78,78,proton-competition,porsche,porsche-911-rsr,true
wec-2018-2019-r8-le-mans-61,wec-2018-2019-r8-le-mans,wec-2018-2019,wec-2018-2019-lmgte-am,wec-2018-2019-lmgte-am-61,61,clearwater-racing,ferrari,ferrari-488-gte,true
wec-2018-2019-r8-le-mans-86,wec-2018-2019-r8-le-mans,wec-2018-2019,wec-2018-2019-lmgte-am,wec-2018-2019-lmgte-am-86,86,gulf-racing,porsche,porsche-911-rsr,true
wec-2018-2019-r8-le-mans-83,wec-2018-2019-r8-le-mans,wec-2018-2019,wec-2018-2019-lmgte-am,wec-2018-2019-lmgte-am-83,83,kessel-racing,ferrari,ferrari-488-gte,true
wec-2018-2019-r8-le-mans-89,wec-2018-2019-r8-le-mans,wec-2018-2019,wec-2018-2019-lmgte-pro,wec-2018-2019-lmgte-pro-89,89,risi-competizione,ferrari,ferrari-488-gte-evo,true
wec-2018-2019-r8-le-mans-70,wec-2018-2019-r8-le-mans,wec-2018-2019,wec-2018-2019-lmgte-am,wec-2018-2019-lmgte-am-70,70,mr-racing,ferrari,ferrari-488-gte,true
wec-2018-2019-r8-le-mans-90,wec-2018-2019-r8-le-mans,wec-2018-2019,wec-2018-2019-lmgte-am,wec-2018-2019-lmgte-am-90,90,tf-sport,aston-martin,aston-martin-vantage,true
wec-2018-2019-r8-le-mans-54,wec-2018-2019-r8-le-mans,wec-2018-2019,wec-2018-2019-lmgte-am,wec-2018-2019-lmgte-am-54,54,spirit-of-race,ferrari,ferrari-488-gte,true
wec-2018-2019-r8-le-mans-97,wec-2018-2019-r8-le-mans,wec-2018-2019,wec-2018-2019-lmgte-pro,wec-2018-2019-lmgte-pro-97,97,aston-martin-racing,aston-martin,aston-martin-vantage-amr,true
wec-2018-2019-r8-le-mans-34,wec-2018-2019-r8-le-mans,wec-2018-2019,wec-2018-2019-lmp2,wec-2018-2019-lmp2-34,34,inter-europol-competition,ligier,ligier-jsp217-gibson,true
wec-2018-2019-r8-le-mans-60,wec-2018-2019-r8-le-mans,wec-2018-2019,wec-2018-2019-lmgte-am,wec-2018-2019-lmgte-am-60,60,kessel-racing,ferrari,ferrari-488-gte,true
wec-2018-2019-r8-le-mans-81,wec-2018-2019-r8-le-mans,wec-2018-2019,wec-2018-2019-lmgte-pro,wec-2018-2019-lmgte-pro-81,81,bmw-team-mtek,bmw,bmw-m8-gte,true
wec-2018-2019-r8-le-mans-43,wec-2018-2019-r8-le-mans,wec-2018-2019,wec-2018-2019-lmp2,wec-2018-2019-lmp2-43,43,rlr-m-sport-tower-events,oreca,oreca-07-gibson,true
wec-2018-2019-r8-le-mans-31,wec-2018-2019-r8-le-mans,wec-2018-2019,wec-2018-2019-lmp2,wec-2018-2019-lmp2-31,31,dragonspeed,oreca,oreca-07-gibson,true
wec-2018-2019-r8-le-mans-37,wec-2018-2019-r8-le-mans,wec-2018-2019,wec-2018-2019-lmp2,wec-2018-2019-lmp2-37,37,jackie-chan-dc-racing,oreca,oreca-07-gibson,true
wec-2018-2019-r8-le-mans-17,wec-2018-2019-r8-le-mans,wec-2018-2019,wec-2018-2019-lmp1,wec-2018-2019-lmp1-17,17,smp-racing,br,br-engineering-br1-aer,true
wec-2018-2019-r8-le-mans-4,wec-2018-2019-r8-le-mans,wec-2018-2019,wec-2018-2019-lmp1,wec-2018-2019-lmp1-4,4,bykolles-racing-team,enso,enso-clm-p1-01-gibson,true
wec-2018-2019-r8-le-mans-49,wec-2018-2019-r8-le-mans,wec-2018-2019,wec-2018-2019-lmp2,wec-2018-2019-lmp2-49,49,arc-bratislava,ligier,ligier-jsp217-gibson,true
wec-2018-2019-r8-le-mans-71,wec-2018-2019-r8-le-mans,wec-2018-2019,wec-2018-2019-lmgte-pro,wec-2018-2019-lmgte-pro-71,71,af-corse,ferrari,ferrari-488-gte-evo,true
wec-2018-2019-r8-le-mans-95,wec-2018-2019-r8-le-mans,wec-2018-2019,wec-2018-2019-lmgte-pro,wec-2018-2019-lmgte-pro-95,95,aston-martin-racing,aston-martin,aston-martin-vantage-amr,true
wec-2018-2019-r8-le-mans-98,wec-2018-2019-r8-le-mans,wec-2018-2019,wec-2018-2019-lmgte-am,wec-2018-2019-lmgte-am-98,98,aston-martin-racing,aston-martin,aston-martin-vantage,true
wec-2018-2019-r8-le-mans-64,wec-2018-2019-r8-le-mans,wec-2018-2019,wec-2018-2019-lmgte-pro,wec-2018-2019-lmgte-pro-64,64,corvette-racing,chevrolet,chevrolet-corvette-c7-r,true
wec-2018-2019-r8-le-mans-88,wec-2018-2019-r8-le-mans,wec-2018-2019,wec-2018-2019-lmgte-am,wec-2018-2019-lmgte-am-88,88,dempsey-proton-racing,porsche,porsche-911-rsr,true
wec-2018-2019-r8-le-mans-10,wec-2018-2019-r8-le-mans,wec-2018-2019,wec-2018-2019-lmp1,wec-2018-2019-lmp1-10,10,dragonspeed,br,br-engineering-br1-gibson,true
wec-2018-2019-r8-le-mans-68,wec-2018-2019-r8-le-mans,wec-2018-2019,wec-2018-2019-lmgte-pro,wec-2018-2019-lmgte-pro-68,68,ford-chip-ganassi-team-usa,ford,ford-gt,true
wec-2018-2019-r8-le-mans-85,wec-2018-2019-r8-le-mans,wec-2018-2019,wec-2018-2019-lmgte-am,wec-2018-2019-lmgte-am-85,85,keating-motorsports,ford,ford-gt,true
wec-2018-2019-r8-le-mans-99,wec-2018-2019-r8-le-mans,wec-2018-2019,wec-2018-2019-lmgte-am,wec-2018-2019-lmgte-am-99,99,dempsey-proton-racing,porsche,porsche-911-rsr,true
wec-2019-2020-r1-silverstone-7,wec-2019-2020-r1-silverstone,wec-2019-2020,wec-2019-2020-lmp1,wec-2019-2020-lmp1-7,7,toyota-gazoo-racing,toyota,toyota-ts050-hybrid,true
wec-2019-2020-r1-silverstone-8,wec-2019-2020-r1-silverstone,wec-2019-2020,wec-2019-2020-lmp1,wec-2019-2020-lmp1-8,8,toyota-gazoo-racing,toyota,toyota-ts050-hybrid,true
wec-2019-2020-r1-silverstone-3,wec-2019-2020-r1-silverstone,wec-2019-2020,wec-2019-2020-lmp1,wec-2019-2020-lmp1-3,3,rebellion-racing,rebellion,rebellion-r13-gibson,true
wec-2019-2020-r1-silverstone-5,wec-2019-2020-r1-silverstone,wec-2019-2020,wec-2019-2020-lmp1,wec-2019-2020-lmp1-5,5,team-lnt,ginetta,ginetta-g60-lt-p1-aer,true
wec-2019-2020-r1-silverstone-42,wec-2019-2020-r1-silverstone,wec-2019-2020,wec-2019-2020-lmp2,wec-2019-2020-lmp2-42,42,cool-racing,oreca,oreca-07-gibson,true
wec-2019-2020-r1-silverstone-36,wec-2019-2020-r1-silverstone,wec-2019-2020,wec-2019-2020-lmp2,wec-2019-2020-lmp2-36,36,signatech-alpine-elf,alpine,alpine-a470-gibson,true
wec-2019-2020-r1-silverstone-29,wec-2019-2020-r1-silverstone,wec-2019-2020,wec-2019-2020-lmp2,wec-2019-2020-lmp2-29,29,racing-team-nederland,oreca,oreca-07-gibson,true
wec-2019-2020-r1-silverstone-37,wec-2019-2020-r1-silverstone,wec-2019-2020,wec-2019-2020-lmp2,wec-2019-2020-lmp2-37,37,jackie-chan-dc-racing,oreca,oreca-07-gibson,true
wec-2019-2020-r1-silverstone-38,wec-2019-2020-r1-silverstone,wec-2019-2020,wec-2019-2020-lmp2,wec-2019-2020-lmp2-38,38,jota,oreca,oreca-07-gibson,true
wec-2019-2020-r1-silverstone-1,wec-2019-2020-r1-silverstone,wec-2019-2020,wec-2019-2020-lmp1,wec-2019-2020-lmp1-1,1,rebellion-racing,rebellion,rebellion-r13-gibson,true
wec-2019-2020-r1-silverstone-47,wec-2019-2020-r1-silverstone,wec-2019-2020,wec-2019-2020-lmp2,wec-2019-2020-lmp2-47,47,cetilar-racing,dallara,dallara-p217-gibson,true
wec-2019-2020-r1-silverstone-33,wec-2019-2020-r1-silverstone,wec-2019-2020,wec-2019-2020-lmp2,wec-2019-2020-lmp2-33,33,high-class-racing,oreca,oreca-07-gibson,true
wec-2019-2020-r1-silverstone-91,wec-2019-2020-r1-silverstone,wec-2019-2020,wec-2019-2020-lmgte-pro,wec-2019-2020-lmgte-pro-91,91,porsche-gt-team,porsche,porsche-911-rsr-19,true
wec-2019-2020-r1-silverstone-92,wec-2019-2020-r1-silverstone,wec-2019-2020,wec-2019-2020-lmgte-pro,wec-2019-2020-lmgte-pro-92,92,porsche-gt-team,porsche,porsche-911-rsr-19,true
wec-2019-2020-r1-silverstone-97,wec-2019-2020-r1-silverstone,wec-2019-2020,wec-2019-2020-lmgte-pro,wec-2019-2020-lmgte-pro-97,97,aston-martin-racing,aston-martin,aston-martin-vantage-amr,true
wec-2019-2020-r1-silverstone-51,wec-2019-2020-r1-silverstone,wec-2019-2020,wec-2019-2020-lmgte-pro,wec-2019-2020-lmgte-pro-51,51,af-corse,ferrari,ferrari-f488-gte-evo,true
wec-2019-2020-r1-silverstone-95,wec-2019-2020-r1-silverstone,wec-2019-2020,wec-2019-2020-lmgte-pro,wec-2019-2020-lmgte-pro-95,95,aston-martin-racing,aston-martin,aston-martin-vantage-amr,true
wec-2019-2020-r1-silverstone-83,wec-2019-2020-r1-silverstone,wec-2019-2020,wec-2019-2020-lmgte-am,wec-2019-2020-lmgte-am-83,83,af-corse,ferrari,ferrari-488-gte-evo,true
wec-2019-2020-r1-silverstone-98,wec-2019-2020-r1-silverstone,wec-2019-2020,wec-2019-2020-lmgte-am,wec-2019-2020-lmgte-am-98,98,aston-martin-racing,aston-martin,aston-martin-vantage-amr,true
wec-2019-2020-r1-silverstone-70,wec-2019-2020-r1-silverstone,wec-2019-2020,wec-2019-2020-lmgte-am,wec-2019-2020-lmgte-am-70,70,mr-racing,ferrari,ferrari-488-gte-evo,true
wec-2019-2020-r1-silverstone-86,wec-2019-2020-r1-silverstone,wec-2019-2020,wec-2019-2020-lmgte-am,wec-2019-2020-lmgte-am-86,86,gulf-racing,porsche,porsche-911-rsr,true
wec-2019-2020-r1-silverstone-77,wec-2019-2020-r1-silverstone,wec-2019-2020,wec-2019-2020-lmgte-am,wec-2019-2020-lmgte-am-77,77,dempsey-proton-racing,porsche,porsche-911-rsr,true
wec-2019-2020-r1-silverstone-56,wec-2019-2020-r1-silverstone,wec-2019-2020,wec-2019-2020-lmgte-am,wec-2019-2020-lmgte-am-56,56,team-project-1,porsche,porsche-911-rsr,true
wec-2019-2020-r1-silverstone-90,wec-2019-2020-r1-silverstone,wec-2019-2020,wec-2019-2020-lmgte-am,wec-2019-2020-lmgte-am-90,90,tf-sport,aston-martin,aston-martin-vantage-amr,true
wec-2019-2020-r1-silverstone-62,wec-2019-2020-r1-silverstone,wec-2019-2020,wec-2019-2020-lmgte-am,wec-2019-2020-lmgte-am-62,62,red-river-sport,ferrari,ferrari-488-gte-evo,true
wec-2019-2020-r1-silverstone-54,wec-2019-2020-r1-silverstone,wec-2019-2020,wec-2019-2020-lmgte-am,wec-2019-2020-lmgte-am-54,54,af-corse,ferrari,ferrari-488-gte-evo,true
wec-2019-2020-r1-silverstone-57,wec-2019-2020-r1-silverstone,wec-2019-2020,wec-2019-2020-lmgte-am,wec-2019-2020-lmgte-am-57,57,team-project-1,porsche,porsche-911-rsr,true
wec-2019-2020-r1-silverstone-6,wec-2019-2020-r1-silverstone,wec-2019-2020,wec-2019-2020-lmp1,wec-2019-2020-lmp1-6,6,team-lnt,ginetta,ginetta-g60-lt-p1-aer,true
wec-2019-2020-r1-silverstone-88,wec-2019-2020-r1-silverstone,wec-2019-2020,wec-2019-2020-lmgte-am,wec-2019-2020-lmgte-am-88,88,dempsey-proton-racing,porsche,porsche-911-rsr,true
wec-2019-2020-r1-silverstone-71,wec-2019-2020-r1-silverstone,wec-2019-2020,wec-2019-2020-lmgte-pro,wec-2019-2020-lmgte-pro-71,71,af-corse,ferrari,ferrari-f488-gte-evo,true
wec-2019-2020-r1-silverstone-22,wec-2019-2020-r1-silverstone,wec-2019-2020,wec-2019-2020-lmp2,wec-2019-2020-lmp2-22,22,united-autosports,oreca,oreca-07-gibson,true
wec-2019-2020-r2-fuji-8,wec-2019-2020-r2-fuji,wec-2019-2020,wec-2019-2020-lmp1,wec-2019-2020-lmp1-8,8,toyota-gazoo-racing,toyota,toyota-ts050-hybrid,true
wec-2019-2020-r2-fuji-7,wec-2019-2020-r2-fuji,wec-2019-2020,wec-2019-2020-lmp1,wec-2019-2020-lmp1-7,7,toyota-gazoo-racing,toyota,toyota-ts050-hybrid,true
wec-2019-2020-r2-fuji-1,wec-2019-2020-r2-fuji,wec-2019-2020,wec-2019-2020-lmp1,wec-2019-2020-lmp1-1,1,rebellion-racing,rebellion,rebellion-r13-gibson,true
wec-2019-2020-r2-fuji-29,wec-2019-2020-r2-fuji,wec-2019-2020,wec-2019-2020-lmp2,wec-2019-2020-lmp2-29,29,racing-team-nederland,oreca,oreca-07-gibson,true
wec-2019-2020-r2-fuji-37,wec-2019-2020-r2-fuji,wec-2019-2020,wec-2019-2020-lmp2,wec-2019-2020-lmp2-37,37,jackie-chan-dc-racing,oreca,oreca-07-gibson,true
wec-2019-2020-r2-fuji-22,wec-2019-2020-r2-fuji,wec-2019-2020,wec-2019-2020-lmp2,wec-2019-2020-lmp2-22,22,united-autosports,oreca,oreca-07-gibson,true
wec-2019-2020-r2-fuji-33,wec-2019-2020-r2-fuji,wec-2019-2020,wec-2019-2020-lmp2,wec-2019-2020-lmp2-33,33,high-class-racing,oreca,oreca-07-gibson,true
wec-2019-2020-r2-fuji-42,wec-2019-2020-r2-fuji,wec-2019-2020,wec-2019-2020-lmp2,wec-2019-2020-lmp2-42,42,cool-racing,oreca,oreca-07-gibson,true
wec-2019-2020-r2-fuji-6,wec-2019-2020-r2-fuji,wec-2019-2020,wec-2019-2020-lmp1,wec-2019-2020-lmp1-6,6,team-lnt,ginetta,ginetta-g60-lt-p1-aer,true
wec-2019-2020-r2-fuji-36,wec-2019-2020-r2-fuji,wec-2019-2020,wec-2019-2020-lmp2,wec-2019-2020-lmp2-36,36,signatech-alpine-elf,alpine,alpine-a470-gibson,true
wec-2019-2020-r2-fuji-5,wec-2019-2020-r2-fuji,wec-2019-2020,wec-2019-2020-lmp1,wec-2019-2020-lmp1-5,5,team-lnt,ginetta,ginetta-g60-lt-p1-aer,true
wec-2019-2020-r2-fuji-47,wec-2019-2020-r2-fuji,wec-2019-2020,wec-2019-2020-lmp2,wec-2019-2020-lmp2-47,47,cetilar-racing,dallara,dallara-p217-gibson,true
wec-2019-2020-r2-fuji-95,wec-2019-2020-r2-fuji,wec-2019-2020,wec-2019-2020-lmgte-pro,wec-2019-2020-lmgte-pro-95,95,aston-martin-racing,aston-martin,aston-martin-vantage-amr,true
wec-2019-2020-r2-fuji-92,wec-2019-2020-r2-fuji,wec-2019-2020,wec-2019-2020-lmgte-pro,wec-2019-2020-lmgte-pro-92,92,porsche-gt-team,porsche,porsche-911-rsr-19,true
wec-2019-2020-r2-fuji-97,wec-2019-2020-r2-fuji,wec-2019-2020,wec-2019-2020-lmgte-pro,wec-2019-2020-lmgte-pro-97,97,aston-martin-racing,aston-martin,aston-martin-vantage-amr,true
wec-2019-2020-r2-fuji-51,wec-2019-2020-r2-fuji,wec-2019-2020,wec-2019-2020-lmgte-pro,wec-2019-2020-lmgte-pro-51,51,af-corse,ferrari,ferrari-f488-gte-evo,true
wec-2019-2020-r2-fuji-71,wec-2019-2020-r2-fuji,wec-2019-2020,wec-2019-2020-lmgte-pro,wec-2019-2020-lmgte-pro-71,71,af-corse,ferrari,ferrari-f488-gte-evo,true
wec-2019-2020-r2-fuji-91,wec-2019-2020-r2-fuji,wec-2019-2020,wec-2019-2020-lmgte-pro,wec-2019-2020-lmgte-pro-91,91,porsche-gt-team,porsche,porsche-911-rsr-19,true
wec-2019-2020-r2-fuji-90,wec-2019-2020-r2-fuji,wec-2019-2020,wec-2019-2020-lmgte-am,wec-2019-2020-lmgte-am-90,90,tf-sport,aston-martin,aston-martin-vantage-amr,true
wec-2019-2020-r2-fuji-83,wec-2019-2020-r2-fuji,wec-2019-2020,wec-2019-2020-lmgte-am,wec-2019-2020-lmgte-am-83,83,af-corse,ferrari,ferrari-488-gte-evo,true
wec-2019-2020-r2-fuji-57,wec-2019-2020-r2-fuji,wec-2019-2020,wec-2019-2020-lmgte-am,wec-2019-2020-lmgte-am-57,57,team-project-1,porsche,porsche-911-rsr,true
wec-2019-2020-r2-fuji-70,wec-2019-2020-r2-fuji,wec-2019-2020,wec-2019-2020-lmgte-am,wec-2019-2020-lmgte-am-70,70,mr-racing,ferrari,ferrari-488-gte-evo,true
wec-2019-2020-r2-fuji-77,wec-2019-2020-r2-fuji,wec-2019-2020,wec-2019-2020-lmgte-am,wec-2019-2020-lmgte-am-77,77,dempsey-proton-racing,porsche,porsche-911-rsr,true
wec-2019-2020-r2-fuji-54,wec-2019-2020-r2-fuji,wec-2019-2020,wec-2019-2020-lmgte-am,wec-2019-2020-lmgte-am-54,54,af-corse,ferrari,ferrari-488-gte-evo,true
wec-2019-2020-r2-fuji-56,wec-2019-2020-r2-fuji,wec-2019-2020,wec-2019-2020-lmgte-am,wec-2019-2020-lmgte-am-56,56,team-project-1,porsche,porsche-911-rsr,true
wec-2019-2020-r2-fuji-86,wec-2019-2020-r2-fuji,wec-2019-2020,wec-2019-2020-lmgte-am,wec-2019-2020-lmgte-am-86,86,gulf-racing,porsche,porsche-911-rsr,true
wec-2019-2020-r2-fuji-88,wec-2019-2020-r2-fuji,wec-2019-2020,wec-2019-2020-lmgte-am,wec-2019-2020-lmgte-am-88,88,dempsey-proton-racing,porsche,porsche-911-rsr,true
wec-2019-2020-r2-fuji-62,wec-2019-2020-r2-fuji,wec-2019-2020,wec-2019-2020-lmgte-am,wec-2019-2020-lmgte-am-62,62,red-river-sport,ferrari,ferrari-488-gte-evo,true
wec-2019-2020-r2-fuji-98,wec-2019-2020-r2-fuji,wec-2019-2020,wec-2019-2020-lmgte-am,wec-2019-2020-lmgte-am-98,98,aston-martin-racing,aston-martin,aston-martin-vantage-amr,true
wec-2019-2020-r2-fuji-38,wec-2019-2020-r2-fuji,wec-2019-2020,wec-2019-2020-lmp2,wec-2019-2020-lmp2-38,38,jota,oreca,oreca-07-gibson,true
wec-2019-2020-r3-shanghai-1,wec-2019-2020-r3-shanghai,wec-2019-2020,wec-2019-2020-lmp1,wec-2019-2020-lmp1-1,1,rebellion-racing,rebellion,rebellion-r13-gibson,true
wec-2019-2020-r3-shanghai-8,wec-2019-2020-r3-shanghai,wec-2019-2020,wec-2019-2020-lmp1,wec-2019-2020-lmp1-8,8,toyota-gazoo-racing,toyota,toyota-ts050-hybrid,true
wec-2019-2020-r3-shanghai-7,wec-2019-2020-r3-shanghai,wec-2019-2020,wec-2019-2020-lmp1,wec-2019-2020-lmp1-7,7,toyota-gazoo-racing,toyota,toyota-ts050-hybrid,true
wec-2019-2020-r3-shanghai-5,wec-2019-2020-r3-shanghai,wec-2019-2020,wec-2019-2020-lmp1,wec-2019-2020-lmp1-5,5,team-lnt,ginetta,ginetta-g60-lt-p1-aer,true
wec-2019-2020-r3-shanghai-6,wec-2019-2020-r3-shanghai,wec-2019-2020,wec-2019-2020-lmp1,wec-2019-2020-lmp1-6,6,team-lnt,ginetta,ginetta-g60-lt-p1-aer,true
wec-2019-2020-r3-shanghai-38,wec-2019-2020-r3-shanghai,wec-2019-2020,wec-2019-2020-lmp2,wec-2019-2020-lmp2-38,38,jota,oreca,oreca-07-gibson,true
wec-2019-2020-r3-shanghai-37,wec-2019-2020-r3-shanghai,wec-2019-2020,wec-2019-2020-lmp2,wec-2019-2020-lmp2-37,37,jackie-chan-dc-racing,oreca,oreca-07-gibson,true
wec-2019-2020-r3-shanghai-22,wec-2019-2020-r3-shanghai,wec-2019-2020,wec-2019-2020-lmp2,wec-2019-2020-lmp2-22,22,united-autosports,oreca,oreca-07-gibson,true
wec-2019-2020-r3-shanghai-36,wec-2019-2020-r3-shanghai,wec-2019-2020,wec-2019-2020-lmp2,wec-2019-2020-lmp2-36,36,signatech-alpine-elf,alpine,alpine-a470-gibson,true
wec-2019-2020-r3-shanghai-29,wec-2019-2020-r3-shanghai,wec-2019-2020,wec-2019-2020-lmp2,wec-2019-2020-lmp2-29,29,racing-team-nederland,oreca,oreca-07-gibson,true
wec-2019-2020-r3-shanghai-33,wec-2019-2020-r3-shanghai,wec-2019-2020,wec-2019-2020-lmp2,wec-2019-2020-lmp2-33,33,high-class-racing,oreca,oreca-07-gibson,true
wec-2019-2020-r3-shanghai-47,wec-2019-2020-r3-shanghai,wec-2019-2020,wec-2019-2020-lmp2,wec-2019-2020-lmp2-47,47,cetilar-racing,dallara,dallara-p217-gibson,true
wec-2019-2020-r3-shanghai-51,wec-2019-2020-r3-shanghai,wec-2019-2020,wec-2019-2020-lmgte-pro,wec-2019-2020-lmgte-pro-51,51,af-corse,ferrari,ferrari-f488-gte-evo,true
wec-2019-2020-r3-shanghai-92,wec-2019-2020-r3-shanghai,wec-2019-2020,wec-2019-2020-lmgte-pro,wec-2019-2020-lmgte-pro-92,92,porsche-gt-team,porsche,porsche-911-rsr-19,true
wec-2019-2020-r3-shanghai-91,wec-2019-2020-r3-shanghai,wec-2019-2020,wec-2019-2020-lmgte-pro,wec-2019-2020-lmgte-pro-91,91,porsche-gt-team,porsche,porsche-911-rsr-19,true
wec-2019-2020-r3-shanghai-97,wec-2019-2020-r3-shanghai,wec-2019-2020,wec-2019-2020-lmgte-pro,wec-2019-2020-lmgte-pro-97,97,aston-martin-racing,aston-martin,aston-martin-vantage-amr,true
wec-2019-2020-r3-shanghai-95,wec-2019-2020-r3-shanghai,wec-2019-2020,wec-2019-2020-lmgte-pro,wec-2019-2020-lmgte-pro-95,95,aston-martin-racing,aston-martin,aston-martin-vantage-amr,true
wec-2019-2020-r3-shanghai-71,wec-2019-2020-r3-shanghai,wec-2019-2020,wec-2019-2020-lmgte-pro,wec-2019-2020-lmgte-pro-71,71,af-corse,ferrari,ferrari-f488-gte-evo,true
wec-2019-2020-r3-shanghai-90,wec-2019-2020-r3-shanghai,wec-2019-2020,wec-2019-2020-lmgte-am,wec-2019-2020-lmgte-am-90,90,tf-sport,aston-martin,aston-martin-vantage-amr,true
wec-2019-2020-r3-shanghai-57,wec-2019-2020-r3-shanghai,wec-2019-2020,wec-2019-2020-lmgte-am,wec-2019-2020-lmgte-am-57,57,team-project-1,porsche,porsche-911-rsr,true
wec-2019-2020-r3-shanghai-98,wec-2019-2020-r3-shanghai,wec-2019-2020,wec-2019-2020-lmgte-am,wec-2019-2020-lmgte-am-98,98,aston-martin-racing,aston-martin,aston-martin-vantage-amr,true
wec-2019-2020-r3-shanghai-83,wec-2019-2020-r3-shanghai,wec-2019-2020,wec-2019-2020-lmgte-am,wec-2019-2020-lmgte-am-83,83,af-corse,ferrari,ferrari-488-gte-evo,true
wec-2019-2020-r3-shanghai-56,wec-2019-2020-r3-shanghai,wec-2019-2020,wec-2019-2020-lmgte-am,wec-2019-2020-lmgte-am-56,56,team-project-1,porsche,porsche-911-rsr,true
wec-2019-2020-r3-shanghai-88,wec-2019-2020-r3-shanghai,wec-2019-2020,wec-2019-2020-lmgte-am,wec-2019-2020-lmgte-am-88,88,dempsey-proton-racing,porsche,porsche-911-rsr,true
wec-2019-2020-r3-shanghai-70,wec-2019-2020-r3-shanghai,wec-2019-2020,wec-2019-2020-lmgte-am,wec-2019-2020-lmgte-am-70,70,mr-racing,ferrari,ferrari-488-gte-evo,true
wec-2019-2020-r3-shanghai-54,wec-2019-2020-r3-shanghai,wec-2019-2020,wec-2019-2020-lmgte-am,wec-2019-2020-lmgte-am-54,54,af-corse,ferrari,ferrari-488-gte-evo,true
wec-2019-2020-r3-shanghai-86,wec-2019-2020-r3-shanghai,wec-2019-2020,wec-2019-2020-lmgte-am,wec-2019-2020-lmgte-am-86,86,gulf-racing,porsche,porsche-911-rsr,true
wec-2019-2020-r3-shanghai-62,wec-2019-2020-r3-shanghai,wec-2019-2020,wec-2019-2020-lmgte-am,wec-2019-2020-lmgte-am-62,62,red-river-sport,ferrari,ferrari-488-gte-evo,true
wec-2019-2020-r3-shanghai-77,wec-2019-2020-r3-shanghai,wec-2019-2020,wec-2019-2020-lmgte-am,wec-2019-2020-lmgte-am-77,77,dempsey-proton-racing,porsche,porsche-911-rsr,true
wec-2019-2020-r3-shanghai-78,wec-2019-2020-r3-shanghai,wec-2019-2020,wec-2019-2020-lmgte-am,wec-2019-2020-lmgte-am-78,78,proton-competition,porsche,porsche-911-rsr,true
wec-2019-2020-r3-shanghai-42,wec-2019-2020-r3-shanghai,wec-2019-2020,wec-2019-2020-lmp2,wec-2019-2020-lmp2-42,42,cool-racing,oreca,oreca-07-gibson,true
wec-2019-2020-r4-bahrain-7,wec-2019-2020-r4-bahrain,wec-2019-2020,wec-2019-2020-lmp1,wec-2019-2020-lmp1-7,7,toyota-gazoo-racing,toyota,toyota-ts050-hybrid,true
wec-2019-2020-r4-bahrain-8,wec-2019-2020-r4-bahrain,wec-2019-2020,wec-2019-2020-lmp1,wec-2019-2020-lmp1-8,8,toyota-gazoo-racing,toyota,toyota-ts050-hybrid,true
wec-2019-2020-r4-bahrain-1,wec-2019-2020-r4-bahrain,wec-2019-2020,wec-2019-2020-lmp1,wec-2019-2020-lmp1-1,1,rebellion-racing,rebellion,rebellion-r13-gibson,true
wec-2019-2020-r4-bahrain-22,wec-2019-2020-r4-bahrain,wec-2019-2020,wec-2019-2020-lmp2,wec-2019-2020-lmp2-22,22,united-autosports,oreca,oreca-07-gibson,true
wec-2019-2020-r4-bahrain-38,wec-2019-2020-r4-bahrain,wec-2019-2020,wec-2019-2020-lmp2,wec-2019-2020-lmp2-38,38,jota,oreca,oreca-07-gibson,true
wec-2019-2020-r4-bahrain-37,wec-2019-2020-r4-bahrain,wec-2019-2020,wec-2019-2020-lmp2,wec-2019-2020-lmp2-37,37,jackie-chan-dc-racing,oreca,oreca-07-gibson,true
wec-2019-2020-r4-bahrain-26,wec-2019-2020-r4-bahrain,wec-2019-2020,wec-2019-2020-lmp2,wec-2019-2020-lmp2-26,26,g-drive-racing,aurus,aurus-01-gibson,true
wec-2019-2020-r4-bahrain-36,wec-2019-2020-r4-bahrain,wec-2019-2020,wec-2019-2020-lmp2,wec-2019-2020-lmp2-36,36,signatech-alpine-elf,alpine,alpine-a470-gibson,true
wec-2019-2020-r4-bahrain-29,wec-2019-2020-r4-bahrain,wec-2019-2020,wec-2019-2020-lmp2,wec-2019-2020-lmp2-29,29,racing-team-nederland,oreca,oreca-07-gibson,true
wec-2019-2020-r4-bahrain-42,wec-2019-2020-r4-bahrain,wec-2019-2020,wec-2019-2020-lmp2,wec-2019-2020-lmp2-42,42,cool-racing,oreca,oreca-07-gibson,true
wec-2019-2020-r4-bahrain-33,wec-2019-2020-r4-bahrain,wec-2019-2020,wec-2019-2020-lmp2,wec-2019-2020-lmp2-33,33,high-class-racing,oreca,oreca-07-gibson,true
wec-2019-2020-r4-bahrain-47,wec-2019-2020-r4-bahrain,wec-2019-2020,wec-2019-2020-lmp2,wec-2019-2020-lmp2-47,47,cetilar-racing,dallara,dallara-p217-gibson,true
wec-2019-2020-r4-bahrain-95,wec-2019-2020-r4-bahrain,wec-2019-2020,wec-2019-2020-lmgte-pro,wec-2019-2020-lmgte-pro-95,95,aston-martin-racing,aston-martin,aston-martin-vantage-amr,true
wec-2019-2020-r4-bahrain-71,wec-2019-2020-r4-bahrain,wec-2019-2020,wec-2019-2020-lmgte-pro,wec-2019-2020-lmgte-pro-71,71,af-corse,ferrari,ferrari-488-gte-evo,true
wec-2019-2020-r4-bahrain-97,wec-2019-2020-r4-bahrain,wec-2019-2020,wec-2019-2020-lmgte-pro,wec-2019-2020-lmgte-pro-97,97,aston-martin-racing,aston-martin,aston-martin-vantage-amr,true
wec-2019-2020-r4-bahrain-51,wec-2019-2020-r4-bahrain,wec-2019-2020,wec-2019-2020-lmgte-pro,wec-2019-2020-lmgte-pro-51,51,af-corse,ferrari,ferrari-488-gte-evo,true
wec-2019-2020-r4-bahrain-91,wec-2019-2020-r4-bahrain,wec-2019-2020,wec-2019-2020-lmgte-pro,wec-2019-2020-lmgte-pro-91,91,porsche-gt-team,porsche,porsche-911-rsr-19,true
wec-2019-2020-r4-bahrain-57,wec-2019-2020-r4-bahrain,wec-2019-2020,wec-2019-2020-lmgte-am,wec-2019-2020-lmgte-am-57,57,team-project-1,porsche,porsche-911-rsr,true
wec-2019-2020-r4-bahrain-92,wec-2019-2020-r4-bahrain,wec-2019-2020,wec-2019-2020-lmgte-pro,wec-2019-2020-lmgte-pro-92,92,porsche-gt-team,porsche,porsche-911-rsr-19,true
wec-2019-2020-r4-bahrain-98,wec-2019-2020-r4-bahrain,wec-2019-2020,wec-2019-2020-lmgte-am,wec-2019-2020-lmgte-am-98,98,aston-martin-racing,aston-martin,aston-martin-vantage-amr,true
wec-2019-2020-r4-bahrain-86,wec-2019-2020-r4-bahrain,wec-2019-2020,wec-2019-2020-lmgte-am,wec-2019-2020-lmgte-am-86,86,gulf-racing,porsche,porsche-911-rsr,true
wec-2019-2020-r4-bahrain-83,wec-2019-2020-r4-bahrain,wec-2019-2020,wec-2019-2020-lmgte-am,wec-2019-2020-lmgte-am-83,83,af-corse,ferrari,ferrari-488-gte-evo,true
wec-2019-2020-r4-bahrain-54,wec-2019-2020-r4-bahrain,wec-2019-2020,wec-2019-2020-lmgte-am,wec-2019-2020-lmgte-am-54,54,af-corse,ferrari,ferrari-488-gte-evo,true
wec-2019-2020-r4-bahrain-77,wec-2019-2020-r4-bahrain,wec-2019-2020,wec-2019-2020-lmgte-am,wec-2019-2020-lmgte-am-77,77,dempsey-proton-racing,porsche,porsche-911-rsr,true
wec-2019-2020-r4-bahrain-70,wec-2019-2020-r4-bahrain,wec-2019-2020,wec-2019-2020-lmgte-am,wec-2019-2020-lmgte-am-70,70,mr-racing,ferrari,ferrari-488-gte-evo,true
wec-2019-2020-r4-bahrain-62,wec-2019-2020-r4-bahrain,wec-2019-2020,wec-2019-2020-lmgte-am,wec-2019-2020-lmgte-am-62,62,red-river-sport,ferrari,ferrari-488-gte-evo,true
wec-2019-2020-r4-bahrain-56,wec-2019-2020-r4-bahrain,wec-2019-2020,wec-2019-2020-lmgte-am,wec-2019-2020-lmgte-am-56,56,team-project-1,porsche,porsche-911-rsr,true
wec-2019-2020-r4-bahrain-6,wec-2019-2020-r4-bahrain,wec-2019-2020,wec-2019-2020-lmp1,wec-2019-2020-lmp1-6,6,team-lnt,ginetta,ginetta-g60-lt-p1-aer,true
wec-2019-2020-r4-bahrain-90,wec-2019-2020-r4-bahrain,wec-2019-2020,wec-2019-2020-lmgte-am,wec-2019-2020-lmgte-am-90,90,tf-sport,aston-martin,aston-martin-vantage-amr,true
wec-2019-2020-r4-bahrain-5,wec-2019-2020-r4-bahrain,wec-2019-2020,wec-2019-2020-lmp1,wec-2019-2020-lmp1-5,5,team-lnt,ginetta,ginetta-g60-lt-p1-aer,true
wec-2019-2020-r4-bahrain-88,wec-2019-2020-r4-bahrain,wec-2019-2020,wec-2019-2020-lmgte-am,wec-2019-2020-lmgte-am-88,88,dempsey-proton-racing,porsche,porsche-911-rsr,true
wec-2019-2020-r5-cota-1,wec-2019-2020-r5-cota,wec-2019-2020,wec-2019-2020-lmp1,wec-2019-2020-lmp1-1,1,rebellion-racing,rebellion,rebellion-r13-gibson,true
wec-2019-2020-r5-cota-8,wec-2019-2020-r5-cota,wec-2019-2020,wec-2019-2020-lmp1,wec-2019-2020-lmp1-8,8,toyota-gazoo-racing,toyota,toyota-ts050-hybrid,true
wec-2019-2020-r5-cota-7,wec-2019-2020-r5-cota,wec-2019-2020,wec-2019-2020-lmp1,wec-2019-2020-lmp1-7,7,toyota-gazoo-racing,toyota,toyota-ts050-hybrid,true
wec-2019-2020-r5-cota-22,wec-2019-2020-r5-cota,wec-2019-2020,wec-2019-2020-lmp2,wec-2019-2020-lmp2-22,22,united-autosports,oreca,oreca-07-gibson,true
wec-2019-2020-r5-cota-37,wec-2019-2020-r5-cota,wec-2019-2020,wec-2019-2020-lmp2,wec-2019-2020-lmp2-37,37,jackie-chan-dc-racing,oreca,oreca-07-gibson,true
wec-2019-2020-r5-cota-38,wec-2019-2020-r5-cota,wec-2019-2020,wec-2019-2020-lmp2,wec-2019-2020-lmp2-38,38,jota,oreca,oreca-07-gibson,true
wec-2019-2020-r5-cota-42,wec-2019-2020-r5-cota,wec-2019-2020,wec-2019-2020-lmp2,wec-2019-2020-lmp2-42,42,cool-racing,oreca,oreca-07-gibson,true
wec-2019-2020-r5-cota-29,wec-2019-2020-r5-cota,wec-2019-2020,wec-2019-2020-lmp2,wec-2019-2020-lmp2-29,29,racing-team-nederland,oreca,oreca-07-gibson,true
wec-2019-2020-r5-cota-36,wec-2019-2020-r5-cota,wec-2019-2020,wec-2019-2020-lmp2,wec-2019-2020-lmp2-36,36,signatech-alpine-elf,alpine,alpine-a470-gibson,true
wec-2019-2020-r5-cota-33,wec-2019-2020-r5-cota,wec-2019-2020,wec-2019-2020-lmp2,wec-2019-2020-lmp2-33,33,high-class-racing,oreca,oreca-07-gibson,true
wec-2019-2020-r5-cota-47,wec-2019-2020-r5-cota,wec-2019-2020,wec-2019-2020-lmp2,wec-2019-2020-lmp2-47,47,cetilar-racing,dallara,dallara-p217-gibson,true
wec-2019-2020-r5-cota-21,wec-2019-2020-r5-cota,wec-2019-2020,wec-2019-2020-lmp2,wec-2019-2020-lmp2-21,21,dragonspeed,oreca,oreca-07-gibson,true
wec-2019-2020-r5-cota-95,wec-2019-2020-r5-cota,wec-2019-2020,wec-2019-2020-lmgte-pro,wec-2019-2020-lmgte-pro-95,95,aston-martin-racing,aston-martin,aston-martin-vantage-amr,true
wec-2019-2020-r5-cota-92,wec-2019-2020-r5-cota,wec-2019-2020,wec-2019-2020-lmgte-pro,wec-2019-2020-lmgte-pro-92,92,porsche-gt-team,porsche,porsche-911-rsr-19,true
wec-2019-2020-r5-cota-51,wec-2019-2020-r5-cota,wec-2019-2020,wec-2019-2020-lmgte-pro,wec-2019-2020-lmgte-pro-51,51,af-corse,ferrari,ferrari-488-gte-evo,true
wec-2019-2020-r5-cota-97,wec-2019-2020-r5-cota,wec-2019-2020,wec-2019-2020-lmgte-pro,wec-2019-2020-lmgte-pro-97,97,aston-martin-racing,aston-martin,aston-martin-vantage-amr,true
wec-2019-2020-r5-cota-71,wec-2019-2020-r5-cota,wec-2019-2020,wec-2019-2020-lmgte-pro,wec-2019-2020-lmgte-pro-71,71,af-corse,ferrari,ferrari-488-gte-evo,true
wec-2019-2020-r5-cota-63,wec-2019-2020-r5-cota,wec-2019-2020,wec-2019-2020-lmgte-pro,wec-2019-2020-lmgte-pro-63,63,corvette-racing,chevrolet,chevrolet-corvette-c8-r,true
wec-2019-2020-r5-cota-90,wec-2019-2020-r5-cota,wec-2019-2020,wec-2019-2020-lmgte-am,wec-2019-2020-lmgte-am-90,90,tf-sport,aston-martin,aston-martin-vantage-amr,true
wec-2019-2020-r5-cota-98,wec-2019-2020-r5-cota,wec-2019-2020,wec-2019-2020-lmgte-am,wec-2019-2020-lmgte-am-98,98,aston-martin-racing,aston-martin,aston-martin-vantage-amr,true
wec-2019-2020-r5-cota-91,wec-2019-2020-r5-cota,wec-2019-2020,wec-2019-2020-lmgte-pro,wec-2019-2020-lmgte-pro-91,91,porsche-gt-team,porsche,porsche-911-rsr-19,true
wec-2019-2020-r5-cota-56,wec-2019-2020-r5-cota,wec-2019-2020,wec-2019-2020-lmgte-am,wec-2019-2020-lmgte-am-56,56,team-project-1,porsche,porsche-911-rsr,true
wec-2019-2020-r5-cota-83,wec-2019-2020-r5-cota,wec-2019-2020,wec-2019-2020-lmgte-am,wec-2019-2020-lmgte-am-83,83,af-corse,ferrari,ferrari-488-gte-evo,true
wec-2019-2020-r5-cota-77,wec-2019-2020-r5-cota,wec-2019-2020,wec-2019-2020-lmgte-am,wec-2019-2020-lmgte-am-77,77,dempsey-proton-racing,porsche,porsche-911-rsr,true
wec-2019-2020-r5-cota-86,wec-2019-2020-r5-cota,wec-2019-2020,wec-2019-2020-lmgte-am,wec-2019-2020-lmgte-am-86,86,gulf-racing,porsche,porsche-911-rsr,true
wec-2019-2020-r5-cota-54,wec-2019-2020-r5-cota,wec-2019-2020,wec-2019-2020-lmgte-am,wec-2019-2020-lmgte-am-54,54,af-corse,ferrari,ferrari-488-gte-evo,true
wec-2019-2020-r5-cota-62,wec-2019-2020-r5-cota,wec-2019-2020,wec-2019-2020-lmgte-am,wec-2019-2020-lmgte-am-62,62,red-river-sport,ferrari,ferrari-488-gte-evo,true
wec-2019-2020-r5-cota-88,wec-2019-2020-r5-cota,wec-2019-2020,wec-2019-2020-lmgte-am,wec-2019-2020-lmgte-am-88,88,dempsey-proton-racing,porsche,porsche-911-rsr,true
wec-2019-2020-r5-cota-70,wec-2019-2020-r5-cota,wec-2019-2020,wec-2019-2020-lmgte-am,wec-2019-2020-lmgte-am-70,70,mr-racing,ferrari,ferrari-488-gte-evo,true
wec-2019-2020-r5-cota-57,wec-2019-2020-r5-cota,wec-2019-2020,wec-2019-2020-lmgte-am,wec-2019-2020-lmgte-am-57,57,team-project-1,porsche,porsche-911-rsr,true
wec-2019-2020-r6-spa-7,wec-2019-2020-r6-spa,wec-2019-2020,wec-2019-2020-lmp1,wec-2019-2020-lmp1-7,7,toyota-gazoo-racing,toyota,toyota-ts050-hybrid,true
wec-2019-2020-r6-spa-8,wec-2019-2020-r6-spa,wec-2019-2020,wec-2019-2020-lmp1,wec-2019-2020-lmp1-8,8,toyota-gazoo-racing,toyota,toyota-ts050-hybrid,true
wec-2019-2020-r6-spa-1,wec-2019-2020-r6-spa,wec-2019-2020,wec-2019-2020-lmp1,wec-2019-2020-lmp1-1,1,rebellion-racing,rebellion,rebellion-r13-gibson,true
wec-2019-2020-r6-spa-22,wec-2019-2020-r6-spa,wec-2019-2020,wec-2019-2020-lmp2,wec-2019-2020-lmp2-22,22,united-autosports,oreca,oreca-07-gibson,true
wec-2019-2020-r6-spa-42,wec-2019-2020-r6-spa,wec-2019-2020,wec-2019-2020-lmp2,wec-2019-2020-lmp2-42,42,cool-racing,oreca,oreca-07-gibson,true
wec-2019-2020-r6-spa-29,wec-2019-2020-r6-spa,wec-2019-2020,wec-2019-2020-lmp2,wec-2019-2020-lmp2-29,29,racing-team-nederland,oreca,oreca-07-gibson,true
wec-2019-2020-r6-spa-38,wec-2019-2020-r6-spa,wec-2019-2020,wec-2019-2020-lmp2,wec-2019-2020-lmp2-38,38,jota,oreca,oreca-07-gibson,true
wec-2019-2020-r6-spa-47,wec-2019-2020-r6-spa,wec-2019-2020,wec-2019-2020-lmp2,wec-2019-2020-lmp2-47,47,cetilar-racing,dallara,dallara-p217-gibson,true
wec-2019-2020-r6-spa-92,wec-2019-2020-r6-spa,wec-2019-2020,wec-2019-2020-lmgte-pro,wec-2019-2020-lmgte-pro-92,92,porsche-gt-team,porsche,porsche-911-rsr-19,true
wec-2019-2020-r6-spa-95,wec-2019-2020-r6-spa,wec-2019-2020,wec-2019-2020-lmgte-pro,wec-2019-2020-lmgte-pro-95,95,aston-martin-racing,aston-martin,aston-martin-vantage-amr,true
wec-2019-2020-r6-spa-97,wec-2019-2020-r6-spa,wec-2019-2020,wec-2019-2020-lmgte-pro,wec-2019-2020-lmgte-pro-97,97,aston-martin-racing,aston-martin,aston-martin-vantage-amr,true
wec-2019-2020-r6-spa-51,wec-2019-2020-r6-spa,wec-2019-2020,wec-2019-2020-lmgte-pro,wec-2019-2020-lmgte-pro-51,51,af-corse,ferrari,ferrari-488-gte-evo,true
wec-2019-2020-r6-spa-91,wec-2019-2020-r6-spa,wec-2019-2020,wec-2019-2020-lmgte-pro,wec-2019-2020-lmgte-pro-91,91,porsche-gt-team,porsche,porsche-911-rsr-19,true
wec-2019-2020-r6-spa-71,wec-2019-2020-r6-spa,wec-2019-2020,wec-2019-2020-lmgte-pro,wec-2019-2020-lmgte-pro-71,71,af-corse,ferrari,ferrari-488-gte-evo,true
wec-2019-2020-r6-spa-83,wec-2019-2020-r6-spa,wec-2019-2020,wec-2019-2020-lmgte-am,wec-2019-2020-lmgte-am-83,83,af-corse,ferrari,ferrari-488-gte-evo,true
wec-2019-2020-r6-spa-77,wec-2019-2020-r6-spa,wec-2019-2020,wec-2019-2020-lmgte-am,wec-2019-2020-lmgte-am-77,77,dempsey-proton-racing,porsche,porsche-911-rsr,true
wec-2019-2020-r6-spa-90,wec-2019-2020-r6-spa,wec-2019-2020,wec-2019-2020-lmgte-am,wec-2019-2020-lmgte-am-90,90,tf-sport,aston-martin,aston-martin-vantage-amr,true
wec-2019-2020-r6-spa-56,wec-2019-2020-r6-spa,wec-2019-2020,wec-2019-2020-lmgte-am,wec-2019-2020-lmgte-am-56,56,team-project-1,porsche,porsche-911-rsr,true
wec-2019-2020-r6-spa-88,wec-2019-2020-r6-spa,wec-2019-2020,wec-2019-2020-lmgte-am,wec-2019-2020-lmgte-am-88,88,dempsey-proton-racing,porsche,porsche-911-rsr,true
wec-2019-2020-r6-spa-57,wec-2019-2020-r6-spa,wec-2019-2020,wec-2019-2020-lmgte-am,wec-2019-2020-lmgte-am-57,57,team-project-1,porsche,porsche-911-rsr,true
wec-2019-2020-r6-spa-54,wec-2019-2020-r6-spa,wec-2019-2020,wec-2019-2020-lmgte-am,wec-2019-2020-lmgte-am-54,54,af-corse,ferrari,ferrari-488-gte-evo,true
wec-2019-2020-r6-spa-62,wec-2019-2020-r6-spa,wec-2019-2020,wec-2019-2020-lmgte-am,wec-2019-2020-lmgte-am-62,62,red-river-sport,ferrari,ferrari-488-gte-evo,true
wec-2019-2020-r6-spa-37,wec-2019-2020-r6-spa,wec-2019-2020,wec-2019-2020-lmp2,wec-2019-2020-lmp2-37,37,jackie-chan-dc-racing,oreca,oreca-07-gibson,true
wec-2019-2020-r6-spa-33,wec-2019-2020-r6-spa,wec-2019-2020,wec-2019-2020-lmp2,wec-2019-2020-lmp2-33,33,high-class-racing,oreca,oreca-07-gibson,true
wec-2019-2020-r6-spa-98,wec-2019-2020-r6-spa,wec-2019-2020,wec-2019-2020-lmgte-am,wec-2019-2020-lmgte-am-98,98,aston-martin-racing,aston-martin,aston-martin-vantage-amr,true
wec-2019-2020-r6-spa-86,wec-2019-2020-r6-spa,wec-2019-2020,wec-2019-2020-lmgte-am,wec-2019-2020-lmgte-am-86,86,gulf-racing,porsche,porsche-911-rsr,true
wec-2019-2020-r6-spa-4,wec-2019-2020-r6-spa,wec-2019-2020,wec-2019-2020-lmp1,wec-2019-2020-lmp1-4,4,bykolles-racing-team,enso,enso-clm-p1-01,true
wec-2019-2020-r6-spa-35,wec-2019-2020-r6-spa,wec-2019-2020,wec-2019-2020-lmp2,wec-2019-2020-lmp2-35,35,eurasia-motorsport,ligier,ligier-jsp217-gibson,true
wec-2019-2020-r6-spa-36,wec-2019-2020-r6-spa,wec-2019-2020,wec-2019-2020-lmp2,wec-2019-2020-lmp2-36,36,signatech-alpine-elf,alpine,alpine-a470-gibson,true
wec-2019-2020-r7-le-mans-8,wec-2019-2020-r7-le-mans,wec-2019-2020,wec-2019-2020-lmp1,wec-2019-2020-lmp1-8,8,toyota-gazoo-racing,toyota,toyota-ts050-hybrid,true
wec-2019-2020-r7-le-mans-1,wec-2019-2020-r7-le-mans,wec-2019-2020,wec-2019-2020-lmp1,wec-2019-2020-lmp1-1,1,rebellion-racing,rebellion,rebellion-r13-gibson,true
wec-2019-2020-r7-le-mans-7,wec-2019-2020-r7-le-mans,wec-2019-2020,wec-2019-2020-lmp1,wec-2019-2020-lmp1-7,7,toyota-gazoo-racing,toyota,toyota-ts050-hybrid,true
wec-2019-2020-r7-le-mans-3,wec-2019-2020-r7-le-mans,wec-2019-2020,wec-2019-2020-lmp1,wec-2019-2020-lmp1-3,3,rebellion-racing,rebellion,rebellion-r13-gibson,true
wec-2019-2020-r7-le-mans-22,wec-2019-2020-r7-le-mans,wec-2019-2020,wec-2019-2020-lmp2,wec-2019-2020-lmp2-22,22,united-autosports,oreca,oreca-07-gibson,true
wec-2019-2020-r7-le-mans-38,wec-2019-2020-r7-le-mans,wec-2019-2020,wec-2019-2020-lmp2,wec-2019-2020-lmp2-38,38,jota,oreca,oreca-07-gibson,true
wec-2019-2020-r7-le-mans-31,wec-2019-2020-r7-le-mans,wec-2019-2020,wec-2019-2020-lmp2,wec-2019-2020-lmp2-31,31,panis-racing,oreca,oreca-07-gibson,true
wec-2019-2020-r7-le-mans-36,wec-2019-2020-r7-le-mans,wec-2019-2020,wec-2019-2020-lmp2,wec-2019-2020-lmp2-36,36,signatech-alpine-elf,alpine,alpine-a470-gibson,true
wec-2019-2020-r7-le-mans-26,wec-2019-2020-r7-le-mans,wec-2019-2020,wec-2019-2020-lmp2,wec-2019-2020-lmp2-26,26,g-drive-racing,aurus,aurus-01-gibson,true
wec-2019-2020-r7-le-mans-28,wec-2019-2020-r7-le-mans,wec-2019-2020,wec-2019-2020-lmp2,wec-2019-2020-lmp2-28,28,idec-sport,oreca,oreca-07-gibson,true
wec-2019-2020-r7-le-mans-25,wec-2019-2020-r7-le-mans,wec-2019-2020,wec-2019-2020-lmp2,wec-2019-2020-lmp2-25,25,algarve-pro-racing,oreca,oreca-07-gibson,true
wec-2019-2020-r7-le-mans-42,wec-2019-2020-r7-le-mans,wec-2019-2020,wec-2019-2020-lmp2,wec-2019-2020-lmp2-42,42,cool-racing,oreca,oreca-07-gibson,true
wec-2019-2020-r7-le-mans-50,wec-2019-2020-r7-le-mans,wec-2019-2020,wec-2019-2020-lmp2,wec-2019-2020-lmp2-50,50,richard-mille-racing-team,oreca,oreca-07-gibson,true
wec-2019-2020-r7-le-mans-47,wec-2019-2020-r7-le-mans,wec-2019-2020,wec-2019-2020-lmp2,wec-2019-2020-lmp2-47,47,cetilar-racing,dallara,dallara-p217-gibson,true
wec-2019-2020-r7-le-mans-17,wec-2019-2020-r7-le-mans,wec-2019-2020,wec-2019-2020-lmp2,wec-2019-2020-lmp2-17,17,idec-sport,oreca,oreca-07-gibson,true
wec-2019-2020-r7-le-mans-27,wec-2019-2020-r7-le-mans,wec-2019-2020,wec-2019-2020-lmp2,wec-2019-2020-lmp2-27,27,dragonspeed-usa,oreca,oreca-07-gibson,true
wec-2019-2020-r7-le-mans-32,wec-2019-2020-r7-le-mans,wec-2019-2020,wec-2019-2020-lmp2,wec-2019-2020-lmp2-32,32,united-autosports,oreca,oreca-07-gibson,true
wec-2019-2020-r7-le-mans-35,wec-2019-2020-r7-le-mans,wec-2019-2020,wec-2019-2020-lmp2,wec-2019-2020-lmp2-35,35,eurasia-motorsport,ligier,ligier-jsp217-gibson,true
wec-2019-2020-r7-le-mans-29,wec-2019-2020-r7-le-mans,wec-2019-2020,wec-2019-2020-lmp2,wec-2019-2020-lmp2-29,29,racing-team-nederland,oreca,oreca-07-gibson,true
wec-2019-2020-r7-le-mans-97,wec-2019-2020-r7-le-mans,wec-2019-2020,wec-2019-2020-lmgte-pro,wec-2019-2020-lmgte-pro-97,97,aston-martin-racing,aston-martin,aston-martin-vantage-amr,true
wec-2019-2020-r7-le-mans-51,wec-2019-2020-r7-le-mans,wec-2019-2020,wec-2019-2020-lmgte-pro,wec-2019-2020-lmgte-pro-51,51,af-corse,ferrari,ferrari-488-gte-evo,true
wec-2019-2020-r7-le-mans-95,wec-2019-2020-r7-le-mans,wec-2019-2020,wec-2019-2020-lmgte-pro,wec-2019-2020-lmgte-pro-95,95,aston-martin-racing,aston-martin,aston-martin-vantage-amr,true
wec-2019-2020-r7-le-mans-82,wec-2019-2020-r7-le-mans,wec-2019-2020,wec-2019-2020-lmgte-pro,wec-2019-2020-lmgte-pro-82,82,risi-competizione,ferrari,ferrari-488-gte-evo,true
wec-2019-2020-r7-le-mans-90,wec-2019-2020-r7-le-mans,wec-2019-2020,wec-2019-2020-lmgte-am,wec-2019-2020-lmgte-am-90,90,tf-sport,aston-martin,aston-martin-vantage-amr,true
wec-2019-2020-r7-le-mans-77,wec-2019-2020-r7-le-mans,wec-2019-2020,wec-2019-2020-lmgte-am,wec-2019-2020-lmgte-am-77,77,dempsey-proton-racing,porsche,porsche-911-rsr,true
wec-2019-2020-r7-le-mans-83,wec-2019-2020-r7-le-mans,wec-2019-2020,wec-2019-2020-lmgte-am,wec-2019-2020-lmgte-am-83,83,af-corse,ferrari,ferrari-488-gte-evo,true
wec-2019-2020-r7-le-mans-56,wec-2019-2020-r7-le-mans,wec-2019-2020,wec-2019-2020-lmgte-am,wec-2019-2020-lmgte-am-56,56,team-project-1,porsche,porsche-911-rsr,true
wec-2019-2020-r7-le-mans-24,wec-2019-2020-r7-le-mans,wec-2019-2020,wec-2019-2020-lmp2,wec-2019-2020-lmp2-24,24,nielsen-racing,oreca,oreca-07-gibson,true
wec-2019-2020-r7-le-mans-86,wec-2019-2020-r7-le-mans,wec-2019-2020,wec-2019-2020-lmgte-am,wec-2019-2020-lmgte-am-86,86,gulf-racing,porsche,porsche-911-rsr,true
wec-2019-2020-r7-le-mans-66,wec-2019-2020-r7-le-mans,wec-2019-2020,wec-2019-2020-lmgte-am,wec-2019-2020-lmgte-am-66,66,jmw-motorsport,ferrari,ferrari-488-gte-evo,true
wec-2019-2020-r7-le-mans-91,wec-2019-2020-r7-le-mans,wec-2019-2020,wec-2019-2020-lmgte-pro,wec-2019-2020-lmgte-pro-91,91,porsche-gt-team,porsche,porsche-911-rsr-19,true
wec-2019-2020-r7-le-mans-61,wec-2019-2020-r7-le-mans,wec-2019-2020,wec-2019-2020-lmgte-am,wec-2019-2020-lmgte-am-61,61,luzich-racing,ferrari,ferrari-488-gte-evo,true
wec-2019-2020-r7-le-mans-98,wec-2019-2020-r7-le-mans,wec-2019-2020,wec-2019-2020-lmgte-am,wec-2019-2020-lmgte-am-98,98,aston-martin-racing,aston-martin,aston-martin-vantage-amr,true
wec-2019-2020-r7-le-mans-85,wec-2019-2020-r7-le-mans,wec-2019-2020,wec-2019-2020-lmgte-am,wec-2019-2020-lmgte-am-85,85,iron-lynx,ferrari,ferrari-488-gte-evo,true
wec-2019-2020-r7-le-mans-92,wec-2019-2020-r7-le-mans,wec-2019-2020,wec-2019-2020-lmgte-pro,wec-2019-2020-lmgte-pro-92,92,porsche-gt-team,porsche,porsche-911-rsr-19,true
wec-2019-2020-r7-le-mans-99,wec-2019-2020-r7-le-mans,wec-2019-2020,wec-2019-2020-lmgte-am,wec-2019-2020-lmgte-am-99,99,dempsey-proton-racing,porsche,porsche-911-rsr,true
wec-2019-2020-r7-le-mans-60,wec-2019-2020-r7-le-mans,wec-2019-2020,wec-2019-2020-lmgte-am,wec-2019-2020-lmgte-am-60,60,iron-lynx,ferrari,ferrari-488-gte-evo,true
wec-2019-2020-r7-le-mans-78,wec-2019-2020-r7-le-mans,wec-2019-2020,wec-2019-2020-lmgte-am,wec-2019-2020-lmgte-am-78,78,proton-competition,porsche,porsche-911-rsr,true
wec-2019-2020-r7-le-mans-54,wec-2019-2020-r7-le-mans,wec-2019-2020,wec-2019-2020-lmgte-am,wec-2019-2020-lmgte-am-54,54,af-corse,ferrari,ferrari-488-gte-evo,true
wec-2019-2020-r7-le-mans-57,wec-2019-2020-r7-le-mans,wec-2019-2020,wec-2019-2020-lmgte-am,wec-2019-2020-lmgte-am-57,57,team-project-1,porsche,porsche-911-rsr,true
wec-2019-2020-r7-le-mans-62,wec-2019-2020-r7-le-mans,wec-2019-2020,wec-2019-2020-lmgte-am,wec-2019-2020-lmgte-am-62,62,red-river-sport,ferrari,ferrari-488-gte-evo,true
wec-2019-2020-r7-le-mans-34,wec-2019-2020-r7-le-mans,wec-2019-2020,wec-2019-2020-lmp2,wec-2019-2020-lmp2-34,34,inter-europol-competition,ligier,ligier-jsp217-gibson,true
wec-2019-2020-r7-le-mans-89,wec-2019-2020-r7-le-mans,wec-2019-2020,wec-2019-2020-lmgte-am,wec-2019-2020-lmgte-am-89,89,team-project-1,porsche,porsche-911-rsr,true
wec-2019-2020-r7-le-mans-39,wec-2019-2020-r7-le-mans,wec-2019-2020,wec-2019-2020-lmp2,wec-2019-2020-lmp2-39,39,so24-has-by-graff,oreca,oreca-07-gibson,true
wec-2019-2020-r7-le-mans-71,wec-2019-2020-r7-le-mans,wec-2019-2020,wec-2019-2020-lmgte-pro,wec-2019-2020-lmgte-pro-71,71,af-corse,ferrari,ferrari-488-gte-evo,true
wec-2019-2020-r7-le-mans-72,wec-2019-2020-r7-le-mans,wec-2019-2020,wec-2019-2020-lmgte-am,wec-2019-2020-lmgte-am-72,72,hub-auto-racing,ferrari,ferrari-488-gte-evo,true
wec-2019-2020-r7-le-mans-88,wec-2019-2020-r7-le-mans,wec-2019-2020,wec-2019-2020-lmgte-am,wec-2019-2020-lmgte-am-88,88,dempsey-proton-racing,porsche,porsche-911-rsr,true
wec-2019-2020-r7-le-mans-75,wec-2019-2020-r7-le-mans,wec-2019-2020,wec-2019-2020-lmgte-am,wec-2019-2020-lmgte-am-75,75,iron-lynx,ferrari,ferrari-488-gte-evo,true
wec-2019-2020-r7-le-mans-21,wec-2019-2020-r7-le-mans,wec-2019-2020,wec-2019-2020-lmp2,wec-2019-2020-lmp2-21,21,dragonspeed-usa,oreca,oreca-07-gibson,true
wec-2019-2020-r7-le-mans-63,wec-2019-2020-r7-le-mans,wec-2019-2020,wec-2019-2020-lmgte-pro,wec-2019-2020-lmgte-pro-63,63,weathertech-racing,ferrari,ferrari-488-gte-evo,true
wec-2019-2020-r7-le-mans-70,wec-2019-2020-r7-le-mans,wec-2019-2020,wec-2019-2020-lmgte-am,wec-2019-2020-lmgte-am-70,70,mr-racing,ferrari,ferrari-488-gte-evo,true
wec-2019-2020-r7-le-mans-16,wec-2019-2020-r7-le-mans,wec-2019-2020,wec-2019-2020-lmp2,wec-2019-2020-lmp2-16,16,g-drive-racing-by-algarve,aurus,aurus-01-gibson,true
wec-2019-2020-r7-le-mans-30,wec-2019-2020-r7-le-mans,wec-2019-2020,wec-2019-2020-lmp2,wec-2019-2020-lmp2-30,30,duqueine-team,oreca,oreca-07-gibson,true
wec-2019-2020-r7-le-mans-4,wec-2019-2020-r7-le-mans,wec-2019-2020,wec-2019-2020-lmp1,wec-2019-2020-lmp1-4,4,bykolles-racing-team,enso,enso-clm-p1-01-gibson,true
wec-2019-2020-r7-le-mans-33,wec-2019-2020-r7-le-mans,wec-2019-2020,wec-2019-2020-lmp2,wec-2019-2020-lmp2-33,33,high-class-racing,oreca,oreca-07-gibson,true
wec-2019-2020-r7-le-mans-52,wec-2019-2020-r7-le-mans,wec-2019-2020,wec-2019-2020-lmgte-am,wec-2019-2020-lmgte-am-52,52,af-corse,ferrari,ferrari-488-gte-evo,true
wec-2019-2020-r7-le-mans-55,wec-2019-2020-r7-le-mans,wec-2019-2020,wec-2019-2020-lmgte-am,wec-2019-2020-lmgte-am-55,55,spirit-of-race,ferrari,ferrari-488-gte-evo,true
wec-2019-2020-r7-le-mans-11,wec-2019-2020-r7-le-mans,wec-2019-2020,wec-2019-2020-lmp2,wec-2019-2020-lmp2-11,11,eurointernational,ligier,ligier-jsp217-gibson,true
wec-2019-2020-r7-le-mans-37,wec-2019-2020-r7-le-mans,wec-2019-2020,wec-2019-2020-lmp2,wec-2019-2020-lmp2-37,37,jackie-chan-dc-racing,oreca,oreca-07-gibson,true
wec-2019-2020-r8-bahrain-7,wec-2019-2020-r8-bahrain,wec-2019-2020,wec-2019-2020-lmp1,wec-2019-2020-lmp1-7,7,toyota-gazoo-racing,toyota,toyota-ts050-hybrid,true
wec-2019-2020-r8-bahrain-8,wec-2019-2020-r8-bahrain,wec-2019-2020,wec-2019-2020-lmp1,wec-2019-2020-lmp1-8,8,toyota-gazoo-racing,toyota,toyota-ts050-hybrid,true
wec-2019-2020-r8-bahrain-37,wec-2019-2020-r8-bahrain,wec-2019-2020,wec-2019-2020-lmp2,wec-2019-2020-lmp2-37,37,jackie-chan-dc-racing,oreca,oreca-07-gibson,true
wec-2019-2020-r8-bahrain-38,wec-2019-2020-r8-bahrain,wec-2019-2020,wec-2019-2020-lmp2,wec-2019-2020-lmp2-38,38,jota,oreca,oreca-07-gibson,true
wec-2019-2020-r8-bahrain-29,wec-2019-2020-r8-bahrain,wec-2019-2020,wec-2019-2020-lmp2,wec-2019-2020-lmp2-29,29,racing-team-nederland,oreca,oreca-07-gibson,true
wec-2019-2020-r8-bahrain-22,wec-2019-2020-r8-bahrain,wec-2019-2020,wec-2019-2020-lmp2,wec-2019-2020-lmp2-22,22,united-autosports,oreca,oreca-07-gibson,true
wec-2019-2020-r8-bahrain-36,wec-2019-2020-r8-bahrain,wec-2019-2020,wec-2019-2020-lmp2,wec-2019-2020-lmp2-36,36,signatech-alpine-elf,alpine,alpine-a470-gibson,true
wec-2019-2020-r8-bahrain-92,wec-2019-2020-r8-bahrain,wec-2019-2020,wec-2019-2020-lmgte-pro,wec-2019-2020-lmgte-pro-92,92,porsche-gt-team,porsche,porsche-911-rsr-19,true
wec-2019-2020-r8-bahrain-91,wec-2019-2020-r8-bahrain,wec-2019-2020,wec-2019-2020-lmgte-pro,wec-2019-2020-lmgte-pro-91,91,porsche-gt-team,porsche,porsche-911-rsr-19,true
wec-2019-2020-r8-bahrain-71,wec-2019-2020-r8-bahrain,wec-2019-2020,wec-2019-2020-lmgte-pro,wec-2019-2020-lmgte-pro-71,71,af-corse,ferrari,ferrari-488-gte-evo,true
wec-2019-2020-r8-bahrain-97,wec-2019-2020-r8-bahrain,wec-2019-2020,wec-2019-2020-lmgte-pro,wec-2019-2020-lmgte-pro-97,97,aston-martin-racing,aston-martin,aston-martin-vantage-amr,true
wec-2019-2020-r8-bahrain-95,wec-2019-2020-r8-bahrain,wec-2019-2020,wec-2019-2020-lmgte-pro,wec-2019-2020-lmgte-pro-95,95,aston-martin-racing,aston-martin,aston-martin-vantage-amr,true
wec-2019-2020-r8-bahrain-56,wec-2019-2020-r8-bahrain,wec-2019-2020,wec-2019-2020-lmgte-am,wec-2019-2020-lmgte-am-56,56,team-project-1,porsche,porsche-911-rsr,true
wec-2019-2020-r8-bahrain-83,wec-2019-2020-r8-bahrain,wec-2019-2020,wec-2019-2020-lmgte-am,wec-2019-2020-lmgte-am-83,83,af-corse,ferrari,ferrari-488-gte-evo,true
wec-2019-2020-r8-bahrain-88,wec-2019-2020-r8-bahrain,wec-2019-2020,wec-2019-2020-lmgte-am,wec-2019-2020-lmgte-am-88,88,dempsey-proton-racing,porsche,porsche-911-rsr,true
wec-2019-2020-r8-bahrain-54,wec-2019-2020-r8-bahrain,wec-2019-2020,wec-2019-2020-lmgte-am,wec-2019-2020-lmgte-am-54,54,af-corse,ferrari,ferrari-488-gte-evo,true
wec-2019-2020-r8-bahrain-86,wec-2019-2020-r8-bahrain,wec-2019-2020,wec-2019-2020-lmgte-am,wec-2019-2020-lmgte-am-86,86,gulf-racing,porsche,porsche-911-rsr,true
wec-2019-2020-r8-bahrain-57,wec-2019-2020-r8-bahrain,wec-2019-2020,wec-2019-2020-lmgte-am,wec-2019-2020-lmgte-am-57,57,team-project-1,porsche,porsche-911-rsr,true
wec-2019-2020-r8-bahrain-51,wec-2019-2020-r8-bahrain,wec-2019-2020,wec-2019-2020-lmgte-pro,wec-2019-2020-lmgte-pro-51,51,af-corse,ferrari,ferrari-488-gte-evo,true
wec-2019-2020-r8-bahrain-77,wec-2019-2020-r8-bahrain,wec-2019-2020,wec-2019-2020-lmgte-am,wec-2019-2020-lmgte-am-77,77,dempsey-proton-racing,porsche,porsche-911-rsr,true
wec-2019-2020-r8-bahrain-90,wec-2019-2020-r8-bahrain,wec-2019-2020,wec-2019-2020-lmgte-am,wec-2019-2020-lmgte-am-90,90,tf-sport,aston-martin,aston-martin-vantage-amr,true
wec-2019-2020-r8-bahrain-98,wec-2019-2020-r8-bahrain,wec-2019-2020,wec-2019-2020-lmgte-am,wec-2019-2020-lmgte-am-98,98,aston-martin-racing,aston-martin,aston-martin-vantage-amr,true
wec-2019-2020-r8-bahrain-62,wec-2019-2020-r8-bahrain,wec-2019-2020,wec-2019-2020-lmgte-am,wec-2019-2020-lmgte-am-62,62,red-river-sport,ferrari,ferrari-488-gte-evo,true
wec-2019-2020-r8-bahrain-47,wec-2019-2020-r8-bahrain,wec-2019-2020,wec-2019-2020-lmp2,wec-2019-2020-lmp2-47,47,cetilar-racing,dallara,dallara-p217-gibson,true
wec-2021-r1-spa-8,wec-2021-r1-spa,wec-2021,wec-2021-hypercar,wec-2021-hypercar-8,8,toyota-gazoo-racing,toyota,toyota-gr010-hybrid,true
wec-2021-r1-spa-36,wec-2021-r1-spa,wec-2021,wec-2021-hypercar,wec-2021-hypercar-36,36,alpine-elf-matmut,alpine,alpine-a480-gibson,true
wec-2021-r1-spa-7,wec-2021-r1-spa,wec-2021,wec-2021-hypercar,wec-2021-hypercar-7,7,toyota-gazoo-racing,toyota,toyota-gr010-hybrid,true
wec-2021-r1-spa-22,wec-2021-r1-spa,wec-2021,wec-2021-lmp2,wec-2021-lmp2-22,22,united-autosports-usa,oreca,oreca-07-gibson,true
wec-2021-r1-spa-38,wec-2021-r1-spa,wec-2021,wec-2021-lmp2,wec-2021-lmp2-38,38,jota,oreca,oreca-07-gibson,true
wec-2021-r1-spa-28,wec-2021-r1-spa,wec-2021,wec-2021-lmp2,wec-2021-lmp2-28,28,jota,oreca,oreca-07-gibson,true
wec-2021-r1-spa-29,wec-2021-r1-spa,wec-2021,wec-2021-lmp2,wec-2021-lmp2-29,29,racing-team-nederland,oreca,oreca-07-gibson,true
wec-2021-r1-spa-34,wec-2021-r1-spa,wec-2021,wec-2021-lmp2,wec-2021-lmp2-34,34,inter-europol-competition,oreca,oreca-07-gibson,true
wec-2021-r1-spa-70,wec-2021-r1-spa,wec-2021,wec-2021-lmp2,wec-2021-lmp2-70,70,realteam-racing,oreca,oreca-07-gibson,true
wec-2021-r1-spa-21,wec-2021-r1-spa,wec-2021,wec-2021-lmp2,wec-2021-lmp2-21,21,dragonspeed-usa,oreca,oreca-07-gibson,true
wec-2021-r1-spa-1,wec-2021-r1-spa,wec-2021,wec-2021-lmp2,wec-2021-lmp2-1,1,richard-mille-racing-team,oreca,oreca-07-gibson,true
wec-2021-r1-spa-20,wec-2021-r1-spa,wec-2021,wec-2021-lmp2,wec-2021-lmp2-20,20,high-class-racing,oreca,oreca-07-gibson,true
wec-2021-r1-spa-25,wec-2021-r1-spa,wec-2021,wec-2021-lmp2,wec-2021-lmp2-25,25,g-drive-racing,aurus,aurus-01-gibson,true
wec-2021-r1-spa-24,wec-2021-r1-spa,wec-2021,wec-2021-lmp2,wec-2021-lmp2-24,24,pr1-motorsports,oreca,oreca-07-gibson,true
wec-2021-r1-spa-92,wec-2021-r1-spa,wec-2021,wec-2021-lmgte-pro,wec-2021-lmgte-pro-92,92,porsche-gt-team,porsche,porsche-911-rsr-19,true
wec-2021-r1-spa-51,wec-2021-r1-spa,wec-2021,wec-2021-lmgte-pro,wec-2021-lmgte-pro-51,51,af-corse,ferrari,ferrari-488-gte-evo,true
wec-2021-r1-spa-52,wec-2021-r1-spa,wec-2021,wec-2021-lmgte-pro,wec-2021-lmgte-pro-52,52,af-corse,ferrari,ferrari-488-gte-evo,true
wec-2021-r1-spa-63,wec-2021-r1-spa,wec-2021,wec-2021-lmgte-pro,wec-2021-lmgte-pro-63,63,corvette-racing,chevrolet,chevrolet-corvette-c8-r,true
wec-2021-r1-spa-91,wec-2021-r1-spa,wec-2021,wec-2021-lmgte-pro,wec-2021-lmgte-pro-91,91,porsche-gt-team,porsche,porsche-911-rsr-19,true
wec-2021-r1-spa-83,wec-2021-r1-spa,wec-2021,wec-2021-lmgte-am,wec-2021-lmgte-am-83,83,af-corse,ferrari,ferrari-488-gte-evo,true
wec-2021-r1-spa-33,wec-2021-r1-spa,wec-2021,wec-2021-lmgte-am,wec-2021-lmgte-am-33,33,tf-sport,aston-martin,aston-martin-vantage-amr,true
wec-2021-r1-spa-47,wec-2021-r1-spa,wec-2021,wec-2021-lmgte-am,wec-2021-lmgte-am-47,47,cetilar-racing,ferrari,ferrari-488-gte-evo,true
wec-2021-r1-spa-54,wec-2021-r1-spa,wec-2021,wec-2021-lmgte-am,wec-2021-lmgte-am-54,54,af-corse,ferrari,ferrari-488-gte-evo,true
wec-2021-r1-spa-88,wec-2021-r1-spa,wec-2021,wec-2021-lmgte-am,wec-2021-lmgte-am-88,88,dempsey-proton-racing,porsche,porsche-911-rsr-19,true
wec-2021-r1-spa-98,wec-2021-r1-spa,wec-2021,wec-2021-lmgte-am,wec-2021-lmgte-am-98,98,aston-martin-racing,aston-martin,aston-martin-vantage-amr,true
wec-2021-r1-spa-777,wec-2021-r1-spa,wec-2021,wec-2021-lmgte-am,wec-2021-lmgte-am-777,777,d-station-racing,aston-martin,aston-martin-vantage-amr,true
wec-2021-r1-spa-85,wec-2021-r1-spa,wec-2021,wec-2021-lmgte-am,wec-2021-lmgte-am-85,85,iron-lynx,ferrari,ferrari-488-gte-evo,true
wec-2021-r1-spa-60,wec-2021-r1-spa,wec-2021,wec-2021-lmgte-am,wec-2021-lmgte-am-60,60,iron-lynx,ferrari,ferrari-488-gte-evo,true
wec-2021-r1-spa-31,wec-2021-r1-spa,wec-2021,wec-2021-lmp2,wec-2021-lmp2-31,31,team-wrt,oreca,oreca-07-gibson,true
wec-2021-r1-spa-77,wec-2021-r1-spa,wec-2021,wec-2021-lmgte-am,wec-2021-lmgte-am-77,77,dempsey-proton-racing,porsche,porsche-911-rsr-19,true
wec-2021-r1-spa-26,wec-2021-r1-spa,wec-2021,wec-2021-lmp2,wec-2021-lmp2-26,26,g-drive-racing,aurus,aurus-01-gibson,true
wec-2021-r1-spa-86,wec-2021-r1-spa,wec-2021,wec-2021-lmgte-am,wec-2021-lmgte-am-86,86,gr-racing,porsche,porsche-911-rsr-19,true
wec-2021-r1-spa-44,wec-2021-r1-spa,wec-2021,wec-2021-lmp2,wec-2021-lmp2-44,44,arc-bratislava,ligier,ligier-jsp217-gibson,true
wec-2021-r1-spa-56,wec-2021-r1-spa,wec-2021,wec-2021-lmgte-am,wec-2021-lmgte-am-56,56,team-project-1,porsche,porsche-911-rsr-19,true
wec-2021-r2-portimao-8,wec-2021-r2-portimao,wec-2021,wec-2021-hypercar,wec-2021-hypercar-8,8,toyota-gazoo-racing,toyota,toyota-gr010-hybrid,true
wec-2021-r2-portimao-7,wec-2021-r2-portimao,wec-2021,wec-2021-hypercar,wec-2021-hypercar-7,7,toyota-gazoo-racing,toyota,toyota-gr010-hybrid,true
wec-2021-r2-portimao-36,wec-2021-r2-portimao,wec-2021,wec-2021-hypercar,wec-2021-hypercar-36,36,alpine-elf-matmut,alpine,alpine-a480-gibson,true
wec-2021-r2-portimao-38,wec-2021-r2-portimao,wec-2021,wec-2021-lmp2,wec-2021-lmp2-38,38,jota,oreca,oreca-07-gibson,true
wec-2021-r2-portimao-28,wec-2021-r2-portimao,wec-2021,wec-2021-lmp2,wec-2021-lmp2-28,28,jota,oreca,oreca-07-gibson,true
wec-2021-r2-portimao-22,wec-2021-r2-portimao,wec-2021,wec-2021-lmp2,wec-2021-lmp2-22,22,united-autosports-usa,oreca,oreca-07-gibson,true
wec-2021-r2-portimao-31,wec-2021-r2-portimao,wec-2021,wec-2021-lmp2,wec-2021-lmp2-31,31,team-wrt,oreca,oreca-07-gibson,true
wec-2021-r2-portimao-34,wec-2021-r2-portimao,wec-2021,wec-2021-lmp2,wec-2021-lmp2-34,34,inter-europol-competition,oreca,oreca-07-gibson,true
wec-2021-r2-portimao-1,wec-2021-r2-portimao,wec-2021,wec-2021-lmp2,wec-2021-lmp2-1,1,richard-mille-racing-team,oreca,oreca-07-gibson,true
wec-2021-r2-portimao-70,wec-2021-r2-portimao,wec-2021,wec-2021-lmp2,wec-2021-lmp2-70,70,realteam-racing,oreca,oreca-07-gibson,true
wec-2021-r2-portimao-21,wec-2021-r2-portimao,wec-2021,wec-2021-lmp2,wec-2021-lmp2-21,21,dragonspeed-usa,oreca,oreca-07-gibson,true
wec-2021-r2-portimao-20,wec-2021-r2-portimao,wec-2021,wec-2021-lmp2,wec-2021-lmp2-20,20,high-class-racing,oreca,oreca-07-gibson,true
wec-2021-r2-portimao-29,wec-2021-r2-portimao,wec-2021,wec-2021-lmp2,wec-2021-lmp2-29,29,racing-team-nederland,oreca,oreca-07-gibson,true
wec-2021-r2-portimao-51,wec-2021-r2-portimao,wec-2021,wec-2021-lmgte-pro,wec-2021-lmgte-pro-51,51,af-corse,ferrari,ferrari-488-gte-evo,true
wec-2021-r2-portimao-52,wec-2021-r2-portimao,wec-2021,wec-2021-lmgte-pro,wec-2021-lmgte-pro-52,52,af-corse,ferrari,ferrari-488-gte-evo,true
wec-2021-r2-portimao-92,wec-2021-r2-portimao,wec-2021,wec-2021-lmgte-pro,wec-2021-lmgte-pro-92,92,porsche-gt-team,porsche,porsche-911-rsr-19,true
wec-2021-r2-portimao-91,wec-2021-r2-portimao,wec-2021,wec-2021-lmgte-pro,wec-2021-lmgte-pro-91,91,porsche-gt-team,porsche,porsche-911-rsr-19,true
wec-2021-r2-portimao-47,wec-2021-r2-portimao,wec-2021,wec-2021-lmgte-am,wec-2021-lmgte-am-47,47,cetilar-racing,ferrari,ferrari-488-gte-evo,true
wec-2021-r2-portimao-56,wec-2021-r2-portimao,wec-2021,wec-2021-lmgte-am,wec-2021-lmgte-am-56,56,team-project-1,porsche,porsche-911-rsr-19,true
wec-2021-r2-portimao-54,wec-2021-r2-portimao,wec-2021,wec-2021-lmgte-am,wec-2021-lmgte-am-54,54,af-corse,ferrari,ferrari-488-gte-evo,true
wec-2021-r2-portimao-98,wec-2021-r2-portimao,wec-2021,wec-2021-lmgte-am,wec-2021-lmgte-am-98,98,aston-martin-racing,aston-martin,aston-martin-vantage-amr,true
wec-2021-r2-portimao-57,wec-2021-r2-portimao,wec-2021,wec-2021-lmgte-am,wec-2021-lmgte-am-57,57,kessel-racing,ferrari,ferrari-488-gte-evo,true
wec-2021-r2-portimao-60,wec-2021-r2-portimao,wec-2021,wec-2021-lmgte-am,wec-2021-lmgte-am-60,60,iron-lynx,ferrari,ferrari-488-gte-evo,true
wec-2021-r2-portimao-85,wec-2021-r2-portimao,wec-2021,wec-2021-lmgte-am,wec-2021-lmgte-am-85,85,iron-lynx,ferrari,ferrari-488-gte-evo,true
wec-2021-r2-portimao-33,wec-2021-r2-portimao,wec-2021,wec-2021-lmgte-am,wec-2021-lmgte-am-33,33,tf-sport,aston-martin,aston-martin-vantage-amr,true
wec-2021-r2-portimao-86,wec-2021-r2-portimao,wec-2021,wec-2021-lmgte-am,wec-2021-lmgte-am-86,86,gr-racing,porsche,porsche-911-rsr-19,true
wec-2021-r2-portimao-88,wec-2021-r2-portimao,wec-2021,wec-2021-lmgte-am,wec-2021-lmgte-am-88,88,dempsey-proton-racing,porsche,porsche-911-rsr-19,true
wec-2021-r2-portimao-83,wec-2021-r2-portimao,wec-2021,wec-2021-lmgte-am,wec-2021-lmgte-am-83,83,af-corse,ferrari,ferrari-488-gte-evo,true
wec-2021-r2-portimao-44,wec-2021-r2-portimao,wec-2021,wec-2021-lmp2,wec-2021-lmp2-44,44,arc-bratislava,ligier,ligier-jsp217-gibson,true
wec-2021-r2-portimao-709,wec-2021-r2-portimao,wec-2021,wec-2021-hypercar,wec-2021-hypercar-709,709,glickenhaus-racing,glickenhaus,glickenhaus-007-lmh,true
wec-2021-r2-portimao-77,wec-2021-r2-portimao,wec-2021,wec-2021-lmgte-am,wec-2021-lmgte-am-77,77,dempsey-proton-racing,porsche,porsche-911-rsr-19,true
wec-2021-r2-portimao-777,wec-2021-r2-portimao,wec-2021,wec-2021-lmgte-am,wec-2021-lmgte-am-777,777,d-station-racing,aston-martin,aston-martin-vantage-amr,true
wec-2021-r3-monza-7,wec-2021-r3-monza,wec-2021,wec-2021-hypercar,wec-2021-hypercar-7,7,toyota-gazoo-racing,toyota,toyota-gr010-hybrid,true
wec-2021-r3-monza-36,wec-2021-r3-monza,wec-2021,wec-2021-hypercar,wec-2021-hypercar-36,36,alpine-elf-matmut,alpine,alpine-a480-gibson,true
wec-2021-r3-monza-22,wec-2021-r3-monza,wec-2021,wec-2021-lmp2,wec-2021-lmp2-22,22,united-autosports-usa,oreca,oreca-07-gibson,true
wec-2021-r3-monza-709,wec-2021-r3-monza,wec-2021,wec-2021-hypercar,wec-2021-hypercar-709,709,glickenhaus-racing,glickenhaus,glickenhaus-007-lmh,true
wec-2021-r3-monza-31,wec-2021-r3-monza,wec-2021,wec-2021-lmp2,wec-2021-lmp2-31,31,team-wrt,oreca,oreca-07-gibson,true
wec-2021-r3-monza-29,wec-2021-r3-monza,wec-2021,wec-2021-lmp2,wec-2021-lmp2-29,29,racing-team-nederland,oreca,oreca-07-gibson,true
wec-2021-r3-monza-34,wec-2021-r3-monza,wec-2021,wec-2021-lmp2,wec-2021-lmp2-34,34,inter-europol-competition,oreca,oreca-07-gibson,true
wec-2021-r3-monza-28,wec-2021-r3-monza,wec-2021,wec-2021-lmp2,wec-2021-lmp2-28,28,jota,oreca,oreca-07-gibson,true
wec-2021-r3-monza-21,wec-2021-r3-monza,wec-2021,wec-2021-lmp2,wec-2021-lmp2-21,21,dragonspeed-usa,oreca,oreca-07-gibson,true
wec-2021-r3-monza-70,wec-2021-r3-monza,wec-2021,wec-2021-lmp2,wec-2021-lmp2-70,70,realteam-racing,oreca,oreca-07-gibson,true
wec-2021-r3-monza-1,wec-2021-r3-monza,wec-2021,wec-2021-lmp2,wec-2021-lmp2-1,1,richard-mille-racing-team,oreca,oreca-07-gibson,true
wec-2021-r3-monza-20,wec-2021-r3-monza,wec-2021,wec-2021-lmp2,wec-2021-lmp2-20,20,high-class-racing,oreca,oreca-07-gibson,true
wec-2021-r3-monza-82,wec-2021-r3-monza,wec-2021,wec-2021-lmp2,wec-2021-lmp2-82,82,risi-competizione,oreca,oreca-07-gibson,true
wec-2021-r3-monza-44,wec-2021-r3-monza,wec-2021,wec-2021-lmp2,wec-2021-lmp2-44,44,arc-bratislava,ligier,ligier-jsp217-gibson,true
wec-2021-r3-monza-92,wec-2021-r3-monza,wec-2021,wec-2021-lmgte-pro,wec-2021-lmgte-pro-92,92,porsche-gt-team,porsche,porsche-911-rsr-19,true
wec-2021-r3-monza-51,wec-2021-r3-monza,wec-2021,wec-2021-lmgte-pro,wec-2021-lmgte-pro-51,51,af-corse,ferrari,ferrari-488-gte-evo,true
wec-2021-r3-monza-91,wec-2021-r3-monza,wec-2021,wec-2021-lmgte-pro,wec-2021-lmgte-pro-91,91,porsche-gt-team,porsche,porsche-911-rsr-19,true
wec-2021-r3-monza-52,wec-2021-r3-monza,wec-2021,wec-2021-lmgte-pro,wec-2021-lmgte-pro-52,52,af-corse,ferrari,ferrari-488-gte-evo,true
wec-2021-r3-monza-83,wec-2021-r3-monza,wec-2021,wec-2021-lmgte-am,wec-2021-lmgte-am-83,83,af-corse,ferrari,ferrari-488-gte-evo,true
wec-2021-r3-monza-98,wec-2021-r3-monza,wec-2021,wec-2021-lmgte-am,wec-2021-lmgte-am-98,98,aston-martin-racing,aston-martin,aston-martin-vantage-amr,true
wec-2021-r3-monza-777,wec-2021-r3-monza,wec-2021,wec-2021-lmgte-am,wec-2021-lmgte-am-777,777,d-station-racing,aston-martin,aston-martin-vantage-amr,true
wec-2021-r3-monza-56,wec-2021-r3-monza,wec-2021,wec-2021-lmgte-am,wec-2021-lmgte-am-56,56,team-project-1,porsche,porsche-911-rsr-19,true
wec-2021-r3-monza-77,wec-2021-r3-monza,wec-2021,wec-2021-lmgte-am,wec-2021-lmgte-am-77,77,dempsey-proton-racing,porsche,porsche-911-rsr-19,true
wec-2021-r3-monza-88,wec-2021-r3-monza,wec-2021,wec-2021-lmgte-am,wec-2021-lmgte-am-88,88,dempsey-proton-racing,porsche,porsche-911-rsr-19,true
wec-2021-r3-monza-54,wec-2021-r3-monza,wec-2021,wec-2021-lmgte-am,wec-2021-lmgte-am-54,54,af-corse,ferrari,ferrari-488-gte-evo,true
wec-2021-r3-monza-85,wec-2021-r3-monza,wec-2021,wec-2021-lmgte-am,wec-2021-lmgte-am-85,85,iron-lynx,ferrari,ferrari-488-gte-evo,true
wec-2021-r3-monza-86,wec-2021-r3-monza,wec-2021,wec-2021-lmgte-am,wec-2021-lmgte-am-86,86,gr-racing,porsche,porsche-911-rsr-19,true
wec-2021-r3-monza-61,wec-2021-r3-monza,wec-2021,wec-2021-lmgte-am,wec-2021-lmgte-am-61,61,af-corse,ferrari,ferrari-488-gte-evo,true
wec-2021-r3-monza-47,wec-2021-r3-monza,wec-2021,wec-2021-lmgte-am,wec-2021-lmgte-am-47,47,cetilar-racing,ferrari,ferrari-488-gte-evo,true
wec-2021-r3-monza-46,wec-2021-r3-monza,wec-2021,wec-2021-lmgte-am,wec-2021-lmgte-am-46,46,team-project-1,porsche,porsche-911-rsr-19,true
wec-2021-r3-monza-388,wec-2021-r3-monza,wec-2021,wec-2021-lmgte-am,wec-2021-lmgte-am-388,388,rinaldi-racing,ferrari,ferrari-488-gte-evo,true
wec-2021-r3-monza-33,wec-2021-r3-monza,wec-2021,wec-2021-lmgte-am,wec-2021-lmgte-am-33,33,tf-sport,aston-martin,aston-martin-vantage-amr,true
wec-2021-r3-monza-8,wec-2021-r3-monza,wec-2021,wec-2021-hypercar,wec-2021-hypercar-8,8,toyota-gazoo-racing,toyota,toyota-gr010-hybrid,true
wec-2021-r3-monza-38,wec-2021-r3-monza,wec-2021,wec-2021-lmp2,wec-2021-lmp2-38,38,jota,oreca,oreca-07-gibson,true
wec-2021-r3-monza-708,wec-2021-r3-monza,wec-2021,wec-2021-hypercar,wec-2021-hypercar-708,708,glickenhaus-racing,glickenhaus,glickenhaus-007-lmh,true
wec-2021-r3-monza-60,wec-2021-r3-monza,wec-2021,wec-2021-lmgte-am,wec-2021-lmgte-am-60,60,iron-lynx,ferrari,ferrari-488-gte-evo,true
wec-2021-r3-monza-71,wec-2021-r3-monza,wec-2021,wec-2021-lmgte-am,wec-2021-lmgte-am-71,71,inception-racing,ferrari,ferrari-488-gte-evo,true
wec-2021-r4-le-mans-7,wec-2021-r4-le-mans,wec-2021,wec-2021-hypercar,wec-2021-hypercar-7,7,toyota-gazoo-racing,toyota,toyota-gr010-hybrid,true
wec-2021-r4-le-mans-8,wec-2021-r4-le-mans,wec-2021,wec-2021-hypercar,wec-2021-hypercar-8,8,toyota-gazoo-racing,toyota,toyota-gr010-hybrid,true
wec-2021-r4-le-mans-36,wec-2021-r4-le-mans,wec-2021,wec-2021-hypercar,wec-2021-hypercar-36,36,alpine-elf-matmut,alpine,alpine-a480-gibson,true
wec-2021-r4-le-mans-708,wec-2021-r4-le-mans,wec-2021,wec-2021-hypercar,wec-2021-hypercar-708,708,glickenhaus-racing,glickenhaus,glickenhaus-007-lmh,true
wec-2021-r4-le-mans-709,wec-2021-r4-le-mans,wec-2021,wec-2021-hypercar,wec-2021-hypercar-709,709,glickenhaus-racing,glickenhaus,glickenhaus-007-lmh,true
wec-2021-r4-le-mans-31,wec-2021-r4-le-mans,wec-2021,wec-2021-lmp2,wec-2021-lmp2-31,31,team-wrt,oreca,oreca-07-gibson,true
wec-2021-r4-le-mans-28,wec-2021-r4-le-mans,wec-2021,wec-2021-lmp2,wec-2021-lmp2-28,28,jota,oreca,oreca-07-gibson,true
wec-2021-r4-le-mans-65,wec-2021-r4-le-mans,wec-2021,wec-2021-lmp2,wec-2021-lmp2-65,65,panis-racing,oreca,oreca-07-gibson,true
wec-2021-r4-le-mans-23,wec-2021-r4-le-mans,wec-2021,wec-2021-lmp2,wec-2021-lmp2-23,23,united-autosports,oreca,oreca-07-gibson,true
wec-2021-r4-le-mans-34,wec-2021-r4-le-mans,wec-2021,wec-2021-lmp2,wec-2021-lmp2-34,34,inter-europol-competition,oreca,oreca-07-gibson,true
wec-2021-r4-le-mans-48,wec-2021-r4-le-mans,wec-2021,wec-2021-lmp2,wec-2021-lmp2-48,48,idec-sport,oreca,oreca-07-gibson,true
wec-2021-r4-le-mans-26,wec-2021-r4-le-mans,wec-2021,wec-2021-lmp2,wec-2021-lmp2-26,26,g-drive-racing,aurus,aurus-01-gibson,true
wec-2021-r4-le-mans-38,wec-2021-r4-le-mans,wec-2021,wec-2021-lmp2,wec-2021-lmp2-38,38,jota,oreca,oreca-07-gibson,true
wec-2021-r4-le-mans-30,wec-2021-r4-le-mans,wec-2021,wec-2021-lmp2,wec-2021-lmp2-30,30,duqueine-team,oreca,oreca-07-gibson,true
wec-2021-r4-le-mans-21,wec-2021-r4-le-mans,wec-2021,wec-2021-lmp2,wec-2021-lmp2-21,21,dragonspeed-usa,oreca,oreca-07-gibson,true
wec-2021-r4-le-mans-29,wec-2021-r4-le-mans,wec-2021,wec-2021-lmp2,wec-2021-lmp2-29,29,racing-team-nederland,oreca,oreca-07-gibson,true
wec-2021-r4-le-mans-70,wec-2021-r4-le-mans,wec-2021,wec-2021-lmp2,wec-2021-lmp2-70,70,realteam-racing,oreca,oreca-07-gibson,true
wec-2021-r4-le-mans-20,wec-2021-r4-le-mans,wec-2021,wec-2021-lmp2,wec-2021-lmp2-20,20,high-class-racing,oreca,oreca-07-gibson,true
wec-2021-r4-le-mans-39,wec-2021-r4-le-mans,wec-2021,wec-2021-lmp2,wec-2021-lmp2-39,39,so24-dirob-by-graff,oreca,oreca-07-gibson,true
wec-2021-r4-le-mans-51,wec-2021-r4-le-mans,wec-2021,wec-2021-lmgte-pro,wec-2021-lmgte-pro-51,51,af-corse,ferrari,ferrari-488-gte-evo,true
wec-2021-r4-le-mans-63,wec-2021-r4-le-mans,wec-2021,wec-2021-lmgte-pro,wec-2021-lmgte-pro-63,63,corvette-racing,chevrolet,chevrolet-corvette-c8-r,true
wec-2021-r4-le-mans-92,wec-2021-r4-le-mans,wec-2021,wec-2021-lmgte-pro,wec-2021-lmgte-pro-92,92,porsche-gt-team,porsche,porsche-911-rsr-19,true
wec-2021-r4-le-mans-91,wec-2021-r4-le-mans,wec-2021,wec-2021-lmgte-pro,wec-2021-lmgte-pro-91,91,porsche-gt-team,porsche,porsche-911-rsr-19,true
wec-2021-r4-le-mans-44,wec-2021-r4-le-mans,wec-2021,wec-2021-lmp2,wec-2021-lmp2-44,44,arc-bratislava,oreca,oreca-07-gibson,true
wec-2021-r4-le-mans-83,wec-2021-r4-le-mans,wec-2021,wec-2021-lmgte-am,wec-2021-lmgte-am-83,83,af-corse,ferrari,ferrari-488-gte-evo,true
wec-2021-r4-le-mans-33,wec-2021-r4-le-mans,wec-2021,wec-2021-lmgte-am,wec-2021-lmgte-am-33,33,tf-sport,aston-martin,aston-martin-vantage-amr,true
wec-2021-r4-le-mans-80,wec-2021-r4-le-mans,wec-2021,wec-2021-lmgte-am,wec-2021-lmgte-am-80,80,iron-lynx,ferrari,ferrari-488-gte-evo,true
wec-2021-r4-le-mans-74,wec-2021-r4-le-mans,wec-2021,wec-2021-lmp2,wec-2021-lmp2-74,74,racing-team-india-eurasia,ligier,ligier-jsp217-gibson,true
wec-2021-r4-le-mans-49,wec-2021-r4-le-mans,wec-2021,wec-2021-lmp2,wec-2021-lmp2-49,49,high-class-racing,oreca,oreca-07-gibson,true
wec-2021-r4-le-mans-60,wec-2021-r4-le-mans,wec-2021,wec-2021-lmgte-am,wec-2021-lmgte-am-60,60,iron-lynx,ferrari,ferrari-488-gte-evo,true
wec-2021-r4-le-mans-77,wec-2021-r4-le-mans,wec-2021,wec-2021-lmgte-am,wec-2021-lmgte-am-77,77,dempsey-proton-racing,porsche,porsche-911-rsr-19,true
wec-2021-r4-le-mans-84,wec-2021-r4-le-mans,wec-2021,wec-2021-innovative-car,wec-2021-innovative-car-84,84,association-srt41,oreca,oreca-07-gibson,false
wec-2021-r4-le-mans-777,wec-2021-r4-le-mans,wec-2021,wec-2021-lmgte-am,wec-2021-lmgte-am-777,777,d-station-racing,aston-martin,aston-martin-vantage-amr,true
wec-2021-r4-le-mans-18,wec-2021-r4-le-mans,wec-2021,wec-2021-lmgte-am,wec-2021-lmgte-am-18,18,absolute-racing,porsche,porsche-911-rsr-19,true
wec-2021-r4-le-mans-95,wec-2021-r4-le-mans,wec-2021,wec-2021-lmgte-am,wec-2021-lmgte-am-95,95,tf-sport,aston-martin,aston-martin-vantage-amr,true
wec-2021-r4-le-mans-85,wec-2021-r4-le-mans,wec-2021,wec-2021-lmgte-am,wec-2021-lmgte-am-85,85,iron-lynx,ferrari,ferrari-488-gte-evo,true
wec-2021-r4-le-mans-52,wec-2021-r4-le-mans,wec-2021,wec-2021-lmgte-pro,wec-2021-lmgte-pro-52,52,af-corse,ferrari,ferrari-488-gte-evo,true
wec-2021-r4-le-mans-69,wec-2021-r4-le-mans,wec-2021,wec-2021-lmgte-am,wec-2021-lmgte-am-69,69,herberth-motorsport,porsche,porsche-911-rsr-19,true
wec-2021-r4-le-mans-54,wec-2021-r4-le-mans,wec-2021,wec-2021-lmgte-am,wec-2021-lmgte-am-54,54,af-corse,ferrari,ferrari-488-gte-evo,true
wec-2021-r4-le-mans-22,wec-2021-r4-le-mans,wec-2021,wec-2021-lmp2,wec-2021-lmp2-22,22,united-autosports-usa,oreca,oreca-07-gibson,true
wec-2021-r4-le-mans-71,wec-2021-r4-le-mans,wec-2021,wec-2021-lmgte-am,wec-2021-lmgte-am-71,71,inception-racing,ferrari,ferrari-488-gte-evo,true
wec-2021-r4-le-mans-88,wec-2021-r4-le-mans,wec-2021,wec-2021-lmgte-am,wec-2021-lmgte-am-88,88,dempsey-proton-racing,porsche,porsche-911-rsr-19,true
wec-2021-r4-le-mans-86,wec-2021-r4-le-mans,wec-2021,wec-2021-lmgte-am,wec-2021-lmgte-am-86,86,gr-racing,porsche,porsche-911-rsr-19,true
wec-2021-r4-le-mans-64,wec-2021-r4-le-mans,wec-2021,wec-2021-lmgte-pro,wec-2021-lmgte-pro-64,64,corvette-racing,chevrolet,chevrolet-corvette-c8-r,true
wec-2021-r4-le-mans-41,wec-2021-r4-le-mans,wec-2021,wec-2021-lmp2,wec-2021-lmp2-41,41,team-wrt,oreca,oreca-07-gibson,true
wec-2021-r4-le-mans-82,wec-2021-r4-le-mans,wec-2021,wec-2021-lmp2,wec-2021-lmp2-82,82,risi-competizione,oreca,oreca-07-gibson,true
wec-2021-r4-le-mans-388,wec-2021-r4-le-mans,wec-2021,wec-2021-lmgte-am,wec-2021-lmgte-am-388,388,rinaldi-racing,ferrari,ferrari-488-gte-evo,true
wec-2021-r4-le-mans-24,wec-2021-r4-le-mans,wec-2021,wec-2021-lmp2,wec-2021-lmp2-24,24,pr1-motorsports-mathiasen,oreca,oreca-07-gibson,true
wec-2021-r4-le-mans-72,wec-2021-r4-le-mans,wec-2021,wec-2021-lmgte-pro,wec-2021-lmgte-pro-72,72,hub-auto-racing,porsche,porsche-911-rsr-19,true
wec-2021-r4-le-mans-79,wec-2021-r4-le-mans,wec-2021,wec-2021-lmgte-pro,wec-2021-lmgte-pro-79,79,weathertech-racing,porsche,porsche-911-rsr-19,true
wec-2021-r4-le-mans-46,wec-2021-r4-le-mans,wec-2021,wec-2021-lmgte-am,wec-2021-lmgte-am-46,46,team-project-1,porsche,porsche-911-rsr-19,true
wec-2021-r4-le-mans-57,wec-2021-r4-le-mans,wec-2021,wec-2021-lmgte-am,wec-2021-lmgte-am-57,57,kessel-racing,ferrari,ferrari-488-gte-evo,true
wec-2021-r4-le-mans-66,wec-2021-r4-le-mans,wec-2021,wec-2021-lmgte-am,wec-2021-lmgte-am-66,66,jmw-motorsport,ferrari,ferrari-488-gte-evo,true
wec-2021-r4-le-mans-55,wec-2021-r4-le-mans,wec-2021,wec-2021-lmgte-am,wec-2021-lmgte-am-55,55,spirit-of-race,ferrari,ferrari-488-gte-evo,true
wec-2021-r4-le-mans-25,wec-2021-r4-le-mans,wec-2021,wec-2021-lmp2,wec-2021-lmp2-25,25,g-drive-racing,aurus,aurus-01-gibson,true
wec-2021-r4-le-mans-47,wec-2021-r4-le-mans,wec-2021,wec-2021-lmgte-am,wec-2021-lmgte-am-47,47,cetilar-racing,ferrari,ferrari-488-gte-evo,true
wec-2021-r4-le-mans-56,wec-2021-r4-le-mans,wec-2021,wec-2021-lmgte-am,wec-2021-lmgte-am-56,56,team-project-1,porsche,porsche-911-rsr-19,true
wec-2021-r4-le-mans-32,wec-2021-r4-le-mans,wec-2021,wec-2021-lmp2,wec-2021-lmp2-32,32,united-autosports,oreca,oreca-07-gibson,true
wec-2021-r4-le-mans-1,wec-2021-r4-le-mans,wec-2021,wec-2021-lmp2,wec-2021-lmp2-1,1,richard-mille-racing-team,oreca,oreca-07-gibson,true
wec-2021-r4-le-mans-99,wec-2021-r4-le-mans,wec-2021,wec-2021-lmgte-am,wec-2021-lmgte-am-99,99,proton-competition,porsche,porsche-911-rsr-19,true
wec-2021-r4-le-mans-98,wec-2021-r4-le-mans,wec-2021,wec-2021-lmgte-am,wec-2021-lmgte-am-98,98,aston-martin-racing,aston-martin,aston-martin-vantage-amr,true
wec-2021-r4-le-mans-17,wec-2021-r4-le-mans,wec-2021,wec-2021-lmp2,wec-2021-lmp2-17,17,idec-sport,oreca,oreca-07-gibson,true
wec-2021-r5-bahrain-6-hours-7,wec-2021-r5-bahrain-6-hours,wec-2021,wec-2021-hypercar,wec-2021-hypercar-7,7,toyota-gazoo-racing,toyota,toyota-gr010-hybrid,true
wec-2021-r5-bahrain-6-hours-8,wec-2021-r5-bahrain-6-hours,wec-2021,wec-2021-hypercar,wec-2021-hypercar-8,8,toyota-gazoo-racing,toyota,toyota-gr010-hybrid,true
wec-2021-r5-bahrain-6-hours-36,wec-2021-r5-bahrain-6-hours,wec-2021,wec-2021-hypercar,wec-2021-hypercar-36,36,alpine-elf-matmut,alpine,alpine-a480-gibson,true
wec-2021-r5-bahrain-6-hours-31,wec-2021-r5-bahrain-6-hours,wec-2021,wec-2021-lmp2,wec-2021-lmp2-31,31,team-wrt,oreca,oreca-07-gibson,true
wec-2021-r5-bahrain-6-hours-28,wec-2021-r5-bahrain-6-hours,wec-2021,wec-2021-lmp2,wec-2021-lmp2-28,28,jota,oreca,oreca-07-gibson,true
wec-2021-r5-bahrain-6-hours-38,wec-2021-r5-bahrain-6-hours,wec-2021,wec-2021-lmp2,wec-2021-lmp2-38,38,jota,oreca,oreca-07-gibson,true
wec-2021-r5-bahrain-6-hours-22,wec-2021-r5-bahrain-6-hours,wec-2021,wec-2021-lmp2,wec-2021-lmp2-22,22,united-autosports-usa,oreca,oreca-07-gibson,true
wec-2021-r5-bahrain-6-hours-29,wec-2021-r5-bahrain-6-hours,wec-2021,wec-2021-lmp2,wec-2021-lmp2-29,29,racing-team-nederland,oreca,oreca-07-gibson,true
wec-2021-r5-bahrain-6-hours-1,wec-2021-r5-bahrain-6-hours,wec-2021,wec-2021-lmp2,wec-2021-lmp2-1,1,richard-mille-racing-team,oreca,oreca-07-gibson,true
wec-2021-r5-bahrain-6-hours-70,wec-2021-r5-bahrain-6-hours,wec-2021,wec-2021-lmp2,wec-2021-lmp2-70,70,realteam-racing,oreca,oreca-07-gibson,true
wec-2021-r5-bahrain-6-hours-20,wec-2021-r5-bahrain-6-hours,wec-2021,wec-2021-lmp2,wec-2021-lmp2-20,20,high-class-racing,oreca,oreca-07-gibson,true
wec-2021-r5-bahrain-6-hours-34,wec-2021-r5-bahrain-6-hours,wec-2021,wec-2021-lmp2,wec-2021-lmp2-34,34,inter-europol-competition,oreca,oreca-07-gibson,true
wec-2021-r5-bahrain-6-hours-92,wec-2021-r5-bahrain-6-hours,wec-2021,wec-2021-lmgte-pro,wec-2021-lmgte-pro-92,92,porsche-gt-team,porsche,porsche-911-rsr-19,true
wec-2021-r5-bahrain-6-hours-91,wec-2021-r5-bahrain-6-hours,wec-2021,wec-2021-lmgte-pro,wec-2021-lmgte-pro-91,91,porsche-gt-team,porsche,porsche-911-rsr-19,true
wec-2021-r5-bahrain-6-hours-51,wec-2021-r5-bahrain-6-hours,wec-2021,wec-2021-lmgte-pro,wec-2021-lmgte-pro-51,51,af-corse,ferrari,ferrari-488-gte-evo,true
wec-2021-r5-bahrain-6-hours-52,wec-2021-r5-bahrain-6-hours,wec-2021,wec-2021-lmgte-pro,wec-2021-lmgte-pro-52,52,af-corse,ferrari,ferrari-488-gte-evo,true
wec-2021-r5-bahrain-6-hours-33,wec-2021-r5-bahrain-6-hours,wec-2021,wec-2021-lmgte-am,wec-2021-lmgte-am-33,33,tf-sport,aston-martin,aston-martin-vantage-amr,true
wec-2021-r5-bahrain-6-hours-77,wec-2021-r5-bahrain-6-hours,wec-2021,wec-2021-lmgte-am,wec-2021-lmgte-am-77,77,dempsey-proton-racing,porsche,porsche-911-rsr-19,true
wec-2021-r5-bahrain-6-hours-56,wec-2021-r5-bahrain-6-hours,wec-2021,wec-2021-lmgte-am,wec-2021-lmgte-am-56,56,team-project-1,porsche,porsche-911-rsr-19,true
wec-2021-r5-bahrain-6-hours-98,wec-2021-r5-bahrain-6-hours,wec-2021,wec-2021-lmgte-am,wec-2021-lmgte-am-98,98,aston-martin-racing,aston-martin,aston-martin-vantage-amr,true
wec-2021-r5-bahrain-6-hours-44,wec-2021-r5-bahrain-6-hours,wec-2021,wec-2021-lmp2,wec-2021-lmp2-44,44,arc-bratislava,oreca,oreca-07-gibson,true
wec-2021-r5-bahrain-6-hours-83,wec-2021-r5-bahrain-6-hours,wec-2021,wec-2021-lmgte-am,wec-2021-lmgte-am-83,83,af-corse,ferrari,ferrari-488-gte-evo,true
wec-2021-r5-bahrain-6-hours-86,wec-2021-r5-bahrain-6-hours,wec-2021,wec-2021-lmgte-am,wec-2021-lmgte-am-86,86,gr-racing,porsche,porsche-911-rsr-19,true
wec-2021-r5-bahrain-6-hours-54,wec-2021-r5-bahrain-6-hours,wec-2021,wec-2021-lmgte-am,wec-2021-lmgte-am-54,54,af-corse,ferrari,ferrari-488-gte-evo,true
wec-2021-r5-bahrain-6-hours-85,wec-2021-r5-bahrain-6-hours,wec-2021,wec-2021-lmgte-am,wec-2021-lmgte-am-85,85,iron-lynx,ferrari,ferrari-488-gte-evo,true
wec-2021-r5-bahrain-6-hours-57,wec-2021-r5-bahrain-6-hours,wec-2021,wec-2021-lmgte-am,wec-2021-lmgte-am-57,57,kessel-racing,ferrari,ferrari-488-gte-evo,true
wec-2021-r5-bahrain-6-hours-47,wec-2021-r5-bahrain-6-hours,wec-2021,wec-2021-lmgte-am,wec-2021-lmgte-am-47,47,cetilar-racing,ferrari,ferrari-488-gte-evo,true
wec-2021-r5-bahrain-6-hours-777,wec-2021-r5-bahrain-6-hours,wec-2021,wec-2021-lmgte-am,wec-2021-lmgte-am-777,777,d-station-racing,aston-martin,aston-martin-vantage-amr,true
wec-2021-r5-bahrain-6-hours-60,wec-2021-r5-bahrain-6-hours,wec-2021,wec-2021-lmgte-am,wec-2021-lmgte-am-60,60,iron-lynx,ferrari,ferrari-488-gte-evo,true
wec-2021-r5-bahrain-6-hours-21,wec-2021-r5-bahrain-6-hours,wec-2021,wec-2021-lmp2,wec-2021-lmp2-21,21,dragonspeed-usa,oreca,oreca-07-gibson,true
wec-2021-r5-bahrain-6-hours-88,wec-2021-r5-bahrain-6-hours,wec-2021,wec-2021-lmgte-am,wec-2021-lmgte-am-88,88,dempsey-proton-racing,porsche,porsche-911-rsr-19,true
wec-2021-r6-bahrain-8-hours-8,wec-2021-r6-bahrain-8-hours,wec-2021,wec-2021-hypercar,wec-2021-hypercar-8,8,toyota-gazoo-racing,toyota,toyota-gr010-hybrid,true
wec-2021-r6-bahrain-8-hours-7,wec-2021-r6-bahrain-8-hours,wec-2021,wec-2021-hypercar,wec-2021-hypercar-7,7,toyota-gazoo-racing,toyota,toyota-gr010-hybrid,true
wec-2021-r6-bahrain-8-hours-36,wec-2021-r6-bahrain-8-hours,wec-2021,wec-2021-hypercar,wec-2021-hypercar-36,36,alpine-elf-matmut,alpine,alpine-a480-gibson,true
wec-2021-r6-bahrain-8-hours-31,wec-2021-r6-bahrain-8-hours,wec-2021,wec-2021-lmp2,wec-2021-lmp2-31,31,team-wrt,oreca,oreca-07-gibson,true
wec-2021-r6-bahrain-8-hours-38,wec-2021-r6-bahrain-8-hours,wec-2021,wec-2021-lmp2,wec-2021-lmp2-38,38,jota,oreca,oreca-07-gibson,true
wec-2021-r6-bahrain-8-hours-28,wec-2021-r6-bahrain-8-hours,wec-2021,wec-2021-lmp2,wec-2021-lmp2-28,28,jota,oreca,oreca-07-gibson,true
wec-2021-r6-bahrain-8-hours-22,wec-2021-r6-bahrain-8-hours,wec-2021,wec-2021-lmp2,wec-2021-lmp2-22,22,united-autosports-usa,oreca,oreca-07-gibson,true
wec-2021-r6-bahrain-8-hours-34,wec-2021-r6-bahrain-8-hours,wec-2021,wec-2021-lmp2,wec-2021-lmp2-34,34,inter-europol-competition,oreca,oreca-07-gibson,true
wec-2021-r6-bahrain-8-hours-29,wec-2021-r6-bahrain-8-hours,wec-2021,wec-2021-lmp2,wec-2021-lmp2-29,29,racing-team-nederland,oreca,oreca-07-gibson,true
wec-2021-r6-bahrain-8-hours-70,wec-2021-r6-bahrain-8-hours,wec-2021,wec-2021-lmp2,wec-2021-lmp2-70,70,realteam-racing,oreca,oreca-07-gibson,true
wec-2021-r6-bahrain-8-hours-20,wec-2021-r6-bahrain-8-hours,wec-2021,wec-2021-lmp2,wec-2021-lmp2-20,20,high-class-racing,oreca,oreca-07-gibson,true
wec-2021-r6-bahrain-8-hours-1,wec-2021-r6-bahrain-8-hours,wec-2021,wec-2021-lmp2,wec-2021-lmp2-1,1,richard-mille-racing-team,oreca,oreca-07-gibson,true
wec-2021-r6-bahrain-8-hours-21,wec-2021-r6-bahrain-8-hours,wec-2021,wec-2021-lmp2,wec-2021-lmp2-21,21,dragonspeed-usa,oreca,oreca-07-gibson,true
wec-2021-r6-bahrain-8-hours-44,wec-2021-r6-bahrain-8-hours,wec-2021,wec-2021-lmp2,wec-2021-lmp2-44,44,arc-bratislava,oreca,oreca-07-gibson,true
wec-2021-r6-bahrain-8-hours-51,wec-2021-r6-bahrain-8-hours,wec-2021,wec-2021-lmgte-pro,wec-2021-lmgte-pro-51,51,af-corse,ferrari,ferrari-488-gte-evo,true
wec-2021-r6-bahrain-8-hours-92,wec-2021-r6-bahrain-8-hours,wec-2021,wec-2021-lmgte-pro,wec-2021-lmgte-pro-92,92,porsche-gt-team,porsche,porsche-911-rsr-19,true
wec-2021-r6-bahrain-8-hours-52,wec-2021-r6-bahrain-8-hours,wec-2021,wec-2021-lmgte-pro,wec-2021-lmgte-pro-52,52,af-corse,ferrari,ferrari-488-gte-evo,true
wec-2021-r6-bahrain-8-hours-91,wec-2021-r6-bahrain-8-hours,wec-2021,wec-2021-lmgte-pro,wec-2021-lmgte-pro-91,91,porsche-gt-team,porsche,porsche-911-rsr-19,true
wec-2021-r6-bahrain-8-hours-83,wec-2021-r6-bahrain-8-hours,wec-2021,wec-2021-lmgte-am,wec-2021-lmgte-am-83,83,af-corse,ferrari,ferrari-488-gte-evo,true
wec-2021-r6-bahrain-8-hours-77,wec-2021-r6-bahrain-8-hours,wec-2021,wec-2021-lmgte-am,wec-2021-lmgte-am-77,77,dempsey-proton-racing,porsche,porsche-911-rsr-19,true
wec-2021-r6-bahrain-8-hours-56,wec-2021-r6-bahrain-8-hours,wec-2021,wec-2021-lmgte-am,wec-2021-lmgte-am-56,56,team-project-1,porsche,porsche-911-rsr-19,true
wec-2021-r6-bahrain-8-hours-47,wec-2021-r6-bahrain-8-hours,wec-2021,wec-2021-lmgte-am,wec-2021-lmgte-am-47,47,cetilar-racing,ferrari,ferrari-488-gte-evo,true
wec-2021-r6-bahrain-8-hours-57,wec-2021-r6-bahrain-8-hours,wec-2021,wec-2021-lmgte-am,wec-2021-lmgte-am-57,57,kessel-racing,ferrari,ferrari-488-gte-evo,true
wec-2021-r6-bahrain-8-hours-60,wec-2021-r6-bahrain-8-hours,wec-2021,wec-2021-lmgte-am,wec-2021-lmgte-am-60,60,iron-lynx,ferrari,ferrari-488-gte-evo,true
wec-2021-r6-bahrain-8-hours-54,wec-2021-r6-bahrain-8-hours,wec-2021,wec-2021-lmgte-am,wec-2021-lmgte-am-54,54,af-corse,ferrari,ferrari-488-gte-evo,true
wec-2021-r6-bahrain-8-hours-777,wec-2021-r6-bahrain-8-hours,wec-2021,wec-2021-lmgte-am,wec-2021-lmgte-am-777,777,d-station-racing,aston-martin,aston-martin-vantage-amr,true
wec-2021-r6-bahrain-8-hours-85,wec-2021-r6-bahrain-8-hours,wec-2021,wec-2021-lmgte-am,wec-2021-lmgte-am-85,85,iron-lynx,ferrari,ferrari-488-gte-evo,true
wec-2021-r6-bahrain-8-hours-86,wec-2021-r6-bahrain-8-hours,wec-2021,wec-2021-lmgte-am,wec-2021-lmgte-am-86,86,gr-racing,porsche,porsche-911-rsr-19,true
wec-2021-r6-bahrain-8-hours-98,wec-2021-r6-bahrain-8-hours,wec-2021,wec-2021-lmgte-am,wec-2021-lmgte-am-98,98,aston-martin-racing,aston-martin,aston-martin-vantage-amr,true
wec-2021-r6-bahrain-8-hours-33,wec-2021-r6-bahrain-8-hours,wec-2021,wec-2021-lmgte-am,wec-2021-lmgte-am-33,33,tf-sport,aston-martin,aston-martin-vantage-amr,true
wec-2021-r6-bahrain-8-hours-88,wec-2021-r6-bahrain-8-hours,wec-2021,wec-2021-lmgte-am,wec-2021-lmgte-am-88,88,dempsey-proton-racing,porsche,porsche-911-rsr-19,true
wec-2022-r1-sebring-36,wec-2022-r1-sebring,wec-2022,wec-2022-hypercar,wec-2022-hypercar-36,36,alpine-elf-team,alpine,alpine-a480-gibson,true
wec-2022-r1-sebring-8,wec-2022-r1-sebring,wec-2022,wec-2022-hypercar,wec-2022-hypercar-8,8,toyota-gazoo-racing,toyota,toyota-gr010-hybrid,true
wec-2022-r1-sebring-708,wec-2022-r1-sebring,wec-2022,wec-2022-hypercar,wec-2022-hypercar-708,708,glickenhaus-racing,glickenhaus,glickenhaus-007-lmh,true
wec-2022-r1-sebring-23,wec-2022-r1-sebring,wec-2022,wec-2022-lmp2,wec-2022-lmp2-23,23,united-autosports-usa,oreca,oreca-07-gibson,true
wec-2022-r1-sebring-31,wec-2022-r1-sebring,wec-2022,wec-2022-lmp2,wec-2022-lmp2-31,31,wrt,oreca,oreca-07-gibson,true
wec-2022-r1-sebring-41,wec-2022-r1-sebring,wec-2022,wec-2022-lmp2,wec-2022-lmp2-41,41,realteam-by-wrt,oreca,oreca-07-gibson,true
wec-2022-r1-sebring-9,wec-2022-r1-sebring,wec-2022,wec-2022-lmp2,wec-2022-lmp2-9,9,prema-orlen-team,oreca,oreca-07-gibson,true
wec-2022-r1-sebring-28,wec-2022-r1-sebring,wec-2022,wec-2022-lmp2,wec-2022-lmp2-28,28,jota,oreca,oreca-07-gibson,true
wec-2022-r1-sebring-38,wec-2022-r1-sebring,wec-2022,wec-2022-lmp2,wec-2022-lmp2-38,38,jota,oreca,oreca-07-gibson,true
wec-2022-r1-sebring-22,wec-2022-r1-sebring,wec-2022,wec-2022-lmp2,wec-2022-lmp2-22,22,united-autosports-usa,oreca,oreca-07-gibson,true
wec-2022-r1-sebring-5,wec-2022-r1-sebring,wec-2022,wec-2022-lmp2,wec-2022-lmp2-5,5,team-penske,oreca,oreca-07-gibson,true
wec-2022-r1-sebring-83,wec-2022-r1-sebring,wec-2022,wec-2022-lmp2,wec-2022-lmp2-83,83,af-corse,oreca,oreca-07-gibson,true
wec-2022-r1-sebring-35,wec-2022-r1-sebring,wec-2022,wec-2022-lmp2,wec-2022-lmp2-35,35,ultimate,oreca,oreca-07-gibson,true
wec-2022-r1-sebring-45,wec-2022-r1-sebring,wec-2022,wec-2022-lmp2,wec-2022-lmp2-45,45,algarve-pro-racing,oreca,oreca-07-gibson,true
wec-2022-r1-sebring-1,wec-2022-r1-sebring,wec-2022,wec-2022-lmp2,wec-2022-lmp2-1,1,richard-mille-racing-team,oreca,oreca-07-gibson,true
wec-2022-r1-sebring-44,wec-2022-r1-sebring,wec-2022,wec-2022-lmp2,wec-2022-lmp2-44,44,arc-bratislava,oreca,oreca-07-gibson,true
wec-2022-r1-sebring-92,wec-2022-r1-sebring,wec-2022,wec-2022-lmgte-pro,wec-2022-lmgte-pro-92,92,porsche-gt-team,porsche,porsche-911-rsr-19,true
wec-2022-r1-sebring-64,wec-2022-r1-sebring,wec-2022,wec-2022-lmgte-pro,wec-2022-lmgte-pro-64,64,corvette-racing,chevrolet,chevrolet-corvette-c8-r,true
wec-2022-r1-sebring-91,wec-2022-r1-sebring,wec-2022,wec-2022-lmgte-pro,wec-2022-lmgte-pro-91,91,porsche-gt-team,porsche,porsche-911-rsr-19,true
wec-2022-r1-sebring-51,wec-2022-r1-sebring,wec-2022,wec-2022-lmgte-pro,wec-2022-lmgte-pro-51,51,af-corse,ferrari,ferrari-488-gte-evo,true
wec-2022-r1-sebring-98,wec-2022-r1-sebring,wec-2022,wec-2022-lmgte-am,wec-2022-lmgte-am-98,98,northwest-amr,aston-martin,aston-martin-vantage-amr,true
wec-2022-r1-sebring-52,wec-2022-r1-sebring,wec-2022,wec-2022-lmgte-pro,wec-2022-lmgte-pro-52,52,af-corse,ferrari,ferrari-488-gte-evo,true
wec-2022-r1-sebring-33,wec-2022-r1-sebring,wec-2022,wec-2022-lmgte-am,wec-2022-lmgte-am-33,33,tf-sport,aston-martin,aston-martin-vantage-amr,true
wec-2022-r1-sebring-56,wec-2022-r1-sebring,wec-2022,wec-2022-lmgte-am,wec-2022-lmgte-am-56,56,team-project-1,porsche,porsche-911-rsr-19,true
wec-2022-r1-sebring-77,wec-2022-r1-sebring,wec-2022,wec-2022-lmgte-am,wec-2022-lmgte-am-77,77,dempsey-proton-racing,porsche,porsche-911-rsr-19,true
wec-2022-r1-sebring-85,wec-2022-r1-sebring,wec-2022,wec-2022-lmgte-am,wec-2022-lmgte-am-85,85,iron-dames,ferrari,ferrari-488-gte-evo,true
wec-2022-r1-sebring-777,wec-2022-r1-sebring,wec-2022,wec-2022-lmgte-am,wec-2022-lmgte-am-777,777,d-station-racing,aston-martin,aston-martin-vantage-amr,true
wec-2022-r1-sebring-21,wec-2022-r1-sebring,wec-2022,wec-2022-lmgte-am,wec-2022-lmgte-am-21,21,af-corse,ferrari,ferrari-488-gte-evo,true
wec-2022-r1-sebring-60,wec-2022-r1-sebring,wec-2022,wec-2022-lmgte-am,wec-2022-lmgte-am-60,60,iron-lynx,ferrari,ferrari-488-gte-evo,true
wec-2022-r1-sebring-54,wec-2022-r1-sebring,wec-2022,wec-2022-lmgte-am,wec-2022-lmgte-am-54,54,af-corse,ferrari,ferrari-488-gte-evo,true
wec-2022-r1-sebring-34,wec-2022-r1-sebring,wec-2022,wec-2022-lmp2,wec-2022-lmp2-34,34,inter-europol-competition,oreca,oreca-07-gibson,true
wec-2022-r1-sebring-88,wec-2022-r1-sebring,wec-2022,wec-2022-lmgte-am,wec-2022-lmgte-am-88,88,dempsey-proton-racing,porsche,porsche-911-rsr-19,true
wec-2022-r1-sebring-10,wec-2022-r1-sebring,wec-2022,wec-2022-lmp2,wec-2022-lmp2-10,10,vector-sport,oreca,oreca-07-gibson,true
wec-2022-r1-sebring-71,wec-2022-r1-sebring,wec-2022,wec-2022-lmgte-am,wec-2022-lmgte-am-71,71,spirit-of-race,ferrari,ferrari-488-gte-evo,true
wec-2022-r1-sebring-46,wec-2022-r1-sebring,wec-2022,wec-2022-lmgte-am,wec-2022-lmgte-am-46,46,team-project-1,porsche,porsche-911-rsr-19,true
wec-2022-r1-sebring-7,wec-2022-r1-sebring,wec-2022,wec-2022-hypercar,wec-2022-hypercar-7,7,toyota-gazoo-racing,toyota,toyota-gr010-hybrid,true
wec-2022-r2-spa-7,wec-2022-r2-spa,wec-2022,wec-2022-hypercar,wec-2022-hypercar-7,7,toyota-gazoo-racing,toyota,toyota-gr010-hybrid,true
wec-2022-r2-spa-36,wec-2022-r2-spa,wec-2022,wec-2022-hypercar,wec-2022-hypercar-36,36,alpine-elf-team,alpine,alpine-a480-gibson,true
wec-2022-r2-spa-31,wec-2022-r2-spa,wec-2022,wec-2022-lmp2,wec-2022-lmp2-31,31,wrt,oreca,oreca-07-gibson,true
wec-2022-r2-spa-41,wec-2022-r2-spa,wec-2022,wec-2022-lmp2,wec-2022-lmp2-41,41,realteam-by-wrt,oreca,oreca-07-gibson,true
wec-2022-r2-spa-38,wec-2022-r2-spa,wec-2022,wec-2022-lmp2,wec-2022-lmp2-38,38,jota,oreca,oreca-07-gibson,true
wec-2022-r2-spa-5,wec-2022-r2-spa,wec-2022,wec-2022-lmp2,wec-2022-lmp2-5,5,team-penske,oreca,oreca-07-gibson,true
wec-2022-r2-spa-22,wec-2022-r2-spa,wec-2022,wec-2022-lmp2,wec-2022-lmp2-22,22,united-autosports-usa,oreca,oreca-07-gibson,true
wec-2022-r2-spa-23,wec-2022-r2-spa,wec-2022,wec-2022-lmp2,wec-2022-lmp2-23,23,united-autosports-usa,oreca,oreca-07-gibson,true
wec-2022-r2-spa-708,wec-2022-r2-spa,wec-2022,wec-2022-hypercar,wec-2022-hypercar-708,708,glickenhaus-racing,glickenhaus,glickenhaus-007-lmh,true
wec-2022-r2-spa-9,wec-2022-r2-spa,wec-2022,wec-2022-lmp2,wec-2022-lmp2-9,9,prema-orlen-team,oreca,oreca-07-gibson,true
wec-2022-r2-spa-51,wec-2022-r2-spa,wec-2022,wec-2022-lmgte-pro,wec-2022-lmgte-pro-51,51,af-corse,ferrari,ferrari-488-gte-evo,true
wec-2022-r2-spa-92,wec-2022-r2-spa,wec-2022,wec-2022-lmgte-pro,wec-2022-lmgte-pro-92,92,porsche-gt-team,porsche,porsche-911-rsr-19,true
wec-2022-r2-spa-52,wec-2022-r2-spa,wec-2022,wec-2022-lmgte-pro,wec-2022-lmgte-pro-52,52,af-corse,ferrari,ferrari-488-gte-evo,true
wec-2022-r2-spa-1,wec-2022-r2-spa,wec-2022,wec-2022-lmp2,wec-2022-lmp2-1,1,richard-mille-racing-team,oreca,oreca-07-gibson,true
wec-2022-r2-spa-83,wec-2022-r2-spa,wec-2022,wec-2022-lmp2,wec-2022-lmp2-83,83,af-corse,oreca,oreca-07-gibson,true
wec-2022-r2-spa-10,wec-2022-r2-spa,wec-2022,wec-2022-lmp2,wec-2022-lmp2-10,10,vector-sport,oreca,oreca-07-gibson,true
wec-2022-r2-spa-45,wec-2022-r2-spa,wec-2022,wec-2022-lmp2,wec-2022-lmp2-45,45,algarve-pro-racing,oreca,oreca-07-gibson,true
wec-2022-r2-spa-64,wec-2022-r2-spa,wec-2022,wec-2022-lmgte-pro,wec-2022-lmgte-pro-64,64,corvette-racing,chevrolet,chevrolet-corvette-c8-r,true
wec-2022-r2-spa-35,wec-2022-r2-spa,wec-2022,wec-2022-lmp2,wec-2022-lmp2-35,35,ultimate,oreca,oreca-07-gibson,true
wec-2022-r2-spa-91,wec-2022-r2-spa,wec-2022,wec-2022-lmgte-pro,wec-2022-lmgte-pro-91,91,porsche-gt-team,porsche,porsche-911-rsr-19,true
wec-2022-r2-spa-77,wec-2022-r2-spa,wec-2022,wec-2022-lmgte-am,wec-2022-lmgte-am-77,77,dempsey-proton-racing,porsche,porsche-911-rsr-19,true
wec-2022-r2-spa-33,wec-2022-r2-spa,wec-2022,wec-2022-lmgte-am,wec-2022-lmgte-am-33,33,tf-sport,aston-martin,aston-martin-vantage-amr,true
wec-2022-r2-spa-98,wec-2022-r2-spa,wec-2022,wec-2022-lmgte-am,wec-2022-lmgte-am-98,98,northwest-amr,aston-martin,aston-martin-vantage-amr,true
wec-2022-r2-spa-54,wec-2022-r2-spa,wec-2022,wec-2022-lmgte-am,wec-2022-lmgte-am-54,54,af-corse,ferrari,ferrari-488-gte-evo,true
wec-2022-r2-spa-46,wec-2022-r2-spa,wec-2022,wec-2022-lmgte-am,wec-2022-lmgte-am-46,46,team-project-1,porsche,porsche-911-rsr-19,true
wec-2022-r2-spa-86,wec-2022-r2-spa,wec-2022,wec-2022-lmgte-am,wec-2022-lmgte-am-86,86,gr-racing,porsche,porsche-911-rsr-19,true
wec-2022-r2-spa-777,wec-2022-r2-spa,wec-2022,wec-2022-lmgte-am,wec-2022-lmgte-am-777,777,d-station-racing,aston-martin,aston-martin-vantage-amr,true
wec-2022-r2-spa-60,wec-2022-r2-spa,wec-2022,wec-2022-lmgte-am,wec-2022-lmgte-am-60,60,iron-lynx,ferrari,ferrari-488-gte-evo,true
wec-2022-r2-spa-88,wec-2022-r2-spa,wec-2022,wec-2022-lmgte-am,wec-2022-lmgte-am-88,88,dempsey-proton-racing,porsche,porsche-911-rsr-19,true
wec-2022-r2-spa-85,wec-2022-r2-spa,wec-2022,wec-2022-lmgte-am,wec-2022-lmgte-am-85,85,iron-dames,ferrari,ferrari-488-gte-evo,true
wec-2022-r2-spa-21,wec-2022-r2-spa,wec-2022,wec-2022-lmgte-am,wec-2022-lmgte-am-21,21,af-corse,ferrari,ferrari-488-gte-evo,true
wec-2022-r2-spa-71,wec-2022-r2-spa,wec-2022,wec-2022-lmgte-am,wec-2022-lmgte-am-71,71,spirit-of-race,ferrari,ferrari-488-gte-evo,true
wec-2022-r2-spa-56,wec-2022-r2-spa,wec-2022,wec-2022-lmgte-am,wec-2022-lmgte-am-56,56,team-project-1,porsche,porsche-911-rsr-19,true
wec-2022-r2-spa-28,wec-2022-r2-spa,wec-2022,wec-2022-lmp2,wec-2022-lmp2-28,28,jota,oreca,oreca-07-gibson,true
wec-2022-r2-spa-34,wec-2022-r2-spa,wec-2022,wec-2022-lmp2,wec-2022-lmp2-34,34,inter-europol-competition,oreca,oreca-07-gibson,true
wec-2022-r2-spa-8,wec-2022-r2-spa,wec-2022,wec-2022-hypercar,wec-2022-hypercar-8,8,toyota-gazoo-racing,toyota,toyota-gr010-hybrid,true
wec-2022-r2-spa-44,wec-2022-r2-spa,wec-2022,wec-2022-lmp2,wec-2022-lmp2-44,44,arc-bratislava,oreca,oreca-07-gibson,true
wec-2022-r3-le-mans-8,wec-2022-r3-le-mans,wec-2022,wec-2022-hypercar,wec-2022-hypercar-8,8,toyota-gazoo-racing,toyota,toyota-gr010-hybrid,true
wec-2022-r3-le-mans-7,wec-2022-r3-le-mans,wec-2022,wec-2022-hypercar,wec-2022-hypercar-7,7,toyota-gazoo-racing,toyota,toyota-gr010-hybrid,true
wec-2022-r3-le-mans-709,wec-2022-r3-le-mans,wec-2022,wec-2022-hypercar,wec-2022-hypercar-709,709,glickenhaus-racing,glickenhaus,glickenhaus-007-lmh,true
wec-2022-r3-le-mans-708,wec-2022-r3-le-mans,wec-2022,wec-2022-hypercar,wec-2022-hypercar-708,708,glickenhaus-racing,glickenhaus,glickenhaus-007-lmh,true
wec-2022-r3-le-mans-38,wec-2022-r3-le-mans,wec-2022,wec-2022-lmp2,wec-2022-lmp2-38,38,jota,oreca,oreca-07-gibson,true
wec-2022-r3-le-mans-9,wec-2022-r3-le-mans,wec-2022,wec-2022-lmp2,wec-2022-lmp2-9,9,prema-orlen-team,oreca,oreca-07-gibson,true
wec-2022-r3-le-mans-28,wec-2022-r3-le-mans,wec-2022,wec-2022-lmp2,wec-2022-lmp2-28,28,jota,oreca,oreca-07-gibson,true
wec-2022-r3-le-mans-13,wec-2022-r3-le-mans,wec-2022,wec-2022-lmp2,wec-2022-lmp2-13,13,tds-racing-x-vaillante,oreca,oreca-07-gibson,true
wec-2022-r3-le-mans-5,wec-2022-r3-le-mans,wec-2022,wec-2022-lmp2,wec-2022-lmp2-5,5,team-penske,oreca,oreca-07-gibson,true
wec-2022-r3-le-mans-23,wec-2022-r3-le-mans,wec-2022,wec-2022-lmp2,wec-2022-lmp2-23,23,united-autosports-usa,oreca,oreca-07-gibson,true
wec-2022-r3-le-mans-37,wec-2022-r3-le-mans,wec-2022,wec-2022-lmp2,wec-2022-lmp2-37,37,cool-racing,oreca,oreca-07-gibson,true
wec-2022-r3-le-mans-48,wec-2022-r3-le-mans,wec-2022,wec-2022-lmp2,wec-2022-lmp2-48,48,idec-sport,oreca,oreca-07-gibson,true
wec-2022-r3-le-mans-1,wec-2022-r3-le-mans,wec-2022,wec-2022-lmp2,wec-2022-lmp2-1,1,richard-mille-racing-team,oreca,oreca-07-gibson,true
wec-2022-r3-le-mans-22,wec-2022-r3-le-mans,wec-2022,wec-2022-lmp2,wec-2022-lmp2-22,22,united-autosports-usa,oreca,oreca-07-gibson,true
wec-2022-r3-le-mans-32,wec-2022-r3-le-mans,wec-2022,wec-2022-lmp2,wec-2022-lmp2-32,32,team-wrt,oreca,oreca-07-gibson,true
wec-2022-r3-le-mans-65,wec-2022-r3-le-mans,wec-2022,wec-2022-lmp2,wec-2022-lmp2-65,65,panis-racing,oreca,oreca-07-gibson,true
wec-2022-r3-le-mans-34,wec-2022-r3-le-mans,wec-2022,wec-2022-lmp2,wec-2022-lmp2-34,34,inter-europol-competition,oreca,oreca-07-gibson,true
wec-2022-r3-le-mans-43,wec-2022-r3-le-mans,wec-2022,wec-2022-lmp2,wec-2022-lmp2-43,43,inter-europol-competition,oreca,oreca-07-gibson,true
wec-2022-r3-le-mans-45,wec-2022-r3-le-mans,wec-2022,wec-2022-lmp2,wec-2022-lmp2-45,45,algarve-pro-racing,oreca,oreca-07-gibson,true
wec-2022-r3-le-mans-24,wec-2022-r3-le-mans,wec-2022,wec-2022-lmp2,wec-2022-lmp2-24,24,nielsen-racing,oreca,oreca-07-gibson,true
wec-2022-r3-le-mans-41,wec-2022-r3-le-mans,wec-2022,wec-2022-lmp2,wec-2022-lmp2-41,41,realteam-by-wrt,oreca,oreca-07-gibson,true
wec-2022-r3-le-mans-3,wec-2022-r3-le-mans,wec-2022,wec-2022-lmp2,wec-2022-lmp2-3,3,dkr-engineering,oreca,oreca-07-gibson,true
wec-2022-r3-le-mans-36,wec-2022-r3-le-mans,wec-2022,wec-2022-hypercar,wec-2022-hypercar-36,36,alpine-elf-team,alpine,alpine-a480-gibson,true
wec-2022-r3-le-mans-83,wec-2022-r3-le-mans,wec-2022,wec-2022-lmp2,wec-2022-lmp2-83,83,af-corse,oreca,oreca-07-gibson,true
wec-2022-r3-le-mans-47,wec-2022-r3-le-mans,wec-2022,wec-2022-lmp2,wec-2022-lmp2-47,47,algarve-pro-racing,oreca,oreca-07-gibson,true
wec-2022-r3-le-mans-44,wec-2022-r3-le-mans,wec-2022,wec-2022-lmp2,wec-2022-lmp2-44,44,arc-bratislava,oreca,oreca-07-gibson,true
wec-2022-r3-le-mans-10,wec-2022-r3-le-mans,wec-2022,wec-2022-lmp2,wec-2022-lmp2-10,10,vector-sport,oreca,oreca-07-gibson,true
wec-2022-r3-le-mans-91,wec-2022-r3-le-mans,wec-2022,wec-2022-lmgte-pro,wec-2022-lmgte-pro-91,91,porsche-gt-team,porsche,porsche-911-rsr-19,true
wec-2022-r3-le-mans-51,wec-2022-r3-le-mans,wec-2022,wec-2022-lmgte-pro,wec-2022-lmgte-pro-51,51,af-corse,ferrari,ferrari-488-gte-evo,true
wec-2022-r3-le-mans-52,wec-2022-r3-le-mans,wec-2022,wec-2022-lmgte-pro,wec-2022-lmgte-pro-52,52,af-corse,ferrari,ferrari-488-gte-evo,true
wec-2022-r3-le-mans-92,wec-2022-r3-le-mans,wec-2022,wec-2022-lmgte-pro,wec-2022-lmgte-pro-92,92,porsche-gt-team,porsche,porsche-911-rsr-19,true
wec-2022-r3-le-mans-74,wec-2022-r3-le-mans,wec-2022,wec-2022-lmgte-pro,wec-2022-lmgte-pro-74,74,riley-motorsports,ferrari,ferrari-488-gte-evo,true
wec-2022-r3-le-mans-39,wec-2022-r3-le-mans,wec-2022,wec-2022-lmp2,wec-2022-lmp2-39,39,graff-racing,oreca,oreca-07-gibson,true
wec-2022-r3-le-mans-33,wec-2022-r3-le-mans,wec-2022,wec-2022-lmgte-am,wec-2022-lmgte-am-33,33,tf-sport,aston-martin,aston-martin-vantage-amr,true
wec-2022-r3-le-mans-79,wec-2022-r3-le-mans,wec-2022,wec-2022-lmgte-am,wec-2022-lmgte-am-79,79,weathertech-racing,porsche,porsche-911-rsr-19,true
wec-2022-r3-le-mans-98,wec-2022-r3-le-mans,wec-2022,wec-2022-lmgte-am,wec-2022-lmgte-am-98,98,northwest-amr,aston-martin,aston-martin-vantage-amr,true
wec-2022-r3-le-mans-86,wec-2022-r3-le-mans,wec-2022,wec-2022-lmgte-am,wec-2022-lmgte-am-86,86,gr-racing,porsche,porsche-911-rsr-19,true
wec-2022-r3-le-mans-88,wec-2022-r3-le-mans,wec-2022,wec-2022-lmgte-am,wec-2022-lmgte-am-88,88,dempsey-proton-racing,porsche,porsche-911-rsr-19,true
wec-2022-r3-le-mans-54,wec-2022-r3-le-mans,wec-2022,wec-2022-lmgte-am,wec-2022-lmgte-am-54,54,af-corse,ferrari,ferrari-488-gte-evo,true
wec-2022-r3-le-mans-85,wec-2022-r3-le-mans,wec-2022,wec-2022-lmgte-am,wec-2022-lmgte-am-85,85,iron-dames,ferrari,ferrari-488-gte-evo,true
wec-2022-r3-le-mans-21,wec-2022-r3-le-mans,wec-2022,wec-2022-lmgte-am,wec-2022-lmgte-am-21,21,af-corse,ferrari,ferrari-488-gte-evo,true
wec-2022-r3-le-mans-61,wec-2022-r3-le-mans,wec-2022,wec-2022-lmgte-am,wec-2022-lmgte-am-61,61,af-corse,ferrari,ferrari-488-gte-evo,true
wec-2022-r3-le-mans-55,wec-2022-r3-le-mans,wec-2022,wec-2022-lmgte-am,wec-2022-lmgte-am-55,55,spirit-of-race,ferrari,ferrari-488-gte-evo,true
wec-2022-r3-le-mans-99,wec-2022-r3-le-mans,wec-2022,wec-2022-lmgte-am,wec-2022-lmgte-am-99,99,hardpoint-motorsport,porsche,porsche-911-rsr-19,true
wec-2022-r3-le-mans-57,wec-2022-r3-le-mans,wec-2022,wec-2022-lmgte-am,wec-2022-lmgte-am-57,57,kessel-racing,ferrari,ferrari-488-gte-evo,true
wec-2022-r3-le-mans-80,wec-2022-r3-le-mans,wec-2022,wec-2022-lmgte-am,wec-2022-lmgte-am-80,80,iron-lynx,ferrari,ferrari-488-gte-evo,true
wec-2022-r3-le-mans-77,wec-2022-r3-le-mans,wec-2022,wec-2022-lmgte-am,wec-2022-lmgte-am-77,77,dempsey-proton-racing,porsche,porsche-911-rsr-19,true
wec-2022-r3-le-mans-35,wec-2022-r3-le-mans,wec-2022,wec-2022-lmp2,wec-2022-lmp2-35,35,ultimate,oreca,oreca-07-gibson,true
wec-2022-r3-le-mans-27,wec-2022-r3-le-mans,wec-2022,wec-2022-lmp2,wec-2022-lmp2-27,27,cd-sport,ligier,ligier-jsp217-gibson,true
wec-2022-r3-le-mans-66,wec-2022-r3-le-mans,wec-2022,wec-2022-lmgte-am,wec-2022-lmgte-am-66,66,jmw-motorsport,ferrari,ferrari-488-gte-evo,true
wec-2022-r3-le-mans-93,wec-2022-r3-le-mans,wec-2022,wec-2022-lmgte-am,wec-2022-lmgte-am-93,93,proton-competition,porsche,porsche-911-rsr-19,true
wec-2022-r3-le-mans-30,wec-2022-r3-le-mans,wec-2022,wec-2022-lmp2,wec-2022-lmp2-30,30,duqueine-team,oreca,oreca-07-gibson,true
wec-2022-r3-le-mans-75,wec-2022-r3-le-mans,wec-2022,wec-2022-lmgte-am,wec-2022-lmgte-am-75,75,iron-lynx,ferrari,ferrari-488-gte-evo,true
wec-2022-r3-le-mans-60,wec-2022-r3-le-mans,wec-2022,wec-2022-lmgte-am,wec-2022-lmgte-am-60,60,iron-lynx,ferrari,ferrari-488-gte-evo,true
wec-2022-r3-le-mans-31,wec-2022-r3-le-mans,wec-2022,wec-2022-lmp2,wec-2022-lmp2-31,31,wrt,oreca,oreca-07-gibson,true
wec-2022-r3-le-mans-64,wec-2022-r3-le-mans,wec-2022,wec-2022-lmgte-pro,wec-2022-lmgte-pro-64,64,corvette-racing,chevrolet,chevrolet-corvette-c8-r,true
wec-2022-r3-le-mans-56,wec-2022-r3-le-mans,wec-2022,wec-2022-lmgte-am,wec-2022-lmgte-am-56,56,team-project-1,porsche,porsche-911-rsr-19,true
wec-2022-r3-le-mans-63,wec-2022-r3-le-mans,wec-2022,wec-2022-lmgte-pro,wec-2022-lmgte-pro-63,63,corvette-racing,chevrolet,chevrolet-corvette-c8-r,true
wec-2022-r3-le-mans-59,wec-2022-r3-le-mans,wec-2022,wec-2022-lmgte-am,wec-2022-lmgte-am-59,59,inception-racing,ferrari,ferrari-488-gte-evo,true
wec-2022-r3-le-mans-71,wec-2022-r3-le-mans,wec-2022,wec-2022-lmgte-am,wec-2022-lmgte-am-71,71,spirit-of-race,ferrari,ferrari-488-gte-evo,true
wec-2022-r3-le-mans-777,wec-2022-r3-le-mans,wec-2022,wec-2022-lmgte-am,wec-2022-lmgte-am-777,777,d-station-racing,aston-martin,aston-martin-vantage-amr,true
wec-2022-r3-le-mans-46,wec-2022-r3-le-mans,wec-2022,wec-2022-lmgte-am,wec-2022-lmgte-am-46,46,team-project-1,porsche,porsche-911-rsr-19,true
wec-2022-r4-monza-36,wec-2022-r4-monza,wec-2022,wec-2022-hypercar,wec-2022-hypercar-36,36,alpine-elf-team,alpine,alpine-a480-gibson,true
wec-2022-r4-monza-8,wec-2022-r4-monza,wec-2022,wec-2022-hypercar,wec-2022-hypercar-8,8,toyota-gazoo-racing,toyota,toyota-gr010-hybrid,true
wec-2022-r4-monza-7,wec-2022-r4-monza,wec-2022,wec-2022-hypercar,wec-2022-hypercar-7,7,toyota-gazoo-racing,toyota,toyota-gr010-hybrid,true
wec-2022-r4-monza-41,wec-2022-r4-monza,wec-2022,wec-2022-lmp2,wec-2022-lmp2-41,41,realteam-by-wrt,oreca,oreca-07-gibson,true
wec-2022-r4-monza-38,wec-2022-r4-monza,wec-2022,wec-2022-lmp2,wec-2022-lmp2-38,38,jota,oreca,oreca-07-gibson,true
wec-2022-r4-monza-10,wec-2022-r4-monza,wec-2022,wec-2022-lmp2,wec-2022-lmp2-10,10,vector-sport,oreca,oreca-07-gibson,true
wec-2022-r4-monza-34,wec-2022-r4-monza,wec-2022,wec-2022-lmp2,wec-2022-lmp2-34,34,inter-europol-competition,oreca,oreca-07-gibson,true
wec-2022-r4-monza-23,wec-2022-r4-monza,wec-2022,wec-2022-lmp2,wec-2022-lmp2-23,23,united-autosports-usa,oreca,oreca-07-gibson,true
wec-2022-r4-monza-9,wec-2022-r4-monza,wec-2022,wec-2022-lmp2,wec-2022-lmp2-9,9,prema-orlen-team,oreca,oreca-07-gibson,true
wec-2022-r4-monza-45,wec-2022-r4-monza,wec-2022,wec-2022-lmp2,wec-2022-lmp2-45,45,algarve-pro-racing,oreca,oreca-07-gibson,true
wec-2022-r4-monza-35,wec-2022-r4-monza,wec-2022,wec-2022-lmp2,wec-2022-lmp2-35,35,ultimate,oreca,oreca-07-gibson,true
wec-2022-r4-monza-83,wec-2022-r4-monza,wec-2022,wec-2022-lmp2,wec-2022-lmp2-83,83,af-corse,oreca,oreca-07-gibson,true
wec-2022-r4-monza-28,wec-2022-r4-monza,wec-2022,wec-2022-lmp2,wec-2022-lmp2-28,28,jota,oreca,oreca-07-gibson,true
wec-2022-r4-monza-44,wec-2022-r4-monza,wec-2022,wec-2022-lmp2,wec-2022-lmp2-44,44,arc-bratislava,oreca,oreca-07-gibson,true
wec-2022-r4-monza-64,wec-2022-r4-monza,wec-2022,wec-2022-lmgte-pro,wec-2022-lmgte-pro-64,64,corvette-racing,chevrolet,chevrolet-corvette-c8-r,true
wec-2022-r4-monza-52,wec-2022-r4-monza,wec-2022,wec-2022-lmgte-pro,wec-2022-lmgte-pro-52,52,af-corse,ferrari,ferrari-488-gte-evo,true
wec-2022-r4-monza-51,wec-2022-r4-monza,wec-2022,wec-2022-lmgte-pro,wec-2022-lmgte-pro-51,51,af-corse,ferrari,ferrari-488-gte-evo,true
wec-2022-r4-monza-92,wec-2022-r4-monza,wec-2022,wec-2022-lmgte-pro,wec-2022-lmgte-pro-92,92,porsche-gt-team,porsche,porsche-911-rsr-19,true
wec-2022-r4-monza-91,wec-2022-r4-monza,wec-2022,wec-2022-lmgte-pro,wec-2022-lmgte-pro-91,91,porsche-gt-team,porsche,porsche-911-rsr-19,true
wec-2022-r4-monza-77,wec-2022-r4-monza,wec-2022,wec-2022-lmgte-am,wec-2022-lmgte-am-77,77,dempsey-proton-racing,porsche,porsche-911-rsr-19,true
wec-2022-r4-monza-31,wec-2022-r4-monza,wec-2022,wec-2022-lmp2,wec-2022-lmp2-31,31,wrt,oreca,oreca-07-gibson,true
wec-2022-r4-monza-85,wec-2022-r4-monza,wec-2022,wec-2022-lmgte-am,wec-2022-lmgte-am-85,85,iron-dames,ferrari,ferrari-488-gte-evo,true
wec-2022-r4-monza-22,wec-2022-r4-monza,wec-2022,wec-2022-lmp2,wec-2022-lmp2-22,22,united-autosports-usa,oreca,oreca-07-gibson,true
wec-2022-r4-monza-46,wec-2022-r4-monza,wec-2022,wec-2022-lmgte-am,wec-2022-lmgte-am-46,46,team-project-1,porsche,porsche-911-rsr-19,true
wec-2022-r4-monza-60,wec-2022-r4-monza,wec-2022,wec-2022-lmgte-am,wec-2022-lmgte-am-60,60,iron-lynx,ferrari,ferrari-488-gte-evo,true
wec-2022-r4-monza-71,wec-2022-r4-monza,wec-2022,wec-2022-lmgte-am,wec-2022-lmgte-am-71,71,spirit-of-race,ferrari,ferrari-488-gte-evo,true
wec-2022-r4-monza-88,wec-2022-r4-monza,wec-2022,wec-2022-lmgte-am,wec-2022-lmgte-am-88,88,dempsey-proton-racing,porsche,porsche-911-rsr-19,true
wec-2022-r4-monza-21,wec-2022-r4-monza,wec-2022,wec-2022-lmgte-am,wec-2022-lmgte-am-21,21,af-corse,ferrari,ferrari-488-gte-evo,true
wec-2022-r4-monza-98,wec-2022-r4-monza,wec-2022,wec-2022-lmgte-am,wec-2022-lmgte-am-98,98,northwest-amr,aston-martin,aston-martin-vantage-amr,true
wec-2022-r4-monza-54,wec-2022-r4-monza,wec-2022,wec-2022-lmgte-am,wec-2022-lmgte-am-54,54,af-corse,ferrari,ferrari-488-gte-evo,true
wec-2022-r4-monza-56,wec-2022-r4-monza,wec-2022,wec-2022-lmgte-am,wec-2022-lmgte-am-56,56,team-project-1,porsche,porsche-911-rsr-19,true
wec-2022-r4-monza-777,wec-2022-r4-monza,wec-2022,wec-2022-lmgte-am,wec-2022-lmgte-am-777,777,d-station-racing,aston-martin,aston-martin-vantage-amr,true
wec-2022-r4-monza-94,wec-2022-r4-monza,wec-2022,wec-2022-hypercar,wec-2022-hypercar-94,94,peugeot-totalenergies,peugeot,peugeot-9x8,true
wec-2022-r4-monza-86,wec-2022-r4-monza,wec-2022,wec-2022-lmgte-am,wec-2022-lmgte-am-86,86,gr-racing,porsche,porsche-911-rsr-19,true
wec-2022-r4-monza-1,wec-2022-r4-monza,wec-2022,wec-2022-lmp2,wec-2022-lmp2-1,1,richard-mille-racing-team,oreca,oreca-07-gibson,true
wec-2022-r4-monza-708,wec-2022-r4-monza,wec-2022,wec-2022-hypercar,wec-2022-hypercar-708,708,glickenhaus-racing,glickenhaus,glickenhaus-007-lmh,true
wec-2022-r4-monza-33,wec-2022-r4-monza,wec-2022,wec-2022-lmgte-am,wec-2022-lmgte-am-33,33,tf-sport,aston-martin,aston-martin-vantage-amr,true
wec-2022-r4-monza-93,wec-2022-r4-monza,wec-2022,wec-2022-hypercar,wec-2022-hypercar-93,93,peugeot-totalenergies,peugeot,peugeot-9x8,true
wec-2022-r5-fuji-8,wec-2022-r5-fuji,wec-2022,wec-2022-hypercar,wec-2022-hypercar-8,8,toyota-gazoo-racing,toyota,toyota-gr010-hybrid,true
wec-2022-r5-fuji-7,wec-2022-r5-fuji,wec-2022,wec-2022-hypercar,wec-2022-hypercar-7,7,toyota-gazoo-racing,toyota,toyota-gr010-hybrid,true
wec-2022-r5-fuji-36,wec-2022-r5-fuji,wec-2022,wec-2022-hypercar,wec-2022-hypercar-36,36,alpine-elf-team,alpine,alpine-a480-gibson,true
wec-2022-r5-fuji-93,wec-2022-r5-fuji,wec-2022,wec-2022-hypercar,wec-2022-hypercar-93,93,peugeot-totalenergies,peugeot,peugeot-9x8,true
wec-2022-r5-fuji-31,wec-2022-r5-fuji,wec-2022,wec-2022-lmp2,wec-2022-lmp2-31,31,wrt,oreca,oreca-07-gibson,true
wec-2022-r5-fuji-38,wec-2022-r5-fuji,wec-2022,wec-2022-lmp2,wec-2022-lmp2-38,38,jota,oreca,oreca-07-gibson,true
wec-2022-r5-fuji-28,wec-2022-r5-fuji,wec-2022,wec-2022-lmp2,wec-2022-lmp2-28,28,jota,oreca,oreca-07-gibson,true
wec-2022-r5-fuji-41,wec-2022-r5-fuji,wec-2022,wec-2022-lmp2,wec-2022-lmp2-41,41,realteam-by-wrt,oreca,oreca-07-gibson,true
wec-2022-r5-fuji-23,wec-2022-r5-fuji,wec-2022,wec-2022-lmp2,wec-2022-lmp2-23,23,united-autosports-usa,oreca,oreca-07-gibson,true
wec-2022-r5-fuji-9,wec-2022-r5-fuji,wec-2022,wec-2022-lmp2,wec-2022-lmp2-9,9,prema-orlen-team,oreca,oreca-07-gibson,true
wec-2022-r5-fuji-22,wec-2022-r5-fuji,wec-2022,wec-2022-lmp2,wec-2022-lmp2-22,22,united-autosports-usa,oreca,oreca-07-gibson,true
wec-2022-r5-fuji-1,wec-2022-r5-fuji,wec-2022,wec-2022-lmp2,wec-2022-lmp2-1,1,richard-mille-racing-team,oreca,oreca-07-gibson,true
wec-2022-r5-fuji-10,wec-2022-r5-fuji,wec-2022,wec-2022-lmp2,wec-2022-lmp2-10,10,vector-sport,oreca,oreca-07-gibson,true
wec-2022-r5-fuji-83,wec-2022-r5-fuji,wec-2022,wec-2022-lmp2,wec-2022-lmp2-83,83,af-corse,oreca,oreca-07-gibson,true
wec-2022-r5-fuji-34,wec-2022-r5-fuji,wec-2022,wec-2022-lmp2,wec-2022-lmp2-34,34,inter-europol-competition,oreca,oreca-07-gibson,true
wec-2022-r5-fuji-35,wec-2022-r5-fuji,wec-2022,wec-2022-lmp2,wec-2022-lmp2-35,35,ultimate,oreca,oreca-07-gibson,true
wec-2022-r5-fuji-51,wec-2022-r5-fuji,wec-2022,wec-2022-lmgte-pro,wec-2022-lmgte-pro-51,51,af-corse,ferrari,ferrari-488-gte-evo,true
wec-2022-r5-fuji-52,wec-2022-r5-fuji,wec-2022,wec-2022-lmgte-pro,wec-2022-lmgte-pro-52,52,af-corse,ferrari,ferrari-488-gte-evo,true
wec-2022-r5-fuji-92,wec-2022-r5-fuji,wec-2022,wec-2022-lmgte-pro,wec-2022-lmgte-pro-92,92,porsche-gt-team,porsche,porsche-911-rsr-19,true
wec-2022-r5-fuji-94,wec-2022-r5-fuji,wec-2022,wec-2022-hypercar,wec-2022-hypercar-94,94,peugeot-totalenergies,peugeot,peugeot-9x8,true
wec-2022-r5-fuji-91,wec-2022-r5-fuji,wec-2022,wec-2022-lmgte-pro,wec-2022-lmgte-pro-91,91,porsche-gt-team,porsche,porsche-911-rsr-19,true
wec-2022-r5-fuji-64,wec-2022-r5-fuji,wec-2022,wec-2022-lmgte-pro,wec-2022-lmgte-pro-64,64,corvette-racing,chevrolet,chevrolet-corvette-c8-r,true
wec-2022-r5-fuji-33,wec-2022-r5-fuji,wec-2022,wec-2022-lmgte-am,wec-2022-lmgte-am-33,33,tf-sport,aston-martin,aston-martin-vantage-amr,true
wec-2022-r5-fuji-85,wec-2022-r5-fuji,wec-2022,wec-2022-lmgte-am,wec-2022-lmgte-am-85,85,iron-dames,ferrari,ferrari-488-gte-evo,true
wec-2022-r5-fuji-777,wec-2022-r5-fuji,wec-2022,wec-2022-lmgte-am,wec-2022-lmgte-am-777,777,d-station-racing,aston-martin,aston-martin-vantage-amr,true
wec-2022-r5-fuji-54,wec-2022-r5-fuji,wec-2022,wec-2022-lmgte-am,wec-2022-lmgte-am-54,54,af-corse,ferrari,ferrari-488-gte-evo,true
wec-2022-r5-fuji-98,wec-2022-r5-fuji,wec-2022,wec-2022-lmgte-am,wec-2022-lmgte-am-98,98,northwest-amr,aston-martin,aston-martin-vantage-amr,true
wec-2022-r5-fuji-46,wec-2022-r5-fuji,wec-2022,wec-2022-lmgte-am,wec-2022-lmgte-am-46,46,team-project-1,porsche,porsche-911-rsr-19,true
wec-2022-r5-fuji-71,wec-2022-r5-fuji,wec-2022,wec-2022-lmgte-am,wec-2022-lmgte-am-71,71,spirit-of-race,ferrari,ferrari-488-gte-evo,true
wec-2022-r5-fuji-56,wec-2022-r5-fuji,wec-2022,wec-2022-lmgte-am,wec-2022-lmgte-am-56,56,team-project-1,porsche,porsche-911-rsr-19,true
wec-2022-r5-fuji-88,wec-2022-r5-fuji,wec-2022,wec-2022-lmgte-am,wec-2022-lmgte-am-88,88,dempsey-proton-racing,porsche,porsche-911-rsr-19,true
wec-2022-r5-fuji-21,wec-2022-r5-fuji,wec-2022,wec-2022-lmgte-am,wec-2022-lmgte-am-21,21,af-corse,ferrari,ferrari-488-gte-evo,true
wec-2022-r5-fuji-60,wec-2022-r5-fuji,wec-2022,wec-2022-lmgte-am,wec-2022-lmgte-am-60,60,iron-lynx,ferrari,ferrari-488-gte-evo,true
wec-2022-r5-fuji-45,wec-2022-r5-fuji,wec-2022,wec-2022-lmp2,wec-2022-lmp2-45,45,algarve-pro-racing,oreca,oreca-07-gibson,true
wec-2022-r5-fuji-86,wec-2022-r5-fuji,wec-2022,wec-2022-lmgte-am,wec-2022-lmgte-am-86,86,gr-racing,porsche,porsche-911-rsr-19,true
wec-2022-r5-fuji-77,wec-2022-r5-fuji,wec-2022,wec-2022-lmgte-am,wec-2022-lmgte-am-77,77,dempsey-proton-racing,porsche,porsche-911-rsr-19,true
wec-2022-r6-bahrain-7,wec-2022-r6-bahrain,wec-2022,wec-2022-hypercar,wec-2022-hypercar-7,7,toyota-gazoo-racing,toyota,toyota-gr010-hybrid,true
wec-2022-r6-bahrain-8,wec-2022-r6-bahrain,wec-2022,wec-2022-hypercar,wec-2022-hypercar-8,8,toyota-gazoo-racing,toyota,toyota-gr010-hybrid,true
wec-2022-r6-bahrain-36,wec-2022-r6-bahrain,wec-2022,wec-2022-hypercar,wec-2022-hypercar-36,36,alpine-elf-team,alpine,alpine-a480-gibson,true
wec-2022-r6-bahrain-94,wec-2022-r6-bahrain,wec-2022,wec-2022-hypercar,wec-2022-hypercar-94,94,peugeot-totalenergies,peugeot,peugeot-9x8,true
wec-2022-r6-bahrain-31,wec-2022-r6-bahrain,wec-2022,wec-2022-lmp2,wec-2022-lmp2-31,31,wrt,oreca,oreca-07-gibson,true
wec-2022-r6-bahrain-23,wec-2022-r6-bahrain,wec-2022,wec-2022-lmp2,wec-2022-lmp2-23,23,united-autosports-usa,oreca,oreca-07-gibson,true
wec-2022-r6-bahrain-38,wec-2022-r6-bahrain,wec-2022,wec-2022-lmp2,wec-2022-lmp2-38,38,jota,oreca,oreca-07-gibson,true
wec-2022-r6-bahrain-9,wec-2022-r6-bahrain,wec-2022,wec-2022-lmp2,wec-2022-lmp2-9,9,prema-orlen-team,oreca,oreca-07-gibson,true
wec-2022-r6-bahrain-41,wec-2022-r6-bahrain,wec-2022,wec-2022-lmp2,wec-2022-lmp2-41,41,realteam-by-wrt,oreca,oreca-07-gibson,true
wec-2022-r6-bahrain-22,wec-2022-r6-bahrain,wec-2022,wec-2022-lmp2,wec-2022-lmp2-22,22,united-autosports-usa,oreca,oreca-07-gibson,true
wec-2022-r6-bahrain-28,wec-2022-r6-bahrain,wec-2022,wec-2022-lmp2,wec-2022-lmp2-28,28,jota,oreca,oreca-07-gibson,true
wec-2022-r6-bahrain-1,wec-2022-r6-bahrain,wec-2022,wec-2022-lmp2,wec-2022-lmp2-1,1,richard-mille-racing-team,oreca,oreca-07-gibson,true
wec-2022-r6-bahrain-10,wec-2022-r6-bahrain,wec-2022,wec-2022-lmp2,wec-2022-lmp2-10,10,vector-sport,oreca,oreca-07-gibson,true
wec-2022-r6-bahrain-83,wec-2022-r6-bahrain,wec-2022,wec-2022-lmp2,wec-2022-lmp2-83,83,af-corse,oreca,oreca-07-gibson,true
wec-2022-r6-bahrain-35,wec-2022-r6-bahrain,wec-2022,wec-2022-lmp2,wec-2022-lmp2-35,35,ultimate,oreca,oreca-07-gibson,true
wec-2022-r6-bahrain-45,wec-2022-r6-bahrain,wec-2022,wec-2022-lmp2,wec-2022-lmp2-45,45,algarve-pro-racing,oreca,oreca-07-gibson,true
wec-2022-r6-bahrain-52,wec-2022-r6-bahrain,wec-2022,wec-2022-lmgte-pro,wec-2022-lmgte-pro-52,52,af-corse,ferrari,ferrari-488-gte-evo,true
wec-2022-r6-bahrain-64,wec-2022-r6-bahrain,wec-2022,wec-2022-lmgte-pro,wec-2022-lmgte-pro-64,64,corvette-racing,chevrolet,chevrolet-corvette-c8-r,true
wec-2022-r6-bahrain-92,wec-2022-r6-bahrain,wec-2022,wec-2022-lmgte-pro,wec-2022-lmgte-pro-92,92,porsche-gt-team,porsche,porsche-911-rsr-19,true
wec-2022-r6-bahrain-91,wec-2022-r6-bahrain,wec-2022,wec-2022-lmgte-pro,wec-2022-lmgte-pro-91,91,porsche-gt-team,porsche,porsche-911-rsr-19,true
wec-2022-r6-bahrain-51,wec-2022-r6-bahrain,wec-2022,wec-2022-lmgte-pro,wec-2022-lmgte-pro-51,51,af-corse,ferrari,ferrari-488-gte-evo,true
wec-2022-r6-bahrain-44,wec-2022-r6-bahrain,wec-2022,wec-2022-lmp2,wec-2022-lmp2-44,44,arc-bratislava,oreca,oreca-07-gibson,true
wec-2022-r6-bahrain-46,wec-2022-r6-bahrain,wec-2022,wec-2022-lmgte-am,wec-2022-lmgte-am-46,46,team-project-1,porsche,porsche-911-rsr-19,true
wec-2022-r6-bahrain-56,wec-2022-r6-bahrain,wec-2022,wec-2022-lmgte-am,wec-2022-lmgte-am-56,56,team-project-1,porsche,porsche-911-rsr-19,true
wec-2022-r6-bahrain-85,wec-2022-r6-bahrain,wec-2022,wec-2022-lmgte-am,wec-2022-lmgte-am-85,85,iron-dames,ferrari,ferrari-488-gte-evo,true
wec-2022-r6-bahrain-33,wec-2022-r6-bahrain,wec-2022,wec-2022-lmgte-am,wec-2022-lmgte-am-33,33,tf-sport,aston-martin,aston-martin-vantage-amr,true
wec-2022-r6-bahrain-98,wec-2022-r6-bahrain,wec-2022,wec-2022-lmgte-am,wec-2022-lmgte-am-98,98,northwest-amr,aston-martin,aston-martin-vantage-amr,true
wec-2022-r6-bahrain-86,wec-2022-r6-bahrain,wec-2022,wec-2022-lmgte-am,wec-2022-lmgte-am-86,86,gr-racing,porsche,porsche-911-rsr-19,true
wec-2022-r6-bahrain-54,wec-2022-r6-bahrain,wec-2022,wec-2022-lmgte-am,wec-2022-lmgte-am-54,54,af-corse,ferrari,ferrari-488-gte-evo,true
wec-2022-r6-bahrain-77,wec-2022-r6-bahrain,wec-2022,wec-2022-lmgte-am,wec-2022-lmgte-am-77,77,dempsey-proton-racing,porsche,porsche-911-rsr-19,true
wec-2022-r6-bahrain-60,wec-2022-r6-bahrain,wec-2022,wec-2022-lmgte-am,wec-2022-lmgte-am-60,60,iron-lynx,ferrari,ferrari-488-gte-evo,true
wec-2022-r6-bahrain-777,wec-2022-r6-bahrain,wec-2022,wec-2022-lmgte-am,wec-2022-lmgte-am-777,777,d-station-racing,aston-martin,aston-martin-vantage-amr,true
wec-2022-r6-bahrain-21,wec-2022-r6-bahrain,wec-2022,wec-2022-lmgte-am,wec-2022-lmgte-am-21,21,af-corse,ferrari,ferrari-488-gte-evo,true
wec-2022-r6-bahrain-88,wec-2022-r6-bahrain,wec-2022,wec-2022-lmgte-am,wec-2022-lmgte-am-88,88,dempsey-proton-racing,porsche,porsche-911-rsr-19,true
wec-2022-r6-bahrain-71,wec-2022-r6-bahrain,wec-2022,wec-2022-lmgte-am,wec-2022-lmgte-am-71,71,spirit-of-race,ferrari,ferrari-488-gte-evo,true
wec-2022-r6-bahrain-34,wec-2022-r6-bahrain,wec-2022,wec-2022-lmp2,wec-2022-lmp2-34,34,inter-europol-competition,oreca,oreca-07-gibson,true
wec-2022-r6-bahrain-93,wec-2022-r6-bahrain,wec-2022,wec-2022-hypercar,wec-2022-hypercar-93,93,peugeot-totalenergies,peugeot,peugeot-9x8,true
wec-2023-r1-sebring-7,wec-2023-r1-sebring,wec-2023,wec-2023-hypercar,wec-2023-hypercar-7,7,toyota-gazoo-racing,toyota,toyota-gr010-hybrid,true
wec-2023-r1-sebring-8,wec-2023-r1-sebring,wec-2023,wec-2023-hypercar,wec-2023-hypercar-8,8,toyota-gazoo-racing,toyota,toyota-gr010-hybrid,true
wec-2023-r1-sebring-50,wec-2023-r1-sebring,wec-2023,wec-2023-hypercar,wec-2023-hypercar-50,50,ferrari-af-corse,ferrari,ferrari-499p,true
wec-2023-r1-sebring-2,wec-2023-r1-sebring,wec-2023,wec-2023-hypercar,wec-2023-hypercar-2,2,cadillac-racing,cadillac,cadillac-v-series-r,true
wec-2023-r1-sebring-5,wec-2023-r1-sebring,wec-2023,wec-2023-hypercar,wec-2023-hypercar-5,5,porsche-penske-motorsport,porsche,porsche-963,true
wec-2023-r1-sebring-6,wec-2023-r1-sebring,wec-2023,wec-2023-hypercar,wec-2023-hypercar-6,6,porsche-penske-motorsport,porsche,porsche-963,true
wec-2023-r1-sebring-48,wec-2023-r1-sebring,wec-2023,wec-2023-lmp2,wec-2023-lmp2-48,48,hertz-team-jota,oreca,oreca-07-gibson,true
wec-2023-r1-sebring-22,wec-2023-r1-sebring,wec-2023,wec-2023-lmp2,wec-2023-lmp2-22,22,united-autosports,oreca,oreca-07-gibson,true
wec-2023-r1-sebring-63,wec-2023-r1-sebring,wec-2023,wec-2023-lmp2,wec-2023-lmp2-63,63,prema-racing,oreca,oreca-07-gibson,true
wec-2023-r1-sebring-34,wec-2023-r1-sebring,wec-2023,wec-2023-lmp2,wec-2023-lmp2-34,34,inter-europol-competition,oreca,oreca-07-gibson,true
wec-2023-r1-sebring-41,wec-2023-r1-sebring,wec-2023,wec-2023-lmp2,wec-2023-lmp2-41,41,team-wrt,oreca,oreca-07-gibson,true
wec-2023-r1-sebring-28,wec-2023-r1-sebring,wec-2023,wec-2023-lmp2,wec-2023-lmp2-28,28,jota,oreca,oreca-07-gibson,true
wec-2023-r1-sebring-31,wec-2023-r1-sebring,wec-2023,wec-2023-lmp2,wec-2023-lmp2-31,31,team-wrt,oreca,oreca-07-gibson,true
wec-2023-r1-sebring-9,wec-2023-r1-sebring,wec-2023,wec-2023-lmp2,wec-2023-lmp2-9,9,prema-racing,oreca,oreca-07-gibson,true
wec-2023-r1-sebring-51,wec-2023-r1-sebring,wec-2023,wec-2023-hypercar,wec-2023-hypercar-51,51,ferrari-af-corse,ferrari,ferrari-499p,true
wec-2023-r1-sebring-36,wec-2023-r1-sebring,wec-2023,wec-2023-lmp2,wec-2023-lmp2-36,36,alpine-elf-team,oreca,oreca-07-gibson,true
wec-2023-r1-sebring-33,wec-2023-r1-sebring,wec-2023,wec-2023-lmgte-am,wec-2023-lmgte-am-33,33,corvette-racing,chevrolet,chevrolet-corvette-c8-r,true
wec-2023-r1-sebring-77,wec-2023-r1-sebring,wec-2023,wec-2023-lmgte-am,wec-2023-lmgte-am-77,77,dempsey-proton-racing,porsche,porsche-911-rsr-19,true
wec-2023-r1-sebring-57,wec-2023-r1-sebring,wec-2023,wec-2023-lmgte-am,wec-2023-lmgte-am-57,57,kessel-racing,ferrari,ferrari-488-gte-evo,true
wec-2023-r1-sebring-21,wec-2023-r1-sebring,wec-2023,wec-2023-lmgte-am,wec-2023-lmgte-am-21,21,af-corse,ferrari,ferrari-488-gte-evo,true
wec-2023-r1-sebring-54,wec-2023-r1-sebring,wec-2023,wec-2023-lmgte-am,wec-2023-lmgte-am-54,54,af-corse,ferrari,ferrari-488-gte-evo,true
wec-2023-r1-sebring-60,wec-2023-r1-sebring,wec-2023,wec-2023-lmgte-am,wec-2023-lmgte-am-60,60,iron-lynx,porsche,porsche-911-rsr-19,true
wec-2023-r1-sebring-86,wec-2023-r1-sebring,wec-2023,wec-2023-lmgte-am,wec-2023-lmgte-am-86,86,gr-racing,porsche,porsche-911-rsr-19,true
wec-2023-r1-sebring-85,wec-2023-r1-sebring,wec-2023,wec-2023-lmgte-am,wec-2023-lmgte-am-85,85,iron-dames,porsche,porsche-911-rsr-19,true
wec-2023-r1-sebring-10,wec-2023-r1-sebring,wec-2023,wec-2023-lmp2,wec-2023-lmp2-10,10,vector-sport,oreca,oreca-07-gibson,true
wec-2023-r1-sebring-25,wec-2023-r1-sebring,wec-2023,wec-2023-lmgte-am,wec-2023-lmgte-am-25,25,ort-by-tf,aston-martin,aston-martin-vantage-amr,true
wec-2023-r1-sebring-777,wec-2023-r1-sebring,wec-2023,wec-2023-lmgte-am,wec-2023-lmgte-am-777,777,d-station-racing,aston-martin,aston-martin-vantage-amr,true
wec-2023-r1-sebring-98,wec-2023-r1-sebring,wec-2023,wec-2023-lmgte-am,wec-2023-lmgte-am-98,98,northwest-amr,aston-martin,aston-martin-vantage-amr,true
wec-2023-r1-sebring-56,wec-2023-r1-sebring,wec-2023,wec-2023-lmgte-am,wec-2023-lmgte-am-56,56,project-1-ao,porsche,porsche-911-rsr-19,true
wec-2023-r1-sebring-4,wec-2023-r1-sebring,wec-2023,wec-2023-hypercar,wec-2023-hypercar-4,4,floyd-vanwall-racing-team,vanwall,vanwall-vandervell-680,true
wec-2023-r1-sebring-93,wec-2023-r1-sebring,wec-2023,wec-2023-hypercar,wec-2023-hypercar-93,93,peugeot-totalenergies,peugeot,peugeot-9x8,true
wec-2023-r1-sebring-94,wec-2023-r1-sebring,wec-2023,wec-2023-hypercar,wec-2023-hypercar-94,94,peugeot-totalenergies,peugeot,peugeot-9x8,true
wec-2023-r1-sebring-35,wec-2023-r1-sebring,wec-2023,wec-2023-lmp2,wec-2023-lmp2-35,35,alpine-elf-team,oreca,oreca-07-gibson,true
wec-2023-r1-sebring-23,wec-2023-r1-sebring,wec-2023,wec-2023-lmp2,wec-2023-lmp2-23,23,united-autosports,oreca,oreca-07-gibson,true
wec-2023-r1-sebring-708,wec-2023-r1-sebring,wec-2023,wec-2023-hypercar,wec-2023-hypercar-708,708,glickenhaus-racing,glickenhaus,glickenhaus-007,true
wec-2023-r1-sebring-83,wec-2023-r1-sebring,wec-2023,wec-2023-lmgte-am,wec-2023-lmgte-am-83,83,richard-mille-af-corse,ferrari,ferrari-488-gte-evo,true
wec-2023-r1-sebring-88,wec-2023-r1-sebring,wec-2023,wec-2023-lmgte-am,wec-2023-lmgte-am-88,88,proton-competition,porsche,porsche-911-rsr-19,true
wec-2023-r2-portimao-8,wec-2023-r2-portimao,wec-2023,wec-2023-hypercar,wec-2023-hypercar-8,8,toyota-gazoo-racing,toyota,toyota-gr010-hybrid,true
wec-2023-r2-portimao-50,wec-2023-r2-portimao,wec-2023,wec-2023-hypercar,wec-2023-hypercar-50,50,ferrari-af-corse,ferrari,ferrari-499p,true
wec-2023-r2-portimao-6,wec-2023-r2-portimao,wec-2023,wec-2023-hypercar,wec-2023-hypercar-6,6,porsche-penske-motorsport,porsche,porsche-963,true
wec-2023-r2-portimao-2,wec-2023-r2-portimao,wec-2023,wec-2023-hypercar,wec-2023-hypercar-2,2,cadillac-racing,cadillac,cadillac-v-series-r,true
wec-2023-r2-portimao-94,wec-2023-r2-portimao,wec-2023,wec-2023-hypercar,wec-2023-hypercar-94,94,peugeot-totalenergies,peugeot,peugeot-9x8,true
wec-2023-r2-portimao-51,wec-2023-r2-portimao,wec-2023,wec-2023-hypercar,wec-2023-hypercar-51,51,ferrari-af-corse,ferrari,ferrari-499p,true
wec-2023-r2-portimao-93,wec-2023-r2-portimao,wec-2023,wec-2023-hypercar,wec-2023-hypercar-93,93,peugeot-totalenergies,peugeot,peugeot-9x8,true
wec-2023-r2-portimao-708,wec-2023-r2-portimao,wec-2023,wec-2023-hypercar,wec-2023-hypercar-708,708,glickenhaus-racing,glickenhaus,glickenhaus-007,true
wec-2023-r2-portimao-7,wec-2023-r2-portimao,wec-2023,wec-2023-hypercar,wec-2023-hypercar-7,7,toyota-gazoo-racing,toyota,toyota-gr010-hybrid,true
wec-2023-r2-portimao-23,wec-2023-r2-portimao,wec-2023,wec-2023-lmp2,wec-2023-lmp2-23,23,united-autosports,oreca,oreca-07-gibson,true
wec-2023-r2-portimao-22,wec-2023-r2-portimao,wec-2023,wec-2023-lmp2,wec-2023-lmp2-22,22,united-autosports,oreca,oreca-07-gibson,true
wec-2023-r2-portimao-41,wec-2023-r2-portimao,wec-2023,wec-2023-lmp2,wec-2023-lmp2-41,41,team-wrt,oreca,oreca-07-gibson,true
wec-2023-r2-portimao-63,wec-2023-r2-portimao,wec-2023,wec-2023-lmp2,wec-2023-lmp2-63,63,prema-racing,oreca,oreca-07-gibson,true
wec-2023-r2-portimao-48,wec-2023-r2-portimao,wec-2023,wec-2023-lmp2,wec-2023-lmp2-48,48,hertz-team-jota,oreca,oreca-07-gibson,true
wec-2023-r2-portimao-9,wec-2023-r2-portimao,wec-2023,wec-2023-lmp2,wec-2023-lmp2-9,9,prema-racing,oreca,oreca-07-gibson,true
wec-2023-r2-portimao-31,wec-2023-r2-portimao,wec-2023,wec-2023-lmp2,wec-2023-lmp2-31,31,team-wrt,oreca,oreca-07-gibson,true
wec-2023-r2-portimao-28,wec-2023-r2-portimao,wec-2023,wec-2023-lmp2,wec-2023-lmp2-28,28,jota,oreca,oreca-07-gibson,true
wec-2023-r2-portimao-36,wec-2023-r2-portimao,wec-2023,wec-2023-lmp2,wec-2023-lmp2-36,36,alpine-elf-team,oreca,oreca-07-gibson,true
wec-2023-r2-portimao-34,wec-2023-r2-portimao,wec-2023,wec-2023-lmp2,wec-2023-lmp2-34,34,inter-europol-competition,oreca,oreca-07-gibson,true
wec-2023-r2-portimao-35,wec-2023-r2-portimao,wec-2023,wec-2023-lmp2,wec-2023-lmp2-35,35,alpine-elf-team,oreca,oreca-07-gibson,true
wec-2023-r2-portimao-33,wec-2023-r2-portimao,wec-2023,wec-2023-lmgte-am,wec-2023-lmgte-am-33,33,corvette-racing,chevrolet,chevrolet-corvette-c8-r,true
wec-2023-r2-portimao-83,wec-2023-r2-portimao,wec-2023,wec-2023-lmgte-am,wec-2023-lmgte-am-83,83,richard-mille-af-corse,ferrari,ferrari-488-gte-evo,true
wec-2023-r2-portimao-85,wec-2023-r2-portimao,wec-2023,wec-2023-lmgte-am,wec-2023-lmgte-am-85,85,iron-dames,porsche,porsche-911-rsr-19,true
wec-2023-r2-portimao-54,wec-2023-r2-portimao,wec-2023,wec-2023-lmgte-am,wec-2023-lmgte-am-54,54,af-corse,ferrari,ferrari-488-gte-evo,true
wec-2023-r2-portimao-21,wec-2023-r2-portimao,wec-2023,wec-2023-lmgte-am,wec-2023-lmgte-am-21,21,af-corse,ferrari,ferrari-488-gte-evo,true
wec-2023-r2-portimao-56,wec-2023-r2-portimao,wec-2023,wec-2023-lmgte-am,wec-2023-lmgte-am-56,56,project-1-ao,porsche,porsche-911-rsr-19,true
wec-2023-r2-portimao-77,wec-2023-r2-portimao,wec-2023,wec-2023-lmgte-am,wec-2023-lmgte-am-77,77,dempsey-proton-racing,porsche,porsche-911-rsr-19,true
wec-2023-r2-portimao-25,wec-2023-r2-portimao,wec-2023,wec-2023-lmgte-am,wec-2023-lmgte-am-25,25,ort-by-tf,aston-martin,aston-martin-vantage-amr,true
wec-2023-r2-portimao-88,wec-2023-r2-portimao,wec-2023,wec-2023-lmgte-am,wec-2023-lmgte-am-88,88,proton-competition,porsche,porsche-911-rsr-19,true
wec-2023-r2-portimao-57,wec-2023-r2-portimao,wec-2023,wec-2023-lmgte-am,wec-2023-lmgte-am-57,57,kessel-racing,ferrari,ferrari-488-gte-evo,true
wec-2023-r2-portimao-86,wec-2023-r2-portimao,wec-2023,wec-2023-lmgte-am,wec-2023-lmgte-am-86,86,gr-racing,porsche,porsche-911-rsr-19,true
wec-2023-r2-portimao-60,wec-2023-r2-portimao,wec-2023,wec-2023-lmgte-am,wec-2023-lmgte-am-60,60,iron-lynx,porsche,porsche-911-rsr-19,true
wec-2023-r2-portimao-98,wec-2023-r2-portimao,wec-2023,wec-2023-lmgte-am,wec-2023-lmgte-am-98,98,northwest-amr,aston-martin,aston-martin-vantage-amr,true
wec-2023-r2-portimao-10,wec-2023-r2-portimao,wec-2023,wec-2023-lmp2,wec-2023-lmp2-10,10,vector-sport,oreca,oreca-07-gibson,true
wec-2023-r2-portimao-5,wec-2023-r2-portimao,wec-2023,wec-2023-hypercar,wec-2023-hypercar-5,5,porsche-penske-motorsport,porsche,porsche-963,true
wec-2023-r2-portimao-4,wec-2023-r2-portimao,wec-2023,wec-2023-hypercar,wec-2023-hypercar-4,4,floyd-vanwall-racing-team,vanwall,vanwall-vandervell-680,true
wec-2023-r2-portimao-777,wec-2023-r2-portimao,wec-2023,wec-2023-lmgte-am,wec-2023-lmgte-am-777,777,d-station-racing,aston-martin,aston-martin-vantage-amr,true
wec-2023-r3-spa-7,wec-2023-r3-spa,wec-2023,wec-2023-hypercar,wec-2023-hypercar-7,7,toyota-gazoo-racing,toyota,toyota-gr010-hybrid,true
wec-2023-r3-spa-8,wec-2023-r3-spa,wec-2023,wec-2023-hypercar,wec-2023-hypercar-8,8,toyota-gazoo-racing,toyota,toyota-gr010-hybrid,true
wec-2023-r3-spa-51,wec-2023-r3-spa,wec-2023,wec-2023-hypercar,wec-2023-hypercar-51,51,ferrari-af-corse,ferrari,ferrari-499p,true
wec-2023-r3-spa-5,wec-2023-r3-spa,wec-2023,wec-2023-hypercar,wec-2023-hypercar-5,5,porsche-penske-motorsport,porsche,porsche-963,true
wec-2023-r3-spa-2,wec-2023-r3-spa,wec-2023,wec-2023-hypercar,wec-2023-hypercar-2,2,cadillac-racing,cadillac,cadillac-v-series-r,true
wec-2023-r3-spa-38,wec-2023-r3-spa,wec-2023,wec-2023-hypercar,wec-2023-hypercar-38,38,hertz-team-jota,porsche,porsche-963,true
wec-2023-r3-spa-41,wec-2023-r3-spa,wec-2023,wec-2023-lmp2,wec-2023-lmp2-41,41,team-wrt,oreca,oreca-07-gibson,true
wec-2023-r3-spa-23,wec-2023-r3-spa,wec-2023,wec-2023-lmp2,wec-2023-lmp2-23,23,united-autosports,oreca,oreca-07-gibson,true
wec-2023-r3-spa-34,wec-2023-r3-spa,wec-2023,wec-2023-lmp2,wec-2023-lmp2-34,34,inter-europol-competition,oreca,oreca-07-gibson,true
wec-2023-r3-spa-9,wec-2023-r3-spa,wec-2023,wec-2023-lmp2,wec-2023-lmp2-9,9,prema-racing,oreca,oreca-07-gibson,true
wec-2023-r3-spa-22,wec-2023-r3-spa,wec-2023,wec-2023-lmp2,wec-2023-lmp2-22,22,united-autosports,oreca,oreca-07-gibson,true
wec-2023-r3-spa-31,wec-2023-r3-spa,wec-2023,wec-2023-lmp2,wec-2023-lmp2-31,31,team-wrt,oreca,oreca-07-gibson,true
wec-2023-r3-spa-708,wec-2023-r3-spa,wec-2023,wec-2023-hypercar,wec-2023-hypercar-708,708,glickenhaus-racing,glickenhaus,glickenhaus-007,true
wec-2023-r3-spa-93,wec-2023-r3-spa,wec-2023,wec-2023-hypercar,wec-2023-hypercar-93,93,peugeot-totalenergies,peugeot,peugeot-9x8,true
wec-2023-r3-spa-36,wec-2023-r3-spa,wec-2023,wec-2023-lmp2,wec-2023-lmp2-36,36,alpine-elf-team,oreca,oreca-07-gibson,true
wec-2023-r3-spa-35,wec-2023-r3-spa,wec-2023,wec-2023-lmp2,wec-2023-lmp2-35,35,alpine-elf-team,oreca,oreca-07-gibson,true
wec-2023-r3-spa-94,wec-2023-r3-spa,wec-2023,wec-2023-hypercar,wec-2023-hypercar-94,94,peugeot-totalenergies,peugeot,peugeot-9x8,true
wec-2023-r3-spa-28,wec-2023-r3-spa,wec-2023,wec-2023-lmp2,wec-2023-lmp2-28,28,jota,oreca,oreca-07-gibson,true
wec-2023-r3-spa-63,wec-2023-r3-spa,wec-2023,wec-2023-lmp2,wec-2023-lmp2-63,63,prema-racing,oreca,oreca-07-gibson,true
wec-2023-r3-spa-83,wec-2023-r3-spa,wec-2023,wec-2023-lmgte-am,wec-2023-lmgte-am-83,83,richard-mille-af-corse,ferrari,ferrari-488-gte-evo,true
wec-2023-r3-spa-33,wec-2023-r3-spa,wec-2023,wec-2023-lmgte-am,wec-2023-lmgte-am-33,33,corvette-racing,chevrolet,chevrolet-corvette-c8-r,true
wec-2023-r3-spa-25,wec-2023-r3-spa,wec-2023,wec-2023-lmgte-am,wec-2023-lmgte-am-25,25,ort-by-tf,aston-martin,aston-martin-vantage-amr,true
wec-2023-r3-spa-88,wec-2023-r3-spa,wec-2023,wec-2023-lmgte-am,wec-2023-lmgte-am-88,88,proton-competition,porsche,porsche-911-rsr-19,true
wec-2023-r3-spa-85,wec-2023-r3-spa,wec-2023,wec-2023-lmgte-am,wec-2023-lmgte-am-85,85,iron-dames,porsche,porsche-911-rsr-19,true
wec-2023-r3-spa-21,wec-2023-r3-spa,wec-2023,wec-2023-lmgte-am,wec-2023-lmgte-am-21,21,af-corse,ferrari,ferrari-488-gte-evo,true
wec-2023-r3-spa-98,wec-2023-r3-spa,wec-2023,wec-2023-lmgte-am,wec-2023-lmgte-am-98,98,northwest-amr,aston-martin,aston-martin-vantage-amr,true
wec-2023-r3-spa-57,wec-2023-r3-spa,wec-2023,wec-2023-lmgte-am,wec-2023-lmgte-am-57,57,kessel-racing,ferrari,ferrari-488-gte-evo,true
wec-2023-r3-spa-77,wec-2023-r3-spa,wec-2023,wec-2023-lmgte-am,wec-2023-lmgte-am-77,77,dempsey-proton-racing,porsche,porsche-911-rsr-19,true
wec-2023-r3-spa-777,wec-2023-r3-spa,wec-2023,wec-2023-lmgte-am,wec-2023-lmgte-am-777,777,d-station-racing,aston-martin,aston-martin-vantage-amr,true
wec-2023-r3-spa-60,wec-2023-r3-spa,wec-2023,wec-2023-lmgte-am,wec-2023-lmgte-am-60,60,iron-lynx,porsche,porsche-911-rsr-19,true
wec-2023-r3-spa-86,wec-2023-r3-spa,wec-2023,wec-2023-lmgte-am,wec-2023-lmgte-am-86,86,gr-racing,porsche,porsche-911-rsr-19,true
wec-2023-r3-spa-54,wec-2023-r3-spa,wec-2023,wec-2023-lmgte-am,wec-2023-lmgte-am-54,54,af-corse,ferrari,ferrari-488-gte-evo,true
wec-2023-r3-spa-50,wec-2023-r3-spa,wec-2023,wec-2023-hypercar,wec-2023-hypercar-50,50,ferrari-af-corse,ferrari,ferrari-499p,true
wec-2023-r3-spa-4,wec-2023-r3-spa,wec-2023,wec-2023-hypercar,wec-2023-hypercar-4,4,floyd-vanwall-racing-team,vanwall,vanwall-vandervell-680,true
wec-2023-r3-spa-6,wec-2023-r3-spa,wec-2023,wec-2023-hypercar,wec-2023-hypercar-6,6,porsche-penske-motorsport,porsche,porsche-963,true
wec-2023-r3-spa-3,wec-2023-r3-spa,wec-2023,wec-2023-hypercar,wec-2023-hypercar-3,3,cadillac-racing,cadillac,cadillac-v-series-r,true
wec-2023-r3-spa-10,wec-2023-r3-spa,wec-2023,wec-2023-lmp2,wec-2023-lmp2-10,10,vector-sport,oreca,oreca-07-gibson,true
wec-2023-r3-spa-56,wec-2023-r3-spa,wec-2023,wec-2023-lmgte-am,wec-2023-lmgte-am-56,56,project-1-ao,porsche,porsche-911-rsr-19,true
wec-2023-r4-le-mans-51,wec-2023-r4-le-mans,wec-2023,wec-2023-hypercar,wec-2023-hypercar-51,51,ferrari-af-corse,ferrari,ferrari-499p,true
wec-2023-r4-le-mans-8,wec-2023-r4-le-mans,wec-2023,wec-2023-hypercar,wec-2023-hypercar-8,8,toyota-gazoo-racing,toyota,toyota-gr010-hybrid,true
wec-2023-r4-le-mans-2,wec-2023-r4-le-mans,wec-2023,wec-2023-hypercar,wec-2023-hypercar-2,2,cadillac-racing,cadillac,cadillac-v-series-r,true
wec-2023-r4-le-mans-3,wec-2023-r4-le-mans,wec-2023,wec-2023-hypercar,wec-2023-hypercar-3,3,cadillac-racing,cadillac,cadillac-v-series-r,true
wec-2023-r4-le-mans-50,wec-2023-r4-le-mans,wec-2023,wec-2023-hypercar,wec-2023-hypercar-50,50,ferrari-af-corse,ferrari,ferrari-499p,true
wec-2023-r4-le-mans-708,wec-2023-r4-le-mans,wec-2023,wec-2023-hypercar,wec-2023-hypercar-708,708,glickenhaus-racing,glickenhaus,glickenhaus-007,true
wec-2023-r4-le-mans-709,wec-2023-r4-le-mans,wec-2023,wec-2023-hypercar,wec-2023-hypercar-709,709,glickenhaus-racing,glickenhaus,glickenhaus-007,true
wec-2023-r4-le-mans-93,wec-2023-r4-le-mans,wec-2023,wec-2023-hypercar,wec-2023-hypercar-93,93,peugeot-totalenergies,peugeot,peugeot-9x8,true
wec-2023-r4-le-mans-34,wec-2023-r4-le-mans,wec-2023,wec-2023-lmp2,wec-2023-lmp2-34,34,inter-europol-competition,oreca,oreca-07-gibson,true
wec-2023-r4-le-mans-41,wec-2023-r4-le-mans,wec-2023,wec-2023-lmp2,wec-2023-lmp2-41,41,team-wrt,oreca,oreca-07-gibson,true
wec-2023-r4-le-mans-30,wec-2023-r4-le-mans,wec-2023,wec-2023-lmp2,wec-2023-lmp2-30,30,duqueine-team,oreca,oreca-07-gibson,true
wec-2023-r4-le-mans-36,wec-2023-r4-le-mans,wec-2023,wec-2023-lmp2,wec-2023-lmp2-36,36,alpine-elf-team,oreca,oreca-07-gibson,true
wec-2023-r4-le-mans-31,wec-2023-r4-le-mans,wec-2023,wec-2023-lmp2,wec-2023-lmp2-31,31,team-wrt,oreca,oreca-07-gibson,true
wec-2023-r4-le-mans-48,wec-2023-r4-le-mans,wec-2023,wec-2023-lmp2,wec-2023-lmp2-48,48,idec-sport,oreca,oreca-07-gibson,true
wec-2023-r4-le-mans-10,wec-2023-r4-le-mans,wec-2023,wec-2023-lmp2,wec-2023-lmp2-10,10,vector-sport,oreca,oreca-07-gibson,true
wec-2023-r4-le-mans-5,wec-2023-r4-le-mans,wec-2023,wec-2023-hypercar,wec-2023-hypercar-5,5,porsche-penske-motorsport,porsche,porsche-963,true
wec-2023-r4-le-mans-311,wec-2023-r4-le-mans,wec-2023,wec-2023-hypercar,wec-2023-hypercar-311,311,action-express-racing,cadillac,cadillac-v-series-r,true
wec-2023-r4-le-mans-23,wec-2023-r4-le-mans,wec-2023,wec-2023-lmp2,wec-2023-lmp2-23,23,united-autosports,oreca,oreca-07-gibson,true
wec-2023-r4-le-mans-35,wec-2023-r4-le-mans,wec-2023,wec-2023-lmp2,wec-2023-lmp2-35,35,alpine-elf-team,oreca,oreca-07-gibson,true
wec-2023-r4-le-mans-45,wec-2023-r4-le-mans,wec-2023,wec-2023-lmp2,wec-2023-lmp2-45,45,algarve-pro-racing,oreca,oreca-07-gibson,true
wec-2023-r4-le-mans-22,wec-2023-r4-le-mans,wec-2023,wec-2023-lmp2,wec-2023-lmp2-22,22,united-autosports,oreca,oreca-07-gibson,true
wec-2023-r4-le-mans-6,wec-2023-r4-le-mans,wec-2023,wec-2023-hypercar,wec-2023-hypercar-6,6,porsche-penske-motorsport,porsche,porsche-963,true
wec-2023-r4-le-mans-37,wec-2023-r4-le-mans,wec-2023,wec-2023-lmp2,wec-2023-lmp2-37,37,cool-racing,oreca,oreca-07-gibson,true
wec-2023-r4-le-mans-28,wec-2023-r4-le-mans,wec-2023,wec-2023-lmp2,wec-2023-lmp2-28,28,jota,oreca,oreca-07-gibson,true
wec-2023-r4-le-mans-65,wec-2023-r4-le-mans,wec-2023,wec-2023-lmp2,wec-2023-lmp2-65,65,panis-racing,oreca,oreca-07-gibson,true
wec-2023-r4-le-mans-33,wec-2023-r4-le-mans,wec-2023,wec-2023-lmgte-am,wec-2023-lmgte-am-33,33,corvette-racing,chevrolet,chevrolet-corvette-c8-r,true
wec-2023-r4-le-mans-94,wec-2023-r4-le-mans,wec-2023,wec-2023-hypercar,wec-2023-hypercar-94,94,peugeot-totalenergies,peugeot,peugeot-9x8,true
wec-2023-r4-le-mans-25,wec-2023-r4-le-mans,wec-2023,wec-2023-lmgte-am,wec-2023-lmgte-am-25,25,ort-by-tf,aston-martin,aston-martin-vantage-amr,true
wec-2023-r4-le-mans-86,wec-2023-r4-le-mans,wec-2023,wec-2023-lmgte-am,wec-2023-lmgte-am-86,86,gr-racing,porsche,porsche-911-rsr-19,true
wec-2023-r4-le-mans-85,wec-2023-r4-le-mans,wec-2023,wec-2023-lmgte-am,wec-2023-lmgte-am-85,85,iron-dames,porsche,porsche-911-rsr-19,true
wec-2023-r4-le-mans-54,wec-2023-r4-le-mans,wec-2023,wec-2023-lmgte-am,wec-2023-lmgte-am-54,54,af-corse,ferrari,ferrari-488-gte-evo,true
wec-2023-r4-le-mans-43,wec-2023-r4-le-mans,wec-2023,wec-2023-lmp2,wec-2023-lmp2-43,43,dkr-engineering,oreca,oreca-07-gibson,true
wec-2023-r4-le-mans-98,wec-2023-r4-le-mans,wec-2023,wec-2023-lmgte-am,wec-2023-lmgte-am-98,98,northwest-amr,aston-martin,aston-martin-vantage-amr,true
wec-2023-r4-le-mans-9,wec-2023-r4-le-mans,wec-2023,wec-2023-lmp2,wec-2023-lmp2-9,9,prema-racing,oreca,oreca-07-gibson,true
wec-2023-r4-le-mans-56,wec-2023-r4-le-mans,wec-2023,wec-2023-lmgte-am,wec-2023-lmgte-am-56,56,project-1-ao,porsche,porsche-911-rsr-19,true
wec-2023-r4-le-mans-100,wec-2023-r4-le-mans,wec-2023,wec-2023-lmgte-am,wec-2023-lmgte-am-100,100,walkenhorst-motorsport,ferrari,ferrari-488-gte-evo,true
wec-2023-r4-le-mans-39,wec-2023-r4-le-mans,wec-2023,wec-2023-lmp2,wec-2023-lmp2-39,39,graff-racing,oreca,oreca-07-gibson,true
wec-2023-r4-le-mans-74,wec-2023-r4-le-mans,wec-2023,wec-2023-lmgte-am,wec-2023-lmgte-am-74,74,kessel-racing,ferrari,ferrari-488-gte-evo,true
wec-2023-r4-le-mans-24,wec-2023-r4-le-mans,wec-2023,wec-2023-innovative-car,wec-2023-innovative-car-24,24,hendrick-motorsports,chevrolet,chevrolet-camaro-zl1,false
wec-2023-r4-le-mans-38,wec-2023-r4-le-mans,wec-2023,wec-2023-hypercar,wec-2023-hypercar-38,38,hertz-team-jota,porsche,porsche-963,true
wec-2023-r4-le-mans-57,wec-2023-r4-le-mans,wec-2023,wec-2023-lmgte-am,wec-2023-lmgte-am-57,57,kessel-racing,ferrari,ferrari-488-gte-evo,true
wec-2023-r4-le-mans-911,wec-2023-r4-le-mans,wec-2023,wec-2023-lmgte-am,wec-2023-lmgte-am-911,911,proton-competition,porsche,porsche-911-rsr-19,true
wec-2023-r4-le-mans-80,wec-2023-r4-le-mans,wec-2023,wec-2023-lmp2,wec-2023-lmp2-80,80,af-corse,oreca,oreca-07-gibson,true
wec-2023-r4-le-mans-88,wec-2023-r4-le-mans,wec-2023,wec-2023-lmgte-am,wec-2023-lmgte-am-88,88,proton-competition,porsche,porsche-911-rsr-19,true
wec-2023-r4-le-mans-4,wec-2023-r4-le-mans,wec-2023,wec-2023-hypercar,wec-2023-hypercar-4,4,floyd-vanwall-racing-team,vanwall,vanwall-vandervell-680,true
wec-2023-r4-le-mans-777,wec-2023-r4-le-mans,wec-2023,wec-2023-lmgte-am,wec-2023-lmgte-am-777,777,d-station-racing,aston-martin,aston-martin-vantage-amr,true
wec-2023-r4-le-mans-47,wec-2023-r4-le-mans,wec-2023,wec-2023-lmp2,wec-2023-lmp2-47,47,cool-racing,oreca,oreca-07-gibson,true
wec-2023-r4-le-mans-77,wec-2023-r4-le-mans,wec-2023,wec-2023-lmgte-am,wec-2023-lmgte-am-77,77,dempsey-proton-racing,porsche,porsche-911-rsr-19,true
wec-2023-r4-le-mans-32,wec-2023-r4-le-mans,wec-2023,wec-2023-lmp2,wec-2023-lmp2-32,32,inter-europol-competition,oreca,oreca-07-gibson,true
wec-2023-r4-le-mans-63,wec-2023-r4-le-mans,wec-2023,wec-2023-lmp2,wec-2023-lmp2-63,63,prema-racing,oreca,oreca-07-gibson,true
wec-2023-r4-le-mans-7,wec-2023-r4-le-mans,wec-2023,wec-2023-hypercar,wec-2023-hypercar-7,7,toyota-gazoo-racing,toyota,toyota-gr010-hybrid,true
wec-2023-r4-le-mans-66,wec-2023-r4-le-mans,wec-2023,wec-2023-lmgte-am,wec-2023-lmgte-am-66,66,jmw-motorsport,ferrari,ferrari-488-gte-evo,true
wec-2023-r4-le-mans-923,wec-2023-r4-le-mans,wec-2023,wec-2023-lmp2,wec-2023-lmp2-923,923,racing-team-turkey,oreca,oreca-07-gibson,true
wec-2023-r4-le-mans-75,wec-2023-r4-le-mans,wec-2023,wec-2023-hypercar,wec-2023-hypercar-75,75,porsche-penske-motorsport,porsche,porsche-963,true
wec-2023-r4-le-mans-72,wec-2023-r4-le-mans,wec-2023,wec-2023-lmgte-am,wec-2023-lmgte-am-72,72,tf-sport,aston-martin,aston-martin-vantage-amr,true
wec-2023-r4-le-mans-83,wec-2023-r4-le-mans,wec-2023,wec-2023-lmgte-am,wec-2023-lmgte-am-83,83,richard-mille-af-corse,ferrari,ferrari-488-gte-evo,true
wec-2023-r4-le-mans-60,wec-2023-r4-le-mans,wec-2023,wec-2023-lmgte-am,wec-2023-lmgte-am-60,60,iron-lynx,porsche,porsche-911-rsr-19,true
wec-2023-r4-le-mans-16,wec-2023-r4-le-mans,wec-2023,wec-2023-lmgte-am,wec-2023-lmgte-am-16,16,proton-competition,porsche,porsche-911-rsr-19,true
wec-2023-r4-le-mans-55,wec-2023-r4-le-mans,wec-2023,wec-2023-lmgte-am,wec-2023-lmgte-am-55,55,gmb-motorsport,aston-martin,aston-martin-vantage-amr,true
wec-2023-r4-le-mans-21,wec-2023-r4-le-mans,wec-2023,wec-2023-lmgte-am,wec-2023-lmgte-am-21,21,af-corse,ferrari,ferrari-488-gte-evo,true
wec-2023-r4-le-mans-13,wec-2023-r4-le-mans,wec-2023,wec-2023-lmp2,wec-2023-lmp2-13,13,tower-motorsports,oreca,oreca-07-gibson,true
wec-2023-r4-le-mans-14,wec-2023-r4-le-mans,wec-2023,wec-2023-lmp2,wec-2023-lmp2-14,14,nielsen-racing,oreca,oreca-07-gibson,true
wec-2023-r5-monza-7,wec-2023-r5-monza,wec-2023,wec-2023-hypercar,wec-2023-hypercar-7,7,toyota-gazoo-racing,toyota,toyota-gr010-hybrid,true
wec-2023-r5-monza-50,wec-2023-r5-monza,wec-2023,wec-2023-hypercar,wec-2023-hypercar-50,50,ferrari-af-corse,ferrari,ferrari-499p,true
wec-2023-r5-monza-93,wec-2023-r5-monza,wec-2023,wec-2023-hypercar,wec-2023-hypercar-93,93,peugeot-totalenergies,peugeot,peugeot-9x8,true
wec-2023-r5-monza-5,wec-2023-r5-monza,wec-2023,wec-2023-hypercar,wec-2023-hypercar-5,5,porsche-penske-motorsport,porsche,porsche-963,true
wec-2023-r5-monza-51,wec-2023-r5-monza,wec-2023,wec-2023-hypercar,wec-2023-hypercar-51,51,ferrari-af-corse,ferrari,ferrari-499p,true
wec-2023-r5-monza-8,wec-2023-r5-monza,wec-2023,wec-2023-hypercar,wec-2023-hypercar-8,8,toyota-gazoo-racing,toyota,toyota-gr010-hybrid,true
wec-2023-r5-monza-6,wec-2023-r5-monza,wec-2023,wec-2023-hypercar,wec-2023-hypercar-6,6,porsche-penske-motorsport,porsche,porsche-963,true
wec-2023-r5-monza-708,wec-2023-r5-monza,wec-2023,wec-2023-hypercar,wec-2023-hypercar-708,708,glickenhaus-racing,glickenhaus,glickenhaus-007,true
wec-2023-r5-monza-38,wec-2023-r5-monza,wec-2023,wec-2023-hypercar,wec-2023-hypercar-38,38,hertz-team-jota,porsche,porsche-963,true
wec-2023-r5-monza-2,wec-2023-r5-monza,wec-2023,wec-2023-hypercar,wec-2023-hypercar-2,2,cadillac-racing,cadillac,cadillac-v-series-r,true
wec-2023-r5-monza-28,wec-2023-r5-monza,wec-2023,wec-2023-lmp2,wec-2023-lmp2-28,28,jota,oreca,oreca-07-gibson,true
wec-2023-r5-monza-36,wec-2023-r5-monza,wec-2023,wec-2023-lmp2,wec-2023-lmp2-36,36,alpine-elf-team,oreca,oreca-07-gibson,true
wec-2023-r5-monza-41,wec-2023-r5-monza,wec-2023,wec-2023-lmp2,wec-2023-lmp2-41,41,team-wrt,oreca,oreca-07-gibson,true
wec-2023-r5-monza-23,wec-2023-r5-monza,wec-2023,wec-2023-lmp2,wec-2023-lmp2-23,23,united-autosports,oreca,oreca-07-gibson,true
wec-2023-r5-monza-34,wec-2023-r5-monza,wec-2023,wec-2023-lmp2,wec-2023-lmp2-34,34,inter-europol-competition,oreca,oreca-07-gibson,true
wec-2023-r5-monza-22,wec-2023-r5-monza,wec-2023,wec-2023-lmp2,wec-2023-lmp2-22,22,united-autosports,oreca,oreca-07-gibson,true
wec-2023-r5-monza-63,wec-2023-r5-monza,wec-2023,wec-2023-lmp2,wec-2023-lmp2-63,63,prema-racing,oreca,oreca-07-gibson,true
wec-2023-r5-monza-35,wec-2023-r5-monza,wec-2023,wec-2023-lmp2,wec-2023-lmp2-35,35,alpine-elf-team,oreca,oreca-07-gibson,true
wec-2023-r5-monza-94,wec-2023-r5-monza,wec-2023,wec-2023-hypercar,wec-2023-hypercar-94,94,peugeot-totalenergies,peugeot,peugeot-9x8,true
wec-2023-r5-monza-4,wec-2023-r5-monza,wec-2023,wec-2023-hypercar,wec-2023-hypercar-4,4,floyd-vanwall-racing-team,vanwall,vanwall-vandervell-680,true
wec-2023-r5-monza-9,wec-2023-r5-monza,wec-2023,wec-2023-lmp2,wec-2023-lmp2-9,9,prema-racing,oreca,oreca-07-gibson,true
wec-2023-r5-monza-77,wec-2023-r5-monza,wec-2023,wec-2023-lmgte-am,wec-2023-lmgte-am-77,77,dempsey-proton-racing,porsche,porsche-911-rsr-19,true
wec-2023-r5-monza-60,wec-2023-r5-monza,wec-2023,wec-2023-lmgte-am,wec-2023-lmgte-am-60,60,iron-lynx,porsche,porsche-911-rsr-19,true
wec-2023-r5-monza-86,wec-2023-r5-monza,wec-2023,wec-2023-lmgte-am,wec-2023-lmgte-am-86,86,gr-racing,porsche,porsche-911-rsr-19,true
wec-2023-r5-monza-33,wec-2023-r5-monza,wec-2023,wec-2023-lmgte-am,wec-2023-lmgte-am-33,33,corvette-racing,chevrolet,chevrolet-corvette-c8-r,true
wec-2023-r5-monza-85,wec-2023-r5-monza,wec-2023,wec-2023-lmgte-am,wec-2023-lmgte-am-85,85,iron-dames,porsche,porsche-911-rsr-19,true
wec-2023-r5-monza-83,wec-2023-r5-monza,wec-2023,wec-2023-lmgte-am,wec-2023-lmgte-am-83,83,richard-mille-af-corse,ferrari,ferrari-488-gte-evo,true
wec-2023-r5-monza-25,wec-2023-r5-monza,wec-2023,wec-2023-lmgte-am,wec-2023-lmgte-am-25,25,ort-by-tf,aston-martin,aston-martin-vantage-amr,true
wec-2023-r5-monza-56,wec-2023-r5-monza,wec-2023,wec-2023-lmgte-am,wec-2023-lmgte-am-56,56,project-1-ao,porsche,porsche-911-rsr-19,true
wec-2023-r5-monza-21,wec-2023-r5-monza,wec-2023,wec-2023-lmgte-am,wec-2023-lmgte-am-21,21,af-corse,ferrari,ferrari-488-gte-evo,true
wec-2023-r5-monza-54,wec-2023-r5-monza,wec-2023,wec-2023-lmgte-am,wec-2023-lmgte-am-54,54,af-corse,ferrari,ferrari-488-gte-evo,true
wec-2023-r5-monza-31,wec-2023-r5-monza,wec-2023,wec-2023-lmp2,wec-2023-lmp2-31,31,team-wrt,oreca,oreca-07-gibson,true
wec-2023-r5-monza-99,wec-2023-r5-monza,wec-2023,wec-2023-hypercar,wec-2023-hypercar-99,99,proton-competition,porsche,porsche-963,true
wec-2023-r5-monza-57,wec-2023-r5-monza,wec-2023,wec-2023-lmgte-am,wec-2023-lmgte-am-57,57,kessel-racing,ferrari,ferrari-488-gte-evo,true
wec-2023-r5-monza-10,wec-2023-r5-monza,wec-2023,wec-2023-lmp2,wec-2023-lmp2-10,10,vector-sport,oreca,oreca-07-gibson,true
wec-2023-r5-monza-777,wec-2023-r5-monza,wec-2023,wec-2023-lmgte-am,wec-2023-lmgte-am-777,777,d-station-racing,aston-martin,aston-martin-vantage-amr,true
wec-2023-r6-fuji-7,wec-2023-r6-fuji,wec-2023,wec-2023-hypercar,wec-2023-hypercar-7,7,toyota-gazoo-racing,toyota,toyota-gr010-hybrid,true
wec-2023-r6-fuji-8,wec-2023-r6-fuji,wec-2023,wec-2023-hypercar,wec-2023-hypercar-8,8,toyota-gazoo-racing,toyota,toyota-gr010-hybrid,true
wec-2023-r6-fuji-6,wec-2023-r6-fuji,wec-2023,wec-2023-hypercar,wec-2023-hypercar-6,6,porsche-penske-motorsport,porsche,porsche-963,true
wec-2023-r6-fuji-50,wec-2023-r6-fuji,wec-2023,wec-2023-hypercar,wec-2023-hypercar-50,50,ferrari-af-corse,ferrari,ferrari-499p,true
wec-2023-r6-fuji-51,wec-2023-r6-fuji,wec-2023,wec-2023-hypercar,wec-2023-hypercar-51,51,ferrari-af-corse,ferrari,ferrari-499p,true
wec-2023-r6-fuji-38,wec-2023-r6-fuji,wec-2023,wec-2023-hypercar,wec-2023-hypercar-38,38,hertz-team-jota,porsche,porsche-963,true
wec-2023-r6-fuji-94,wec-2023-r6-fuji,wec-2023,wec-2023-hypercar,wec-2023-hypercar-94,94,peugeot-totalenergies,peugeot,peugeot-9x8,true
wec-2023-r6-fuji-93,wec-2023-r6-fuji,wec-2023,wec-2023-hypercar,wec-2023-hypercar-93,93,peugeot-totalenergies,peugeot,peugeot-9x8,true
wec-2023-r6-fuji-99,wec-2023-r6-fuji,wec-2023,wec-2023-hypercar,wec-2023-hypercar-99,99,proton-competition,porsche,porsche-963,true
wec-2023-r6-fuji-2,wec-2023-r6-fuji,wec-2023,wec-2023-hypercar,wec-2023-hypercar-2,2,cadillac-racing,cadillac,cadillac-v-series-r,true
wec-2023-r6-fuji-41,wec-2023-r6-fuji,wec-2023,wec-2023-lmp2,wec-2023-lmp2-41,41,team-wrt,oreca,oreca-07-gibson,true
wec-2023-r6-fuji-22,wec-2023-r6-fuji,wec-2023,wec-2023-lmp2,wec-2023-lmp2-22,22,united-autosports,oreca,oreca-07-gibson,true
wec-2023-r6-fuji-31,wec-2023-r6-fuji,wec-2023,wec-2023-lmp2,wec-2023-lmp2-31,31,team-wrt,oreca,oreca-07-gibson,true
wec-2023-r6-fuji-23,wec-2023-r6-fuji,wec-2023,wec-2023-lmp2,wec-2023-lmp2-23,23,united-autosports,oreca,oreca-07-gibson,true
wec-2023-r6-fuji-36,wec-2023-r6-fuji,wec-2023,wec-2023-lmp2,wec-2023-lmp2-36,36,alpine-elf-team,oreca,oreca-07-gibson,true
wec-2023-r6-fuji-28,wec-2023-r6-fuji,wec-2023,wec-2023-lmp2,wec-2023-lmp2-28,28,jota,oreca,oreca-07-gibson,true
wec-2023-r6-fuji-10,wec-2023-r6-fuji,wec-2023,wec-2023-lmp2,wec-2023-lmp2-10,10,vector-sport,oreca,oreca-07-gibson,true
wec-2023-r6-fuji-9,wec-2023-r6-fuji,wec-2023,wec-2023-lmp2,wec-2023-lmp2-9,9,prema-racing,oreca,oreca-07-gibson,true
wec-2023-r6-fuji-34,wec-2023-r6-fuji,wec-2023,wec-2023-lmp2,wec-2023-lmp2-34,34,inter-europol-competition,oreca,oreca-07-gibson,true
wec-2023-r6-fuji-63,wec-2023-r6-fuji,wec-2023,wec-2023-lmp2,wec-2023-lmp2-63,63,prema-racing,oreca,oreca-07-gibson,true
wec-2023-r6-fuji-35,wec-2023-r6-fuji,wec-2023,wec-2023-lmp2,wec-2023-lmp2-35,35,alpine-elf-team,oreca,oreca-07-gibson,true
wec-2023-r6-fuji-4,wec-2023-r6-fuji,wec-2023,wec-2023-hypercar,wec-2023-hypercar-4,4,floyd-vanwall-racing-team,vanwall,vanwall-vandervell-680,true
wec-2023-r6-fuji-54,wec-2023-r6-fuji,wec-2023,wec-2023-lmgte-am,wec-2023-lmgte-am-54,54,af-corse,ferrari,ferrari-488-gte-evo,true
wec-2023-r6-fuji-33,wec-2023-r6-fuji,wec-2023,wec-2023-lmgte-am,wec-2023-lmgte-am-33,33,corvette-racing,chevrolet,chevrolet-corvette-c8-r,true
wec-2023-r6-fuji-57,wec-2023-r6-fuji,wec-2023,wec-2023-lmgte-am,wec-2023-lmgte-am-57,57,kessel-racing,ferrari,ferrari-488-gte-evo,true
wec-2023-r6-fuji-85,wec-2023-r6-fuji,wec-2023,wec-2023-lmgte-am,wec-2023-lmgte-am-85,85,iron-dames,porsche,porsche-911-rsr-19,true
wec-2023-r6-fuji-56,wec-2023-r6-fuji,wec-2023,wec-2023-lmgte-am,wec-2023-lmgte-am-56,56,project-1-ao,porsche,porsche-911-rsr-19,true
wec-2023-r6-fuji-77,wec-2023-r6-fuji,wec-2023,wec-2023-lmgte-am,wec-2023-lmgte-am-77,77,dempsey-proton-racing,porsche,porsche-911-rsr-19,true
wec-2023-r6-fuji-98,wec-2023-r6-fuji,wec-2023,wec-2023-lmgte-am,wec-2023-lmgte-am-98,98,northwest-amr,aston-martin,aston-martin-vantage-amr,true
wec-2023-r6-fuji-86,wec-2023-r6-fuji,wec-2023,wec-2023-lmgte-am,wec-2023-lmgte-am-86,86,gr-racing,porsche,porsche-911-rsr-19,true
wec-2023-r6-fuji-83,wec-2023-r6-fuji,wec-2023,wec-2023-lmgte-am,wec-2023-lmgte-am-83,83,richard-mille-af-corse,ferrari,ferrari-488-gte-evo,true
wec-2023-r6-fuji-777,wec-2023-r6-fuji,wec-2023,wec-2023-lmgte-am,wec-2023-lmgte-am-777,777,d-station-racing,aston-martin,aston-martin-vantage-amr,true
wec-2023-r6-fuji-60,wec-2023-r6-fuji,wec-2023,wec-2023-lmgte-am,wec-2023-lmgte-am-60,60,iron-lynx,porsche,porsche-911-rsr-19,true
wec-2023-r6-fuji-21,wec-2023-r6-fuji,wec-2023,wec-2023-lmgte-am,wec-2023-lmgte-am-21,21,af-corse,ferrari,ferrari-488-gte-evo,true
wec-2023-r6-fuji-25,wec-2023-r6-fuji,wec-2023,wec-2023-lmgte-am,wec-2023-lmgte-am-25,25,ort-by-tf,aston-martin,aston-martin-vantage-amr,true
wec-2023-r6-fuji-5,wec-2023-r6-fuji,wec-2023,wec-2023-hypercar,wec-2023-hypercar-5,5,porsche-penske-motorsport,porsche,porsche-963,true
wec-2023-r7-bahrain-8,wec-2023-r7-bahrain,wec-2023,wec-2023-hypercar,wec-2023-hypercar-8,8,toyota-gazoo-racing,toyota,toyota-gr010-hybrid,true
wec-2023-r7-bahrain-7,wec-2023-r7-bahrain,wec-2023,wec-2023-hypercar,wec-2023-hypercar-7,7,toyota-gazoo-racing,toyota,toyota-gr010-hybrid,true
wec-2023-r7-bahrain-50,wec-2023-r7-bahrain,wec-2023,wec-2023-hypercar,wec-2023-hypercar-50,50,ferrari-af-corse,ferrari,ferrari-499p,true
wec-2023-r7-bahrain-38,wec-2023-r7-bahrain,wec-2023,wec-2023-hypercar,wec-2023-hypercar-38,38,hertz-team-jota,porsche,porsche-963,true
wec-2023-r7-bahrain-6,wec-2023-r7-bahrain,wec-2023,wec-2023-hypercar,wec-2023-hypercar-6,6,porsche-penske-motorsport,porsche,porsche-963,true
wec-2023-r7-bahrain-51,wec-2023-r7-bahrain,wec-2023,wec-2023-hypercar,wec-2023-hypercar-51,51,ferrari-af-corse,ferrari,ferrari-499p,true
wec-2023-r7-bahrain-5,wec-2023-r7-bahrain,wec-2023,wec-2023-hypercar,wec-2023-hypercar-5,5,porsche-penske-motorsport,porsche,porsche-963,true
wec-2023-r7-bahrain-94,wec-2023-r7-bahrain,wec-2023,wec-2023-hypercar,wec-2023-hypercar-94,94,peugeot-totalenergies,peugeot,peugeot-9x8,true
wec-2023-r7-bahrain-93,wec-2023-r7-bahrain,wec-2023,wec-2023-hypercar,wec-2023-hypercar-93,93,peugeot-totalenergies,peugeot,peugeot-9x8,true
wec-2023-r7-bahrain-99,wec-2023-r7-bahrain,wec-2023,wec-2023-hypercar,wec-2023-hypercar-99,99,proton-competition,porsche,porsche-963,true
wec-2023-r7-bahrain-2,wec-2023-r7-bahrain,wec-2023,wec-2023-hypercar,wec-2023-hypercar-2,2,cadillac-racing,cadillac,cadillac-v-series-r,true
wec-2023-r7-bahrain-41,wec-2023-r7-bahrain,wec-2023,wec-2023-lmp2,wec-2023-lmp2-41,41,team-wrt,oreca,oreca-07-gibson,true
wec-2023-r7-bahrain-31,wec-2023-r7-bahrain,wec-2023,wec-2023-lmp2,wec-2023-lmp2-31,31,team-wrt,oreca,oreca-07-gibson,true
wec-2023-r7-bahrain-28,wec-2023-r7-bahrain,wec-2023,wec-2023-lmp2,wec-2023-lmp2-28,28,jota,oreca,oreca-07-gibson,true
wec-2023-r7-bahrain-9,wec-2023-r7-bahrain,wec-2023,wec-2023-lmp2,wec-2023-lmp2-9,9,prema-racing,oreca,oreca-07-gibson,true
wec-2023-r7-bahrain-63,wec-2023-r7-bahrain,wec-2023,wec-2023-lmp2,wec-2023-lmp2-63,63,prema-racing,oreca,oreca-07-gibson,true
wec-2023-r7-bahrain-34,wec-2023-r7-bahrain,wec-2023,wec-2023-lmp2,wec-2023-lmp2-34,34,inter-europol-competition,oreca,oreca-07-gibson,true
wec-2023-r7-bahrain-36,wec-2023-r7-bahrain,wec-2023,wec-2023-lmp2,wec-2023-lmp2-36,36,alpine-elf-team,oreca,oreca-07-gibson,true
wec-2023-r7-bahrain-23,wec-2023-r7-bahrain,wec-2023,wec-2023-lmp2,wec-2023-lmp2-23,23,united-autosports,oreca,oreca-07-gibson,true
wec-2023-r7-bahrain-22,wec-2023-r7-bahrain,wec-2023,wec-2023-lmp2,wec-2023-lmp2-22,22,united-autosports,oreca,oreca-07-gibson,true
wec-2023-r7-bahrain-35,wec-2023-r7-bahrain,wec-2023,wec-2023-lmp2,wec-2023-lmp2-35,35,alpine-elf-team,oreca,oreca-07-gibson,true
wec-2023-r7-bahrain-85,wec-2023-r7-bahrain,wec-2023,wec-2023-lmgte-am,wec-2023-lmgte-am-85,85,iron-dames,porsche,porsche-911-rsr-19,true
wec-2023-r7-bahrain-777,wec-2023-r7-bahrain,wec-2023,wec-2023-lmgte-am,wec-2023-lmgte-am-777,777,d-station-racing,aston-martin,aston-martin-vantage-amr,true
wec-2023-r7-bahrain-98,wec-2023-r7-bahrain,wec-2023,wec-2023-lmgte-am,wec-2023-lmgte-am-98,98,northwest-amr,aston-martin,aston-martin-vantage-amr,true
wec-2023-r7-bahrain-54,wec-2023-r7-bahrain,wec-2023,wec-2023-lmgte-am,wec-2023-lmgte-am-54,54,af-corse,ferrari,ferrari-488-gte-evo,true
wec-2023-r7-bahrain-57,wec-2023-r7-bahrain,wec-2023,wec-2023-lmgte-am,wec-2023-lmgte-am-57,57,kessel-racing,ferrari,ferrari-488-gte-evo,true
wec-2023-r7-bahrain-77,wec-2023-r7-bahrain,wec-2023,wec-2023-lmgte-am,wec-2023-lmgte-am-77,77,dempsey-proton-racing,porsche,porsche-911-rsr-19,true
wec-2023-r7-bahrain-33,wec-2023-r7-bahrain,wec-2023,wec-2023-lmgte-am,wec-2023-lmgte-am-33,33,corvette-racing,chevrolet,chevrolet-corvette-c8-r,true
wec-2023-r7-bahrain-86,wec-2023-r7-bahrain,wec-2023,wec-2023-lmgte-am,wec-2023-lmgte-am-86,86,gr-racing,porsche,porsche-911-rsr-19,true
wec-2023-r7-bahrain-83,wec-2023-r7-bahrain,wec-2023,wec-2023-lmgte-am,wec-2023-lmgte-am-83,83,richard-mille-af-corse,ferrari,ferrari-488-gte-evo,true
wec-2023-r7-bahrain-56,wec-2023-r7-bahrain,wec-2023,wec-2023-lmgte-am,wec-2023-lmgte-am-56,56,project-1-ao,porsche,porsche-911-rsr-19,true
wec-2023-r7-bahrain-21,wec-2023-r7-bahrain,wec-2023,wec-2023-lmgte-am,wec-2023-lmgte-am-21,21,af-corse,ferrari,ferrari-488-gte-evo,true
wec-2023-r7-bahrain-4,wec-2023-r7-bahrain,wec-2023,wec-2023-hypercar,wec-2023-hypercar-4,4,floyd-vanwall-racing-team,vanwall,vanwall-vandervell-680,true
wec-2023-r7-bahrain-25,wec-2023-r7-bahrain,wec-2023,wec-2023-lmgte-am,wec-2023-lmgte-am-25,25,ort-by-tf,aston-martin,aston-martin-vantage-amr,true
wec-2023-r7-bahrain-10,wec-2023-r7-bahrain,wec-2023,wec-2023-lmp2,wec-2023-lmp2-10,10,vector-sport,oreca,oreca-07-gibson,true
wec-2023-r7-bahrain-60,wec-2023-r7-bahrain,wec-2023,wec-2023-lmgte-am,wec-2023-lmgte-am-60,60,iron-lynx,porsche,porsche-911-rsr-19,true
wec-2024-r1-qatar-6,wec-2024-r1-qatar,wec-2024,wec-2024-hypercar,wec-2024-hypercar-6,6,porsche-penske-motorsport,porsche,porsche-963,true
wec-2024-r1-qatar-12,wec-2024-r1-qatar,wec-2024,wec-2024-hypercar,wec-2024-hypercar-12,12,hertz-team-jota,porsche,porsche-963,true
wec-2024-r1-qatar-5,wec-2024-r1-qatar,wec-2024,wec-2024-hypercar,wec-2024-hypercar-5,5,porsche-penske-motorsport,porsche,porsche-963,true
wec-2024-r1-qatar-83,wec-2024-r1-qatar,wec-2024,wec-2024-hypercar,wec-2024-hypercar-83,83,af-corse,ferrari,ferrari-499p,true
wec-2024-r1-qatar-7,wec-2024-r1-qatar,wec-2024,wec-2024-hypercar,wec-2024-hypercar-7,7,toyota-gazoo-racing,toyota,toyota-gr010-hybrid,true
wec-2024-r1-qatar-50,wec-2024-r1-qatar,wec-2024,wec-2024-hypercar,wec-2024-hypercar-50,50,ferrari-af-corse,ferrari,ferrari-499p,true
wec-2024-r1-qatar-35,wec-2024-r1-qatar,wec-2024,wec-2024-hypercar,wec-2024-hypercar-35,35,alpine-endurance-team,alpine,alpine-a424,true
wec-2024-r1-qatar-8,wec-2024-r1-qatar,wec-2024,wec-2024-hypercar,wec-2024-hypercar-8,8,toyota-gazoo-racing,toyota,toyota-gr010-hybrid,true
wec-2024-r1-qatar-99,wec-2024-r1-qatar,wec-2024,wec-2024-hypercar,wec-2024-hypercar-99,99,proton-competition,porsche,porsche-963,true
wec-2024-r1-qatar-20,wec-2024-r1-qatar,wec-2024,wec-2024-hypercar,wec-2024-hypercar-20,20,bmw-m-team-wrt,bmw,bmw-m-hybrid-v8,true
wec-2024-r1-qatar-36,wec-2024-r1-qatar,wec-2024,wec-2024-hypercar,wec-2024-hypercar-36,36,alpine-endurance-team,alpine,alpine-a424,true
wec-2024-r1-qatar-51,wec-2024-r1-qatar,wec-2024,wec-2024-hypercar,wec-2024-hypercar-51,51,ferrari-af-corse,ferrari,ferrari-499p,true
wec-2024-r1-qatar-63,wec-2024-r1-qatar,wec-2024,wec-2024-hypercar,wec-2024-hypercar-63,63,lamborghini-iron-lynx,lamborghini,lamborghini-sc63,true
wec-2024-r1-qatar-15,wec-2024-r1-qatar,wec-2024,wec-2024-hypercar,wec-2024-hypercar-15,15,bmw-m-team-wrt,bmw,bmw-m-hybrid-v8,true
wec-2024-r1-qatar-94,wec-2024-r1-qatar,wec-2024,wec-2024-hypercar,wec-2024-hypercar-94,94,peugeot-totalenergies,peugeot,peugeot-9x8,true
wec-2024-r1-qatar-92,wec-2024-r1-qatar,wec-2024,wec-2024-lmgt3,wec-2024-lmgt3-92,92,manthey-purerxcing,porsche,porsche-911-gt3-r-lmgt3,true
wec-2024-r1-qatar-27,wec-2024-r1-qatar,wec-2024,wec-2024-lmgt3,wec-2024-lmgt3-27,27,heart-of-racing-team,aston-martin,aston-martin-vantage-amr-lmgt3,true
wec-2024-r1-qatar-777,wec-2024-r1-qatar,wec-2024,wec-2024-lmgt3,wec-2024-lmgt3-777,777,d-station-racing,aston-martin,aston-martin-vantage-amr-lmgt3,true
wec-2024-r1-qatar-46,wec-2024-r1-qatar,wec-2024,wec-2024-lmgt3,wec-2024-lmgt3-46,46,team-wrt,bmw,bmw-m4-lmgt3,true
wec-2024-r1-qatar-54,wec-2024-r1-qatar,wec-2024,wec-2024-lmgt3,wec-2024-lmgt3-54,54,vista-af-corse,ferrari,ferrari-296-lmgt3,true
wec-2024-r1-qatar-31,wec-2024-r1-qatar,wec-2024,wec-2024-lmgt3,wec-2024-lmgt3-31,31,team-wrt,bmw,bmw-m4-lmgt3,true
wec-2024-r1-qatar-55,wec-2024-r1-qatar,wec-2024,wec-2024-lmgt3,wec-2024-lmgt3-55,55,vista-af-corse,ferrari,ferrari-296-lmgt3,true
wec-2024-r1-qatar-85,wec-2024-r1-qatar,wec-2024,wec-2024-lmgt3,wec-2024-lmgt3-85,85,iron-dames,lamborghini,lamborghini-huracan-lmgt3-evo2,true
wec-2024-r1-qatar-88,wec-2024-r1-qatar,wec-2024,wec-2024-lmgt3,wec-2024-lmgt3-88,88,proton-competition,ford,ford-mustang-lmgt3,true
wec-2024-r1-qatar-82,wec-2024-r1-qatar,wec-2024,wec-2024-lmgt3,wec-2024-lmgt3-82,82,tf-sport,corvette,corvette-z06-lmgt3-r,true
wec-2024-r1-qatar-77,wec-2024-r1-qatar,wec-2024,wec-2024-lmgt3,wec-2024-lmgt3-77,77,proton-competition,ford,ford-mustang-lmgt3,true
wec-2024-r1-qatar-60,wec-2024-r1-qatar,wec-2024,wec-2024-lmgt3,wec-2024-lmgt3-60,60,iron-lynx,lamborghini,lamborghini-huracan-lmgt3-evo2,true
wec-2024-r1-qatar-95,wec-2024-r1-qatar,wec-2024,wec-2024-lmgt3,wec-2024-lmgt3-95,95,united-autosports,mclaren,mclaren-720s-lmgt3-evo,true
wec-2024-r1-qatar-59,wec-2024-r1-qatar,wec-2024,wec-2024-lmgt3,wec-2024-lmgt3-59,59,united-autosports,mclaren,mclaren-720s-lmgt3-evo,true
wec-2024-r1-qatar-91,wec-2024-r1-qatar,wec-2024,wec-2024-lmgt3,wec-2024-lmgt3-91,91,manthey-ema,porsche,porsche-911-gt3-r-lmgt3,true
wec-2024-r1-qatar-87,wec-2024-r1-qatar,wec-2024,wec-2024-lmgt3,wec-2024-lmgt3-87,87,akkodis-asp-team,lexus,lexus-rc-f-lmgt3,true
wec-2024-r1-qatar-38,wec-2024-r1-qatar,wec-2024,wec-2024-hypercar,wec-2024-hypercar-38,38,hertz-team-jota,porsche,porsche-963,true
wec-2024-r1-qatar-78,wec-2024-r1-qatar,wec-2024,wec-2024-lmgt3,wec-2024-lmgt3-78,78,akkodis-asp-team,lexus,lexus-rc-f-lmgt3,true
wec-2024-r1-qatar-81,wec-2024-r1-qatar,wec-2024,wec-2024-lmgt3,wec-2024-lmgt3-81,81,tf-sport,corvette,corvette-z06-lmgt3-r,true
wec-2024-r1-qatar-11,wec-2024-r1-qatar,wec-2024,wec-2024-hypercar,wec-2024-hypercar-11,11,isotta-fraschini,isotta-fraschini,isotta-fraschini-tipo6-c,true
wec-2024-r1-qatar-2,wec-2024-r1-qatar,wec-2024,wec-2024-hypercar,wec-2024-hypercar-2,2,cadillac-racing,cadillac,cadillac-v-series-r,true
wec-2024-r1-qatar-93,wec-2024-r1-qatar,wec-2024,wec-2024-hypercar,wec-2024-hypercar-93,93,peugeot-totalenergies,peugeot,peugeot-9x8,true
wec-2024-r2-imola-7,wec-2024-r2-imola,wec-2024,wec-2024-hypercar,wec-2024-hypercar-7,7,toyota-gazoo-racing,toyota,toyota-gr010-hybrid,true
wec-2024-r2-imola-6,wec-2024-r2-imola,wec-2024,wec-2024-hypercar,wec-2024-hypercar-6,6,porsche-penske-motorsport,porsche,porsche-963,true
wec-2024-r2-imola-5,wec-2024-r2-imola,wec-2024,wec-2024-hypercar,wec-2024-hypercar-5,5,porsche-penske-motorsport,porsche,porsche-963,true
wec-2024-r2-imola-50,wec-2024-r2-imola,wec-2024,wec-2024-hypercar,wec-2024-hypercar-50,50,ferrari-af-corse,ferrari,ferrari-499p,true
wec-2024-r2-imola-8,wec-2024-r2-imola,wec-2024,wec-2024-hypercar,wec-2024-hypercar-8,8,toyota-gazoo-racing,toyota,toyota-gr010-hybrid,true
wec-2024-r2-imola-20,wec-2024-r2-imola,wec-2024,wec-2024-hypercar,wec-2024-hypercar-20,20,bmw-m-team-wrt,bmw,bmw-m-hybrid-v8,true
wec-2024-r2-imola-51,wec-2024-r2-imola,wec-2024,wec-2024-hypercar,wec-2024-hypercar-51,51,ferrari-af-corse,ferrari,ferrari-499p,true
wec-2024-r2-imola-83,wec-2024-r2-imola,wec-2024,wec-2024-hypercar,wec-2024-hypercar-83,83,af-corse,ferrari,ferrari-499p,true
wec-2024-r2-imola-93,wec-2024-r2-imola,wec-2024,wec-2024-hypercar,wec-2024-hypercar-93,93,peugeot-totalenergies,peugeot,peugeot-9x8,true
wec-2024-r2-imola-2,wec-2024-r2-imola,wec-2024,wec-2024-hypercar,wec-2024-hypercar-2,2,cadillac-racing,cadillac,cadillac-v-series-r,true
wec-2024-r2-imola-38,wec-2024-r2-imola,wec-2024,wec-2024-hypercar,wec-2024-hypercar-38,38,hertz-team-jota,porsche,porsche-963,true
wec-2024-r2-imola-63,wec-2024-r2-imola,wec-2024,wec-2024-hypercar,wec-2024-hypercar-63,63,lamborghini-iron-lynx,lamborghini,lamborghini-sc63,true
wec-2024-r2-imola-35,wec-2024-r2-imola,wec-2024,wec-2024-hypercar,wec-2024-hypercar-35,35,alpine-endurance-team,alpine,alpine-a424,true
wec-2024-r2-imola-12,wec-2024-r2-imola,wec-2024,wec-2024-hypercar,wec-2024-hypercar-12,12,hertz-team-jota,porsche,porsche-963,true
wec-2024-r2-imola-94,wec-2024-r2-imola,wec-2024,wec-2024-hypercar,wec-2024-hypercar-94,94,peugeot-totalenergies,peugeot,peugeot-9x8,true
wec-2024-r2-imola-36,wec-2024-r2-imola,wec-2024,wec-2024-hypercar,wec-2024-hypercar-36,36,alpine-endurance-team,alpine,alpine-a424,true
wec-2024-r2-imola-11,wec-2024-r2-imola,wec-2024,wec-2024-hypercar,wec-2024-hypercar-11,11,isotta-fraschini,isotta-fraschini,isotta-fraschini-tipo6-c,true
wec-2024-r2-imola-31,wec-2024-r2-imola,wec-2024,wec-2024-lmgt3,wec-2024-lmgt3-31,31,team-wrt,bmw,bmw-m4-lmgt3,true
wec-2024-r2-imola-46,wec-2024-r2-imola,wec-2024,wec-2024-lmgt3,wec-2024-lmgt3-46,46,team-wrt,bmw,bmw-m4-lmgt3,true
wec-2024-r2-imola-92,wec-2024-r2-imola,wec-2024,wec-2024-lmgt3,wec-2024-lmgt3-92,92,manthey-purerxcing,porsche,porsche-911-gt3-r-lmgt3,true
wec-2024-r2-imola-55,wec-2024-r2-imola,wec-2024,wec-2024-lmgt3,wec-2024-lmgt3-55,55,vista-af-corse,ferrari,ferrari-296-lmgt3,true
wec-2024-r2-imola-27,wec-2024-r2-imola,wec-2024,wec-2024-lmgt3,wec-2024-lmgt3-27,27,heart-of-racing-team,aston-martin,aston-martin-vantage-amr-lmgt3,true
wec-2024-r2-imola-95,wec-2024-r2-imola,wec-2024,wec-2024-lmgt3,wec-2024-lmgt3-95,95,united-autosports,mclaren,mclaren-720s-lmgt3-evo,true
wec-2024-r2-imola-81,wec-2024-r2-imola,wec-2024,wec-2024-lmgt3,wec-2024-lmgt3-81,81,tf-sport,corvette,corvette-z06-lmgt3-r,true
wec-2024-r2-imola-82,wec-2024-r2-imola,wec-2024,wec-2024-lmgt3,wec-2024-lmgt3-82,82,tf-sport,corvette,corvette-z06-lmgt3-r,true
wec-2024-r2-imola-77,wec-2024-r2-imola,wec-2024,wec-2024-lmgt3,wec-2024-lmgt3-77,77,proton-competition,ford,ford-mustang-lmgt3,true
wec-2024-r2-imola-777,wec-2024-r2-imola,wec-2024,wec-2024-lmgt3,wec-2024-lmgt3-777,777,d-station-racing,aston-martin,aston-martin-vantage-amr-lmgt3,true
wec-2024-r2-imola-59,wec-2024-r2-imola,wec-2024,wec-2024-lmgt3,wec-2024-lmgt3-59,59,united-autosports,mclaren,mclaren-720s-lmgt3-evo,true
wec-2024-r2-imola-54,wec-2024-r2-imola,wec-2024,wec-2024-lmgt3,wec-2024-lmgt3-54,54,vista-af-corse,ferrari,ferrari-296-lmgt3,true
wec-2024-r2-imola-60,wec-2024-r2-imola,wec-2024,wec-2024-lmgt3,wec-2024-lmgt3-60,60,iron-lynx,lamborghini,lamborghini-huracan-lmgt3-evo2,true
wec-2024-r2-imola-78,wec-2024-r2-imola,wec-2024,wec-2024-lmgt3,wec-2024-lmgt3-78,78,akkodis-asp-team,lexus,lexus-rc-f-lmgt3,true
wec-2024-r2-imola-87,wec-2024-r2-imola,wec-2024,wec-2024-lmgt3,wec-2024-lmgt3-87,87,akkodis-asp-team,lexus,lexus-rc-f-lmgt3,true
wec-2024-r2-imola-91,wec-2024-r2-imola,wec-2024,wec-2024-lmgt3,wec-2024-lmgt3-91,91,manthey-ema,porsche,porsche-911-gt3-r-lmgt3,true
wec-2024-r2-imola-99,wec-2024-r2-imola,wec-2024,wec-2024-hypercar,wec-2024-hypercar-99,99,proton-competition,porsche,porsche-963,true
wec-2024-r2-imola-85,wec-2024-r2-imola,wec-2024,wec-2024-lmgt3,wec-2024-lmgt3-85,85,iron-dames,lamborghini,lamborghini-huracan-lmgt3-evo2,true
wec-2024-r2-imola-88,wec-2024-r2-imola,wec-2024,wec-2024-lmgt3,wec-2024-lmgt3-88,88,proton-competition,ford,ford-mustang-lmgt3,true
wec-2024-r2-imola-15,wec-2024-r2-imola,wec-2024,wec-2024-hypercar,wec-2024-hypercar-15,15,bmw-m-team-wrt,bmw,bmw-m-hybrid-v8,true
wec-2024-r3-spa-12,wec-2024-r3-spa,wec-2024,wec-2024-hypercar,wec-2024-hypercar-12,12,hertz-team-jota,porsche,porsche-963,true
wec-2024-r3-spa-6,wec-2024-r3-spa,wec-2024,wec-2024-hypercar,wec-2024-hypercar-6,6,porsche-penske-motorsport,porsche,porsche-963,true
wec-2024-r3-spa-50,wec-2024-r3-spa,wec-2024,wec-2024-hypercar,wec-2024-hypercar-50,50,ferrari-af-corse,ferrari,ferrari-499p,true
wec-2024-r3-spa-51,wec-2024-r3-spa,wec-2024,wec-2024-hypercar,wec-2024-hypercar-51,51,ferrari-af-corse,ferrari,ferrari-499p,true
wec-2024-r3-spa-99,wec-2024-r3-spa,wec-2024,wec-2024-hypercar,wec-2024-hypercar-99,99,proton-competition,porsche,porsche-963,true
wec-2024-r3-spa-8,wec-2024-r3-spa,wec-2024,wec-2024-hypercar,wec-2024-hypercar-8,8,toyota-gazoo-racing,toyota,toyota-gr010-hybrid,true
wec-2024-r3-spa-7,wec-2024-r3-spa,wec-2024,wec-2024-hypercar,wec-2024-hypercar-7,7,toyota-gazoo-racing,toyota,toyota-gr010-hybrid,true
wec-2024-r3-spa-83,wec-2024-r3-spa,wec-2024,wec-2024-hypercar,wec-2024-hypercar-83,83,af-corse,ferrari,ferrari-499p,true
wec-2024-r3-spa-35,wec-2024-r3-spa,wec-2024,wec-2024-hypercar,wec-2024-hypercar-35,35,alpine-endurance-team,alpine,alpine-a424,true
wec-2024-r3-spa-93,wec-2024-r3-spa,wec-2024,wec-2024-hypercar,wec-2024-hypercar-93,93,peugeot-totalenergies,peugeot,peugeot-9x8,true
wec-2024-r3-spa-15,wec-2024-r3-spa,wec-2024,wec-2024-hypercar,wec-2024-hypercar-15,15,bmw-m-team-wrt,bmw,bmw-m-hybrid-v8,true
wec-2024-r3-spa-36,wec-2024-r3-spa,wec-2024,wec-2024-hypercar,wec-2024-hypercar-36,36,alpine-endurance-team,alpine,alpine-a424,true
wec-2024-r3-spa-20,wec-2024-r3-spa,wec-2024,wec-2024-hypercar,wec-2024-hypercar-20,20,bmw-m-team-wrt,bmw,bmw-m-hybrid-v8,true
wec-2024-r3-spa-94,wec-2024-r3-spa,wec-2024,wec-2024-hypercar,wec-2024-hypercar-94,94,peugeot-totalenergies,peugeot,peugeot-9x8,true
wec-2024-r3-spa-11,wec-2024-r3-spa,wec-2024,wec-2024-hypercar,wec-2024-hypercar-11,11,isotta-fraschini,isotta-fraschini,isotta-fraschini-tipo6-c,true
wec-2024-r3-spa-91,wec-2024-r3-spa,wec-2024,wec-2024-lmgt3,wec-2024-lmgt3-91,91,manthey-ema,porsche,porsche-911-gt3-r-lmgt3,true
wec-2024-r3-spa-92,wec-2024-r3-spa,wec-2024,wec-2024-lmgt3,wec-2024-lmgt3-92,92,manthey-purerxcing,porsche,porsche-911-gt3-r-lmgt3,true
wec-2024-r3-spa-60,wec-2024-r3-spa,wec-2024,wec-2024-lmgt3,wec-2024-lmgt3-60,60,iron-lynx,lamborghini,lamborghini-huracan-lmgt3-evo2,true
wec-2024-r3-spa-59,wec-2024-r3-spa,wec-2024,wec-2024-lmgt3,wec-2024-lmgt3-59,59,united-autosports,mclaren,mclaren-720s-lmgt3-evo,true
wec-2024-r3-spa-85,wec-2024-r3-spa,wec-2024,wec-2024-lmgt3,wec-2024-lmgt3-85,85,iron-dames,lamborghini,lamborghini-huracan-lmgt3-evo2,true
wec-2024-r3-spa-54,wec-2024-r3-spa,wec-2024,wec-2024-lmgt3,wec-2024-lmgt3-54,54,vista-af-corse,ferrari,ferrari-296-lmgt3,true
wec-2024-r3-spa-777,wec-2024-r3-spa,wec-2024,wec-2024-lmgt3,wec-2024-lmgt3-777,777,d-station-racing,aston-martin,aston-martin-vantage-amr-lmgt3,true
wec-2024-r3-spa-88,wec-2024-r3-spa,wec-2024,wec-2024-lmgt3,wec-2024-lmgt3-88,88,proton-competition,ford,ford-mustang-lmgt3,true
wec-2024-r3-spa-77,wec-2024-r3-spa,wec-2024,wec-2024-lmgt3,wec-2024-lmgt3-77,77,proton-competition,ford,ford-mustang-lmgt3,true
wec-2024-r3-spa-78,wec-2024-r3-spa,wec-2024,wec-2024-lmgt3,wec-2024-lmgt3-78,78,akkodis-asp-team,lexus,lexus-rc-f-lmgt3,true
wec-2024-r3-spa-27,wec-2024-r3-spa,wec-2024,wec-2024-lmgt3,wec-2024-lmgt3-27,27,heart-of-racing-team,aston-martin,aston-martin-vantage-amr-lmgt3,true
wec-2024-r3-spa-82,wec-2024-r3-spa,wec-2024,wec-2024-lmgt3,wec-2024-lmgt3-82,82,tf-sport,corvette,corvette-z06-lmgt3-r,true
wec-2024-r3-spa-55,wec-2024-r3-spa,wec-2024,wec-2024-lmgt3,wec-2024-lmgt3-55,55,vista-af-corse,ferrari,ferrari-296-lmgt3,true
wec-2024-r3-spa-87,wec-2024-r3-spa,wec-2024,wec-2024-lmgt3,wec-2024-lmgt3-87,87,akkodis-asp-team,lexus,lexus-rc-f-lmgt3,true
wec-2024-r3-spa-2,wec-2024-r3-spa,wec-2024,wec-2024-hypercar,wec-2024-hypercar-2,2,cadillac-racing,cadillac,cadillac-v-series-r,true
wec-2024-r3-spa-31,wec-2024-r3-spa,wec-2024,wec-2024-lmgt3,wec-2024-lmgt3-31,31,team-wrt,bmw,bmw-m4-lmgt3,true
wec-2024-r3-spa-5,wec-2024-r3-spa,wec-2024,wec-2024-hypercar,wec-2024-hypercar-5,5,porsche-penske-motorsport,porsche,porsche-963,true
wec-2024-r3-spa-63,wec-2024-r3-spa,wec-2024,wec-2024-hypercar,wec-2024-hypercar-63,63,lamborghini-iron-lynx,lamborghini,lamborghini-sc63,true
wec-2024-r3-spa-95,wec-2024-r3-spa,wec-2024,wec-2024-lmgt3,wec-2024-lmgt3-95,95,united-autosports,mclaren,mclaren-720s-lmgt3-evo,true
wec-2024-r3-spa-81,wec-2024-r3-spa,wec-2024,wec-2024-lmgt3,wec-2024-lmgt3-81,81,tf-sport,corvette,corvette-z06-lmgt3-r,true
wec-2024-r3-spa-38,wec-2024-r3-spa,wec-2024,wec-2024-hypercar,wec-2024-hypercar-38,38,hertz-team-jota,porsche,porsche-963,true
wec-2024-r3-spa-46,wec-2024-r3-spa,wec-2024,wec-2024-lmgt3,wec-2024-lmgt3-46,46,team-wrt,bmw,bmw-m4-lmgt3,true
wec-2024-r4-le-mans-50,wec-2024-r4-le-mans,wec-2024,wec-2024-hypercar,wec-2024-hypercar-50,50,ferrari-af-corse,ferrari,ferrari-499p,true
wec-2024-r4-le-mans-7,wec-2024-r4-le-mans,wec-2024,wec-2024-hypercar,wec-2024-hypercar-7,7,toyota-gazoo-racing,toyota,toyota-gr010-hybrid,true
wec-2024-r4-le-mans-51,wec-2024-r4-le-mans,wec-2024,wec-2024-hypercar,wec-2024-hypercar-51,51,ferrari-af-corse,ferrari,ferrari-499p,true
wec-2024-r4-le-mans-6,wec-2024-r4-le-mans,wec-2024,wec-2024-hypercar,wec-2024-hypercar-6,6,porsche-penske-motorsport,porsche,porsche-963,true
wec-2024-r4-le-mans-8,wec-2024-r4-le-mans,wec-2024,wec-2024-hypercar,wec-2024-hypercar-8,8,toyota-gazoo-racing,toyota,toyota-gr010-hybrid,true
wec-2024-r4-le-mans-5,wec-2024-r4-le-mans,wec-2024,wec-2024-hypercar,wec-2024-hypercar-5,5,porsche-penske-motorsport,porsche,porsche-963,true
wec-2024-r4-le-mans-2,wec-2024-r4-le-mans,wec-2024,wec-2024-hypercar,wec-2024-hypercar-2,2,cadillac-racing,cadillac,cadillac-v-series-r,true
wec-2024-r4-le-mans-12,wec-2024-r4-le-mans,wec-2024,wec-2024-hypercar,wec-2024-hypercar-12,12,hertz-team-jota,porsche,porsche-963,true
wec-2024-r4-le-mans-38,wec-2024-r4-le-mans,wec-2024,wec-2024-hypercar,wec-2024-hypercar-38,38,hertz-team-jota,porsche,porsche-963,true
wec-2024-r4-le-mans-63,wec-2024-r4-le-mans,wec-2024,wec-2024-hypercar,wec-2024-hypercar-63,63,lamborghini-iron-lynx,lamborghini,lamborghini-sc63,true
wec-2024-r4-le-mans-94,wec-2024-r4-le-mans,wec-2024,wec-2024-hypercar,wec-2024-hypercar-94,94,peugeot-totalenergies,peugeot,peugeot-9x8,true
wec-2024-r4-le-mans-93,wec-2024-r4-le-mans,wec-2024,wec-2024-hypercar,wec-2024-hypercar-93,93,peugeot-totalenergies,peugeot,peugeot-9x8,true
wec-2024-r4-le-mans-19,wec-2024-r4-le-mans,wec-2024,wec-2024-hypercar,wec-2024-hypercar-19,19,lamborghini-iron-lynx,lamborghini,lamborghini-sc63,true
wec-2024-r4-le-mans-11,wec-2024-r4-le-mans,wec-2024,wec-2024-hypercar,wec-2024-hypercar-11,11,isotta-fraschini,isotta-fraschini,isotta-fraschini-tipo6-c,true
wec-2024-r4-le-mans-22,wec-2024-r4-le-mans,wec-2024,wec-2024-lmp2,wec-2024-lmp2-22,22,united-autosports,oreca,oreca-07-gibson,false
wec-2024-r4-le-mans-34,wec-2024-r4-le-mans,wec-2024,wec-2024-lmp2,wec-2024-lmp2-34,34,inter-europol-competition,oreca,oreca-07-gibson,false
wec-2024-r4-le-mans-28,wec-2024-r4-le-mans,wec-2024,wec-2024-lmp2,wec-2024-lmp2-28,28,idec-sport,oreca,oreca-07-gibson,false
wec-2024-r4-le-mans-183,wec-2024-r4-le-mans,wec-2024,wec-2024-lmp2,wec-2024-lmp2-183,183,af-corse,oreca,oreca-07-gibson,false
wec-2024-r4-le-mans-10,wec-2024-r4-le-mans,wec-2024,wec-2024-lmp2,wec-2024-lmp2-10,10,vector-sport,oreca,oreca-07-gibson,false
wec-2024-r4-le-mans-14,wec-2024-r4-le-mans,wec-2024,wec-2024-lmp2,wec-2024-lmp2-14,14,ao-by-tf,oreca,oreca-07-gibson,false
wec-2024-r4-le-mans-33,wec-2024-r4-le-mans,wec-2024,wec-2024-lmp2,wec-2024-lmp2-33,33,dkr-engineering,oreca,oreca-07-gibson,false
wec-2024-r4-le-mans-25,wec-2024-r4-le-mans,wec-2024,wec-2024-lmp2,wec-2024-lmp2-25,25,algarve-pro-racing,oreca,oreca-07-gibson,false
wec-2024-r4-le-mans-65,wec-2024-r4-le-mans,wec-2024,wec-2024-lmp2,wec-2024-lmp2-65,65,panis-racing,oreca,oreca-07-gibson,false
wec-2024-r4-le-mans-47,wec-2024-r4-le-mans,wec-2024,wec-2024-lmp2,wec-2024-lmp2-47,47,cool-racing,oreca,oreca-07-gibson,false
wec-2024-r4-le-mans-24,wec-2024-r4-le-mans,wec-2024,wec-2024-lmp2,wec-2024-lmp2-24,24,nielsen-racing,oreca,oreca-07-gibson,false
wec-2024-r4-le-mans-37,wec-2024-r4-le-mans,wec-2024,wec-2024-lmp2,wec-2024-lmp2-37,37,cool-racing,oreca,oreca-07-gibson,false
wec-2024-r4-le-mans-91,wec-2024-r4-le-mans,wec-2024,wec-2024-lmgt3,wec-2024-lmgt3-91,91,manthey-ema,porsche,porsche-911-gt3-r-lmgt3,true
wec-2024-r4-le-mans-31,wec-2024-r4-le-mans,wec-2024,wec-2024-lmgt3,wec-2024-lmgt3-31,31,team-wrt,bmw,bmw-m4-lmgt3,true
wec-2024-r4-le-mans-311,wec-2024-r4-le-mans,wec-2024,wec-2024-hypercar,wec-2024-hypercar-311,311,whelen-cadillac-racing,cadillac,cadillac-v-series-r,true
wec-2024-r4-le-mans-88,wec-2024-r4-le-mans,wec-2024,wec-2024-lmgt3,wec-2024-lmgt3-88,88,proton-competition,ford,ford-mustang-lmgt3,true
wec-2024-r4-le-mans-44,wec-2024-r4-le-mans,wec-2024,wec-2024-lmgt3,wec-2024-lmgt3-44,44,proton-competition,ford,ford-mustang-lmgt3,true
wec-2024-r4-le-mans-85,wec-2024-r4-le-mans,wec-2024,wec-2024-lmgt3,wec-2024-lmgt3-85,85,iron-dames,lamborghini,lamborghini-huracan-lmgt3-evo2,true
wec-2024-r4-le-mans-55,wec-2024-r4-le-mans,wec-2024,wec-2024-lmgt3,wec-2024-lmgt3-55,55,vista-af-corse,ferrari,ferrari-296-lmgt3,true
wec-2024-r4-le-mans-78,wec-2024-r4-le-mans,wec-2024,wec-2024-lmgt3,wec-2024-lmgt3-78,78,akkodis-asp-team,lexus,lexus-rc-f-lmgt3,true
wec-2024-r4-le-mans-155,wec-2024-r4-le-mans,wec-2024,wec-2024-lmgt3,wec-2024-lmgt3-155,155,spirit-of-race,ferrari,ferrari-296-lmgt3,true
wec-2024-r4-le-mans-777,wec-2024-r4-le-mans,wec-2024,wec-2024-lmgt3,wec-2024-lmgt3-777,777,d-station-racing,aston-martin,aston-martin-vantage-amr-lmgt3,true
wec-2024-r4-le-mans-87,wec-2024-r4-le-mans,wec-2024,wec-2024-lmgt3,wec-2024-lmgt3-87,87,akkodis-asp-team,lexus,lexus-rc-f-lmgt3,true
wec-2024-r4-le-mans-82,wec-2024-r4-le-mans,wec-2024,wec-2024-lmgt3,wec-2024-lmgt3-82,82,tf-sport,corvette,corvette-z06-lmgt3-r,true
wec-2024-r4-le-mans-86,wec-2024-r4-le-mans,wec-2024,wec-2024-lmgt3,wec-2024-lmgt3-86,86,gr-racing,ferrari,ferrari-296-lmgt3,true
wec-2024-r4-le-mans-70,wec-2024-r4-le-mans,wec-2024,wec-2024-lmgt3,wec-2024-lmgt3-70,70,inception-racing,mclaren,mclaren-720s-lmgt3-evo,true
wec-2024-r4-le-mans-92,wec-2024-r4-le-mans,wec-2024,wec-2024-lmgt3,wec-2024-lmgt3-92,92,manthey-purerxcing,porsche,porsche-911-gt3-r-lmgt3,true
wec-2024-r4-le-mans-23,wec-2024-r4-le-mans,wec-2024,wec-2024-lmp2,wec-2024-lmp2-23,23,united-autosports-usa,oreca,oreca-07-gibson,false
wec-2024-r4-le-mans-81,wec-2024-r4-le-mans,wec-2024,wec-2024-lmgt3,wec-2024-lmgt3-81,81,tf-sport,corvette,corvette-z06-lmgt3-r,true
wec-2024-r4-le-mans-60,wec-2024-r4-le-mans,wec-2024,wec-2024-lmgt3,wec-2024-lmgt3-60,60,iron-lynx,lamborghini,lamborghini-huracan-lmgt3-evo2,true
wec-2024-r4-le-mans-99,wec-2024-r4-le-mans,wec-2024,wec-2024-hypercar,wec-2024-hypercar-99,99,proton-competition,porsche,porsche-963,true
wec-2024-r4-le-mans-77,wec-2024-r4-le-mans,wec-2024,wec-2024-lmgt3,wec-2024-lmgt3-77,77,proton-competition,ford,ford-mustang-lmgt3,true
wec-2024-r4-le-mans-20,wec-2024-r4-le-mans,wec-2024,wec-2024-hypercar,wec-2024-hypercar-20,20,bmw-m-team-wrt,bmw,bmw-m-hybrid-v8,true
wec-2024-r4-le-mans-83,wec-2024-r4-le-mans,wec-2024,wec-2024-hypercar,wec-2024-hypercar-83,83,af-corse,ferrari,ferrari-499p,true
wec-2024-r4-le-mans-3,wec-2024-r4-le-mans,wec-2024,wec-2024-hypercar,wec-2024-hypercar-3,3,cadillac-racing,cadillac,cadillac-v-series-r,true
wec-2024-r4-le-mans-59,wec-2024-r4-le-mans,wec-2024,wec-2024-lmgt3,wec-2024-lmgt3-59,59,united-autosports,mclaren,mclaren-720s-lmgt3-evo,true
wec-2024-r4-le-mans-95,wec-2024-r4-le-mans,wec-2024,wec-2024-lmgt3,wec-2024-lmgt3-95,95,united-autosports,mclaren,mclaren-720s-lmgt3-evo,true
wec-2024-r4-le-mans-4,wec-2024-r4-le-mans,wec-2024,wec-2024-hypercar,wec-2024-hypercar-4,4,porsche-penske-motorsport,porsche,porsche-963,true
wec-2024-r4-le-mans-27,wec-2024-r4-le-mans,wec-2024,wec-2024-lmgt3,wec-2024-lmgt3-27,27,heart-of-racing-team,aston-martin,aston-martin-vantage-amr-lmgt3,true
wec-2024-r4-le-mans-45,wec-2024-r4-le-mans,wec-2024,wec-2024-lmp2,wec-2024-lmp2-45,45,crowdstrike-racing-by-apr,oreca,oreca-07-gibson,false
wec-2024-r4-le-mans-30,wec-2024-r4-le-mans,wec-2024,wec-2024-lmp2,wec-2024-lmp2-30,30,duqueine-team,oreca,oreca-07-gibson,false
wec-2024-r4-le-mans-66,wec-2024-r4-le-mans,wec-2024,wec-2024-lmgt3,wec-2024-lmgt3-66,66,jmw-motorsport,ferrari,ferrari-296-lmgt3,true
wec-2024-r4-le-mans-46,wec-2024-r4-le-mans,wec-2024,wec-2024-lmgt3,wec-2024-lmgt3-46,46,team-wrt,bmw,bmw-m4-lmgt3,true
wec-2024-r4-le-mans-15,wec-2024-r4-le-mans,wec-2024,wec-2024-hypercar,wec-2024-hypercar-15,15,bmw-m-team-wrt,bmw,bmw-m-hybrid-v8,true
wec-2024-r4-le-mans-36,wec-2024-r4-le-mans,wec-2024,wec-2024-hypercar,wec-2024-hypercar-36,36,alpine-endurance-team,alpine,alpine-a424,true
wec-2024-r4-le-mans-9,wec-2024-r4-le-mans,wec-2024,wec-2024-lmp2,wec-2024-lmp2-9,9,proton-competition,oreca,oreca-07-gibson,false
wec-2024-r4-le-mans-35,wec-2024-r4-le-mans,wec-2024,wec-2024-hypercar,wec-2024-hypercar-35,35,alpine-endurance-team,alpine,alpine-a424,true
wec-2024-r4-le-mans-54,wec-2024-r4-le-mans,wec-2024,wec-2024-lmgt3,wec-2024-lmgt3-54,54,vista-af-corse,ferrari,ferrari-296-lmgt3,true
wec-2024-r5-sao-paulo-8,wec-2024-r5-sao-paulo,wec-2024,wec-2024-hypercar,wec-2024-hypercar-8,8,toyota-gazoo-racing,toyota,toyota-gr010-hybrid,true
wec-2024-r5-sao-paulo-6,wec-2024-r5-sao-paulo,wec-2024,wec-2024-hypercar,wec-2024-hypercar-6,6,porsche-penske-motorsport,porsche,porsche-963,true
wec-2024-r5-sao-paulo-5,wec-2024-r5-sao-paulo,wec-2024,wec-2024-hypercar,wec-2024-hypercar-5,5,porsche-penske-motorsport,porsche,porsche-963,true
wec-2024-r5-sao-paulo-7,wec-2024-r5-sao-paulo,wec-2024,wec-2024-hypercar,wec-2024-hypercar-7,7,toyota-gazoo-racing,toyota,toyota-gr010-hybrid,true
wec-2024-r5-sao-paulo-51,wec-2024-r5-sao-paulo,wec-2024,wec-2024-hypercar,wec-2024-hypercar-51,51,ferrari-af-corse,ferrari,ferrari-499p,true
wec-2024-r5-sao-paulo-50,wec-2024-r5-sao-paulo,wec-2024,wec-2024-hypercar,wec-2024-hypercar-50,50,ferrari-af-corse,ferrari,ferrari-499p,true
wec-2024-r5-sao-paulo-38,wec-2024-r5-sao-paulo,wec-2024,wec-2024-hypercar,wec-2024-hypercar-38,38,hertz-team-jota,porsche,porsche-963,true
wec-2024-r5-sao-paulo-93,wec-2024-r5-sao-paulo,wec-2024,wec-2024-hypercar,wec-2024-hypercar-93,93,peugeot-totalenergies,peugeot,peugeot-9x8,true
wec-2024-r5-sao-paulo-15,wec-2024-r5-sao-paulo,wec-2024,wec-2024-hypercar,wec-2024-hypercar-15,15,bmw-m-team-wrt,bmw,bmw-m-hybrid-v8,true
wec-2024-r5-sao-paulo-36,wec-2024-r5-sao-paulo,wec-2024,wec-2024-hypercar,wec-2024-hypercar-36,36,alpine-endurance-team,alpine,alpine-a424,true
wec-2024-r5-sao-paulo-83,wec-2024-r5-sao-paulo,wec-2024,wec-2024-hypercar,wec-2024-hypercar-83,83,af-corse,ferrari,ferrari-499p,true
wec-2024-r5-sao-paulo-35,wec-2024-r5-sao-paulo,wec-2024,wec-2024-hypercar,wec-2024-hypercar-35,35,alpine-endurance-team,alpine,alpine-a424,true
wec-2024-r5-sao-paulo-2,wec-2024-r5-sao-paulo,wec-2024,wec-2024-hypercar,wec-2024-hypercar-2,2,cadillac-racing,cadillac,cadillac-v-series-r,true
wec-2024-r5-sao-paulo-20,wec-2024-r5-sao-paulo,wec-2024,wec-2024-hypercar,wec-2024-hypercar-20,20,bmw-m-team-wrt,bmw,bmw-m-hybrid-v8,true
wec-2024-r5-sao-paulo-99,wec-2024-r5-sao-paulo,wec-2024,wec-2024-hypercar,wec-2024-hypercar-99,99,proton-competition,porsche,porsche-963,true
wec-2024-r5-sao-paulo-94,wec-2024-r5-sao-paulo,wec-2024,wec-2024-hypercar,wec-2024-hypercar-94,94,peugeot-totalenergies,peugeot,peugeot-9x8,true
wec-2024-r5-sao-paulo-63,wec-2024-r5-sao-paulo,wec-2024,wec-2024-hypercar,wec-2024-hypercar-63,63,lamborghini-iron-lynx,lamborghini,lamborghini-sc63,true
wec-2024-r5-sao-paulo-12,wec-2024-r5-sao-paulo,wec-2024,wec-2024-hypercar,wec-2024-hypercar-12,12,hertz-team-jota,porsche,porsche-963,true
wec-2024-r5-sao-paulo-92,wec-2024-r5-sao-paulo,wec-2024,wec-2024-lmgt3,wec-2024-lmgt3-92,92,manthey-purerxcing,porsche,porsche-911-gt3-r-lmgt3,true
wec-2024-r5-sao-paulo-27,wec-2024-r5-sao-paulo,wec-2024,wec-2024-lmgt3,wec-2024-lmgt3-27,27,heart-of-racing-team,aston-martin,aston-martin-vantage-amr-lmgt3,true
wec-2024-r5-sao-paulo-95,wec-2024-r5-sao-paulo,wec-2024,wec-2024-lmgt3,wec-2024-lmgt3-95,95,united-autosports,mclaren,mclaren-720s-lmgt3-evo,true
wec-2024-r5-sao-paulo-59,wec-2024-r5-sao-paulo,wec-2024,wec-2024-lmgt3,wec-2024-lmgt3-59,59,united-autosports,mclaren,mclaren-720s-lmgt3-evo,true
wec-2024-r5-sao-paulo-46,wec-2024-r5-sao-paulo,wec-2024,wec-2024-lmgt3,wec-2024-lmgt3-46,46,team-wrt,bmw,bmw-m4-lmgt3,true
wec-2024-r5-sao-paulo-55,wec-2024-r5-sao-paulo,wec-2024,wec-2024-lmgt3,wec-2024-lmgt3-55,55,vista-af-corse,ferrari,ferrari-296-lmgt3,true
wec-2024-r5-sao-paulo-77,wec-2024-r5-sao-paulo,wec-2024,wec-2024-lmgt3,wec-2024-lmgt3-77,77,proton-competition,ford,ford-mustang-lmgt3,true
wec-2024-r5-sao-paulo-81,wec-2024-r5-sao-paulo,wec-2024,wec-2024-lmgt3,wec-2024-lmgt3-81,81,tf-sport,corvette,corvette-z06-lmgt3-r,true
wec-2024-r5-sao-paulo-777,wec-2024-r5-sao-paulo,wec-2024,wec-2024-lmgt3,wec-2024-lmgt3-777,777,d-station-racing,aston-martin,aston-martin-vantage-amr-lmgt3,true
wec-2024-r5-sao-paulo-31,wec-2024-r5-sao-paulo,wec-2024,wec-2024-lmgt3,wec-2024-lmgt3-31,31,team-wrt,bmw,bmw-m4-lmgt3,true
wec-2024-r5-sao-paulo-87,wec-2024-r5-sao-paulo,wec-2024,wec-2024-lmgt3,wec-2024-lmgt3-87,87,akkodis-asp-team,lexus,lexus-rc-f-lmgt3,true
wec-2024-r5-sao-paulo-91,wec-2024-r5-sao-paulo,wec-2024,wec-2024-lmgt3,wec-2024-lmgt3-91,91,manthey-ema,porsche,porsche-911-gt3-r-lmgt3,true
wec-2024-r5-sao-paulo-88,wec-2024-r5-sao-paulo,wec-2024,wec-2024-lmgt3,wec-2024-lmgt3-88,88,proton-competition,ford,ford-mustang-lmgt3,true
wec-2024-r5-sao-paulo-60,wec-2024-r5-sao-paulo,wec-2024,wec-2024-lmgt3,wec-2024-lmgt3-60,60,iron-lynx,lamborghini,lamborghini-huracan-lmgt3-evo2,true
wec-2024-r5-sao-paulo-54,wec-2024-r5-sao-paulo,wec-2024,wec-2024-lmgt3,wec-2024-lmgt3-54,54,vista-af-corse,ferrari,ferrari-296-lmgt3,true
wec-2024-r5-sao-paulo-11,wec-2024-r5-sao-paulo,wec-2024,wec-2024-hypercar,wec-2024-hypercar-11,11,isotta-fraschini,isotta-fraschini,isotta-fraschini-tipo6-c,true
wec-2024-r5-sao-paulo-85,wec-2024-r5-sao-paulo,wec-2024,wec-2024-lmgt3,wec-2024-lmgt3-85,85,iron-dames,lamborghini,lamborghini-huracan-lmgt3-evo2,true
wec-2024-r5-sao-paulo-82,wec-2024-r5-sao-paulo,wec-2024,wec-2024-lmgt3,wec-2024-lmgt3-82,82,tf-sport,corvette,corvette-z06-lmgt3-r,true
wec-2024-r5-sao-paulo-78,wec-2024-r5-sao-paulo,wec-2024,wec-2024-lmgt3,wec-2024-lmgt3-78,78,akkodis-asp-team,lexus,lexus-rc-f-lmgt3,true
wec-2024-r6-cota-83,wec-2024-r6-cota,wec-2024,wec-2024-hypercar,wec-2024-hypercar-83,83,af-corse,ferrari,ferrari-499p,true
wec-2024-r6-cota-7,wec-2024-r6-cota,wec-2024,wec-2024-hypercar,wec-2024-hypercar-7,7,toyota-gazoo-racing,toyota,toyota-gr010-hybrid,true
wec-2024-r6-cota-50,wec-2024-r6-cota,wec-2024,wec-2024-hypercar,wec-2024-hypercar-50,50,ferrari-af-corse,ferrari,ferrari-499p,true
wec-2024-r6-cota-2,wec-2024-r6-cota,wec-2024,wec-2024-hypercar,wec-2024-hypercar-2,2,cadillac-racing,cadillac,cadillac-v-series-r,true
wec-2024-r6-cota-35,wec-2024-r6-cota,wec-2024,wec-2024-hypercar,wec-2024-hypercar-35,35,alpine-endurance-team,alpine,alpine-a424,true
wec-2024-r6-cota-6,wec-2024-r6-cota,wec-2024,wec-2024-hypercar,wec-2024-hypercar-6,6,porsche-penske-motorsport,porsche,porsche-963,true
wec-2024-r6-cota-5,wec-2024-r6-cota,wec-2024,wec-2024-hypercar,wec-2024-hypercar-5,5,porsche-penske-motorsport,porsche,porsche-963,true
wec-2024-r6-cota-15,wec-2024-r6-cota,wec-2024,wec-2024-hypercar,wec-2024-hypercar-15,15,bmw-m-team-wrt,bmw,bmw-m-hybrid-v8,true
wec-2024-r6-cota-36,wec-2024-r6-cota,wec-2024,wec-2024-hypercar,wec-2024-hypercar-36,36,alpine-endurance-team,alpine,alpine-a424,true
wec-2024-r6-cota-38,wec-2024-r6-cota,wec-2024,wec-2024-hypercar,wec-2024-hypercar-38,38,hertz-team-jota,porsche,porsche-963,true
wec-2024-r6-cota-99,wec-2024-r6-cota,wec-2024,wec-2024-hypercar,wec-2024-hypercar-99,99,proton-competition,porsche,porsche-963,true
wec-2024-r6-cota-93,wec-2024-r6-cota,wec-2024,wec-2024-hypercar,wec-2024-hypercar-93,93,peugeot-totalenergies,peugeot,peugeot-9x8,true
wec-2024-r6-cota-20,wec-2024-r6-cota,wec-2024,wec-2024-hypercar,wec-2024-hypercar-20,20,bmw-m-team-wrt,bmw,bmw-m-hybrid-v8,true
wec-2024-r6-cota-63,wec-2024-r6-cota,wec-2024,wec-2024-hypercar,wec-2024-hypercar-63,63,lamborghini-iron-lynx,lamborghini,lamborghini-sc63,true
wec-2024-r6-cota-8,wec-2024-r6-cota,wec-2024,wec-2024-hypercar,wec-2024-hypercar-8,8,toyota-gazoo-racing,toyota,toyota-gr010-hybrid,true
wec-2024-r6-cota-27,wec-2024-r6-cota,wec-2024,wec-2024-lmgt3,wec-2024-lmgt3-27,27,heart-of-racing-team,aston-martin,aston-martin-vantage-amr-lmgt3,true
wec-2024-r6-cota-92,wec-2024-r6-cota,wec-2024,wec-2024-lmgt3,wec-2024-lmgt3-92,92,manthey-purerxcing,porsche,porsche-911-gt3-r-lmgt3,true
wec-2024-r6-cota-91,wec-2024-r6-cota,wec-2024,wec-2024-lmgt3,wec-2024-lmgt3-91,91,manthey-ema,porsche,porsche-911-gt3-r-lmgt3,true
wec-2024-r6-cota-59,wec-2024-r6-cota,wec-2024,wec-2024-lmgt3,wec-2024-lmgt3-59,59,united-autosports,mclaren,mclaren-720s-lmgt3-evo,true
wec-2024-r6-cota-31,wec-2024-r6-cota,wec-2024,wec-2024-lmgt3,wec-2024-lmgt3-31,31,team-wrt,bmw,bmw-m4-lmgt3,true
wec-2024-r6-cota-77,wec-2024-r6-cota,wec-2024,wec-2024-lmgt3,wec-2024-lmgt3-77,77,proton-competition,ford,ford-mustang-lmgt3,true
wec-2024-r6-cota-95,wec-2024-r6-cota,wec-2024,wec-2024-lmgt3,wec-2024-lmgt3-95,95,united-autosports,mclaren,mclaren-720s-lmgt3-evo,true
wec-2024-r6-cota-82,wec-2024-r6-cota,wec-2024,wec-2024-lmgt3,wec-2024-lmgt3-82,82,tf-sport,corvette,corvette-z06-lmgt3-r,true
wec-2024-r6-cota-78,wec-2024-r6-cota,wec-2024,wec-2024-lmgt3,wec-2024-lmgt3-78,78,akkodis-asp-team,lexus,lexus-rc-f-lmgt3,true
wec-2024-r6-cota-55,wec-2024-r6-cota,wec-2024,wec-2024-lmgt3,wec-2024-lmgt3-55,55,vista-af-corse,ferrari,ferrari-296-lmgt3,true
wec-2024-r6-cota-87,wec-2024-r6-cota,wec-2024,wec-2024-lmgt3,wec-2024-lmgt3-87,87,akkodis-asp-team,lexus,lexus-rc-f-lmgt3,true
wec-2024-r6-cota-60,wec-2024-r6-cota,wec-2024,wec-2024-lmgt3,wec-2024-lmgt3-60,60,iron-lynx,lamborghini,lamborghini-huracan-lmgt3-evo2,true
wec-2024-r6-cota-85,wec-2024-r6-cota,wec-2024,wec-2024-lmgt3,wec-2024-lmgt3-85,85,iron-dames,lamborghini,lamborghini-huracan-lmgt3-evo2,true
wec-2024-r6-cota-46,wec-2024-r6-cota,wec-2024,wec-2024-lmgt3,wec-2024-lmgt3-46,46,team-wrt,bmw,bmw-m4-lmgt3,true
wec-2024-r6-cota-88,wec-2024-r6-cota,wec-2024,wec-2024-lmgt3,wec-2024-lmgt3-88,88,proton-competition,ford,ford-mustang-lmgt3,true
wec-2024-r6-cota-12,wec-2024-r6-cota,wec-2024,wec-2024-hypercar,wec-2024-hypercar-12,12,hertz-team-jota,porsche,porsche-963,true
wec-2024-r6-cota-81,wec-2024-r6-cota,wec-2024,wec-2024-lmgt3,wec-2024-lmgt3-81,81,tf-sport,corvette,corvette-z06-lmgt3-r,true
wec-2024-r6-cota-94,wec-2024-r6-cota,wec-2024,wec-2024-hypercar,wec-2024-hypercar-94,94,peugeot-totalenergies,peugeot,peugeot-9x8,true
wec-2024-r6-cota-777,wec-2024-r6-cota,wec-2024,wec-2024-lmgt3,wec-2024-lmgt3-777,777,d-station-racing,aston-martin,aston-martin-vantage-amr-lmgt3,true
wec-2024-r6-cota-51,wec-2024-r6-cota,wec-2024,wec-2024-hypercar,wec-2024-hypercar-51,51,ferrari-af-corse,ferrari,ferrari-499p,true
wec-2024-r6-cota-54,wec-2024-r6-cota,wec-2024,wec-2024-lmgt3,wec-2024-lmgt3-54,54,vista-af-corse,ferrari,ferrari-296-lmgt3,true
wec-2024-r7-fuji-6,wec-2024-r7-fuji,wec-2024,wec-2024-hypercar,wec-2024-hypercar-6,6,porsche-penske-motorsport,porsche,porsche-963,true
wec-2024-r7-fuji-15,wec-2024-r7-fuji,wec-2024,wec-2024-hypercar,wec-2024-hypercar-15,15,bmw-m-team-wrt,bmw,bmw-m-hybrid-v8,true
wec-2024-r7-fuji-36,wec-2024-r7-fuji,wec-2024,wec-2024-hypercar,wec-2024-hypercar-36,36,alpine-endurance-team,alpine,alpine-a424,true
wec-2024-r7-fuji-93,wec-2024-r7-fuji,wec-2024,wec-2024-hypercar,wec-2024-hypercar-93,93,peugeot-totalenergies,peugeot,peugeot-9x8,true
wec-2024-r7-fuji-12,wec-2024-r7-fuji,wec-2024,wec-2024-hypercar,wec-2024-hypercar-12,12,hertz-team-jota,porsche,porsche-963,true
wec-2024-r7-fuji-38,wec-2024-r7-fuji,wec-2024,wec-2024-hypercar,wec-2024-hypercar-38,38,hertz-team-jota,porsche,porsche-963,true
wec-2024-r7-fuji-35,wec-2024-r7-fuji,wec-2024,wec-2024-hypercar,wec-2024-hypercar-35,35,alpine-endurance-team,alpine,alpine-a424,true
wec-2024-r7-fuji-94,wec-2024-r7-fuji,wec-2024,wec-2024-hypercar,wec-2024-hypercar-94,94,peugeot-totalenergies,peugeot,peugeot-9x8,true
wec-2024-r7-fuji-50,wec-2024-r7-fuji,wec-2024,wec-2024-hypercar,wec-2024-hypercar-50,50,ferrari-af-corse,ferrari,ferrari-499p,true
wec-2024-r7-fuji-8,wec-2024-r7-fuji,wec-2024,wec-2024-hypercar,wec-2024-hypercar-8,8,toyota-gazoo-racing,toyota,toyota-gr010-hybrid,true
wec-2024-r7-fuji-99,wec-2024-r7-fuji,wec-2024,wec-2024-hypercar,wec-2024-hypercar-99,99,proton-competition,porsche,porsche-963,true
wec-2024-r7-fuji-83,wec-2024-r7-fuji,wec-2024,wec-2024-hypercar,wec-2024-hypercar-83,83,af-corse,ferrari,ferrari-499p,true
wec-2024-r7-fuji-54,wec-2024-r7-fuji,wec-2024,wec-2024-lmgt3,wec-2024-lmgt3-54,54,vista-af-corse,ferrari,ferrari-296-lmgt3,true
wec-2024-r7-fuji-92,wec-2024-r7-fuji,wec-2024,wec-2024-lmgt3,wec-2024-lmgt3-92,92,manthey-purerxcing,porsche,porsche-911-gt3-r-lmgt3,true
wec-2024-r7-fuji-46,wec-2024-r7-fuji,wec-2024,wec-2024-lmgt3,wec-2024-lmgt3-46,46,team-wrt,bmw,bmw-m4-lmgt3,true
wec-2024-r7-fuji-81,wec-2024-r7-fuji,wec-2024,wec-2024-lmgt3,wec-2024-lmgt3-81,81,tf-sport,corvette,corvette-z06-lmgt3-r,true
wec-2024-r7-fuji-85,wec-2024-r7-fuji,wec-2024,wec-2024-lmgt3,wec-2024-lmgt3-85,85,iron-dames,lamborghini,lamborghini-huracan-lmgt3-evo2,true
wec-2024-r7-fuji-55,wec-2024-r7-fuji,wec-2024,wec-2024-lmgt3,wec-2024-lmgt3-55,55,vista-af-corse,ferrari,ferrari-296-lmgt3,true
wec-2024-r7-fuji-777,wec-2024-r7-fuji,wec-2024,wec-2024-lmgt3,wec-2024-lmgt3-777,777,d-station-racing,aston-martin,aston-martin-vantage-amr-lmgt3,true
wec-2024-r7-fuji-59,wec-2024-r7-fuji,wec-2024,wec-2024-lmgt3,wec-2024-lmgt3-59,59,united-autosports,mclaren,mclaren-720s-lmgt3-evo,true
wec-2024-r7-fuji-27,wec-2024-r7-fuji,wec-2024,wec-2024-lmgt3,wec-2024-lmgt3-27,27,heart-of-racing-team,aston-martin,aston-martin-vantage-amr-lmgt3,true
wec-2024-r7-fuji-31,wec-2024-r7-fuji,wec-2024,wec-2024-lmgt3,wec-2024-lmgt3-31,31,team-wrt,bmw,bmw-m4-lmgt3,true
wec-2024-r7-fuji-78,wec-2024-r7-fuji,wec-2024,wec-2024-lmgt3,wec-2024-lmgt3-78,78,akkodis-asp-team,lexus,lexus-rc-f-lmgt3,true
wec-2024-r7-fuji-87,wec-2024-r7-fuji,wec-2024,wec-2024-lmgt3,wec-2024-lmgt3-87,87,akkodis-asp-team,lexus,lexus-rc-f-lmgt3,true
wec-2024-r7-fuji-60,wec-2024-r7-fuji,wec-2024,wec-2024-lmgt3,wec-2024-lmgt3-60,60,iron-lynx,lamborghini,lamborghini-huracan-lmgt3-evo2,true
wec-2024-r7-fuji-91,wec-2024-r7-fuji,wec-2024,wec-2024-lmgt3,wec-2024-lmgt3-91,91,manthey-ema,porsche,porsche-911-gt3-r-lmgt3,true
wec-2024-r7-fuji-77,wec-2024-r7-fuji,wec-2024,wec-2024-lmgt3,wec-2024-lmgt3-77,77,proton-competition,ford,ford-mustang-lmgt3,true
wec-2024-r7-fuji-88,wec-2024-r7-fuji,wec-2024,wec-2024-lmgt3,wec-2024-lmgt3-88,88,proton-competition,ford,ford-mustang-lmgt3,true
wec-2024-r7-fuji-95,wec-2024-r7-fuji,wec-2024,wec-2024-lmgt3,wec-2024-lmgt3-95,95,united-autosports,mclaren,mclaren-720s-lmgt3-evo,true
wec-2024-r7-fuji-7,wec-2024-r7-fuji,wec-2024,wec-2024-hypercar,wec-2024-hypercar-7,7,toyota-gazoo-racing,toyota,toyota-gr010-hybrid,true
wec-2024-r7-fuji-20,wec-2024-r7-fuji,wec-2024,wec-2024-hypercar,wec-2024-hypercar-20,20,bmw-m-team-wrt,bmw,bmw-m-hybrid-v8,true
wec-2024-r7-fuji-2,wec-2024-r7-fuji,wec-2024,wec-2024-hypercar,wec-2024-hypercar-2,2,cadillac-racing,cadillac,cadillac-v-series-r,true
wec-2024-r7-fuji-51,wec-2024-r7-fuji,wec-2024,wec-2024-hypercar,wec-2024-hypercar-51,51,ferrari-af-corse,ferrari,ferrari-499p,true
wec-2024-r7-fuji-82,wec-2024-r7-fuji,wec-2024,wec-2024-lmgt3,wec-2024-lmgt3-82,82,tf-sport,corvette,corvette-z06-lmgt3-r,true
wec-2024-r7-fuji-5,wec-2024-r7-fuji,wec-2024,wec-2024-hypercar,wec-2024-hypercar-5,5,porsche-penske-motorsport,porsche,porsche-963,true
wec-2024-r7-fuji-63,wec-2024-r7-fuji,wec-2024,wec-2024-hypercar,wec-2024-hypercar-63,63,lamborghini-iron-lynx,lamborghini,lamborghini-sc63,true
wec-2024-r8-bahrain-8,wec-2024-r8-bahrain,wec-2024,wec-2024-hypercar,wec-2024-hypercar-8,8,toyota-gazoo-racing,toyota,toyota-gr010-hybrid,true
wec-2024-r8-bahrain-5,wec-2024-r8-bahrain,wec-2024,wec-2024-hypercar,wec-2024-hypercar-5,5,porsche-penske-motorsport,porsche,porsche-963,true
wec-2024-r8-bahrain-93,wec-2024-r8-bahrain,wec-2024,wec-2024-hypercar,wec-2024-hypercar-93,93,peugeot-totalenergies,peugeot,peugeot-9x8,true
wec-2024-r8-bahrain-35,wec-2024-r8-bahrain,wec-2024,wec-2024-hypercar,wec-2024-hypercar-35,35,alpine-endurance-team,alpine,alpine-a424,true
wec-2024-r8-bahrain-15,wec-2024-r8-bahrain,wec-2024,wec-2024-hypercar,wec-2024-hypercar-15,15,bmw-m-team-wrt,bmw,bmw-m-hybrid-v8,true
wec-2024-r8-bahrain-2,wec-2024-r8-bahrain,wec-2024,wec-2024-hypercar,wec-2024-hypercar-2,2,cadillac-racing,cadillac,cadillac-v-series-r,true
wec-2024-r8-bahrain-38,wec-2024-r8-bahrain,wec-2024,wec-2024-hypercar,wec-2024-hypercar-38,38,hertz-team-jota,porsche,porsche-963,true
wec-2024-r8-bahrain-83,wec-2024-r8-bahrain,wec-2024,wec-2024-hypercar,wec-2024-hypercar-83,83,af-corse,ferrari,ferrari-499p,true
wec-2024-r8-bahrain-36,wec-2024-r8-bahrain,wec-2024,wec-2024-hypercar,wec-2024-hypercar-36,36,alpine-endurance-team,alpine,alpine-a424,true
wec-2024-r8-bahrain-6,wec-2024-r8-bahrain,wec-2024,wec-2024-hypercar,wec-2024-hypercar-6,6,porsche-penske-motorsport,porsche,porsche-963,true
wec-2024-r8-bahrain-50,wec-2024-r8-bahrain,wec-2024,wec-2024-hypercar,wec-2024-hypercar-50,50,ferrari-af-corse,ferrari,ferrari-499p,true
wec-2024-r8-bahrain-99,wec-2024-r8-bahrain,wec-2024,wec-2024-hypercar,wec-2024-hypercar-99,99,proton-competition,porsche,porsche-963,true
wec-2024-r8-bahrain-12,wec-2024-r8-bahrain,wec-2024,wec-2024-hypercar,wec-2024-hypercar-12,12,hertz-team-jota,porsche,porsche-963,true
wec-2024-r8-bahrain-51,wec-2024-r8-bahrain,wec-2024,wec-2024-hypercar,wec-2024-hypercar-51,51,ferrari-af-corse,ferrari,ferrari-499p,true
wec-2024-r8-bahrain-55,wec-2024-r8-bahrain,wec-2024,wec-2024-lmgt3,wec-2024-lmgt3-55,55,vista-af-corse,ferrari,ferrari-296-lmgt3,true
wec-2024-r8-bahrain-81,wec-2024-r8-bahrain,wec-2024,wec-2024-lmgt3,wec-2024-lmgt3-81,81,tf-sport,corvette,corvette-z06-lmgt3-r,true
wec-2024-r8-bahrain-82,wec-2024-r8-bahrain,wec-2024,wec-2024-lmgt3,wec-2024-lmgt3-82,82,tf-sport,corvette,corvette-z06-lmgt3-r,true
wec-2024-r8-bahrain-60,wec-2024-r8-bahrain,wec-2024,wec-2024-lmgt3,wec-2024-lmgt3-60,60,iron-lynx,lamborghini,lamborghini-huracan-lmgt3-evo2,true
wec-2024-r8-bahrain-91,wec-2024-r8-bahrain,wec-2024,wec-2024-lmgt3,wec-2024-lmgt3-91,91,manthey-ema,porsche,porsche-911-gt3-r-lmgt3,true
wec-2024-r8-bahrain-59,wec-2024-r8-bahrain,wec-2024,wec-2024-lmgt3,wec-2024-lmgt3-59,59,united-autosports,mclaren,mclaren-720s-lmgt3-evo,true
wec-2024-r8-bahrain-54,wec-2024-r8-bahrain,wec-2024,wec-2024-lmgt3,wec-2024-lmgt3-54,54,vista-af-corse,ferrari,ferrari-296-lmgt3,true
wec-2024-r8-bahrain-95,wec-2024-r8-bahrain,wec-2024,wec-2024-lmgt3,wec-2024-lmgt3-95,95,united-autosports,mclaren,mclaren-720s-lmgt3-evo,true
wec-2024-r8-bahrain-92,wec-2024-r8-bahrain,wec-2024,wec-2024-lmgt3,wec-2024-lmgt3-92,92,manthey-purerxcing,porsche,porsche-911-gt3-r-lmgt3,true
wec-2024-r8-bahrain-85,wec-2024-r8-bahrain,wec-2024,wec-2024-lmgt3,wec-2024-lmgt3-85,85,iron-dames,lamborghini,lamborghini-huracan-lmgt3-evo2,true
wec-2024-r8-bahrain-27,wec-2024-r8-bahrain,wec-2024,wec-2024-lmgt3,wec-2024-lmgt3-27,27,heart-of-racing-team,aston-martin,aston-martin-vantage-amr-lmgt3,true
wec-2024-r8-bahrain-777,wec-2024-r8-bahrain,wec-2024,wec-2024-lmgt3,wec-2024-lmgt3-777,777,d-station-racing,aston-martin,aston-martin-vantage-amr-lmgt3,true
wec-2024-r8-bahrain-31,wec-2024-r8-bahrain,wec-2024,wec-2024-lmgt3,wec-2024-lmgt3-31,31,team-wrt,bmw,bmw-m4-lmgt3,true
wec-2024-r8-bahrain-46,wec-2024-r8-bahrain,wec-2024,wec-2024-lmgt3,wec-2024-lmgt3-46,46,team-wrt,bmw,bmw-m4-lmgt3,true
wec-2024-r8-bahrain-63,wec-2024-r8-bahrain,wec-2024,wec-2024-hypercar,wec-2024-hypercar-63,63,lamborghini-iron-lynx,lamborghini,lamborghini-sc63,true
wec-2024-r8-bahrain-94,wec-2024-r8-bahrain,wec-2024,wec-2024-hypercar,wec-2024-hypercar-94,94,peugeot-totalenergies,peugeot,peugeot-9x8,true
wec-2024-r8-bahrain-77,wec-2024-r8-bahrain,wec-2024,wec-2024-lmgt3,wec-2024-lmgt3-77,77,proton-competition,ford,ford-mustang-lmgt3,true
wec-2024-r8-bahrain-87,wec-2024-r8-bahrain,wec-2024,wec-2024-lmgt3,wec-2024-lmgt3-87,87,akkodis-asp-team,lexus,lexus-rc-f-lmgt3,true
wec-2024-r8-bahrain-7,wec-2024-r8-bahrain,wec-2024,wec-2024-hypercar,wec-2024-hypercar-7,7,toyota-gazoo-racing,toyota,toyota-gr010-hybrid,true
wec-2024-r8-bahrain-88,wec-2024-r8-bahrain,wec-2024,wec-2024-lmgt3,wec-2024-lmgt3-88,88,proton-competition,ford,ford-mustang-lmgt3,true
wec-2024-r8-bahrain-20,wec-2024-r8-bahrain,wec-2024,wec-2024-hypercar,wec-2024-hypercar-20,20,bmw-m-team-wrt,bmw,bmw-m-hybrid-v8,true
wec-2024-r8-bahrain-78,wec-2024-r8-bahrain,wec-2024,wec-2024-lmgt3,wec-2024-lmgt3-78,78,akkodis-asp-team,lexus,lexus-rc-f-lmgt3,true
wec-2025-r1-qatar-50,wec-2025-r1-qatar,wec-2025,wec-2025-hypercar,wec-2025-hypercar-50,50,ferrari-af-corse,ferrari,ferrari-499p,true
wec-2025-r1-qatar-83,wec-2025-r1-qatar,wec-2025,wec-2025-hypercar,wec-2025-hypercar-83,83,af-corse,ferrari,ferrari-499p,true
wec-2025-r1-qatar-51,wec-2025-r1-qatar,wec-2025,wec-2025-hypercar,wec-2025-hypercar-51,51,ferrari-af-corse,ferrari,ferrari-499p,true
wec-2025-r1-qatar-15,wec-2025-r1-qatar,wec-2025,wec-2025-hypercar,wec-2025-hypercar-15,15,bmw-m-team-wrt,bmw,bmw-m-hybrid-v8,true
wec-2025-r1-qatar-8,wec-2025-r1-qatar,wec-2025,wec-2025-hypercar,wec-2025-hypercar-8,8,toyota-gazoo-racing,toyota,toyota-gr010-hybrid,true
wec-2025-r1-qatar-7,wec-2025-r1-qatar,wec-2025,wec-2025-hypercar,wec-2025-hypercar-7,7,toyota-gazoo-racing,toyota,toyota-gr010-hybrid,true
wec-2025-r1-qatar-20,wec-2025-r1-qatar,wec-2025,wec-2025-hypercar,wec-2025-hypercar-20,20,bmw-m-team-wrt,bmw,bmw-m-hybrid-v8,true
wec-2025-r1-qatar-12,wec-2025-r1-qatar,wec-2025,wec-2025-hypercar,wec-2025-hypercar-12,12,cadillac-hertz-team-jota,cadillac,cadillac-v-series-r,true
wec-2025-r1-qatar-93,wec-2025-r1-qatar,wec-2025,wec-2025-hypercar,wec-2025-hypercar-93,93,peugeot-totalenergies,peugeot,peugeot-9x8,true
wec-2025-r1-qatar-5,wec-2025-r1-qatar,wec-2025,wec-2025-hypercar,wec-2025-hypercar-5,5,porsche-penske-motorsport,porsche,porsche-963,true
wec-2025-r1-qatar-6,wec-2025-r1-qatar,wec-2025,wec-2025-hypercar,wec-2025-hypercar-6,6,porsche-penske-motorsport,porsche,porsche-963,true
wec-2025-r1-qatar-94,wec-2025-r1-qatar,wec-2025,wec-2025-hypercar,wec-2025-hypercar-94,94,peugeot-totalenergies,peugeot,peugeot-9x8,true
wec-2025-r1-qatar-36,wec-2025-r1-qatar,wec-2025,wec-2025-hypercar,wec-2025-hypercar-36,36,alpine-endurance-team,alpine,alpine-a424,true
wec-2025-r1-qatar-35,wec-2025-r1-qatar,wec-2025,wec-2025-hypercar,wec-2025-hypercar-35,35,alpine-endurance-team,alpine,alpine-a424,true
wec-2025-r1-qatar-99,wec-2025-r1-qatar,wec-2025,wec-2025-hypercar,wec-2025-hypercar-99,99,proton-competition,porsche,porsche-963,true
wec-2025-r1-qatar-38,wec-2025-r1-qatar,wec-2025,wec-2025-hypercar,wec-2025-hypercar-38,38,cadillac-hertz-team-jota,cadillac,cadillac-v-series-r,true
wec-2025-r1-qatar-009,wec-2025-r1-qatar,wec-2025,wec-2025-hypercar,wec-2025-hypercar-009,009,aston-martin-thor-team,aston-martin,aston-martin-valkyrie,true
wec-2025-r1-qatar-33,wec-2025-r1-qatar,wec-2025,wec-2025-lmgt3,wec-2025-lmgt3-33,33,tf-sport,corvette,corvette-z06-lmgt3-r,true
wec-2025-r1-qatar-59,wec-2025-r1-qatar,wec-2025,wec-2025-lmgt3,wec-2025-lmgt3-59,59,united-autosports,mclaren,mclaren-720s-lmgt3-evo,true
wec-2025-r1-qatar-31,wec-2025-r1-qatar,wec-2025,wec-2025-lmgt3,wec-2025-lmgt3-31,31,the-bend-team-wrt,bmw,bmw-m4-lmgt3,true
wec-2025-r1-qatar-78,wec-2025-r1-qatar,wec-2025,wec-2025-lmgt3,wec-2025-lmgt3-78,78,akkodis-asp-team,lexus,lexus-rc-f-lmgt3,true
wec-2025-r1-qatar-21,wec-2025-r1-qatar,wec-2025,wec-2025-lmgt3,wec-2025-lmgt3-21,21,vista-af-corse,ferrari,ferrari-296-lmgt3,true
wec-2025-r1-qatar-27,wec-2025-r1-qatar,wec-2025,wec-2025-lmgt3,wec-2025-lmgt3-27,27,heart-of-racing-team,aston-martin,aston-martin-vantage-amr-lmgt3,true
wec-2025-r1-qatar-95,wec-2025-r1-qatar,wec-2025,wec-2025-lmgt3,wec-2025-lmgt3-95,95,united-autosports,mclaren,mclaren-720s-lmgt3-evo,true
wec-2025-r1-qatar-54,wec-2025-r1-qatar,wec-2025,wec-2025-lmgt3,wec-2025-lmgt3-54,54,vista-af-corse,ferrari,ferrari-296-lmgt3,true
wec-2025-r1-qatar-10,wec-2025-r1-qatar,wec-2025,wec-2025-lmgt3,wec-2025-lmgt3-10,10,racing-spirit-of-leman,aston-martin,aston-martin-vantage-amr-lmgt3,true
wec-2025-r1-qatar-88,wec-2025-r1-qatar,wec-2025,wec-2025-lmgt3,wec-2025-lmgt3-88,88,proton-competition,ford,ford-mustang-lmgt3,true
wec-2025-r1-qatar-46,wec-2025-r1-qatar,wec-2025,wec-2025-lmgt3,wec-2025-lmgt3-46,46,team-wrt,bmw,bmw-m4-lmgt3,true
wec-2025-r1-qatar-92,wec-2025-r1-qatar,wec-2025,wec-2025-lmgt3,wec-2025-lmgt3-92,92,manthey-1st-phorm,porsche,porsche-911-gt3-r-lmgt3,true
wec-2025-r1-qatar-85,wec-2025-r1-qatar,wec-2025,wec-2025-lmgt3,wec-2025-lmgt3-85,85,iron-dames,porsche,porsche-911-gt3-r-lmgt3,true
wec-2025-r1-qatar-60,wec-2025-r1-qatar,wec-2025,wec-2025-lmgt3,wec-2025-lmgt3-60,60,iron-lynx,mercedes-amg,mercedes-amg-lmgt3,true
wec-2025-r1-qatar-007,wec-2025-r1-qatar,wec-2025,wec-2025-hypercar,wec-2025-hypercar-007,007,aston-martin-thor-team,aston-martin,aston-martin-valkyrie,true
wec-2025-r1-qatar-77,wec-2025-r1-qatar,wec-2025,wec-2025-lmgt3,wec-2025-lmgt3-77,77,proton-competition,ford,ford-mustang-lmgt3,true
wec-2025-r1-qatar-61,wec-2025-r1-qatar,wec-2025,wec-2025-lmgt3,wec-2025-lmgt3-61,61,iron-lynx,mercedes-amg,mercedes-amg-lmgt3,true
wec-2025-r1-qatar-81,wec-2025-r1-qatar,wec-2025,wec-2025-lmgt3,wec-2025-lmgt3-81,81,tf-sport,corvette,corvette-z06-lmgt3-r,true
wec-2025-r1-qatar-87,wec-2025-r1-qatar,wec-2025,wec-2025-lmgt3,wec-2025-lmgt3-87,87,akkodis-asp-team,lexus,lexus-rc-f-lmgt3,true
wec-2025-r2-imola-51,wec-2025-r2-imola,wec-2025,wec-2025-hypercar,wec-2025-hypercar-51,51,ferrari-af-corse,ferrari,ferrari-499p,true
wec-2025-r2-imola-20,wec-2025-r2-imola,wec-2025,wec-2025-hypercar,wec-2025-hypercar-20,20,bmw-m-team-wrt,bmw,bmw-m-hybrid-v8,true
wec-2025-r2-imola-36,wec-2025-r2-imola,wec-2025,wec-2025-hypercar,wec-2025-hypercar-36,36,alpine-endurance-team,alpine,alpine-a424,true
wec-2025-r2-imola-83,wec-2025-r2-imola,wec-2025,wec-2025-hypercar,wec-2025-hypercar-83,83,af-corse,ferrari,ferrari-499p,true
wec-2025-r2-imola-8,wec-2025-r2-imola,wec-2025,wec-2025-hypercar,wec-2025-hypercar-8,8,toyota-gazoo-racing,toyota,toyota-gr010-hybrid,true
wec-2025-r2-imola-15,wec-2025-r2-imola,wec-2025,wec-2025-hypercar,wec-2025-hypercar-15,15,bmw-m-team-wrt,bmw,bmw-m-hybrid-v8,true
wec-2025-r2-imola-7,wec-2025-r2-imola,wec-2025,wec-2025-hypercar,wec-2025-hypercar-7,7,toyota-gazoo-racing,toyota,toyota-gr010-hybrid,true
wec-2025-r2-imola-6,wec-2025-r2-imola,wec-2025,wec-2025-hypercar,wec-2025-hypercar-6,6,porsche-penske-motorsport,porsche,porsche-963,true
wec-2025-r2-imola-93,wec-2025-r2-imola,wec-2025,wec-2025-hypercar,wec-2025-hypercar-93,93,peugeot-totalenergies,peugeot,peugeot-9x8,true
wec-2025-r2-imola-12,wec-2025-r2-imola,wec-2025,wec-2025-hypercar,wec-2025-hypercar-12,12,cadillac-hertz-team-jota,cadillac,cadillac-v-series-r,true
wec-2025-r2-imola-5,wec-2025-r2-imola,wec-2025,wec-2025-hypercar,wec-2025-hypercar-5,5,porsche-penske-motorsport,porsche,porsche-963,true
wec-2025-r2-imola-94,wec-2025-r2-imola,wec-2025,wec-2025-hypercar,wec-2025-hypercar-94,94,peugeot-totalenergies,peugeot,peugeot-9x8,true
wec-2025-r2-imola-35,wec-2025-r2-imola,wec-2025,wec-2025-hypercar,wec-2025-hypercar-35,35,alpine-endurance-team,alpine,alpine-a424,true
wec-2025-r2-imola-99,wec-2025-r2-imola,wec-2025,wec-2025-hypercar,wec-2025-hypercar-99,99,proton-competition,porsche,porsche-963,true
wec-2025-r2-imola-50,wec-2025-r2-imola,wec-2025,wec-2025-hypercar,wec-2025-hypercar-50,50,ferrari-af-corse,ferrari,ferrari-499p,true
wec-2025-r2-imola-38,wec-2025-r2-imola,wec-2025,wec-2025-hypercar,wec-2025-hypercar-38,38,cadillac-hertz-team-jota,cadillac,cadillac-v-series-r,true
wec-2025-r2-imola-009,wec-2025-r2-imola,wec-2025,wec-2025-hypercar,wec-2025-hypercar-009,009,aston-martin-thor-team,aston-martin,aston-martin-valkyrie,true
wec-2025-r2-imola-007,wec-2025-r2-imola,wec-2025,wec-2025-hypercar,wec-2025-hypercar-007,007,aston-martin-thor-team,aston-martin,aston-martin-valkyrie,true
wec-2025-r2-imola-92,wec-2025-r2-imola,wec-2025,wec-2025-lmgt3,wec-2025-lmgt3-92,92,manthey-1st-phorm,porsche,porsche-911-gt3-r-lmgt3,true
wec-2025-r2-imola-46,wec-2025-r2-imola,wec-2025,wec-2025-lmgt3,wec-2025-lmgt3-46,46,team-wrt,bmw,bmw-m4-lmgt3,true
wec-2025-r2-imola-78,wec-2025-r2-imola,wec-2025,wec-2025-lmgt3,wec-2025-lmgt3-78,78,akkodis-asp-team,lexus,lexus-rc-f-lmgt3,true
wec-2025-r2-imola-87,wec-2025-r2-imola,wec-2025,wec-2025-lmgt3,wec-2025-lmgt3-87,87,akkodis-asp-team,lexus,lexus-rc-f-lmgt3,true
wec-2025-r2-imola-54,wec-2025-r2-imola,wec-2025,wec-2025-lmgt3,wec-2025-lmgt3-54,54,vista-af-corse,ferrari,ferrari-296-lmgt3,true
wec-2025-r2-imola-81,wec-2025-r2-imola,wec-2025,wec-2025-lmgt3,wec-2025-lmgt3-81,81,tf-sport,corvette,corvette-z06-lmgt3-r,true
wec-2025-r2-imola-33,wec-2025-r2-imola,wec-2025,wec-2025-lmgt3,wec-2025-lmgt3-33,33,tf-sport,corvette,corvette-z06-lmgt3-r,true
wec-2025-r2-imola-85,wec-2025-r2-imola,wec-2025,wec-2025-lmgt3,wec-2025-lmgt3-85,85,iron-dames,porsche,porsche-911-gt3-r-lmgt3,true
wec-2025-r2-imola-95,wec-2025-r2-imola,wec-2025,wec-2025-lmgt3,wec-2025-lmgt3-95,95,united-autosports,mclaren,mclaren-720s-lmgt3-evo,true
wec-2025-r2-imola-77,wec-2025-r2-imola,wec-2025,wec-2025-lmgt3,wec-2025-lmgt3-77,77,proton-competition,ford,ford-mustang-lmgt3,true
wec-2025-r2-imola-10,wec-2025-r2-imola,wec-2025,wec-2025-lmgt3,wec-2025-lmgt3-10,10,racing-spirit-of-leman,aston-martin,aston-martin-vantage-amr-lmgt3,true
wec-2025-r2-imola-31,wec-2025-r2-imola,wec-2025,wec-2025-lmgt3,wec-2025-lmgt3-31,31,the-bend-team-wrt,bmw,bmw-m4-lmgt3,true
wec-2025-r2-imola-61,wec-2025-r2-imola,wec-2025,wec-2025-lmgt3,wec-2025-lmgt3-61,61,iron-lynx,mercedes-amg,mercedes-amg-lmgt3,true
wec-2025-r2-imola-59,wec-2025-r2-imola,wec-2025,wec-2025-lmgt3,wec-2025-lmgt3-59,59,united-autosports,mclaren,mclaren-720s-lmgt3-evo,true
wec-2025-r2-imola-60,wec-2025-r2-imola,wec-2025,wec-2025-lmgt3,wec-2025-lmgt3-60,60,iron-lynx,mercedes-amg,mercedes-amg-lmgt3,true
wec-2025-r2-imola-88,wec-2025-r2-imola,wec-2025,wec-2025-lmgt3,wec-2025-lmgt3-88,88,proton-competition,ford,ford-mustang-lmgt3,true
wec-2025-r2-imola-21,wec-2025-r2-imola,wec-2025,wec-2025-lmgt3,wec-2025-lmgt3-21,21,vista-af-corse,ferrari,ferrari-296-lmgt3,true
wec-2025-r2-imola-27,wec-2025-r2-imola,wec-2025,wec-2025-lmgt3,wec-2025-lmgt3-27,27,heart-of-racing-team,aston-martin,aston-martin-vantage-amr-lmgt3,true
wec-2025-r3-spa-51,wec-2025-r3-spa,wec-2025,wec-2025-hypercar,wec-2025-hypercar-51,51,ferrari-af-corse,ferrari,ferrari-499p,true
wec-2025-r3-spa-50,wec-2025-r3-spa,wec-2025,wec-2025-hypercar,wec-2025-hypercar-50,50,ferrari-af-corse,ferrari,ferrari-499p,true
wec-2025-r3-spa-36,wec-2025-r3-spa,wec-2025,wec-2025-hypercar,wec-2025-hypercar-36,36,alpine-endurance-team,alpine,alpine-a424,true
wec-2025-r3-spa-8,wec-2025-r3-spa,wec-2025,wec-2025-hypercar,wec-2025-hypercar-8,8,toyota-gazoo-racing,toyota,toyota-gr010-hybrid,true
wec-2025-r3-spa-12,wec-2025-r3-spa,wec-2025,wec-2025-hypercar,wec-2025-hypercar-12,12,cadillac-hertz-team-jota,cadillac,cadillac-v-series-r,true
wec-2025-r3-spa-38,wec-2025-r3-spa,wec-2025,wec-2025-hypercar,wec-2025-hypercar-38,38,cadillac-hertz-team-jota,cadillac,cadillac-v-series-r,true
wec-2025-r3-spa-7,wec-2025-r3-spa,wec-2025,wec-2025-hypercar,wec-2025-hypercar-7,7,toyota-gazoo-racing,toyota,toyota-gr010-hybrid,true
wec-2025-r3-spa-35,wec-2025-r3-spa,wec-2025,wec-2025-hypercar,wec-2025-hypercar-35,35,alpine-endurance-team,alpine,alpine-a424,true
wec-2025-r3-spa-6,wec-2025-r3-spa,wec-2025,wec-2025-hypercar,wec-2025-hypercar-6,6,porsche-penske-motorsport,porsche,porsche-963,true
wec-2025-r3-spa-15,wec-2025-r3-spa,wec-2025,wec-2025-hypercar,wec-2025-hypercar-15,15,bmw-m-team-wrt,bmw,bmw-m-hybrid-v8,true
wec-2025-r3-spa-93,wec-2025-r3-spa,wec-2025,wec-2025-hypercar,wec-2025-hypercar-93,93,peugeot-totalenergies,peugeot,peugeot-9x8,true
wec-2025-r3-spa-5,wec-2025-r3-spa,wec-2025,wec-2025-hypercar,wec-2025-hypercar-5,5,porsche-penske-motorsport,porsche,porsche-963,true
wec-2025-r3-spa-007,wec-2025-r3-spa,wec-2025,wec-2025-hypercar,wec-2025-hypercar-007,007,aston-martin-thor-team,aston-martin,aston-martin-valkyrie,true
wec-2025-r3-spa-009,wec-2025-r3-spa,wec-2025,wec-2025-hypercar,wec-2025-hypercar-009,009,aston-martin-thor-team,aston-martin,aston-martin-valkyrie,true
wec-2025-r3-spa-21,wec-2025-r3-spa,wec-2025,wec-2025-lmgt3,wec-2025-lmgt3-21,21,vista-af-corse,ferrari,ferrari-296-lmgt3,true
wec-2025-r3-spa-88,wec-2025-r3-spa,wec-2025,wec-2025-lmgt3,wec-2025-lmgt3-88,88,proton-competition,ford,ford-mustang-lmgt3,true
wec-2025-r3-spa-54,wec-2025-r3-spa,wec-2025,wec-2025-lmgt3,wec-2025-lmgt3-54,54,vista-af-corse,ferrari,ferrari-296-lmgt3,true
wec-2025-r3-spa-77,wec-2025-r3-spa,wec-2025,wec-2025-lmgt3,wec-2025-lmgt3-77,77,proton-competition,ford,ford-mustang-lmgt3,true
wec-2025-r3-spa-27,wec-2025-r3-spa,wec-2025,wec-2025-lmgt3,wec-2025-lmgt3-27,27,heart-of-racing-team,aston-martin,aston-martin-vantage-amr-lmgt3,true
wec-2025-r3-spa-10,wec-2025-r3-spa,wec-2025,wec-2025-lmgt3,wec-2025-lmgt3-10,10,racing-spirit-of-leman,aston-martin,aston-martin-vantage-amr-lmgt3,true
wec-2025-r3-spa-92,wec-2025-r3-spa,wec-2025,wec-2025-lmgt3,wec-2025-lmgt3-92,92,manthey-1st-phorm,porsche,porsche-911-gt3-r-lmgt3,true
wec-2025-r3-spa-78,wec-2025-r3-spa,wec-2025,wec-2025-lmgt3,wec-2025-lmgt3-78,78,akkodis-asp-team,lexus,lexus-rc-f-lmgt3,true
wec-2025-r3-spa-46,wec-2025-r3-spa,wec-2025,wec-2025-lmgt3,wec-2025-lmgt3-46,46,team-wrt,bmw,bmw-m4-lmgt3,true
wec-2025-r3-spa-85,wec-2025-r3-spa,wec-2025,wec-2025-lmgt3,wec-2025-lmgt3-85,85,iron-dames,porsche,porsche-911-gt3-r-lmgt3,true
wec-2025-r3-spa-61,wec-2025-r3-spa,wec-2025,wec-2025-lmgt3,wec-2025-lmgt3-61,61,iron-lynx,mercedes-amg,mercedes-amg-lmgt3,true
wec-2025-r3-spa-60,wec-2025-r3-spa,wec-2025,wec-2025-lmgt3,wec-2025-lmgt3-60,60,iron-lynx,mercedes-amg,mercedes-amg-lmgt3,true
wec-2025-r3-spa-33,wec-2025-r3-spa,wec-2025,wec-2025-lmgt3,wec-2025-lmgt3-33,33,tf-sport,corvette,corvette-z06-lmgt3-r,true
wec-2025-r3-spa-81,wec-2025-r3-spa,wec-2025,wec-2025-lmgt3,wec-2025-lmgt3-81,81,tf-sport,corvette,corvette-z06-lmgt3-r,true
wec-2025-r3-spa-59,wec-2025-r3-spa,wec-2025,wec-2025-lmgt3,wec-2025-lmgt3-59,59,united-autosports,mclaren,mclaren-720s-lmgt3-evo,true
wec-2025-r3-spa-83,wec-2025-r3-spa,wec-2025,wec-2025-hypercar,wec-2025-hypercar-83,83,af-corse,ferrari,ferrari-499p,true
wec-2025-r3-spa-20,wec-2025-r3-spa,wec-2025,wec-2025-hypercar,wec-2025-hypercar-20,20,bmw-m-team-wrt,bmw,bmw-m-hybrid-v8,true
wec-2025-r3-spa-94,wec-2025-r3-spa,wec-2025,wec-2025-hypercar,wec-2025-hypercar-94,94,peugeot-totalenergies,peugeot,peugeot-9x8,true
wec-2025-r3-spa-95,wec-2025-r3-spa,wec-2025,wec-2025-lmgt3,wec-2025-lmgt3-95,95,united-autosports,mclaren,mclaren-720s-lmgt3-evo,true
wec-2025-r3-spa-87,wec-2025-r3-spa,wec-2025,wec-2025-lmgt3,wec-2025-lmgt3-87,87,akkodis-asp-team,lexus,lexus-rc-f-lmgt3,true
wec-2025-r3-spa-31,wec-2025-r3-spa,wec-2025,wec-2025-lmgt3,wec-2025-lmgt3-31,31,the-bend-team-wrt,bmw,bmw-m4-lmgt3,true
wec-2025-r3-spa-99,wec-2025-r3-spa,wec-2025,wec-2025-hypercar,wec-2025-hypercar-99,99,proton-competition,porsche,porsche-963,true
wec-2025-r4-le-mans-83,wec-2025-r4-le-mans,wec-2025,wec-2025-hypercar,wec-2025-hypercar-83,83,af-corse,ferrari,ferrari-499p,true
wec-2025-r4-le-mans-6,wec-2025-r4-le-mans,wec-2025,wec-2025-hypercar,wec-2025-hypercar-6,6,porsche-penske-motorsport,porsche,porsche-963,true
wec-2025-r4-le-mans-51,wec-2025-r4-le-mans,wec-2025,wec-2025-hypercar,wec-2025-hypercar-51,51,ferrari-af-corse,ferrari,ferrari-499p,true
wec-2025-r4-le-mans-12,wec-2025-r4-le-mans,wec-2025,wec-2025-hypercar,wec-2025-hypercar-12,12,cadillac-hertz-team-jota,cadillac,cadillac-v-series-r,true
wec-2025-r4-le-mans-7,wec-2025-r4-le-mans,wec-2025,wec-2025-hypercar,wec-2025-hypercar-7,7,toyota-gazoo-racing,toyota,toyota-gr010-hybrid,true
wec-2025-r4-le-mans-5,wec-2025-r4-le-mans,wec-2025,wec-2025-hypercar,wec-2025-hypercar-5,5,porsche-penske-motorsport,porsche,porsche-963,true
wec-2025-r4-le-mans-38,wec-2025-r4-le-mans,wec-2025,wec-2025-hypercar,wec-2025-hypercar-38,38,cadillac-hertz-team-jota,cadillac,cadillac-v-series-r,true
wec-2025-r4-le-mans-4,wec-2025-r4-le-mans,wec-2025,wec-2025-hypercar,wec-2025-hypercar-4,4,porsche-penske-motorsport,porsche,porsche-963,true
wec-2025-r4-le-mans-35,wec-2025-r4-le-mans,wec-2025,wec-2025-hypercar,wec-2025-hypercar-35,35,alpine-endurance-team,alpine,alpine-a424,true
wec-2025-r4-le-mans-36,wec-2025-r4-le-mans,wec-2025,wec-2025-hypercar,wec-2025-hypercar-36,36,alpine-endurance-team,alpine,alpine-a424,true
wec-2025-r4-le-mans-94,wec-2025-r4-le-mans,wec-2025,wec-2025-hypercar,wec-2025-hypercar-94,94,peugeot-totalenergies,peugeot,peugeot-9x8,true
wec-2025-r4-le-mans-009,wec-2025-r4-le-mans,wec-2025,wec-2025-hypercar,wec-2025-hypercar-009,009,aston-martin-thor-team,aston-martin,aston-martin-valkyrie,true
wec-2025-r4-le-mans-99,wec-2025-r4-le-mans,wec-2025,wec-2025-hypercar,wec-2025-hypercar-99,99,proton-competition,porsche,porsche-963,true
wec-2025-r4-le-mans-007,wec-2025-r4-le-mans,wec-2025,wec-2025-hypercar,wec-2025-hypercar-007,007,aston-martin-thor-team,aston-martin,aston-martin-valkyrie,true
wec-2025-r4-le-mans-8,wec-2025-r4-le-mans,wec-2025,wec-2025-hypercar,wec-2025-hypercar-8,8,toyota-gazoo-racing,toyota,toyota-gr010-hybrid,true
wec-2025-r4-le-mans-93,wec-2025-r4-le-mans,wec-2025,wec-2025-hypercar,wec-2025-hypercar-93,93,peugeot-totalenergies,peugeot,peugeot-9x8,true
wec-2025-r4-le-mans-20,wec-2025-r4-le-mans,wec-2025,wec-2025-hypercar,wec-2025-hypercar-20,20,bmw-m-team-wrt,bmw,bmw-m-hybrid-v8,true
wec-2025-r4-le-mans-43,wec-2025-r4-le-mans,wec-2025,wec-2025-lmp2,wec-2025-lmp2-43,43,inter-europol-competition,oreca,oreca-07-gibson,false
wec-2025-r4-le-mans-48,wec-2025-r4-le-mans,wec-2025,wec-2025-lmp2,wec-2025-lmp2-48,48,vds-panis-racing,oreca,oreca-07-gibson,false
wec-2025-r4-le-mans-199,wec-2025-r4-le-mans,wec-2025,wec-2025-lmp2,wec-2025-lmp2-199,199,ao-by-tf,oreca,oreca-07-gibson,false
wec-2025-r4-le-mans-9,wec-2025-r4-le-mans,wec-2025,wec-2025-lmp2,wec-2025-lmp2-9,9,iron-lynx-proton,oreca,oreca-07-gibson,false
wec-2025-r4-le-mans-29,wec-2025-r4-le-mans,wec-2025,wec-2025-lmp2,wec-2025-lmp2-29,29,tds-racing,oreca,oreca-07-gibson,false
wec-2025-r4-le-mans-11,wec-2025-r4-le-mans,wec-2025,wec-2025-lmp2,wec-2025-lmp2-11,11,proton-competition,oreca,oreca-07-gibson,false
wec-2025-r4-le-mans-22,wec-2025-r4-le-mans,wec-2025,wec-2025-lmp2,wec-2025-lmp2-22,22,united-autosports,oreca,oreca-07-gibson,false
wec-2025-r4-le-mans-25,wec-2025-r4-le-mans,wec-2025,wec-2025-lmp2,wec-2025-lmp2-25,25,algarve-pro-racing,oreca,oreca-07-gibson,false
wec-2025-r4-le-mans-183,wec-2025-r4-le-mans,wec-2025,wec-2025-lmp2,wec-2025-lmp2-183,183,af-corse,oreca,oreca-07-gibson,false
wec-2025-r4-le-mans-34,wec-2025-r4-le-mans,wec-2025,wec-2025-lmp2,wec-2025-lmp2-34,34,inter-europol-competition,oreca,oreca-07-gibson,false
wec-2025-r4-le-mans-23,wec-2025-r4-le-mans,wec-2025,wec-2025-lmp2,wec-2025-lmp2-23,23,united-autosports,oreca,oreca-07-gibson,false
wec-2025-r4-le-mans-16,wec-2025-r4-le-mans,wec-2025,wec-2025-lmp2,wec-2025-lmp2-16,16,rlr-m-sport,oreca,oreca-07-gibson,false
wec-2025-r4-le-mans-45,wec-2025-r4-le-mans,wec-2025,wec-2025-lmp2,wec-2025-lmp2-45,45,algarve-pro-racing,oreca,oreca-07-gibson,false
wec-2025-r4-le-mans-15,wec-2025-r4-le-mans,wec-2025,wec-2025-hypercar,wec-2025-hypercar-15,15,bmw-m-team-wrt,bmw,bmw-m-hybrid-v8,true
wec-2025-r4-le-mans-37,wec-2025-r4-le-mans,wec-2025,wec-2025-lmp2,wec-2025-lmp2-37,37,clx-pure-rxcing,oreca,oreca-07-gibson,false
wec-2025-r4-le-mans-92,wec-2025-r4-le-mans,wec-2025,wec-2025-lmgt3,wec-2025-lmgt3-92,92,manthey-1st-phorm,porsche,porsche-911-gt3-r-lmgt3,true
wec-2025-r4-le-mans-21,wec-2025-r4-le-mans,wec-2025,wec-2025-lmgt3,wec-2025-lmgt3-21,21,vista-af-corse,ferrari,ferrari-296-lmgt3,true
wec-2025-r4-le-mans-81,wec-2025-r4-le-mans,wec-2025,wec-2025-lmgt3,wec-2025-lmgt3-81,81,tf-sport,corvette,corvette-z06-lmgt3-r,true
wec-2025-r4-le-mans-27,wec-2025-r4-le-mans,wec-2025,wec-2025-lmgt3,wec-2025-lmgt3-27,27,heart-of-racing-team,aston-martin,aston-martin-vantage-amr-lmgt3,true
wec-2025-r4-le-mans-87,wec-2025-r4-le-mans,wec-2025,wec-2025-lmgt3,wec-2025-lmgt3-87,87,akkodis-asp-team,lexus,lexus-rc-f-lmgt3,true
wec-2025-r4-le-mans-90,wec-2025-r4-le-mans,wec-2025,wec-2025-lmgt3,wec-2025-lmgt3-90,90,manthey,porsche,porsche-911-gt3-r-lmgt3,true
wec-2025-r4-le-mans-33,wec-2025-r4-le-mans,wec-2025,wec-2025-lmgt3,wec-2025-lmgt3-33,33,tf-sport,corvette,corvette-z06-lmgt3-r,true
wec-2025-r4-le-mans-57,wec-2025-r4-le-mans,wec-2025,wec-2025-lmgt3,wec-2025-lmgt3-57,57,kessel-racing,ferrari,ferrari-296-lmgt3,true
wec-2025-r4-le-mans-77,wec-2025-r4-le-mans,wec-2025,wec-2025-lmgt3,wec-2025-lmgt3-77,77,proton-competition,ford,ford-mustang-lmgt3,true
wec-2025-r4-le-mans-13,wec-2025-r4-le-mans,wec-2025,wec-2025-lmgt3,wec-2025-lmgt3-13,13,awa-racing,corvette,corvette-z06-lmgt3-r,true
wec-2025-r4-le-mans-150,wec-2025-r4-le-mans,wec-2025,wec-2025-lmgt3,wec-2025-lmgt3-150,150,richard-mille-af-corse,ferrari,ferrari-296-lmgt3,true
wec-2025-r4-le-mans-61,wec-2025-r4-le-mans,wec-2025,wec-2025-lmgt3,wec-2025-lmgt3-61,61,iron-lynx,mercedes-amg,mercedes-amg-lmgt3,true
wec-2025-r4-le-mans-10,wec-2025-r4-le-mans,wec-2025,wec-2025-lmgt3,wec-2025-lmgt3-10,10,racing-spirit-of-leman,aston-martin,aston-martin-vantage-amr-lmgt3,true
wec-2025-r4-le-mans-193,wec-2025-r4-le-mans,wec-2025,wec-2025-lmgt3,wec-2025-lmgt3-193,193,ziggo-sport-tempesta,ferrari,ferrari-296-lmgt3,true
wec-2025-r4-le-mans-63,wec-2025-r4-le-mans,wec-2025,wec-2025-lmgt3,wec-2025-lmgt3-63,63,iron-lynx,mercedes-amg,mercedes-amg-lmgt3,true
wec-2025-r4-le-mans-85,wec-2025-r4-le-mans,wec-2025,wec-2025-lmgt3,wec-2025-lmgt3-85,85,iron-dames,porsche,porsche-911-gt3-r-lmgt3,true
wec-2025-r4-le-mans-59,wec-2025-r4-le-mans,wec-2025,wec-2025-lmgt3,wec-2025-lmgt3-59,59,united-autosports,mclaren,mclaren-720s-lmgt3-evo,true
wec-2025-r4-le-mans-28,wec-2025-r4-le-mans,wec-2025,wec-2025-lmp2,wec-2025-lmp2-28,28,idec-sport,oreca,oreca-07-gibson,false
wec-2025-r4-le-mans-78,wec-2025-r4-le-mans,wec-2025,wec-2025-lmgt3,wec-2025-lmgt3-78,78,akkodis-asp-team,lexus,lexus-rc-f-lmgt3,true
wec-2025-r4-le-mans-311,wec-2025-r4-le-mans,wec-2025,wec-2025-hypercar,wec-2025-hypercar-311,311,cadillac-whelen,cadillac,cadillac-v-series-r,true
wec-2025-r4-le-mans-18,wec-2025-r4-le-mans,wec-2025,wec-2025-lmp2,wec-2025-lmp2-18,18,idec-sport,oreca,oreca-07-gibson,false
wec-2025-r4-le-mans-54,wec-2025-r4-le-mans,wec-2025,wec-2025-lmgt3,wec-2025-lmgt3-54,54,vista-af-corse,ferrari,ferrari-296-lmgt3,true
wec-2025-r4-le-mans-101,wec-2025-r4-le-mans,wec-2025,wec-2025-hypercar,wec-2025-hypercar-101,101,cadillac-wtr,cadillac,cadillac-v-series-r,true
wec-2025-r4-le-mans-24,wec-2025-r4-le-mans,wec-2025,wec-2025-lmp2,wec-2025-lmp2-24,24,nielsen-racing,oreca,oreca-07-gibson,false
wec-2025-r4-le-mans-31,wec-2025-r4-le-mans,wec-2025,wec-2025-lmgt3,wec-2025-lmgt3-31,31,the-bend-team-wrt,bmw,bmw-m4-lmgt3,true
wec-2025-r4-le-mans-46,wec-2025-r4-le-mans,wec-2025,wec-2025-lmgt3,wec-2025-lmgt3-46,46,team-wrt,bmw,bmw-m4-lmgt3,true
wec-2025-r4-le-mans-95,wec-2025-r4-le-mans,wec-2025,wec-2025-lmgt3,wec-2025-lmgt3-95,95,united-autosports,mclaren,mclaren-720s-lmgt3-evo,true
wec-2025-r4-le-mans-60,wec-2025-r4-le-mans,wec-2025,wec-2025-lmgt3,wec-2025-lmgt3-60,60,iron-lynx,mercedes-amg,mercedes-amg-lmgt3,true
wec-2025-r4-le-mans-88,wec-2025-r4-le-mans,wec-2025,wec-2025-lmgt3,wec-2025-lmgt3-88,88,proton-competition,ford,ford-mustang-lmgt3,true
wec-2025-r4-le-mans-50,wec-2025-r4-le-mans,wec-2025,wec-2025-hypercar,wec-2025-hypercar-50,50,ferrari-af-corse,ferrari,ferrari-499p,true
wec-2025-r5-sao-paulo-12,wec-2025-r5-sao-paulo,wec-2025,wec-2025-hypercar,wec-2025-hypercar-12,12,cadillac-hertz-team-jota,cadillac,cadillac-v-series-r,true
wec-2025-r5-sao-paulo-38,wec-2025-r5-sao-paulo,wec-2025,wec-2025-hypercar,wec-2025-hypercar-38,38,cadillac-hertz-team-jota,cadillac,cadillac-v-series-r,true
wec-2025-r5-sao-paulo-5,wec-2025-r5-sao-paulo,wec-2025,wec-2025-hypercar,wec-2025-hypercar-5,5,porsche-penske-motorsport,porsche,porsche-963,true
wec-2025-r5-sao-paulo-6,wec-2025-r5-sao-paulo,wec-2025,wec-2025-hypercar,wec-2025-hypercar-6,6,porsche-penske-motorsport,porsche,porsche-963,true
wec-2025-r5-sao-paulo-20,wec-2025-r5-sao-paulo,wec-2025,wec-2025-hypercar,wec-2025-hypercar-20,20,bmw-m-team-wrt,bmw,bmw-m-hybrid-v8,true
wec-2025-r5-sao-paulo-94,wec-2025-r5-sao-paulo,wec-2025,wec-2025-hypercar,wec-2025-hypercar-94,94,peugeot-totalenergies,peugeot,peugeot-9x8,true
wec-2025-r5-sao-paulo-93,wec-2025-r5-sao-paulo,wec-2025,wec-2025-hypercar,wec-2025-hypercar-93,93,peugeot-totalenergies,peugeot,peugeot-9x8,true
wec-2025-r5-sao-paulo-83,wec-2025-r5-sao-paulo,wec-2025,wec-2025-hypercar,wec-2025-hypercar-83,83,af-corse,ferrari,ferrari-499p,true
wec-2025-r5-sao-paulo-36,wec-2025-r5-sao-paulo,wec-2025,wec-2025-hypercar,wec-2025-hypercar-36,36,alpine-endurance-team,alpine,alpine-a424,true
wec-2025-r5-sao-paulo-99,wec-2025-r5-sao-paulo,wec-2025,wec-2025-hypercar,wec-2025-hypercar-99,99,proton-competition,porsche,porsche-963,true
wec-2025-r5-sao-paulo-51,wec-2025-r5-sao-paulo,wec-2025,wec-2025-hypercar,wec-2025-hypercar-51,51,ferrari-af-corse,ferrari,ferrari-499p,true
wec-2025-r5-sao-paulo-50,wec-2025-r5-sao-paulo,wec-2025,wec-2025-hypercar,wec-2025-hypercar-50,50,ferrari-af-corse,ferrari,ferrari-499p,true
wec-2025-r5-sao-paulo-009,wec-2025-r5-sao-paulo,wec-2025,wec-2025-hypercar,wec-2025-hypercar-009,009,aston-martin-thor-team,aston-martin,aston-martin-valkyrie,true
wec-2025-r5-sao-paulo-7,wec-2025-r5-sao-paulo,wec-2025,wec-2025-hypercar,wec-2025-hypercar-7,7,toyota-gazoo-racing,toyota,toyota-gr010-hybrid,true
wec-2025-r5-sao-paulo-8,wec-2025-r5-sao-paulo,wec-2025,wec-2025-hypercar,wec-2025-hypercar-8,8,toyota-gazoo-racing,toyota,toyota-gr010-hybrid,true
wec-2025-r5-sao-paulo-007,wec-2025-r5-sao-paulo,wec-2025,wec-2025-hypercar,wec-2025-hypercar-007,007,aston-martin-thor-team,aston-martin,aston-martin-valkyrie,true
wec-2025-r5-sao-paulo-15,wec-2025-r5-sao-paulo,wec-2025,wec-2025-hypercar,wec-2025-hypercar-15,15,bmw-m-team-wrt,bmw,bmw-m-hybrid-v8,true
wec-2025-r5-sao-paulo-87,wec-2025-r5-sao-paulo,wec-2025,wec-2025-lmgt3,wec-2025-lmgt3-87,87,akkodis-asp-team,lexus,lexus-rc-f-lmgt3,true
wec-2025-r5-sao-paulo-81,wec-2025-r5-sao-paulo,wec-2025,wec-2025-lmgt3,wec-2025-lmgt3-81,81,tf-sport,corvette,corvette-z06-lmgt3-r,true
wec-2025-r5-sao-paulo-10,wec-2025-r5-sao-paulo,wec-2025,wec-2025-lmgt3,wec-2025-lmgt3-10,10,racing-spirit-of-leman,aston-martin,aston-martin-vantage-amr-lmgt3,true
wec-2025-r5-sao-paulo-85,wec-2025-r5-sao-paulo,wec-2025,wec-2025-lmgt3,wec-2025-lmgt3-85,85,iron-dames,porsche,porsche-911-gt3-r-lmgt3,true
wec-2025-r5-sao-paulo-78,wec-2025-r5-sao-paulo,wec-2025,wec-2025-lmgt3,wec-2025-lmgt3-78,78,akkodis-asp-team,lexus,lexus-rc-f-lmgt3,true
wec-2025-r5-sao-paulo-92,wec-2025-r5-sao-paulo,wec-2025,wec-2025-lmgt3,wec-2025-lmgt3-92,92,manthey-1st-phorm,porsche,porsche-911-gt3-r-lmgt3,true
wec-2025-r5-sao-paulo-33,wec-2025-r5-sao-paulo,wec-2025,wec-2025-lmgt3,wec-2025-lmgt3-33,33,tf-sport,corvette,corvette-z06-lmgt3-r,true
wec-2025-r5-sao-paulo-59,wec-2025-r5-sao-paulo,wec-2025,wec-2025-lmgt3,wec-2025-lmgt3-59,59,united-autosports,mclaren,mclaren-720s-lmgt3-evo,true
wec-2025-r5-sao-paulo-95,wec-2025-r5-sao-paulo,wec-2025,wec-2025-lmgt3,wec-2025-lmgt3-95,95,united-autosports,mclaren,mclaren-720s-lmgt3-evo,true
wec-2025-r5-sao-paulo-46,wec-2025-r5-sao-paulo,wec-2025,wec-2025-lmgt3,wec-2025-lmgt3-46,46,team-wrt,bmw,bmw-m4-lmgt3,true
wec-2025-r5-sao-paulo-54,wec-2025-r5-sao-paulo,wec-2025,wec-2025-lmgt3,wec-2025-lmgt3-54,54,vista-af-corse,ferrari,ferrari-296-lmgt3,true
wec-2025-r5-sao-paulo-31,wec-2025-r5-sao-paulo,wec-2025,wec-2025-lmgt3,wec-2025-lmgt3-31,31,the-bend-team-wrt,bmw,bmw-m4-lmgt3,true
wec-2025-r5-sao-paulo-21,wec-2025-r5-sao-paulo,wec-2025,wec-2025-lmgt3,wec-2025-lmgt3-21,21,vista-af-corse,ferrari,ferrari-296-lmgt3,true
wec-2025-r5-sao-paulo-27,wec-2025-r5-sao-paulo,wec-2025,wec-2025-lmgt3,wec-2025-lmgt3-27,27,heart-of-racing-team,aston-martin,aston-martin-vantage-amr-lmgt3,true
wec-2025-r5-sao-paulo-60,wec-2025-r5-sao-paulo,wec-2025,wec-2025-lmgt3,wec-2025-lmgt3-60,60,iron-lynx,mercedes-amg,mercedes-amg-lmgt3,true
wec-2025-r5-sao-paulo-35,wec-2025-r5-sao-paulo,wec-2025,wec-2025-hypercar,wec-2025-hypercar-35,35,alpine-endurance-team,alpine,alpine-a424,true
wec-2025-r5-sao-paulo-61,wec-2025-r5-sao-paulo,wec-2025,wec-2025-lmgt3,wec-2025-lmgt3-61,61,iron-lynx,mercedes-amg,mercedes-amg-lmgt3,true
wec-2025-r5-sao-paulo-77,wec-2025-r5-sao-paulo,wec-2025,wec-2025-lmgt3,wec-2025-lmgt3-77,77,proton-competition,ford,ford-mustang-lmgt3,true
wec-2025-r5-sao-paulo-88,wec-2025-r5-sao-paulo,wec-2025,wec-2025-lmgt3,wec-2025-lmgt3-88,88,proton-competition,ford,ford-mustang-lmgt3,true
wec-2025-r6-cota-6,wec-2025-r6-cota,wec-2025,wec-2025-hypercar,wec-2025-hypercar-6,6,porsche-penske-motorsport,porsche,porsche-963,true
wec-2025-r6-cota-50,wec-2025-r6-cota,wec-2025,wec-2025-hypercar,wec-2025-hypercar-50,50,ferrari-af-corse,ferrari,ferrari-499p,true
wec-2025-r6-cota-94,wec-2025-r6-cota,wec-2025,wec-2025-hypercar,wec-2025-hypercar-94,94,peugeot-totalenergies,peugeot,peugeot-9x8,true
wec-2025-r6-cota-93,wec-2025-r6-cota,wec-2025,wec-2025-hypercar,wec-2025-hypercar-93,93,peugeot-totalenergies,peugeot,peugeot-9x8,true
wec-2025-r6-cota-51,wec-2025-r6-cota,wec-2025,wec-2025-hypercar,wec-2025-hypercar-51,51,ferrari-af-corse,ferrari,ferrari-499p,true
wec-2025-r6-cota-38,wec-2025-r6-cota,wec-2025,wec-2025-hypercar,wec-2025-hypercar-38,38,cadillac-hertz-team-jota,cadillac,cadillac-v-series-r,true
wec-2025-r6-cota-83,wec-2025-r6-cota,wec-2025,wec-2025-hypercar,wec-2025-hypercar-83,83,af-corse,ferrari,ferrari-499p,true
wec-2025-r6-cota-12,wec-2025-r6-cota,wec-2025,wec-2025-hypercar,wec-2025-hypercar-12,12,cadillac-hertz-team-jota,cadillac,cadillac-v-series-r,true
wec-2025-r6-cota-8,wec-2025-r6-cota,wec-2025,wec-2025-hypercar,wec-2025-hypercar-8,8,toyota-gazoo-racing,toyota,toyota-gr010-hybrid,true
wec-2025-r6-cota-5,wec-2025-r6-cota,wec-2025,wec-2025-hypercar,wec-2025-hypercar-5,5,porsche-penske-motorsport,porsche,porsche-963,true
wec-2025-r6-cota-35,wec-2025-r6-cota,wec-2025,wec-2025-hypercar,wec-2025-hypercar-35,35,alpine-endurance-team,alpine,alpine-a424,true
wec-2025-r6-cota-15,wec-2025-r6-cota,wec-2025,wec-2025-hypercar,wec-2025-hypercar-15,15,bmw-m-team-wrt,bmw,bmw-m-hybrid-v8,true
wec-2025-r6-cota-99,wec-2025-r6-cota,wec-2025,wec-2025-hypercar,wec-2025-hypercar-99,99,proton-competition,porsche,porsche-963,true
wec-2025-r6-cota-7,wec-2025-r6-cota,wec-2025,wec-2025-hypercar,wec-2025-hypercar-7,7,toyota-gazoo-racing,toyota,toyota-gr010-hybrid,true
wec-2025-r6-cota-36,wec-2025-r6-cota,wec-2025,wec-2025-hypercar,wec-2025-hypercar-36,36,alpine-endurance-team,alpine,alpine-a424,true
wec-2025-r6-cota-95,wec-2025-r6-cota,wec-2025,wec-2025-lmgt3,wec-2025-lmgt3-95,95,united-autosports,mclaren,mclaren-720s-lmgt3-evo,true
wec-2025-r6-cota-46,wec-2025-r6-cota,wec-2025,wec-2025-lmgt3,wec-2025-lmgt3-46,46,team-wrt,bmw,bmw-m4-lmgt3,true
wec-2025-r6-cota-54,wec-2025-r6-cota,wec-2025,wec-2025-lmgt3,wec-2025-lmgt3-54,54,vista-af-corse,ferrari,ferrari-296-lmgt3,true
wec-2025-r6-cota-59,wec-2025-r6-cota,wec-2025,wec-2025-lmgt3,wec-2025-lmgt3-59,59,united-autosports,mclaren,mclaren-720s-lmgt3-evo,true
wec-2025-r6-cota-27,wec-2025-r6-cota,wec-2025,wec-2025-lmgt3,wec-2025-lmgt3-27,27,heart-of-racing-team,aston-martin,aston-martin-vantage-amr-lmgt3,true
wec-2025-r6-cota-77,wec-2025-r6-cota,wec-2025,wec-2025-lmgt3,wec-2025-lmgt3-77,77,proton-competition,ford,ford-mustang-lmgt3,true
wec-2025-r6-cota-92,wec-2025-r6-cota,wec-2025,wec-2025-lmgt3,wec-2025-lmgt3-92,92,manthey-1st-phorm,porsche,porsche-911-gt3-r-lmgt3,true
wec-2025-r6-cota-88,wec-2025-r6-cota,wec-2025,wec-2025-lmgt3,wec-2025-lmgt3-88,88,proton-competition,ford,ford-mustang-lmgt3,true
wec-2025-r6-cota-31,wec-2025-r6-cota,wec-2025,wec-2025-lmgt3,wec-2025-lmgt3-31,31,the-bend-team-wrt,bmw,bmw-m4-lmgt3,true
wec-2025-r6-cota-60,wec-2025-r6-cota,wec-2025,wec-2025-lmgt3,wec-2025-lmgt3-60,60,iron-lynx,mercedes-amg,mercedes-amg-lmgt3,true
wec-2025-r6-cota-10,wec-2025-r6-cota,wec-2025,wec-2025-lmgt3,wec-2025-lmgt3-10,10,racing-spirit-of-leman,aston-martin,aston-martin-vantage-amr-lmgt3,true
wec-2025-r6-cota-21,wec-2025-r6-cota,wec-2025,wec-2025-lmgt3,wec-2025-lmgt3-21,21,vista-af-corse,ferrari,ferrari-296-lmgt3,true
wec-2025-r6-cota-81,wec-2025-r6-cota,wec-2025,wec-2025-lmgt3,wec-2025-lmgt3-81,81,tf-sport,corvette,corvette-z06-lmgt3-r,true
wec-2025-r6-cota-78,wec-2025-r6-cota,wec-2025,wec-2025-lmgt3,wec-2025-lmgt3-78,78,akkodis-asp-team,lexus,lexus-rc-f-lmgt3,true
wec-2025-r6-cota-61,wec-2025-r6-cota,wec-2025,wec-2025-lmgt3,wec-2025-lmgt3-61,61,iron-lynx,mercedes-amg,mercedes-amg-lmgt3,true
wec-2025-r6-cota-33,wec-2025-r6-cota,wec-2025,wec-2025-lmgt3,wec-2025-lmgt3-33,33,tf-sport,corvette,corvette-z06-lmgt3-r,true
wec-2025-r6-cota-87,wec-2025-r6-cota,wec-2025,wec-2025-lmgt3,wec-2025-lmgt3-87,87,akkodis-asp-team,lexus,lexus-rc-f-lmgt3,true
wec-2025-r6-cota-20,wec-2025-r6-cota,wec-2025,wec-2025-hypercar,wec-2025-hypercar-20,20,bmw-m-team-wrt,bmw,bmw-m-hybrid-v8,true
wec-2025-r6-cota-85,wec-2025-r6-cota,wec-2025,wec-2025-lmgt3,wec-2025-lmgt3-85,85,iron-dames,porsche,porsche-911-gt3-r-lmgt3,true
wec-2025-r6-cota-009,wec-2025-r6-cota,wec-2025,wec-2025-hypercar,wec-2025-hypercar-009,009,aston-martin-thor-team,aston-martin,aston-martin-valkyrie,true
wec-2025-r6-cota-007,wec-2025-r6-cota,wec-2025,wec-2025-hypercar,wec-2025-hypercar-007,007,aston-martin-thor-team,aston-martin,aston-martin-valkyrie,true
wec-2025-r7-fuji-35,wec-2025-r7-fuji,wec-2025,wec-2025-hypercar,wec-2025-hypercar-35,35,alpine-endurance-team,alpine,alpine-a424,true
wec-2025-r7-fuji-93,wec-2025-r7-fuji,wec-2025,wec-2025-hypercar,wec-2025-hypercar-93,93,peugeot-totalenergies,peugeot,peugeot-9x8,true
wec-2025-r7-fuji-6,wec-2025-r7-fuji,wec-2025,wec-2025-hypercar,wec-2025-hypercar-6,6,porsche-penske-motorsport,porsche,porsche-963,true
wec-2025-r7-fuji-5,wec-2025-r7-fuji,wec-2025,wec-2025-hypercar,wec-2025-hypercar-5,5,porsche-penske-motorsport,porsche,porsche-963,true
wec-2025-r7-fuji-009,wec-2025-r7-fuji,wec-2025,wec-2025-hypercar,wec-2025-hypercar-009,009,aston-martin-thor-team,aston-martin,aston-martin-valkyrie,true
wec-2025-r7-fuji-12,wec-2025-r7-fuji,wec-2025,wec-2025-hypercar,wec-2025-hypercar-12,12,cadillac-hertz-team-jota,cadillac,cadillac-v-series-r,true
wec-2025-r7-fuji-7,wec-2025-r7-fuji,wec-2025,wec-2025-hypercar,wec-2025-hypercar-7,7,toyota-gazoo-racing,toyota,toyota-gr010-hybrid,true
wec-2025-r7-fuji-20,wec-2025-r7-fuji,wec-2025,wec-2025-hypercar,wec-2025-hypercar-20,20,bmw-m-team-wrt,bmw,bmw-m-hybrid-v8,true
wec-2025-r7-fuji-83,wec-2025-r7-fuji,wec-2025,wec-2025-hypercar,wec-2025-hypercar-83,83,af-corse,ferrari,ferrari-499p,true
wec-2025-r7-fuji-94,wec-2025-r7-fuji,wec-2025,wec-2025-hypercar,wec-2025-hypercar-94,94,peugeot-totalenergies,peugeot,peugeot-9x8,true
wec-2025-r7-fuji-99,wec-2025-r7-fuji,wec-2025,wec-2025-hypercar,wec-2025-hypercar-99,99,proton-competition,porsche,porsche-963,true
wec-2025-r7-fuji-50,wec-2025-r7-fuji,wec-2025,wec-2025-hypercar,wec-2025-hypercar-50,50,ferrari-af-corse,ferrari,ferrari-499p,true
wec-2025-r7-fuji-38,wec-2025-r7-fuji,wec-2025,wec-2025-hypercar,wec-2025-hypercar-38,38,cadillac-hertz-team-jota,cadillac,cadillac-v-series-r,true
wec-2025-r7-fuji-36,wec-2025-r7-fuji,wec-2025,wec-2025-hypercar,wec-2025-hypercar-36,36,alpine-endurance-team,alpine,alpine-a424,true
wec-2025-r7-fuji-51,wec-2025-r7-fuji,wec-2025,wec-2025-hypercar,wec-2025-hypercar-51,51,ferrari-af-corse,ferrari,ferrari-499p,true
wec-2025-r7-fuji-8,wec-2025-r7-fuji,wec-2025,wec-2025-hypercar,wec-2025-hypercar-8,8,toyota-gazoo-racing,toyota,toyota-gr010-hybrid,true
wec-2025-r7-fuji-81,wec-2025-r7-fuji,wec-2025,wec-2025-lmgt3,wec-2025-lmgt3-81,81,tf-sport,corvette,corvette-z06-lmgt3-r,true
wec-2025-r7-fuji-21,wec-2025-r7-fuji,wec-2025,wec-2025-lmgt3,wec-2025-lmgt3-21,21,vista-af-corse,ferrari,ferrari-296-lmgt3,true
wec-2025-r7-fuji-31,wec-2025-r7-fuji,wec-2025,wec-2025-lmgt3,wec-2025-lmgt3-31,31,the-bend-team-wrt,bmw,bmw-m4-lmgt3,true
wec-2025-r7-fuji-46,wec-2025-r7-fuji,wec-2025,wec-2025-lmgt3,wec-2025-lmgt3-46,46,team-wrt,bmw,bmw-m4-lmgt3,true
wec-2025-r7-fuji-92,wec-2025-r7-fuji,wec-2025,wec-2025-lmgt3,wec-2025-lmgt3-92,92,manthey-1st-phorm,porsche,porsche-911-gt3-r-lmgt3,true
wec-2025-r7-fuji-54,wec-2025-r7-fuji,wec-2025,wec-2025-lmgt3,wec-2025-lmgt3-54,54,vista-af-corse,ferrari,ferrari-296-lmgt3,true
wec-2025-r7-fuji-27,wec-2025-r7-fuji,wec-2025,wec-2025-lmgt3,wec-2025-lmgt3-27,27,heart-of-racing-team,aston-martin,aston-martin-vantage-amr-lmgt3,true
wec-2025-r7-fuji-61,wec-2025-r7-fuji,wec-2025,wec-2025-lmgt3,wec-2025-lmgt3-61,61,iron-lynx,mercedes-amg,mercedes-amg-lmgt3,true
wec-2025-r7-fuji-78,wec-2025-r7-fuji,wec-2025,wec-2025-lmgt3,wec-2025-lmgt3-78,78,akkodis-asp-team,lexus,lexus-rc-f-lmgt3,true
wec-2025-r7-fuji-95,wec-2025-r7-fuji,wec-2025,wec-2025-lmgt3,wec-2025-lmgt3-95,95,united-autosports,mclaren,mclaren-720s-lmgt3-evo,true
wec-2025-r7-fuji-33,wec-2025-r7-fuji,wec-2025,wec-2025-lmgt3,wec-2025-lmgt3-33,33,tf-sport,corvette,corvette-z06-lmgt3-r,true
wec-2025-r7-fuji-77,wec-2025-r7-fuji,wec-2025,wec-2025-lmgt3,wec-2025-lmgt3-77,77,proton-competition,ford,ford-mustang-lmgt3,true
wec-2025-r7-fuji-85,wec-2025-r7-fuji,wec-2025,wec-2025-lmgt3,wec-2025-lmgt3-85,85,iron-dames,porsche,porsche-911-gt3-r-lmgt3,true
wec-2025-r7-fuji-59,wec-2025-r7-fuji,wec-2025,wec-2025-lmgt3,wec-2025-lmgt3-59,59,united-autosports,mclaren,mclaren-720s-lmgt3-evo,true
wec-2025-r7-fuji-87,wec-2025-r7-fuji,wec-2025,wec-2025-lmgt3,wec-2025-lmgt3-87,87,akkodis-asp-team,lexus,lexus-rc-f-lmgt3,true
wec-2025-r7-fuji-60,wec-2025-r7-fuji,wec-2025,wec-2025-lmgt3,wec-2025-lmgt3-60,60,iron-lynx,mercedes-amg,mercedes-amg-lmgt3,true
wec-2025-r7-fuji-10,wec-2025-r7-fuji,wec-2025,wec-2025-lmgt3,wec-2025-lmgt3-10,10,racing-spirit-of-leman,aston-martin,aston-martin-vantage-amr-lmgt3,true
wec-2025-r7-fuji-88,wec-2025-r7-fuji,wec-2025,wec-2025-lmgt3,wec-2025-lmgt3-88,88,proton-competition,ford,ford-mustang-lmgt3,true
wec-2025-r7-fuji-007,wec-2025-r7-fuji,wec-2025,wec-2025-hypercar,wec-2025-hypercar-007,007,aston-martin-thor-team,aston-martin,aston-martin-valkyrie,true
wec-2025-r7-fuji-15,wec-2025-r7-fuji,wec-2025,wec-2025-hypercar,wec-2025-hypercar-15,15,bmw-m-team-wrt,bmw,bmw-m-hybrid-v8,true
wec-2025-r8-bahrain-7,wec-2025-r8-bahrain,wec-2025,wec-2025-hypercar,wec-2025-hypercar-7,7,toyota-gazoo-racing,toyota,toyota-gr010-hybrid,true
wec-2025-r8-bahrain-8,wec-2025-r8-bahrain,wec-2025,wec-2025-hypercar,wec-2025-hypercar-8,8,toyota-gazoo-racing,toyota,toyota-gr010-hybrid,true
wec-2025-r8-bahrain-50,wec-2025-r8-bahrain,wec-2025,wec-2025-hypercar,wec-2025-hypercar-50,50,ferrari-af-corse,ferrari,ferrari-499p,true
wec-2025-r8-bahrain-51,wec-2025-r8-bahrain,wec-2025,wec-2025-hypercar,wec-2025-hypercar-51,51,ferrari-af-corse,ferrari,ferrari-499p,true
wec-2025-r8-bahrain-83,wec-2025-r8-bahrain,wec-2025,wec-2025-hypercar,wec-2025-hypercar-83,83,af-corse,ferrari,ferrari-499p,true
wec-2025-r8-bahrain-12,wec-2025-r8-bahrain,wec-2025,wec-2025-hypercar,wec-2025-hypercar-12,12,cadillac-hertz-team-jota,cadillac,cadillac-v-series-r,true
wec-2025-r8-bahrain-009,wec-2025-r8-bahrain,wec-2025,wec-2025-hypercar,wec-2025-hypercar-009,009,aston-martin-thor-team,aston-martin,aston-martin-valkyrie,true
wec-2025-r8-bahrain-20,wec-2025-r8-bahrain,wec-2025,wec-2025-hypercar,wec-2025-hypercar-20,20,bmw-m-team-wrt,bmw,bmw-m-hybrid-v8,true
wec-2025-r8-bahrain-93,wec-2025-r8-bahrain,wec-2025,wec-2025-hypercar,wec-2025-hypercar-93,93,peugeot-totalenergies,peugeot,peugeot-9x8,true
wec-2025-r8-bahrain-94,wec-2025-r8-bahrain,wec-2025,wec-2025-hypercar,wec-2025-hypercar-94,94,peugeot-totalenergies,peugeot,peugeot-9x8,true
wec-2025-r8-bahrain-35,wec-2025-r8-bahrain,wec-2025,wec-2025-hypercar,wec-2025-hypercar-35,35,alpine-endurance-team,alpine,alpine-a424,true
wec-2025-r8-bahrain-36,wec-2025-r8-bahrain,wec-2025,wec-2025-hypercar,wec-2025-hypercar-36,36,alpine-endurance-team,alpine,alpine-a424,true
wec-2025-r8-bahrain-6,wec-2025-r8-bahrain,wec-2025,wec-2025-hypercar,wec-2025-hypercar-6,6,porsche-penske-motorsport,porsche,porsche-963,true
wec-2025-r8-bahrain-5,wec-2025-r8-bahrain,wec-2025,wec-2025-hypercar,wec-2025-hypercar-5,5,porsche-penske-motorsport,porsche,porsche-963,true
wec-2025-r8-bahrain-007,wec-2025-r8-bahrain,wec-2025,wec-2025-hypercar,wec-2025-hypercar-007,007,aston-martin-thor-team,aston-martin,aston-martin-valkyrie,true
wec-2025-r8-bahrain-38,wec-2025-r8-bahrain,wec-2025,wec-2025-hypercar,wec-2025-hypercar-38,38,cadillac-hertz-team-jota,cadillac,cadillac-v-series-r,true
wec-2025-r8-bahrain-99,wec-2025-r8-bahrain,wec-2025,wec-2025-hypercar,wec-2025-hypercar-99,99,proton-competition,porsche,porsche-963,true
wec-2025-r8-bahrain-87,wec-2025-r8-bahrain,wec-2025,wec-2025-lmgt3,wec-2025-lmgt3-87,87,akkodis-asp-team,lexus,lexus-rc-f-lmgt3,true
wec-2025-r8-bahrain-61,wec-2025-r8-bahrain,wec-2025,wec-2025-lmgt3,wec-2025-lmgt3-61,61,iron-lynx,mercedes-amg,mercedes-amg-lmgt3,true
wec-2025-r8-bahrain-27,wec-2025-r8-bahrain,wec-2025,wec-2025-lmgt3,wec-2025-lmgt3-27,27,heart-of-racing-team,aston-martin,aston-martin-vantage-amr-lmgt3,true
wec-2025-r8-bahrain-92,wec-2025-r8-bahrain,wec-2025,wec-2025-lmgt3,wec-2025-lmgt3-92,92,manthey-1st-phorm,porsche,porsche-911-gt3-r-lmgt3,true
wec-2025-r8-bahrain-21,wec-2025-r8-bahrain,wec-2025,wec-2025-lmgt3,wec-2025-lmgt3-21,21,vista-af-corse,ferrari,ferrari-296-lmgt3,true
wec-2025-r8-bahrain-33,wec-2025-r8-bahrain,wec-2025,wec-2025-lmgt3,wec-2025-lmgt3-33,33,tf-sport,corvette,corvette-z06-lmgt3-r,true
wec-2025-r8-bahrain-31,wec-2025-r8-bahrain,wec-2025,wec-2025-lmgt3,wec-2025-lmgt3-31,31,the-bend-team-wrt,bmw,bmw-m4-lmgt3,true
wec-2025-r8-bahrain-77,wec-2025-r8-bahrain,wec-2025,wec-2025-lmgt3,wec-2025-lmgt3-77,77,proton-competition,ford,ford-mustang-lmgt3,true
wec-2025-r8-bahrain-95,wec-2025-r8-bahrain,wec-2025,wec-2025-lmgt3,wec-2025-lmgt3-95,95,united-autosports,mclaren,mclaren-720s-lmgt3-evo,true
wec-2025-r8-bahrain-88,wec-2025-r8-bahrain,wec-2025,wec-2025-lmgt3,wec-2025-lmgt3-88,88,proton-competition,ford,ford-mustang-lmgt3,true
wec-2025-r8-bahrain-81,wec-2025-r8-bahrain,wec-2025,wec-2025-lmgt3,wec-2025-lmgt3-81,81,tf-sport,corvette,corvette-z06-lmgt3-r,true
wec-2025-r8-bahrain-85,wec-2025-r8-bahrain,wec-2025,wec-2025-lmgt3,wec-2025-lmgt3-85,85,iron-dames,porsche,porsche-911-gt3-r-lmgt3,true
wec-2025-r8-bahrain-60,wec-2025-r8-bahrain,wec-2025,wec-2025-lmgt3,wec-2025-lmgt3-60,60,iron-lynx,mercedes-amg,mercedes-amg-lmgt3,true
wec-2025-r8-bahrain-10,wec-2025-r8-bahrain,wec-2025,wec-2025-lmgt3,wec-2025-lmgt3-10,10,racing-spirit-of-leman,aston-martin,aston-martin-vantage-amr-lmgt3,true
wec-2025-r8-bahrain-46,wec-2025-r8-bahrain,wec-2025,wec-2025-lmgt3,wec-2025-lmgt3-46,46,team-wrt,bmw,bmw-m4-lmgt3,true
wec-2025-r8-bahrain-59,wec-2025-r8-bahrain,wec-2025,wec-2025-lmgt3,wec-2025-lmgt3-59,59,united-autosports,mclaren,mclaren-720s-lmgt3-evo,true
wec-2025-r8-bahrain-15,wec-2025-r8-bahrain,wec-2025,wec-2025-hypercar,wec-2025-hypercar-15,15,bmw-m-team-wrt,bmw,bmw-m-hybrid-v8,true
wec-2025-r8-bahrain-54,wec-2025-r8-bahrain,wec-2025,wec-2025-lmgt3,wec-2025-lmgt3-54,54,vista-af-corse,ferrari,ferrari-296-lmgt3,true
wec-2025-r8-bahrain-78,wec-2025-r8-bahrain,wec-2025,wec-2025-lmgt3,wec-2025-lmgt3-78,78,akkodis-asp-team,lexus,lexus-rc-f-lmgt3,true
