entryId,eventId,driverId,crewOrder,category,championshipEligible
wec-2012-r1-sebring-2,wec-2012-r1-sebring,dindo-capello,1,platinum,true
wec-2012-r1-sebring-2,wec-2012-r1-sebring,tom-kristensen,2,platinum,true
wec-2012-r1-sebring-2,wec-2012-r1-sebring,allan-mcnish,3,platinum,true
wec-2012-r1-sebring-3,wec-2012-r1-sebring,timo-bernhard,1,platinum,true
wec-2012-r1-sebring-3,wec-2012-r1-sebring,romain-dumas,2,platinum,true
wec-2012-r1-sebring-3,wec-2012-r1-sebring,loic-duval,3,platinum,true
wec-2012-r1-sebring-44,wec-2012-r1-sebring,vicente-potolicchio,1,silver,true
wec-2012-r1-sebring-44,wec-2012-r1-sebring,ryan-dalziel,2,platinum,true
wec-2012-r1-sebring-44,wec-2012-r1-sebring,stephane-sarrazin,3,platinum,true
wec-2012-r1-sebring-24,wec-2012-r1-sebring,jacques-nicolet,1,silver,true
wec-2012-r1-sebring-24,wec-2012-r1-sebring,matthieu-lahaye,2,gold,true
wec-2012-r1-sebring-24,wec-2012-r1-sebring,olivier-pla,3,platinum,true
wec-2012-r1-sebring-16,wec-2012-r1-sebring,emmanuel-collard,1,platinum,true
wec-2012-r1-sebring-16,wec-2012-r1-sebring,jean-christophe-boullion,2,platinum,true
wec-2012-r1-sebring-16,wec-2012-r1-sebring,julien-jousse,3,platinum,true
wec-2012-r1-sebring-49,wec-2012-r1-sebring,luis-perez-companc,1,silver,true
wec-2012-r1-sebring-49,wec-2012-r1-sebring,soheil-ayari,2,platinum,true
wec-2012-r1-sebring-49,wec-2012-r1-sebring,pierre-kaffer,3,platinum,true
wec-2012-r1-sebring-41,wec-2012-r1-sebring,christian-zugel,1,bronze,true
wec-2012-r1-sebring-41,wec-2012-r1-sebring,ricardo-gonzalez,2,silver,true
wec-2012-r1-sebring-41,wec-2012-r1-sebring,elton-julian,3,gold,true
wec-2012-r1-sebring-21,wec-2012-r1-sebring,nick-leventis,1,silver,true
wec-2012-r1-sebring-21,wec-2012-r1-sebring,danny-watts,2,platinum,true
wec-2012-r1-sebring-21,wec-2012-r1-sebring,jonny-kane,3,platinum,true
wec-2012-r1-sebring-25,wec-2012-r1-sebring,tor-graves,1,silver,true
wec-2012-r1-sebring-25,wec-2012-r1-sebring,robbie-kerr,2,platinum,true
wec-2012-r1-sebring-25,wec-2012-r1-sebring,john-martin,3,gold,true
wec-2012-r1-sebring-31,wec-2012-r1-sebring,thomas-holzer,1,silver,true
wec-2012-r1-sebring-31,wec-2012-r1-sebring,mirco-shultis,2,silver,true
wec-2012-r1-sebring-31,wec-2012-r1-sebring,luca-moro,3,bronze,true
wec-2012-r1-sebring-1,wec-2012-r1-sebring,marcel-fassler,1,platinum,true
wec-2012-r1-sebring-1,wec-2012-r1-sebring,andre-lotterer,2,platinum,true
wec-2012-r1-sebring-1,wec-2012-r1-sebring,benoit-treluyer,3,platinum,true
wec-2012-r1-sebring-22,wec-2012-r1-sebring,david-brabham,1,platinum,true
wec-2012-r1-sebring-22,wec-2012-r1-sebring,karun-chandhok,2,platinum,true
wec-2012-r1-sebring-22,wec-2012-r1-sebring,peter-dumbreck,3,platinum,true
wec-2012-r1-sebring-71,wec-2012-r1-sebring,andrea-bertolini,1,platinum,true
wec-2012-r1-sebring-71,wec-2012-r1-sebring,olivier-beretta,2,platinum,true
wec-2012-r1-sebring-71,wec-2012-r1-sebring,marco-cioci,3,gold,true
wec-2012-r1-sebring-77,wec-2012-r1-sebring,marc-lieb,1,platinum,true
wec-2012-r1-sebring-77,wec-2012-r1-sebring,richard-lietz,2,platinum,true
wec-2012-r1-sebring-77,wec-2012-r1-sebring,patrick-pilet,3,platinum,true
wec-2012-r1-sebring-88,wec-2012-r1-sebring,christian-ried,1,silver,true
wec-2012-r1-sebring-88,wec-2012-r1-sebring,gianluca-roda,2,silver,true
wec-2012-r1-sebring-88,wec-2012-r1-sebring,paolo-ruberti,3,gold,true
wec-2012-r1-sebring-70,wec-2012-r1-sebring,jean-phillipe-belloc,1,gold,true
wec-2012-r1-sebring-70,wec-2012-r1-sebring,christophe-bourret,2,silver,true
wec-2012-r1-sebring-70,wec-2012-r1-sebring,pascal-gibon,3,silver,true
wec-2012-r1-sebring-12,wec-2012-r1-sebring,nicolas-prost,1,platinum,true
wec-2012-r1-sebring-12,wec-2012-r1-sebring,neel-jani,2,platinum,true
wec-2012-r1-sebring-12,wec-2012-r1-sebring,nick-heidfeld,3,platinum,true
wec-2012-r1-sebring-97,wec-2012-r1-sebring,adrian-fernandez,1,platinum,true
wec-2012-r1-sebring-97,wec-2012-r1-sebring,stefan-mucke,2,platinum,true
wec-2012-r1-sebring-97,wec-2012-r1-sebring,darren-turner,3,platinum,true
wec-2012-r1-sebring-13,wec-2012-r1-sebring,andrea-belicchi,1,platinum,true
wec-2012-r1-sebring-13,wec-2012-r1-sebring,harold-primat,2,gold,true
wec-2012-r1-sebring-13,wec-2012-r1-sebring,jeroen-bleekemolen,3,platinum,true
wec-2012-r1-sebring-50,wec-2012-r1-sebring,patrick-bornhauser,1,silver,true
wec-2012-r1-sebring-50,wec-2012-r1-sebring,julien-canal,2,silver,true
wec-2012-r1-sebring-50,wec-2012-r1-sebring,pedro-lamy,3,platinum,true
wec-2012-r1-sebring-61,wec-2012-r1-sebring,robert-kauffman,1,bronze,true
wec-2012-r1-sebring-61,wec-2012-r1-sebring,michael-waltrip,2,platinum,true
wec-2012-r1-sebring-61,wec-2012-r1-sebring,rui-aguas,3,silver,true
wec-2012-r1-sebring-28,wec-2012-r1-sebring,fabien-giroix,1,gold,true
wec-2012-r1-sebring-28,wec-2012-r1-sebring,maxime-jousse,2,silver,true
wec-2012-r1-sebring-28,wec-2012-r1-sebring,stefan-johansson,3,gold,true
wec-2012-r1-sebring-57,wec-2012-r1-sebring,tracy-krohn,1,silver,true
wec-2012-r1-sebring-57,wec-2012-r1-sebring,niclas-jonsson,2,gold,true
wec-2012-r1-sebring-57,wec-2012-r1-sebring,michele-rugolo,3,silver,true
wec-2012-r1-sebring-55,wec-2012-r1-sebring,joel-camathias,1,gold,true
wec-2012-r1-sebring-55,wec-2012-r1-sebring,markus-palttala,2,silver,true
wec-2012-r1-sebring-55,wec-2012-r1-sebring,bill-binnie,3,silver,true
wec-2012-r1-sebring-15,wec-2012-r1-sebring,guillaume-moreau,1,gold,true
wec-2012-r1-sebring-15,wec-2012-r1-sebring,bertrand-baguette,2,platinum,true
wec-2012-r1-sebring-15,wec-2012-r1-sebring,dominik-kraihamer,3,gold,true
wec-2012-r1-sebring-23,wec-2012-r1-sebring,franck-mailleux,1,gold,true
wec-2012-r1-sebring-23,wec-2012-r1-sebring,olivier-lombard,2,gold,true
wec-2012-r1-sebring-23,wec-2012-r1-sebring,jordan-tresson,3,silver,true
wec-2012-r1-sebring-59,wec-2012-r1-sebring,frederic-makowiecki,1,gold,true
wec-2012-r1-sebring-59,wec-2012-r1-sebring,jaime-melo,2,platinum,true
wec-2012-r1-sebring-59,wec-2012-r1-sebring,jean-karl-vernay,3,platinum,true
wec-2012-r1-sebring-58,wec-2012-r1-sebring,pierre-ehret,1,silver,true
wec-2012-r1-sebring-58,wec-2012-r1-sebring,dominik-farnbacher,2,gold,true
wec-2012-r1-sebring-58,wec-2012-r1-sebring,francois-jakubowski,3,silver,true
wec-2012-r1-sebring-51,wec-2012-r1-sebring,giancarlo-fisichella,1,platinum,true
wec-2012-r1-sebring-51,wec-2012-r1-sebring,gianmaria-bruni,2,platinum,true
wec-2012-r1-sebring-51,wec-2012-r1-sebring,toni-vilander,3,platinum,true
wec-2012-r2-spa-3,wec-2012-r2-spa,romain-dumas,1,platinum,true
wec-2012-r2-spa-3,wec-2012-r2-spa,loic-duval,2,platinum,true
wec-2012-r2-spa-3,wec-2012-r2-spa,marc-gene,3,platinum,true
wec-2012-r2-spa-1,wec-2012-r2-spa,marcel-fassler,1,platinum,true
wec-2012-r2-spa-1,wec-2012-r2-spa,andre-lotterer,2,platinum,true
wec-2012-r2-spa-1,wec-2012-r2-spa,benoit-treluyer,3,platinum,true
wec-2012-r2-spa-4,wec-2012-r2-spa,marco-bonanomi,1,platinum,true
wec-2012-r2-spa-4,wec-2012-r2-spa,oliver-jarvis,2,platinum,true
wec-2012-r2-spa-2,wec-2012-r2-spa,dindo-capello,1,platinum,true
wec-2012-r2-spa-2,wec-2012-r2-spa,tom-kristensen,2,platinum,true
wec-2012-r2-spa-2,wec-2012-r2-spa,allan-mcnish,3,platinum,true
wec-2012-r2-spa-12,wec-2012-r2-spa,nicolas-prost,1,platinum,true
wec-2012-r2-spa-12,wec-2012-r2-spa,neel-jani,2,platinum,true
wec-2012-r2-spa-12,wec-2012-r2-spa,nick-heidfeld,3,platinum,true
wec-2012-r2-spa-13,wec-2012-r2-spa,andrea-belicchi,1,platinum,true
wec-2012-r2-spa-13,wec-2012-r2-spa,harold-primat,2,gold,true
wec-2012-r2-spa-21,wec-2012-r2-spa,nick-leventis,1,silver,true
wec-2012-r2-spa-21,wec-2012-r2-spa,danny-watts,2,platinum,true
wec-2012-r2-spa-21,wec-2012-r2-spa,jonny-kane,3,platinum,true
wec-2012-r2-spa-38,wec-2012-r2-spa,simon-dolan,1,silver,true
wec-2012-r2-spa-38,wec-2012-r2-spa,sam-hancock,2,gold,true
wec-2012-r2-spa-25,wec-2012-r2-spa,john-martin,1,gold,true
wec-2012-r2-spa-25,wec-2012-r2-spa,robbie-kerr,2,platinum,true
wec-2012-r2-spa-25,wec-2012-r2-spa,tor-graves,3,silver,true
wec-2012-r2-spa-48,wec-2012-r2-spa,jody-firth,1,silver,true
wec-2012-r2-spa-48,wec-2012-r2-spa,warren-hughes,2,platinum,true
wec-2012-r2-spa-48,wec-2012-r2-spa,brendon-hartley,3,platinum,true
wec-2012-r2-spa-35,wec-2012-r2-spa,david-heinemeir-hansson,1,bronze,true
wec-2012-r2-spa-35,wec-2012-r2-spa,bas-leinders,2,platinum,true
wec-2012-r2-spa-22,wec-2012-r2-spa,david-brabham,1,platinum,true
wec-2012-r2-spa-22,wec-2012-r2-spa,karun-chandhok,2,platinum,true
wec-2012-r2-spa-22,wec-2012-r2-spa,peter-dumbreck,3,platinum,true
wec-2012-r2-spa-45,wec-2012-r2-spa,jack-clarke,1,gold,true
wec-2012-r2-spa-45,wec-2012-r2-spa,bastien-briere,2,silver,true
wec-2012-r2-spa-45,wec-2012-r2-spa,jens-petersen,3,bronze,true
wec-2012-r2-spa-28,wec-2012-r2-spa,fabien-giroix,1,gold,true
wec-2012-r2-spa-28,wec-2012-r2-spa,maxime-jousse,2,silver,true
wec-2012-r2-spa-28,wec-2012-r2-spa,stefan-johansson,3,gold,true
wec-2012-r2-spa-17,wec-2012-r2-spa,sebastien-bourdais,1,platinum,true
wec-2012-r2-spa-17,wec-2012-r2-spa,nicolas-minassian,2,platinum,true
wec-2012-r2-spa-41,wec-2012-r2-spa,christian-zugel,1,bronze,true
wec-2012-r2-spa-41,wec-2012-r2-spa,ricardo-gonzalez,2,silver,true
wec-2012-r2-spa-41,wec-2012-r2-spa,elton-julian,3,gold,true
wec-2012-r2-spa-24,wec-2012-r2-spa,jacques-nicolet,1,silver,true
wec-2012-r2-spa-24,wec-2012-r2-spa,matthieu-lahaye,2,gold,true
wec-2012-r2-spa-24,wec-2012-r2-spa,olivier-pla,3,platinum,true
wec-2012-r2-spa-77,wec-2012-r2-spa,marc-lieb,1,platinum,true
wec-2012-r2-spa-77,wec-2012-r2-spa,richard-lietz,2,platinum,true
wec-2012-r2-spa-51,wec-2012-r2-spa,giancarlo-fisichella,1,platinum,true
wec-2012-r2-spa-51,wec-2012-r2-spa,gianmaria-bruni,2,platinum,true
wec-2012-r2-spa-59,wec-2012-r2-spa,frederic-makowiecki,1,gold,true
wec-2012-r2-spa-59,wec-2012-r2-spa,jaime-melo,2,platinum,true
wec-2012-r2-spa-71,wec-2012-r2-spa,andrea-bertolini,1,platinum,true
wec-2012-r2-spa-71,wec-2012-r2-spa,olivier-beretta,2,platinum,true
wec-2012-r2-spa-67,wec-2012-r2-spa,nicolas-armindo,1,gold,true
wec-2012-r2-spa-67,wec-2012-r2-spa,raymond-narac,2,silver,true
wec-2012-r2-spa-67,wec-2012-r2-spa,anthony-pons,3,bronze,true
wec-2012-r2-spa-29,wec-2012-r2-spa,jean-denis-deletraz,1,silver,true
wec-2012-r2-spa-29,wec-2012-r2-spa,keiko-ihara,2,silver,true
wec-2012-r2-spa-88,wec-2012-r2-spa,christian-ried,1,silver,true
wec-2012-r2-spa-88,wec-2012-r2-spa,gianluca-roda,2,silver,true
wec-2012-r2-spa-88,wec-2012-r2-spa,paolo-ruberti,3,gold,true
wec-2012-r2-spa-49,wec-2012-r2-spa,luis-perez-companc,1,silver,true
wec-2012-r2-spa-49,wec-2012-r2-spa,soheil-ayari,2,platinum,true
wec-2012-r2-spa-49,wec-2012-r2-spa,pierre-kaffer,3,platinum,true
wec-2012-r2-spa-81,wec-2012-r2-spa,piergiuseppe-perazzini,1,silver,true
wec-2012-r2-spa-81,wec-2012-r2-spa,marco-cioci,2,gold,true
wec-2012-r2-spa-81,wec-2012-r2-spa,matt-griffin,3,silver,true
wec-2012-r2-spa-50,wec-2012-r2-spa,patrick-bornhauser,1,silver,true
wec-2012-r2-spa-50,wec-2012-r2-spa,julien-canal,2,silver,true
wec-2012-r2-spa-50,wec-2012-r2-spa,fernando-rees,3,silver,true
wec-2012-r2-spa-58,wec-2012-r2-spa,pierre-ehret,1,silver,true
wec-2012-r2-spa-58,wec-2012-r2-spa,franck-montecalvo,2,silver,true
wec-2012-r2-spa-58,wec-2012-r2-spa,gunnar-jeannette,3,gold,true
wec-2012-r2-spa-32,wec-2012-r2-spa,luca-moro,1,bronze,true
wec-2012-r2-spa-32,wec-2012-r2-spa,kevin-weeda,2,bronze,true
wec-2012-r2-spa-32,wec-2012-r2-spa,james-rossiter,3,platinum,true
wec-2012-r2-spa-26,wec-2012-r2-spa,nelson-panciatici,1,gold,true
wec-2012-r2-spa-26,wec-2012-r2-spa,pierre-ragues,2,gold,true
wec-2012-r2-spa-26,wec-2012-r2-spa,roman-rusinov,3,silver,true
wec-2012-r2-spa-55,wec-2012-r2-spa,joel-camathias,1,gold,true
wec-2012-r2-spa-55,wec-2012-r2-spa,markus-palttala,2,silver,true
wec-2012-r2-spa-55,wec-2012-r2-spa,paul-daniels,3,bronze,true
wec-2012-r2-spa-57,wec-2012-r2-spa,tracy-krohn,1,silver,true
wec-2012-r2-spa-57,wec-2012-r2-spa,niclas-jonsson,2,gold,true
wec-2012-r2-spa-57,wec-2012-r2-spa,michele-rugolo,3,silver,true
wec-2012-r2-spa-23,wec-2012-r2-spa,franck-mailleux,1,gold,true
wec-2012-r2-spa-23,wec-2012-r2-spa,olivier-lombard,2,gold,true
wec-2012-r2-spa-23,wec-2012-r2-spa,jordan-tresson,3,silver,true
wec-2012-r2-spa-44,wec-2012-r2-spa,vicente-potolicchio,1,silver,true
wec-2012-r2-spa-44,wec-2012-r2-spa,ryan-dalziel,2,platinum,true
wec-2012-r2-spa-44,wec-2012-r2-spa,stephane-sarrazin,3,platinum,true
wec-2012-r2-spa-15,wec-2012-r2-spa,guillaume-moreau,1,gold,true
wec-2012-r2-spa-15,wec-2012-r2-spa,bertrand-baguette,2,platinum,true
wec-2012-r2-spa-15,wec-2012-r2-spa,dominik-kraihamer,3,gold,true
wec-2012-r2-spa-31,wec-2012-r2-spa,thomas-holzer,1,silver,true
wec-2012-r2-spa-31,wec-2012-r2-spa,mirco-schultis,2,silver,true
wec-2012-r2-spa-31,wec-2012-r2-spa,renger-van-der-zande,3,gold,true
wec-2012-r2-spa-43,wec-2012-r2-spa,philippe-thirion,1,bronze,true
wec-2012-r2-spa-43,wec-2012-r2-spa,philippe-haezebrouck,2,silver,true
wec-2012-r2-spa-40,wec-2012-r2-spa,michel-frey,1,silver,true
wec-2012-r2-spa-40,wec-2012-r2-spa,jonathan-hirschi,2,gold,true
wec-2012-r2-spa-40,wec-2012-r2-spa,ralph-meichtry,3,gold,true
wec-2012-r2-spa-70,wec-2012-r2-spa,jean-philippe-belloc,1,gold,true
wec-2012-r2-spa-70,wec-2012-r2-spa,christophe-bourret,2,silver,true
wec-2012-r2-spa-97,wec-2012-r2-spa,adrian-fernandez,1,platinum,true
wec-2012-r2-spa-97,wec-2012-r2-spa,stefan-mucke,2,platinum,true
wec-2012-r2-spa-97,wec-2012-r2-spa,darren-turner,3,platinum,true
wec-2012-r2-spa-61,wec-2012-r2-spa,robert-kauffman,1,bronze,true
wec-2012-r2-spa-61,wec-2012-r2-spa,brian-vickers,2,platinum,true
wec-2012-r2-spa-61,wec-2012-r2-spa,rui-aguas,3,silver,true
wec-2012-r2-spa-30,wec-2012-r2-spa,alexandrer-sims,1,platinum,true
wec-2012-r2-spa-30,wec-2012-r2-spa,yelmer-buurman,2,platinum,true
wec-2012-r2-spa-30,wec-2012-r2-spa,romain-iannetta,3,silver,true
wec-2012-r3-le-mans-1,wec-2012-r3-le-mans,marcel-fassler,1,platinum,true
wec-2012-r3-le-mans-1,wec-2012-r3-le-mans,andre-lotterer,2,platinum,true
wec-2012-r3-le-mans-1,wec-2012-r3-le-mans,benoit-treluyer,3,platinum,true
wec-2012-r3-le-mans-2,wec-2012-r3-le-mans,dindo-capello,1,platinum,true
wec-2012-r3-le-mans-2,wec-2012-r3-le-mans,tom-kristensen,2,platinum,true
wec-2012-r3-le-mans-2,wec-2012-r3-le-mans,allan-mcnish,3,platinum,true
wec-2012-r3-le-mans-4,wec-2012-r3-le-mans,marco-bonanomi,1,platinum,true
wec-2012-r3-le-mans-4,wec-2012-r3-le-mans,oliver-jarvis,2,platinum,true
wec-2012-r3-le-mans-4,wec-2012-r3-le-mans,mike-rockenfeller,3,platinum,true
wec-2012-r3-le-mans-12,wec-2012-r3-le-mans,nicolas-prost,1,platinum,true
wec-2012-r3-le-mans-12,wec-2012-r3-le-mans,neel-jani,2,platinum,true
wec-2012-r3-le-mans-12,wec-2012-r3-le-mans,nick-heidfeld,3,platinum,true
wec-2012-r3-le-mans-3,wec-2012-r3-le-mans,romain-dumas,1,platinum,true
wec-2012-r3-le-mans-3,wec-2012-r3-le-mans,loic-duval,2,platinum,true
wec-2012-r3-le-mans-3,wec-2012-r3-le-mans,marc-gene,3,platinum,true
wec-2012-r3-le-mans-22,wec-2012-r3-le-mans,david-brabham,1,platinum,true
wec-2012-r3-le-mans-22,wec-2012-r3-le-mans,karun-chandhok,2,platinum,true
wec-2012-r3-le-mans-22,wec-2012-r3-le-mans,peter-dumbreck,3,platinum,true
wec-2012-r3-le-mans-44,wec-2012-r3-le-mans,vicente-potolicchio,1,silver,true
wec-2012-r3-le-mans-44,wec-2012-r3-le-mans,ryan-dalziel,2,platinum,true
wec-2012-r3-le-mans-44,wec-2012-r3-le-mans,thomas-kimber-smith,3,gold,true
wec-2012-r3-le-mans-46,wec-2012-r3-le-mans,mathias-beche,1,gold,true
wec-2012-r3-le-mans-46,wec-2012-r3-le-mans,pierre-thiriet,2,silver,true
wec-2012-r3-le-mans-46,wec-2012-r3-le-mans,christophe-tinseau,3,platinum,true
wec-2012-r3-le-mans-49,wec-2012-r3-le-mans,luis-perez-companc,1,silver,true
wec-2012-r3-le-mans-49,wec-2012-r3-le-mans,soheil-ayari,2,platinum,true
wec-2012-r3-le-mans-49,wec-2012-r3-le-mans,pierre-kaffer,3,platinum,true
wec-2012-r3-le-mans-26,wec-2012-r3-le-mans,nelson-panciatici,1,gold,true
wec-2012-r3-le-mans-26,wec-2012-r3-le-mans,pierre-ragues,2,gold,true
wec-2012-r3-le-mans-26,wec-2012-r3-le-mans,roman-rusinov,3,silver,true
wec-2012-r3-le-mans-13,wec-2012-r3-le-mans,andrea-belicchi,1,platinum,true
wec-2012-r3-le-mans-13,wec-2012-r3-le-mans,harold-primat,2,gold,true
wec-2012-r3-le-mans-13,wec-2012-r3-le-mans,jeroen-bleekemolen,3,platinum,true
wec-2012-r3-le-mans-41,wec-2012-r3-le-mans,christian-zugel,1,bronze,true
wec-2012-r3-le-mans-41,wec-2012-r3-le-mans,ricardo-gonzalez,2,silver,true
wec-2012-r3-le-mans-41,wec-2012-r3-le-mans,elton-julian,3,gold,true
wec-2012-r3-le-mans-25,wec-2012-r3-le-mans,john-martin,1,gold,true
wec-2012-r3-le-mans-25,wec-2012-r3-le-mans,jan-charouz,2,gold,true
wec-2012-r3-le-mans-25,wec-2012-r3-le-mans,tor-graves,3,silver,true
wec-2012-r3-le-mans-35,wec-2012-r3-le-mans,david-heinemeier-hansson,1,bronze,true
wec-2012-r3-le-mans-35,wec-2012-r3-le-mans,bas-leinders,2,platinum,true
wec-2012-r3-le-mans-35,wec-2012-r3-le-mans,maxime-martin,3,gold,true
wec-2012-r3-le-mans-42,wec-2012-r3-le-mans,lucas-ordonez,1,silver,true
wec-2012-r3-le-mans-42,wec-2012-r3-le-mans,martin-brundle,2,platinum,true
wec-2012-r3-le-mans-42,wec-2012-r3-le-mans,alex-brundle,3,silver,true
wec-2012-r3-le-mans-23,wec-2012-r3-le-mans,franck-mailleux,1,gold,true
wec-2012-r3-le-mans-23,wec-2012-r3-le-mans,olivier-lombard,2,gold,true
wec-2012-r3-le-mans-23,wec-2012-r3-le-mans,jordan-tresson,3,silver,true
wec-2012-r3-le-mans-51,wec-2012-r3-le-mans,giancarlo-fisichella,1,platinum,true
wec-2012-r3-le-mans-51,wec-2012-r3-le-mans,gianmaria-bruni,2,platinum,true
wec-2012-r3-le-mans-51,wec-2012-r3-le-mans,toni-vilander,3,platinum,true
wec-2012-r3-le-mans-59,wec-2012-r3-le-mans,frederic-makowiecki,1,gold,true
wec-2012-r3-le-mans-59,wec-2012-r3-le-mans,jaime-melo,2,platinum,true
wec-2012-r3-le-mans-59,wec-2012-r3-le-mans,dominik-farnbacher,3,gold,true
wec-2012-r3-le-mans-97,wec-2012-r3-le-mans,adrian-fernandez,1,platinum,true
wec-2012-r3-le-mans-97,wec-2012-r3-le-mans,stefan-mucke,2,platinum,true
wec-2012-r3-le-mans-97,wec-2012-r3-le-mans,darren-turner,3,platinum,true
wec-2012-r3-le-mans-50,wec-2012-r3-le-mans,patrick-bornhauser,1,silver,true
wec-2012-r3-le-mans-50,wec-2012-r3-le-mans,julien-canal,2,silver,true
wec-2012-r3-le-mans-50,wec-2012-r3-le-mans,pedro-lamy,3,platinum,true
wec-2012-r3-le-mans-67,wec-2012-r3-le-mans,nicolas-armindo,1,gold,true
wec-2012-r3-le-mans-67,wec-2012-r3-le-mans,raymond-narac,2,silver,true
wec-2012-r3-le-mans-67,wec-2012-r3-le-mans,anthony-pons,3,bronze,true
wec-2012-r3-le-mans-71,wec-2012-r3-le-mans,andrea-bertolini,1,platinum,true
wec-2012-r3-le-mans-71,wec-2012-r3-le-mans,olivier-beretta,2,platinum,true
wec-2012-r3-le-mans-71,wec-2012-r3-le-mans,marco-cioci,3,gold,true
wec-2012-r3-le-mans-73,wec-2012-r3-le-mans,jordan-taylor,1,gold,true
wec-2012-r3-le-mans-73,wec-2012-r3-le-mans,antonio-garcia,2,platinum,true
wec-2012-r3-le-mans-73,wec-2012-r3-le-mans,jan-magnussen,3,platinum,true
wec-2012-r3-le-mans-45,wec-2012-r3-le-mans,bastien-briere,1,silver,true
wec-2012-r3-le-mans-45,wec-2012-r3-le-mans,jens-petersen,2,bronze,true
wec-2012-r3-le-mans-45,wec-2012-r3-le-mans,shinji-nakano,3,platinum,true
wec-2012-r3-le-mans-57,wec-2012-r3-le-mans,tracy-krohn,1,silver,true
wec-2012-r3-le-mans-57,wec-2012-r3-le-mans,niclas-jonsson,2,gold,true
wec-2012-r3-le-mans-57,wec-2012-r3-le-mans,michele-rugolo,3,silver,true
wec-2012-r3-le-mans-40,wec-2012-r3-le-mans,michel-frey,1,silver,true
wec-2012-r3-le-mans-40,wec-2012-r3-le-mans,jonathan-hirschi,2,gold,true
wec-2012-r3-le-mans-40,wec-2012-r3-le-mans,ralph-meichtry,3,gold,true
wec-2012-r3-le-mans-79,wec-2012-r3-le-mans,seth-neiman,1,silver,true
wec-2012-r3-le-mans-79,wec-2012-r3-le-mans,patrick-pilet,2,platinum,true
wec-2012-r3-le-mans-79,wec-2012-r3-le-mans,spencer-pumpelly,3,silver,true
wec-2012-r3-le-mans-70,wec-2012-r3-le-mans,jean-philippe-belloc,1,gold,true
wec-2012-r3-le-mans-70,wec-2012-r3-le-mans,christophe-bourret,2,silver,true
wec-2012-r3-le-mans-70,wec-2012-r3-le-mans,pascal-gibon,3,silver,true
wec-2012-r3-le-mans-43,wec-2012-r3-le-mans,fabien-rosier,1,silver,true
wec-2012-r3-le-mans-43,wec-2012-r3-le-mans,philippe-thirion,2,bronze,true
wec-2012-r3-le-mans-43,wec-2012-r3-le-mans,philippe-haezebrouck,3,silver,true
wec-2012-r3-le-mans-21,wec-2012-r3-le-mans,nick-leventis,1,silver,true
wec-2012-r3-le-mans-21,wec-2012-r3-le-mans,danny-watts,2,platinum,true
wec-2012-r3-le-mans-21,wec-2012-r3-le-mans,jonny-kane,3,platinum,true
wec-2012-r3-le-mans-61,wec-2012-r3-le-mans,robert-kauffman,1,bronze,true
wec-2012-r3-le-mans-61,wec-2012-r3-le-mans,rui-aguas,2,silver,true
wec-2012-r3-le-mans-61,wec-2012-r3-le-mans,brian-vickers,3,platinum,true
wec-2012-r3-le-mans-83,wec-2012-r3-le-mans,manuel-rodrigues,1,bronze,true
wec-2012-r3-le-mans-83,wec-2012-r3-le-mans,alain-ferte,2,gold,true
wec-2012-r3-le-mans-83,wec-2012-r3-le-mans,philippe-illiano,3,bronze,true
wec-2012-r3-le-mans-55,wec-2012-r3-le-mans,joel-camathias,1,gold,true
wec-2012-r3-le-mans-55,wec-2012-r3-le-mans,markus-palttala,2,silver,true
wec-2012-r3-le-mans-55,wec-2012-r3-le-mans,paul-daniels,3,bronze,true
wec-2012-r3-le-mans-74,wec-2012-r3-le-mans,oliver-gavin,1,platinum,true
wec-2012-r3-le-mans-74,wec-2012-r3-le-mans,tommy-milner,2,platinum,true
wec-2012-r3-le-mans-74,wec-2012-r3-le-mans,richard-westbrook,3,platinum,true
wec-2012-r3-le-mans-17,wec-2012-r3-le-mans,sebastien-bourdais,1,platinum,true
wec-2012-r3-le-mans-17,wec-2012-r3-le-mans,nicolas-minassian,2,platinum,true
wec-2012-r3-le-mans-17,wec-2012-r3-le-mans,seiji-ara,3,platinum,true
wec-2012-r3-le-mans-38,wec-2012-r3-le-mans,simon-dolan,1,silver,true
wec-2012-r3-le-mans-38,wec-2012-r3-le-mans,sam-hancock,2,gold,true
wec-2012-r3-le-mans-38,wec-2012-r3-le-mans,haruki-kurosawa,3,gold,true
wec-2012-r3-le-mans-33,wec-2012-r3-le-mans,scott-tucker,1,silver,true
wec-2012-r3-le-mans-33,wec-2012-r3-le-mans,christophe-bouchut,2,platinum,true
wec-2012-r3-le-mans-33,wec-2012-r3-le-mans,luis-diaz,3,gold,true
wec-2012-r3-le-mans-30,wec-2012-r3-le-mans,alexander-sims,1,platinum,true
wec-2012-r3-le-mans-30,wec-2012-r3-le-mans,yelmer-buurman,2,platinum,true
wec-2012-r3-le-mans-30,wec-2012-r3-le-mans,romain-ianneta,3,silver,true
wec-2012-r3-le-mans-88,wec-2012-r3-le-mans,christian-ried,1,silver,true
wec-2012-r3-le-mans-88,wec-2012-r3-le-mans,gianluca-roda,2,silver,true
wec-2012-r3-le-mans-88,wec-2012-r3-le-mans,paolo-ruberti,3,gold,true
wec-2012-r3-le-mans-15,wec-2012-r3-le-mans,franck-montagny,1,platinum,true
wec-2012-r3-le-mans-15,wec-2012-r3-le-mans,bertrand-baguette,2,platinum,true
wec-2012-r3-le-mans-15,wec-2012-r3-le-mans,dominik-kraihamer,3,gold,true
wec-2012-r3-le-mans-66,wec-2012-r3-le-mans,james-walker,1,gold,true
wec-2012-r3-le-mans-66,wec-2012-r3-le-mans,jonny-cocker,2,gold,true
wec-2012-r3-le-mans-66,wec-2012-r3-le-mans,roger-wills,3,bronze,true
wec-2012-r3-le-mans-48,wec-2012-r3-le-mans,jody-firth,1,silver,true
wec-2012-r3-le-mans-48,wec-2012-r3-le-mans,warren-hughes,2,platinum,true
wec-2012-r3-le-mans-48,wec-2012-r3-le-mans,brendon-hartley,3,platinum,true
wec-2012-r3-le-mans-77,wec-2012-r3-le-mans,marc-lieb,1,platinum,true
wec-2012-r3-le-mans-77,wec-2012-r3-le-mans,richard-lietz,2,platinum,true
wec-2012-r3-le-mans-77,wec-2012-r3-le-mans,wolf-henzler,3,platinum,true
wec-2012-r3-le-mans-75,wec-2012-r3-le-mans,abdulaziz-alfaisal,1,silver,true
wec-2012-r3-le-mans-75,wec-2012-r3-le-mans,bret-curtis,2,bronze,true
wec-2012-r3-le-mans-75,wec-2012-r3-le-mans,sean-edwards,3,gold,true
wec-2012-r3-le-mans-31,wec-2012-r3-le-mans,thomas-holzer,1,silver,true
wec-2012-r3-le-mans-31,wec-2012-r3-le-mans,mirco-schultis,2,silver,true
wec-2012-r3-le-mans-31,wec-2012-r3-le-mans,luca-moro,3,bronze,true
wec-2012-r3-le-mans-58,wec-2012-r3-le-mans,pierre-ehret,1,silver,true
wec-2012-r3-le-mans-58,wec-2012-r3-le-mans,franck-montecalvo,2,silver,true
wec-2012-r3-le-mans-58,wec-2012-r3-le-mans,gunnar-jeannette,3,gold,true
wec-2012-r3-le-mans-24,wec-2012-r3-le-mans,jacques-nicolet,1,silver,true
wec-2012-r3-le-mans-24,wec-2012-r3-le-mans,matthieu-lahaye,2,gold,true
wec-2012-r3-le-mans-24,wec-2012-r3-le-mans,olivier-pla,3,platinum,true
wec-2012-r3-le-mans-7,wec-2012-r3-le-mans,alexander-wurz,1,platinum,true
wec-2012-r3-le-mans-7,wec-2012-r3-le-mans,nicolas-lapierre,2,platinum,true
wec-2012-r3-le-mans-7,wec-2012-r3-le-mans,kazuki-nakajima,3,platinum,true
wec-2012-r3-le-mans-80,wec-2012-r3-le-mans,jorg-bergmeister,1,platinum,true
wec-2012-r3-le-mans-80,wec-2012-r3-le-mans,patrick-long,2,platinum,true
wec-2012-r3-le-mans-80,wec-2012-r3-le-mans,marco-holzer,3,gold,true
wec-2012-r3-le-mans-28,wec-2012-r3-le-mans,fabien-giroix,1,gold,true
wec-2012-r3-le-mans-28,wec-2012-r3-le-mans,stefan-johansson,2,gold,true
wec-2012-r3-le-mans-28,wec-2012-r3-le-mans,ludovic-badey,3,silver,true
wec-2012-r3-le-mans-8,wec-2012-r3-le-mans,anthony-davidson,1,platinum,true
wec-2012-r3-le-mans-8,wec-2012-r3-le-mans,sebastien-buemi,2,platinum,true
wec-2012-r3-le-mans-8,wec-2012-r3-le-mans,stephane-sarrazin,3,platinum,true
wec-2012-r3-le-mans-0,wec-2012-r3-le-mans,marino-franchitti,1,gold,true
wec-2012-r3-le-mans-0,wec-2012-r3-le-mans,michael-krumm,2,platinum,true
wec-2012-r3-le-mans-0,wec-2012-r3-le-mans,satoshi-motoyama,3,platinum,true
wec-2012-r3-le-mans-81,wec-2012-r3-le-mans,piergiuseppe-perazzini,1,silver,true
wec-2012-r3-le-mans-81,wec-2012-r3-le-mans,nicola-cadei,2,silver,true
wec-2012-r3-le-mans-81,wec-2012-r3-le-mans,matt-griffin,3,silver,true
wec-2012-r3-le-mans-99,wec-2012-r3-le-mans,allan-simonsen,1,gold,true
wec-2012-r3-le-mans-99,wec-2012-r3-le-mans,christoffer-nygaard,2,silver,true
wec-2012-r3-le-mans-99,wec-2012-r3-le-mans,kristian-poulsen,3,silver,true
wec-2012-r3-le-mans-16,wec-2012-r3-le-mans,emmanuel-collard,1,platinum,true
wec-2012-r3-le-mans-16,wec-2012-r3-le-mans,stuart-hall,2,gold,true
wec-2012-r3-le-mans-29,wec-2012-r3-le-mans,jean-denis-deletraz,1,silver,true
wec-2012-r3-le-mans-29,wec-2012-r3-le-mans,keiko-ihara,2,silver,true
wec-2012-r3-le-mans-29,wec-2012-r3-le-mans,marc-rostan,3,silver,true
wec-2012-r4-silverstone-1,wec-2012-r4-silverstone,marcel-fassler,1,platinum,true
wec-2012-r4-silverstone-1,wec-2012-r4-silverstone,andre-lotterer,2,platinum,true
wec-2012-r4-silverstone-1,wec-2012-r4-silverstone,benoit-treluyer,3,platinum,true
wec-2012-r4-silverstone-7,wec-2012-r4-silverstone,alexander-wurz,1,platinum,true
wec-2012-r4-silverstone-7,wec-2012-r4-silverstone,nicolas-lapierre,2,platinum,true
wec-2012-r4-silverstone-7,wec-2012-r4-silverstone,kazuki-nakajima,3,platinum,true
wec-2012-r4-silverstone-2,wec-2012-r4-silverstone,tom-kristensen,1,platinum,true
wec-2012-r4-silverstone-2,wec-2012-r4-silverstone,allan-mcnish,2,platinum,true
wec-2012-r4-silverstone-13,wec-2012-r4-silverstone,andrea-belicchi,1,platinum,true
wec-2012-r4-silverstone-13,wec-2012-r4-silverstone,harold-primat,2,gold,true
wec-2012-r4-silverstone-21,wec-2012-r4-silverstone,nick-leventis,1,silver,true
wec-2012-r4-silverstone-21,wec-2012-r4-silverstone,danny-watts,2,platinum,true
wec-2012-r4-silverstone-21,wec-2012-r4-silverstone,jonny-kane,3,platinum,true
wec-2012-r4-silverstone-12,wec-2012-r4-silverstone,nicolas-prost,1,platinum,true
wec-2012-r4-silverstone-12,wec-2012-r4-silverstone,neel-jani,2,platinum,true
wec-2012-r4-silverstone-22,wec-2012-r4-silverstone,david-brabham,1,platinum,true
wec-2012-r4-silverstone-22,wec-2012-r4-silverstone,karun-chandhok,2,platinum,true
wec-2012-r4-silverstone-22,wec-2012-r4-silverstone,peter-dumbreck,3,platinum,true
wec-2012-r4-silverstone-25,wec-2012-r4-silverstone,john-martin,1,gold,true
wec-2012-r4-silverstone-25,wec-2012-r4-silverstone,jan-charouz,2,gold,true
wec-2012-r4-silverstone-25,wec-2012-r4-silverstone,tor-graves,3,silver,true
wec-2012-r4-silverstone-44,wec-2012-r4-silverstone,vicente-potolicchio,1,silver,true
wec-2012-r4-silverstone-44,wec-2012-r4-silverstone,ryan-dalziel,2,platinum,true
wec-2012-r4-silverstone-44,wec-2012-r4-silverstone,stephane-sarrazin,3,platinum,true
wec-2012-r4-silverstone-26,wec-2012-r4-silverstone,nelson-panciatici,1,gold,true
wec-2012-r4-silverstone-26,wec-2012-r4-silverstone,pierre-ragues,2,gold,true
wec-2012-r4-silverstone-26,wec-2012-r4-silverstone,roman-rusinov,3,silver,true
wec-2012-r4-silverstone-49,wec-2012-r4-silverstone,luis-perez-companc,1,silver,true
wec-2012-r4-silverstone-49,wec-2012-r4-silverstone,soheil-ayari,2,platinum,true
wec-2012-r4-silverstone-49,wec-2012-r4-silverstone,pierre-kaffer,3,platinum,true
wec-2012-r4-silverstone-42,wec-2012-r4-silverstone,lucas-ordonez,1,silver,true
wec-2012-r4-silverstone-42,wec-2012-r4-silverstone,martin-brundle,2,platinum,true
wec-2012-r4-silverstone-42,wec-2012-r4-silverstone,alex-brundle,3,silver,true
wec-2012-r4-silverstone-24,wec-2012-r4-silverstone,jacques-nicolet,1,silver,true
wec-2012-r4-silverstone-24,wec-2012-r4-silverstone,matthieu-lahaye,2,gold,true
wec-2012-r4-silverstone-24,wec-2012-r4-silverstone,olivier-pla,3,platinum,true
wec-2012-r4-silverstone-38,wec-2012-r4-silverstone,simon-dolan,1,silver,true
wec-2012-r4-silverstone-38,wec-2012-r4-silverstone,sam-hancock,2,gold,true
wec-2012-r4-silverstone-38,wec-2012-r4-silverstone,nicolas-minassian,3,platinum,true
wec-2012-r4-silverstone-30,wec-2012-r4-silverstone,alexander-sims,1,platinum,true
wec-2012-r4-silverstone-30,wec-2012-r4-silverstone,julien-jousse,2,platinum,true
wec-2012-r4-silverstone-30,wec-2012-r4-silverstone,maxime-jousse,3,silver,true
wec-2012-r4-silverstone-48,wec-2012-r4-silverstone,jody-firth,1,silver,true
wec-2012-r4-silverstone-48,wec-2012-r4-silverstone,warren-hughes,2,platinum,true
wec-2012-r4-silverstone-48,wec-2012-r4-silverstone,brendon-hartley,3,platinum,true
wec-2012-r4-silverstone-35,wec-2012-r4-silverstone,david-heinemeier-hansson,1,bronze,true
wec-2012-r4-silverstone-35,wec-2012-r4-silverstone,bertrand-baguette,2,platinum,true
wec-2012-r4-silverstone-35,wec-2012-r4-silverstone,dominik-kraihamer,3,gold,true
wec-2012-r4-silverstone-29,wec-2012-r4-silverstone,fabien-giroix,1,gold,true
wec-2012-r4-silverstone-29,wec-2012-r4-silverstone,keiko-ihara,2,silver,true
wec-2012-r4-silverstone-29,wec-2012-r4-silverstone,jean-denis-deletraz,3,silver,true
wec-2012-r4-silverstone-31,wec-2012-r4-silverstone,thomas-holzer,1,silver,true
wec-2012-r4-silverstone-31,wec-2012-r4-silverstone,mirco-schultis,2,silver,true
wec-2012-r4-silverstone-31,wec-2012-r4-silverstone,christijan-albers,3,platinum,true
wec-2012-r4-silverstone-41,wec-2012-r4-silverstone,christian-zugel,1,bronze,true
wec-2012-r4-silverstone-41,wec-2012-r4-silverstone,ricardo-gonzalez,2,silver,true
wec-2012-r4-silverstone-41,wec-2012-r4-silverstone,elton-julian,3,gold,true
wec-2012-r4-silverstone-51,wec-2012-r4-silverstone,giancarlo-fisichella,1,platinum,true
wec-2012-r4-silverstone-51,wec-2012-r4-silverstone,gianmaria-bruni,2,platinum,true
wec-2012-r4-silverstone-66,wec-2012-r4-silverstone,james-walker,1,gold,true
wec-2012-r4-silverstone-66,wec-2012-r4-silverstone,jonny-cocker,2,gold,true
wec-2012-r4-silverstone-97,wec-2012-r4-silverstone,adrian-fernandez,1,platinum,true
wec-2012-r4-silverstone-97,wec-2012-r4-silverstone,stefan-mucke,2,platinum,true
wec-2012-r4-silverstone-97,wec-2012-r4-silverstone,darren-turner,3,platinum,true
wec-2012-r4-silverstone-61,wec-2012-r4-silverstone,piergiuseppe-perazzini,1,silver,true
wec-2012-r4-silverstone-61,wec-2012-r4-silverstone,marco-cioci,2,gold,true
wec-2012-r4-silverstone-61,wec-2012-r4-silverstone,matt-griffin,3,silver,true
wec-2012-r4-silverstone-88,wec-2012-r4-silverstone,christian-ried,1,silver,true
wec-2012-r4-silverstone-88,wec-2012-r4-silverstone,gianluca-roda,2,silver,true
wec-2012-r4-silverstone-88,wec-2012-r4-silverstone,paolo-ruberti,3,gold,true
wec-2012-r4-silverstone-57,wec-2012-r4-silverstone,tracy-krohn,1,silver,true
wec-2012-r4-silverstone-57,wec-2012-r4-silverstone,niclas-jonsson,2,gold,true
wec-2012-r4-silverstone-57,wec-2012-r4-silverstone,michele-rugolo,3,silver,true
wec-2012-r4-silverstone-77,wec-2012-r4-silverstone,marc-lieb,1,platinum,true
wec-2012-r4-silverstone-77,wec-2012-r4-silverstone,richard-lietz,2,platinum,true
wec-2012-r4-silverstone-98,wec-2012-r4-silverstone,roald-goethe,1,bronze,true
wec-2012-r4-silverstone-98,wec-2012-r4-silverstone,stuart-hall,2,gold,true
wec-2012-r4-silverstone-70,wec-2012-r4-silverstone,jean-philippe-belloc,1,gold,true
wec-2012-r4-silverstone-70,wec-2012-r4-silverstone,christophe-bourret,2,silver,true
wec-2012-r4-silverstone-70,wec-2012-r4-silverstone,pascal-gibon,3,silver,true
wec-2012-r4-silverstone-55,wec-2012-r4-silverstone,joel-camathias,1,gold,true
wec-2012-r4-silverstone-55,wec-2012-r4-silverstone,markus-palttala,2,silver,true
wec-2012-r4-silverstone-55,wec-2012-r4-silverstone,paul-daniels,3,bronze,true
wec-2012-r4-silverstone-71,wec-2012-r4-silverstone,andrea-bertolini,1,platinum,true
wec-2012-r4-silverstone-71,wec-2012-r4-silverstone,olivier-beretta,2,platinum,true
wec-2012-r4-silverstone-99,wec-2012-r4-silverstone,jonathan-adam,1,gold,true
wec-2012-r4-silverstone-99,wec-2012-r4-silverstone,andrew-howard,2,bronze,true
wec-2012-r4-silverstone-99,wec-2012-r4-silverstone,paul-white,3,bronze,true
wec-2012-r4-silverstone-23,wec-2012-r4-silverstone,franck-mailleux,1,gold,true
wec-2012-r4-silverstone-23,wec-2012-r4-silverstone,olivier-lombard,2,gold,true
wec-2012-r4-silverstone-23,wec-2012-r4-silverstone,jordan-tresson,3,silver,true
wec-2012-r4-silverstone-32,wec-2012-r4-silverstone,vitantonio-liuzzi,1,platinum,true
wec-2012-r4-silverstone-32,wec-2012-r4-silverstone,james-rossiter,2,platinum,true
wec-2012-r4-silverstone-32,wec-2012-r4-silverstone,kevin-weeda,3,bronze,true
wec-2012-r4-silverstone-50,wec-2012-r4-silverstone,patrick-bornhauser,1,silver,true
wec-2012-r4-silverstone-50,wec-2012-r4-silverstone,julien-canal,2,silver,true
wec-2012-r4-silverstone-50,wec-2012-r4-silverstone,fernando-rees,3,silver,true
wec-2012-r5-sao-paulo-7,wec-2012-r5-sao-paulo,alexander-wurz,1,platinum,true
wec-2012-r5-sao-paulo-7,wec-2012-r5-sao-paulo,nicolas-lapierre,2,platinum,true
wec-2012-r5-sao-paulo-1,wec-2012-r5-sao-paulo,marcel-fassler,1,platinum,true
wec-2012-r5-sao-paulo-1,wec-2012-r5-sao-paulo,andre-lotterer,2,platinum,true
wec-2012-r5-sao-paulo-1,wec-2012-r5-sao-paulo,benoit-treluyer,3,platinum,true
wec-2012-r5-sao-paulo-2,wec-2012-r5-sao-paulo,tom-kristensen,1,platinum,true
wec-2012-r5-sao-paulo-2,wec-2012-r5-sao-paulo,allan-mcnish,2,platinum,true
wec-2012-r5-sao-paulo-2,wec-2012-r5-sao-paulo,lucas-di-grassi,3,platinum,true
wec-2012-r5-sao-paulo-12,wec-2012-r5-sao-paulo,nicolas-prost,1,platinum,true
wec-2012-r5-sao-paulo-12,wec-2012-r5-sao-paulo,neel-jani,2,platinum,true
wec-2012-r5-sao-paulo-21,wec-2012-r5-sao-paulo,nick-leventis,1,silver,true
wec-2012-r5-sao-paulo-21,wec-2012-r5-sao-paulo,danny-watts,2,platinum,true
wec-2012-r5-sao-paulo-21,wec-2012-r5-sao-paulo,jonny-kane,3,platinum,true
wec-2012-r5-sao-paulo-13,wec-2012-r5-sao-paulo,andrea-belicchi,1,platinum,true
wec-2012-r5-sao-paulo-13,wec-2012-r5-sao-paulo,harold-primat,2,gold,true
wec-2012-r5-sao-paulo-44,wec-2012-r5-sao-paulo,vicente-potolicchio,1,silver,true
wec-2012-r5-sao-paulo-44,wec-2012-r5-sao-paulo,ryan-dalziel,2,platinum,true
wec-2012-r5-sao-paulo-44,wec-2012-r5-sao-paulo,stephane-sarrazin,3,platinum,true
wec-2012-r5-sao-paulo-49,wec-2012-r5-sao-paulo,luis-perez-companc,1,silver,true
wec-2012-r5-sao-paulo-49,wec-2012-r5-sao-paulo,nicolas-minassian,2,platinum,true
wec-2012-r5-sao-paulo-49,wec-2012-r5-sao-paulo,pierre-kaffer,3,platinum,true
wec-2012-r5-sao-paulo-22,wec-2012-r5-sao-paulo,david-brabham,1,platinum,true
wec-2012-r5-sao-paulo-22,wec-2012-r5-sao-paulo,karun-chandhok,2,platinum,true
wec-2012-r5-sao-paulo-22,wec-2012-r5-sao-paulo,peter-dumbreck,3,platinum,true
wec-2012-r5-sao-paulo-24,wec-2012-r5-sao-paulo,jacques-nicolet,1,silver,true
wec-2012-r5-sao-paulo-24,wec-2012-r5-sao-paulo,matthieu-lahaye,2,gold,true
wec-2012-r5-sao-paulo-24,wec-2012-r5-sao-paulo,olivier-pla,3,platinum,true
wec-2012-r5-sao-paulo-41,wec-2012-r5-sao-paulo,christian-zugel,1,bronze,true
wec-2012-r5-sao-paulo-41,wec-2012-r5-sao-paulo,roberto-gonzalez,2,silver,true
wec-2012-r5-sao-paulo-41,wec-2012-r5-sao-paulo,elton-julian,3,gold,true
wec-2012-r5-sao-paulo-25,wec-2012-r5-sao-paulo,john-martin,1,gold,true
wec-2012-r5-sao-paulo-25,wec-2012-r5-sao-paulo,jan-charouz,2,gold,true
wec-2012-r5-sao-paulo-25,wec-2012-r5-sao-paulo,tor-graves,3,silver,true
wec-2012-r5-sao-paulo-32,wec-2012-r5-sao-paulo,vitantonio-liuzzi,1,platinum,true
wec-2012-r5-sao-paulo-32,wec-2012-r5-sao-paulo,james-rossiter,2,platinum,true
wec-2012-r5-sao-paulo-32,wec-2012-r5-sao-paulo,kevin-weeda,3,bronze,true
wec-2012-r5-sao-paulo-26,wec-2012-r5-sao-paulo,nelson-panciatici,1,gold,true
wec-2012-r5-sao-paulo-26,wec-2012-r5-sao-paulo,pierre-ragues,2,gold,true
wec-2012-r5-sao-paulo-26,wec-2012-r5-sao-paulo,roman-rusinov,3,silver,true
wec-2012-r5-sao-paulo-31,wec-2012-r5-sao-paulo,thomas-holzer,1,silver,true
wec-2012-r5-sao-paulo-31,wec-2012-r5-sao-paulo,mirco-schultis,2,silver,true
wec-2012-r5-sao-paulo-31,wec-2012-r5-sao-paulo,luca-moro,3,bronze,true
wec-2012-r5-sao-paulo-51,wec-2012-r5-sao-paulo,giancarlo-fisichella,1,platinum,true
wec-2012-r5-sao-paulo-51,wec-2012-r5-sao-paulo,gianmaria-bruni,2,platinum,true
wec-2012-r5-sao-paulo-97,wec-2012-r5-sao-paulo,stefan-mucke,1,platinum,true
wec-2012-r5-sao-paulo-97,wec-2012-r5-sao-paulo,darren-turner,2,platinum,true
wec-2012-r5-sao-paulo-77,wec-2012-r5-sao-paulo,marc-lieb,1,platinum,true
wec-2012-r5-sao-paulo-77,wec-2012-r5-sao-paulo,richard-lietz,2,platinum,true
wec-2012-r5-sao-paulo-71,wec-2012-r5-sao-paulo,andrea-bertolini,1,platinum,true
wec-2012-r5-sao-paulo-71,wec-2012-r5-sao-paulo,olivier-beretta,2,platinum,true
wec-2012-r5-sao-paulo-88,wec-2012-r5-sao-paulo,christian-ried,1,silver,true
wec-2012-r5-sao-paulo-88,wec-2012-r5-sao-paulo,gianluca-roda,2,silver,true
wec-2012-r5-sao-paulo-88,wec-2012-r5-sao-paulo,paolo-ruberti,3,gold,true
wec-2012-r5-sao-paulo-70,wec-2012-r5-sao-paulo,jean-philippe-belloc,1,gold,true
wec-2012-r5-sao-paulo-70,wec-2012-r5-sao-paulo,christophe-bourret,2,silver,true
wec-2012-r5-sao-paulo-70,wec-2012-r5-sao-paulo,pascal-gibon,3,silver,true
wec-2012-r5-sao-paulo-61,wec-2012-r5-sao-paulo,francisco-longo,1,bronze,true
wec-2012-r5-sao-paulo-61,wec-2012-r5-sao-paulo,alexandre-negrao,2,bronze,true
wec-2012-r5-sao-paulo-61,wec-2012-r5-sao-paulo,enrique-bernoldi,3,platinum,true
wec-2012-r5-sao-paulo-55,wec-2012-r5-sao-paulo,joel-camathias,1,gold,true
wec-2012-r5-sao-paulo-55,wec-2012-r5-sao-paulo,markus-palttala,2,silver,true
wec-2012-r5-sao-paulo-55,wec-2012-r5-sao-paulo,paul-daniels,3,bronze,true
wec-2012-r5-sao-paulo-29,wec-2012-r5-sao-paulo,fabien-giroix,1,gold,true
wec-2012-r5-sao-paulo-29,wec-2012-r5-sao-paulo,keiko-ihara,2,silver,true
wec-2012-r5-sao-paulo-29,wec-2012-r5-sao-paulo,jean-denis-deletraz,3,silver,true
wec-2012-r5-sao-paulo-35,wec-2012-r5-sao-paulo,bertrand-baguette,1,platinum,true
wec-2012-r5-sao-paulo-35,wec-2012-r5-sao-paulo,dominik-kraihamer,2,gold,true
wec-2012-r5-sao-paulo-35,wec-2012-r5-sao-paulo,alex-brundle,3,silver,true
wec-2012-r5-sao-paulo-23,wec-2012-r5-sao-paulo,franck-mailleux,1,gold,true
wec-2012-r5-sao-paulo-23,wec-2012-r5-sao-paulo,olivier-lombard,2,gold,true
wec-2012-r5-sao-paulo-23,wec-2012-r5-sao-paulo,jordan-tresson,3,silver,true
wec-2012-r5-sao-paulo-57,wec-2012-r5-sao-paulo,tracy-krohn,1,silver,true
wec-2012-r5-sao-paulo-57,wec-2012-r5-sao-paulo,niclas-jonsson,2,gold,true
wec-2012-r5-sao-paulo-57,wec-2012-r5-sao-paulo,michele-rugolo,3,silver,true
wec-2012-r5-sao-paulo-50,wec-2012-r5-sao-paulo,patrick-bornhauser,1,silver,true
wec-2012-r5-sao-paulo-50,wec-2012-r5-sao-paulo,julien-canal,2,silver,true
wec-2012-r5-sao-paulo-50,wec-2012-r5-sao-paulo,fernando-rees,3,silver,true
wec-2012-r6-bahrain-1,wec-2012-r6-bahrain,marcel-fassler,1,platinum,true
wec-2012-r6-bahrain-1,wec-2012-r6-bahrain,andre-lotterer,2,platinum,true
wec-2012-r6-bahrain-1,wec-2012-r6-bahrain,benoit-treluyer,3,platinum,true
wec-2012-r6-bahrain-2,wec-2012-r6-bahrain,tom-kristensen,1,platinum,true
wec-2012-r6-bahrain-2,wec-2012-r6-bahrain,allan-mcnish,2,platinum,true
wec-2012-r6-bahrain-21,wec-2012-r6-bahrain,nick-leventis,1,silver,true
wec-2012-r6-bahrain-21,wec-2012-r6-bahrain,danny-watts,2,platinum,true
wec-2012-r6-bahrain-21,wec-2012-r6-bahrain,jonny-kane,3,platinum,true
wec-2012-r6-bahrain-12,wec-2012-r6-bahrain,nicolas-prost,1,platinum,true
wec-2012-r6-bahrain-12,wec-2012-r6-bahrain,neel-jani,2,platinum,true
wec-2012-r6-bahrain-13,wec-2012-r6-bahrain,andrea-belicchi,1,platinum,true
wec-2012-r6-bahrain-13,wec-2012-r6-bahrain,harold-primat,2,gold,true
wec-2012-r6-bahrain-49,wec-2012-r6-bahrain,luis-perez-companc,1,silver,true
wec-2012-r6-bahrain-49,wec-2012-r6-bahrain,nicolas-minassian,2,platinum,true
wec-2012-r6-bahrain-49,wec-2012-r6-bahrain,pierre-kaffer,3,platinum,true
wec-2012-r6-bahrain-23,wec-2012-r6-bahrain,franck-mailleux,1,gold,true
wec-2012-r6-bahrain-23,wec-2012-r6-bahrain,olivier-lombard,2,gold,true
wec-2012-r6-bahrain-23,wec-2012-r6-bahrain,jordan-tresson,3,silver,true
wec-2012-r6-bahrain-44,wec-2012-r6-bahrain,vicente-potolicchio,1,silver,true
wec-2012-r6-bahrain-44,wec-2012-r6-bahrain,thomas-kimber-smith,2,gold,true
wec-2012-r6-bahrain-44,wec-2012-r6-bahrain,stephane-sarrazin,3,platinum,true
wec-2012-r6-bahrain-32,wec-2012-r6-bahrain,vitantonio-liuzzi,1,platinum,true
wec-2012-r6-bahrain-32,wec-2012-r6-bahrain,james-rossiter,2,platinum,true
wec-2012-r6-bahrain-32,wec-2012-r6-bahrain,kevin-weeda,3,bronze,true
wec-2012-r6-bahrain-26,wec-2012-r6-bahrain,nelson-panciatici,1,gold,true
wec-2012-r6-bahrain-26,wec-2012-r6-bahrain,pierre-ragues,2,gold,true
wec-2012-r6-bahrain-26,wec-2012-r6-bahrain,roman-rusinov,3,silver,true
wec-2012-r6-bahrain-24,wec-2012-r6-bahrain,jacques-nicolet,1,silver,true
wec-2012-r6-bahrain-24,wec-2012-r6-bahrain,matthieu-lahaye,2,gold,true
wec-2012-r6-bahrain-24,wec-2012-r6-bahrain,olivier-pla,3,platinum,true
wec-2012-r6-bahrain-41,wec-2012-r6-bahrain,christian-zugel,1,bronze,true
wec-2012-r6-bahrain-41,wec-2012-r6-bahrain,ricardo-gonzalez,2,silver,true
wec-2012-r6-bahrain-41,wec-2012-r6-bahrain,elton-julian,3,gold,true
wec-2012-r6-bahrain-51,wec-2012-r6-bahrain,giancarlo-fisichella,1,platinum,true
wec-2012-r6-bahrain-51,wec-2012-r6-bahrain,toni-vilander,2,platinum,true
wec-2012-r6-bahrain-97,wec-2012-r6-bahrain,stefan-mucke,1,platinum,true
wec-2012-r6-bahrain-97,wec-2012-r6-bahrain,darren-turner,2,platinum,true
wec-2012-r6-bahrain-77,wec-2012-r6-bahrain,marc-lieb,1,platinum,true
wec-2012-r6-bahrain-77,wec-2012-r6-bahrain,richard-lietz,2,platinum,true
wec-2012-r6-bahrain-71,wec-2012-r6-bahrain,andrea-bertolini,1,platinum,true
wec-2012-r6-bahrain-88,wec-2012-r6-bahrain,christian-ried,1,silver,true
wec-2012-r6-bahrain-88,wec-2012-r6-bahrain,gianluca-roda,2,silver,true
wec-2012-r6-bahrain-88,wec-2012-r6-bahrain,paolo-ruberti,3,gold,true
wec-2012-r6-bahrain-61,wec-2012-r6-bahrain,robert-kauffman,1,bronze,true
wec-2012-r6-bahrain-61,wec-2012-r6-bahrain,rui-aguas,2,silver,true
wec-2012-r6-bahrain-61,wec-2012-r6-bahrain,brian-vickers,3,platinum,true
wec-2012-r6-bahrain-57,wec-2012-r6-bahrain,tracy-krohn,1,silver,true
wec-2012-r6-bahrain-57,wec-2012-r6-bahrain,niclas-jonsson,2,gold,true
wec-2012-r6-bahrain-57,wec-2012-r6-bahrain,michele-rugolo,3,silver,true
wec-2012-r6-bahrain-25,wec-2012-r6-bahrain,john-martin,1,gold,true
wec-2012-r6-bahrain-25,wec-2012-r6-bahrain,tor-graves,2,silver,true
wec-2012-r6-bahrain-50,wec-2012-r6-bahrain,patrick-bornhauser,1,silver,true
wec-2012-r6-bahrain-50,wec-2012-r6-bahrain,julien-canal,2,silver,true
wec-2012-r6-bahrain-50,wec-2012-r6-bahrain,fernando-rees,3,silver,true
wec-2012-r6-bahrain-70,wec-2012-r6-bahrain,jean-philippe-belloc,1,gold,true
wec-2012-r6-bahrain-70,wec-2012-r6-bahrain,christophe-bourret,2,silver,true
wec-2012-r6-bahrain-70,wec-2012-r6-bahrain,pascal-gibon,3,silver,true
wec-2012-r6-bahrain-55,wec-2012-r6-bahrain,joel-camathias,1,gold,true
wec-2012-r6-bahrain-55,wec-2012-r6-bahrain,benny-simonsen,2,silver,true
wec-2012-r6-bahrain-55,wec-2012-r6-bahrain,paul-daniels,3,bronze,true
wec-2012-r6-bahrain-7,wec-2012-r6-bahrain,alexander-wurz,1,platinum,true
wec-2012-r6-bahrain-7,wec-2012-r6-bahrain,nicolas-lapierre,2,platinum,true
wec-2012-r6-bahrain-31,wec-2012-r6-bahrain,thomas-holzer,1,silver,true
wec-2012-r6-bahrain-31,wec-2012-r6-bahrain,luca-moro,2,bronze,true
wec-2012-r6-bahrain-29,wec-2012-r6-bahrain,fabien-giroix,1,gold,true
wec-2012-r6-bahrain-29,wec-2012-r6-bahrain,keiko-ihara,2,silver,true
wec-2012-r6-bahrain-29,wec-2012-r6-bahrain,jean-denis-deletraz,3,silver,true
wec-2012-r6-bahrain-22,wec-2012-r6-bahrain,david-brabham,1,platinum,true
wec-2012-r6-bahrain-22,wec-2012-r6-bahrain,karun-chandhok,2,platinum,true
wec-2012-r6-bahrain-22,wec-2012-r6-bahrain,peter-dumbreck,3,platinum,true
wec-2012-r6-bahrain-35,wec-2012-r6-bahrain,bertrand-baguette,1,platinum,true
wec-2012-r6-bahrain-35,wec-2012-r6-bahrain,dominik-kraihamer,2,gold,true
wec-2012-r6-bahrain-35,wec-2012-r6-bahrain,alex-brundle,3,silver,true
wec-2012-r7-fuji-7,wec-2012-r7-fuji,alexander-wurz,1,platinum,true
wec-2012-r7-fuji-7,wec-2012-r7-fuji,nicolas-lapierre,2,platinum,true
wec-2012-r7-fuji-7,wec-2012-r7-fuji,kazuki-nakajima,3,platinum,true
wec-2012-r7-fuji-1,wec-2012-r7-fuji,marcel-fassler,1,platinum,true
wec-2012-r7-fuji-1,wec-2012-r7-fuji,andre-lotterer,2,platinum,true
wec-2012-r7-fuji-1,wec-2012-r7-fuji,benoit-treluyer,3,platinum,true
wec-2012-r7-fuji-2,wec-2012-r7-fuji,tom-kristensen,1,platinum,true
wec-2012-r7-fuji-2,wec-2012-r7-fuji,allan-mcnish,2,platinum,true
wec-2012-r7-fuji-12,wec-2012-r7-fuji,nicolas-prost,1,platinum,true
wec-2012-r7-fuji-12,wec-2012-r7-fuji,neel-jani,2,platinum,true
wec-2012-r7-fuji-22,wec-2012-r7-fuji,david-brabham,1,platinum,true
wec-2012-r7-fuji-22,wec-2012-r7-fuji,karun-chandhok,2,platinum,true
wec-2012-r7-fuji-22,wec-2012-r7-fuji,peter-dumbreck,3,platinum,true
wec-2012-r7-fuji-21,wec-2012-r7-fuji,nick-leventis,1,silver,true
wec-2012-r7-fuji-21,wec-2012-r7-fuji,danny-watts,2,platinum,true
wec-2012-r7-fuji-21,wec-2012-r7-fuji,jonny-kane,3,platinum,true
wec-2012-r7-fuji-13,wec-2012-r7-fuji,andrea-belicchi,1,platinum,true
wec-2012-r7-fuji-13,wec-2012-r7-fuji,harold-primat,2,gold,true
wec-2012-r7-fuji-25,wec-2012-r7-fuji,john-martin,1,gold,true
wec-2012-r7-fuji-25,wec-2012-r7-fuji,tor-graves,2,silver,true
wec-2012-r7-fuji-25,wec-2012-r7-fuji,shinji-nakano,3,platinum,true
wec-2012-r7-fuji-44,wec-2012-r7-fuji,vicente-potolicchio,1,silver,true
wec-2012-r7-fuji-44,wec-2012-r7-fuji,ryan-dalziel,2,platinum,true
wec-2012-r7-fuji-44,wec-2012-r7-fuji,stephane-sarrazin,3,platinum,true
wec-2012-r7-fuji-24,wec-2012-r7-fuji,jacques-nicolet,1,silver,true
wec-2012-r7-fuji-24,wec-2012-r7-fuji,matthieu-lahaye,2,gold,true
wec-2012-r7-fuji-24,wec-2012-r7-fuji,olivier-pla,3,platinum,true
wec-2012-r7-fuji-49,wec-2012-r7-fuji,luis-perez-companc,1,silver,true
wec-2012-r7-fuji-49,wec-2012-r7-fuji,nicolas-minassian,2,platinum,true
wec-2012-r7-fuji-49,wec-2012-r7-fuji,pierre-kaffer,3,platinum,true
wec-2012-r7-fuji-32,wec-2012-r7-fuji,vitantonio-liuzzi,1,platinum,true
wec-2012-r7-fuji-32,wec-2012-r7-fuji,james-rossiter,2,platinum,true
wec-2012-r7-fuji-32,wec-2012-r7-fuji,kevin-weeda,3,bronze,true
wec-2012-r7-fuji-29,wec-2012-r7-fuji,fabien-giroix,1,gold,true
wec-2012-r7-fuji-29,wec-2012-r7-fuji,keiko-ihara,2,silver,true
wec-2012-r7-fuji-29,wec-2012-r7-fuji,jean-denis-deletraz,3,silver,true
wec-2012-r7-fuji-41,wec-2012-r7-fuji,christian-zugel,1,bronze,true
wec-2012-r7-fuji-41,wec-2012-r7-fuji,ricardo-gonzalez,2,silver,true
wec-2012-r7-fuji-41,wec-2012-r7-fuji,elton-julian,3,gold,true
wec-2012-r7-fuji-23,wec-2012-r7-fuji,franck-mailleux,1,gold,true
wec-2012-r7-fuji-23,wec-2012-r7-fuji,olivier-lombard,2,gold,true
wec-2012-r7-fuji-23,wec-2012-r7-fuji,jordan-tresson,3,silver,true
wec-2012-r7-fuji-15,wec-2012-r7-fuji,bertrand-baguette,1,platinum,true
wec-2012-r7-fuji-15,wec-2012-r7-fuji,dominik-kraihamer,2,gold,true
wec-2012-r7-fuji-15,wec-2012-r7-fuji,takuma-sato,3,platinum,true
wec-2012-r7-fuji-77,wec-2012-r7-fuji,marc-lieb,1,platinum,true
wec-2012-r7-fuji-77,wec-2012-r7-fuji,richard-lietz,2,platinum,true
wec-2012-r7-fuji-51,wec-2012-r7-fuji,giancarlo-fisichella,1,platinum,true
wec-2012-r7-fuji-51,wec-2012-r7-fuji,gianmaria-bruni,2,platinum,true
wec-2012-r7-fuji-97,wec-2012-r7-fuji,stefan-mucke,1,platinum,true
wec-2012-r7-fuji-97,wec-2012-r7-fuji,darren-turner,2,platinum,true
wec-2012-r7-fuji-71,wec-2012-r7-fuji,andrea-bertolini,1,platinum,true
wec-2012-r7-fuji-71,wec-2012-r7-fuji,olivier-beretta,2,platinum,true
wec-2012-r7-fuji-50,wec-2012-r7-fuji,patrick-bornhauser,1,silver,true
wec-2012-r7-fuji-50,wec-2012-r7-fuji,julien-canal,2,silver,true
wec-2012-r7-fuji-50,wec-2012-r7-fuji,pedro-lamy,3,platinum,true
wec-2012-r7-fuji-57,wec-2012-r7-fuji,tracy-krohn,1,silver,true
wec-2012-r7-fuji-57,wec-2012-r7-fuji,niclas-jonsson,2,gold,true
wec-2012-r7-fuji-57,wec-2012-r7-fuji,michele-rugolo,3,silver,true
wec-2012-r7-fuji-88,wec-2012-r7-fuji,christian-ried,1,silver,true
wec-2012-r7-fuji-88,wec-2012-r7-fuji,gianluca-roda,2,silver,true
wec-2012-r7-fuji-88,wec-2012-r7-fuji,paolo-ruberti,3,gold,true
wec-2012-r7-fuji-70,wec-2012-r7-fuji,jean-philippe-belloc,1,gold,true
wec-2012-r7-fuji-70,wec-2012-r7-fuji,christophe-bourret,2,silver,true
wec-2012-r7-fuji-70,wec-2012-r7-fuji,pascal-gibon,3,silver,true
wec-2012-r7-fuji-55,wec-2012-r7-fuji,joel-camathias,1,gold,true
wec-2012-r7-fuji-55,wec-2012-r7-fuji,kenji-kobayashi,2,silver,true
wec-2012-r7-fuji-55,wec-2012-r7-fuji,paul-daniels,3,bronze,true
wec-2012-r7-fuji-31,wec-2012-r7-fuji,thomas-holzer,1,silver,true
wec-2012-r7-fuji-31,wec-2012-r7-fuji,mirco-schultis,2,silver,true
wec-2012-r7-fuji-26,wec-2012-r7-fuji,nelson-panciatici,1,gold,true
wec-2012-r7-fuji-26,wec-2012-r7-fuji,pierre-ragues,2,gold,true
wec-2012-r7-fuji-26,wec-2012-r7-fuji,roman-rusinov,3,silver,true
wec-2012-r8-shanghai-7,wec-2012-r8-shanghai,alexander-wurz,1,platinum,true
wec-2012-r8-shanghai-7,wec-2012-r8-shanghai,nicolas-lapierre,2,platinum,true
wec-2012-r8-shanghai-2,wec-2012-r8-shanghai,tom-kristensen,1,platinum,true
wec-2012-r8-shanghai-2,wec-2012-r8-shanghai,allan-mcnish,2,platinum,true
wec-2012-r8-shanghai-1,wec-2012-r8-shanghai,marcel-fassler,1,platinum,true
wec-2012-r8-shanghai-1,wec-2012-r8-shanghai,andre-lotterer,2,platinum,true
wec-2012-r8-shanghai-1,wec-2012-r8-shanghai,benoit-treluyer,3,platinum,true
wec-2012-r8-shanghai-13,wec-2012-r8-shanghai,andrea-belicchi,1,platinum,true
wec-2012-r8-shanghai-13,wec-2012-r8-shanghai,harold-primat,2,gold,true
wec-2012-r8-shanghai-13,wec-2012-r8-shanghai,cong-fu-cheng,3,gold,true
wec-2012-r8-shanghai-22,wec-2012-r8-shanghai,david-brabham,1,platinum,true
wec-2012-r8-shanghai-22,wec-2012-r8-shanghai,karun-chandhok,2,platinum,true
wec-2012-r8-shanghai-22,wec-2012-r8-shanghai,peter-dumbreck,3,platinum,true
wec-2012-r8-shanghai-21,wec-2012-r8-shanghai,nick-leventis,1,silver,true
wec-2012-r8-shanghai-21,wec-2012-r8-shanghai,danny-watts,2,platinum,true
wec-2012-r8-shanghai-21,wec-2012-r8-shanghai,jonny-kane,3,platinum,true
wec-2012-r8-shanghai-25,wec-2012-r8-shanghai,john-martin,1,gold,true
wec-2012-r8-shanghai-25,wec-2012-r8-shanghai,tor-graves,2,silver,true
wec-2012-r8-shanghai-25,wec-2012-r8-shanghai,mathias-beche,3,gold,true
wec-2012-r8-shanghai-44,wec-2012-r8-shanghai,vicente-potolicchio,1,silver,true
wec-2012-r8-shanghai-44,wec-2012-r8-shanghai,ryan-dalziel,2,platinum,true
wec-2012-r8-shanghai-44,wec-2012-r8-shanghai,stephane-sarrazin,3,platinum,true
wec-2012-r8-shanghai-24,wec-2012-r8-shanghai,jacques-nicolet,1,silver,true
wec-2012-r8-shanghai-24,wec-2012-r8-shanghai,matthieu-lahaye,2,gold,true
wec-2012-r8-shanghai-24,wec-2012-r8-shanghai,olivier-pla,3,platinum,true
wec-2012-r8-shanghai-49,wec-2012-r8-shanghai,luis-perez-companc,1,silver,true
wec-2012-r8-shanghai-49,wec-2012-r8-shanghai,nicolas-minassian,2,platinum,true
wec-2012-r8-shanghai-49,wec-2012-r8-shanghai,pierre-kaffer,3,platinum,true
wec-2012-r8-shanghai-23,wec-2012-r8-shanghai,franck-mailleux,1,gold,true
wec-2012-r8-shanghai-23,wec-2012-r8-shanghai,olivier-lombard,2,gold,true
wec-2012-r8-shanghai-23,wec-2012-r8-shanghai,jordan-tresson,3,silver,true
wec-2012-r8-shanghai-31,wec-2012-r8-shanghai,thomas-holzer,1,silver,true
wec-2012-r8-shanghai-31,wec-2012-r8-shanghai,mirco-schultis,2,silver,true
wec-2012-r8-shanghai-26,wec-2012-r8-shanghai,nelson-panciatici,1,gold,true
wec-2012-r8-shanghai-26,wec-2012-r8-shanghai,pierre-ragues,2,gold,true
wec-2012-r8-shanghai-26,wec-2012-r8-shanghai,roman-rusinov,3,silver,true
wec-2012-r8-shanghai-15,wec-2012-r8-shanghai,bertrand-baguette,1,platinum,true
wec-2012-r8-shanghai-15,wec-2012-r8-shanghai,dominik-kraihamer,2,gold,true
wec-2012-r8-shanghai-15,wec-2012-r8-shanghai,takuma-sato,3,platinum,true
wec-2012-r8-shanghai-41,wec-2012-r8-shanghai,christian-zugel,1,bronze,true
wec-2012-r8-shanghai-41,wec-2012-r8-shanghai,ricardo-gonzalez,2,silver,true
wec-2012-r8-shanghai-41,wec-2012-r8-shanghai,elton-julian,3,gold,true
wec-2012-r8-shanghai-97,wec-2012-r8-shanghai,stefan-mucke,1,platinum,true
wec-2012-r8-shanghai-97,wec-2012-r8-shanghai,darren-turner,2,platinum,true
wec-2012-r8-shanghai-77,wec-2012-r8-shanghai,marc-lieb,1,platinum,true
wec-2012-r8-shanghai-77,wec-2012-r8-shanghai,richard-lietz,2,platinum,true
wec-2012-r8-shanghai-71,wec-2012-r8-shanghai,andrea-bertolini,1,platinum,true
wec-2012-r8-shanghai-71,wec-2012-r8-shanghai,olivier-beretta,2,platinum,true
wec-2012-r8-shanghai-50,wec-2012-r8-shanghai,patrick-bornhauser,1,silver,true
wec-2012-r8-shanghai-50,wec-2012-r8-shanghai,julien-canal,2,silver,true
wec-2012-r8-shanghai-50,wec-2012-r8-shanghai,pedro-lamy,3,platinum,true
wec-2012-r8-shanghai-88,wec-2012-r8-shanghai,christian-ried,1,silver,true
wec-2012-r8-shanghai-88,wec-2012-r8-shanghai,gianluca-roda,2,silver,true
wec-2012-r8-shanghai-88,wec-2012-r8-shanghai,paolo-ruberti,3,gold,true
wec-2012-r8-shanghai-57,wec-2012-r8-shanghai,tracy-krohn,1,silver,true
wec-2012-r8-shanghai-57,wec-2012-r8-shanghai,niclas-jonsson,2,gold,true
wec-2012-r8-shanghai-57,wec-2012-r8-shanghai,michele-rugolo,3,silver,true
wec-2012-r8-shanghai-61,wec-2012-r8-shanghai,robert-kauffman,1,bronze,true
wec-2012-r8-shanghai-61,wec-2012-r8-shanghai,rui-aguas,2,silver,true
wec-2012-r8-shanghai-61,wec-2012-r8-shanghai,marco-cioci,3,gold,true
wec-2012-r8-shanghai-70,wec-2012-r8-shanghai,jean-philippe-belloc,1,gold,true
wec-2012-r8-shanghai-70,wec-2012-r8-shanghai,christophe-bourret,2,silver,true
wec-2012-r8-shanghai-70,wec-2012-r8-shanghai,pascal-gibon,3,silver,true
wec-2012-r8-shanghai-55,wec-2012-r8-shanghai,joel-camathias,1,gold,true
wec-2012-r8-shanghai-55,wec-2012-r8-shanghai,matt-bell,2,silver,true
wec-2012-r8-shanghai-55,wec-2012-r8-shanghai,paul-daniels,3,bronze,true
wec-2012-r8-shanghai-12,wec-2012-r8-shanghai,nicolas-prost,1,platinum,true
wec-2012-r8-shanghai-12,wec-2012-r8-shanghai,neel-jani,2,platinum,true
wec-2012-r8-shanghai-51,wec-2012-r8-shanghai,giancarlo-fisichella,1,platinum,true
wec-2012-r8-shanghai-51,wec-2012-r8-shanghai,gianmaria-bruni,2,platinum,true
wec-2012-r8-shanghai-29,wec-2012-r8-shanghai,fabien-giroix,1,gold,true
wec-2012-r8-shanghai-29,wec-2012-r8-shanghai,keiko-ihara,2,silver,true
wec-2012-r8-shanghai-29,wec-2012-r8-shanghai,jean-denis-deletraz,3,silver,true
wec-2012-r8-shanghai-32,wec-2012-r8-shanghai,jan-charouz,1,gold,true
wec-2012-r8-shanghai-32,wec-2012-r8-shanghai,james-rossiter,2,platinum,true
wec-2012-r8-shanghai-32,wec-2012-r8-shanghai,kevin-weeda,3,bronze,true
wec-2013-r1-silverstone-2,wec-2013-r1-silverstone,tom-kristensen,1,platinum,true
wec-2013-r1-silverstone-2,wec-2013-r1-silverstone,loic-duval,2,platinum,true
wec-2013-r1-silverstone-2,wec-2013-r1-silverstone,allan-mcnish,3,platinum,true
wec-2013-r1-silverstone-1,wec-2013-r1-silverstone,andre-lotterer,1,platinum,true
wec-2013-r1-silverstone-1,wec-2013-r1-silverstone,benoit-treluyer,2,platinum,true
wec-2013-r1-silverstone-1,wec-2013-r1-silverstone,marcel-fassler,3,platinum,true
wec-2013-r1-silverstone-8,wec-2013-r1-silverstone,anthony-davidson,1,platinum,true
wec-2013-r1-silverstone-8,wec-2013-r1-silverstone,sebastien-buemi,2,platinum,true
wec-2013-r1-silverstone-8,wec-2013-r1-silverstone,stephane-sarrazin,3,platinum,true
wec-2013-r1-silverstone-7,wec-2013-r1-silverstone,alexander-wurz,1,platinum,true
wec-2013-r1-silverstone-7,wec-2013-r1-silverstone,nicolas-lapierre,2,platinum,true
wec-2013-r1-silverstone-12,wec-2013-r1-silverstone,nicolas-prost,1,platinum,true
wec-2013-r1-silverstone-12,wec-2013-r1-silverstone,neel-jani,2,platinum,true
wec-2013-r1-silverstone-12,wec-2013-r1-silverstone,nick-heidfeld,3,platinum,true
wec-2013-r1-silverstone-13,wec-2013-r1-silverstone,andrea-belicchi,1,platinum,true
wec-2013-r1-silverstone-13,wec-2013-r1-silverstone,mathias-beche,2,platinum,true
wec-2013-r1-silverstone-13,wec-2013-r1-silverstone,cong-fu-cheng,3,gold,true
wec-2013-r1-silverstone-25,wec-2013-r1-silverstone,tor-graves,1,silver,true
wec-2013-r1-silverstone-25,wec-2013-r1-silverstone,antonio-pizzonia,2,platinum,true
wec-2013-r1-silverstone-25,wec-2013-r1-silverstone,james-walker,3,gold,true
wec-2013-r1-silverstone-24,wec-2013-r1-silverstone,olivier-pla,1,platinum,true
wec-2013-r1-silverstone-24,wec-2013-r1-silverstone,david-heinemeier-hansson,2,silver,true
wec-2013-r1-silverstone-24,wec-2013-r1-silverstone,alex-brundle,3,gold,true
wec-2013-r1-silverstone-49,wec-2013-r1-silverstone,luis-perez-companc,1,silver,true
wec-2013-r1-silverstone-49,wec-2013-r1-silverstone,nicolas-minassian,2,platinum,true
wec-2013-r1-silverstone-49,wec-2013-r1-silverstone,pierre-kaffer,3,platinum,true
wec-2013-r1-silverstone-35,wec-2013-r1-silverstone,bertrand-baguette,1,platinum,true
wec-2013-r1-silverstone-35,wec-2013-r1-silverstone,ricardo-gonzalez,2,silver,true
wec-2013-r1-silverstone-35,wec-2013-r1-silverstone,martin-plowmann,3,gold,true
wec-2013-r1-silverstone-41,wec-2013-r1-silverstone,chris-dyson,1,gold,true
wec-2013-r1-silverstone-41,wec-2013-r1-silverstone,michael-marsal,2,silver,true
wec-2013-r1-silverstone-41,wec-2013-r1-silverstone,tom-kimber-smith,3,gold,true
wec-2013-r1-silverstone-47,wec-2013-r1-silverstone,alexander-imperatori,1,gold,true
wec-2013-r1-silverstone-47,wec-2013-r1-silverstone,matthew-howson,2,silver,true
wec-2013-r1-silverstone-47,wec-2013-r1-silverstone,jim-ka-to,3,silver,true
wec-2013-r1-silverstone-26,wec-2013-r1-silverstone,roman-rusinov,1,silver,true
wec-2013-r1-silverstone-26,wec-2013-r1-silverstone,john-martin,2,platinum,true
wec-2013-r1-silverstone-26,wec-2013-r1-silverstone,mike-conway,3,platinum,true
wec-2013-r1-silverstone-97,wec-2013-r1-silverstone,darren-turner,1,platinum,true
wec-2013-r1-silverstone-97,wec-2013-r1-silverstone,stefan-mucke,2,platinum,true
wec-2013-r1-silverstone-97,wec-2013-r1-silverstone,bruno-senna,3,platinum,true
wec-2013-r1-silverstone-71,wec-2013-r1-silverstone,kamui-kobayashi,1,platinum,true
wec-2013-r1-silverstone-71,wec-2013-r1-silverstone,toni-vilander,2,platinum,true
wec-2013-r1-silverstone-99,wec-2013-r1-silverstone,paul-dalla-lana,1,silver,true
wec-2013-r1-silverstone-99,wec-2013-r1-silverstone,frederic-makowiecki,2,gold,true
wec-2013-r1-silverstone-99,wec-2013-r1-silverstone,pedro-lamy,3,platinum,true
wec-2013-r1-silverstone-92,wec-2013-r1-silverstone,marc-lieb,1,platinum,true
wec-2013-r1-silverstone-92,wec-2013-r1-silverstone,richard-lietz,2,platinum,true
wec-2013-r1-silverstone-92,wec-2013-r1-silverstone,romain-dumas,3,platinum,true
wec-2013-r1-silverstone-51,wec-2013-r1-silverstone,gianmaria-bruni,1,platinum,true
wec-2013-r1-silverstone-51,wec-2013-r1-silverstone,giancarlo-fisichella,2,platinum,true
wec-2013-r1-silverstone-95,wec-2013-r1-silverstone,christoffer-nygaard,1,silver,true
wec-2013-r1-silverstone-95,wec-2013-r1-silverstone,kristian-poulsen,2,silver,true
wec-2013-r1-silverstone-95,wec-2013-r1-silverstone,allan-simonsen,3,gold,true
wec-2013-r1-silverstone-91,wec-2013-r1-silverstone,jorg-bergmeister,1,platinum,true
wec-2013-r1-silverstone-91,wec-2013-r1-silverstone,patrick-pilet,2,platinum,true
wec-2013-r1-silverstone-91,wec-2013-r1-silverstone,timo-bernhard,3,platinum,true
wec-2013-r1-silverstone-50,wec-2013-r1-silverstone,patrick-bornhauser,1,silver,true
wec-2013-r1-silverstone-50,wec-2013-r1-silverstone,julien-canal,2,silver,true
wec-2013-r1-silverstone-50,wec-2013-r1-silverstone,fernando-rees,3,silver,true
wec-2013-r1-silverstone-81,wec-2013-r1-silverstone,vicente-potolicchio,1,silver,true
wec-2013-r1-silverstone-81,wec-2013-r1-silverstone,rui-aguas,2,silver,true
wec-2013-r1-silverstone-81,wec-2013-r1-silverstone,philipp-peter,3,gold,true
wec-2013-r1-silverstone-96,wec-2013-r1-silverstone,roald-goethe,1,bronze,true
wec-2013-r1-silverstone-96,wec-2013-r1-silverstone,stuart-hall,2,silver,true
wec-2013-r1-silverstone-96,wec-2013-r1-silverstone,jamie-campbell-walter,3,platinum,true
wec-2013-r1-silverstone-88,wec-2013-r1-silverstone,christian-ried,1,silver,true
wec-2013-r1-silverstone-88,wec-2013-r1-silverstone,gianluca-roda,2,silver,true
wec-2013-r1-silverstone-88,wec-2013-r1-silverstone,paolo-ruberti,3,gold,true
wec-2013-r1-silverstone-57,wec-2013-r1-silverstone,tracy-krohn,1,silver,true
wec-2013-r1-silverstone-57,wec-2013-r1-silverstone,niclas-jonsson,2,gold,true
wec-2013-r1-silverstone-57,wec-2013-r1-silverstone,maurizio-mediani,3,silver,true
wec-2013-r1-silverstone-76,wec-2013-r1-silverstone,raymond-narac,1,silver,true
wec-2013-r1-silverstone-76,wec-2013-r1-silverstone,christophe-bourret,2,silver,true
wec-2013-r1-silverstone-76,wec-2013-r1-silverstone,jean-karl-vernay,3,platinum,true
wec-2013-r1-silverstone-45,wec-2013-r1-silverstone,jacques-nicolet,1,silver,true
wec-2013-r1-silverstone-45,wec-2013-r1-silverstone,jean-marc-merlin,2,bronze,true
wec-2013-r1-silverstone-61,wec-2013-r1-silverstone,jack-gerber,1,bronze,true
wec-2013-r1-silverstone-61,wec-2013-r1-silverstone,matt-griffin,2,silver,true
wec-2013-r1-silverstone-61,wec-2013-r1-silverstone,marco-cioci,3,gold,true
wec-2013-r1-silverstone-32,wec-2013-r1-silverstone,thomas-holzer,1,silver,true
wec-2013-r1-silverstone-32,wec-2013-r1-silverstone,dominik-kraihamer,2,gold,true
wec-2013-r1-silverstone-32,wec-2013-r1-silverstone,jan-charouz,3,gold,true
wec-2013-r1-silverstone-21,wec-2013-r1-silverstone,nick-leventis,1,silver,true
wec-2013-r1-silverstone-21,wec-2013-r1-silverstone,danny-watts,2,platinum,true
wec-2013-r1-silverstone-21,wec-2013-r1-silverstone,jonny-kane,3,platinum,true
wec-2013-r1-silverstone-31,wec-2013-r1-silverstone,kevin-weeda,1,bronze,true
wec-2013-r1-silverstone-31,wec-2013-r1-silverstone,vitantonio-liuzzi,2,platinum,true
wec-2013-r1-silverstone-31,wec-2013-r1-silverstone,christophe-bouchut,3,platinum,true
wec-2013-r2-spa-1,wec-2013-r2-spa,andre-lotterer,1,platinum,true
wec-2013-r2-spa-1,wec-2013-r2-spa,benoit-treluyer,2,platinum,true
wec-2013-r2-spa-1,wec-2013-r2-spa,marcel-fassler,3,platinum,true
wec-2013-r2-spa-2,wec-2013-r2-spa,tom-kristensen,1,platinum,true
wec-2013-r2-spa-2,wec-2013-r2-spa,loic-duval,2,platinum,true
wec-2013-r2-spa-2,wec-2013-r2-spa,allan-mcnish,3,platinum,true
wec-2013-r2-spa-3,wec-2013-r2-spa,lucas-di-grassi,1,platinum,true
wec-2013-r2-spa-3,wec-2013-r2-spa,marc-gene,2,platinum,true
wec-2013-r2-spa-3,wec-2013-r2-spa,oliver-jarvis,3,platinum,true
wec-2013-r2-spa-8,wec-2013-r2-spa,anthony-davidson,1,platinum,true
wec-2013-r2-spa-8,wec-2013-r2-spa,sebastien-buemi,2,platinum,true
wec-2013-r2-spa-8,wec-2013-r2-spa,stephane-sarrazin,3,platinum,true
wec-2013-r2-spa-12,wec-2013-r2-spa,nicolas-prost,1,platinum,true
wec-2013-r2-spa-12,wec-2013-r2-spa,neel-jani,2,platinum,true
wec-2013-r2-spa-12,wec-2013-r2-spa,nick-heidfeld,3,platinum,true
wec-2013-r2-spa-13,wec-2013-r2-spa,andrea-belicchi,1,platinum,true
wec-2013-r2-spa-13,wec-2013-r2-spa,mathias-beche,2,platinum,true
wec-2013-r2-spa-13,wec-2013-r2-spa,cong-fu-cheng,3,gold,true
wec-2013-r2-spa-21,wec-2013-r2-spa,nick-leventis,1,silver,true
wec-2013-r2-spa-21,wec-2013-r2-spa,danny-watts,2,platinum,true
wec-2013-r2-spa-21,wec-2013-r2-spa,jonny-kane,3,platinum,true
wec-2013-r2-spa-49,wec-2013-r2-spa,luis-perez-companc,1,silver,true
wec-2013-r2-spa-49,wec-2013-r2-spa,nicolas-minassian,2,platinum,true
wec-2013-r2-spa-49,wec-2013-r2-spa,pierre-kaffer,3,platinum,true
wec-2013-r2-spa-24,wec-2013-r2-spa,olivier-pla,1,platinum,true
wec-2013-r2-spa-24,wec-2013-r2-spa,david-heinemeier-hansson,2,silver,true
wec-2013-r2-spa-24,wec-2013-r2-spa,alex-brundle,3,gold,true
wec-2013-r2-spa-38,wec-2013-r2-spa,simon-dolan,1,silver,true
wec-2013-r2-spa-38,wec-2013-r2-spa,oliver-turvey,2,platinum,true
wec-2013-r2-spa-38,wec-2013-r2-spa,lucas-luhr,3,platinum,true
wec-2013-r2-spa-35,wec-2013-r2-spa,bertrand-baguette,1,platinum,true
wec-2013-r2-spa-35,wec-2013-r2-spa,ricardo-gonzalez,2,silver,true
wec-2013-r2-spa-35,wec-2013-r2-spa,martin-plowman,3,gold,true
wec-2013-r2-spa-26,wec-2013-r2-spa,roman-rusinov,1,silver,true
wec-2013-r2-spa-26,wec-2013-r2-spa,john-martin,2,platinum,true
wec-2013-r2-spa-26,wec-2013-r2-spa,mike-conway,3,platinum,true
wec-2013-r2-spa-45,wec-2013-r2-spa,jacques-nicolet,1,silver,true
wec-2013-r2-spa-45,wec-2013-r2-spa,jean-marc-merlin,2,bronze,true
wec-2013-r2-spa-32,wec-2013-r2-spa,thomas-holzer,1,silver,true
wec-2013-r2-spa-32,wec-2013-r2-spa,dominik-kraihamer,2,gold,true
wec-2013-r2-spa-32,wec-2013-r2-spa,jan-charouz,3,gold,true
wec-2013-r2-spa-51,wec-2013-r2-spa,gianmaria-bruni,1,platinum,true
wec-2013-r2-spa-51,wec-2013-r2-spa,giancarlo-fisichella,2,platinum,true
wec-2013-r2-spa-98,wec-2013-r2-spa,bruno-senna,1,platinum,true
wec-2013-r2-spa-98,wec-2013-r2-spa,frederic-makowiecki,2,gold,true
wec-2013-r2-spa-98,wec-2013-r2-spa,rob-bell,3,platinum,true
wec-2013-r2-spa-71,wec-2013-r2-spa,kamui-kobayashi,1,platinum,true
wec-2013-r2-spa-71,wec-2013-r2-spa,toni-vilander,2,platinum,true
wec-2013-r2-spa-97,wec-2013-r2-spa,darren-turner,1,platinum,true
wec-2013-r2-spa-97,wec-2013-r2-spa,stefan-mucke,2,platinum,true
wec-2013-r2-spa-97,wec-2013-r2-spa,peter-dumbreck,3,platinum,true
wec-2013-r2-spa-92,wec-2013-r2-spa,marc-lieb,1,platinum,true
wec-2013-r2-spa-92,wec-2013-r2-spa,richard-lietz,2,platinum,true
wec-2013-r2-spa-92,wec-2013-r2-spa,romain-dumas,3,platinum,true
wec-2013-r2-spa-99,wec-2013-r2-spa,paul-dalla-lana,1,silver,true
wec-2013-r2-spa-99,wec-2013-r2-spa,pedro-lamy,2,platinum,true
wec-2013-r2-spa-99,wec-2013-r2-spa,richie-stanaway,3,silver,true
wec-2013-r2-spa-81,wec-2013-r2-spa,vicente-potolicchio,1,silver,true
wec-2013-r2-spa-81,wec-2013-r2-spa,rui-aguas,2,silver,true
wec-2013-r2-spa-81,wec-2013-r2-spa,matteo-malucelli,3,gold,true
wec-2013-r2-spa-95,wec-2013-r2-spa,christoffer-nygaard,1,silver,true
wec-2013-r2-spa-95,wec-2013-r2-spa,kristian-poulsen,2,silver,true
wec-2013-r2-spa-95,wec-2013-r2-spa,allan-simonsen,3,gold,true
wec-2013-r2-spa-50,wec-2013-r2-spa,patrick-bornhauser,1,silver,true
wec-2013-r2-spa-50,wec-2013-r2-spa,julien-canal,2,silver,true
wec-2013-r2-spa-50,wec-2013-r2-spa,fernando-rees,3,silver,true
wec-2013-r2-spa-31,wec-2013-r2-spa,kevin-weeda,1,bronze,true
wec-2013-r2-spa-31,wec-2013-r2-spa,vitantonio-liuzzi,2,platinum,true
wec-2013-r2-spa-31,wec-2013-r2-spa,james-rossiter,3,platinum,true
wec-2013-r2-spa-96,wec-2013-r2-spa,roald-goethe,1,bronze,true
wec-2013-r2-spa-96,wec-2013-r2-spa,stuart-hall,2,silver,true
wec-2013-r2-spa-96,wec-2013-r2-spa,jamie-campbell-walter,3,platinum,true
wec-2013-r2-spa-88,wec-2013-r2-spa,christian-ried,1,silver,true
wec-2013-r2-spa-88,wec-2013-r2-spa,gianluca-roda,2,silver,true
wec-2013-r2-spa-88,wec-2013-r2-spa,paolo-ruberti,3,gold,true
wec-2013-r2-spa-76,wec-2013-r2-spa,raymond-narac,1,silver,true
wec-2013-r2-spa-76,wec-2013-r2-spa,jean-karl-vernay,2,platinum,true
wec-2013-r2-spa-57,wec-2013-r2-spa,tracy-krohn,1,silver,true
wec-2013-r2-spa-57,wec-2013-r2-spa,niclas-jonsson,2,gold,true
wec-2013-r2-spa-57,wec-2013-r2-spa,maurizio-mediani,3,silver,true
wec-2013-r2-spa-28,wec-2013-r2-spa,frederic-fatien,1,bronze,true
wec-2013-r2-spa-28,wec-2013-r2-spa,fabien-giroix,2,silver,true
wec-2013-r2-spa-28,wec-2013-r2-spa,keiko-ihara,3,silver,true
wec-2013-r2-spa-54,wec-2013-r2-spa,yannick-mallegol,1,bronze,true
wec-2013-r2-spa-54,wec-2013-r2-spa,jean-marc-bachelier,2,bronze,true
wec-2013-r2-spa-54,wec-2013-r2-spa,howard-blank,3,bronze,true
wec-2013-r2-spa-61,wec-2013-r2-spa,jack-gerber,1,bronze,true
wec-2013-r2-spa-61,wec-2013-r2-spa,matt-griffin,2,silver,true
wec-2013-r2-spa-61,wec-2013-r2-spa,marco-cioci,3,gold,true
wec-2013-r2-spa-91,wec-2013-r2-spa,jorg-bergmeister,1,platinum,true
wec-2013-r2-spa-91,wec-2013-r2-spa,patrick-pilet,2,platinum,true
wec-2013-r2-spa-91,wec-2013-r2-spa,timo-bernhard,3,platinum,true
wec-2013-r2-spa-7,wec-2013-r2-spa,alexander-wurz,1,platinum,true
wec-2013-r2-spa-7,wec-2013-r2-spa,nicolas-lapierre,2,platinum,true
wec-2013-r2-spa-7,wec-2013-r2-spa,kazuki-nakajima,3,platinum,true
wec-2013-r2-spa-25,wec-2013-r2-spa,tor-graves,1,silver,true
wec-2013-r2-spa-25,wec-2013-r2-spa,antonio-pizzonia,2,platinum,true
wec-2013-r2-spa-25,wec-2013-r2-spa,james-walker,3,gold,true
wec-2013-r2-spa-41,wec-2013-r2-spa,chris-dyson,1,gold,true
wec-2013-r2-spa-41,wec-2013-r2-spa,michael-marsal,2,silver,true
wec-2013-r2-spa-41,wec-2013-r2-spa,tom-kimber-smith,3,gold,true
wec-2013-r3-le-mans-2,wec-2013-r3-le-mans,tom-kristensen,1,platinum,true
wec-2013-r3-le-mans-2,wec-2013-r3-le-mans,loic-duval,2,platinum,true
wec-2013-r3-le-mans-2,wec-2013-r3-le-mans,allan-mcnish,3,platinum,true
wec-2013-r3-le-mans-8,wec-2013-r3-le-mans,anthony-davidson,1,platinum,true
wec-2013-r3-le-mans-8,wec-2013-r3-le-mans,sebastien-buemi,2,platinum,true
wec-2013-r3-le-mans-8,wec-2013-r3-le-mans,stephane-sarrazin,3,platinum,true
wec-2013-r3-le-mans-3,wec-2013-r3-le-mans,marc-gene,1,platinum,true
wec-2013-r3-le-mans-3,wec-2013-r3-le-mans,lucas-di-grassi,2,platinum,true
wec-2013-r3-le-mans-3,wec-2013-r3-le-mans,oliver-jarvis,3,platinum,true
wec-2013-r3-le-mans-7,wec-2013-r3-le-mans,alexander-wurz,1,platinum,true
wec-2013-r3-le-mans-7,wec-2013-r3-le-mans,nicolas-lapierre,2,platinum,true
wec-2013-r3-le-mans-7,wec-2013-r3-le-mans,kazuki-nakajima,3,platinum,true
wec-2013-r3-le-mans-1,wec-2013-r3-le-mans,andre-lotterer,1,platinum,true
wec-2013-r3-le-mans-1,wec-2013-r3-le-mans,marcel-fassler,2,platinum,true
wec-2013-r3-le-mans-1,wec-2013-r3-le-mans,benoit-treluyer,3,platinum,true
wec-2013-r3-le-mans-21,wec-2013-r3-le-mans,nick-leventis,1,silver,true
wec-2013-r3-le-mans-21,wec-2013-r3-le-mans,danny-watts,2,platinum,true
wec-2013-r3-le-mans-21,wec-2013-r3-le-mans,jonny-kane,3,platinum,true
wec-2013-r3-le-mans-35,wec-2013-r3-le-mans,bertrand-baguette,1,platinum,true
wec-2013-r3-le-mans-35,wec-2013-r3-le-mans,ricardo-gonzalez,2,silver,true
wec-2013-r3-le-mans-35,wec-2013-r3-le-mans,martin-plowman,3,gold,true
wec-2013-r3-le-mans-24,wec-2013-r3-le-mans,olivier-pla,1,platinum,true
wec-2013-r3-le-mans-24,wec-2013-r3-le-mans,david-heinemeier-hansson,2,silver,true
wec-2013-r3-le-mans-24,wec-2013-r3-le-mans,alex-brundle,3,gold,true
wec-2013-r3-le-mans-26,wec-2013-r3-le-mans,roman-rusinov,1,silver,true
wec-2013-r3-le-mans-26,wec-2013-r3-le-mans,john-martin,2,platinum,true
wec-2013-r3-le-mans-26,wec-2013-r3-le-mans,mike-conway,3,platinum,true
wec-2013-r3-le-mans-42,wec-2013-r3-le-mans,jann-mardenborough,1,silver,true
wec-2013-r3-le-mans-42,wec-2013-r3-le-mans,lucas-ordonez,2,gold,true
wec-2013-r3-le-mans-42,wec-2013-r3-le-mans,michael-krumm,3,platinum,true
wec-2013-r3-le-mans-49,wec-2013-r3-le-mans,luis-perez-companc,1,silver,true
wec-2013-r3-le-mans-49,wec-2013-r3-le-mans,pierre-kaffer,2,platinum,true
wec-2013-r3-le-mans-49,wec-2013-r3-le-mans,nicolas-minassian,3,platinum,true
wec-2013-r3-le-mans-43,wec-2013-r3-le-mans,natacha-gachnang,1,silver,true
wec-2013-r3-le-mans-43,wec-2013-r3-le-mans,franck-mailleux,2,gold,true
wec-2013-r3-le-mans-43,wec-2013-r3-le-mans,olivier-lombard,3,silver,true
wec-2013-r3-le-mans-48,wec-2013-r3-le-mans,brendon-hartley,1,platinum,true
wec-2013-r3-le-mans-48,wec-2013-r3-le-mans,mark-patterson,2,bronze,true
wec-2013-r3-le-mans-48,wec-2013-r3-le-mans,karun-chandhok,3,platinum,true
wec-2013-r3-le-mans-38,wec-2013-r3-le-mans,simon-dolan,1,silver,true
wec-2013-r3-le-mans-38,wec-2013-r3-le-mans,oliver-turvey,2,platinum,true
wec-2013-r3-le-mans-38,wec-2013-r3-le-mans,lucas-luhr,3,platinum,true
wec-2013-r3-le-mans-36,wec-2013-r3-le-mans,nelson-panciatici,1,platinum,true
wec-2013-r3-le-mans-36,wec-2013-r3-le-mans,pierre-ragues,2,silver,true
wec-2013-r3-le-mans-36,wec-2013-r3-le-mans,tristan-gommendy,3,platinum,true
wec-2013-r3-le-mans-92,wec-2013-r3-le-mans,marc-lieb,1,platinum,true
wec-2013-r3-le-mans-92,wec-2013-r3-le-mans,richard-lietz,2,platinum,true
wec-2013-r3-le-mans-92,wec-2013-r3-le-mans,romain-dumas,3,platinum,true
wec-2013-r3-le-mans-91,wec-2013-r3-le-mans,jorg-bergmeister,1,platinum,true
wec-2013-r3-le-mans-91,wec-2013-r3-le-mans,patrick-pilet,2,platinum,true
wec-2013-r3-le-mans-91,wec-2013-r3-le-mans,timo-bernhard,3,platinum,true
wec-2013-r3-le-mans-97,wec-2013-r3-le-mans,peter-dumbreck,1,platinum,true
wec-2013-r3-le-mans-97,wec-2013-r3-le-mans,stefan-mucke,2,platinum,true
wec-2013-r3-le-mans-97,wec-2013-r3-le-mans,darren-turner,3,platinum,true
wec-2013-r3-le-mans-34,wec-2013-r3-le-mans,michel-frey,1,silver,true
wec-2013-r3-le-mans-34,wec-2013-r3-le-mans,patric-niederhauser,2,gold,true
wec-2013-r3-le-mans-34,wec-2013-r3-le-mans,jeroen-bleekemolen,3,platinum,true
wec-2013-r3-le-mans-73,wec-2013-r3-le-mans,jan-magnussen,1,platinum,true
wec-2013-r3-le-mans-73,wec-2013-r3-le-mans,antonio-garcia,2,platinum,true
wec-2013-r3-le-mans-73,wec-2013-r3-le-mans,jordan-taylor,3,gold,true
wec-2013-r3-le-mans-71,wec-2013-r3-le-mans,olivier-beretta,1,platinum,true
wec-2013-r3-le-mans-71,wec-2013-r3-le-mans,kamui-kobayashi,2,platinum,true
wec-2013-r3-le-mans-71,wec-2013-r3-le-mans,toni-vilander,3,platinum,true
wec-2013-r3-le-mans-51,wec-2013-r3-le-mans,gianmaria-bruni,1,platinum,true
wec-2013-r3-le-mans-51,wec-2013-r3-le-mans,giancarlo-fisichella,2,platinum,true
wec-2013-r3-le-mans-51,wec-2013-r3-le-mans,matteo-malucelli,3,gold,true
wec-2013-r3-le-mans-74,wec-2013-r3-le-mans,oliver-gavin,1,platinum,true
wec-2013-r3-le-mans-74,wec-2013-r3-le-mans,tommy-milner,2,platinum,true
wec-2013-r3-le-mans-74,wec-2013-r3-le-mans,richard-westbrook,3,platinum,true
wec-2013-r3-le-mans-41,wec-2013-r3-le-mans,tom-kimber-smith,1,gold,true
wec-2013-r3-le-mans-41,wec-2013-r3-le-mans,eric-lux,2,silver,true
wec-2013-r3-le-mans-41,wec-2013-r3-le-mans,alexander-rossi,3,platinum,true
wec-2013-r3-le-mans-53,wec-2013-r3-le-mans,ryan-dalziel,1,platinum,true
wec-2013-r3-le-mans-53,wec-2013-r3-le-mans,dominik-farnbacher,2,gold,true
wec-2013-r3-le-mans-53,wec-2013-r3-le-mans,marc-goossens,3,platinum,true
wec-2013-r3-le-mans-76,wec-2013-r3-le-mans,raymond-narac,1,silver,true
wec-2013-r3-le-mans-76,wec-2013-r3-le-mans,christophe-bourret,2,silver,true
wec-2013-r3-le-mans-76,wec-2013-r3-le-mans,jean-karl-vernay,3,platinum,true
wec-2013-r3-le-mans-55,wec-2013-r3-le-mans,piergiuseppe-perazzini,1,silver,true
wec-2013-r3-le-mans-55,wec-2013-r3-le-mans,lorenzo-case,2,silver,true
wec-2013-r3-le-mans-55,wec-2013-r3-le-mans,darryl-o-young,3,gold,true
wec-2013-r3-le-mans-61,wec-2013-r3-le-mans,jack-gerber,1,bronze,true
wec-2013-r3-le-mans-61,wec-2013-r3-le-mans,matt-griffin,2,silver,true
wec-2013-r3-le-mans-61,wec-2013-r3-le-mans,marco-cioci,3,gold,true
wec-2013-r3-le-mans-77,wec-2013-r3-le-mans,patrick-dempsey,1,bronze,true
wec-2013-r3-le-mans-77,wec-2013-r3-le-mans,joe-foster,2,silver,true
wec-2013-r3-le-mans-77,wec-2013-r3-le-mans,patrick-long,3,platinum,true
wec-2013-r3-le-mans-50,wec-2013-r3-le-mans,patrick-bornhauser,1,silver,true
wec-2013-r3-le-mans-50,wec-2013-r3-le-mans,julien-canal,2,silver,true
wec-2013-r3-le-mans-50,wec-2013-r3-le-mans,ricky-taylor,3,gold,true
wec-2013-r3-le-mans-96,wec-2013-r3-le-mans,jamie-campbell-walter,1,platinum,true
wec-2013-r3-le-mans-96,wec-2013-r3-le-mans,roald-goethe,2,bronze,true
wec-2013-r3-le-mans-96,wec-2013-r3-le-mans,stuart-hall,3,silver,true
wec-2013-r3-le-mans-93,wec-2013-r3-le-mans,jonathan-bomarito,1,gold,true
wec-2013-r3-le-mans-93,wec-2013-r3-le-mans,tommy-kendall,2,platinum,true
wec-2013-r3-le-mans-93,wec-2013-r3-le-mans,kuno-wittmer,3,platinum,true
wec-2013-r3-le-mans-40,wec-2013-r3-le-mans,matt-downs,1,silver,true
wec-2013-r3-le-mans-40,wec-2013-r3-le-mans,thomas-dagoneau,2,bronze,true
wec-2013-r3-le-mans-40,wec-2013-r3-le-mans,rodin-younessi,3,silver,true
wec-2013-r3-le-mans-67,wec-2013-r3-le-mans,pascal-gibon,1,silver,true
wec-2013-r3-le-mans-67,wec-2013-r3-le-mans,patrice-milesi,2,silver,true
wec-2013-r3-le-mans-67,wec-2013-r3-le-mans,wolf-henzler,3,platinum,true
wec-2013-r3-le-mans-66,wec-2013-r3-le-mans,andrea-bertolini,1,platinum,true
wec-2013-r3-le-mans-66,wec-2013-r3-le-mans,abdulaziz-turki-al-faisal,2,silver,true
wec-2013-r3-le-mans-66,wec-2013-r3-le-mans,khaled-al-qubaisi,3,silver,true
wec-2013-r3-le-mans-88,wec-2013-r3-le-mans,christian-ried,1,silver,true
wec-2013-r3-le-mans-88,wec-2013-r3-le-mans,gianluca-roda,2,silver,true
wec-2013-r3-le-mans-88,wec-2013-r3-le-mans,paolo-ruberti,3,gold,true
wec-2013-r3-le-mans-75,wec-2013-r3-le-mans,emmanuel-collard,1,platinum,true
wec-2013-r3-le-mans-75,wec-2013-r3-le-mans,francois-perrodo,2,bronze,true
wec-2013-r3-le-mans-75,wec-2013-r3-le-mans,sebastien-crubile,3,bronze,true
wec-2013-r3-le-mans-81,wec-2013-r3-le-mans,vicente-potolicchio,1,silver,true
wec-2013-r3-le-mans-81,wec-2013-r3-le-mans,rui-aguas,2,silver,true
wec-2013-r3-le-mans-81,wec-2013-r3-le-mans,jason-bright,3,platinum,true
wec-2013-r3-le-mans-39,wec-2013-r3-le-mans,olivier-porta,1,silver,true
wec-2013-r3-le-mans-39,wec-2013-r3-le-mans,stephane-raffin,2,bronze,true
wec-2013-r3-le-mans-39,wec-2013-r3-le-mans,romain-brandela,3,bronze,true
wec-2013-r3-le-mans-12,wec-2013-r3-le-mans,nicolas-prost,1,platinum,true
wec-2013-r3-le-mans-12,wec-2013-r3-le-mans,neel-jani,2,platinum,true
wec-2013-r3-le-mans-12,wec-2013-r3-le-mans,nick-heidfeld,3,platinum,true
wec-2013-r3-le-mans-13,wec-2013-r3-le-mans,andrea-belicchi,1,platinum,true
wec-2013-r3-le-mans-13,wec-2013-r3-le-mans,mathias-beche,2,platinum,true
wec-2013-r3-le-mans-13,wec-2013-r3-le-mans,cong-fu-cheng,3,gold,true
wec-2013-r3-le-mans-70,wec-2013-r3-le-mans,cooper-macneil,1,silver,true
wec-2013-r3-le-mans-70,wec-2013-r3-le-mans,manuel-rodrigues,2,bronze,true
wec-2013-r3-le-mans-70,wec-2013-r3-le-mans,philippe-dumas,3,silver,true
wec-2013-r3-le-mans-33,wec-2013-r3-le-mans,scott-tucker,1,silver,true
wec-2013-r3-le-mans-33,wec-2013-r3-le-mans,marino-franchitti,2,gold,true
wec-2013-r3-le-mans-33,wec-2013-r3-le-mans,ryan-briscoe,3,platinum,true
wec-2013-r3-le-mans-46,wec-2013-r3-le-mans,pierre-thiriet,1,silver,true
wec-2013-r3-le-mans-46,wec-2013-r3-le-mans,ludovic-badey,2,silver,true
wec-2013-r3-le-mans-46,wec-2013-r3-le-mans,maxime-martin,3,platinum,true
wec-2013-r3-le-mans-99,wec-2013-r3-le-mans,rob-bell,1,platinum,true
wec-2013-r3-le-mans-99,wec-2013-r3-le-mans,frederic-makowiecki,2,gold,true
wec-2013-r3-le-mans-99,wec-2013-r3-le-mans,bruno-senna,3,platinum,true
wec-2013-r3-le-mans-45,wec-2013-r3-le-mans,jacques-nicolet,1,silver,true
wec-2013-r3-le-mans-45,wec-2013-r3-le-mans,jean-marc-merlin,2,bronze,true
wec-2013-r3-le-mans-45,wec-2013-r3-le-mans,philippe-mondolot,3,bronze,true
wec-2013-r3-le-mans-47,wec-2013-r3-le-mans,alexander-imperatori,1,gold,true
wec-2013-r3-le-mans-47,wec-2013-r3-le-mans,ho-pin-tung,2,gold,true
wec-2013-r3-le-mans-47,wec-2013-r3-le-mans,matthew-howson,3,silver,true
wec-2013-r3-le-mans-98,wec-2013-r3-le-mans,bill-auberlen,1,platinum,true
wec-2013-r3-le-mans-98,wec-2013-r3-le-mans,paul-dalla-lana,2,silver,true
wec-2013-r3-le-mans-98,wec-2013-r3-le-mans,pedro-lamy,3,platinum,true
wec-2013-r3-le-mans-32,wec-2013-r3-le-mans,thomas-holzer,1,silver,true
wec-2013-r3-le-mans-32,wec-2013-r3-le-mans,dominik-kraihamer,2,gold,true
wec-2013-r3-le-mans-32,wec-2013-r3-le-mans,jan-charouz,3,gold,true
wec-2013-r3-le-mans-30,wec-2013-r3-le-mans,johnny-mowlem,1,platinum,true
wec-2013-r3-le-mans-30,wec-2013-r3-le-mans,tony-burgess,2,silver,true
wec-2013-r3-le-mans-30,wec-2013-r3-le-mans,jonathan-hirschi,3,silver,true
wec-2013-r3-le-mans-54,wec-2013-r3-le-mans,yannick-mallegol,1,bronze,true
wec-2013-r3-le-mans-54,wec-2013-r3-le-mans,jean-marc-bachelier,2,bronze,true
wec-2013-r3-le-mans-54,wec-2013-r3-le-mans,howard-blank,3,bronze,true
wec-2013-r3-le-mans-57,wec-2013-r3-le-mans,tracy-krohn,1,silver,true
wec-2013-r3-le-mans-57,wec-2013-r3-le-mans,niclas-jonsson,2,gold,true
wec-2013-r3-le-mans-57,wec-2013-r3-le-mans,maurizio-mediani,3,silver,true
wec-2013-r3-le-mans-25,wec-2013-r3-le-mans,tor-graves,1,silver,true
wec-2013-r3-le-mans-25,wec-2013-r3-le-mans,shinji-nakano,2,platinum,true
wec-2013-r3-le-mans-25,wec-2013-r3-le-mans,archie-hamilton,3,silver,true
wec-2013-r3-le-mans-28,wec-2013-r3-le-mans,fabien-giroix,1,silver,true
wec-2013-r3-le-mans-28,wec-2013-r3-le-mans,philippe-haezebrouck,2,silver,true
wec-2013-r3-le-mans-28,wec-2013-r3-le-mans,keiko-ihara,3,silver,true
wec-2013-r3-le-mans-31,wec-2013-r3-le-mans,kevin-weeda,1,bronze,true
wec-2013-r3-le-mans-31,wec-2013-r3-le-mans,james-rossiter,2,platinum,true
wec-2013-r3-le-mans-31,wec-2013-r3-le-mans,christophe-bouchut,3,platinum,true
wec-2013-r3-le-mans-95,wec-2013-r3-le-mans,allan-simonsen,1,gold,true
wec-2013-r3-le-mans-95,wec-2013-r3-le-mans,christoffer-nygaard,2,silver,true
wec-2013-r3-le-mans-95,wec-2013-r3-le-mans,kristian-poulsen,3,silver,true
wec-2013-r4-sao-paulo-1,wec-2013-r4-sao-paulo,andre-lotterer,1,platinum,true
wec-2013-r4-sao-paulo-1,wec-2013-r4-sao-paulo,benoit-treluyer,2,platinum,true
wec-2013-r4-sao-paulo-1,wec-2013-r4-sao-paulo,marcel-fassler,3,platinum,true
wec-2013-r4-sao-paulo-2,wec-2013-r4-sao-paulo,tom-kristensen,1,platinum,true
wec-2013-r4-sao-paulo-2,wec-2013-r4-sao-paulo,loic-duval,2,platinum,true
wec-2013-r4-sao-paulo-2,wec-2013-r4-sao-paulo,allan-mcnish,3,platinum,true
wec-2013-r4-sao-paulo-12,wec-2013-r4-sao-paulo,nicolas-prost,1,platinum,true
wec-2013-r4-sao-paulo-12,wec-2013-r4-sao-paulo,nick-heidfeld,2,platinum,true
wec-2013-r4-sao-paulo-12,wec-2013-r4-sao-paulo,mathias-beche,3,platinum,true
wec-2013-r4-sao-paulo-26,wec-2013-r4-sao-paulo,roman-rusinov,1,silver,true
wec-2013-r4-sao-paulo-26,wec-2013-r4-sao-paulo,john-martin,2,platinum,true
wec-2013-r4-sao-paulo-26,wec-2013-r4-sao-paulo,mike-conway,3,platinum,true
wec-2013-r4-sao-paulo-35,wec-2013-r4-sao-paulo,bertrand-baguette,1,platinum,true
wec-2013-r4-sao-paulo-35,wec-2013-r4-sao-paulo,ricardo-gonzalez,2,silver,true
wec-2013-r4-sao-paulo-35,wec-2013-r4-sao-paulo,martin-plowman,3,gold,true
wec-2013-r4-sao-paulo-49,wec-2013-r4-sao-paulo,luis-perez-companc,1,silver,true
wec-2013-r4-sao-paulo-49,wec-2013-r4-sao-paulo,nicolas-minassian,2,platinum,true
wec-2013-r4-sao-paulo-49,wec-2013-r4-sao-paulo,pierre-kaffer,3,platinum,true
wec-2013-r4-sao-paulo-41,wec-2013-r4-sao-paulo,christian-zugel,1,bronze,true
wec-2013-r4-sao-paulo-41,wec-2013-r4-sao-paulo,gunnar-jeannette,2,gold,true
wec-2013-r4-sao-paulo-41,wec-2013-r4-sao-paulo,bjorn-wirdheim,3,platinum,true
wec-2013-r4-sao-paulo-45,wec-2013-r4-sao-paulo,jacques-nicolet,1,silver,true
wec-2013-r4-sao-paulo-45,wec-2013-r4-sao-paulo,jean-marc-merlin,2,bronze,true
wec-2013-r4-sao-paulo-45,wec-2013-r4-sao-paulo,keiko-ihara,3,silver,true
wec-2013-r4-sao-paulo-51,wec-2013-r4-sao-paulo,gianmaria-bruni,1,platinum,true
wec-2013-r4-sao-paulo-51,wec-2013-r4-sao-paulo,giancarlo-fisichella,2,platinum,true
wec-2013-r4-sao-paulo-97,wec-2013-r4-sao-paulo,stefan-mucke,1,platinum,true
wec-2013-r4-sao-paulo-97,wec-2013-r4-sao-paulo,darren-turner,2,platinum,true
wec-2013-r4-sao-paulo-24,wec-2013-r4-sao-paulo,olivier-pla,1,platinum,true
wec-2013-r4-sao-paulo-24,wec-2013-r4-sao-paulo,david-heinemeier-hansson,2,silver,true
wec-2013-r4-sao-paulo-24,wec-2013-r4-sao-paulo,alex-brundle,3,gold,true
wec-2013-r4-sao-paulo-91,wec-2013-r4-sao-paulo,jorg-bergmeister,1,platinum,true
wec-2013-r4-sao-paulo-91,wec-2013-r4-sao-paulo,patrick-pilet,2,platinum,true
wec-2013-r4-sao-paulo-92,wec-2013-r4-sao-paulo,marc-lieb,1,platinum,true
wec-2013-r4-sao-paulo-92,wec-2013-r4-sao-paulo,richard-lietz,2,platinum,true
wec-2013-r4-sao-paulo-96,wec-2013-r4-sao-paulo,stuart-hall,1,silver,true
wec-2013-r4-sao-paulo-96,wec-2013-r4-sao-paulo,jamie-campbell-walter,2,platinum,true
wec-2013-r4-sao-paulo-81,wec-2013-r4-sao-paulo,vicente-potolicchio,1,silver,true
wec-2013-r4-sao-paulo-81,wec-2013-r4-sao-paulo,rui-aguas,2,silver,true
wec-2013-r4-sao-paulo-81,wec-2013-r4-sao-paulo,davide-rigon,3,platinum,true
wec-2013-r4-sao-paulo-88,wec-2013-r4-sao-paulo,christian-ried,1,silver,true
wec-2013-r4-sao-paulo-88,wec-2013-r4-sao-paulo,gianluca-roda,2,silver,true
wec-2013-r4-sao-paulo-88,wec-2013-r4-sao-paulo,paolo-ruberti,3,gold,true
wec-2013-r4-sao-paulo-76,wec-2013-r4-sao-paulo,raymond-narac,1,silver,true
wec-2013-r4-sao-paulo-76,wec-2013-r4-sao-paulo,jean-karl-vernay,2,platinum,true
wec-2013-r4-sao-paulo-76,wec-2013-r4-sao-paulo,christophe-bourret,3,silver,true
wec-2013-r4-sao-paulo-57,wec-2013-r4-sao-paulo,tracy-krohn,1,silver,true
wec-2013-r4-sao-paulo-57,wec-2013-r4-sao-paulo,niclas-jonsson,2,gold,true
wec-2013-r4-sao-paulo-57,wec-2013-r4-sao-paulo,maurizio-mediani,3,silver,true
wec-2013-r4-sao-paulo-50,wec-2013-r4-sao-paulo,patrick-bornhauser,1,silver,true
wec-2013-r4-sao-paulo-50,wec-2013-r4-sao-paulo,julien-canal,2,silver,true
wec-2013-r4-sao-paulo-50,wec-2013-r4-sao-paulo,fernando-rees,3,silver,true
wec-2013-r4-sao-paulo-98,wec-2013-r4-sao-paulo,paul-dalla-lana,1,silver,true
wec-2013-r4-sao-paulo-98,wec-2013-r4-sao-paulo,pedro-lamy,2,platinum,true
wec-2013-r4-sao-paulo-98,wec-2013-r4-sao-paulo,richie-stanaway,3,silver,true
wec-2013-r4-sao-paulo-95,wec-2013-r4-sao-paulo,christoffer-nygaard,1,silver,true
wec-2013-r4-sao-paulo-95,wec-2013-r4-sao-paulo,kristian-poulsen,2,silver,true
wec-2013-r4-sao-paulo-95,wec-2013-r4-sao-paulo,nicki-thiim,3,gold,true
wec-2013-r4-sao-paulo-61,wec-2013-r4-sao-paulo,jack-gerber,1,bronze,true
wec-2013-r4-sao-paulo-61,wec-2013-r4-sao-paulo,matt-griffin,2,silver,true
wec-2013-r4-sao-paulo-61,wec-2013-r4-sao-paulo,marco-cioci,3,gold,true
wec-2013-r4-sao-paulo-99,wec-2013-r4-sao-paulo,bruno-senna,1,platinum,true
wec-2013-r4-sao-paulo-99,wec-2013-r4-sao-paulo,rob-bell,2,platinum,true
wec-2013-r4-sao-paulo-25,wec-2013-r4-sao-paulo,tor-graves,1,silver,true
wec-2013-r4-sao-paulo-25,wec-2013-r4-sao-paulo,james-walker,2,gold,true
wec-2013-r4-sao-paulo-25,wec-2013-r4-sao-paulo,robbie-kerr,3,platinum,true
wec-2013-r4-sao-paulo-71,wec-2013-r4-sao-paulo,kamui-kobayashi,1,platinum,true
wec-2013-r4-sao-paulo-71,wec-2013-r4-sao-paulo,toni-vilander,2,platinum,true
wec-2013-r4-sao-paulo-31,wec-2013-r4-sao-paulo,kevin-weeda,1,bronze,true
wec-2013-r4-sao-paulo-31,wec-2013-r4-sao-paulo,christophe-bouchut,2,platinum,true
wec-2013-r4-sao-paulo-8,wec-2013-r4-sao-paulo,anthony-davidson,1,platinum,true
wec-2013-r4-sao-paulo-8,wec-2013-r4-sao-paulo,sebastien-buemi,2,platinum,true
wec-2013-r4-sao-paulo-8,wec-2013-r4-sao-paulo,stephane-sarrazin,3,platinum,true
wec-2013-r4-sao-paulo-32,wec-2013-r4-sao-paulo,thomas-holzer,1,silver,true
wec-2013-r4-sao-paulo-32,wec-2013-r4-sao-paulo,dominik-kraihamer,2,gold,true
wec-2013-r4-sao-paulo-32,wec-2013-r4-sao-paulo,jan-charouz,3,gold,true
wec-2013-r5-cota-2,wec-2013-r5-cota,tom-kristensen,1,platinum,true
wec-2013-r5-cota-2,wec-2013-r5-cota,loic-duval,2,platinum,true
wec-2013-r5-cota-2,wec-2013-r5-cota,allan-mcnish,3,platinum,true
wec-2013-r5-cota-8,wec-2013-r5-cota,anthony-davidson,1,platinum,true
wec-2013-r5-cota-8,wec-2013-r5-cota,sebastien-buemi,2,platinum,true
wec-2013-r5-cota-8,wec-2013-r5-cota,stephane-sarrazin,3,platinum,true
wec-2013-r5-cota-1,wec-2013-r5-cota,andre-lotterer,1,platinum,true
wec-2013-r5-cota-1,wec-2013-r5-cota,benoit-treluyer,2,platinum,true
wec-2013-r5-cota-1,wec-2013-r5-cota,marcel-fassler,3,platinum,true
wec-2013-r5-cota-12,wec-2013-r5-cota,nicolas-prost,1,platinum,true
wec-2013-r5-cota-12,wec-2013-r5-cota,nick-heidfeld,2,platinum,true
wec-2013-r5-cota-12,wec-2013-r5-cota,mathias-beche,3,platinum,true
wec-2013-r5-cota-26,wec-2013-r5-cota,roman-rusinov,1,silver,true
wec-2013-r5-cota-26,wec-2013-r5-cota,john-martin,2,platinum,true
wec-2013-r5-cota-26,wec-2013-r5-cota,mike-conway,3,platinum,true
wec-2013-r5-cota-49,wec-2013-r5-cota,luis-perez-companc,1,silver,true
wec-2013-r5-cota-49,wec-2013-r5-cota,nicolas-minassian,2,platinum,true
wec-2013-r5-cota-49,wec-2013-r5-cota,pierre-kaffer,3,platinum,true
wec-2013-r5-cota-32,wec-2013-r5-cota,thomas-holzer,1,silver,true
wec-2013-r5-cota-32,wec-2013-r5-cota,dominik-kraihamer,2,gold,true
wec-2013-r5-cota-32,wec-2013-r5-cota,jan-charouz,3,gold,true
wec-2013-r5-cota-25,wec-2013-r5-cota,tor-graves,1,silver,true
wec-2013-r5-cota-25,wec-2013-r5-cota,james-walker,2,gold,true
wec-2013-r5-cota-25,wec-2013-r5-cota,rudy-junco,3,silver,true
wec-2013-r5-cota-41,wec-2013-r5-cota,christian-zugel,1,bronze,true
wec-2013-r5-cota-41,wec-2013-r5-cota,chris-dyson,2,gold,true
wec-2013-r5-cota-41,wec-2013-r5-cota,tom-kimber-smith,3,gold,true
wec-2013-r5-cota-24,wec-2013-r5-cota,olivier-pla,1,platinum,true
wec-2013-r5-cota-24,wec-2013-r5-cota,david-heinemeier-hansson,2,silver,true
wec-2013-r5-cota-24,wec-2013-r5-cota,alex-brundle,3,gold,true
wec-2013-r5-cota-35,wec-2013-r5-cota,bertrand-baguette,1,platinum,true
wec-2013-r5-cota-35,wec-2013-r5-cota,ricardo-gonzalez,2,silver,true
wec-2013-r5-cota-35,wec-2013-r5-cota,martin-plowman,3,gold,true
wec-2013-r5-cota-99,wec-2013-r5-cota,bruno-senna,1,platinum,true
wec-2013-r5-cota-99,wec-2013-r5-cota,frederic-makowiecki,2,gold,true
wec-2013-r5-cota-51,wec-2013-r5-cota,gianmaria-bruni,1,platinum,true
wec-2013-r5-cota-51,wec-2013-r5-cota,giancarlo-fisichella,2,platinum,true
wec-2013-r5-cota-71,wec-2013-r5-cota,kamui-kobayashi,1,platinum,true
wec-2013-r5-cota-71,wec-2013-r5-cota,toni-vilander,2,platinum,true
wec-2013-r5-cota-92,wec-2013-r5-cota,marc-lieb,1,platinum,true
wec-2013-r5-cota-92,wec-2013-r5-cota,richard-lietz,2,platinum,true
wec-2013-r5-cota-96,wec-2013-r5-cota,stuart-hall,1,silver,true
wec-2013-r5-cota-96,wec-2013-r5-cota,jamie-campbell-walter,2,platinum,true
wec-2013-r5-cota-95,wec-2013-r5-cota,christoffer-nygaard,1,silver,true
wec-2013-r5-cota-95,wec-2013-r5-cota,kristian-poulsen,2,silver,true
wec-2013-r5-cota-95,wec-2013-r5-cota,nicki-thiim,3,gold,true
wec-2013-r5-cota-76,wec-2013-r5-cota,raymond-narac,1,silver,true
wec-2013-r5-cota-76,wec-2013-r5-cota,jean-karl-vernay,2,platinum,true
wec-2013-r5-cota-81,wec-2013-r5-cota,vicente-potolicchio,1,silver,true
wec-2013-r5-cota-81,wec-2013-r5-cota,rui-aguas,2,silver,true
wec-2013-r5-cota-81,wec-2013-r5-cota,matteo-malucelli,3,gold,true
wec-2013-r5-cota-91,wec-2013-r5-cota,jorg-bergmeister,1,platinum,true
wec-2013-r5-cota-91,wec-2013-r5-cota,patrick-pilet,2,platinum,true
wec-2013-r5-cota-88,wec-2013-r5-cota,christian-ried,1,silver,true
wec-2013-r5-cota-88,wec-2013-r5-cota,gianluca-roda,2,silver,true
wec-2013-r5-cota-88,wec-2013-r5-cota,paolo-ruberti,3,gold,true
wec-2013-r5-cota-50,wec-2013-r5-cota,patrick-bornhauser,1,silver,true
wec-2013-r5-cota-50,wec-2013-r5-cota,julien-canal,2,silver,true
wec-2013-r5-cota-50,wec-2013-r5-cota,fernando-rees,3,silver,true
wec-2013-r5-cota-61,wec-2013-r5-cota,jack-gerber,1,bronze,true
wec-2013-r5-cota-61,wec-2013-r5-cota,matt-griffin,2,silver,true
wec-2013-r5-cota-61,wec-2013-r5-cota,marco-cioci,3,gold,true
wec-2013-r5-cota-57,wec-2013-r5-cota,tracy-krohn,1,silver,true
wec-2013-r5-cota-57,wec-2013-r5-cota,niclas-jonsson,2,gold,true
wec-2013-r5-cota-57,wec-2013-r5-cota,maurizio-mediani,3,silver,true
wec-2013-r5-cota-45,wec-2013-r5-cota,jacques-nicolet,1,silver,true
wec-2013-r5-cota-45,wec-2013-r5-cota,jean-marc-merlin,2,bronze,true
wec-2013-r5-cota-45,wec-2013-r5-cota,erik-maris,3,bronze,true
wec-2013-r5-cota-97,wec-2013-r5-cota,stefan-mucke,1,platinum,true
wec-2013-r5-cota-97,wec-2013-r5-cota,darren-turner,2,platinum,true
wec-2013-r5-cota-97,wec-2013-r5-cota,oliver-gavin,3,platinum,true
wec-2013-r5-cota-98,wec-2013-r5-cota,paul-dalla-lana,1,silver,true
wec-2013-r5-cota-98,wec-2013-r5-cota,pedro-lamy,2,platinum,true
wec-2013-r5-cota-98,wec-2013-r5-cota,richie-stanaway,3,silver,true
wec-2013-r5-cota-31,wec-2013-r5-cota,kevin-weeda,1,bronze,true
wec-2013-r5-cota-31,wec-2013-r5-cota,vitantonio-liuzzi,2,platinum,true
wec-2013-r5-cota-31,wec-2013-r5-cota,james-rossiter,3,platinum,true
wec-2013-r6-fuji-7,wec-2013-r6-fuji,alexander-wurz,1,platinum,true
wec-2013-r6-fuji-7,wec-2013-r6-fuji,nicolas-lapierre,2,platinum,true
wec-2013-r6-fuji-7,wec-2013-r6-fuji,kazuki-nakajima,3,platinum,true
wec-2013-r6-fuji-2,wec-2013-r6-fuji,tom-kristensen,1,platinum,true
wec-2013-r6-fuji-2,wec-2013-r6-fuji,loic-duval,2,platinum,true
wec-2013-r6-fuji-2,wec-2013-r6-fuji,allan-mcnish,3,platinum,true
wec-2013-r6-fuji-12,wec-2013-r6-fuji,andrea-belicchi,1,platinum,true
wec-2013-r6-fuji-12,wec-2013-r6-fuji,mathias-beche,2,platinum,true
wec-2013-r6-fuji-35,wec-2013-r6-fuji,bertrand-baguette,1,platinum,true
wec-2013-r6-fuji-35,wec-2013-r6-fuji,ricardo-gonzalez,2,silver,true
wec-2013-r6-fuji-35,wec-2013-r6-fuji,martin-plowman,3,gold,true
wec-2013-r6-fuji-26,wec-2013-r6-fuji,roman-rusinov,1,silver,true
wec-2013-r6-fuji-26,wec-2013-r6-fuji,john-martin,2,platinum,true
wec-2013-r6-fuji-26,wec-2013-r6-fuji,mike-conway,3,platinum,true
wec-2013-r6-fuji-27,wec-2013-r6-fuji,katsuyuki-hiranaka,1,gold,true
wec-2013-r6-fuji-27,wec-2013-r6-fuji,masayuki-ueda,2,silver,true
wec-2013-r6-fuji-27,wec-2013-r6-fuji,bjorn-wirdheim,3,platinum,true
wec-2013-r6-fuji-24,wec-2013-r6-fuji,olivier-pla,1,platinum,true
wec-2013-r6-fuji-24,wec-2013-r6-fuji,david-heinemeier-hansson,2,silver,true
wec-2013-r6-fuji-24,wec-2013-r6-fuji,alex-brundle,3,gold,true
wec-2013-r6-fuji-25,wec-2013-r6-fuji,tor-graves,1,silver,true
wec-2013-r6-fuji-25,wec-2013-r6-fuji,james-walker,2,gold,true
wec-2013-r6-fuji-25,wec-2013-r6-fuji,shinji-nakano,3,platinum,true
wec-2013-r6-fuji-47,wec-2013-r6-fuji,richard-bradley,1,gold,true
wec-2013-r6-fuji-47,wec-2013-r6-fuji,hiroshi-koizumi,2,silver,true
wec-2013-r6-fuji-47,wec-2013-r6-fuji,tsugio-matsuda,3,platinum,true
wec-2013-r6-fuji-49,wec-2013-r6-fuji,luis-perez-companc,1,silver,true
wec-2013-r6-fuji-49,wec-2013-r6-fuji,nicolas-minassian,2,platinum,true
wec-2013-r6-fuji-49,wec-2013-r6-fuji,pierre-kaffer,3,platinum,true
wec-2013-r6-fuji-32,wec-2013-r6-fuji,thomas-holzer,1,silver,true
wec-2013-r6-fuji-32,wec-2013-r6-fuji,dominik-kraihamer,2,gold,true
wec-2013-r6-fuji-32,wec-2013-r6-fuji,jan-charouz,3,gold,true
wec-2013-r6-fuji-45,wec-2013-r6-fuji,jacques-nicolet,1,silver,true
wec-2013-r6-fuji-45,wec-2013-r6-fuji,keiko-ihara,2,silver,true
wec-2013-r6-fuji-97,wec-2013-r6-fuji,darren-turner,1,platinum,true
wec-2013-r6-fuji-97,wec-2013-r6-fuji,stefan-mucke,2,platinum,true
wec-2013-r6-fuji-97,wec-2013-r6-fuji,frederic-makowiecki,3,gold,true
wec-2013-r6-fuji-51,wec-2013-r6-fuji,gianmaria-bruni,1,platinum,true
wec-2013-r6-fuji-51,wec-2013-r6-fuji,giancarlo-fisichella,2,platinum,true
wec-2013-r6-fuji-91,wec-2013-r6-fuji,jorg-bergmeister,1,platinum,true
wec-2013-r6-fuji-91,wec-2013-r6-fuji,patrick-pilet,2,platinum,true
wec-2013-r6-fuji-92,wec-2013-r6-fuji,marc-lieb,1,platinum,true
wec-2013-r6-fuji-92,wec-2013-r6-fuji,richard-lietz,2,platinum,true
wec-2013-r6-fuji-95,wec-2013-r6-fuji,christoffer-nygaard,1,silver,true
wec-2013-r6-fuji-95,wec-2013-r6-fuji,kristian-poulsen,2,silver,true
wec-2013-r6-fuji-95,wec-2013-r6-fuji,bruno-senna,3,platinum,true
wec-2013-r6-fuji-96,wec-2013-r6-fuji,stuart-hall,1,silver,true
wec-2013-r6-fuji-96,wec-2013-r6-fuji,jamie-campbell-walter,2,platinum,true
wec-2013-r6-fuji-96,wec-2013-r6-fuji,jonathan-adam,3,silver,true
wec-2013-r6-fuji-88,wec-2013-r6-fuji,christian-ried,1,silver,true
wec-2013-r6-fuji-88,wec-2013-r6-fuji,gianluca-roda,2,silver,true
wec-2013-r6-fuji-88,wec-2013-r6-fuji,paolo-ruberti,3,gold,true
wec-2013-r6-fuji-81,wec-2013-r6-fuji,vicente-potolicchio,1,silver,true
wec-2013-r6-fuji-81,wec-2013-r6-fuji,rui-aguas,2,silver,true
wec-2013-r6-fuji-81,wec-2013-r6-fuji,davide-rigon,3,platinum,true
wec-2013-r6-fuji-71,wec-2013-r6-fuji,kamui-kobayashi,1,platinum,true
wec-2013-r6-fuji-71,wec-2013-r6-fuji,toni-vilander,2,platinum,true
wec-2013-r6-fuji-76,wec-2013-r6-fuji,raymond-narac,1,silver,true
wec-2013-r6-fuji-76,wec-2013-r6-fuji,jean-karl-vernay,2,platinum,true
wec-2013-r6-fuji-76,wec-2013-r6-fuji,markus-palttala,3,silver,true
wec-2013-r6-fuji-31,wec-2013-r6-fuji,kevin-weeda,1,bronze,true
wec-2013-r6-fuji-31,wec-2013-r6-fuji,james-rossiter,2,platinum,true
wec-2013-r6-fuji-31,wec-2013-r6-fuji,vitantonio-liuzzi,3,platinum,true
wec-2013-r6-fuji-57,wec-2013-r6-fuji,tracy-krohn,1,silver,true
wec-2013-r6-fuji-57,wec-2013-r6-fuji,niclas-jonsson,2,gold,true
wec-2013-r6-fuji-57,wec-2013-r6-fuji,maurizio-mediani,3,silver,true
wec-2013-r6-fuji-61,wec-2013-r6-fuji,jack-gerber,1,bronze,true
wec-2013-r6-fuji-61,wec-2013-r6-fuji,matt-griffin,2,silver,true
wec-2013-r6-fuji-61,wec-2013-r6-fuji,marco-cioci,3,gold,true
wec-2013-r6-fuji-1,wec-2013-r6-fuji,andre-lotterer,1,platinum,true
wec-2013-r6-fuji-1,wec-2013-r6-fuji,benoit-treluyer,2,platinum,true
wec-2013-r6-fuji-1,wec-2013-r6-fuji,marcel-fassler,3,platinum,true
wec-2013-r6-fuji-8,wec-2013-r6-fuji,anthony-davidson,1,platinum,true
wec-2013-r6-fuji-8,wec-2013-r6-fuji,sebastien-buemi,2,platinum,true
wec-2013-r6-fuji-8,wec-2013-r6-fuji,stephane-sarrazin,3,platinum,true
wec-2013-r6-fuji-99,wec-2013-r6-fuji,pedro-lamy,1,platinum,true
wec-2013-r6-fuji-99,wec-2013-r6-fuji,richie-stanaway,2,silver,true
wec-2013-r6-fuji-50,wec-2013-r6-fuji,patrick-bornhauser,1,silver,true
wec-2013-r6-fuji-50,wec-2013-r6-fuji,julien-canal,2,silver,true
wec-2013-r6-fuji-50,wec-2013-r6-fuji,fernando-rees,3,silver,true
wec-2013-r7-shanghai-1,wec-2013-r7-shanghai,andre-lotterer,1,platinum,true
wec-2013-r7-shanghai-1,wec-2013-r7-shanghai,benoit-treluyer,2,platinum,true
wec-2013-r7-shanghai-1,wec-2013-r7-shanghai,marcel-fassler,3,platinum,true
wec-2013-r7-shanghai-7,wec-2013-r7-shanghai,alexander-wurz,1,platinum,true
wec-2013-r7-shanghai-7,wec-2013-r7-shanghai,nicolas-lapierre,2,platinum,true
wec-2013-r7-shanghai-2,wec-2013-r7-shanghai,tom-kristensen,1,platinum,true
wec-2013-r7-shanghai-2,wec-2013-r7-shanghai,loic-duval,2,platinum,true
wec-2013-r7-shanghai-2,wec-2013-r7-shanghai,allan-mcnish,3,platinum,true
wec-2013-r7-shanghai-12,wec-2013-r7-shanghai,andrea-belicchi,1,platinum,true
wec-2013-r7-shanghai-12,wec-2013-r7-shanghai,mathias-beche,2,platinum,true
wec-2013-r7-shanghai-12,wec-2013-r7-shanghai,nicolas-prost,3,platinum,true
wec-2013-r7-shanghai-26,wec-2013-r7-shanghai,roman-rusinov,1,silver,true
wec-2013-r7-shanghai-26,wec-2013-r7-shanghai,john-martin,2,platinum,true
wec-2013-r7-shanghai-26,wec-2013-r7-shanghai,mike-conway,3,platinum,true
wec-2013-r7-shanghai-24,wec-2013-r7-shanghai,olivier-pla,1,platinum,true
wec-2013-r7-shanghai-24,wec-2013-r7-shanghai,david-heinemeier-hansson,2,silver,true
wec-2013-r7-shanghai-24,wec-2013-r7-shanghai,alex-brundle,3,gold,true
wec-2013-r7-shanghai-35,wec-2013-r7-shanghai,bertrand-baguette,1,platinum,true
wec-2013-r7-shanghai-35,wec-2013-r7-shanghai,ricardo-gonzalez,2,silver,true
wec-2013-r7-shanghai-35,wec-2013-r7-shanghai,martin-plowman,3,gold,true
wec-2013-r7-shanghai-25,wec-2013-r7-shanghai,tor-graves,1,silver,true
wec-2013-r7-shanghai-25,wec-2013-r7-shanghai,robbie-kerr,2,platinum,true
wec-2013-r7-shanghai-25,wec-2013-r7-shanghai,craig-dolby,3,gold,true
wec-2013-r7-shanghai-41,wec-2013-r7-shanghai,mark-shulzhitskiy,1,silver,true
wec-2013-r7-shanghai-41,wec-2013-r7-shanghai,eric-lux,2,silver,true
wec-2013-r7-shanghai-41,wec-2013-r7-shanghai,bjorn-wirdheim,3,platinum,true
wec-2013-r7-shanghai-45,wec-2013-r7-shanghai,jacques-nicolet,1,silver,true
wec-2013-r7-shanghai-45,wec-2013-r7-shanghai,keiko-ihara,2,silver,true
wec-2013-r7-shanghai-45,wec-2013-r7-shanghai,david-cheng,3,silver,true
wec-2013-r7-shanghai-32,wec-2013-r7-shanghai,thomas-holzer,1,silver,true
wec-2013-r7-shanghai-32,wec-2013-r7-shanghai,dominik-kraihamer,2,gold,true
wec-2013-r7-shanghai-32,wec-2013-r7-shanghai,jan-charouz,3,gold,true
wec-2013-r7-shanghai-97,wec-2013-r7-shanghai,darren-turner,1,platinum,true
wec-2013-r7-shanghai-97,wec-2013-r7-shanghai,stefan-mucke,2,platinum,true
wec-2013-r7-shanghai-99,wec-2013-r7-shanghai,pedro-lamy,1,platinum,true
wec-2013-r7-shanghai-99,wec-2013-r7-shanghai,bruno-senna,2,platinum,true
wec-2013-r7-shanghai-99,wec-2013-r7-shanghai,richie-stanaway,3,silver,true
wec-2013-r7-shanghai-91,wec-2013-r7-shanghai,jorg-bergmeister,1,platinum,true
wec-2013-r7-shanghai-91,wec-2013-r7-shanghai,patrick-pilet,2,platinum,true
wec-2013-r7-shanghai-51,wec-2013-r7-shanghai,gianmaria-bruni,1,platinum,true
wec-2013-r7-shanghai-51,wec-2013-r7-shanghai,giancarlo-fisichella,2,platinum,true
wec-2013-r7-shanghai-71,wec-2013-r7-shanghai,kamui-kobayashi,1,platinum,true
wec-2013-r7-shanghai-71,wec-2013-r7-shanghai,toni-vilander,2,platinum,true
wec-2013-r7-shanghai-92,wec-2013-r7-shanghai,marc-lieb,1,platinum,true
wec-2013-r7-shanghai-92,wec-2013-r7-shanghai,richard-lietz,2,platinum,true
wec-2013-r7-shanghai-81,wec-2013-r7-shanghai,vicente-potolicchio,1,silver,true
wec-2013-r7-shanghai-81,wec-2013-r7-shanghai,rui-aguas,2,silver,true
wec-2013-r7-shanghai-81,wec-2013-r7-shanghai,davide-rigon,3,platinum,true
wec-2013-r7-shanghai-76,wec-2013-r7-shanghai,raymond-narac,1,silver,true
wec-2013-r7-shanghai-76,wec-2013-r7-shanghai,jean-karl-vernay,2,platinum,true
wec-2013-r7-shanghai-76,wec-2013-r7-shanghai,markus-palttala,3,silver,true
wec-2013-r7-shanghai-96,wec-2013-r7-shanghai,jamie-campbell-walter,1,platinum,true
wec-2013-r7-shanghai-96,wec-2013-r7-shanghai,stuart-hall,2,silver,true
wec-2013-r7-shanghai-96,wec-2013-r7-shanghai,jonathan-adam,3,silver,true
wec-2013-r7-shanghai-88,wec-2013-r7-shanghai,christian-ried,1,silver,true
wec-2013-r7-shanghai-88,wec-2013-r7-shanghai,gianluca-roda,2,silver,true
wec-2013-r7-shanghai-88,wec-2013-r7-shanghai,paolo-ruberti,3,gold,true
wec-2013-r7-shanghai-50,wec-2013-r7-shanghai,patrick-bornhauser,1,silver,true
wec-2013-r7-shanghai-50,wec-2013-r7-shanghai,julien-canal,2,silver,true
wec-2013-r7-shanghai-50,wec-2013-r7-shanghai,fernando-rees,3,silver,true
wec-2013-r7-shanghai-61,wec-2013-r7-shanghai,jack-gerber,1,bronze,true
wec-2013-r7-shanghai-61,wec-2013-r7-shanghai,matt-griffin,2,silver,true
wec-2013-r7-shanghai-61,wec-2013-r7-shanghai,marco-cioci,3,gold,true
wec-2013-r7-shanghai-8,wec-2013-r7-shanghai,anthony-davidson,1,platinum,true
wec-2013-r7-shanghai-8,wec-2013-r7-shanghai,sebastien-buemi,2,platinum,true
wec-2013-r7-shanghai-8,wec-2013-r7-shanghai,stephane-sarrazin,3,platinum,true
wec-2013-r7-shanghai-57,wec-2013-r7-shanghai,tracy-krohn,1,silver,true
wec-2013-r7-shanghai-57,wec-2013-r7-shanghai,niclas-jonsson,2,gold,true
wec-2013-r7-shanghai-57,wec-2013-r7-shanghai,maurizio-mediani,3,silver,true
wec-2013-r7-shanghai-95,wec-2013-r7-shanghai,christoffer-nygaard,1,silver,true
wec-2013-r7-shanghai-95,wec-2013-r7-shanghai,kristian-poulsen,2,silver,true
wec-2013-r7-shanghai-95,wec-2013-r7-shanghai,nicki-thiim,3,gold,true
wec-2013-r7-shanghai-31,wec-2013-r7-shanghai,kevin-weeda,1,bronze,true
wec-2013-r7-shanghai-31,wec-2013-r7-shanghai,vitantonio-liuzzi,2,platinum,true
wec-2013-r7-shanghai-31,wec-2013-r7-shanghai,christophe-bouchut,3,platinum,true
wec-2013-r7-shanghai-49,wec-2013-r7-shanghai,luis-perez-companc,1,silver,true
wec-2013-r7-shanghai-49,wec-2013-r7-shanghai,nicolas-minassian,2,platinum,true
wec-2013-r7-shanghai-49,wec-2013-r7-shanghai,pierre-kaffer,3,platinum,true
wec-2013-r8-bahrain-8,wec-2013-r8-bahrain,anthony-davidson,1,platinum,true
wec-2013-r8-bahrain-8,wec-2013-r8-bahrain,sebastien-buemi,2,platinum,true
wec-2013-r8-bahrain-8,wec-2013-r8-bahrain,stephane-sarrazin,3,platinum,true
wec-2013-r8-bahrain-1,wec-2013-r8-bahrain,andre-lotterer,1,platinum,true
wec-2013-r8-bahrain-1,wec-2013-r8-bahrain,benoit-treluyer,2,platinum,true
wec-2013-r8-bahrain-1,wec-2013-r8-bahrain,marcel-fassler,3,platinum,true
wec-2013-r8-bahrain-26,wec-2013-r8-bahrain,roman-rusinov,1,silver,true
wec-2013-r8-bahrain-26,wec-2013-r8-bahrain,john-martin,2,platinum,true
wec-2013-r8-bahrain-26,wec-2013-r8-bahrain,mike-conway,3,platinum,true
wec-2013-r8-bahrain-24,wec-2013-r8-bahrain,olivier-pla,1,platinum,true
wec-2013-r8-bahrain-24,wec-2013-r8-bahrain,david-heinemeier-hansson,2,silver,true
wec-2013-r8-bahrain-24,wec-2013-r8-bahrain,alex-brundle,3,gold,true
wec-2013-r8-bahrain-41,wec-2013-r8-bahrain,bjorn-wirdheim,1,platinum,true
wec-2013-r8-bahrain-41,wec-2013-r8-bahrain,wolfgang-reip,2,silver,true
wec-2013-r8-bahrain-41,wec-2013-r8-bahrain,jon-lancaster,3,gold,true
wec-2013-r8-bahrain-35,wec-2013-r8-bahrain,bertrand-baguette,1,platinum,true
wec-2013-r8-bahrain-35,wec-2013-r8-bahrain,ricardo-gonzalez,2,silver,true
wec-2013-r8-bahrain-35,wec-2013-r8-bahrain,martin-plowman,3,gold,true
wec-2013-r8-bahrain-45,wec-2013-r8-bahrain,jacques-nicolet,1,silver,true
wec-2013-r8-bahrain-45,wec-2013-r8-bahrain,keiko-ihara,2,silver,true
wec-2013-r8-bahrain-45,wec-2013-r8-bahrain,david-cheng,3,silver,true
wec-2013-r8-bahrain-25,wec-2013-r8-bahrain,fabien-giroix,1,silver,true
wec-2013-r8-bahrain-25,wec-2013-r8-bahrain,robbie-kerr,2,platinum,true
wec-2013-r8-bahrain-25,wec-2013-r8-bahrain,craig-dolby,3,gold,true
wec-2013-r8-bahrain-51,wec-2013-r8-bahrain,gianmaria-bruni,1,platinum,true
wec-2013-r8-bahrain-51,wec-2013-r8-bahrain,toni-vilander,2,platinum,true
wec-2013-r8-bahrain-91,wec-2013-r8-bahrain,jorg-bergmeister,1,platinum,true
wec-2013-r8-bahrain-91,wec-2013-r8-bahrain,patrick-pilet,2,platinum,true
wec-2013-r8-bahrain-71,wec-2013-r8-bahrain,kamui-kobayashi,1,platinum,true
wec-2013-r8-bahrain-71,wec-2013-r8-bahrain,giancarlo-fisichella,2,platinum,true
wec-2013-r8-bahrain-92,wec-2013-r8-bahrain,marc-lieb,1,platinum,true
wec-2013-r8-bahrain-92,wec-2013-r8-bahrain,richard-lietz,2,platinum,true
wec-2013-r8-bahrain-95,wec-2013-r8-bahrain,christoffer-nygaard,1,silver,true
wec-2013-r8-bahrain-95,wec-2013-r8-bahrain,kristian-poulsen,2,silver,true
wec-2013-r8-bahrain-95,wec-2013-r8-bahrain,nicki-thiim,3,gold,true
wec-2013-r8-bahrain-49,wec-2013-r8-bahrain,luis-perez-companc,1,silver,true
wec-2013-r8-bahrain-49,wec-2013-r8-bahrain,nicolas-minassian,2,platinum,true
wec-2013-r8-bahrain-49,wec-2013-r8-bahrain,pierre-kaffer,3,platinum,true
wec-2013-r8-bahrain-81,wec-2013-r8-bahrain,vicente-potolicchio,1,silver,true
wec-2013-r8-bahrain-81,wec-2013-r8-bahrain,rui-aguas,2,silver,true
wec-2013-r8-bahrain-81,wec-2013-r8-bahrain,davide-rigon,3,platinum,true
wec-2013-r8-bahrain-61,wec-2013-r8-bahrain,francois-perrodo,1,bronze,true
wec-2013-r8-bahrain-61,wec-2013-r8-bahrain,emmanuel-collard,2,platinum,true
wec-2013-r8-bahrain-61,wec-2013-r8-bahrain,matt-griffin,3,silver,true
wec-2013-r8-bahrain-50,wec-2013-r8-bahrain,patrick-bornhauser,1,silver,true
wec-2013-r8-bahrain-50,wec-2013-r8-bahrain,julien-canal,2,silver,true
wec-2013-r8-bahrain-50,wec-2013-r8-bahrain,fernando-rees,3,silver,true
wec-2013-r8-bahrain-96,wec-2013-r8-bahrain,stuart-hall,1,silver,true
wec-2013-r8-bahrain-96,wec-2013-r8-bahrain,roald-goethe,2,bronze,true
wec-2013-r8-bahrain-96,wec-2013-r8-bahrain,jamie-campbell-walter,3,platinum,true
wec-2013-r8-bahrain-76,wec-2013-r8-bahrain,raymond-narac,1,silver,true
wec-2013-r8-bahrain-76,wec-2013-r8-bahrain,jean-karl-vernay,2,platinum,true
wec-2013-r8-bahrain-76,wec-2013-r8-bahrain,markus-palttala,3,silver,true
wec-2013-r8-bahrain-99,wec-2013-r8-bahrain,pedro-lamy,1,platinum,true
wec-2013-r8-bahrain-99,wec-2013-r8-bahrain,bruno-senna,2,platinum,true
wec-2013-r8-bahrain-99,wec-2013-r8-bahrain,richie-stanaway,3,silver,true
wec-2013-r8-bahrain-97,wec-2013-r8-bahrain,darren-turner,1,platinum,true
wec-2013-r8-bahrain-97,wec-2013-r8-bahrain,stefan-mucke,2,platinum,true
wec-2013-r8-bahrain-2,wec-2013-r8-bahrain,tom-kristensen,1,platinum,true
wec-2013-r8-bahrain-2,wec-2013-r8-bahrain,loic-duval,2,platinum,true
wec-2013-r8-bahrain-2,wec-2013-r8-bahrain,allan-mcnish,3,platinum,true
wec-2013-r8-bahrain-88,wec-2013-r8-bahrain,christian-ried,1,silver,true
wec-2013-r8-bahrain-88,wec-2013-r8-bahrain,gianluca-roda,2,silver,true
wec-2013-r8-bahrain-88,wec-2013-r8-bahrain,paolo-ruberti,3,gold,true
wec-2013-r8-bahrain-57,wec-2013-r8-bahrain,tracy-krohn,1,silver,true
wec-2013-r8-bahrain-57,wec-2013-r8-bahrain,niclas-jonsson,2,gold,true
wec-2013-r8-bahrain-57,wec-2013-r8-bahrain,maurizio-mediani,3,silver,true
wec-2013-r8-bahrain-7,wec-2013-r8-bahrain,alexander-wurz,1,platinum,true
wec-2013-r8-bahrain-7,wec-2013-r8-bahrain,nicolas-lapierre,2,platinum,true
wec-2013-r8-bahrain-7,wec-2013-r8-bahrain,kazuki-nakajima,3,platinum,true
wec-2013-r8-bahrain-12,wec-2013-r8-bahrain,andrea-belicchi,1,platinum,true
wec-2013-r8-bahrain-12,wec-2013-r8-bahrain,mathias-beche,2,platinum,true
wec-2013-r8-bahrain-12,wec-2013-r8-bahrain,nicolas-prost,3,platinum,true
wec-2013-r8-bahrain-32,wec-2013-r8-bahrain,thomas-holzer,1,silver,true
wec-2013-r8-bahrain-32,wec-2013-r8-bahrain,dominik-kraihamer,2,gold,true
wec-2013-r8-bahrain-32,wec-2013-r8-bahrain,jan-charouz,3,gold,true
wec-2013-r8-bahrain-31,wec-2013-r8-bahrain,kevin-weeda,1,bronze,true
wec-2013-r8-bahrain-31,wec-2013-r8-bahrain,vitantonio-liuzzi,2,platinum,true
wec-2013-r8-bahrain-31,wec-2013-r8-bahrain,lucas-auer,3,gold,true
wec-2014-r1-silverstone-8,wec-2014-r1-silverstone,anthony-davidson,1,platinum,true
wec-2014-r1-silverstone-8,wec-2014-r1-silverstone,nicolas-lapierre,2,platinum,true
wec-2014-r1-silverstone-8,wec-2014-r1-silverstone,sebastien-buemi,3,platinum,true
wec-2014-r1-silverstone-7,wec-2014-r1-silverstone,alexander-wurz,1,platinum,true
wec-2014-r1-silverstone-7,wec-2014-r1-silverstone,stephane-sarrazin,2,platinum,true
wec-2014-r1-silverstone-7,wec-2014-r1-silverstone,kazuki-nakajima,3,platinum,true
wec-2014-r1-silverstone-20,wec-2014-r1-silverstone,timo-bernhard,1,platinum,true
wec-2014-r1-silverstone-20,wec-2014-r1-silverstone,mark-webber,2,platinum,true
wec-2014-r1-silverstone-20,wec-2014-r1-silverstone,brendon-hartley,3,platinum,true
wec-2014-r1-silverstone-12,wec-2014-r1-silverstone,nicolas-prost,1,platinum,true
wec-2014-r1-silverstone-12,wec-2014-r1-silverstone,nick-heidfeld,2,platinum,true
wec-2014-r1-silverstone-12,wec-2014-r1-silverstone,mathias-beche,3,platinum,true
wec-2014-r1-silverstone-26,wec-2014-r1-silverstone,roman-rusinov,1,gold,true
wec-2014-r1-silverstone-26,wec-2014-r1-silverstone,olivier-pla,2,platinum,true
wec-2014-r1-silverstone-26,wec-2014-r1-silverstone,julien-canal,3,silver,true
wec-2014-r1-silverstone-47,wec-2014-r1-silverstone,matthew-howson,1,silver,true
wec-2014-r1-silverstone-47,wec-2014-r1-silverstone,richard-bradley,2,gold,true
wec-2014-r1-silverstone-47,wec-2014-r1-silverstone,tsugio-matsuda,3,platinum,true
wec-2014-r1-silverstone-92,wec-2014-r1-silverstone,marco-holzer,1,platinum,true
wec-2014-r1-silverstone-92,wec-2014-r1-silverstone,frederic-makowiecki,2,platinum,true
wec-2014-r1-silverstone-92,wec-2014-r1-silverstone,richard-lietz,3,platinum,true
wec-2014-r1-silverstone-91,wec-2014-r1-silverstone,patrick-pilet,1,platinum,true
wec-2014-r1-silverstone-91,wec-2014-r1-silverstone,jorg-bergmeister,2,platinum,true
wec-2014-r1-silverstone-91,wec-2014-r1-silverstone,nick-tandy,3,gold,true
wec-2014-r1-silverstone-97,wec-2014-r1-silverstone,darren-turner,1,platinum,true
wec-2014-r1-silverstone-97,wec-2014-r1-silverstone,stefan-mucke,2,platinum,true
wec-2014-r1-silverstone-51,wec-2014-r1-silverstone,gianmaria-bruni,1,platinum,true
wec-2014-r1-silverstone-51,wec-2014-r1-silverstone,toni-vilander,2,platinum,true
wec-2014-r1-silverstone-71,wec-2014-r1-silverstone,davide-rigon,1,platinum,true
wec-2014-r1-silverstone-71,wec-2014-r1-silverstone,james-calado,2,platinum,true
wec-2014-r1-silverstone-52,wec-2014-r1-silverstone,matt-griffin,1,gold,true
wec-2014-r1-silverstone-52,wec-2014-r1-silverstone,alvaro-parente,2,platinum,true
wec-2014-r1-silverstone-27,wec-2014-r1-silverstone,serguey-zlobin,1,bronze,true
wec-2014-r1-silverstone-27,wec-2014-r1-silverstone,nicolas-minassian,2,platinum,true
wec-2014-r1-silverstone-27,wec-2014-r1-silverstone,maurizio-mediani,3,silver,true
wec-2014-r1-silverstone-99,wec-2014-r1-silverstone,alex-macdowall,1,silver,true
wec-2014-r1-silverstone-99,wec-2014-r1-silverstone,darryl-o-young,2,gold,true
wec-2014-r1-silverstone-99,wec-2014-r1-silverstone,fernando-rees,3,silver,true
wec-2014-r1-silverstone-95,wec-2014-r1-silverstone,kristian-poulsen,1,bronze,true
wec-2014-r1-silverstone-95,wec-2014-r1-silverstone,david-heinemeir-hansson,2,silver,true
wec-2014-r1-silverstone-95,wec-2014-r1-silverstone,nicki-thiim,3,gold,true
wec-2014-r1-silverstone-98,wec-2014-r1-silverstone,paul-dalla-lana,1,bronze,true
wec-2014-r1-silverstone-98,wec-2014-r1-silverstone,pedro-lamy,2,platinum,true
wec-2014-r1-silverstone-98,wec-2014-r1-silverstone,christoffer-nygaard,3,silver,true
wec-2014-r1-silverstone-81,wec-2014-r1-silverstone,stephen-wyatt,1,bronze,true
wec-2014-r1-silverstone-81,wec-2014-r1-silverstone,michele-rugolo,2,silver,true
wec-2014-r1-silverstone-81,wec-2014-r1-silverstone,sam-bird,3,platinum,true
wec-2014-r1-silverstone-88,wec-2014-r1-silverstone,christian-ried,1,bronze,true
wec-2014-r1-silverstone-88,wec-2014-r1-silverstone,klaus-bachler,2,gold,true
wec-2014-r1-silverstone-88,wec-2014-r1-silverstone,khaled-al-qubaisi,3,bronze,true
wec-2014-r1-silverstone-53,wec-2014-r1-silverstone,johnny-mowlem,1,platinum,true
wec-2014-r1-silverstone-53,wec-2014-r1-silverstone,mark-patterson,2,bronze,true
wec-2014-r1-silverstone-53,wec-2014-r1-silverstone,ben-collins,3,silver,true
wec-2014-r1-silverstone-61,wec-2014-r1-silverstone,luis-perez-companc,1,bronze,true
wec-2014-r1-silverstone-61,wec-2014-r1-silverstone,marco-cioci,2,gold,true
wec-2014-r1-silverstone-61,wec-2014-r1-silverstone,mirko-venturi,3,silver,true
wec-2014-r1-silverstone-2,wec-2014-r1-silverstone,marcel-fassler,1,platinum,true
wec-2014-r1-silverstone-2,wec-2014-r1-silverstone,andre-lotterer,2,platinum,true
wec-2014-r1-silverstone-2,wec-2014-r1-silverstone,benoit-treluyer,3,platinum,true
wec-2014-r1-silverstone-75,wec-2014-r1-silverstone,francois-perrodo,1,bronze,true
wec-2014-r1-silverstone-75,wec-2014-r1-silverstone,emmanuel-collard,2,platinum,true
wec-2014-r1-silverstone-75,wec-2014-r1-silverstone,matthieu-vaxiviere,3,silver,true
wec-2014-r1-silverstone-37,wec-2014-r1-silverstone,kirill-ladygin,1,gold,true
wec-2014-r1-silverstone-37,wec-2014-r1-silverstone,viktor-shaitar,2,silver,true
wec-2014-r1-silverstone-37,wec-2014-r1-silverstone,anton-ladygin,3,silver,true
wec-2014-r1-silverstone-14,wec-2014-r1-silverstone,romain-dumas,1,platinum,true
wec-2014-r1-silverstone-14,wec-2014-r1-silverstone,neel-jani,2,platinum,true
wec-2014-r1-silverstone-14,wec-2014-r1-silverstone,marc-lieb,3,platinum,true
wec-2014-r1-silverstone-13,wec-2014-r1-silverstone,dominik-kraihamer,1,gold,true
wec-2014-r1-silverstone-13,wec-2014-r1-silverstone,andrea-belicchi,2,platinum,true
wec-2014-r1-silverstone-13,wec-2014-r1-silverstone,fabio-leimer,3,platinum,true
wec-2014-r1-silverstone-1,wec-2014-r1-silverstone,lucas-di-grassi,1,platinum,true
wec-2014-r1-silverstone-1,wec-2014-r1-silverstone,loic-duval,2,platinum,true
wec-2014-r1-silverstone-1,wec-2014-r1-silverstone,tom-kristensen,3,platinum,true
wec-2014-r1-silverstone-90,wec-2014-r1-silverstone,vicente-potolicchio,1,bronze,true
wec-2014-r1-silverstone-90,wec-2014-r1-silverstone,gianluca-roda,2,bronze,true
wec-2014-r1-silverstone-90,wec-2014-r1-silverstone,paolo-ruberti,3,gold,true
wec-2014-r2-spa-8,wec-2014-r2-spa,anthony-davidson,1,platinum,true
wec-2014-r2-spa-8,wec-2014-r2-spa,nicolas-lapierre,2,platinum,true
wec-2014-r2-spa-8,wec-2014-r2-spa,sebastien-buemi,3,platinum,true
wec-2014-r2-spa-1,wec-2014-r2-spa,lucas-di-grassi,1,platinum,true
wec-2014-r2-spa-1,wec-2014-r2-spa,loic-duval,2,platinum,true
wec-2014-r2-spa-1,wec-2014-r2-spa,tom-kristensen,3,platinum,true
wec-2014-r2-spa-7,wec-2014-r2-spa,alexander-wurz,1,platinum,true
wec-2014-r2-spa-7,wec-2014-r2-spa,stephane-sarrazin,2,platinum,true
wec-2014-r2-spa-7,wec-2014-r2-spa,kazuki-nakajima,3,platinum,true
wec-2014-r2-spa-14,wec-2014-r2-spa,romain-dumas,1,platinum,true
wec-2014-r2-spa-14,wec-2014-r2-spa,neel-jani,2,platinum,true
wec-2014-r2-spa-14,wec-2014-r2-spa,marc-lieb,3,platinum,true
wec-2014-r2-spa-2,wec-2014-r2-spa,marcel-fassler,1,platinum,true
wec-2014-r2-spa-2,wec-2014-r2-spa,andre-lotterer,2,platinum,true
wec-2014-r2-spa-2,wec-2014-r2-spa,benoit-treluyer,3,platinum,true
wec-2014-r2-spa-3,wec-2014-r2-spa,filipe-albuquerque,1,platinum,true
wec-2014-r2-spa-3,wec-2014-r2-spa,marco-bonanomi,2,platinum,true
wec-2014-r2-spa-12,wec-2014-r2-spa,nicolas-prost,1,platinum,true
wec-2014-r2-spa-12,wec-2014-r2-spa,nick-heidfeld,2,platinum,true
wec-2014-r2-spa-12,wec-2014-r2-spa,mathias-beche,3,platinum,true
wec-2014-r2-spa-26,wec-2014-r2-spa,roman-rusinov,1,gold,true
wec-2014-r2-spa-26,wec-2014-r2-spa,olivier-pla,2,platinum,true
wec-2014-r2-spa-26,wec-2014-r2-spa,julien-canal,3,silver,true
wec-2014-r2-spa-38,wec-2014-r2-spa,simon-dolan,1,silver,true
wec-2014-r2-spa-38,wec-2014-r2-spa,harry-tincknell,2,gold,true
wec-2014-r2-spa-38,wec-2014-r2-spa,marc-gene,3,platinum,true
wec-2014-r2-spa-47,wec-2014-r2-spa,matthew-howson,1,silver,true
wec-2014-r2-spa-47,wec-2014-r2-spa,richard-bradley,2,gold,true
wec-2014-r2-spa-47,wec-2014-r2-spa,alexandre-imperatori,3,gold,true
wec-2014-r2-spa-37,wec-2014-r2-spa,kirill-ladygin,1,gold,true
wec-2014-r2-spa-37,wec-2014-r2-spa,viktor-shaitar,2,silver,true
wec-2014-r2-spa-37,wec-2014-r2-spa,anton-ladygin,3,silver,true
wec-2014-r2-spa-27,wec-2014-r2-spa,sergey-zlobin,1,bronze,true
wec-2014-r2-spa-27,wec-2014-r2-spa,nicolas-minassian,2,platinum,true
wec-2014-r2-spa-27,wec-2014-r2-spa,maurizio-mediani,3,silver,true
wec-2014-r2-spa-51,wec-2014-r2-spa,gianmaria-bruni,1,platinum,true
wec-2014-r2-spa-51,wec-2014-r2-spa,toni-vilander,2,platinum,true
wec-2014-r2-spa-91,wec-2014-r2-spa,patrick-pilet,1,platinum,true
wec-2014-r2-spa-91,wec-2014-r2-spa,jorg-bergmeister,2,platinum,true
wec-2014-r2-spa-71,wec-2014-r2-spa,davide-rigon,1,platinum,true
wec-2014-r2-spa-71,wec-2014-r2-spa,james-calado,2,platinum,true
wec-2014-r2-spa-97,wec-2014-r2-spa,darren-turner,1,platinum,true
wec-2014-r2-spa-97,wec-2014-r2-spa,stefan-mucke,2,platinum,true
wec-2014-r2-spa-97,wec-2014-r2-spa,bruno-senna,3,platinum,true
wec-2014-r2-spa-99,wec-2014-r2-spa,alex-macdowall,1,silver,true
wec-2014-r2-spa-99,wec-2014-r2-spa,darryl-o-young,2,gold,true
wec-2014-r2-spa-99,wec-2014-r2-spa,fernando-rees,3,silver,true
wec-2014-r2-spa-61,wec-2014-r2-spa,luis-perez-companc,1,bronze,true
wec-2014-r2-spa-61,wec-2014-r2-spa,marco-cioci,2,gold,true
wec-2014-r2-spa-61,wec-2014-r2-spa,mirko-venturi,3,silver,true
wec-2014-r2-spa-95,wec-2014-r2-spa,kristian-poulsen,1,bronze,true
wec-2014-r2-spa-95,wec-2014-r2-spa,david-heinemeir-hansson,2,silver,true
wec-2014-r2-spa-95,wec-2014-r2-spa,richie-stanaway,3,gold,true
wec-2014-r2-spa-98,wec-2014-r2-spa,paul-dalla-lana,1,bronze,true
wec-2014-r2-spa-98,wec-2014-r2-spa,pedro-lamy,2,platinum,true
wec-2014-r2-spa-98,wec-2014-r2-spa,christoffer-nygaard,3,silver,true
wec-2014-r2-spa-92,wec-2014-r2-spa,marco-holzer,1,platinum,true
wec-2014-r2-spa-92,wec-2014-r2-spa,frederic-makowiecki,2,platinum,true
wec-2014-r2-spa-88,wec-2014-r2-spa,christian-ried,1,bronze,true
wec-2014-r2-spa-88,wec-2014-r2-spa,klaus-bachler,2,gold,true
wec-2014-r2-spa-88,wec-2014-r2-spa,khaled-al-qubaisi,3,bronze,true
wec-2014-r2-spa-20,wec-2014-r2-spa,timo-bernhard,1,platinum,true
wec-2014-r2-spa-20,wec-2014-r2-spa,mark-webber,2,platinum,true
wec-2014-r2-spa-20,wec-2014-r2-spa,brendon-hartley,3,platinum,true
wec-2014-r2-spa-81,wec-2014-r2-spa,stephen-wyatt,1,bronze,true
wec-2014-r2-spa-81,wec-2014-r2-spa,michele-rugolo,2,silver,true
wec-2014-r2-spa-81,wec-2014-r2-spa,andrea-bertolini,3,platinum,true
wec-2014-r2-spa-75,wec-2014-r2-spa,francois-perrodo,1,bronze,true
wec-2014-r2-spa-75,wec-2014-r2-spa,emmanuel-collard,2,platinum,true
wec-2014-r2-spa-75,wec-2014-r2-spa,matthieu-vaxiviere,3,silver,true
wec-2014-r2-spa-60,wec-2014-r2-spa,peter-mann,1,bronze,true
wec-2014-r2-spa-60,wec-2014-r2-spa,raffaele-giammaria,2,gold,true
wec-2014-r2-spa-60,wec-2014-r2-spa,lorenzo-case,3,silver,true
wec-2014-r2-spa-90,wec-2014-r2-spa,vicente-potolicchio,1,bronze,true
wec-2014-r2-spa-90,wec-2014-r2-spa,gianluca-roda,2,bronze,true
wec-2014-r2-spa-90,wec-2014-r2-spa,paolo-ruberti,3,gold,true
wec-2014-r2-spa-13,wec-2014-r2-spa,dominik-kraihamer,1,gold,true
wec-2014-r2-spa-13,wec-2014-r2-spa,andrea-belicchi,2,platinum,true
wec-2014-r2-spa-13,wec-2014-r2-spa,fabio-leimer,3,platinum,true
wec-2014-r3-le-mans-2,wec-2014-r3-le-mans,marcel-fassler,1,platinum,true
wec-2014-r3-le-mans-2,wec-2014-r3-le-mans,andre-lotterer,2,platinum,true
wec-2014-r3-le-mans-2,wec-2014-r3-le-mans,benoit-treluyer,3,platinum,true
wec-2014-r3-le-mans-1,wec-2014-r3-le-mans,lucas-di-grassi,1,platinum,true
wec-2014-r3-le-mans-1,wec-2014-r3-le-mans,marc-gene,2,platinum,true
wec-2014-r3-le-mans-1,wec-2014-r3-le-mans,tom-kristensen,3,platinum,true
wec-2014-r3-le-mans-8,wec-2014-r3-le-mans,anthony-davidson,1,platinum,true
wec-2014-r3-le-mans-8,wec-2014-r3-le-mans,nicolas-lapierre,2,platinum,true
wec-2014-r3-le-mans-8,wec-2014-r3-le-mans,sebastien-buemi,3,platinum,true
wec-2014-r3-le-mans-12,wec-2014-r3-le-mans,nicolas-prost,1,platinum,true
wec-2014-r3-le-mans-12,wec-2014-r3-le-mans,nick-heidfeld,2,platinum,true
wec-2014-r3-le-mans-12,wec-2014-r3-le-mans,mathias-beche,3,platinum,true
wec-2014-r3-le-mans-38,wec-2014-r3-le-mans,simon-dolan,1,silver,true
wec-2014-r3-le-mans-38,wec-2014-r3-le-mans,harry-tincknell,2,gold,true
wec-2014-r3-le-mans-38,wec-2014-r3-le-mans,oliver-turvey,3,platinum,true
wec-2014-r3-le-mans-46,wec-2014-r3-le-mans,pierre-thiriet,1,silver,true
wec-2014-r3-le-mans-46,wec-2014-r3-le-mans,ludovic-badey,2,silver,true
wec-2014-r3-le-mans-46,wec-2014-r3-le-mans,tristan-gommendy,3,platinum,true
wec-2014-r3-le-mans-36,wec-2014-r3-le-mans,paul-loup-chatin,1,silver,true
wec-2014-r3-le-mans-36,wec-2014-r3-le-mans,nelson-panciatici,2,platinum,true
wec-2014-r3-le-mans-36,wec-2014-r3-le-mans,oliver-webb,3,gold,true
wec-2014-r3-le-mans-24,wec-2014-r3-le-mans,rene-rast,1,platinum,true
wec-2014-r3-le-mans-24,wec-2014-r3-le-mans,jan-charouz,2,gold,true
wec-2014-r3-le-mans-24,wec-2014-r3-le-mans,vincent-capillaire,3,silver,true
wec-2014-r3-le-mans-35,wec-2014-r3-le-mans,alex-brundle,1,gold,true
wec-2014-r3-le-mans-35,wec-2014-r3-le-mans,jann-mardenborough,2,gold,true
wec-2014-r3-le-mans-35,wec-2014-r3-le-mans,mark-shulzhitskiy,3,silver,true
wec-2014-r3-le-mans-43,wec-2014-r3-le-mans,christian-klien,1,platinum,true
wec-2014-r3-le-mans-43,wec-2014-r3-le-mans,gary-hirsch,2,silver,true
wec-2014-r3-le-mans-43,wec-2014-r3-le-mans,romain-brandela,3,bronze,true
wec-2014-r3-le-mans-14,wec-2014-r3-le-mans,romain-dumas,1,platinum,true
wec-2014-r3-le-mans-14,wec-2014-r3-le-mans,neel-jani,2,platinum,true
wec-2014-r3-le-mans-14,wec-2014-r3-le-mans,marc-lieb,3,platinum,true
wec-2014-r3-le-mans-33,wec-2014-r3-le-mans,david-cheng,1,silver,true
wec-2014-r3-le-mans-33,wec-2014-r3-le-mans,ho-pin-tung,2,gold,true
wec-2014-r3-le-mans-33,wec-2014-r3-le-mans,adderly-fong,3,silver,true
wec-2014-r3-le-mans-34,wec-2014-r3-le-mans,michel-frey,1,silver,true
wec-2014-r3-le-mans-34,wec-2014-r3-le-mans,franck-mailleux,2,gold,true
wec-2014-r3-le-mans-34,wec-2014-r3-le-mans,jon-lancaster,3,gold,true
wec-2014-r3-le-mans-50,wec-2014-r3-le-mans,pierre-ragues,1,silver,true
wec-2014-r3-le-mans-50,wec-2014-r3-le-mans,ricky-taylor,2,gold,true
wec-2014-r3-le-mans-50,wec-2014-r3-le-mans,keiko-ihara,3,bronze,true
wec-2014-r3-le-mans-51,wec-2014-r3-le-mans,gianmaria-bruni,1,platinum,true
wec-2014-r3-le-mans-51,wec-2014-r3-le-mans,toni-vilander,2,platinum,true
wec-2014-r3-le-mans-51,wec-2014-r3-le-mans,giancarlo-fisichella,3,platinum,true
wec-2014-r3-le-mans-73,wec-2014-r3-le-mans,jan-magnussen,1,platinum,true
wec-2014-r3-le-mans-73,wec-2014-r3-le-mans,antonio-garcia,2,platinum,true
wec-2014-r3-le-mans-73,wec-2014-r3-le-mans,jordan-taylor,3,gold,true
wec-2014-r3-le-mans-92,wec-2014-r3-le-mans,marco-holzer,1,platinum,true
wec-2014-r3-le-mans-92,wec-2014-r3-le-mans,frederic-makowiecki,2,platinum,true
wec-2014-r3-le-mans-92,wec-2014-r3-le-mans,richard-lietz,3,platinum,true
wec-2014-r3-le-mans-29,wec-2014-r3-le-mans,julien-schell,1,silver,true
wec-2014-r3-le-mans-29,wec-2014-r3-le-mans,nicolas-leutwiler,2,silver,true
wec-2014-r3-le-mans-29,wec-2014-r3-le-mans,leo-roussel,3,silver,true
wec-2014-r3-le-mans-95,wec-2014-r3-le-mans,kristian-poulsen,1,bronze,true
wec-2014-r3-le-mans-95,wec-2014-r3-le-mans,david-heinemeier-hansson,2,silver,true
wec-2014-r3-le-mans-95,wec-2014-r3-le-mans,nicki-thiim,3,gold,true
wec-2014-r3-le-mans-74,wec-2014-r3-le-mans,oliver-gavin,1,platinum,true
wec-2014-r3-le-mans-74,wec-2014-r3-le-mans,tommy-milner,2,platinum,true
wec-2014-r3-le-mans-74,wec-2014-r3-le-mans,richard-westbrook,3,platinum,true
wec-2014-r3-le-mans-88,wec-2014-r3-le-mans,christian-ried,1,bronze,true
wec-2014-r3-le-mans-88,wec-2014-r3-le-mans,klaus-bachler,2,gold,true
wec-2014-r3-le-mans-88,wec-2014-r3-le-mans,khaled-al-qubaisi,3,bronze,true
wec-2014-r3-le-mans-61,wec-2014-r3-le-mans,luis-perez-companc,1,bronze,true
wec-2014-r3-le-mans-61,wec-2014-r3-le-mans,marco-cioci,2,gold,true
wec-2014-r3-le-mans-61,wec-2014-r3-le-mans,mirko-venturi,3,silver,true
wec-2014-r3-le-mans-90,wec-2014-r3-le-mans,franck-montecalvo,1,silver,true
wec-2014-r3-le-mans-90,wec-2014-r3-le-mans,gianluca-roda,2,bronze,true
wec-2014-r3-le-mans-90,wec-2014-r3-le-mans,paolo-ruberti,3,gold,true
wec-2014-r3-le-mans-77,wec-2014-r3-le-mans,patrick-dempsey,1,bronze,true
wec-2014-r3-le-mans-77,wec-2014-r3-le-mans,joe-foster,2,bronze,true
wec-2014-r3-le-mans-77,wec-2014-r3-le-mans,patrick-long,3,platinum,true
wec-2014-r3-le-mans-42,wec-2014-r3-le-mans,thomas-kimber-smith,1,gold,true
wec-2014-r3-le-mans-42,wec-2014-r3-le-mans,matthew-mcmurry,2,silver,true
wec-2014-r3-le-mans-42,wec-2014-r3-le-mans,chris-dyson,3,gold,true
wec-2014-r3-le-mans-98,wec-2014-r3-le-mans,paul-dalla-lana,1,bronze,true
wec-2014-r3-le-mans-98,wec-2014-r3-le-mans,pedro-lamy,2,platinum,true
wec-2014-r3-le-mans-98,wec-2014-r3-le-mans,christoffer-nygaard,3,silver,true
wec-2014-r3-le-mans-66,wec-2014-r3-le-mans,abdulaziz-turki-al-faisal,1,silver,true
wec-2014-r3-le-mans-66,wec-2014-r3-le-mans,seth-neiman,2,bronze,true
wec-2014-r3-le-mans-66,wec-2014-r3-le-mans,spencer-pumpelly,3,gold,true
wec-2014-r3-le-mans-70,wec-2014-r3-le-mans,shinji-nakano,1,platinum,true
wec-2014-r3-le-mans-70,wec-2014-r3-le-mans,pierre-ehret,2,bronze,true
wec-2014-r3-le-mans-70,wec-2014-r3-le-mans,martin-rich,3,bronze,true
wec-2014-r3-le-mans-58,wec-2014-r3-le-mans,fabien-barthez,1,bronze,true
wec-2014-r3-le-mans-58,wec-2014-r3-le-mans,anthony-pons,2,bronze,true
wec-2014-r3-le-mans-58,wec-2014-r3-le-mans,soheil-ayari,3,gold,true
wec-2014-r3-le-mans-57,wec-2014-r3-le-mans,tracy-krohn,1,bronze,true
wec-2014-r3-le-mans-57,wec-2014-r3-le-mans,niclas-jonsson,2,gold,true
wec-2014-r3-le-mans-57,wec-2014-r3-le-mans,ben-collins,3,silver,true
wec-2014-r3-le-mans-76,wec-2014-r3-le-mans,raymond-narac,1,silver,true
wec-2014-r3-le-mans-76,wec-2014-r3-le-mans,nicolas-armindo,2,gold,true
wec-2014-r3-le-mans-76,wec-2014-r3-le-mans,david-hallyday,3,bronze,true
wec-2014-r3-le-mans-53,wec-2014-r3-le-mans,johnny-mowlem,1,platinum,true
wec-2014-r3-le-mans-53,wec-2014-r3-le-mans,mark-patterson,2,bronze,true
wec-2014-r3-le-mans-53,wec-2014-r3-le-mans,archie-hamilton,3,silver,true
wec-2014-r3-le-mans-79,wec-2014-r3-le-mans,cooper-macneil,1,silver,true
wec-2014-r3-le-mans-79,wec-2014-r3-le-mans,jeroen-bleekemolen,2,platinum,true
wec-2014-r3-le-mans-67,wec-2014-r3-le-mans,erik-maris,1,bronze,true
wec-2014-r3-le-mans-67,wec-2014-r3-le-mans,jean-merlin,2,bronze,true
wec-2014-r3-le-mans-67,wec-2014-r3-le-mans,eric-helary,3,platinum,true
wec-2014-r3-le-mans-97,wec-2014-r3-le-mans,darren-turner,1,platinum,true
wec-2014-r3-le-mans-97,wec-2014-r3-le-mans,stefan-mucke,2,platinum,true
wec-2014-r3-le-mans-97,wec-2014-r3-le-mans,bruno-senna,3,platinum,true
wec-2014-r3-le-mans-91,wec-2014-r3-le-mans,patrick-pilet,1,platinum,true
wec-2014-r3-le-mans-91,wec-2014-r3-le-mans,jorg-bergmeister,2,platinum,true
wec-2014-r3-le-mans-91,wec-2014-r3-le-mans,nick-tandy,3,gold,true
wec-2014-r3-le-mans-27,wec-2014-r3-le-mans,sergey-zlobin,1,bronze,true
wec-2014-r3-le-mans-27,wec-2014-r3-le-mans,mika-salo,2,platinum,true
wec-2014-r3-le-mans-27,wec-2014-r3-le-mans,anton-ladygin,3,silver,true
wec-2014-r3-le-mans-62,wec-2014-r3-le-mans,yannick-mallegol,1,bronze,true
wec-2014-r3-le-mans-62,wec-2014-r3-le-mans,jean-marc-bachelier,2,bronze,true
wec-2014-r3-le-mans-62,wec-2014-r3-le-mans,howard-blank,3,bronze,true
wec-2014-r3-le-mans-20,wec-2014-r3-le-mans,timo-bernhard,1,platinum,true
wec-2014-r3-le-mans-20,wec-2014-r3-le-mans,mark-webber,2,platinum,true
wec-2014-r3-le-mans-20,wec-2014-r3-le-mans,brendon-hartley,3,platinum,true
wec-2014-r3-le-mans-7,wec-2014-r3-le-mans,alexander-wurz,1,platinum,true
wec-2014-r3-le-mans-7,wec-2014-r3-le-mans,stephane-sarrazin,2,platinum,true
wec-2014-r3-le-mans-7,wec-2014-r3-le-mans,kazuki-nakajima,3,platinum,true
wec-2014-r3-le-mans-72,wec-2014-r3-le-mans,andrea-bertolini,1,platinum,true
wec-2014-r3-le-mans-72,wec-2014-r3-le-mans,viktor-shaitar,2,silver,true
wec-2014-r3-le-mans-72,wec-2014-r3-le-mans,aleksey-basov,3,bronze,true
wec-2014-r3-le-mans-75,wec-2014-r3-le-mans,francois-perrodo,1,bronze,true
wec-2014-r3-le-mans-75,wec-2014-r3-le-mans,emmanuel-collard,2,platinum,true
wec-2014-r3-le-mans-75,wec-2014-r3-le-mans,markus-palttala,3,silver,true
wec-2014-r3-le-mans-52,wec-2014-r3-le-mans,matt-griffin,1,gold,true
wec-2014-r3-le-mans-52,wec-2014-r3-le-mans,alvaro-parente,2,platinum,true
wec-2014-r3-le-mans-52,wec-2014-r3-le-mans,federico-leo,3,gold,true
wec-2014-r3-le-mans-26,wec-2014-r3-le-mans,roman-rusinov,1,gold,true
wec-2014-r3-le-mans-26,wec-2014-r3-le-mans,olivier-pla,2,platinum,true
wec-2014-r3-le-mans-26,wec-2014-r3-le-mans,julien-canal,3,silver,true
wec-2014-r3-le-mans-60,wec-2014-r3-le-mans,peter-mann,1,bronze,true
wec-2014-r3-le-mans-60,wec-2014-r3-le-mans,lorenzo-case,2,silver,true
wec-2014-r3-le-mans-60,wec-2014-r3-le-mans,raffaele-giammaria,3,gold,true
wec-2014-r3-le-mans-47,wec-2014-r3-le-mans,matthew-howson,1,silver,true
wec-2014-r3-le-mans-47,wec-2014-r3-le-mans,richard-bradley,2,gold,true
wec-2014-r3-le-mans-47,wec-2014-r3-le-mans,alexandre-imperatori,3,gold,true
wec-2014-r3-le-mans-13,wec-2014-r3-le-mans,dominik-kraihamer,1,gold,true
wec-2014-r3-le-mans-13,wec-2014-r3-le-mans,andrea-belicchi,2,platinum,true
wec-2014-r3-le-mans-13,wec-2014-r3-le-mans,fabio-leimer,3,platinum,true
wec-2014-r3-le-mans-48,wec-2014-r3-le-mans,nathanael-berthon,1,gold,true
wec-2014-r3-le-mans-48,wec-2014-r3-le-mans,rodolfo-gonzalez,2,silver,true
wec-2014-r3-le-mans-48,wec-2014-r3-le-mans,karun-chandhok,3,platinum,true
wec-2014-r3-le-mans-41,wec-2014-r3-le-mans,michael-munemman,1,bronze,true
wec-2014-r3-le-mans-41,wec-2014-r3-le-mans,alessandro-latif,2,silver,true
wec-2014-r3-le-mans-41,wec-2014-r3-le-mans,james-winslow,3,silver,true
wec-2014-r3-le-mans-71,wec-2014-r3-le-mans,davide-rigon,1,platinum,true
wec-2014-r3-le-mans-71,wec-2014-r3-le-mans,pierre-kaffer,2,platinum,true
wec-2014-r3-le-mans-71,wec-2014-r3-le-mans,olivier-beretta,3,platinum,true
wec-2014-r3-le-mans-3,wec-2014-r3-le-mans,filipe-albuquerque,1,platinum,true
wec-2014-r3-le-mans-3,wec-2014-r3-le-mans,marco-bonanomi,2,platinum,true
wec-2014-r3-le-mans-3,wec-2014-r3-le-mans,oliver-jarvis,3,platinum,true
wec-2014-r3-le-mans-81,wec-2014-r3-le-mans,stephen-wyatt,1,bronze,true
wec-2014-r3-le-mans-81,wec-2014-r3-le-mans,michele-rugolo,2,silver,true
wec-2014-r3-le-mans-81,wec-2014-r3-le-mans,sam-bird,3,platinum,true
wec-2014-r3-le-mans-37,wec-2014-r3-le-mans,kirill-ladygin,1,gold,true
wec-2014-r3-le-mans-37,wec-2014-r3-le-mans,nicolas-minassian,2,platinum,true
wec-2014-r3-le-mans-37,wec-2014-r3-le-mans,maurizio-mediani,3,silver,true
wec-2014-r3-le-mans-0,wec-2014-r3-le-mans,lucas-ordonez,1,gold,true
wec-2014-r3-le-mans-0,wec-2014-r3-le-mans,wolfgang-reip,2,silver,true
wec-2014-r3-le-mans-0,wec-2014-r3-le-mans,satoshi-motoyama,3,platinum,true
wec-2014-r3-le-mans-99,wec-2014-r3-le-mans,alex-macdowall,1,silver,true
wec-2014-r3-le-mans-99,wec-2014-r3-le-mans,daryl-o-young,2,gold,true
wec-2014-r3-le-mans-99,wec-2014-r3-le-mans,fernando-rees,3,silver,true
wec-2014-r4-cota-2,wec-2014-r4-cota,marcel-fassler,1,platinum,true
wec-2014-r4-cota-2,wec-2014-r4-cota,andre-lotterer,2,platinum,true
wec-2014-r4-cota-2,wec-2014-r4-cota,benoit-treluyer,3,platinum,true
wec-2014-r4-cota-1,wec-2014-r4-cota,lucas-di-grassi,1,platinum,true
wec-2014-r4-cota-1,wec-2014-r4-cota,loic-duval,2,platinum,true
wec-2014-r4-cota-1,wec-2014-r4-cota,tom-kristensen,3,platinum,true
wec-2014-r4-cota-8,wec-2014-r4-cota,anthony-davidson,1,platinum,true
wec-2014-r4-cota-8,wec-2014-r4-cota,nicolas-lapierre,2,platinum,true
wec-2014-r4-cota-8,wec-2014-r4-cota,sebastien-buemi,3,platinum,true
wec-2014-r4-cota-14,wec-2014-r4-cota,romain-dumas,1,platinum,true
wec-2014-r4-cota-14,wec-2014-r4-cota,neel-jani,2,platinum,true
wec-2014-r4-cota-14,wec-2014-r4-cota,marc-lieb,3,platinum,true
wec-2014-r4-cota-20,wec-2014-r4-cota,timo-bernhard,1,platinum,true
wec-2014-r4-cota-20,wec-2014-r4-cota,mark-webber,2,platinum,true
wec-2014-r4-cota-20,wec-2014-r4-cota,brendon-hartley,3,platinum,true
wec-2014-r4-cota-7,wec-2014-r4-cota,alexander-wurz,1,platinum,true
wec-2014-r4-cota-7,wec-2014-r4-cota,stephane-sarrazin,2,platinum,true
wec-2014-r4-cota-7,wec-2014-r4-cota,mike-conway,3,platinum,true
wec-2014-r4-cota-12,wec-2014-r4-cota,nicolas-prost,1,platinum,true
wec-2014-r4-cota-12,wec-2014-r4-cota,nick-heidfeld,2,platinum,true
wec-2014-r4-cota-12,wec-2014-r4-cota,mathias-beche,3,platinum,true
wec-2014-r4-cota-47,wec-2014-r4-cota,matthew-howson,1,silver,true
wec-2014-r4-cota-47,wec-2014-r4-cota,richard-bradley,2,gold,true
wec-2014-r4-cota-47,wec-2014-r4-cota,tsugio-matsuda,3,platinum,true
wec-2014-r4-cota-27,wec-2014-r4-cota,sergey-zlobin,1,bronze,true
wec-2014-r4-cota-27,wec-2014-r4-cota,nicolas-minassian,2,platinum,true
wec-2014-r4-cota-27,wec-2014-r4-cota,maurizio-mediani,3,silver,true
wec-2014-r4-cota-30,wec-2014-r4-cota,scott-sharp,1,platinum,true
wec-2014-r4-cota-30,wec-2014-r4-cota,ryan-dalziel,2,platinum,true
wec-2014-r4-cota-30,wec-2014-r4-cota,ed-brown,3,silver,true
wec-2014-r4-cota-97,wec-2014-r4-cota,darren-turner,1,platinum,true
wec-2014-r4-cota-97,wec-2014-r4-cota,stefan-mucke,2,platinum,true
wec-2014-r4-cota-92,wec-2014-r4-cota,frederic-makowiecki,1,platinum,true
wec-2014-r4-cota-92,wec-2014-r4-cota,patrick-pilet,2,platinum,true
wec-2014-r4-cota-51,wec-2014-r4-cota,gianmaria-bruni,1,platinum,true
wec-2014-r4-cota-51,wec-2014-r4-cota,toni-vilander,2,platinum,true
wec-2014-r4-cota-26,wec-2014-r4-cota,roman-rusinov,1,gold,true
wec-2014-r4-cota-26,wec-2014-r4-cota,olivier-pla,2,platinum,true
wec-2014-r4-cota-26,wec-2014-r4-cota,julien-canal,3,silver,true
wec-2014-r4-cota-9,wec-2014-r4-cota,christophe-bouchut,1,platinum,true
wec-2014-r4-cota-9,wec-2014-r4-cota,james-rossiter,2,platinum,true
wec-2014-r4-cota-9,wec-2014-r4-cota,lucas-auer,3,gold,true
wec-2014-r4-cota-91,wec-2014-r4-cota,jorg-bergmeister,1,platinum,true
wec-2014-r4-cota-91,wec-2014-r4-cota,nick-tandy,2,gold,true
wec-2014-r4-cota-98,wec-2014-r4-cota,paul-dalla-lana,1,bronze,true
wec-2014-r4-cota-98,wec-2014-r4-cota,pedro-lamy,2,platinum,true
wec-2014-r4-cota-98,wec-2014-r4-cota,christoffer-nygaard,3,silver,true
wec-2014-r4-cota-95,wec-2014-r4-cota,kristian-poulsen,1,bronze,true
wec-2014-r4-cota-95,wec-2014-r4-cota,david-heinemeier-hansson,2,silver,true
wec-2014-r4-cota-95,wec-2014-r4-cota,richie-stanaway,3,gold,true
wec-2014-r4-cota-71,wec-2014-r4-cota,davide-rigon,1,platinum,true
wec-2014-r4-cota-71,wec-2014-r4-cota,james-calado,2,platinum,true
wec-2014-r4-cota-88,wec-2014-r4-cota,christian-ried,1,bronze,true
wec-2014-r4-cota-88,wec-2014-r4-cota,klaus-bachler,2,gold,true
wec-2014-r4-cota-88,wec-2014-r4-cota,khaled-al-qubaisi,3,bronze,true
wec-2014-r4-cota-61,wec-2014-r4-cota,luis-perez-companc,1,bronze,true
wec-2014-r4-cota-61,wec-2014-r4-cota,marco-cioci,2,gold,true
wec-2014-r4-cota-61,wec-2014-r4-cota,mirko-venturi,3,silver,true
wec-2014-r4-cota-99,wec-2014-r4-cota,alex-macdowall,1,silver,true
wec-2014-r4-cota-99,wec-2014-r4-cota,darryl-o-young,2,gold,true
wec-2014-r4-cota-99,wec-2014-r4-cota,fernando-rees,3,silver,true
wec-2014-r4-cota-90,wec-2014-r4-cota,gianluca-roda,1,bronze,true
wec-2014-r4-cota-90,wec-2014-r4-cota,paolo-ruberti,2,gold,true
wec-2014-r4-cota-90,wec-2014-r4-cota,jeffrey-segal,3,silver,true
wec-2014-r4-cota-65,wec-2014-r4-cota,ricky-taylor,1,platinum,true
wec-2014-r4-cota-65,wec-2014-r4-cota,jordan-taylor,2,platinum,true
wec-2014-r4-cota-65,wec-2014-r4-cota,tom-milner,3,platinum,true
wec-2014-r4-cota-57,wec-2014-r4-cota,tracy-krohn,1,bronze,true
wec-2014-r4-cota-57,wec-2014-r4-cota,niclas-jonsson,2,gold,true
wec-2014-r4-cota-57,wec-2014-r4-cota,ben-collins,3,silver,true
wec-2014-r4-cota-81,wec-2014-r4-cota,stephen-wyatt,1,bronze,true
wec-2014-r4-cota-81,wec-2014-r4-cota,michele-rugolo,2,silver,true
wec-2014-r4-cota-81,wec-2014-r4-cota,andrea-bertolini,3,platinum,true
wec-2014-r4-cota-75,wec-2014-r4-cota,francois-perrodo,1,bronze,true
wec-2014-r4-cota-75,wec-2014-r4-cota,emmanuel-collard,2,platinum,true
wec-2014-r4-cota-75,wec-2014-r4-cota,matthieu-vaxiviere,3,silver,true
wec-2014-r4-cota-13,wec-2014-r4-cota,dominik-kraihamer,1,gold,true
wec-2014-r4-cota-13,wec-2014-r4-cota,andrea-belicchi,2,platinum,true
wec-2014-r4-cota-13,wec-2014-r4-cota,fabio-leimer,3,platinum,true
wec-2014-r4-cota-37,wec-2014-r4-cota,kirill-ladygin,1,gold,true
wec-2014-r4-cota-37,wec-2014-r4-cota,viktor-shaitar,2,silver,true
wec-2014-r4-cota-37,wec-2014-r4-cota,anton-ladygin,3,silver,true
wec-2014-r5-fuji-8,wec-2014-r5-fuji,anthony-davidson,1,platinum,true
wec-2014-r5-fuji-8,wec-2014-r5-fuji,sebastien-buemi,2,platinum,true
wec-2014-r5-fuji-7,wec-2014-r5-fuji,alexander-wurz,1,platinum,true
wec-2014-r5-fuji-7,wec-2014-r5-fuji,stephane-sarrazin,2,platinum,true
wec-2014-r5-fuji-7,wec-2014-r5-fuji,kazuki-nakajima,3,platinum,true
wec-2014-r5-fuji-20,wec-2014-r5-fuji,timo-bernhard,1,platinum,true
wec-2014-r5-fuji-20,wec-2014-r5-fuji,mark-webber,2,platinum,true
wec-2014-r5-fuji-20,wec-2014-r5-fuji,brendon-hartley,3,platinum,true
wec-2014-r5-fuji-14,wec-2014-r5-fuji,romain-dumas,1,platinum,true
wec-2014-r5-fuji-14,wec-2014-r5-fuji,neel-jani,2,platinum,true
wec-2014-r5-fuji-14,wec-2014-r5-fuji,marc-lieb,3,platinum,true
wec-2014-r5-fuji-1,wec-2014-r5-fuji,lucas-di-grassi,1,platinum,true
wec-2014-r5-fuji-1,wec-2014-r5-fuji,loic-duval,2,platinum,true
wec-2014-r5-fuji-1,wec-2014-r5-fuji,tom-kristensen,3,platinum,true
wec-2014-r5-fuji-2,wec-2014-r5-fuji,marcel-fassler,1,platinum,true
wec-2014-r5-fuji-2,wec-2014-r5-fuji,andre-lotterer,2,platinum,true
wec-2014-r5-fuji-2,wec-2014-r5-fuji,benoit-treluyer,3,platinum,true
wec-2014-r5-fuji-26,wec-2014-r5-fuji,roman-rusinov,1,gold,true
wec-2014-r5-fuji-26,wec-2014-r5-fuji,olivier-pla,2,platinum,true
wec-2014-r5-fuji-26,wec-2014-r5-fuji,julien-canal,3,silver,true
wec-2014-r5-fuji-47,wec-2014-r5-fuji,matthew-howson,1,silver,true
wec-2014-r5-fuji-47,wec-2014-r5-fuji,richard-bradley,2,gold,true
wec-2014-r5-fuji-47,wec-2014-r5-fuji,alexandre-imperatori,3,gold,true
wec-2014-r5-fuji-35,wec-2014-r5-fuji,keiko-ihara,1,bronze,true
wec-2014-r5-fuji-35,wec-2014-r5-fuji,gustavo-yacaman,2,gold,true
wec-2014-r5-fuji-35,wec-2014-r5-fuji,alex-brundle,3,gold,true
wec-2014-r5-fuji-27,wec-2014-r5-fuji,sergey-zlobin,1,bronze,true
wec-2014-r5-fuji-27,wec-2014-r5-fuji,nicolas-minassian,2,platinum,true
wec-2014-r5-fuji-27,wec-2014-r5-fuji,maurizio-mediani,3,silver,true
wec-2014-r5-fuji-13,wec-2014-r5-fuji,dominik-kraihamer,1,gold,true
wec-2014-r5-fuji-13,wec-2014-r5-fuji,andrea-belicchi,2,platinum,true
wec-2014-r5-fuji-13,wec-2014-r5-fuji,fabio-leimer,3,platinum,true
wec-2014-r5-fuji-37,wec-2014-r5-fuji,kirill-ladygin,1,gold,true
wec-2014-r5-fuji-37,wec-2014-r5-fuji,viktor-shaitar,2,silver,true
wec-2014-r5-fuji-37,wec-2014-r5-fuji,anton-ladygin,3,silver,true
wec-2014-r5-fuji-51,wec-2014-r5-fuji,gianmaria-bruni,1,platinum,true
wec-2014-r5-fuji-51,wec-2014-r5-fuji,toni-vilander,2,platinum,true
wec-2014-r5-fuji-71,wec-2014-r5-fuji,davide-rigon,1,platinum,true
wec-2014-r5-fuji-71,wec-2014-r5-fuji,james-calado,2,platinum,true
wec-2014-r5-fuji-99,wec-2014-r5-fuji,alex-macdowall,1,silver,true
wec-2014-r5-fuji-99,wec-2014-r5-fuji,darryl-o-young,2,gold,true
wec-2014-r5-fuji-99,wec-2014-r5-fuji,fernando-rees,3,silver,true
wec-2014-r5-fuji-91,wec-2014-r5-fuji,jorg-bergmeister,1,platinum,true
wec-2014-r5-fuji-91,wec-2014-r5-fuji,richard-lietz,2,platinum,true
wec-2014-r5-fuji-95,wec-2014-r5-fuji,kristian-poulsen,1,bronze,true
wec-2014-r5-fuji-95,wec-2014-r5-fuji,david-heinemeier-hansson,2,silver,true
wec-2014-r5-fuji-95,wec-2014-r5-fuji,nicki-thiim,3,gold,true
wec-2014-r5-fuji-98,wec-2014-r5-fuji,paul-dalla-lana,1,bronze,true
wec-2014-r5-fuji-98,wec-2014-r5-fuji,pedro-lamy,2,platinum,true
wec-2014-r5-fuji-98,wec-2014-r5-fuji,christoffer-nygaard,3,silver,true
wec-2014-r5-fuji-75,wec-2014-r5-fuji,francois-perrodo,1,bronze,true
wec-2014-r5-fuji-75,wec-2014-r5-fuji,emmanuel-collard,2,platinum,true
wec-2014-r5-fuji-75,wec-2014-r5-fuji,matthieu-vaxiviere,3,silver,true
wec-2014-r5-fuji-88,wec-2014-r5-fuji,christian-ried,1,bronze,true
wec-2014-r5-fuji-88,wec-2014-r5-fuji,klaus-bachler,2,gold,true
wec-2014-r5-fuji-88,wec-2014-r5-fuji,khaled-al-qubaisi,3,bronze,true
wec-2014-r5-fuji-97,wec-2014-r5-fuji,darren-turner,1,platinum,true
wec-2014-r5-fuji-97,wec-2014-r5-fuji,stefan-mucke,2,platinum,true
wec-2014-r5-fuji-61,wec-2014-r5-fuji,bret-curtis,1,bronze,true
wec-2014-r5-fuji-61,wec-2014-r5-fuji,jeroen-bleekemolen,2,platinum,true
wec-2014-r5-fuji-61,wec-2014-r5-fuji,michael-skeen,3,silver,true
wec-2014-r5-fuji-92,wec-2014-r5-fuji,frederic-makowiecki,1,platinum,true
wec-2014-r5-fuji-92,wec-2014-r5-fuji,patrick-pilet,2,platinum,true
wec-2014-r5-fuji-12,wec-2014-r5-fuji,nicolas-prost,1,platinum,true
wec-2014-r5-fuji-12,wec-2014-r5-fuji,nick-heidfeld,2,platinum,true
wec-2014-r5-fuji-12,wec-2014-r5-fuji,mathias-beche,3,platinum,true
wec-2014-r5-fuji-9,wec-2014-r5-fuji,christophe-bouchut,1,platinum,true
wec-2014-r5-fuji-9,wec-2014-r5-fuji,james-rossiter,2,platinum,true
wec-2014-r5-fuji-9,wec-2014-r5-fuji,pierre-kaffer,3,platinum,true
wec-2014-r5-fuji-81,wec-2014-r5-fuji,stephen-wyatt,1,bronze,true
wec-2014-r5-fuji-81,wec-2014-r5-fuji,michele-rugolo,2,silver,true
wec-2014-r5-fuji-81,wec-2014-r5-fuji,andrea-bertolini,3,platinum,true
wec-2014-r5-fuji-90,wec-2014-r5-fuji,gianluca-roda,1,bronze,true
wec-2014-r5-fuji-90,wec-2014-r5-fuji,paolo-ruberti,2,gold,true
wec-2014-r5-fuji-90,wec-2014-r5-fuji,jeffrey-segal,3,silver,true
wec-2014-r6-shanghai-8,wec-2014-r6-shanghai,anthony-davidson,1,platinum,true
wec-2014-r6-shanghai-8,wec-2014-r6-shanghai,sebastien-buemi,2,platinum,true
wec-2014-r6-shanghai-7,wec-2014-r6-shanghai,alexander-wurz,1,platinum,true
wec-2014-r6-shanghai-7,wec-2014-r6-shanghai,stephane-sarrazin,2,platinum,true
wec-2014-r6-shanghai-7,wec-2014-r6-shanghai,kazuki-nakajima,3,platinum,true
wec-2014-r6-shanghai-14,wec-2014-r6-shanghai,romain-dumas,1,platinum,true
wec-2014-r6-shanghai-14,wec-2014-r6-shanghai,neel-jani,2,platinum,true
wec-2014-r6-shanghai-14,wec-2014-r6-shanghai,marc-lieb,3,platinum,true
wec-2014-r6-shanghai-2,wec-2014-r6-shanghai,marcel-fassler,1,platinum,true
wec-2014-r6-shanghai-2,wec-2014-r6-shanghai,andre-lotterer,2,platinum,true
wec-2014-r6-shanghai-2,wec-2014-r6-shanghai,benoit-treluyer,3,platinum,true
wec-2014-r6-shanghai-1,wec-2014-r6-shanghai,lucas-di-grassi,1,platinum,true
wec-2014-r6-shanghai-1,wec-2014-r6-shanghai,loic-duval,2,platinum,true
wec-2014-r6-shanghai-1,wec-2014-r6-shanghai,tom-kristensen,3,platinum,true
wec-2014-r6-shanghai-20,wec-2014-r6-shanghai,timo-bernhard,1,platinum,true
wec-2014-r6-shanghai-20,wec-2014-r6-shanghai,mark-webber,2,platinum,true
wec-2014-r6-shanghai-20,wec-2014-r6-shanghai,brendon-hartley,3,platinum,true
wec-2014-r6-shanghai-12,wec-2014-r6-shanghai,nicolas-prost,1,platinum,true
wec-2014-r6-shanghai-12,wec-2014-r6-shanghai,nick-heidfeld,2,platinum,true
wec-2014-r6-shanghai-12,wec-2014-r6-shanghai,mathias-beche,3,platinum,true
wec-2014-r6-shanghai-13,wec-2014-r6-shanghai,dominik-kraihamer,1,gold,true
wec-2014-r6-shanghai-13,wec-2014-r6-shanghai,andrea-belicchi,2,platinum,true
wec-2014-r6-shanghai-13,wec-2014-r6-shanghai,fabio-leimer,3,platinum,true
wec-2014-r6-shanghai-26,wec-2014-r6-shanghai,roman-rusinov,1,gold,true
wec-2014-r6-shanghai-26,wec-2014-r6-shanghai,olivier-pla,2,platinum,true
wec-2014-r6-shanghai-26,wec-2014-r6-shanghai,julien-canal,3,silver,true
wec-2014-r6-shanghai-30,wec-2014-r6-shanghai,scott-sharp,1,platinum,true
wec-2014-r6-shanghai-30,wec-2014-r6-shanghai,ryan-dalziel,2,platinum,true
wec-2014-r6-shanghai-30,wec-2014-r6-shanghai,ricardo-gonzalez,3,silver,true
wec-2014-r6-shanghai-27,wec-2014-r6-shanghai,sergey-zlobin,1,bronze,true
wec-2014-r6-shanghai-27,wec-2014-r6-shanghai,nicolas-minassian,2,platinum,true
wec-2014-r6-shanghai-27,wec-2014-r6-shanghai,maurizio-mediani,3,silver,true
wec-2014-r6-shanghai-37,wec-2014-r6-shanghai,kirill-ladygin,1,gold,true
wec-2014-r6-shanghai-37,wec-2014-r6-shanghai,viktor-shaitar,2,silver,true
wec-2014-r6-shanghai-37,wec-2014-r6-shanghai,anton-ladygin,3,silver,true
wec-2014-r6-shanghai-31,wec-2014-r6-shanghai,ed-brown,1,silver,true
wec-2014-r6-shanghai-31,wec-2014-r6-shanghai,johannes-van-overbeek,2,gold,true
wec-2014-r6-shanghai-31,wec-2014-r6-shanghai,david-brabham,3,platinum,true
wec-2014-r6-shanghai-9,wec-2014-r6-shanghai,pierre-kaffer,1,platinum,true
wec-2014-r6-shanghai-9,wec-2014-r6-shanghai,lucas-auer,2,gold,true
wec-2014-r6-shanghai-35,wec-2014-r6-shanghai,david-cheng,1,silver,true
wec-2014-r6-shanghai-35,wec-2014-r6-shanghai,ho-pin-tung,2,gold,true
wec-2014-r6-shanghai-35,wec-2014-r6-shanghai,mark-patterson,3,bronze,true
wec-2014-r6-shanghai-92,wec-2014-r6-shanghai,frederic-makowiecki,1,platinum,true
wec-2014-r6-shanghai-92,wec-2014-r6-shanghai,patrick-pilet,2,platinum,true
wec-2014-r6-shanghai-91,wec-2014-r6-shanghai,jorg-bergmeister,1,platinum,true
wec-2014-r6-shanghai-91,wec-2014-r6-shanghai,richard-lietz,2,platinum,true
wec-2014-r6-shanghai-71,wec-2014-r6-shanghai,davide-rigon,1,platinum,true
wec-2014-r6-shanghai-71,wec-2014-r6-shanghai,james-calado,2,platinum,true
wec-2014-r6-shanghai-99,wec-2014-r6-shanghai,alex-macdowall,1,silver,true
wec-2014-r6-shanghai-99,wec-2014-r6-shanghai,darryl-o-young,2,gold,true
wec-2014-r6-shanghai-99,wec-2014-r6-shanghai,fernando-rees,3,silver,true
wec-2014-r6-shanghai-98,wec-2014-r6-shanghai,paul-dalla-lana,1,bronze,true
wec-2014-r6-shanghai-98,wec-2014-r6-shanghai,pedro-lamy,2,platinum,true
wec-2014-r6-shanghai-98,wec-2014-r6-shanghai,christoffer-nygaard,3,silver,true
wec-2014-r6-shanghai-95,wec-2014-r6-shanghai,kristian-poulsen,1,bronze,true
wec-2014-r6-shanghai-95,wec-2014-r6-shanghai,david-heinemeier-hansson,2,silver,true
wec-2014-r6-shanghai-95,wec-2014-r6-shanghai,richie-stanaway,3,gold,true
wec-2014-r6-shanghai-90,wec-2014-r6-shanghai,gianluca-roda,1,bronze,true
wec-2014-r6-shanghai-90,wec-2014-r6-shanghai,paolo-ruberti,2,gold,true
wec-2014-r6-shanghai-90,wec-2014-r6-shanghai,matteo-cressoni,3,silver,true
wec-2014-r6-shanghai-75,wec-2014-r6-shanghai,francois-perrodo,1,bronze,true
wec-2014-r6-shanghai-75,wec-2014-r6-shanghai,emmanuel-collard,2,platinum,true
wec-2014-r6-shanghai-75,wec-2014-r6-shanghai,matthieu-vaxiviere,3,silver,true
wec-2014-r6-shanghai-88,wec-2014-r6-shanghai,christian-ried,1,bronze,true
wec-2014-r6-shanghai-88,wec-2014-r6-shanghai,wolf-henzler,2,platinum,true
wec-2014-r6-shanghai-88,wec-2014-r6-shanghai,khaled-al-qubaisi,3,bronze,true
wec-2014-r6-shanghai-97,wec-2014-r6-shanghai,darren-turner,1,platinum,true
wec-2014-r6-shanghai-97,wec-2014-r6-shanghai,stefan-mucke,2,platinum,true
wec-2014-r6-shanghai-47,wec-2014-r6-shanghai,matthew-howson,1,silver,true
wec-2014-r6-shanghai-47,wec-2014-r6-shanghai,richard-bradley,2,gold,true
wec-2014-r6-shanghai-47,wec-2014-r6-shanghai,alexandre-imperatori,3,gold,true
wec-2014-r6-shanghai-51,wec-2014-r6-shanghai,gianmaria-bruni,1,platinum,true
wec-2014-r6-shanghai-51,wec-2014-r6-shanghai,toni-vilander,2,platinum,true
wec-2014-r7-bahrain-7,wec-2014-r7-bahrain,alexander-wurz,1,platinum,true
wec-2014-r7-bahrain-7,wec-2014-r7-bahrain,stephane-sarrazin,2,platinum,true
wec-2014-r7-bahrain-7,wec-2014-r7-bahrain,mike-conway,3,platinum,true
wec-2014-r7-bahrain-14,wec-2014-r7-bahrain,romain-dumas,1,platinum,true
wec-2014-r7-bahrain-14,wec-2014-r7-bahrain,neel-jani,2,platinum,true
wec-2014-r7-bahrain-14,wec-2014-r7-bahrain,marc-lieb,3,platinum,true
wec-2014-r7-bahrain-20,wec-2014-r7-bahrain,timo-bernhard,1,platinum,true
wec-2014-r7-bahrain-20,wec-2014-r7-bahrain,mark-webber,2,platinum,true
wec-2014-r7-bahrain-20,wec-2014-r7-bahrain,brendon-hartley,3,platinum,true
wec-2014-r7-bahrain-2,wec-2014-r7-bahrain,marcel-fassler,1,platinum,true
wec-2014-r7-bahrain-2,wec-2014-r7-bahrain,andre-lotterer,2,platinum,true
wec-2014-r7-bahrain-2,wec-2014-r7-bahrain,benoit-treluyer,3,platinum,true
wec-2014-r7-bahrain-1,wec-2014-r7-bahrain,lucas-di-grassi,1,platinum,true
wec-2014-r7-bahrain-1,wec-2014-r7-bahrain,loic-duval,2,platinum,true
wec-2014-r7-bahrain-1,wec-2014-r7-bahrain,tom-kristensen,3,platinum,true
wec-2014-r7-bahrain-13,wec-2014-r7-bahrain,dominik-kraihamer,1,gold,true
wec-2014-r7-bahrain-13,wec-2014-r7-bahrain,andrea-belicchi,2,platinum,true
wec-2014-r7-bahrain-13,wec-2014-r7-bahrain,fabio-leimer,3,platinum,true
wec-2014-r7-bahrain-12,wec-2014-r7-bahrain,nicolas-prost,1,platinum,true
wec-2014-r7-bahrain-12,wec-2014-r7-bahrain,nick-heidfeld,2,platinum,true
wec-2014-r7-bahrain-12,wec-2014-r7-bahrain,mathias-beche,3,platinum,true
wec-2014-r7-bahrain-47,wec-2014-r7-bahrain,matthew-howson,1,silver,true
wec-2014-r7-bahrain-47,wec-2014-r7-bahrain,richard-bradley,2,gold,true
wec-2014-r7-bahrain-47,wec-2014-r7-bahrain,alexandre-imperatori,3,gold,true
wec-2014-r7-bahrain-37,wec-2014-r7-bahrain,kirill-ladygin,1,gold,true
wec-2014-r7-bahrain-37,wec-2014-r7-bahrain,viktor-shaitar,2,silver,true
wec-2014-r7-bahrain-37,wec-2014-r7-bahrain,anton-ladygin,3,silver,true
wec-2014-r7-bahrain-35,wec-2014-r7-bahrain,mark-patterson,1,bronze,true
wec-2014-r7-bahrain-35,wec-2014-r7-bahrain,keiko-ihara,2,bronze,true
wec-2014-r7-bahrain-35,wec-2014-r7-bahrain,david-cheng,3,silver,true
wec-2014-r7-bahrain-8,wec-2014-r7-bahrain,anthony-davidson,1,platinum,true
wec-2014-r7-bahrain-8,wec-2014-r7-bahrain,sebastien-buemi,2,platinum,true
wec-2014-r7-bahrain-26,wec-2014-r7-bahrain,roman-rusinov,1,gold,true
wec-2014-r7-bahrain-26,wec-2014-r7-bahrain,olivier-pla,2,platinum,true
wec-2014-r7-bahrain-26,wec-2014-r7-bahrain,julien-canal,3,silver,true
wec-2014-r7-bahrain-51,wec-2014-r7-bahrain,gianmaria-bruni,1,platinum,true
wec-2014-r7-bahrain-51,wec-2014-r7-bahrain,toni-vilander,2,platinum,true
wec-2014-r7-bahrain-97,wec-2014-r7-bahrain,darren-turner,1,platinum,true
wec-2014-r7-bahrain-97,wec-2014-r7-bahrain,stefan-mucke,2,platinum,true
wec-2014-r7-bahrain-71,wec-2014-r7-bahrain,davide-rigon,1,platinum,true
wec-2014-r7-bahrain-71,wec-2014-r7-bahrain,james-calado,2,platinum,true
wec-2014-r7-bahrain-91,wec-2014-r7-bahrain,jorg-bergmeister,1,platinum,true
wec-2014-r7-bahrain-91,wec-2014-r7-bahrain,richard-lietz,2,platinum,true
wec-2014-r7-bahrain-92,wec-2014-r7-bahrain,frederic-makowiecki,1,platinum,true
wec-2014-r7-bahrain-92,wec-2014-r7-bahrain,patrick-pilet,2,platinum,true
wec-2014-r7-bahrain-95,wec-2014-r7-bahrain,kristian-poulsen,1,bronze,true
wec-2014-r7-bahrain-95,wec-2014-r7-bahrain,david-heinemeier-hansson,2,silver,true
wec-2014-r7-bahrain-95,wec-2014-r7-bahrain,nicki-thiim,3,gold,true
wec-2014-r7-bahrain-81,wec-2014-r7-bahrain,stephen-wyatt,1,bronze,true
wec-2014-r7-bahrain-81,wec-2014-r7-bahrain,michele-rugolo,2,silver,true
wec-2014-r7-bahrain-81,wec-2014-r7-bahrain,andrea-bertolini,3,platinum,true
wec-2014-r7-bahrain-98,wec-2014-r7-bahrain,paul-dalla-lana,1,bronze,true
wec-2014-r7-bahrain-98,wec-2014-r7-bahrain,pedro-lamy,2,platinum,true
wec-2014-r7-bahrain-98,wec-2014-r7-bahrain,christoffer-nygaard,3,silver,true
wec-2014-r7-bahrain-88,wec-2014-r7-bahrain,christian-ried,1,bronze,true
wec-2014-r7-bahrain-88,wec-2014-r7-bahrain,klaus-bachler,2,gold,true
wec-2014-r7-bahrain-88,wec-2014-r7-bahrain,khaled-al-qubaisi,3,bronze,true
wec-2014-r7-bahrain-90,wec-2014-r7-bahrain,gianluca-roda,1,bronze,true
wec-2014-r7-bahrain-90,wec-2014-r7-bahrain,paolo-ruberti,2,gold,true
wec-2014-r7-bahrain-90,wec-2014-r7-bahrain,matteo-cressoni,3,silver,true
wec-2014-r7-bahrain-61,wec-2014-r7-bahrain,alexander-talkanitsa,1,bronze,true
wec-2014-r7-bahrain-61,wec-2014-r7-bahrain,alessandro-pier-guidi,2,platinum,true
wec-2014-r7-bahrain-61,wec-2014-r7-bahrain,jeffrey-segal,3,silver,true
wec-2014-r7-bahrain-99,wec-2014-r7-bahrain,alex-macdowall,1,silver,true
wec-2014-r7-bahrain-99,wec-2014-r7-bahrain,fernando-rees,2,silver,true
wec-2014-r7-bahrain-99,wec-2014-r7-bahrain,abdulaziz-al-faisal,3,silver,true
wec-2014-r7-bahrain-75,wec-2014-r7-bahrain,francois-perrodo,1,bronze,true
wec-2014-r7-bahrain-75,wec-2014-r7-bahrain,emmanuel-collard,2,platinum,true
wec-2014-r7-bahrain-75,wec-2014-r7-bahrain,matthieu-vaxiviere,3,silver,true
wec-2014-r7-bahrain-27,wec-2014-r7-bahrain,sergey-zlobin,1,bronze,true
wec-2014-r7-bahrain-27,wec-2014-r7-bahrain,nicolas-minassian,2,platinum,true
wec-2014-r7-bahrain-27,wec-2014-r7-bahrain,maurizio-mediani,3,silver,true
wec-2014-r7-bahrain-9,wec-2014-r7-bahrain,pierre-kaffer,1,platinum,true
wec-2014-r7-bahrain-9,wec-2014-r7-bahrain,simon-trummer,2,gold,true
wec-2014-r7-bahrain-9,wec-2014-r7-bahrain,nathanael-berthon,3,gold,true
wec-2014-r8-sao-paulo-14,wec-2014-r8-sao-paulo,romain-dumas,1,platinum,true
wec-2014-r8-sao-paulo-14,wec-2014-r8-sao-paulo,neel-jani,2,platinum,true
wec-2014-r8-sao-paulo-14,wec-2014-r8-sao-paulo,marc-lieb,3,platinum,true
wec-2014-r8-sao-paulo-8,wec-2014-r8-sao-paulo,anthony-davidson,1,platinum,true
wec-2014-r8-sao-paulo-8,wec-2014-r8-sao-paulo,sebastien-buemi,2,platinum,true
wec-2014-r8-sao-paulo-1,wec-2014-r8-sao-paulo,lucas-di-grassi,1,platinum,true
wec-2014-r8-sao-paulo-1,wec-2014-r8-sao-paulo,loic-duval,2,platinum,true
wec-2014-r8-sao-paulo-1,wec-2014-r8-sao-paulo,tom-kristensen,3,platinum,true
wec-2014-r8-sao-paulo-7,wec-2014-r8-sao-paulo,alexander-wurz,1,platinum,true
wec-2014-r8-sao-paulo-7,wec-2014-r8-sao-paulo,stephane-sarrazin,2,platinum,true
wec-2014-r8-sao-paulo-7,wec-2014-r8-sao-paulo,mike-conway,3,platinum,true
wec-2014-r8-sao-paulo-2,wec-2014-r8-sao-paulo,marcel-fassler,1,platinum,true
wec-2014-r8-sao-paulo-2,wec-2014-r8-sao-paulo,andre-lotterer,2,platinum,true
wec-2014-r8-sao-paulo-2,wec-2014-r8-sao-paulo,benoit-treluyer,3,platinum,true
wec-2014-r8-sao-paulo-47,wec-2014-r8-sao-paulo,matthew-howson,1,silver,true
wec-2014-r8-sao-paulo-47,wec-2014-r8-sao-paulo,richard-bradley,2,gold,true
wec-2014-r8-sao-paulo-47,wec-2014-r8-sao-paulo,alexandre-imperatori,3,gold,true
wec-2014-r8-sao-paulo-97,wec-2014-r8-sao-paulo,darren-turner,1,platinum,true
wec-2014-r8-sao-paulo-97,wec-2014-r8-sao-paulo,stefan-mucke,2,platinum,true
wec-2014-r8-sao-paulo-92,wec-2014-r8-sao-paulo,frederic-makowiecki,1,platinum,true
wec-2014-r8-sao-paulo-92,wec-2014-r8-sao-paulo,patrick-pilet,2,platinum,true
wec-2014-r8-sao-paulo-71,wec-2014-r8-sao-paulo,davide-rigon,1,platinum,true
wec-2014-r8-sao-paulo-71,wec-2014-r8-sao-paulo,james-calado,2,platinum,true
wec-2014-r8-sao-paulo-51,wec-2014-r8-sao-paulo,gianmaria-bruni,1,platinum,true
wec-2014-r8-sao-paulo-51,wec-2014-r8-sao-paulo,toni-vilander,2,platinum,true
wec-2014-r8-sao-paulo-99,wec-2014-r8-sao-paulo,alex-macdowall,1,silver,true
wec-2014-r8-sao-paulo-99,wec-2014-r8-sao-paulo,darryl-o-young,2,gold,true
wec-2014-r8-sao-paulo-99,wec-2014-r8-sao-paulo,fernando-rees,3,silver,true
wec-2014-r8-sao-paulo-91,wec-2014-r8-sao-paulo,jorg-bergmeister,1,platinum,true
wec-2014-r8-sao-paulo-91,wec-2014-r8-sao-paulo,richard-lietz,2,platinum,true
wec-2014-r8-sao-paulo-98,wec-2014-r8-sao-paulo,paul-dalla-lana,1,bronze,true
wec-2014-r8-sao-paulo-98,wec-2014-r8-sao-paulo,pedro-lamy,2,platinum,true
wec-2014-r8-sao-paulo-98,wec-2014-r8-sao-paulo,christoffer-nygaard,3,silver,true
wec-2014-r8-sao-paulo-95,wec-2014-r8-sao-paulo,kristian-poulsen,1,bronze,true
wec-2014-r8-sao-paulo-95,wec-2014-r8-sao-paulo,david-heinemeier-hansson,2,silver,true
wec-2014-r8-sao-paulo-95,wec-2014-r8-sao-paulo,nicki-thiim,3,gold,true
wec-2014-r8-sao-paulo-81,wec-2014-r8-sao-paulo,stephen-wyatt,1,bronze,true
wec-2014-r8-sao-paulo-81,wec-2014-r8-sao-paulo,michele-rugolo,2,silver,true
wec-2014-r8-sao-paulo-81,wec-2014-r8-sao-paulo,andrea-bertolini,3,platinum,true
wec-2014-r8-sao-paulo-88,wec-2014-r8-sao-paulo,christian-ried,1,bronze,true
wec-2014-r8-sao-paulo-88,wec-2014-r8-sao-paulo,klaus-bachler,2,gold,true
wec-2014-r8-sao-paulo-88,wec-2014-r8-sao-paulo,khaled-al-qubaisi,3,bronze,true
wec-2014-r8-sao-paulo-75,wec-2014-r8-sao-paulo,francois-perrodo,1,bronze,true
wec-2014-r8-sao-paulo-75,wec-2014-r8-sao-paulo,emmanuel-collard,2,platinum,true
wec-2014-r8-sao-paulo-75,wec-2014-r8-sao-paulo,matthieu-vaxiviere,3,silver,true
wec-2014-r8-sao-paulo-13,wec-2014-r8-sao-paulo,dominik-kraihamer,1,gold,true
wec-2014-r8-sao-paulo-13,wec-2014-r8-sao-paulo,andrea-belicchi,2,platinum,true
wec-2014-r8-sao-paulo-13,wec-2014-r8-sao-paulo,fabio-leimer,3,platinum,true
wec-2014-r8-sao-paulo-12,wec-2014-r8-sao-paulo,nicolas-prost,1,platinum,true
wec-2014-r8-sao-paulo-12,wec-2014-r8-sao-paulo,nick-heidfeld,2,platinum,true
wec-2014-r8-sao-paulo-12,wec-2014-r8-sao-paulo,mathias-beche,3,platinum,true
wec-2014-r8-sao-paulo-27,wec-2014-r8-sao-paulo,sergey-zlobin,1,bronze,true
wec-2014-r8-sao-paulo-27,wec-2014-r8-sao-paulo,nicolas-minassian,2,platinum,true
wec-2014-r8-sao-paulo-27,wec-2014-r8-sao-paulo,maurizio-mediani,3,silver,true
wec-2014-r8-sao-paulo-61,wec-2014-r8-sao-paulo,emerson-fittipaldi,1,bronze,true
wec-2014-r8-sao-paulo-61,wec-2014-r8-sao-paulo,alessandro-pier-guidi,2,platinum,true
wec-2014-r8-sao-paulo-61,wec-2014-r8-sao-paulo,jeffrey-segal,3,silver,true
wec-2014-r8-sao-paulo-20,wec-2014-r8-sao-paulo,timo-bernhard,1,platinum,true
wec-2014-r8-sao-paulo-20,wec-2014-r8-sao-paulo,mark-webber,2,platinum,true
wec-2014-r8-sao-paulo-20,wec-2014-r8-sao-paulo,brendon-hartley,3,platinum,true
wec-2014-r8-sao-paulo-90,wec-2014-r8-sao-paulo,gianluca-roda,1,bronze,true
wec-2014-r8-sao-paulo-90,wec-2014-r8-sao-paulo,paolo-ruberti,2,gold,true
wec-2014-r8-sao-paulo-90,wec-2014-r8-sao-paulo,matteo-cressoni,3,silver,true
wec-2014-r8-sao-paulo-37,wec-2014-r8-sao-paulo,kirill-ladygin,1,gold,true
wec-2014-r8-sao-paulo-37,wec-2014-r8-sao-paulo,viktor-shaitar,2,silver,true
wec-2014-r8-sao-paulo-37,wec-2014-r8-sao-paulo,anton-ladygin,3,silver,true
wec-2014-r8-sao-paulo-9,wec-2014-r8-sao-paulo,pierre-kaffer,1,platinum,true
wec-2014-r8-sao-paulo-9,wec-2014-r8-sao-paulo,lucas-auer,2,gold,true
wec-2014-r8-sao-paulo-26,wec-2014-r8-sao-paulo,roman-rusinov,1,gold,true
wec-2014-r8-sao-paulo-26,wec-2014-r8-sao-paulo,olivier-pla,2,platinum,true
wec-2014-r8-sao-paulo-26,wec-2014-r8-sao-paulo,julien-canal,3,silver,true
wec-2015-r1-silverstone-7,wec-2015-r1-silverstone,marcel-fassler,1,platinum,true
wec-2015-r1-silverstone-7,wec-2015-r1-silverstone,andre-lotterer,2,platinum,true
wec-2015-r1-silverstone-7,wec-2015-r1-silverstone,benoit-treluyer,3,platinum,true
wec-2015-r1-silverstone-18,wec-2015-r1-silverstone,romain-dumas,1,platinum,true
wec-2015-r1-silverstone-18,wec-2015-r1-silverstone,neel-jani,2,platinum,true
wec-2015-r1-silverstone-18,wec-2015-r1-silverstone,marc-lieb,3,platinum,true
wec-2015-r1-silverstone-1,wec-2015-r1-silverstone,anthony-davidson,1,platinum,true
wec-2015-r1-silverstone-1,wec-2015-r1-silverstone,sebastien-buemi,2,platinum,true
wec-2015-r1-silverstone-1,wec-2015-r1-silverstone,kazuki-nakajima,3,platinum,true
wec-2015-r1-silverstone-2,wec-2015-r1-silverstone,alexander-wurz,1,platinum,true
wec-2015-r1-silverstone-2,wec-2015-r1-silverstone,stephane-sarrazin,2,platinum,true
wec-2015-r1-silverstone-2,wec-2015-r1-silverstone,mike-conway,3,platinum,true
wec-2015-r1-silverstone-8,wec-2015-r1-silverstone,lucas-di-grassi,1,platinum,true
wec-2015-r1-silverstone-8,wec-2015-r1-silverstone,loic-duval,2,platinum,true
wec-2015-r1-silverstone-8,wec-2015-r1-silverstone,oliver-jarvis,3,platinum,true
wec-2015-r1-silverstone-26,wec-2015-r1-silverstone,roman-rusinov,1,gold,true
wec-2015-r1-silverstone-26,wec-2015-r1-silverstone,julien-canal,2,silver,true
wec-2015-r1-silverstone-26,wec-2015-r1-silverstone,sam-bird,3,platinum,true
wec-2015-r1-silverstone-28,wec-2015-r1-silverstone,gustavo-yacaman,1,gold,true
wec-2015-r1-silverstone-28,wec-2015-r1-silverstone,luis-felipe-derani,2,gold,true
wec-2015-r1-silverstone-28,wec-2015-r1-silverstone,ricardo-gonzalez,3,silver,true
wec-2015-r1-silverstone-42,wec-2015-r1-silverstone,nick-leventis,1,silver,true
wec-2015-r1-silverstone-42,wec-2015-r1-silverstone,danny-watts,2,platinum,true
wec-2015-r1-silverstone-42,wec-2015-r1-silverstone,jonny-kane,3,platinum,true
wec-2015-r1-silverstone-51,wec-2015-r1-silverstone,gianmaria-bruni,1,platinum,true
wec-2015-r1-silverstone-51,wec-2015-r1-silverstone,toni-vilander,2,platinum,true
wec-2015-r1-silverstone-91,wec-2015-r1-silverstone,richard-lietz,1,platinum,true
wec-2015-r1-silverstone-91,wec-2015-r1-silverstone,michael-christensen,2,platinum,true
wec-2015-r1-silverstone-71,wec-2015-r1-silverstone,davide-rigon,1,platinum,true
wec-2015-r1-silverstone-71,wec-2015-r1-silverstone,james-calado,2,platinum,true
wec-2015-r1-silverstone-95,wec-2015-r1-silverstone,christoffer-nygaard,1,gold,true
wec-2015-r1-silverstone-95,wec-2015-r1-silverstone,marco-sorensen,2,gold,true
wec-2015-r1-silverstone-95,wec-2015-r1-silverstone,nicki-thiim,3,gold,true
wec-2015-r1-silverstone-97,wec-2015-r1-silverstone,darren-turner,1,platinum,true
wec-2015-r1-silverstone-97,wec-2015-r1-silverstone,stefan-mucke,2,platinum,true
wec-2015-r1-silverstone-99,wec-2015-r1-silverstone,alex-macdowall,1,silver,true
wec-2015-r1-silverstone-99,wec-2015-r1-silverstone,fernando-rees,2,gold,true
wec-2015-r1-silverstone-99,wec-2015-r1-silverstone,richie-stanaway,3,gold,true
wec-2015-r1-silverstone-92,wec-2015-r1-silverstone,patrick-pilet,1,platinum,true
wec-2015-r1-silverstone-92,wec-2015-r1-silverstone,frederic-makowiecki,2,platinum,true
wec-2015-r1-silverstone-98,wec-2015-r1-silverstone,paul-dalla-lana,1,bronze,true
wec-2015-r1-silverstone-98,wec-2015-r1-silverstone,pedro-lamy,2,platinum,true
wec-2015-r1-silverstone-98,wec-2015-r1-silverstone,mathias-lauda,3,silver,true
wec-2015-r1-silverstone-83,wec-2015-r1-silverstone,francois-perrodo,1,bronze,true
wec-2015-r1-silverstone-83,wec-2015-r1-silverstone,emmanuel-collard,2,platinum,true
wec-2015-r1-silverstone-83,wec-2015-r1-silverstone,rui-aguas,3,silver,true
wec-2015-r1-silverstone-72,wec-2015-r1-silverstone,victor-shaytar,1,silver,true
wec-2015-r1-silverstone-72,wec-2015-r1-silverstone,andrea-bertolini,2,platinum,true
wec-2015-r1-silverstone-72,wec-2015-r1-silverstone,aleksey-basov,3,bronze,true
wec-2015-r1-silverstone-47,wec-2015-r1-silverstone,matthew-howson,1,silver,true
wec-2015-r1-silverstone-47,wec-2015-r1-silverstone,richard-bradley,2,gold,true
wec-2015-r1-silverstone-47,wec-2015-r1-silverstone,nick-tandy,3,platinum,true
wec-2015-r1-silverstone-96,wec-2015-r1-silverstone,francesco-castellacci,1,silver,true
wec-2015-r1-silverstone-96,wec-2015-r1-silverstone,roald-goethe,2,bronze,true
wec-2015-r1-silverstone-96,wec-2015-r1-silverstone,stuart-hall,3,gold,true
wec-2015-r1-silverstone-88,wec-2015-r1-silverstone,christian-ried,1,bronze,true
wec-2015-r1-silverstone-88,wec-2015-r1-silverstone,khaled-al-qubaisi,2,bronze,true
wec-2015-r1-silverstone-88,wec-2015-r1-silverstone,klaus-bachler,3,gold,true
wec-2015-r1-silverstone-35,wec-2015-r1-silverstone,jacques-nicolet,1,bronze,true
wec-2015-r1-silverstone-35,wec-2015-r1-silverstone,jean-marc-merlin,2,bronze,true
wec-2015-r1-silverstone-35,wec-2015-r1-silverstone,erik-maris,3,bronze,true
wec-2015-r1-silverstone-77,wec-2015-r1-silverstone,patrick-dempsey,1,bronze,true
wec-2015-r1-silverstone-77,wec-2015-r1-silverstone,patrick-long,2,platinum,true
wec-2015-r1-silverstone-77,wec-2015-r1-silverstone,marco-seefried,3,silver,true
wec-2015-r1-silverstone-31,wec-2015-r1-silverstone,ed-brown,1,silver,true
wec-2015-r1-silverstone-31,wec-2015-r1-silverstone,jonathon-fogarty,2,gold,true
wec-2015-r1-silverstone-31,wec-2015-r1-silverstone,david-brabham,3,platinum,true
wec-2015-r1-silverstone-50,wec-2015-r1-silverstone,gianluca-roda,1,bronze,true
wec-2015-r1-silverstone-50,wec-2015-r1-silverstone,paolo-ruberti,2,gold,true
wec-2015-r1-silverstone-50,wec-2015-r1-silverstone,kristian-poulsen,3,silver,true
wec-2015-r1-silverstone-4,wec-2015-r1-silverstone,simon-trummer,1,gold,true
wec-2015-r1-silverstone-4,wec-2015-r1-silverstone,vitantonio-liuzzi,2,platinum,true
wec-2015-r1-silverstone-4,wec-2015-r1-silverstone,christian-klien,3,platinum,true
wec-2015-r1-silverstone-17,wec-2015-r1-silverstone,timo-bernhard,1,platinum,true
wec-2015-r1-silverstone-17,wec-2015-r1-silverstone,mark-webber,2,platinum,true
wec-2015-r1-silverstone-17,wec-2015-r1-silverstone,brendon-hartley,3,platinum,true
wec-2015-r1-silverstone-36,wec-2015-r1-silverstone,nelson-panciatici,1,platinum,true
wec-2015-r1-silverstone-36,wec-2015-r1-silverstone,paul-loup-chatin,2,gold,true
wec-2015-r1-silverstone-36,wec-2015-r1-silverstone,vincent-capillaire,3,silver,true
wec-2015-r1-silverstone-30,wec-2015-r1-silverstone,scott-sharp,1,platinum,true
wec-2015-r1-silverstone-30,wec-2015-r1-silverstone,ryan-dalziel,2,platinum,true
wec-2015-r1-silverstone-30,wec-2015-r1-silverstone,david-heinemeier-hansson,3,silver,true
wec-2015-r2-spa-7,wec-2015-r2-spa,marcel-fassler,1,platinum,true
wec-2015-r2-spa-7,wec-2015-r2-spa,andre-lotterer,2,platinum,true
wec-2015-r2-spa-7,wec-2015-r2-spa,benoit-treluyer,3,platinum,true
wec-2015-r2-spa-18,wec-2015-r2-spa,romain-dumas,1,platinum,true
wec-2015-r2-spa-18,wec-2015-r2-spa,neel-jani,2,platinum,true
wec-2015-r2-spa-18,wec-2015-r2-spa,marc-lieb,3,platinum,true
wec-2015-r2-spa-17,wec-2015-r2-spa,timo-bernhard,1,platinum,true
wec-2015-r2-spa-17,wec-2015-r2-spa,mark-webber,2,platinum,true
wec-2015-r2-spa-17,wec-2015-r2-spa,brendon-hartley,3,platinum,true
wec-2015-r2-spa-9,wec-2015-r2-spa,filipe-albuquerque,1,platinum,true
wec-2015-r2-spa-9,wec-2015-r2-spa,marco-bonanomi,2,platinum,true
wec-2015-r2-spa-9,wec-2015-r2-spa,rene-rast,3,platinum,true
wec-2015-r2-spa-2,wec-2015-r2-spa,alexander-wurz,1,platinum,true
wec-2015-r2-spa-2,wec-2015-r2-spa,stephane-sarrazin,2,platinum,true
wec-2015-r2-spa-2,wec-2015-r2-spa,mike-conway,3,platinum,true
wec-2015-r2-spa-19,wec-2015-r2-spa,nico-hulkenberg,1,platinum,true
wec-2015-r2-spa-19,wec-2015-r2-spa,earl-bamber,2,gold,true
wec-2015-r2-spa-19,wec-2015-r2-spa,nick-tandy,3,platinum,true
wec-2015-r2-spa-8,wec-2015-r2-spa,lucas-di-grassi,1,platinum,true
wec-2015-r2-spa-8,wec-2015-r2-spa,loic-duval,2,platinum,true
wec-2015-r2-spa-8,wec-2015-r2-spa,oliver-jarvis,3,platinum,true
wec-2015-r2-spa-1,wec-2015-r2-spa,anthony-davidson,1,platinum,true
wec-2015-r2-spa-1,wec-2015-r2-spa,sebastien-buemi,2,platinum,true
wec-2015-r2-spa-38,wec-2015-r2-spa,simon-dolan,1,silver,true
wec-2015-r2-spa-38,wec-2015-r2-spa,mitch-evans,2,gold,true
wec-2015-r2-spa-38,wec-2015-r2-spa,harry-tincknell,3,gold,true
wec-2015-r2-spa-28,wec-2015-r2-spa,gustavo-yacaman,1,gold,true
wec-2015-r2-spa-28,wec-2015-r2-spa,luis-felipe-derani,2,gold,true
wec-2015-r2-spa-28,wec-2015-r2-spa,ricardo-gonzalez,3,silver,true
wec-2015-r2-spa-43,wec-2015-r2-spa,pierre-ragues,1,silver,true
wec-2015-r2-spa-43,wec-2015-r2-spa,oliver-webb,2,gold,true
wec-2015-r2-spa-43,wec-2015-r2-spa,zoel-amberg,3,gold,true
wec-2015-r2-spa-47,wec-2015-r2-spa,matthew-howson,1,silver,true
wec-2015-r2-spa-47,wec-2015-r2-spa,richard-bradley,2,gold,true
wec-2015-r2-spa-47,wec-2015-r2-spa,nicolas-lapierre,3,platinum,true
wec-2015-r2-spa-36,wec-2015-r2-spa,nelson-panciatici,1,platinum,true
wec-2015-r2-spa-36,wec-2015-r2-spa,paul-loup-chatin,2,gold,true
wec-2015-r2-spa-36,wec-2015-r2-spa,vincent-capillaire,3,silver,true
wec-2015-r2-spa-42,wec-2015-r2-spa,nick-leventis,1,silver,true
wec-2015-r2-spa-42,wec-2015-r2-spa,danny-watts,2,platinum,true
wec-2015-r2-spa-42,wec-2015-r2-spa,jonny-kane,3,platinum,true
wec-2015-r2-spa-35,wec-2015-r2-spa,jacques-nicolet,1,bronze,true
wec-2015-r2-spa-35,wec-2015-r2-spa,jean-marc-merlin,2,bronze,true
wec-2015-r2-spa-35,wec-2015-r2-spa,erik-maris,3,bronze,true
wec-2015-r2-spa-99,wec-2015-r2-spa,alex-macdowall,1,silver,true
wec-2015-r2-spa-99,wec-2015-r2-spa,fernando-rees,2,gold,true
wec-2015-r2-spa-99,wec-2015-r2-spa,richie-stanaway,3,gold,true
wec-2015-r2-spa-92,wec-2015-r2-spa,frederic-makowiecki,1,platinum,true
wec-2015-r2-spa-92,wec-2015-r2-spa,richard-lietz,2,platinum,true
wec-2015-r2-spa-91,wec-2015-r2-spa,sven-muller,1,silver,true
wec-2015-r2-spa-91,wec-2015-r2-spa,kevin-estre,2,platinum,true
wec-2015-r2-spa-51,wec-2015-r2-spa,gianmaria-bruni,1,platinum,true
wec-2015-r2-spa-51,wec-2015-r2-spa,toni-vilander,2,platinum,true
wec-2015-r2-spa-97,wec-2015-r2-spa,darren-turner,1,platinum,true
wec-2015-r2-spa-97,wec-2015-r2-spa,stefan-mucke,2,platinum,true
wec-2015-r2-spa-97,wec-2015-r2-spa,rob-bell,3,platinum,true
wec-2015-r2-spa-95,wec-2015-r2-spa,christoffer-nygaard,1,gold,true
wec-2015-r2-spa-95,wec-2015-r2-spa,marco-sorensen,2,gold,true
wec-2015-r2-spa-71,wec-2015-r2-spa,davide-rigon,1,platinum,true
wec-2015-r2-spa-71,wec-2015-r2-spa,james-calado,2,platinum,true
wec-2015-r2-spa-31,wec-2015-r2-spa,ed-brown,1,silver,true
wec-2015-r2-spa-31,wec-2015-r2-spa,johannes-van-overbeek,2,gold,true
wec-2015-r2-spa-31,wec-2015-r2-spa,jonathon-fogarty,3,gold,true
wec-2015-r2-spa-98,wec-2015-r2-spa,paul-dalla-lana,1,bronze,true
wec-2015-r2-spa-98,wec-2015-r2-spa,pedro-lamy,2,platinum,true
wec-2015-r2-spa-98,wec-2015-r2-spa,mathias-lauda,3,silver,true
wec-2015-r2-spa-83,wec-2015-r2-spa,francois-perrodo,1,bronze,true
wec-2015-r2-spa-83,wec-2015-r2-spa,emmanuel-collard,2,platinum,true
wec-2015-r2-spa-83,wec-2015-r2-spa,rui-aguas,3,silver,true
wec-2015-r2-spa-72,wec-2015-r2-spa,victor-shaytar,1,silver,true
wec-2015-r2-spa-72,wec-2015-r2-spa,andrea-bertolini,2,platinum,true
wec-2015-r2-spa-72,wec-2015-r2-spa,aleksey-basov,3,bronze,true
wec-2015-r2-spa-88,wec-2015-r2-spa,christian-ried,1,bronze,true
wec-2015-r2-spa-88,wec-2015-r2-spa,khaled-al-qubaisi,2,bronze,true
wec-2015-r2-spa-88,wec-2015-r2-spa,klaus-bachler,3,gold,true
wec-2015-r2-spa-77,wec-2015-r2-spa,patrick-dempsey,1,bronze,true
wec-2015-r2-spa-77,wec-2015-r2-spa,patrick-long,2,platinum,true
wec-2015-r2-spa-77,wec-2015-r2-spa,marco-seefried,3,silver,true
wec-2015-r2-spa-96,wec-2015-r2-spa,francesco-castellacci,1,silver,true
wec-2015-r2-spa-96,wec-2015-r2-spa,roald-goethe,2,bronze,true
wec-2015-r2-spa-96,wec-2015-r2-spa,stuart-hall,3,gold,true
wec-2015-r2-spa-30,wec-2015-r2-spa,scott-sharp,1,platinum,true
wec-2015-r2-spa-30,wec-2015-r2-spa,ryan-dalziel,2,platinum,true
wec-2015-r2-spa-30,wec-2015-r2-spa,david-heinemeier-hansson,3,silver,true
wec-2015-r2-spa-26,wec-2015-r2-spa,roman-rusinov,1,gold,true
wec-2015-r2-spa-26,wec-2015-r2-spa,julien-canal,2,silver,true
wec-2015-r2-spa-26,wec-2015-r2-spa,sam-bird,3,platinum,true
wec-2015-r2-spa-55,wec-2015-r2-spa,duncan-cameron,1,bronze,true
wec-2015-r2-spa-55,wec-2015-r2-spa,matt-griffin,2,gold,true
wec-2015-r2-spa-55,wec-2015-r2-spa,alexander-mortimer,3,silver,true
wec-2015-r2-spa-50,wec-2015-r2-spa,gianluca-roda,1,bronze,true
wec-2015-r2-spa-50,wec-2015-r2-spa,paolo-ruberti,2,gold,true
wec-2015-r2-spa-50,wec-2015-r2-spa,kristian-poulsen,3,silver,true
wec-2015-r2-spa-4,wec-2015-r2-spa,simon-trummer,1,gold,true
wec-2015-r2-spa-4,wec-2015-r2-spa,vitantonio-liuzzi,2,platinum,true
wec-2015-r2-spa-4,wec-2015-r2-spa,christian-klien,3,platinum,true
wec-2015-r3-le-mans-19,wec-2015-r3-le-mans,nico-hulkenberg,1,platinum,true
wec-2015-r3-le-mans-19,wec-2015-r3-le-mans,earl-bamber,2,gold,true
wec-2015-r3-le-mans-19,wec-2015-r3-le-mans,nick-tandy,3,platinum,true
wec-2015-r3-le-mans-17,wec-2015-r3-le-mans,timo-bernhard,1,platinum,true
wec-2015-r3-le-mans-17,wec-2015-r3-le-mans,mark-webber,2,platinum,true
wec-2015-r3-le-mans-17,wec-2015-r3-le-mans,brendon-hartley,3,platinum,true
wec-2015-r3-le-mans-7,wec-2015-r3-le-mans,marcel-fassler,1,platinum,true
wec-2015-r3-le-mans-7,wec-2015-r3-le-mans,andre-lotterer,2,platinum,true
wec-2015-r3-le-mans-7,wec-2015-r3-le-mans,benoit-treluyer,3,platinum,true
wec-2015-r3-le-mans-8,wec-2015-r3-le-mans,lucas-di-grassi,1,platinum,true
wec-2015-r3-le-mans-8,wec-2015-r3-le-mans,loic-duval,2,platinum,true
wec-2015-r3-le-mans-8,wec-2015-r3-le-mans,oliver-jarvis,3,platinum,true
wec-2015-r3-le-mans-18,wec-2015-r3-le-mans,romain-dumas,1,platinum,true
wec-2015-r3-le-mans-18,wec-2015-r3-le-mans,neel-jani,2,platinum,true
wec-2015-r3-le-mans-18,wec-2015-r3-le-mans,marc-lieb,3,platinum,true
wec-2015-r3-le-mans-2,wec-2015-r3-le-mans,alexander-wurz,1,platinum,true
wec-2015-r3-le-mans-2,wec-2015-r3-le-mans,stephane-sarrazin,2,platinum,true
wec-2015-r3-le-mans-2,wec-2015-r3-le-mans,mike-conway,3,platinum,true
wec-2015-r3-le-mans-9,wec-2015-r3-le-mans,filipe-albuquerque,1,platinum,true
wec-2015-r3-le-mans-9,wec-2015-r3-le-mans,marco-bonanomi,2,platinum,true
wec-2015-r3-le-mans-9,wec-2015-r3-le-mans,rene-rast,3,platinum,true
wec-2015-r3-le-mans-1,wec-2015-r3-le-mans,anthony-davidson,1,platinum,true
wec-2015-r3-le-mans-1,wec-2015-r3-le-mans,sebastien-buemi,2,platinum,true
wec-2015-r3-le-mans-1,wec-2015-r3-le-mans,kazuki-nakajima,3,platinum,true
wec-2015-r3-le-mans-47,wec-2015-r3-le-mans,matthew-howson,1,silver,true
wec-2015-r3-le-mans-47,wec-2015-r3-le-mans,richard-bradley,2,gold,true
wec-2015-r3-le-mans-47,wec-2015-r3-le-mans,nicolas-lapierre,3,platinum,true
wec-2015-r3-le-mans-38,wec-2015-r3-le-mans,simon-dolan,1,silver,true
wec-2015-r3-le-mans-38,wec-2015-r3-le-mans,mitch-evans,2,gold,true
wec-2015-r3-le-mans-38,wec-2015-r3-le-mans,oliver-turvey,3,platinum,true
wec-2015-r3-le-mans-26,wec-2015-r3-le-mans,roman-rusinov,1,gold,true
wec-2015-r3-le-mans-26,wec-2015-r3-le-mans,julien-canal,2,silver,true
wec-2015-r3-le-mans-26,wec-2015-r3-le-mans,sam-bird,3,platinum,true
wec-2015-r3-le-mans-28,wec-2015-r3-le-mans,gustavo-yacaman,1,gold,true
wec-2015-r3-le-mans-28,wec-2015-r3-le-mans,luis-felipe-derani,2,gold,true
wec-2015-r3-le-mans-28,wec-2015-r3-le-mans,ricardo-gonzalez,3,silver,true
wec-2015-r3-le-mans-48,wec-2015-r3-le-mans,karun-chandhok,1,gold,true
wec-2015-r3-le-mans-48,wec-2015-r3-le-mans,mark-patterson,2,bronze,true
wec-2015-r3-le-mans-48,wec-2015-r3-le-mans,nathanael-berthon,3,gold,true
wec-2015-r3-le-mans-27,wec-2015-r3-le-mans,maurizio-mediani,1,gold,true
wec-2015-r3-le-mans-27,wec-2015-r3-le-mans,david-markozov,2,silver,true
wec-2015-r3-le-mans-27,wec-2015-r3-le-mans,nicolas-minassian,3,platinum,true
wec-2015-r3-le-mans-31,wec-2015-r3-le-mans,ed-brown,1,silver,true
wec-2015-r3-le-mans-31,wec-2015-r3-le-mans,johannes-van-overbeek,2,gold,true
wec-2015-r3-le-mans-31,wec-2015-r3-le-mans,jonathon-fogarty,3,gold,true
wec-2015-r3-le-mans-45,wec-2015-r3-le-mans,jose-ibanez,1,bronze,true
wec-2015-r3-le-mans-45,wec-2015-r3-le-mans,pierre-perret,2,bronze,true
wec-2015-r3-le-mans-45,wec-2015-r3-le-mans,ivan-bellarosa,3,silver,true
wec-2015-r3-le-mans-64,wec-2015-r3-le-mans,oliver-gavin,1,platinum,true
wec-2015-r3-le-mans-64,wec-2015-r3-le-mans,tommy-milner,2,platinum,true
wec-2015-r3-le-mans-64,wec-2015-r3-le-mans,jordan-taylor,3,platinum,true
wec-2015-r3-le-mans-13,wec-2015-r3-le-mans,alexandre-imperatori,1,gold,true
wec-2015-r3-le-mans-13,wec-2015-r3-le-mans,dominik-kraihamer,2,gold,true
wec-2015-r3-le-mans-13,wec-2015-r3-le-mans,daniel-abt,3,gold,true
wec-2015-r3-le-mans-29,wec-2015-r3-le-mans,leo-roussel,1,silver,true
wec-2015-r3-le-mans-29,wec-2015-r3-le-mans,ho-pin-tung,2,gold,true
wec-2015-r3-le-mans-29,wec-2015-r3-le-mans,david-cheng,3,silver,true
wec-2015-r3-le-mans-72,wec-2015-r3-le-mans,victor-shaytar,1,silver,true
wec-2015-r3-le-mans-72,wec-2015-r3-le-mans,andrea-bertolini,2,platinum,true
wec-2015-r3-le-mans-72,wec-2015-r3-le-mans,aleksey-basov,3,bronze,true
wec-2015-r3-le-mans-71,wec-2015-r3-le-mans,davide-rigon,1,platinum,true
wec-2015-r3-le-mans-71,wec-2015-r3-le-mans,james-calado,2,platinum,true
wec-2015-r3-le-mans-71,wec-2015-r3-le-mans,olivier-beretta,3,platinum,true
wec-2015-r3-le-mans-77,wec-2015-r3-le-mans,patrick-dempsey,1,bronze,true
wec-2015-r3-le-mans-77,wec-2015-r3-le-mans,patrick-long,2,platinum,true
wec-2015-r3-le-mans-77,wec-2015-r3-le-mans,marco-seefried,3,silver,true
wec-2015-r3-le-mans-12,wec-2015-r3-le-mans,nicolas-prost,1,platinum,true
wec-2015-r3-le-mans-12,wec-2015-r3-le-mans,nick-heidfeld,2,platinum,true
wec-2015-r3-le-mans-12,wec-2015-r3-le-mans,mathias-beche,3,platinum,true
wec-2015-r3-le-mans-62,wec-2015-r3-le-mans,william-sweedler,1,bronze,true
wec-2015-r3-le-mans-62,wec-2015-r3-le-mans,townsend-bell,2,gold,true
wec-2015-r3-le-mans-62,wec-2015-r3-le-mans,jeffrey-segal,3,silver,true
wec-2015-r3-le-mans-51,wec-2015-r3-le-mans,gianmaria-bruni,1,platinum,true
wec-2015-r3-le-mans-51,wec-2015-r3-le-mans,toni-vilander,2,platinum,true
wec-2015-r3-le-mans-51,wec-2015-r3-le-mans,giancarlo-fisichella,3,platinum,true
wec-2015-r3-le-mans-83,wec-2015-r3-le-mans,francois-perrodo,1,bronze,true
wec-2015-r3-le-mans-83,wec-2015-r3-le-mans,emmanuel-collard,2,platinum,true
wec-2015-r3-le-mans-83,wec-2015-r3-le-mans,rui-aguas,3,silver,true
wec-2015-r3-le-mans-95,wec-2015-r3-le-mans,marco-sorensen,1,gold,true
wec-2015-r3-le-mans-95,wec-2015-r3-le-mans,nicki-thiim,2,gold,true
wec-2015-r3-le-mans-95,wec-2015-r3-le-mans,christoffer-nygaard,3,gold,true
wec-2015-r3-le-mans-30,wec-2015-r3-le-mans,scott-sharp,1,platinum,true
wec-2015-r3-le-mans-30,wec-2015-r3-le-mans,ryan-dalziel,2,platinum,true
wec-2015-r3-le-mans-30,wec-2015-r3-le-mans,david-heinemeier-hansson,3,silver,true
wec-2015-r3-le-mans-35,wec-2015-r3-le-mans,jacques-nicolet,1,bronze,true
wec-2015-r3-le-mans-35,wec-2015-r3-le-mans,jean-marc-merlin,2,bronze,true
wec-2015-r3-le-mans-35,wec-2015-r3-le-mans,erik-maris,3,bronze,true
wec-2015-r3-le-mans-91,wec-2015-r3-le-mans,richard-lietz,1,platinum,true
wec-2015-r3-le-mans-91,wec-2015-r3-le-mans,michael-christensen,2,platinum,true
wec-2015-r3-le-mans-91,wec-2015-r3-le-mans,jorg-bergmeister,3,platinum,true
wec-2015-r3-le-mans-61,wec-2015-r3-le-mans,peter-mann,1,bronze,true
wec-2015-r3-le-mans-61,wec-2015-r3-le-mans,raffaele-giammaria,2,gold,true
wec-2015-r3-le-mans-61,wec-2015-r3-le-mans,matteo-cressoni,3,silver,true
wec-2015-r3-le-mans-40,wec-2015-r3-le-mans,tracy-krohn,1,bronze,true
wec-2015-r3-le-mans-40,wec-2015-r3-le-mans,nick-jonsson,2,gold,true
wec-2015-r3-le-mans-40,wec-2015-r3-le-mans,joao-barbosa,3,gold,true
wec-2015-r3-le-mans-37,wec-2015-r3-le-mans,mikhail-aleshin,1,platinum,true
wec-2015-r3-le-mans-37,wec-2015-r3-le-mans,kirill-ladygin,2,gold,true
wec-2015-r3-le-mans-37,wec-2015-r3-le-mans,anton-ladygin,3,silver,true
wec-2015-r3-le-mans-99,wec-2015-r3-le-mans,fernando-rees,1,gold,true
wec-2015-r3-le-mans-99,wec-2015-r3-le-mans,alex-macdowall,2,silver,true
wec-2015-r3-le-mans-99,wec-2015-r3-le-mans,richie-stanaway,3,gold,true
wec-2015-r3-le-mans-68,wec-2015-r3-le-mans,han-chen-chen,1,bronze,true
wec-2015-r3-le-mans-68,wec-2015-r3-le-mans,gilles-vannelet,2,bronze,true
wec-2015-r3-le-mans-68,wec-2015-r3-le-mans,mike-parisy,3,gold,true
wec-2015-r3-le-mans-66,wec-2015-r3-le-mans,abdulaziz-al-faisal,1,silver,true
wec-2015-r3-le-mans-66,wec-2015-r3-le-mans,jakub-giermaziak,2,gold,true
wec-2015-r3-le-mans-66,wec-2015-r3-le-mans,michael-avenatti,3,bronze,true
wec-2015-r3-le-mans-67,wec-2015-r3-le-mans,jun-san-chen,1,bronze,true
wec-2015-r3-le-mans-67,wec-2015-r3-le-mans,alex-kapadia,2,silver,true
wec-2015-r3-le-mans-67,wec-2015-r3-le-mans,xavier-maassen,3,gold,true
wec-2015-r3-le-mans-98,wec-2015-r3-le-mans,paul-dalla-lana,1,bronze,true
wec-2015-r3-le-mans-98,wec-2015-r3-le-mans,pedro-lamy,2,platinum,true
wec-2015-r3-le-mans-98,wec-2015-r3-le-mans,mathias-lauda,3,silver,true
wec-2015-r3-le-mans-22,wec-2015-r3-le-mans,harry-tincknell,1,gold,true
wec-2015-r3-le-mans-22,wec-2015-r3-le-mans,michael-krumm,2,platinum,true
wec-2015-r3-le-mans-22,wec-2015-r3-le-mans,alex-buncombe,3,gold,true
wec-2015-r3-le-mans-34,wec-2015-r3-le-mans,christopher-cumming,1,bronze,true
wec-2015-r3-le-mans-34,wec-2015-r3-le-mans,laurens-vanthoor,2,platinum,true
wec-2015-r3-le-mans-34,wec-2015-r3-le-mans,kevin-estre,3,platinum,true
wec-2015-r3-le-mans-53,wec-2015-r3-le-mans,jeroen-bleekemolen,1,platinum,true
wec-2015-r3-le-mans-53,wec-2015-r3-le-mans,ben-keating,2,silver,true
wec-2015-r3-le-mans-53,wec-2015-r3-le-mans,marc-miller,3,bronze,true
wec-2015-r3-le-mans-42,wec-2015-r3-le-mans,nick-leventis,1,silver,true
wec-2015-r3-le-mans-42,wec-2015-r3-le-mans,danny-watts,2,platinum,true
wec-2015-r3-le-mans-42,wec-2015-r3-le-mans,jonny-kane,3,platinum,true
wec-2015-r3-le-mans-55,wec-2015-r3-le-mans,duncan-cameron,1,bronze,true
wec-2015-r3-le-mans-55,wec-2015-r3-le-mans,matt-griffin,2,gold,true
wec-2015-r3-le-mans-55,wec-2015-r3-le-mans,alexander-mortimer,3,silver,true
wec-2015-r3-le-mans-23,wec-2015-r3-le-mans,olivier-pla,1,platinum,true
wec-2015-r3-le-mans-23,wec-2015-r3-le-mans,jann-mardenborough,2,platinum,true
wec-2015-r3-le-mans-23,wec-2015-r3-le-mans,max-chilton,3,platinum,true
wec-2015-r3-le-mans-46,wec-2015-r3-le-mans,pierre-thiriet,1,silver,true
wec-2015-r3-le-mans-46,wec-2015-r3-le-mans,ludovic-badey,2,silver,true
wec-2015-r3-le-mans-46,wec-2015-r3-le-mans,tristan-gommendy,3,platinum,true
wec-2015-r3-le-mans-96,wec-2015-r3-le-mans,roald-goethe,1,bronze,true
wec-2015-r3-le-mans-96,wec-2015-r3-le-mans,stuart-hall,2,gold,true
wec-2015-r3-le-mans-96,wec-2015-r3-le-mans,francesco-castellacci,3,silver,true
wec-2015-r3-le-mans-43,wec-2015-r3-le-mans,pierre-ragues,1,silver,true
wec-2015-r3-le-mans-43,wec-2015-r3-le-mans,oliver-webb,2,gold,true
wec-2015-r3-le-mans-43,wec-2015-r3-le-mans,zoel-amberg,3,gold,true
wec-2015-r3-le-mans-21,wec-2015-r3-le-mans,tsugio-matsuda,1,platinum,true
wec-2015-r3-le-mans-21,wec-2015-r3-le-mans,mark-shulzhitskiy,2,silver,true
wec-2015-r3-le-mans-21,wec-2015-r3-le-mans,lucas-ordonez,3,gold,true
wec-2015-r3-le-mans-36,wec-2015-r3-le-mans,nelson-panciatici,1,platinum,true
wec-2015-r3-le-mans-36,wec-2015-r3-le-mans,paul-loup-chatin,2,gold,true
wec-2015-r3-le-mans-36,wec-2015-r3-le-mans,vincent-capillaire,3,silver,true
wec-2015-r3-le-mans-97,wec-2015-r3-le-mans,darren-turner,1,platinum,true
wec-2015-r3-le-mans-97,wec-2015-r3-le-mans,stefan-mucke,2,platinum,true
wec-2015-r3-le-mans-97,wec-2015-r3-le-mans,rob-bell,3,platinum,true
wec-2015-r3-le-mans-50,wec-2015-r3-le-mans,gianluca-roda,1,bronze,true
wec-2015-r3-le-mans-50,wec-2015-r3-le-mans,paolo-ruberti,2,gold,true
wec-2015-r3-le-mans-50,wec-2015-r3-le-mans,kristian-poulsen,3,silver,true
wec-2015-r3-le-mans-41,wec-2015-r3-le-mans,gary-hirsch,1,silver,true
wec-2015-r3-le-mans-41,wec-2015-r3-le-mans,gaetan-paletou,2,bronze,true
wec-2015-r3-le-mans-41,wec-2015-r3-le-mans,jon-lancaster,3,gold,true
wec-2015-r3-le-mans-88,wec-2015-r3-le-mans,christian-ried,1,bronze,true
wec-2015-r3-le-mans-88,wec-2015-r3-le-mans,khaled-al-qubaisi,2,bronze,true
wec-2015-r3-le-mans-88,wec-2015-r3-le-mans,klaus-bachler,3,gold,true
wec-2015-r3-le-mans-92,wec-2015-r3-le-mans,patrick-pilet,1,platinum,true
wec-2015-r3-le-mans-92,wec-2015-r3-le-mans,frederic-makowiecki,2,platinum,true
wec-2015-r3-le-mans-92,wec-2015-r3-le-mans,wolf-henzler,3,platinum,true
wec-2015-r3-le-mans-4,wec-2015-r3-le-mans,simon-trummer,1,gold,true
wec-2015-r3-le-mans-4,wec-2015-r3-le-mans,pierre-kaffer,2,gold,true
wec-2015-r3-le-mans-4,wec-2015-r3-le-mans,tiago-monteiro,3,platinum,true
wec-2015-r3-le-mans-63,wec-2015-r3-le-mans,jan-magnussen,1,platinum,true
wec-2015-r3-le-mans-63,wec-2015-r3-le-mans,antonio-garcia,2,platinum,true
wec-2015-r3-le-mans-63,wec-2015-r3-le-mans,ryan-briscoe,3,platinum,true
wec-2015-r4-nurburgring-17,wec-2015-r4-nurburgring,timo-bernhard,1,platinum,true
wec-2015-r4-nurburgring-17,wec-2015-r4-nurburgring,mark-webber,2,platinum,true
wec-2015-r4-nurburgring-17,wec-2015-r4-nurburgring,brendon-hartley,3,platinum,true
wec-2015-r4-nurburgring-18,wec-2015-r4-nurburgring,romain-dumas,1,platinum,true
wec-2015-r4-nurburgring-18,wec-2015-r4-nurburgring,neel-jani,2,platinum,true
wec-2015-r4-nurburgring-18,wec-2015-r4-nurburgring,marc-lieb,3,platinum,true
wec-2015-r4-nurburgring-7,wec-2015-r4-nurburgring,marcel-fassler,1,platinum,true
wec-2015-r4-nurburgring-7,wec-2015-r4-nurburgring,andre-lotterer,2,platinum,true
wec-2015-r4-nurburgring-7,wec-2015-r4-nurburgring,benoit-treluyer,3,platinum,true
wec-2015-r4-nurburgring-8,wec-2015-r4-nurburgring,lucas-di-grassi,1,platinum,true
wec-2015-r4-nurburgring-8,wec-2015-r4-nurburgring,loic-duval,2,platinum,true
wec-2015-r4-nurburgring-8,wec-2015-r4-nurburgring,oliver-jarvis,3,platinum,true
wec-2015-r4-nurburgring-1,wec-2015-r4-nurburgring,anthony-davidson,1,platinum,true
wec-2015-r4-nurburgring-1,wec-2015-r4-nurburgring,sebastien-buemi,2,platinum,true
wec-2015-r4-nurburgring-1,wec-2015-r4-nurburgring,kazuki-nakajima,3,platinum,true
wec-2015-r4-nurburgring-2,wec-2015-r4-nurburgring,alexander-wurz,1,platinum,true
wec-2015-r4-nurburgring-2,wec-2015-r4-nurburgring,stephane-sarrazin,2,platinum,true
wec-2015-r4-nurburgring-2,wec-2015-r4-nurburgring,mike-conway,3,platinum,true
wec-2015-r4-nurburgring-47,wec-2015-r4-nurburgring,matthew-howson,1,silver,true
wec-2015-r4-nurburgring-47,wec-2015-r4-nurburgring,richard-bradley,2,gold,true
wec-2015-r4-nurburgring-47,wec-2015-r4-nurburgring,nick-tandy,3,platinum,true
wec-2015-r4-nurburgring-26,wec-2015-r4-nurburgring,roman-rusinov,1,gold,true
wec-2015-r4-nurburgring-26,wec-2015-r4-nurburgring,julien-canal,2,silver,true
wec-2015-r4-nurburgring-26,wec-2015-r4-nurburgring,sam-bird,3,platinum,true
wec-2015-r4-nurburgring-28,wec-2015-r4-nurburgring,gustavo-yacaman,1,gold,true
wec-2015-r4-nurburgring-28,wec-2015-r4-nurburgring,luis-felipe-derani,2,gold,true
wec-2015-r4-nurburgring-28,wec-2015-r4-nurburgring,ricardo-gonzalez,3,silver,true
wec-2015-r4-nurburgring-43,wec-2015-r4-nurburgring,pierre-ragues,1,silver,true
wec-2015-r4-nurburgring-43,wec-2015-r4-nurburgring,oliver-webb,2,gold,true
wec-2015-r4-nurburgring-43,wec-2015-r4-nurburgring,archie-hamilton,3,silver,true
wec-2015-r4-nurburgring-36,wec-2015-r4-nurburgring,nelson-panciatici,1,platinum,true
wec-2015-r4-nurburgring-36,wec-2015-r4-nurburgring,paul-loup-chatin,2,gold,true
wec-2015-r4-nurburgring-36,wec-2015-r4-nurburgring,vincent-capillaire,3,silver,true
wec-2015-r4-nurburgring-30,wec-2015-r4-nurburgring,scott-sharp,1,platinum,true
wec-2015-r4-nurburgring-30,wec-2015-r4-nurburgring,ryan-dalziel,2,platinum,true
wec-2015-r4-nurburgring-30,wec-2015-r4-nurburgring,david-heinemeier-hansson,3,silver,true
wec-2015-r4-nurburgring-42,wec-2015-r4-nurburgring,nick-leventis,1,silver,true
wec-2015-r4-nurburgring-42,wec-2015-r4-nurburgring,danny-watts,2,platinum,true
wec-2015-r4-nurburgring-42,wec-2015-r4-nurburgring,jonny-kane,3,platinum,true
wec-2015-r4-nurburgring-31,wec-2015-r4-nurburgring,ed-brown,1,silver,true
wec-2015-r4-nurburgring-31,wec-2015-r4-nurburgring,johannes-van-overbeek,2,gold,true
wec-2015-r4-nurburgring-31,wec-2015-r4-nurburgring,jonathon-fogarty,3,gold,true
wec-2015-r4-nurburgring-91,wec-2015-r4-nurburgring,richard-lietz,1,platinum,true
wec-2015-r4-nurburgring-91,wec-2015-r4-nurburgring,michael-christensen,2,platinum,true
wec-2015-r4-nurburgring-92,wec-2015-r4-nurburgring,patrick-pilet,1,platinum,true
wec-2015-r4-nurburgring-92,wec-2015-r4-nurburgring,frederic-makowiecki,2,platinum,true
wec-2015-r4-nurburgring-71,wec-2015-r4-nurburgring,davide-rigon,1,platinum,true
wec-2015-r4-nurburgring-71,wec-2015-r4-nurburgring,james-calado,2,platinum,true
wec-2015-r4-nurburgring-4,wec-2015-r4-nurburgring,simon-trummer,1,gold,true
wec-2015-r4-nurburgring-4,wec-2015-r4-nurburgring,pierre-kaffer,2,gold,true
wec-2015-r4-nurburgring-95,wec-2015-r4-nurburgring,christoffer-nygaard,1,gold,true
wec-2015-r4-nurburgring-95,wec-2015-r4-nurburgring,marco-sorensen,2,gold,true
wec-2015-r4-nurburgring-99,wec-2015-r4-nurburgring,alex-macdowall,1,silver,true
wec-2015-r4-nurburgring-99,wec-2015-r4-nurburgring,fernando-rees,2,gold,true
wec-2015-r4-nurburgring-99,wec-2015-r4-nurburgring,richie-stanaway,3,gold,true
wec-2015-r4-nurburgring-97,wec-2015-r4-nurburgring,darren-turner,1,platinum,true
wec-2015-r4-nurburgring-97,wec-2015-r4-nurburgring,stefan-mucke,2,platinum,true
wec-2015-r4-nurburgring-97,wec-2015-r4-nurburgring,jonathan-adam,3,gold,true
wec-2015-r4-nurburgring-12,wec-2015-r4-nurburgring,nicolas-prost,1,platinum,true
wec-2015-r4-nurburgring-12,wec-2015-r4-nurburgring,mathias-beche,2,platinum,true
wec-2015-r4-nurburgring-12,wec-2015-r4-nurburgring,nick-heidfeld,3,platinum,true
wec-2015-r4-nurburgring-72,wec-2015-r4-nurburgring,victor-shaytar,1,silver,true
wec-2015-r4-nurburgring-72,wec-2015-r4-nurburgring,andrea-bertolini,2,platinum,true
wec-2015-r4-nurburgring-72,wec-2015-r4-nurburgring,aleksey-basov,3,bronze,true
wec-2015-r4-nurburgring-98,wec-2015-r4-nurburgring,paul-dalla-lana,1,bronze,true
wec-2015-r4-nurburgring-98,wec-2015-r4-nurburgring,pedro-lamy,2,platinum,true
wec-2015-r4-nurburgring-98,wec-2015-r4-nurburgring,mathias-lauda,3,silver,true
wec-2015-r4-nurburgring-83,wec-2015-r4-nurburgring,francois-perrodo,1,bronze,true
wec-2015-r4-nurburgring-83,wec-2015-r4-nurburgring,emmanuel-collard,2,platinum,true
wec-2015-r4-nurburgring-83,wec-2015-r4-nurburgring,rui-aguas,3,silver,true
wec-2015-r4-nurburgring-77,wec-2015-r4-nurburgring,patrick-dempsey,1,bronze,true
wec-2015-r4-nurburgring-77,wec-2015-r4-nurburgring,patrick-long,2,platinum,true
wec-2015-r4-nurburgring-77,wec-2015-r4-nurburgring,marco-seefried,3,silver,true
wec-2015-r4-nurburgring-50,wec-2015-r4-nurburgring,gianluca-roda,1,bronze,true
wec-2015-r4-nurburgring-50,wec-2015-r4-nurburgring,paolo-ruberti,2,gold,true
wec-2015-r4-nurburgring-50,wec-2015-r4-nurburgring,kristian-poulsen,3,silver,true
wec-2015-r4-nurburgring-88,wec-2015-r4-nurburgring,christian-ried,1,bronze,true
wec-2015-r4-nurburgring-88,wec-2015-r4-nurburgring,khaled-al-qubaisi,2,bronze,true
wec-2015-r4-nurburgring-88,wec-2015-r4-nurburgring,earl-bamber,3,gold,true
wec-2015-r4-nurburgring-96,wec-2015-r4-nurburgring,francesco-castellacci,1,silver,true
wec-2015-r4-nurburgring-96,wec-2015-r4-nurburgring,roald-goethe,2,bronze,true
wec-2015-r4-nurburgring-96,wec-2015-r4-nurburgring,stuart-hall,3,gold,true
wec-2015-r4-nurburgring-51,wec-2015-r4-nurburgring,gianmaria-bruni,1,platinum,true
wec-2015-r4-nurburgring-51,wec-2015-r4-nurburgring,toni-vilander,2,platinum,true
wec-2015-r4-nurburgring-13,wec-2015-r4-nurburgring,alexandre-imperatori,1,gold,true
wec-2015-r4-nurburgring-13,wec-2015-r4-nurburgring,dominik-kraihamer,2,gold,true
wec-2015-r4-nurburgring-13,wec-2015-r4-nurburgring,daniel-abt,3,gold,true
wec-2015-r5-cota-17,wec-2015-r5-cota,timo-bernhard,1,platinum,true
wec-2015-r5-cota-17,wec-2015-r5-cota,mark-webber,2,platinum,true
wec-2015-r5-cota-17,wec-2015-r5-cota,brendon-hartley,3,platinum,true
wec-2015-r5-cota-7,wec-2015-r5-cota,marcel-fassler,1,platinum,true
wec-2015-r5-cota-7,wec-2015-r5-cota,andre-lotterer,2,platinum,true
wec-2015-r5-cota-7,wec-2015-r5-cota,benoit-treluyer,3,platinum,true
wec-2015-r5-cota-8,wec-2015-r5-cota,lucas-di-grassi,1,platinum,true
wec-2015-r5-cota-8,wec-2015-r5-cota,loic-duval,2,platinum,true
wec-2015-r5-cota-8,wec-2015-r5-cota,oliver-jarvis,3,platinum,true
wec-2015-r5-cota-1,wec-2015-r5-cota,anthony-davidson,1,platinum,true
wec-2015-r5-cota-1,wec-2015-r5-cota,sebastien-buemi,2,platinum,true
wec-2015-r5-cota-1,wec-2015-r5-cota,kazuki-nakajima,3,platinum,true
wec-2015-r5-cota-26,wec-2015-r5-cota,roman-rusinov,1,gold,true
wec-2015-r5-cota-26,wec-2015-r5-cota,julien-canal,2,silver,true
wec-2015-r5-cota-26,wec-2015-r5-cota,sam-bird,3,platinum,true
wec-2015-r5-cota-47,wec-2015-r5-cota,matthew-howson,1,silver,true
wec-2015-r5-cota-47,wec-2015-r5-cota,richard-bradley,2,gold,true
wec-2015-r5-cota-47,wec-2015-r5-cota,nicolas-lapierre,3,platinum,true
wec-2015-r5-cota-28,wec-2015-r5-cota,gustavo-yacaman,1,gold,true
wec-2015-r5-cota-28,wec-2015-r5-cota,luis-felipe-derani,2,gold,true
wec-2015-r5-cota-28,wec-2015-r5-cota,ricardo-gonzalez,3,silver,true
wec-2015-r5-cota-4,wec-2015-r5-cota,simon-trummer,1,gold,true
wec-2015-r5-cota-4,wec-2015-r5-cota,pierre-kaffer,2,gold,true
wec-2015-r5-cota-30,wec-2015-r5-cota,scott-sharp,1,platinum,true
wec-2015-r5-cota-30,wec-2015-r5-cota,ryan-dalziel,2,platinum,true
wec-2015-r5-cota-30,wec-2015-r5-cota,david-heinemeier-hansson,3,silver,true
wec-2015-r5-cota-43,wec-2015-r5-cota,pierre-ragues,1,silver,true
wec-2015-r5-cota-43,wec-2015-r5-cota,oliver-webb,2,gold,true
wec-2015-r5-cota-43,wec-2015-r5-cota,archie-hamilton,3,silver,true
wec-2015-r5-cota-36,wec-2015-r5-cota,nelson-panciatici,1,platinum,true
wec-2015-r5-cota-36,wec-2015-r5-cota,paul-loup-chatin,2,gold,true
wec-2015-r5-cota-36,wec-2015-r5-cota,vincent-capillaire,3,silver,true
wec-2015-r5-cota-18,wec-2015-r5-cota,romain-dumas,1,platinum,true
wec-2015-r5-cota-18,wec-2015-r5-cota,neel-jani,2,platinum,true
wec-2015-r5-cota-18,wec-2015-r5-cota,marc-lieb,3,platinum,true
wec-2015-r5-cota-42,wec-2015-r5-cota,nick-leventis,1,silver,true
wec-2015-r5-cota-42,wec-2015-r5-cota,danny-watts,2,platinum,true
wec-2015-r5-cota-42,wec-2015-r5-cota,jonny-kane,3,platinum,true
wec-2015-r5-cota-91,wec-2015-r5-cota,richard-lietz,1,platinum,true
wec-2015-r5-cota-91,wec-2015-r5-cota,michael-christensen,2,platinum,true
wec-2015-r5-cota-92,wec-2015-r5-cota,patrick-pilet,1,platinum,true
wec-2015-r5-cota-92,wec-2015-r5-cota,frederic-makowiecki,2,platinum,true
wec-2015-r5-cota-71,wec-2015-r5-cota,davide-rigon,1,platinum,true
wec-2015-r5-cota-71,wec-2015-r5-cota,james-calado,2,platinum,true
wec-2015-r5-cota-99,wec-2015-r5-cota,alex-macdowall,1,silver,true
wec-2015-r5-cota-99,wec-2015-r5-cota,fernando-rees,2,gold,true
wec-2015-r5-cota-99,wec-2015-r5-cota,richie-stanaway,3,gold,true
wec-2015-r5-cota-95,wec-2015-r5-cota,christoffer-nygaard,1,gold,true
wec-2015-r5-cota-95,wec-2015-r5-cota,marco-sorensen,2,gold,true
wec-2015-r5-cota-97,wec-2015-r5-cota,darren-turner,1,platinum,true
wec-2015-r5-cota-97,wec-2015-r5-cota,jonathan-adam,2,gold,true
wec-2015-r5-cota-51,wec-2015-r5-cota,gianmaria-bruni,1,platinum,true
wec-2015-r5-cota-51,wec-2015-r5-cota,toni-vilander,2,platinum,true
wec-2015-r5-cota-72,wec-2015-r5-cota,victor-shaytar,1,silver,true
wec-2015-r5-cota-72,wec-2015-r5-cota,andrea-bertolini,2,platinum,true
wec-2015-r5-cota-72,wec-2015-r5-cota,aleksey-basov,3,bronze,true
wec-2015-r5-cota-88,wec-2015-r5-cota,christian-ried,1,bronze,true
wec-2015-r5-cota-88,wec-2015-r5-cota,khaled-al-qubaisi,2,bronze,true
wec-2015-r5-cota-88,wec-2015-r5-cota,earl-bamber,3,gold,true
wec-2015-r5-cota-83,wec-2015-r5-cota,francois-perrodo,1,bronze,true
wec-2015-r5-cota-83,wec-2015-r5-cota,emmanuel-collard,2,platinum,true
wec-2015-r5-cota-83,wec-2015-r5-cota,rui-aguas,3,silver,true
wec-2015-r5-cota-77,wec-2015-r5-cota,patrick-dempsey,1,bronze,true
wec-2015-r5-cota-77,wec-2015-r5-cota,patrick-long,2,platinum,true
wec-2015-r5-cota-77,wec-2015-r5-cota,marco-seefried,3,silver,true
wec-2015-r5-cota-98,wec-2015-r5-cota,paul-dalla-lana,1,bronze,true
wec-2015-r5-cota-98,wec-2015-r5-cota,pedro-lamy,2,platinum,true
wec-2015-r5-cota-98,wec-2015-r5-cota,mathias-lauda,3,silver,true
wec-2015-r5-cota-96,wec-2015-r5-cota,francesco-castellacci,1,silver,true
wec-2015-r5-cota-96,wec-2015-r5-cota,benny-simonsen,2,bronze,true
wec-2015-r5-cota-96,wec-2015-r5-cota,stuart-hall,3,gold,true
wec-2015-r5-cota-50,wec-2015-r5-cota,gianluca-roda,1,bronze,true
wec-2015-r5-cota-50,wec-2015-r5-cota,paolo-ruberti,2,gold,true
wec-2015-r5-cota-50,wec-2015-r5-cota,kristian-poulsen,3,silver,true
wec-2015-r5-cota-13,wec-2015-r5-cota,alexandre-imperatori,1,gold,true
wec-2015-r5-cota-13,wec-2015-r5-cota,dominik-kraihamer,2,gold,true
wec-2015-r5-cota-13,wec-2015-r5-cota,daniel-abt,3,gold,true
wec-2015-r5-cota-12,wec-2015-r5-cota,nicolas-prost,1,platinum,true
wec-2015-r5-cota-12,wec-2015-r5-cota,mathias-beche,2,platinum,true
wec-2015-r5-cota-12,wec-2015-r5-cota,nick-heidfeld,3,platinum,true
wec-2015-r5-cota-2,wec-2015-r5-cota,alexander-wurz,1,platinum,true
wec-2015-r5-cota-2,wec-2015-r5-cota,stephane-sarrazin,2,platinum,true
wec-2015-r5-cota-2,wec-2015-r5-cota,mike-conway,3,platinum,true
wec-2015-r5-cota-31,wec-2015-r5-cota,ed-brown,1,silver,true
wec-2015-r5-cota-31,wec-2015-r5-cota,johannes-van-overbeek,2,gold,true
wec-2015-r5-cota-31,wec-2015-r5-cota,jonathon-fogarty,3,gold,true
wec-2015-r6-fuji-17,wec-2015-r6-fuji,timo-bernhard,1,platinum,true
wec-2015-r6-fuji-17,wec-2015-r6-fuji,mark-webber,2,platinum,true
wec-2015-r6-fuji-17,wec-2015-r6-fuji,brendon-hartley,3,platinum,true
wec-2015-r6-fuji-18,wec-2015-r6-fuji,romain-dumas,1,platinum,true
wec-2015-r6-fuji-18,wec-2015-r6-fuji,neel-jani,2,platinum,true
wec-2015-r6-fuji-18,wec-2015-r6-fuji,marc-lieb,3,platinum,true
wec-2015-r6-fuji-7,wec-2015-r6-fuji,marcel-fassler,1,platinum,true
wec-2015-r6-fuji-7,wec-2015-r6-fuji,andre-lotterer,2,platinum,true
wec-2015-r6-fuji-7,wec-2015-r6-fuji,benoit-treluyer,3,platinum,true
wec-2015-r6-fuji-8,wec-2015-r6-fuji,lucas-di-grassi,1,platinum,true
wec-2015-r6-fuji-8,wec-2015-r6-fuji,loic-duval,2,platinum,true
wec-2015-r6-fuji-8,wec-2015-r6-fuji,oliver-jarvis,3,platinum,true
wec-2015-r6-fuji-1,wec-2015-r6-fuji,anthony-davidson,1,platinum,true
wec-2015-r6-fuji-1,wec-2015-r6-fuji,sebastien-buemi,2,platinum,true
wec-2015-r6-fuji-1,wec-2015-r6-fuji,kazuki-nakajima,3,platinum,true
wec-2015-r6-fuji-2,wec-2015-r6-fuji,alexander-wurz,1,platinum,true
wec-2015-r6-fuji-2,wec-2015-r6-fuji,stephane-sarrazin,2,platinum,true
wec-2015-r6-fuji-2,wec-2015-r6-fuji,mike-conway,3,platinum,true
wec-2015-r6-fuji-12,wec-2015-r6-fuji,nicolas-prost,1,platinum,true
wec-2015-r6-fuji-12,wec-2015-r6-fuji,mathias-beche,2,platinum,true
wec-2015-r6-fuji-4,wec-2015-r6-fuji,simon-trummer,1,gold,true
wec-2015-r6-fuji-4,wec-2015-r6-fuji,pierre-kaffer,2,gold,true
wec-2015-r6-fuji-26,wec-2015-r6-fuji,roman-rusinov,1,gold,true
wec-2015-r6-fuji-26,wec-2015-r6-fuji,julien-canal,2,silver,true
wec-2015-r6-fuji-26,wec-2015-r6-fuji,sam-bird,3,platinum,true
wec-2015-r6-fuji-36,wec-2015-r6-fuji,nelson-panciatici,1,platinum,true
wec-2015-r6-fuji-36,wec-2015-r6-fuji,paul-loup-chatin,2,gold,true
wec-2015-r6-fuji-36,wec-2015-r6-fuji,vincent-capillaire,3,silver,true
wec-2015-r6-fuji-28,wec-2015-r6-fuji,gustavo-yacaman,1,gold,true
wec-2015-r6-fuji-28,wec-2015-r6-fuji,luis-felipe-derani,2,gold,true
wec-2015-r6-fuji-28,wec-2015-r6-fuji,ricardo-gonzalez,3,silver,true
wec-2015-r6-fuji-30,wec-2015-r6-fuji,scott-sharp,1,platinum,true
wec-2015-r6-fuji-30,wec-2015-r6-fuji,ryan-dalziel,2,platinum,true
wec-2015-r6-fuji-30,wec-2015-r6-fuji,david-heinemeier-hansson,3,silver,true
wec-2015-r6-fuji-51,wec-2015-r6-fuji,gianmaria-bruni,1,platinum,true
wec-2015-r6-fuji-51,wec-2015-r6-fuji,toni-vilander,2,platinum,true
wec-2015-r6-fuji-43,wec-2015-r6-fuji,pierre-ragues,1,silver,true
wec-2015-r6-fuji-43,wec-2015-r6-fuji,oliver-webb,2,gold,true
wec-2015-r6-fuji-43,wec-2015-r6-fuji,christopher-cumming,3,bronze,true
wec-2015-r6-fuji-92,wec-2015-r6-fuji,patrick-pilet,1,platinum,true
wec-2015-r6-fuji-92,wec-2015-r6-fuji,frederic-makowiecki,2,platinum,true
wec-2015-r6-fuji-71,wec-2015-r6-fuji,davide-rigon,1,platinum,true
wec-2015-r6-fuji-71,wec-2015-r6-fuji,james-calado,2,platinum,true
wec-2015-r6-fuji-91,wec-2015-r6-fuji,richard-lietz,1,platinum,true
wec-2015-r6-fuji-91,wec-2015-r6-fuji,michael-christensen,2,platinum,true
wec-2015-r6-fuji-42,wec-2015-r6-fuji,nick-leventis,1,silver,true
wec-2015-r6-fuji-42,wec-2015-r6-fuji,danny-watts,2,platinum,true
wec-2015-r6-fuji-42,wec-2015-r6-fuji,jonny-kane,3,platinum,true
wec-2015-r6-fuji-95,wec-2015-r6-fuji,christoffer-nygaard,1,gold,true
wec-2015-r6-fuji-95,wec-2015-r6-fuji,marco-sorensen,2,gold,true
wec-2015-r6-fuji-97,wec-2015-r6-fuji,darren-turner,1,platinum,true
wec-2015-r6-fuji-97,wec-2015-r6-fuji,jonathan-adam,2,gold,true
wec-2015-r6-fuji-99,wec-2015-r6-fuji,alex-macdowall,1,silver,true
wec-2015-r6-fuji-99,wec-2015-r6-fuji,fernando-rees,2,gold,true
wec-2015-r6-fuji-99,wec-2015-r6-fuji,stefan-mucke,3,platinum,true
wec-2015-r6-fuji-77,wec-2015-r6-fuji,patrick-dempsey,1,bronze,true
wec-2015-r6-fuji-77,wec-2015-r6-fuji,patrick-long,2,platinum,true
wec-2015-r6-fuji-77,wec-2015-r6-fuji,marco-seefried,3,silver,true
wec-2015-r6-fuji-98,wec-2015-r6-fuji,paul-dalla-lana,1,bronze,true
wec-2015-r6-fuji-98,wec-2015-r6-fuji,pedro-lamy,2,platinum,true
wec-2015-r6-fuji-98,wec-2015-r6-fuji,mathias-lauda,3,silver,true
wec-2015-r6-fuji-83,wec-2015-r6-fuji,francois-perrodo,1,bronze,true
wec-2015-r6-fuji-83,wec-2015-r6-fuji,emmanuel-collard,2,platinum,true
wec-2015-r6-fuji-83,wec-2015-r6-fuji,rui-aguas,3,silver,true
wec-2015-r6-fuji-31,wec-2015-r6-fuji,ed-brown,1,silver,true
wec-2015-r6-fuji-31,wec-2015-r6-fuji,johannes-van-overbeek,2,gold,true
wec-2015-r6-fuji-31,wec-2015-r6-fuji,jonathon-fogarty,3,gold,true
wec-2015-r6-fuji-50,wec-2015-r6-fuji,gianluca-roda,1,bronze,true
wec-2015-r6-fuji-50,wec-2015-r6-fuji,paolo-ruberti,2,gold,true
wec-2015-r6-fuji-50,wec-2015-r6-fuji,nicolai-sylvest,3,silver,true
wec-2015-r6-fuji-88,wec-2015-r6-fuji,christian-ried,1,bronze,true
wec-2015-r6-fuji-88,wec-2015-r6-fuji,khaled-al-qubaisi,2,bronze,true
wec-2015-r6-fuji-88,wec-2015-r6-fuji,earl-bamber,3,gold,true
wec-2015-r6-fuji-72,wec-2015-r6-fuji,victor-shaytar,1,silver,true
wec-2015-r6-fuji-72,wec-2015-r6-fuji,andrea-bertolini,2,platinum,true
wec-2015-r6-fuji-72,wec-2015-r6-fuji,aleksey-basov,3,bronze,true
wec-2015-r6-fuji-96,wec-2015-r6-fuji,francesco-castellacci,1,silver,true
wec-2015-r6-fuji-96,wec-2015-r6-fuji,liam-griffin,2,bronze,true
wec-2015-r6-fuji-96,wec-2015-r6-fuji,stuart-hall,3,gold,true
wec-2015-r6-fuji-13,wec-2015-r6-fuji,alexandre-imperatori,1,gold,true
wec-2015-r6-fuji-13,wec-2015-r6-fuji,dominik-kraihamer,2,gold,true
wec-2015-r6-fuji-13,wec-2015-r6-fuji,daniel-abt,3,gold,true
wec-2015-r6-fuji-47,wec-2015-r6-fuji,matthew-howson,1,silver,true
wec-2015-r6-fuji-47,wec-2015-r6-fuji,richard-bradley,2,gold,true
wec-2015-r6-fuji-47,wec-2015-r6-fuji,nick-tandy,3,platinum,true
wec-2015-r7-shanghai-17,wec-2015-r7-shanghai,timo-bernhard,1,platinum,true
wec-2015-r7-shanghai-17,wec-2015-r7-shanghai,mark-webber,2,platinum,true
wec-2015-r7-shanghai-17,wec-2015-r7-shanghai,brendon-hartley,3,platinum,true
wec-2015-r7-shanghai-18,wec-2015-r7-shanghai,romain-dumas,1,platinum,true
wec-2015-r7-shanghai-18,wec-2015-r7-shanghai,neel-jani,2,platinum,true
wec-2015-r7-shanghai-18,wec-2015-r7-shanghai,marc-lieb,3,platinum,true
wec-2015-r7-shanghai-7,wec-2015-r7-shanghai,marcel-fassler,1,platinum,true
wec-2015-r7-shanghai-7,wec-2015-r7-shanghai,andre-lotterer,2,platinum,true
wec-2015-r7-shanghai-7,wec-2015-r7-shanghai,benoit-treluyer,3,platinum,true
wec-2015-r7-shanghai-8,wec-2015-r7-shanghai,lucas-di-grassi,1,platinum,true
wec-2015-r7-shanghai-8,wec-2015-r7-shanghai,loic-duval,2,platinum,true
wec-2015-r7-shanghai-8,wec-2015-r7-shanghai,oliver-jarvis,3,platinum,true
wec-2015-r7-shanghai-2,wec-2015-r7-shanghai,alexander-wurz,1,platinum,true
wec-2015-r7-shanghai-2,wec-2015-r7-shanghai,stephane-sarrazin,2,platinum,true
wec-2015-r7-shanghai-2,wec-2015-r7-shanghai,mike-conway,3,platinum,true
wec-2015-r7-shanghai-1,wec-2015-r7-shanghai,anthony-davidson,1,platinum,true
wec-2015-r7-shanghai-1,wec-2015-r7-shanghai,sebastien-buemi,2,platinum,true
wec-2015-r7-shanghai-1,wec-2015-r7-shanghai,kazuki-nakajima,3,platinum,true
wec-2015-r7-shanghai-12,wec-2015-r7-shanghai,nicolas-prost,1,platinum,true
wec-2015-r7-shanghai-12,wec-2015-r7-shanghai,mathias-beche,2,platinum,true
wec-2015-r7-shanghai-4,wec-2015-r7-shanghai,simon-trummer,1,gold,true
wec-2015-r7-shanghai-4,wec-2015-r7-shanghai,pierre-kaffer,2,gold,true
wec-2015-r7-shanghai-36,wec-2015-r7-shanghai,nelson-panciatici,1,platinum,true
wec-2015-r7-shanghai-36,wec-2015-r7-shanghai,paul-loup-chatin,2,gold,true
wec-2015-r7-shanghai-36,wec-2015-r7-shanghai,tom-dillmann,3,silver,true
wec-2015-r7-shanghai-26,wec-2015-r7-shanghai,roman-rusinov,1,gold,true
wec-2015-r7-shanghai-26,wec-2015-r7-shanghai,julien-canal,2,silver,true
wec-2015-r7-shanghai-26,wec-2015-r7-shanghai,sam-bird,3,platinum,true
wec-2015-r7-shanghai-47,wec-2015-r7-shanghai,matthew-howson,1,silver,true
wec-2015-r7-shanghai-47,wec-2015-r7-shanghai,richard-bradley,2,gold,true
wec-2015-r7-shanghai-47,wec-2015-r7-shanghai,nick-tandy,3,platinum,true
wec-2015-r7-shanghai-43,wec-2015-r7-shanghai,pierre-ragues,1,silver,true
wec-2015-r7-shanghai-43,wec-2015-r7-shanghai,oliver-webb,2,gold,true
wec-2015-r7-shanghai-43,wec-2015-r7-shanghai,christopher-cumming,3,bronze,true
wec-2015-r7-shanghai-29,wec-2015-r7-shanghai,david-cheng,1,silver,true
wec-2015-r7-shanghai-29,wec-2015-r7-shanghai,ho-pin-tung,2,gold,true
wec-2015-r7-shanghai-29,wec-2015-r7-shanghai,alex-brundle,3,gold,true
wec-2015-r7-shanghai-91,wec-2015-r7-shanghai,richard-lietz,1,platinum,true
wec-2015-r7-shanghai-91,wec-2015-r7-shanghai,michael-christensen,2,platinum,true
wec-2015-r7-shanghai-51,wec-2015-r7-shanghai,gianmaria-bruni,1,platinum,true
wec-2015-r7-shanghai-51,wec-2015-r7-shanghai,toni-vilander,2,platinum,true
wec-2015-r7-shanghai-92,wec-2015-r7-shanghai,patrick-pilet,1,platinum,true
wec-2015-r7-shanghai-92,wec-2015-r7-shanghai,frederic-makowiecki,2,platinum,true
wec-2015-r7-shanghai-71,wec-2015-r7-shanghai,davide-rigon,1,platinum,true
wec-2015-r7-shanghai-71,wec-2015-r7-shanghai,james-calado,2,platinum,true
wec-2015-r7-shanghai-99,wec-2015-r7-shanghai,alex-macdowall,1,silver,true
wec-2015-r7-shanghai-99,wec-2015-r7-shanghai,fernando-rees,2,gold,true
wec-2015-r7-shanghai-99,wec-2015-r7-shanghai,richie-stanaway,3,gold,true
wec-2015-r7-shanghai-97,wec-2015-r7-shanghai,darren-turner,1,platinum,true
wec-2015-r7-shanghai-97,wec-2015-r7-shanghai,jonathan-adam,2,gold,true
wec-2015-r7-shanghai-31,wec-2015-r7-shanghai,ed-brown,1,silver,true
wec-2015-r7-shanghai-31,wec-2015-r7-shanghai,johannes-van-overbeek,2,gold,true
wec-2015-r7-shanghai-31,wec-2015-r7-shanghai,jonathon-fogarty,3,gold,true
wec-2015-r7-shanghai-83,wec-2015-r7-shanghai,francois-perrodo,1,bronze,true
wec-2015-r7-shanghai-83,wec-2015-r7-shanghai,emmanuel-collard,2,platinum,true
wec-2015-r7-shanghai-83,wec-2015-r7-shanghai,rui-aguas,3,silver,true
wec-2015-r7-shanghai-98,wec-2015-r7-shanghai,paul-dalla-lana,1,bronze,true
wec-2015-r7-shanghai-98,wec-2015-r7-shanghai,pedro-lamy,2,platinum,true
wec-2015-r7-shanghai-98,wec-2015-r7-shanghai,mathias-lauda,3,silver,true
wec-2015-r7-shanghai-72,wec-2015-r7-shanghai,victor-shaytar,1,silver,true
wec-2015-r7-shanghai-72,wec-2015-r7-shanghai,andrea-bertolini,2,platinum,true
wec-2015-r7-shanghai-72,wec-2015-r7-shanghai,aleksey-basov,3,bronze,true
wec-2015-r7-shanghai-77,wec-2015-r7-shanghai,patrick-dempsey,1,bronze,true
wec-2015-r7-shanghai-77,wec-2015-r7-shanghai,patrick-long,2,platinum,true
wec-2015-r7-shanghai-77,wec-2015-r7-shanghai,marco-seefried,3,silver,true
wec-2015-r7-shanghai-50,wec-2015-r7-shanghai,gianluca-roda,1,bronze,true
wec-2015-r7-shanghai-50,wec-2015-r7-shanghai,paolo-ruberti,2,gold,true
wec-2015-r7-shanghai-50,wec-2015-r7-shanghai,nicolai-sylvest,3,silver,true
wec-2015-r7-shanghai-42,wec-2015-r7-shanghai,nick-leventis,1,silver,true
wec-2015-r7-shanghai-42,wec-2015-r7-shanghai,danny-watts,2,platinum,true
wec-2015-r7-shanghai-42,wec-2015-r7-shanghai,jonny-kane,3,platinum,true
wec-2015-r7-shanghai-96,wec-2015-r7-shanghai,francesco-castellacci,1,silver,true
wec-2015-r7-shanghai-96,wec-2015-r7-shanghai,liam-griffin,2,bronze,true
wec-2015-r7-shanghai-96,wec-2015-r7-shanghai,stuart-hall,3,gold,true
wec-2015-r7-shanghai-88,wec-2015-r7-shanghai,christian-ried,1,bronze,true
wec-2015-r7-shanghai-88,wec-2015-r7-shanghai,khaled-al-qubaisi,2,bronze,true
wec-2015-r7-shanghai-88,wec-2015-r7-shanghai,klaus-bachler,3,gold,true
wec-2015-r7-shanghai-13,wec-2015-r7-shanghai,alexandre-imperatori,1,gold,true
wec-2015-r7-shanghai-13,wec-2015-r7-shanghai,dominik-kraihamer,2,gold,true
wec-2015-r7-shanghai-13,wec-2015-r7-shanghai,matheo-tuscher,3,silver,true
wec-2015-r7-shanghai-28,wec-2015-r7-shanghai,gustavo-yacaman,1,gold,true
wec-2015-r7-shanghai-28,wec-2015-r7-shanghai,luis-felipe-derani,2,gold,true
wec-2015-r7-shanghai-28,wec-2015-r7-shanghai,ricardo-gonzalez,3,silver,true
wec-2015-r7-shanghai-30,wec-2015-r7-shanghai,scott-sharp,1,platinum,true
wec-2015-r7-shanghai-30,wec-2015-r7-shanghai,ryan-dalziel,2,platinum,true
wec-2015-r7-shanghai-30,wec-2015-r7-shanghai,david-heinemeier-hansson,3,silver,true
wec-2015-r8-bahrain-18,wec-2015-r8-bahrain,romain-dumas,1,platinum,true
wec-2015-r8-bahrain-18,wec-2015-r8-bahrain,neel-jani,2,platinum,true
wec-2015-r8-bahrain-18,wec-2015-r8-bahrain,marc-lieb,3,platinum,true
wec-2015-r8-bahrain-7,wec-2015-r8-bahrain,marcel-fassler,1,platinum,true
wec-2015-r8-bahrain-7,wec-2015-r8-bahrain,andre-lotterer,2,platinum,true
wec-2015-r8-bahrain-7,wec-2015-r8-bahrain,benoit-treluyer,3,platinum,true
wec-2015-r8-bahrain-2,wec-2015-r8-bahrain,alexander-wurz,1,platinum,true
wec-2015-r8-bahrain-2,wec-2015-r8-bahrain,stephane-sarrazin,2,platinum,true
wec-2015-r8-bahrain-2,wec-2015-r8-bahrain,mike-conway,3,platinum,true
wec-2015-r8-bahrain-1,wec-2015-r8-bahrain,anthony-davidson,1,platinum,true
wec-2015-r8-bahrain-1,wec-2015-r8-bahrain,sebastien-buemi,2,platinum,true
wec-2015-r8-bahrain-1,wec-2015-r8-bahrain,kazuki-nakajima,3,platinum,true
wec-2015-r8-bahrain-17,wec-2015-r8-bahrain,timo-bernhard,1,platinum,true
wec-2015-r8-bahrain-17,wec-2015-r8-bahrain,mark-webber,2,platinum,true
wec-2015-r8-bahrain-17,wec-2015-r8-bahrain,brendon-hartley,3,platinum,true
wec-2015-r8-bahrain-8,wec-2015-r8-bahrain,lucas-di-grassi,1,platinum,true
wec-2015-r8-bahrain-8,wec-2015-r8-bahrain,loic-duval,2,platinum,true
wec-2015-r8-bahrain-8,wec-2015-r8-bahrain,oliver-jarvis,3,platinum,true
wec-2015-r8-bahrain-26,wec-2015-r8-bahrain,roman-rusinov,1,gold,true
wec-2015-r8-bahrain-26,wec-2015-r8-bahrain,julien-canal,2,silver,true
wec-2015-r8-bahrain-26,wec-2015-r8-bahrain,sam-bird,3,platinum,true
wec-2015-r8-bahrain-47,wec-2015-r8-bahrain,matthew-howson,1,silver,true
wec-2015-r8-bahrain-47,wec-2015-r8-bahrain,richard-bradley,2,gold,true
wec-2015-r8-bahrain-47,wec-2015-r8-bahrain,nick-tandy,3,platinum,true
wec-2015-r8-bahrain-28,wec-2015-r8-bahrain,gustavo-yacaman,1,gold,true
wec-2015-r8-bahrain-28,wec-2015-r8-bahrain,luis-felipe-derani,2,gold,true
wec-2015-r8-bahrain-28,wec-2015-r8-bahrain,ricardo-gonzalez,3,silver,true
wec-2015-r8-bahrain-36,wec-2015-r8-bahrain,nelson-panciatici,1,platinum,true
wec-2015-r8-bahrain-36,wec-2015-r8-bahrain,paul-loup-chatin,2,gold,true
wec-2015-r8-bahrain-36,wec-2015-r8-bahrain,tom-dillmann,3,silver,true
wec-2015-r8-bahrain-13,wec-2015-r8-bahrain,alexandre-imperatori,1,gold,true
wec-2015-r8-bahrain-13,wec-2015-r8-bahrain,dominik-kraihamer,2,gold,true
wec-2015-r8-bahrain-13,wec-2015-r8-bahrain,matheo-tuscher,3,silver,true
wec-2015-r8-bahrain-4,wec-2015-r8-bahrain,simon-trummer,1,gold,true
wec-2015-r8-bahrain-4,wec-2015-r8-bahrain,pierre-kaffer,2,gold,true
wec-2015-r8-bahrain-44,wec-2015-r8-bahrain,mikhail-aleshin,1,platinum,true
wec-2015-r8-bahrain-44,wec-2015-r8-bahrain,nicolas-minassian,2,platinum,true
wec-2015-r8-bahrain-44,wec-2015-r8-bahrain,david-markozov,3,silver,true
wec-2015-r8-bahrain-12,wec-2015-r8-bahrain,nicolas-prost,1,platinum,true
wec-2015-r8-bahrain-12,wec-2015-r8-bahrain,mathias-beche,2,platinum,true
wec-2015-r8-bahrain-42,wec-2015-r8-bahrain,nick-leventis,1,silver,true
wec-2015-r8-bahrain-42,wec-2015-r8-bahrain,danny-watts,2,platinum,true
wec-2015-r8-bahrain-42,wec-2015-r8-bahrain,jonny-kane,3,platinum,true
wec-2015-r8-bahrain-43,wec-2015-r8-bahrain,pierre-ragues,1,silver,true
wec-2015-r8-bahrain-43,wec-2015-r8-bahrain,oliver-webb,2,gold,true
wec-2015-r8-bahrain-43,wec-2015-r8-bahrain,christopher-cumming,3,bronze,true
wec-2015-r8-bahrain-30,wec-2015-r8-bahrain,scott-sharp,1,platinum,true
wec-2015-r8-bahrain-30,wec-2015-r8-bahrain,ryan-dalziel,2,platinum,true
wec-2015-r8-bahrain-30,wec-2015-r8-bahrain,david-heinemeier-hansson,3,silver,true
wec-2015-r8-bahrain-92,wec-2015-r8-bahrain,patrick-pilet,1,platinum,true
wec-2015-r8-bahrain-92,wec-2015-r8-bahrain,frederic-makowiecki,2,platinum,true
wec-2015-r8-bahrain-51,wec-2015-r8-bahrain,gianmaria-bruni,1,platinum,true
wec-2015-r8-bahrain-51,wec-2015-r8-bahrain,toni-vilander,2,platinum,true
wec-2015-r8-bahrain-31,wec-2015-r8-bahrain,ed-brown,1,silver,true
wec-2015-r8-bahrain-31,wec-2015-r8-bahrain,johannes-van-overbeek,2,gold,true
wec-2015-r8-bahrain-31,wec-2015-r8-bahrain,jonathon-fogarty,3,gold,true
wec-2015-r8-bahrain-97,wec-2015-r8-bahrain,darren-turner,1,platinum,true
wec-2015-r8-bahrain-97,wec-2015-r8-bahrain,jonathan-adam,2,gold,true
wec-2015-r8-bahrain-95,wec-2015-r8-bahrain,christoffer-nygaard,1,gold,true
wec-2015-r8-bahrain-95,wec-2015-r8-bahrain,marco-sorensen,2,gold,true
wec-2015-r8-bahrain-95,wec-2015-r8-bahrain,nicki-thiim,3,gold,true
wec-2015-r8-bahrain-91,wec-2015-r8-bahrain,richard-lietz,1,platinum,true
wec-2015-r8-bahrain-91,wec-2015-r8-bahrain,michael-christensen,2,platinum,true
wec-2015-r8-bahrain-71,wec-2015-r8-bahrain,davide-rigon,1,platinum,true
wec-2015-r8-bahrain-71,wec-2015-r8-bahrain,james-calado,2,platinum,true
wec-2015-r8-bahrain-99,wec-2015-r8-bahrain,alex-macdowall,1,silver,true
wec-2015-r8-bahrain-99,wec-2015-r8-bahrain,fernando-rees,2,gold,true
wec-2015-r8-bahrain-99,wec-2015-r8-bahrain,richie-stanaway,3,gold,true
wec-2015-r8-bahrain-98,wec-2015-r8-bahrain,paul-dalla-lana,1,bronze,true
wec-2015-r8-bahrain-98,wec-2015-r8-bahrain,pedro-lamy,2,platinum,true
wec-2015-r8-bahrain-98,wec-2015-r8-bahrain,mathias-lauda,3,silver,true
wec-2015-r8-bahrain-88,wec-2015-r8-bahrain,marco-mapelli,1,silver,true
wec-2015-r8-bahrain-88,wec-2015-r8-bahrain,khaled-al-qubaisi,2,bronze,true
wec-2015-r8-bahrain-88,wec-2015-r8-bahrain,klaus-bachler,3,gold,true
wec-2015-r8-bahrain-77,wec-2015-r8-bahrain,christian-ried,1,bronze,true
wec-2015-r8-bahrain-77,wec-2015-r8-bahrain,patrick-long,2,platinum,true
wec-2015-r8-bahrain-77,wec-2015-r8-bahrain,marco-seefried,3,silver,true
wec-2015-r8-bahrain-83,wec-2015-r8-bahrain,francois-perrodo,1,bronze,true
wec-2015-r8-bahrain-83,wec-2015-r8-bahrain,emmanuel-collard,2,platinum,true
wec-2015-r8-bahrain-83,wec-2015-r8-bahrain,matteo-cressoni,3,silver,true
wec-2015-r8-bahrain-72,wec-2015-r8-bahrain,victor-shaytar,1,silver,true
wec-2015-r8-bahrain-72,wec-2015-r8-bahrain,andrea-bertolini,2,platinum,true
wec-2015-r8-bahrain-72,wec-2015-r8-bahrain,aleksey-basov,3,bronze,true
wec-2015-r8-bahrain-50,wec-2015-r8-bahrain,gianluca-roda,1,bronze,true
wec-2015-r8-bahrain-50,wec-2015-r8-bahrain,paolo-ruberti,2,gold,true
wec-2015-r8-bahrain-50,wec-2015-r8-bahrain,kristian-poulsen,3,silver,true
wec-2015-r8-bahrain-96,wec-2015-r8-bahrain,francesco-castellacci,1,silver,true
wec-2015-r8-bahrain-96,wec-2015-r8-bahrain,roald-goethe,2,bronze,true
wec-2015-r8-bahrain-96,wec-2015-r8-bahrain,stuart-hall,3,gold,true
wec-2016-r1-silverstone-2,wec-2016-r1-silverstone,romain-dumas,1,platinum,true
wec-2016-r1-silverstone-2,wec-2016-r1-silverstone,neel-jani,2,platinum,true
wec-2016-r1-silverstone-2,wec-2016-r1-silverstone,marc-lieb,3,platinum,true
wec-2016-r1-silverstone-6,wec-2016-r1-silverstone,stephane-sarrazin,1,platinum,true
wec-2016-r1-silverstone-6,wec-2016-r1-silverstone,mike-conway,2,platinum,true
wec-2016-r1-silverstone-6,wec-2016-r1-silverstone,kamui-kobayashi,3,platinum,true
wec-2016-r1-silverstone-13,wec-2016-r1-silverstone,matheo-tuscher,1,silver,true
wec-2016-r1-silverstone-13,wec-2016-r1-silverstone,dominik-kraihamer,2,gold,true
wec-2016-r1-silverstone-13,wec-2016-r1-silverstone,alexandre-imperatori,3,gold,true
wec-2016-r1-silverstone-12,wec-2016-r1-silverstone,nicolas-prost,1,platinum,true
wec-2016-r1-silverstone-12,wec-2016-r1-silverstone,nelson-piquet-jr,2,platinum,true
wec-2016-r1-silverstone-12,wec-2016-r1-silverstone,nick-heidfeld,3,platinum,true
wec-2016-r1-silverstone-43,wec-2016-r1-silverstone,ricardo-gonzalez,1,silver,true
wec-2016-r1-silverstone-43,wec-2016-r1-silverstone,filipe-albuquerque,2,platinum,true
wec-2016-r1-silverstone-43,wec-2016-r1-silverstone,bruno-senna,3,platinum,true
wec-2016-r1-silverstone-31,wec-2016-r1-silverstone,ryan-dalziel,1,platinum,true
wec-2016-r1-silverstone-31,wec-2016-r1-silverstone,luis-felipe-derani,2,gold,true
wec-2016-r1-silverstone-31,wec-2016-r1-silverstone,christopher-cumming,3,bronze,true
wec-2016-r1-silverstone-26,wec-2016-r1-silverstone,roman-rusinov,1,silver,true
wec-2016-r1-silverstone-26,wec-2016-r1-silverstone,nathanael-berthon,2,gold,true
wec-2016-r1-silverstone-26,wec-2016-r1-silverstone,rene-rast,3,platinum,true
wec-2016-r1-silverstone-36,wec-2016-r1-silverstone,gustavo-menezes,1,silver,true
wec-2016-r1-silverstone-36,wec-2016-r1-silverstone,nicolas-lapierre,2,platinum,true
wec-2016-r1-silverstone-36,wec-2016-r1-silverstone,stephane-richelmi,3,gold,true
wec-2016-r1-silverstone-42,wec-2016-r1-silverstone,nick-leventis,1,silver,true
wec-2016-r1-silverstone-42,wec-2016-r1-silverstone,danny-watts,2,platinum,true
wec-2016-r1-silverstone-42,wec-2016-r1-silverstone,jonny-kane,3,platinum,true
wec-2016-r1-silverstone-45,wec-2016-r1-silverstone,matthew-rao,1,silver,true
wec-2016-r1-silverstone-45,wec-2016-r1-silverstone,richard-bradley,2,gold,true
wec-2016-r1-silverstone-45,wec-2016-r1-silverstone,roberto-merhi,3,platinum,true
wec-2016-r1-silverstone-35,wec-2016-r1-silverstone,david-cheng,1,silver,true
wec-2016-r1-silverstone-35,wec-2016-r1-silverstone,ho-pin-tung,2,gold,true
wec-2016-r1-silverstone-35,wec-2016-r1-silverstone,nelson-panciatici,3,platinum,true
wec-2016-r1-silverstone-37,wec-2016-r1-silverstone,vitaly-petrov,1,platinum,true
wec-2016-r1-silverstone-37,wec-2016-r1-silverstone,kirill-ladygin,2,gold,true
wec-2016-r1-silverstone-37,wec-2016-r1-silverstone,victor-shaytar,3,silver,true
wec-2016-r1-silverstone-30,wec-2016-r1-silverstone,scott-sharp,1,platinum,true
wec-2016-r1-silverstone-30,wec-2016-r1-silverstone,ed-brown,2,bronze,true
wec-2016-r1-silverstone-30,wec-2016-r1-silverstone,johannes-van-overbeek,3,gold,true
wec-2016-r1-silverstone-4,wec-2016-r1-silverstone,simon-trummer,1,gold,true
wec-2016-r1-silverstone-4,wec-2016-r1-silverstone,oliver-webb,2,gold,true
wec-2016-r1-silverstone-4,wec-2016-r1-silverstone,james-rossiter,3,platinum,true
wec-2016-r1-silverstone-27,wec-2016-r1-silverstone,nicolas-minassian,1,platinum,true
wec-2016-r1-silverstone-27,wec-2016-r1-silverstone,maurizio-mediani,2,silver,true
wec-2016-r1-silverstone-5,wec-2016-r1-silverstone,anthony-davidson,1,platinum,true
wec-2016-r1-silverstone-5,wec-2016-r1-silverstone,sebastien-buemi,2,platinum,true
wec-2016-r1-silverstone-5,wec-2016-r1-silverstone,kazuki-nakajima,3,platinum,true
wec-2016-r1-silverstone-71,wec-2016-r1-silverstone,davide-rigon,1,platinum,true
wec-2016-r1-silverstone-71,wec-2016-r1-silverstone,sam-bird,2,platinum,true
wec-2016-r1-silverstone-51,wec-2016-r1-silverstone,gianmaria-bruni,1,platinum,true
wec-2016-r1-silverstone-51,wec-2016-r1-silverstone,james-calado,2,platinum,true
wec-2016-r1-silverstone-95,wec-2016-r1-silverstone,nicki-thiim,1,gold,true
wec-2016-r1-silverstone-95,wec-2016-r1-silverstone,marco-sorensen,2,gold,true
wec-2016-r1-silverstone-95,wec-2016-r1-silverstone,darren-turner,3,platinum,true
wec-2016-r1-silverstone-67,wec-2016-r1-silverstone,marino-franchitti,1,platinum,true
wec-2016-r1-silverstone-67,wec-2016-r1-silverstone,andy-priaulx,2,platinum,true
wec-2016-r1-silverstone-67,wec-2016-r1-silverstone,harry-tincknell,3,platinum,true
wec-2016-r1-silverstone-66,wec-2016-r1-silverstone,billy-johnson,1,gold,true
wec-2016-r1-silverstone-66,wec-2016-r1-silverstone,stefan-mucke,2,platinum,true
wec-2016-r1-silverstone-66,wec-2016-r1-silverstone,olivier-pla,3,platinum,true
wec-2016-r1-silverstone-83,wec-2016-r1-silverstone,francois-perrodo,1,bronze,true
wec-2016-r1-silverstone-83,wec-2016-r1-silverstone,emmanuel-collard,2,platinum,true
wec-2016-r1-silverstone-83,wec-2016-r1-silverstone,rui-aguas,3,silver,true
wec-2016-r1-silverstone-98,wec-2016-r1-silverstone,paul-dalla-lana,1,bronze,true
wec-2016-r1-silverstone-98,wec-2016-r1-silverstone,pedro-lamy,2,platinum,true
wec-2016-r1-silverstone-98,wec-2016-r1-silverstone,mathias-lauda,3,silver,true
wec-2016-r1-silverstone-50,wec-2016-r1-silverstone,yutaka-yamagishi,1,bronze,true
wec-2016-r1-silverstone-50,wec-2016-r1-silverstone,pierre-ragues,2,silver,true
wec-2016-r1-silverstone-50,wec-2016-r1-silverstone,paolo-ruberti,3,gold,true
wec-2016-r1-silverstone-77,wec-2016-r1-silverstone,richard-lietz,1,platinum,true
wec-2016-r1-silverstone-77,wec-2016-r1-silverstone,michael-christensen,2,platinum,true
wec-2016-r1-silverstone-78,wec-2016-r1-silverstone,christian-ried,1,bronze,true
wec-2016-r1-silverstone-78,wec-2016-r1-silverstone,wolf-henzler,2,platinum,true
wec-2016-r1-silverstone-78,wec-2016-r1-silverstone,joel-camathias,3,silver,true
wec-2016-r1-silverstone-88,wec-2016-r1-silverstone,khaled-al-qubaisi,1,bronze,true
wec-2016-r1-silverstone-88,wec-2016-r1-silverstone,david-heinemeier-hansson,2,silver,true
wec-2016-r1-silverstone-88,wec-2016-r1-silverstone,klaus-bachler,3,gold,true
wec-2016-r1-silverstone-97,wec-2016-r1-silverstone,richie-stanaway,1,gold,true
wec-2016-r1-silverstone-97,wec-2016-r1-silverstone,fernando-rees,2,gold,true
wec-2016-r1-silverstone-44,wec-2016-r1-silverstone,tor-graves,1,silver,true
wec-2016-r1-silverstone-44,wec-2016-r1-silverstone,will-stevens,2,platinum,true
wec-2016-r1-silverstone-44,wec-2016-r1-silverstone,james-jakes,3,gold,true
wec-2016-r1-silverstone-1,wec-2016-r1-silverstone,timo-bernhard,1,platinum,true
wec-2016-r1-silverstone-1,wec-2016-r1-silverstone,mark-webber,2,platinum,true
wec-2016-r1-silverstone-1,wec-2016-r1-silverstone,brendon-hartley,3,platinum,true
wec-2016-r1-silverstone-8,wec-2016-r1-silverstone,lucas-di-grassi,1,platinum,true
wec-2016-r1-silverstone-8,wec-2016-r1-silverstone,loic-duval,2,platinum,true
wec-2016-r1-silverstone-8,wec-2016-r1-silverstone,oliver-jarvis,3,platinum,true
wec-2016-r1-silverstone-86,wec-2016-r1-silverstone,michael-wainwright,1,bronze,true
wec-2016-r1-silverstone-86,wec-2016-r1-silverstone,adam-carroll,2,platinum,true
wec-2016-r1-silverstone-86,wec-2016-r1-silverstone,ben-barker,3,silver,true
wec-2016-r1-silverstone-7,wec-2016-r1-silverstone,marcel-fassler,1,platinum,true
wec-2016-r1-silverstone-7,wec-2016-r1-silverstone,andre-lotterer,2,platinum,true
wec-2016-r1-silverstone-7,wec-2016-r1-silverstone,benoit-treluyer,3,platinum,true
wec-2016-r2-spa-8,wec-2016-r2-spa,lucas-di-grassi,1,platinum,true
wec-2016-r2-spa-8,wec-2016-r2-spa,loic-duval,2,platinum,true
wec-2016-r2-spa-8,wec-2016-r2-spa,oliver-jarvis,3,platinum,true
wec-2016-r2-spa-2,wec-2016-r2-spa,romain-dumas,1,platinum,true
wec-2016-r2-spa-2,wec-2016-r2-spa,neel-jani,2,platinum,true
wec-2016-r2-spa-2,wec-2016-r2-spa,marc-lieb,3,platinum,true
wec-2016-r2-spa-13,wec-2016-r2-spa,matheo-tuscher,1,silver,true
wec-2016-r2-spa-13,wec-2016-r2-spa,dominik-kraihamer,2,gold,true
wec-2016-r2-spa-13,wec-2016-r2-spa,alexandre-imperatori,3,gold,true
wec-2016-r2-spa-12,wec-2016-r2-spa,nicolas-prost,1,platinum,true
wec-2016-r2-spa-12,wec-2016-r2-spa,nelson-piquet-jr,2,platinum,true
wec-2016-r2-spa-12,wec-2016-r2-spa,nick-heidfeld,3,platinum,true
wec-2016-r2-spa-7,wec-2016-r2-spa,marcel-fassler,1,platinum,true
wec-2016-r2-spa-7,wec-2016-r2-spa,andre-lotterer,2,platinum,true
wec-2016-r2-spa-7,wec-2016-r2-spa,benoit-treluyer,3,platinum,true
wec-2016-r2-spa-4,wec-2016-r2-spa,simon-trummer,1,gold,true
wec-2016-r2-spa-4,wec-2016-r2-spa,oliver-webb,2,gold,true
wec-2016-r2-spa-4,wec-2016-r2-spa,james-rossiter,3,platinum,true
wec-2016-r2-spa-36,wec-2016-r2-spa,gustavo-menezes,1,silver,true
wec-2016-r2-spa-36,wec-2016-r2-spa,nicolas-lapierre,2,platinum,true
wec-2016-r2-spa-36,wec-2016-r2-spa,stephane-richelmi,3,gold,true
wec-2016-r2-spa-31,wec-2016-r2-spa,ryan-dalziel,1,platinum,true
wec-2016-r2-spa-31,wec-2016-r2-spa,luis-felipe-derani,2,gold,true
wec-2016-r2-spa-31,wec-2016-r2-spa,christopher-cumming,3,bronze,true
wec-2016-r2-spa-45,wec-2016-r2-spa,matthew-rao,1,silver,true
wec-2016-r2-spa-45,wec-2016-r2-spa,richard-bradley,2,gold,true
wec-2016-r2-spa-45,wec-2016-r2-spa,roberto-merhi,3,platinum,true
wec-2016-r2-spa-43,wec-2016-r2-spa,ricardo-gonzalez,1,silver,true
wec-2016-r2-spa-43,wec-2016-r2-spa,filipe-albuquerque,2,platinum,true
wec-2016-r2-spa-43,wec-2016-r2-spa,bruno-senna,3,platinum,true
wec-2016-r2-spa-26,wec-2016-r2-spa,roman-rusinov,1,silver,true
wec-2016-r2-spa-26,wec-2016-r2-spa,nathanael-berthon,2,gold,true
wec-2016-r2-spa-26,wec-2016-r2-spa,rene-rast,3,platinum,true
wec-2016-r2-spa-38,wec-2016-r2-spa,simon-dolan,1,silver,true
wec-2016-r2-spa-38,wec-2016-r2-spa,giedo-van-der-garde,2,platinum,true
wec-2016-r2-spa-38,wec-2016-r2-spa,jake-dennis,3,gold,true
wec-2016-r2-spa-30,wec-2016-r2-spa,scott-sharp,1,platinum,true
wec-2016-r2-spa-30,wec-2016-r2-spa,ed-brown,2,bronze,true
wec-2016-r2-spa-30,wec-2016-r2-spa,johannes-van-overbeek,3,gold,true
wec-2016-r2-spa-71,wec-2016-r2-spa,davide-rigon,1,platinum,true
wec-2016-r2-spa-71,wec-2016-r2-spa,sam-bird,2,platinum,true
wec-2016-r2-spa-44,wec-2016-r2-spa,tor-graves,1,silver,true
wec-2016-r2-spa-44,wec-2016-r2-spa,will-stevens,2,platinum,true
wec-2016-r2-spa-44,wec-2016-r2-spa,james-jakes,3,gold,true
wec-2016-r2-spa-67,wec-2016-r2-spa,marino-franchitti,1,platinum,true
wec-2016-r2-spa-67,wec-2016-r2-spa,andy-priaulx,2,platinum,true
wec-2016-r2-spa-67,wec-2016-r2-spa,harry-tincknell,3,platinum,true
wec-2016-r2-spa-97,wec-2016-r2-spa,richie-stanaway,1,gold,true
wec-2016-r2-spa-97,wec-2016-r2-spa,fernando-rees,2,gold,true
wec-2016-r2-spa-97,wec-2016-r2-spa,jonathan-adam,3,gold,true
wec-2016-r2-spa-77,wec-2016-r2-spa,richard-lietz,1,platinum,true
wec-2016-r2-spa-77,wec-2016-r2-spa,michael-christensen,2,platinum,true
wec-2016-r2-spa-98,wec-2016-r2-spa,paul-dalla-lana,1,bronze,true
wec-2016-r2-spa-98,wec-2016-r2-spa,pedro-lamy,2,platinum,true
wec-2016-r2-spa-98,wec-2016-r2-spa,mathias-lauda,3,silver,true
wec-2016-r2-spa-83,wec-2016-r2-spa,francois-perrodo,1,bronze,true
wec-2016-r2-spa-83,wec-2016-r2-spa,emmanuel-collard,2,platinum,true
wec-2016-r2-spa-83,wec-2016-r2-spa,rui-aguas,3,silver,true
wec-2016-r2-spa-50,wec-2016-r2-spa,yutaka-yamagishi,1,bronze,true
wec-2016-r2-spa-50,wec-2016-r2-spa,pierre-ragues,2,silver,true
wec-2016-r2-spa-50,wec-2016-r2-spa,paolo-ruberti,3,gold,true
wec-2016-r2-spa-78,wec-2016-r2-spa,christian-ried,1,bronze,true
wec-2016-r2-spa-78,wec-2016-r2-spa,wolf-henzler,2,platinum,true
wec-2016-r2-spa-78,wec-2016-r2-spa,joel-camathias,3,silver,true
wec-2016-r2-spa-86,wec-2016-r2-spa,michael-wainwright,1,bronze,true
wec-2016-r2-spa-86,wec-2016-r2-spa,adam-carroll,2,platinum,true
wec-2016-r2-spa-86,wec-2016-r2-spa,ben-barker,3,silver,true
wec-2016-r2-spa-37,wec-2016-r2-spa,vitaly-petrov,1,platinum,true
wec-2016-r2-spa-37,wec-2016-r2-spa,kirill-ladygin,2,gold,true
wec-2016-r2-spa-37,wec-2016-r2-spa,victor-shaytar,3,silver,true
wec-2016-r2-spa-88,wec-2016-r2-spa,khaled-al-qubaisi,1,bronze,true
wec-2016-r2-spa-88,wec-2016-r2-spa,david-heinemeier-hansson,2,silver,true
wec-2016-r2-spa-88,wec-2016-r2-spa,patrick-long,3,platinum,true
wec-2016-r2-spa-1,wec-2016-r2-spa,timo-bernhard,1,platinum,true
wec-2016-r2-spa-1,wec-2016-r2-spa,mark-webber,2,platinum,true
wec-2016-r2-spa-1,wec-2016-r2-spa,brendon-hartley,3,platinum,true
wec-2016-r2-spa-5,wec-2016-r2-spa,anthony-davidson,1,platinum,true
wec-2016-r2-spa-5,wec-2016-r2-spa,sebastien-buemi,2,platinum,true
wec-2016-r2-spa-5,wec-2016-r2-spa,kazuki-nakajima,3,platinum,true
wec-2016-r2-spa-35,wec-2016-r2-spa,david-cheng,1,silver,true
wec-2016-r2-spa-35,wec-2016-r2-spa,ho-pin-tung,2,gold,true
wec-2016-r2-spa-35,wec-2016-r2-spa,nelson-panciatici,3,platinum,true
wec-2016-r2-spa-51,wec-2016-r2-spa,gianmaria-bruni,1,platinum,true
wec-2016-r2-spa-51,wec-2016-r2-spa,james-calado,2,platinum,true
wec-2016-r2-spa-27,wec-2016-r2-spa,nicolas-minassian,1,platinum,true
wec-2016-r2-spa-27,wec-2016-r2-spa,maurizio-mediani,2,silver,true
wec-2016-r2-spa-27,wec-2016-r2-spa,devi-markozov,3,silver,true
wec-2016-r2-spa-66,wec-2016-r2-spa,billy-johnson,1,gold,true
wec-2016-r2-spa-66,wec-2016-r2-spa,stefan-mucke,2,platinum,true
wec-2016-r2-spa-66,wec-2016-r2-spa,olivier-pla,3,platinum,true
wec-2016-r2-spa-6,wec-2016-r2-spa,stephane-sarrazin,1,platinum,true
wec-2016-r2-spa-6,wec-2016-r2-spa,mike-conway,2,platinum,true
wec-2016-r2-spa-6,wec-2016-r2-spa,kamui-kobayashi,3,platinum,true
wec-2016-r2-spa-42,wec-2016-r2-spa,nick-leventis,1,silver,true
wec-2016-r2-spa-42,wec-2016-r2-spa,danny-watts,2,platinum,true
wec-2016-r2-spa-42,wec-2016-r2-spa,jonny-kane,3,platinum,true
wec-2016-r2-spa-95,wec-2016-r2-spa,nicki-thiim,1,gold,true
wec-2016-r2-spa-95,wec-2016-r2-spa,marco-sorensen,2,gold,true
wec-2016-r2-spa-95,wec-2016-r2-spa,darren-turner,3,platinum,true
wec-2016-r3-le-mans-2,wec-2016-r3-le-mans,romain-dumas,1,platinum,true
wec-2016-r3-le-mans-2,wec-2016-r3-le-mans,neel-jani,2,platinum,true
wec-2016-r3-le-mans-2,wec-2016-r3-le-mans,marc-lieb,3,platinum,true
wec-2016-r3-le-mans-6,wec-2016-r3-le-mans,stephane-sarrazin,1,platinum,true
wec-2016-r3-le-mans-6,wec-2016-r3-le-mans,mike-conway,2,platinum,true
wec-2016-r3-le-mans-6,wec-2016-r3-le-mans,kamui-kobayashi,3,platinum,true
wec-2016-r3-le-mans-8,wec-2016-r3-le-mans,lucas-di-grassi,1,platinum,true
wec-2016-r3-le-mans-8,wec-2016-r3-le-mans,loic-duval,2,platinum,true
wec-2016-r3-le-mans-8,wec-2016-r3-le-mans,oliver-jarvis,3,platinum,true
wec-2016-r3-le-mans-7,wec-2016-r3-le-mans,marcel-fassler,1,platinum,true
wec-2016-r3-le-mans-7,wec-2016-r3-le-mans,andre-lotterer,2,platinum,true
wec-2016-r3-le-mans-7,wec-2016-r3-le-mans,benoit-treluyer,3,platinum,true
wec-2016-r3-le-mans-36,wec-2016-r3-le-mans,gustavo-menezes,1,silver,true
wec-2016-r3-le-mans-36,wec-2016-r3-le-mans,nicolas-lapierre,2,platinum,true
wec-2016-r3-le-mans-36,wec-2016-r3-le-mans,stephane-richelmi,3,gold,true
wec-2016-r3-le-mans-26,wec-2016-r3-le-mans,roman-rusinov,1,silver,true
wec-2016-r3-le-mans-26,wec-2016-r3-le-mans,will-stevens,2,platinum,true
wec-2016-r3-le-mans-26,wec-2016-r3-le-mans,rene-rast,3,platinum,true
wec-2016-r3-le-mans-37,wec-2016-r3-le-mans,vitaly-petrov,1,platinum,true
wec-2016-r3-le-mans-37,wec-2016-r3-le-mans,victor-shaitar,2,silver,true
wec-2016-r3-le-mans-37,wec-2016-r3-le-mans,kirill-ladygin,3,gold,true
wec-2016-r3-le-mans-42,wec-2016-r3-le-mans,nick-leventis,1,silver,true
wec-2016-r3-le-mans-42,wec-2016-r3-le-mans,danny-watts,2,platinum,true
wec-2016-r3-le-mans-42,wec-2016-r3-le-mans,jonny-kane,3,platinum,true
wec-2016-r3-le-mans-33,wec-2016-r3-le-mans,junjin-pu,1,bronze,true
wec-2016-r3-le-mans-33,wec-2016-r3-le-mans,tristan-gommendy,2,platinum,true
wec-2016-r3-le-mans-33,wec-2016-r3-le-mans,nico-pieter-de-bruijn,3,silver,true
wec-2016-r3-le-mans-41,wec-2016-r3-le-mans,memo-rojas,1,gold,true
wec-2016-r3-le-mans-41,wec-2016-r3-le-mans,julien-canal,2,silver,true
wec-2016-r3-le-mans-41,wec-2016-r3-le-mans,nathanael-berthon,3,gold,true
wec-2016-r3-le-mans-27,wec-2016-r3-le-mans,nicolas-minassian,1,platinum,true
wec-2016-r3-le-mans-27,wec-2016-r3-le-mans,maurizio-mediani,2,silver,true
wec-2016-r3-le-mans-27,wec-2016-r3-le-mans,mikhail-aleshin,3,platinum,true
wec-2016-r3-le-mans-23,wec-2016-r3-le-mans,fabien-barthez,1,bronze,true
wec-2016-r3-le-mans-23,wec-2016-r3-le-mans,paul-loup-chatin,2,gold,true
wec-2016-r3-le-mans-23,wec-2016-r3-le-mans,timothe-buret,3,silver,true
wec-2016-r3-le-mans-1,wec-2016-r3-le-mans,timo-bernhard,1,platinum,true
wec-2016-r3-le-mans-1,wec-2016-r3-le-mans,mark-webber,2,platinum,true
wec-2016-r3-le-mans-1,wec-2016-r3-le-mans,brendon-hartley,3,platinum,true
wec-2016-r3-le-mans-49,wec-2016-r3-le-mans,john-pew,1,bronze,true
wec-2016-r3-le-mans-49,wec-2016-r3-le-mans,oswaldo-negri-jr,2,silver,true
wec-2016-r3-le-mans-49,wec-2016-r3-le-mans,laurens-vanthoor,3,platinum,true
wec-2016-r3-le-mans-43,wec-2016-r3-le-mans,ricardo-gonzalez,1,silver,true
wec-2016-r3-le-mans-43,wec-2016-r3-le-mans,bruno-senna,2,platinum,true
wec-2016-r3-le-mans-43,wec-2016-r3-le-mans,filipe-albuquerque,3,platinum,true
wec-2016-r3-le-mans-30,wec-2016-r3-le-mans,scott-sharp,1,platinum,true
wec-2016-r3-le-mans-30,wec-2016-r3-le-mans,ed-brown,2,bronze,true
wec-2016-r3-le-mans-30,wec-2016-r3-le-mans,johannes-van-overbeek,3,gold,true
wec-2016-r3-le-mans-25,wec-2016-r3-le-mans,michael-munemann,1,bronze,true
wec-2016-r3-le-mans-25,wec-2016-r3-le-mans,christopher-hoy,2,bronze,true
wec-2016-r3-le-mans-25,wec-2016-r3-le-mans,andrea-pizzitola,3,silver,true
wec-2016-r3-le-mans-68,wec-2016-r3-le-mans,joey-hand,1,platinum,true
wec-2016-r3-le-mans-68,wec-2016-r3-le-mans,dirk-muller,2,platinum,true
wec-2016-r3-le-mans-68,wec-2016-r3-le-mans,sebastien-bourdais,3,platinum,true
wec-2016-r3-le-mans-82,wec-2016-r3-le-mans,giancarlo-fisichella,1,platinum,true
wec-2016-r3-le-mans-82,wec-2016-r3-le-mans,toni-vilander,2,platinum,true
wec-2016-r3-le-mans-82,wec-2016-r3-le-mans,matteo-malucelli,3,gold,true
wec-2016-r3-le-mans-69,wec-2016-r3-le-mans,ryan-briscoe,1,platinum,true
wec-2016-r3-le-mans-69,wec-2016-r3-le-mans,richard-westbrook,2,platinum,true
wec-2016-r3-le-mans-69,wec-2016-r3-le-mans,scott-dixon,3,platinum,true
wec-2016-r3-le-mans-66,wec-2016-r3-le-mans,olivier-pla,1,platinum,true
wec-2016-r3-le-mans-66,wec-2016-r3-le-mans,stefan-mucke,2,platinum,true
wec-2016-r3-le-mans-66,wec-2016-r3-le-mans,billy-johnson,3,gold,true
wec-2016-r3-le-mans-40,wec-2016-r3-le-mans,tracy-krohn,1,bronze,true
wec-2016-r3-le-mans-40,wec-2016-r3-le-mans,niclas-jonsson,2,silver,true
wec-2016-r3-le-mans-40,wec-2016-r3-le-mans,joao-barbosa,3,platinum,true
wec-2016-r3-le-mans-95,wec-2016-r3-le-mans,nicki-thiim,1,gold,true
wec-2016-r3-le-mans-95,wec-2016-r3-le-mans,marco-sorensen,2,gold,true
wec-2016-r3-le-mans-95,wec-2016-r3-le-mans,darren-turner,3,platinum,true
wec-2016-r3-le-mans-97,wec-2016-r3-le-mans,richie-stanaway,1,gold,true
wec-2016-r3-le-mans-97,wec-2016-r3-le-mans,fernando-rees,2,gold,true
wec-2016-r3-le-mans-97,wec-2016-r3-le-mans,jonathan-adam,3,gold,true
wec-2016-r3-le-mans-63,wec-2016-r3-le-mans,jan-magnussen,1,platinum,true
wec-2016-r3-le-mans-63,wec-2016-r3-le-mans,antonio-garcia,2,platinum,true
wec-2016-r3-le-mans-63,wec-2016-r3-le-mans,ricky-taylor,3,gold,true
wec-2016-r3-le-mans-62,wec-2016-r3-le-mans,william-sweedler,1,bronze,true
wec-2016-r3-le-mans-62,wec-2016-r3-le-mans,townsend-bell,2,gold,true
wec-2016-r3-le-mans-62,wec-2016-r3-le-mans,jeffrey-segal,3,silver,true
wec-2016-r3-le-mans-83,wec-2016-r3-le-mans,francois-perrodo,1,bronze,true
wec-2016-r3-le-mans-83,wec-2016-r3-le-mans,emmanuel-collard,2,platinum,true
wec-2016-r3-le-mans-83,wec-2016-r3-le-mans,rui-aguas,3,silver,true
wec-2016-r3-le-mans-88,wec-2016-r3-le-mans,khaled-al-qubaisi,1,bronze,true
wec-2016-r3-le-mans-88,wec-2016-r3-le-mans,david-heinemeier-hansson,2,silver,true
wec-2016-r3-le-mans-88,wec-2016-r3-le-mans,patrick-long,3,platinum,true
wec-2016-r3-le-mans-12,wec-2016-r3-le-mans,nicolas-prost,1,platinum,true
wec-2016-r3-le-mans-12,wec-2016-r3-le-mans,nick-heidfeld,2,platinum,true
wec-2016-r3-le-mans-12,wec-2016-r3-le-mans,nelson-piquet-jr,3,platinum,true
wec-2016-r3-le-mans-61,wec-2016-r3-le-mans,weng-mok,1,bronze,true
wec-2016-r3-le-mans-61,wec-2016-r3-le-mans,keita-sawa,2,silver,true
wec-2016-r3-le-mans-61,wec-2016-r3-le-mans,robert-bell,3,platinum,true
wec-2016-r3-le-mans-77,wec-2016-r3-le-mans,richard-lietz,1,platinum,true
wec-2016-r3-le-mans-77,wec-2016-r3-le-mans,michael-christensen,2,platinum,true
wec-2016-r3-le-mans-77,wec-2016-r3-le-mans,philipp-eng,3,gold,true
wec-2016-r3-le-mans-22,wec-2016-r3-le-mans,vincent-capillaire,1,silver,true
wec-2016-r3-le-mans-22,wec-2016-r3-le-mans,erik-maris,2,bronze,true
wec-2016-r3-le-mans-22,wec-2016-r3-le-mans,jonathan-coleman,3,bronze,true
wec-2016-r3-le-mans-86,wec-2016-r3-le-mans,michael-wainwright,1,bronze,true
wec-2016-r3-le-mans-86,wec-2016-r3-le-mans,adam-carroll,2,platinum,true
wec-2016-r3-le-mans-86,wec-2016-r3-le-mans,ben-barker,3,silver,true
wec-2016-r3-le-mans-48,wec-2016-r3-le-mans,ben-keating,1,silver,true
wec-2016-r3-le-mans-48,wec-2016-r3-le-mans,jeroen-bleekemolen,2,platinum,true
wec-2016-r3-le-mans-48,wec-2016-r3-le-mans,marc-goossens,3,gold,true
wec-2016-r3-le-mans-60,wec-2016-r3-le-mans,johnny-laursen,1,bronze,true
wec-2016-r3-le-mans-60,wec-2016-r3-le-mans,mikkel-mac,2,gold,true
wec-2016-r3-le-mans-60,wec-2016-r3-le-mans,christina-nielsen,3,silver,true
wec-2016-r3-le-mans-99,wec-2016-r3-le-mans,andrew-howard,1,bronze,true
wec-2016-r3-le-mans-99,wec-2016-r3-le-mans,liam-griffin,2,bronze,true
wec-2016-r3-le-mans-99,wec-2016-r3-le-mans,gary-hirsch,3,gold,true
wec-2016-r3-le-mans-50,wec-2016-r3-le-mans,yutaka-yamagishi,1,bronze,true
wec-2016-r3-le-mans-50,wec-2016-r3-le-mans,pierre-ragues,2,silver,true
wec-2016-r3-le-mans-50,wec-2016-r3-le-mans,jean-philippe-belloc,3,gold,true
wec-2016-r3-le-mans-84,wec-2016-r3-le-mans,frederic-sausset,1,bronze,true
wec-2016-r3-le-mans-84,wec-2016-r3-le-mans,christophe-tinseau,2,gold,true
wec-2016-r3-le-mans-84,wec-2016-r3-le-mans,jean-bernard-bouvet,3,silver,true
wec-2016-r3-le-mans-57,wec-2016-r3-le-mans,johnny-o-connel,1,gold,true
wec-2016-r3-le-mans-57,wec-2016-r3-le-mans,oliver-bryant,2,silver,true
wec-2016-r3-le-mans-57,wec-2016-r3-le-mans,mark-patterson,3,bronze,true
wec-2016-r3-le-mans-67,wec-2016-r3-le-mans,marino-franchitti,1,platinum,true
wec-2016-r3-le-mans-67,wec-2016-r3-le-mans,andy-priaulx,2,platinum,true
wec-2016-r3-le-mans-67,wec-2016-r3-le-mans,harry-tincknell,3,platinum,true
wec-2016-r3-le-mans-78,wec-2016-r3-le-mans,christian-ried,1,bronze,true
wec-2016-r3-le-mans-78,wec-2016-r3-le-mans,wolf-henzler,2,platinum,true
wec-2016-r3-le-mans-78,wec-2016-r3-le-mans,joel-camathias,3,silver,true
wec-2016-r3-le-mans-31,wec-2016-r3-le-mans,ryan-dalziel,1,platinum,true
wec-2016-r3-le-mans-31,wec-2016-r3-le-mans,luis-felipe-derani,2,gold,true
wec-2016-r3-le-mans-31,wec-2016-r3-le-mans,chris-cumming,3,bronze,true
wec-2016-r3-le-mans-55,wec-2016-r3-le-mans,duncan-cameron,1,bronze,true
wec-2016-r3-le-mans-55,wec-2016-r3-le-mans,matt-griffin,2,gold,true
wec-2016-r3-le-mans-55,wec-2016-r3-le-mans,aaron-scott,3,silver,true
wec-2016-r3-le-mans-34,wec-2016-r3-le-mans,nicolas-leutwiler,1,bronze,true
wec-2016-r3-le-mans-34,wec-2016-r3-le-mans,shinji-nakano,2,platinum,true
wec-2016-r3-le-mans-34,wec-2016-r3-le-mans,james-winslow,3,silver,true
wec-2016-r3-le-mans-5,wec-2016-r3-le-mans,anthony-davidson,1,platinum,true
wec-2016-r3-le-mans-5,wec-2016-r3-le-mans,sebastien-buemi,2,platinum,true
wec-2016-r3-le-mans-5,wec-2016-r3-le-mans,kazuki-nakajima,3,platinum,true
wec-2016-r3-le-mans-28,wec-2016-r3-le-mans,ines-taittinger,1,silver,true
wec-2016-r3-le-mans-28,wec-2016-r3-le-mans,remy-striebig,2,bronze,true
wec-2016-r3-le-mans-28,wec-2016-r3-le-mans,leo-roussel,3,silver,true
wec-2016-r3-le-mans-98,wec-2016-r3-le-mans,paul-dalla-lana,1,bronze,true
wec-2016-r3-le-mans-98,wec-2016-r3-le-mans,pedro-lamy,2,platinum,true
wec-2016-r3-le-mans-98,wec-2016-r3-le-mans,mathias-lauda,3,silver,true
wec-2016-r3-le-mans-38,wec-2016-r3-le-mans,simon-dolan,1,silver,true
wec-2016-r3-le-mans-38,wec-2016-r3-le-mans,jake-dennis,2,gold,true
wec-2016-r3-le-mans-38,wec-2016-r3-le-mans,giedo-van-der-garde,3,platinum,true
wec-2016-r3-le-mans-13,wec-2016-r3-le-mans,matheo-tuscher,1,silver,true
wec-2016-r3-le-mans-13,wec-2016-r3-le-mans,alexandre-imperatori,2,gold,true
wec-2016-r3-le-mans-13,wec-2016-r3-le-mans,dominik-kraihamer,3,gold,true
wec-2016-r3-le-mans-44,wec-2016-r3-le-mans,tor-graves,1,silver,true
wec-2016-r3-le-mans-44,wec-2016-r3-le-mans,matthew-rao,2,silver,true
wec-2016-r3-le-mans-44,wec-2016-r3-le-mans,roberto-merhi,3,platinum,true
wec-2016-r3-le-mans-46,wec-2016-r3-le-mans,pierre-thiriet,1,silver,true
wec-2016-r3-le-mans-46,wec-2016-r3-le-mans,mathias-beche,2,platinum,true
wec-2016-r3-le-mans-46,wec-2016-r3-le-mans,ryo-hirakawa,3,gold,true
wec-2016-r3-le-mans-35,wec-2016-r3-le-mans,david-cheng,1,silver,true
wec-2016-r3-le-mans-35,wec-2016-r3-le-mans,ho-pin-tung,2,gold,true
wec-2016-r3-le-mans-35,wec-2016-r3-le-mans,nelson-panciatici,3,platinum,true
wec-2016-r3-le-mans-64,wec-2016-r3-le-mans,oliver-gavin,1,platinum,true
wec-2016-r3-le-mans-64,wec-2016-r3-le-mans,tommy-milner,2,platinum,true
wec-2016-r3-le-mans-64,wec-2016-r3-le-mans,jordan-taylor,3,platinum,true
wec-2016-r3-le-mans-4,wec-2016-r3-le-mans,simon-trummer,1,gold,true
wec-2016-r3-le-mans-4,wec-2016-r3-le-mans,oliver-webb,2,gold,true
wec-2016-r3-le-mans-4,wec-2016-r3-le-mans,pierre-kaffer,3,platinum,true
wec-2016-r3-le-mans-51,wec-2016-r3-le-mans,gianmaria-bruni,1,platinum,true
wec-2016-r3-le-mans-51,wec-2016-r3-le-mans,james-calado,2,platinum,true
wec-2016-r3-le-mans-51,wec-2016-r3-le-mans,alessandro-pier-guidi,3,gold,true
wec-2016-r3-le-mans-71,wec-2016-r3-le-mans,davide-rigon,1,platinum,true
wec-2016-r3-le-mans-71,wec-2016-r3-le-mans,sam-bird,2,platinum,true
wec-2016-r3-le-mans-71,wec-2016-r3-le-mans,andrea-bertolini,3,platinum,true
wec-2016-r3-le-mans-92,wec-2016-r3-le-mans,frederic-makowiecki,1,platinum,true
wec-2016-r3-le-mans-92,wec-2016-r3-le-mans,earl-bamber,2,platinum,true
wec-2016-r3-le-mans-92,wec-2016-r3-le-mans,jorg-bergmeister,3,platinum,true
wec-2016-r3-le-mans-91,wec-2016-r3-le-mans,patrick-pilet,1,platinum,true
wec-2016-r3-le-mans-91,wec-2016-r3-le-mans,kevin-estre,2,platinum,true
wec-2016-r3-le-mans-91,wec-2016-r3-le-mans,nick-tandy,3,platinum,true
wec-2016-r3-le-mans-47,wec-2016-r3-le-mans,tsugio-matsuda,1,platinum,true
wec-2016-r3-le-mans-47,wec-2016-r3-le-mans,matthew-howson,2,silver,true
wec-2016-r3-le-mans-47,wec-2016-r3-le-mans,richard-bradley,3,gold,true
wec-2016-r3-le-mans-89,wec-2016-r3-le-mans,cooper-macneil,1,silver,true
wec-2016-r3-le-mans-89,wec-2016-r3-le-mans,lehman-keen,2,gold,true
wec-2016-r3-le-mans-89,wec-2016-r3-le-mans,marc-miller,3,bronze,true
wec-2016-r4-nurburgring-1,wec-2016-r4-nurburgring,timo-bernhard,1,platinum,true
wec-2016-r4-nurburgring-1,wec-2016-r4-nurburgring,mark-webber,2,platinum,true
wec-2016-r4-nurburgring-1,wec-2016-r4-nurburgring,brendon-hartley,3,platinum,true
wec-2016-r4-nurburgring-8,wec-2016-r4-nurburgring,lucas-di-grassi,1,platinum,true
wec-2016-r4-nurburgring-8,wec-2016-r4-nurburgring,loic-duval,2,platinum,true
wec-2016-r4-nurburgring-8,wec-2016-r4-nurburgring,oliver-jarvis,3,platinum,true
wec-2016-r4-nurburgring-7,wec-2016-r4-nurburgring,marcel-fassler,1,platinum,true
wec-2016-r4-nurburgring-7,wec-2016-r4-nurburgring,andre-lotterer,2,platinum,true
wec-2016-r4-nurburgring-2,wec-2016-r4-nurburgring,romain-dumas,1,platinum,true
wec-2016-r4-nurburgring-2,wec-2016-r4-nurburgring,neel-jani,2,platinum,true
wec-2016-r4-nurburgring-2,wec-2016-r4-nurburgring,marc-lieb,3,platinum,true
wec-2016-r4-nurburgring-5,wec-2016-r4-nurburgring,anthony-davidson,1,platinum,true
wec-2016-r4-nurburgring-5,wec-2016-r4-nurburgring,sebastien-buemi,2,platinum,true
wec-2016-r4-nurburgring-5,wec-2016-r4-nurburgring,kazuki-nakajima,3,platinum,true
wec-2016-r4-nurburgring-6,wec-2016-r4-nurburgring,stephane-sarrazin,1,platinum,true
wec-2016-r4-nurburgring-6,wec-2016-r4-nurburgring,mike-conway,2,platinum,true
wec-2016-r4-nurburgring-6,wec-2016-r4-nurburgring,kamui-kobayashi,3,platinum,true
wec-2016-r4-nurburgring-13,wec-2016-r4-nurburgring,matheo-tuscher,1,silver,true
wec-2016-r4-nurburgring-13,wec-2016-r4-nurburgring,dominik-kraihamer,2,gold,true
wec-2016-r4-nurburgring-13,wec-2016-r4-nurburgring,alexandre-imperatori,3,gold,true
wec-2016-r4-nurburgring-36,wec-2016-r4-nurburgring,gustavo-menezes,1,silver,true
wec-2016-r4-nurburgring-36,wec-2016-r4-nurburgring,nicolas-lapierre,2,platinum,true
wec-2016-r4-nurburgring-36,wec-2016-r4-nurburgring,stephane-richelmi,3,gold,true
wec-2016-r4-nurburgring-43,wec-2016-r4-nurburgring,ricardo-gonzalez,1,silver,true
wec-2016-r4-nurburgring-43,wec-2016-r4-nurburgring,filipe-albuquerque,2,platinum,true
wec-2016-r4-nurburgring-43,wec-2016-r4-nurburgring,bruno-senna,3,platinum,true
wec-2016-r4-nurburgring-31,wec-2016-r4-nurburgring,ryan-dalziel,1,platinum,true
wec-2016-r4-nurburgring-31,wec-2016-r4-nurburgring,luis-felipe-derani,2,gold,true
wec-2016-r4-nurburgring-31,wec-2016-r4-nurburgring,christopher-cumming,3,bronze,true
wec-2016-r4-nurburgring-42,wec-2016-r4-nurburgring,nick-leventis,1,silver,true
wec-2016-r4-nurburgring-42,wec-2016-r4-nurburgring,jonny-kane,2,platinum,true
wec-2016-r4-nurburgring-42,wec-2016-r4-nurburgring,lewis-williamson,3,silver,true
wec-2016-r4-nurburgring-44,wec-2016-r4-nurburgring,tor-graves,1,silver,true
wec-2016-r4-nurburgring-44,wec-2016-r4-nurburgring,antonio-pizzonia,2,platinum,true
wec-2016-r4-nurburgring-44,wec-2016-r4-nurburgring,matthew-howson,3,silver,true
wec-2016-r4-nurburgring-37,wec-2016-r4-nurburgring,vitaly-petrov,1,platinum,true
wec-2016-r4-nurburgring-37,wec-2016-r4-nurburgring,kirill-ladygin,2,gold,true
wec-2016-r4-nurburgring-37,wec-2016-r4-nurburgring,victor-shaitar,3,silver,true
wec-2016-r4-nurburgring-35,wec-2016-r4-nurburgring,david-cheng,1,silver,true
wec-2016-r4-nurburgring-35,wec-2016-r4-nurburgring,ho-pin-tung,2,gold,true
wec-2016-r4-nurburgring-35,wec-2016-r4-nurburgring,nelson-panciatici,3,platinum,true
wec-2016-r4-nurburgring-27,wec-2016-r4-nurburgring,nicolas-minassian,1,platinum,true
wec-2016-r4-nurburgring-27,wec-2016-r4-nurburgring,maurizio-mediani,2,silver,true
wec-2016-r4-nurburgring-30,wec-2016-r4-nurburgring,scott-sharp,1,platinum,true
wec-2016-r4-nurburgring-30,wec-2016-r4-nurburgring,ed-brown,2,bronze,true
wec-2016-r4-nurburgring-30,wec-2016-r4-nurburgring,johannes-van-overbeek,3,gold,true
wec-2016-r4-nurburgring-12,wec-2016-r4-nurburgring,nicolas-prost,1,platinum,true
wec-2016-r4-nurburgring-12,wec-2016-r4-nurburgring,nick-heidfeld,2,platinum,true
wec-2016-r4-nurburgring-12,wec-2016-r4-nurburgring,mathias-beche,3,platinum,true
wec-2016-r4-nurburgring-51,wec-2016-r4-nurburgring,gianmaria-bruni,1,platinum,true
wec-2016-r4-nurburgring-51,wec-2016-r4-nurburgring,james-calado,2,platinum,true
wec-2016-r4-nurburgring-71,wec-2016-r4-nurburgring,davide-rigon,1,platinum,true
wec-2016-r4-nurburgring-71,wec-2016-r4-nurburgring,sam-bird,2,platinum,true
wec-2016-r4-nurburgring-95,wec-2016-r4-nurburgring,nicki-thiim,1,gold,true
wec-2016-r4-nurburgring-95,wec-2016-r4-nurburgring,marco-sorensen,2,gold,true
wec-2016-r4-nurburgring-66,wec-2016-r4-nurburgring,stefan-mucke,1,platinum,true
wec-2016-r4-nurburgring-66,wec-2016-r4-nurburgring,olivier-pla,2,platinum,true
wec-2016-r4-nurburgring-97,wec-2016-r4-nurburgring,richie-stanaway,1,gold,true
wec-2016-r4-nurburgring-97,wec-2016-r4-nurburgring,darren-turner,2,platinum,true
wec-2016-r4-nurburgring-77,wec-2016-r4-nurburgring,richard-lietz,1,platinum,true
wec-2016-r4-nurburgring-77,wec-2016-r4-nurburgring,michael-christensen,2,platinum,true
wec-2016-r4-nurburgring-98,wec-2016-r4-nurburgring,paul-dalla-lana,1,bronze,true
wec-2016-r4-nurburgring-98,wec-2016-r4-nurburgring,pedro-lamy,2,platinum,true
wec-2016-r4-nurburgring-98,wec-2016-r4-nurburgring,mathias-lauda,3,silver,true
wec-2016-r4-nurburgring-83,wec-2016-r4-nurburgring,francois-perrodo,1,bronze,true
wec-2016-r4-nurburgring-83,wec-2016-r4-nurburgring,emmanuel-collard,2,platinum,true
wec-2016-r4-nurburgring-83,wec-2016-r4-nurburgring,rui-aguas,3,silver,true
wec-2016-r4-nurburgring-50,wec-2016-r4-nurburgring,yutaka-yamagishi,1,bronze,true
wec-2016-r4-nurburgring-50,wec-2016-r4-nurburgring,pierre-ragues,2,silver,true
wec-2016-r4-nurburgring-50,wec-2016-r4-nurburgring,paolo-ruberti,3,gold,true
wec-2016-r4-nurburgring-88,wec-2016-r4-nurburgring,khaled-al-qubaisi,1,bronze,true
wec-2016-r4-nurburgring-88,wec-2016-r4-nurburgring,david-heinemeier-hansson,2,silver,true
wec-2016-r4-nurburgring-88,wec-2016-r4-nurburgring,patrick-long,3,platinum,true
wec-2016-r4-nurburgring-86,wec-2016-r4-nurburgring,michael-wainwright,1,bronze,true
wec-2016-r4-nurburgring-86,wec-2016-r4-nurburgring,adam-carroll,2,platinum,true
wec-2016-r4-nurburgring-86,wec-2016-r4-nurburgring,ben-barker,3,silver,true
wec-2016-r4-nurburgring-67,wec-2016-r4-nurburgring,marino-franchitti,1,platinum,true
wec-2016-r4-nurburgring-67,wec-2016-r4-nurburgring,andy-priaulx,2,platinum,true
wec-2016-r4-nurburgring-67,wec-2016-r4-nurburgring,harry-tincknell,3,platinum,true
wec-2016-r4-nurburgring-45,wec-2016-r4-nurburgring,matthew-rao,1,silver,true
wec-2016-r4-nurburgring-45,wec-2016-r4-nurburgring,richard-bradley,2,gold,true
wec-2016-r4-nurburgring-45,wec-2016-r4-nurburgring,roberto-merhi,3,platinum,true
wec-2016-r4-nurburgring-4,wec-2016-r4-nurburgring,simon-trummer,1,gold,true
wec-2016-r4-nurburgring-4,wec-2016-r4-nurburgring,oliver-webb,2,gold,true
wec-2016-r4-nurburgring-4,wec-2016-r4-nurburgring,pierre-kaffer,3,platinum,true
wec-2016-r4-nurburgring-26,wec-2016-r4-nurburgring,roman-rusinov,1,silver,true
wec-2016-r4-nurburgring-26,wec-2016-r4-nurburgring,rene-rast,2,platinum,true
wec-2016-r4-nurburgring-26,wec-2016-r4-nurburgring,alex-brundle,3,gold,true
wec-2016-r4-nurburgring-78,wec-2016-r4-nurburgring,christian-ried,1,bronze,true
wec-2016-r4-nurburgring-78,wec-2016-r4-nurburgring,wolf-henzler,2,platinum,true
wec-2016-r4-nurburgring-78,wec-2016-r4-nurburgring,joel-camathias,3,silver,true
wec-2016-r5-mexico-city-1,wec-2016-r5-mexico-city,timo-bernhard,1,platinum,true
wec-2016-r5-mexico-city-1,wec-2016-r5-mexico-city,mark-webber,2,platinum,true
wec-2016-r5-mexico-city-1,wec-2016-r5-mexico-city,brendon-hartley,3,platinum,true
wec-2016-r5-mexico-city-7,wec-2016-r5-mexico-city,marcel-fassler,1,platinum,true
wec-2016-r5-mexico-city-7,wec-2016-r5-mexico-city,andre-lotterer,2,platinum,true
wec-2016-r5-mexico-city-6,wec-2016-r5-mexico-city,stephane-sarrazin,1,platinum,true
wec-2016-r5-mexico-city-6,wec-2016-r5-mexico-city,mike-conway,2,platinum,true
wec-2016-r5-mexico-city-6,wec-2016-r5-mexico-city,kamui-kobayashi,3,platinum,true
wec-2016-r5-mexico-city-2,wec-2016-r5-mexico-city,romain-dumas,1,platinum,true
wec-2016-r5-mexico-city-2,wec-2016-r5-mexico-city,neel-jani,2,platinum,true
wec-2016-r5-mexico-city-2,wec-2016-r5-mexico-city,marc-lieb,3,platinum,true
wec-2016-r5-mexico-city-13,wec-2016-r5-mexico-city,matheo-tuscher,1,silver,true
wec-2016-r5-mexico-city-13,wec-2016-r5-mexico-city,dominik-kraihamer,2,gold,true
wec-2016-r5-mexico-city-13,wec-2016-r5-mexico-city,alexandre-imperatori,3,gold,true
wec-2016-r5-mexico-city-43,wec-2016-r5-mexico-city,ricardo-gonzalez,1,silver,true
wec-2016-r5-mexico-city-43,wec-2016-r5-mexico-city,filipe-albuquerque,2,platinum,true
wec-2016-r5-mexico-city-43,wec-2016-r5-mexico-city,bruno-senna,3,platinum,true
wec-2016-r5-mexico-city-36,wec-2016-r5-mexico-city,gustavo-menezes,1,silver,true
wec-2016-r5-mexico-city-36,wec-2016-r5-mexico-city,nicolas-lapierre,2,platinum,true
wec-2016-r5-mexico-city-36,wec-2016-r5-mexico-city,stephane-richelmi,3,gold,true
wec-2016-r5-mexico-city-31,wec-2016-r5-mexico-city,ryan-dalziel,1,platinum,true
wec-2016-r5-mexico-city-31,wec-2016-r5-mexico-city,luis-felipe-derani,2,gold,true
wec-2016-r5-mexico-city-31,wec-2016-r5-mexico-city,christopher-cumming,3,bronze,true
wec-2016-r5-mexico-city-42,wec-2016-r5-mexico-city,nick-leventis,1,silver,true
wec-2016-r5-mexico-city-42,wec-2016-r5-mexico-city,lewis-williamson,2,silver,true
wec-2016-r5-mexico-city-42,wec-2016-r5-mexico-city,jonny-kane,3,platinum,true
wec-2016-r5-mexico-city-41,wec-2016-r5-mexico-city,roberto-gonzalez,1,silver,true
wec-2016-r5-mexico-city-41,wec-2016-r5-mexico-city,bruno-junqueira,2,gold,true
wec-2016-r5-mexico-city-41,wec-2016-r5-mexico-city,luis-diaz,3,gold,true
wec-2016-r5-mexico-city-35,wec-2016-r5-mexico-city,david-cheng,1,silver,true
wec-2016-r5-mexico-city-35,wec-2016-r5-mexico-city,ho-pin-tung,2,gold,true
wec-2016-r5-mexico-city-35,wec-2016-r5-mexico-city,nelson-panciatici,3,platinum,true
wec-2016-r5-mexico-city-27,wec-2016-r5-mexico-city,nicolas-minassian,1,platinum,true
wec-2016-r5-mexico-city-27,wec-2016-r5-mexico-city,maurizio-mediani,2,silver,true
wec-2016-r5-mexico-city-26,wec-2016-r5-mexico-city,roman-rusinov,1,silver,true
wec-2016-r5-mexico-city-26,wec-2016-r5-mexico-city,rene-rast,2,platinum,true
wec-2016-r5-mexico-city-26,wec-2016-r5-mexico-city,alex-brundle,3,gold,true
wec-2016-r5-mexico-city-30,wec-2016-r5-mexico-city,scott-sharp,1,platinum,true
wec-2016-r5-mexico-city-30,wec-2016-r5-mexico-city,ed-brown,2,bronze,true
wec-2016-r5-mexico-city-30,wec-2016-r5-mexico-city,johannes-van-overbeek,3,gold,true
wec-2016-r5-mexico-city-97,wec-2016-r5-mexico-city,richie-stanaway,1,gold,true
wec-2016-r5-mexico-city-97,wec-2016-r5-mexico-city,darren-turner,2,platinum,true
wec-2016-r5-mexico-city-51,wec-2016-r5-mexico-city,gianmaria-bruni,1,platinum,true
wec-2016-r5-mexico-city-51,wec-2016-r5-mexico-city,james-calado,2,platinum,true
wec-2016-r5-mexico-city-95,wec-2016-r5-mexico-city,nicki-thiim,1,gold,true
wec-2016-r5-mexico-city-95,wec-2016-r5-mexico-city,marco-sorensen,2,gold,true
wec-2016-r5-mexico-city-71,wec-2016-r5-mexico-city,davide-rigon,1,platinum,true
wec-2016-r5-mexico-city-71,wec-2016-r5-mexico-city,sam-bird,2,platinum,true
wec-2016-r5-mexico-city-67,wec-2016-r5-mexico-city,marino-franchitti,1,platinum,true
wec-2016-r5-mexico-city-67,wec-2016-r5-mexico-city,andy-priaulx,2,platinum,true
wec-2016-r5-mexico-city-67,wec-2016-r5-mexico-city,harry-tincknell,3,platinum,true
wec-2016-r5-mexico-city-77,wec-2016-r5-mexico-city,richard-lietz,1,platinum,true
wec-2016-r5-mexico-city-77,wec-2016-r5-mexico-city,michael-christensen,2,platinum,true
wec-2016-r5-mexico-city-4,wec-2016-r5-mexico-city,simon-trummer,1,gold,true
wec-2016-r5-mexico-city-4,wec-2016-r5-mexico-city,oliver-webb,2,gold,true
wec-2016-r5-mexico-city-4,wec-2016-r5-mexico-city,pierre-kaffer,3,platinum,true
wec-2016-r5-mexico-city-88,wec-2016-r5-mexico-city,khaled-al-qubaisi,1,bronze,true
wec-2016-r5-mexico-city-88,wec-2016-r5-mexico-city,david-heinemeier-hansson,2,silver,true
wec-2016-r5-mexico-city-88,wec-2016-r5-mexico-city,patrick-long,3,platinum,true
wec-2016-r5-mexico-city-83,wec-2016-r5-mexico-city,francois-perrodo,1,bronze,true
wec-2016-r5-mexico-city-83,wec-2016-r5-mexico-city,emmanuel-collard,2,platinum,true
wec-2016-r5-mexico-city-83,wec-2016-r5-mexico-city,rui-aguas,3,silver,true
wec-2016-r5-mexico-city-78,wec-2016-r5-mexico-city,christian-ried,1,bronze,true
wec-2016-r5-mexico-city-78,wec-2016-r5-mexico-city,wolf-henzler,2,platinum,true
wec-2016-r5-mexico-city-78,wec-2016-r5-mexico-city,joel-camathias,3,silver,true
wec-2016-r5-mexico-city-86,wec-2016-r5-mexico-city,michael-wainwright,1,bronze,true
wec-2016-r5-mexico-city-86,wec-2016-r5-mexico-city,adam-carroll,2,platinum,true
wec-2016-r5-mexico-city-86,wec-2016-r5-mexico-city,ben-barker,3,silver,true
wec-2016-r5-mexico-city-66,wec-2016-r5-mexico-city,stefan-mucke,1,platinum,true
wec-2016-r5-mexico-city-66,wec-2016-r5-mexico-city,olivier-pla,2,platinum,true
wec-2016-r5-mexico-city-8,wec-2016-r5-mexico-city,lucas-di-grassi,1,platinum,true
wec-2016-r5-mexico-city-8,wec-2016-r5-mexico-city,loic-duval,2,platinum,true
wec-2016-r5-mexico-city-8,wec-2016-r5-mexico-city,oliver-jarvis,3,platinum,true
wec-2016-r5-mexico-city-98,wec-2016-r5-mexico-city,paul-dalla-lana,1,bronze,true
wec-2016-r5-mexico-city-98,wec-2016-r5-mexico-city,pedro-lamy,2,platinum,true
wec-2016-r5-mexico-city-98,wec-2016-r5-mexico-city,mathias-lauda,3,silver,true
wec-2016-r5-mexico-city-50,wec-2016-r5-mexico-city,yutaka-yamagishi,1,bronze,true
wec-2016-r5-mexico-city-50,wec-2016-r5-mexico-city,pierre-ragues,2,silver,true
wec-2016-r5-mexico-city-50,wec-2016-r5-mexico-city,ricky-taylor,3,gold,true
wec-2016-r5-mexico-city-44,wec-2016-r5-mexico-city,matthew-rao,1,silver,true
wec-2016-r5-mexico-city-44,wec-2016-r5-mexico-city,richard-bradley,2,gold,true
wec-2016-r5-mexico-city-44,wec-2016-r5-mexico-city,alfonso-diaz-guerra,3,silver,true
wec-2016-r5-mexico-city-5,wec-2016-r5-mexico-city,sebastien-buemi,1,platinum,true
wec-2016-r5-mexico-city-5,wec-2016-r5-mexico-city,kazuki-nakajima,2,platinum,true
wec-2016-r5-mexico-city-37,wec-2016-r5-mexico-city,vitaly-petrov,1,platinum,true
wec-2016-r5-mexico-city-37,wec-2016-r5-mexico-city,kirill-ladygin,2,gold,true
wec-2016-r5-mexico-city-37,wec-2016-r5-mexico-city,victor-shaitar,3,silver,true
wec-2016-r6-cota-1,wec-2016-r6-cota,timo-bernhard,1,platinum,true
wec-2016-r6-cota-1,wec-2016-r6-cota,mark-webber,2,platinum,true
wec-2016-r6-cota-1,wec-2016-r6-cota,brendon-hartley,3,platinum,true
wec-2016-r6-cota-8,wec-2016-r6-cota,lucas-di-grassi,1,platinum,true
wec-2016-r6-cota-8,wec-2016-r6-cota,loic-duval,2,platinum,true
wec-2016-r6-cota-8,wec-2016-r6-cota,oliver-jarvis,3,platinum,true
wec-2016-r6-cota-6,wec-2016-r6-cota,stephane-sarrazin,1,platinum,true
wec-2016-r6-cota-6,wec-2016-r6-cota,mike-conway,2,platinum,true
wec-2016-r6-cota-6,wec-2016-r6-cota,kamui-kobayashi,3,platinum,true
wec-2016-r6-cota-2,wec-2016-r6-cota,romain-dumas,1,platinum,true
wec-2016-r6-cota-2,wec-2016-r6-cota,neel-jani,2,platinum,true
wec-2016-r6-cota-2,wec-2016-r6-cota,marc-lieb,3,platinum,true
wec-2016-r6-cota-5,wec-2016-r6-cota,anthony-davidson,1,platinum,true
wec-2016-r6-cota-5,wec-2016-r6-cota,sebastien-buemi,2,platinum,true
wec-2016-r6-cota-5,wec-2016-r6-cota,kazuki-nakajima,3,platinum,true
wec-2016-r6-cota-7,wec-2016-r6-cota,marcel-fassler,1,platinum,true
wec-2016-r6-cota-7,wec-2016-r6-cota,andre-lotterer,2,platinum,true
wec-2016-r6-cota-7,wec-2016-r6-cota,benoit-treluyer,3,platinum,true
wec-2016-r6-cota-13,wec-2016-r6-cota,matheo-tuscher,1,silver,true
wec-2016-r6-cota-13,wec-2016-r6-cota,dominik-kraihamer,2,gold,true
wec-2016-r6-cota-13,wec-2016-r6-cota,alexandre-imperatori,3,gold,true
wec-2016-r6-cota-36,wec-2016-r6-cota,gustavo-menezes,1,silver,true
wec-2016-r6-cota-36,wec-2016-r6-cota,nicolas-lapierre,2,platinum,true
wec-2016-r6-cota-36,wec-2016-r6-cota,stephane-richelmi,3,gold,true
wec-2016-r6-cota-43,wec-2016-r6-cota,ricardo-gonzalez,1,silver,true
wec-2016-r6-cota-43,wec-2016-r6-cota,filipe-albuquerque,2,platinum,true
wec-2016-r6-cota-43,wec-2016-r6-cota,bruno-senna,3,platinum,true
wec-2016-r6-cota-26,wec-2016-r6-cota,roman-rusinov,1,silver,true
wec-2016-r6-cota-26,wec-2016-r6-cota,rene-rast,2,platinum,true
wec-2016-r6-cota-26,wec-2016-r6-cota,alex-brundle,3,gold,true
wec-2016-r6-cota-4,wec-2016-r6-cota,simon-trummer,1,gold,true
wec-2016-r6-cota-4,wec-2016-r6-cota,oliver-webb,2,gold,true
wec-2016-r6-cota-27,wec-2016-r6-cota,nicolas-minassian,1,platinum,true
wec-2016-r6-cota-27,wec-2016-r6-cota,maurizio-mediani,2,silver,true
wec-2016-r6-cota-31,wec-2016-r6-cota,ryan-dalziel,1,platinum,true
wec-2016-r6-cota-31,wec-2016-r6-cota,luis-felipe-derani,2,gold,true
wec-2016-r6-cota-31,wec-2016-r6-cota,christopher-cumming,3,bronze,true
wec-2016-r6-cota-37,wec-2016-r6-cota,vitaly-petrov,1,platinum,true
wec-2016-r6-cota-37,wec-2016-r6-cota,kirill-ladygin,2,gold,true
wec-2016-r6-cota-37,wec-2016-r6-cota,victor-shaitar,3,silver,true
wec-2016-r6-cota-30,wec-2016-r6-cota,scott-sharp,1,platinum,true
wec-2016-r6-cota-30,wec-2016-r6-cota,ed-brown,2,bronze,true
wec-2016-r6-cota-30,wec-2016-r6-cota,johannes-van-overbeek,3,gold,true
wec-2016-r6-cota-95,wec-2016-r6-cota,nicki-thiim,1,gold,true
wec-2016-r6-cota-95,wec-2016-r6-cota,marco-sorensen,2,gold,true
wec-2016-r6-cota-51,wec-2016-r6-cota,gianmaria-bruni,1,platinum,true
wec-2016-r6-cota-51,wec-2016-r6-cota,james-calado,2,platinum,true
wec-2016-r6-cota-71,wec-2016-r6-cota,davide-rigon,1,platinum,true
wec-2016-r6-cota-71,wec-2016-r6-cota,sam-bird,2,platinum,true
wec-2016-r6-cota-67,wec-2016-r6-cota,marino-franchitti,1,platinum,true
wec-2016-r6-cota-67,wec-2016-r6-cota,andy-priaulx,2,platinum,true
wec-2016-r6-cota-67,wec-2016-r6-cota,harry-tincknell,3,platinum,true
wec-2016-r6-cota-97,wec-2016-r6-cota,darren-turner,1,platinum,true
wec-2016-r6-cota-97,wec-2016-r6-cota,fernando-rees,2,gold,true
wec-2016-r6-cota-77,wec-2016-r6-cota,richard-lietz,1,platinum,true
wec-2016-r6-cota-77,wec-2016-r6-cota,michael-christensen,2,platinum,true
wec-2016-r6-cota-98,wec-2016-r6-cota,paul-dalla-lana,1,bronze,true
wec-2016-r6-cota-98,wec-2016-r6-cota,pedro-lamy,2,platinum,true
wec-2016-r6-cota-98,wec-2016-r6-cota,mathias-lauda,3,silver,true
wec-2016-r6-cota-78,wec-2016-r6-cota,christian-ried,1,bronze,true
wec-2016-r6-cota-78,wec-2016-r6-cota,wolf-henzler,2,platinum,true
wec-2016-r6-cota-78,wec-2016-r6-cota,joel-camathias,3,silver,true
wec-2016-r6-cota-50,wec-2016-r6-cota,lars-viljoen,1,bronze,true
wec-2016-r6-cota-50,wec-2016-r6-cota,pierre-ragues,2,silver,true
wec-2016-r6-cota-50,wec-2016-r6-cota,ricky-taylor,3,gold,true
wec-2016-r6-cota-86,wec-2016-r6-cota,michael-wainwright,1,bronze,true
wec-2016-r6-cota-86,wec-2016-r6-cota,adam-carroll,2,platinum,true
wec-2016-r6-cota-86,wec-2016-r6-cota,ben-barker,3,silver,true
wec-2016-r6-cota-35,wec-2016-r6-cota,david-cheng,1,silver,true
wec-2016-r6-cota-35,wec-2016-r6-cota,ho-pin-tung,2,gold,true
wec-2016-r6-cota-35,wec-2016-r6-cota,nelson-panciatici,3,platinum,true
wec-2016-r6-cota-88,wec-2016-r6-cota,khaled-al-qubaisi,1,bronze,true
wec-2016-r6-cota-88,wec-2016-r6-cota,david-heinemeier-hansson,2,silver,true
wec-2016-r6-cota-88,wec-2016-r6-cota,kevin-estre,3,platinum,true
wec-2016-r6-cota-83,wec-2016-r6-cota,francois-perrodo,1,bronze,true
wec-2016-r6-cota-83,wec-2016-r6-cota,emmanuel-collard,2,platinum,true
wec-2016-r6-cota-83,wec-2016-r6-cota,rui-aguas,3,silver,true
wec-2016-r6-cota-66,wec-2016-r6-cota,stefan-mucke,1,platinum,true
wec-2016-r6-cota-66,wec-2016-r6-cota,olivier-pla,2,platinum,true
wec-2016-r6-cota-44,wec-2016-r6-cota,matthew-rao,1,silver,true
wec-2016-r6-cota-44,wec-2016-r6-cota,richard-bradley,2,gold,true
wec-2016-r6-cota-44,wec-2016-r6-cota,roberto-merhi,3,platinum,true
wec-2016-r6-cota-42,wec-2016-r6-cota,nick-leventis,1,silver,true
wec-2016-r6-cota-42,wec-2016-r6-cota,lewis-williamson,2,silver,true
wec-2016-r6-cota-42,wec-2016-r6-cota,jonny-kane,3,platinum,true
wec-2016-r7-fuji-6,wec-2016-r7-fuji,stephane-sarrazin,1,platinum,true
wec-2016-r7-fuji-6,wec-2016-r7-fuji,mike-conway,2,platinum,true
wec-2016-r7-fuji-6,wec-2016-r7-fuji,kamui-kobayashi,3,platinum,true
wec-2016-r7-fuji-8,wec-2016-r7-fuji,lucas-di-grassi,1,platinum,true
wec-2016-r7-fuji-8,wec-2016-r7-fuji,loic-duval,2,platinum,true
wec-2016-r7-fuji-8,wec-2016-r7-fuji,oliver-jarvis,3,platinum,true
wec-2016-r7-fuji-1,wec-2016-r7-fuji,timo-bernhard,1,platinum,true
wec-2016-r7-fuji-1,wec-2016-r7-fuji,mark-webber,2,platinum,true
wec-2016-r7-fuji-1,wec-2016-r7-fuji,brendon-hartley,3,platinum,true
wec-2016-r7-fuji-5,wec-2016-r7-fuji,anthony-davidson,1,platinum,true
wec-2016-r7-fuji-5,wec-2016-r7-fuji,sebastien-buemi,2,platinum,true
wec-2016-r7-fuji-5,wec-2016-r7-fuji,kazuki-nakajima,3,platinum,true
wec-2016-r7-fuji-2,wec-2016-r7-fuji,romain-dumas,1,platinum,true
wec-2016-r7-fuji-2,wec-2016-r7-fuji,neel-jani,2,platinum,true
wec-2016-r7-fuji-2,wec-2016-r7-fuji,marc-lieb,3,platinum,true
wec-2016-r7-fuji-13,wec-2016-r7-fuji,matheo-tuscher,1,silver,true
wec-2016-r7-fuji-13,wec-2016-r7-fuji,dominik-kraihamer,2,gold,true
wec-2016-r7-fuji-13,wec-2016-r7-fuji,alexandre-imperatori,3,gold,true
wec-2016-r7-fuji-26,wec-2016-r7-fuji,roman-rusinov,1,silver,true
wec-2016-r7-fuji-26,wec-2016-r7-fuji,alex-brundle,2,gold,true
wec-2016-r7-fuji-26,wec-2016-r7-fuji,will-stevens,3,platinum,true
wec-2016-r7-fuji-43,wec-2016-r7-fuji,ricardo-gonzalez,1,silver,true
wec-2016-r7-fuji-43,wec-2016-r7-fuji,filipe-albuquerque,2,platinum,true
wec-2016-r7-fuji-43,wec-2016-r7-fuji,bruno-senna,3,platinum,true
wec-2016-r7-fuji-36,wec-2016-r7-fuji,gustavo-menezes,1,silver,true
wec-2016-r7-fuji-36,wec-2016-r7-fuji,nicolas-lapierre,2,platinum,true
wec-2016-r7-fuji-36,wec-2016-r7-fuji,stephane-richelmi,3,gold,true
wec-2016-r7-fuji-30,wec-2016-r7-fuji,antonio-giovinazzi,1,gold,true
wec-2016-r7-fuji-30,wec-2016-r7-fuji,giedo-van-der-garde,2,platinum,true
wec-2016-r7-fuji-30,wec-2016-r7-fuji,sean-gelael,3,silver,true
wec-2016-r7-fuji-31,wec-2016-r7-fuji,ryan-dalziel,1,platinum,true
wec-2016-r7-fuji-31,wec-2016-r7-fuji,luis-felipe-derani,2,gold,true
wec-2016-r7-fuji-31,wec-2016-r7-fuji,christopher-cumming,3,bronze,true
wec-2016-r7-fuji-42,wec-2016-r7-fuji,jonny-kane,1,platinum,true
wec-2016-r7-fuji-42,wec-2016-r7-fuji,lewis-williamson,2,silver,true
wec-2016-r7-fuji-44,wec-2016-r7-fuji,matthew-rao,1,silver,true
wec-2016-r7-fuji-44,wec-2016-r7-fuji,richard-bradley,2,gold,true
wec-2016-r7-fuji-44,wec-2016-r7-fuji,roberto-merhi,3,platinum,true
wec-2016-r7-fuji-27,wec-2016-r7-fuji,nicolas-minassian,1,platinum,true
wec-2016-r7-fuji-27,wec-2016-r7-fuji,maurizio-mediani,2,silver,true
wec-2016-r7-fuji-27,wec-2016-r7-fuji,mikhail-aleshin,3,platinum,true
wec-2016-r7-fuji-35,wec-2016-r7-fuji,david-cheng,1,silver,true
wec-2016-r7-fuji-35,wec-2016-r7-fuji,ho-pin-tung,2,gold,true
wec-2016-r7-fuji-35,wec-2016-r7-fuji,paul-loup-chatin,3,gold,true
wec-2016-r7-fuji-37,wec-2016-r7-fuji,vitaly-petrov,1,platinum,true
wec-2016-r7-fuji-37,wec-2016-r7-fuji,kirill-ladygin,2,gold,true
wec-2016-r7-fuji-37,wec-2016-r7-fuji,victor-shaitar,3,silver,true
wec-2016-r7-fuji-67,wec-2016-r7-fuji,andy-priaulx,1,platinum,true
wec-2016-r7-fuji-67,wec-2016-r7-fuji,harry-tincknell,2,platinum,true
wec-2016-r7-fuji-66,wec-2016-r7-fuji,stefan-mucke,1,platinum,true
wec-2016-r7-fuji-66,wec-2016-r7-fuji,olivier-pla,2,platinum,true
wec-2016-r7-fuji-51,wec-2016-r7-fuji,gianmaria-bruni,1,platinum,true
wec-2016-r7-fuji-51,wec-2016-r7-fuji,james-calado,2,platinum,true
wec-2016-r7-fuji-71,wec-2016-r7-fuji,davide-rigon,1,platinum,true
wec-2016-r7-fuji-71,wec-2016-r7-fuji,sam-bird,2,platinum,true
wec-2016-r7-fuji-95,wec-2016-r7-fuji,nicki-thiim,1,gold,true
wec-2016-r7-fuji-95,wec-2016-r7-fuji,marco-sorensen,2,gold,true
wec-2016-r7-fuji-97,wec-2016-r7-fuji,richie-stanaway,1,gold,true
wec-2016-r7-fuji-97,wec-2016-r7-fuji,darren-turner,2,platinum,true
wec-2016-r7-fuji-77,wec-2016-r7-fuji,richard-lietz,1,platinum,true
wec-2016-r7-fuji-77,wec-2016-r7-fuji,michael-christensen,2,platinum,true
wec-2016-r7-fuji-98,wec-2016-r7-fuji,paul-dalla-lana,1,bronze,true
wec-2016-r7-fuji-98,wec-2016-r7-fuji,pedro-lamy,2,platinum,true
wec-2016-r7-fuji-98,wec-2016-r7-fuji,mathias-lauda,3,silver,true
wec-2016-r7-fuji-83,wec-2016-r7-fuji,francois-perrodo,1,bronze,true
wec-2016-r7-fuji-83,wec-2016-r7-fuji,emmanuel-collard,2,platinum,true
wec-2016-r7-fuji-83,wec-2016-r7-fuji,rui-aguas,3,silver,true
wec-2016-r7-fuji-78,wec-2016-r7-fuji,christian-ried,1,bronze,true
wec-2016-r7-fuji-78,wec-2016-r7-fuji,wolf-henzler,2,platinum,true
wec-2016-r7-fuji-78,wec-2016-r7-fuji,joel-camathias,3,silver,true
wec-2016-r7-fuji-86,wec-2016-r7-fuji,michael-wainwright,1,bronze,true
wec-2016-r7-fuji-86,wec-2016-r7-fuji,adam-carroll,2,platinum,true
wec-2016-r7-fuji-86,wec-2016-r7-fuji,ben-barker,3,silver,true
wec-2016-r7-fuji-88,wec-2016-r7-fuji,khaled-al-qubaisi,1,bronze,true
wec-2016-r7-fuji-88,wec-2016-r7-fuji,david-heinemeier-hansson,2,silver,true
wec-2016-r7-fuji-88,wec-2016-r7-fuji,patrick-long,3,platinum,true
wec-2016-r7-fuji-45,wec-2016-r7-fuji,tor-graves,1,silver,true
wec-2016-r7-fuji-45,wec-2016-r7-fuji,alex-lynn,2,platinum,true
wec-2016-r7-fuji-45,wec-2016-r7-fuji,shinji-nakano,3,platinum,true
wec-2016-r7-fuji-50,wec-2016-r7-fuji,yutaka-yamagishi,1,bronze,true
wec-2016-r7-fuji-50,wec-2016-r7-fuji,pierre-ragues,2,silver,true
wec-2016-r7-fuji-50,wec-2016-r7-fuji,ricky-taylor,3,gold,true
wec-2016-r7-fuji-4,wec-2016-r7-fuji,simon-trummer,1,gold,true
wec-2016-r7-fuji-4,wec-2016-r7-fuji,oliver-webb,2,gold,true
wec-2016-r7-fuji-4,wec-2016-r7-fuji,pierre-kaffer,3,platinum,true
wec-2016-r7-fuji-7,wec-2016-r7-fuji,marcel-fassler,1,platinum,true
wec-2016-r7-fuji-7,wec-2016-r7-fuji,andre-lotterer,2,platinum,true
wec-2016-r7-fuji-7,wec-2016-r7-fuji,benoit-treluyer,3,platinum,true
wec-2016-r8-shanghai-1,wec-2016-r8-shanghai,timo-bernhard,1,platinum,true
wec-2016-r8-shanghai-1,wec-2016-r8-shanghai,mark-webber,2,platinum,true
wec-2016-r8-shanghai-1,wec-2016-r8-shanghai,brendon-hartley,3,platinum,true
wec-2016-r8-shanghai-6,wec-2016-r8-shanghai,stephane-sarrazin,1,platinum,true
wec-2016-r8-shanghai-6,wec-2016-r8-shanghai,mike-conway,2,platinum,true
wec-2016-r8-shanghai-6,wec-2016-r8-shanghai,kamui-kobayashi,3,platinum,true
wec-2016-r8-shanghai-5,wec-2016-r8-shanghai,anthony-davidson,1,platinum,true
wec-2016-r8-shanghai-5,wec-2016-r8-shanghai,sebastien-buemi,2,platinum,true
wec-2016-r8-shanghai-5,wec-2016-r8-shanghai,kazuki-nakajima,3,platinum,true
wec-2016-r8-shanghai-2,wec-2016-r8-shanghai,romain-dumas,1,platinum,true
wec-2016-r8-shanghai-2,wec-2016-r8-shanghai,neel-jani,2,platinum,true
wec-2016-r8-shanghai-2,wec-2016-r8-shanghai,marc-lieb,3,platinum,true
wec-2016-r8-shanghai-8,wec-2016-r8-shanghai,lucas-di-grassi,1,platinum,true
wec-2016-r8-shanghai-8,wec-2016-r8-shanghai,loic-duval,2,platinum,true
wec-2016-r8-shanghai-8,wec-2016-r8-shanghai,oliver-jarvis,3,platinum,true
wec-2016-r8-shanghai-7,wec-2016-r8-shanghai,marcel-fassler,1,platinum,true
wec-2016-r8-shanghai-7,wec-2016-r8-shanghai,andre-lotterer,2,platinum,true
wec-2016-r8-shanghai-7,wec-2016-r8-shanghai,benoit-treluyer,3,platinum,true
wec-2016-r8-shanghai-4,wec-2016-r8-shanghai,simon-trummer,1,gold,true
wec-2016-r8-shanghai-4,wec-2016-r8-shanghai,oliver-webb,2,gold,true
wec-2016-r8-shanghai-4,wec-2016-r8-shanghai,pierre-kaffer,3,platinum,true
wec-2016-r8-shanghai-26,wec-2016-r8-shanghai,roman-rusinov,1,silver,true
wec-2016-r8-shanghai-26,wec-2016-r8-shanghai,will-stevens,2,platinum,true
wec-2016-r8-shanghai-26,wec-2016-r8-shanghai,alex-brundle,3,gold,true
wec-2016-r8-shanghai-30,wec-2016-r8-shanghai,antonio-giovinazzi,1,gold,true
wec-2016-r8-shanghai-30,wec-2016-r8-shanghai,tom-blomqvist,2,platinum,true
wec-2016-r8-shanghai-30,wec-2016-r8-shanghai,sean-gelael,3,silver,true
wec-2016-r8-shanghai-43,wec-2016-r8-shanghai,ricardo-gonzalez,1,silver,true
wec-2016-r8-shanghai-43,wec-2016-r8-shanghai,filipe-albuquerque,2,platinum,true
wec-2016-r8-shanghai-43,wec-2016-r8-shanghai,bruno-senna,3,platinum,true
wec-2016-r8-shanghai-36,wec-2016-r8-shanghai,gustavo-menezes,1,silver,true
wec-2016-r8-shanghai-36,wec-2016-r8-shanghai,nicolas-lapierre,2,platinum,true
wec-2016-r8-shanghai-36,wec-2016-r8-shanghai,stephane-richelmi,3,gold,true
wec-2016-r8-shanghai-31,wec-2016-r8-shanghai,ryan-dalziel,1,platinum,true
wec-2016-r8-shanghai-31,wec-2016-r8-shanghai,luis-felipe-derani,2,gold,true
wec-2016-r8-shanghai-31,wec-2016-r8-shanghai,christopher-cumming,3,bronze,true
wec-2016-r8-shanghai-27,wec-2016-r8-shanghai,nicolas-minassian,1,platinum,true
wec-2016-r8-shanghai-27,wec-2016-r8-shanghai,maurizio-mediani,2,silver,true
wec-2016-r8-shanghai-27,wec-2016-r8-shanghai,mikhail-aleshin,3,platinum,true
wec-2016-r8-shanghai-37,wec-2016-r8-shanghai,vitaly-petrov,1,platinum,true
wec-2016-r8-shanghai-37,wec-2016-r8-shanghai,kirill-ladygin,2,gold,true
wec-2016-r8-shanghai-37,wec-2016-r8-shanghai,victor-shaitar,3,silver,true
wec-2016-r8-shanghai-35,wec-2016-r8-shanghai,david-cheng,1,silver,true
wec-2016-r8-shanghai-35,wec-2016-r8-shanghai,ho-pin-tung,2,gold,true
wec-2016-r8-shanghai-35,wec-2016-r8-shanghai,paul-loup-chatin,3,gold,true
wec-2016-r8-shanghai-44,wec-2016-r8-shanghai,matthew-rao,1,silver,true
wec-2016-r8-shanghai-44,wec-2016-r8-shanghai,richard-bradley,2,gold,true
wec-2016-r8-shanghai-44,wec-2016-r8-shanghai,alex-lynn,3,platinum,true
wec-2016-r8-shanghai-67,wec-2016-r8-shanghai,andy-priaulx,1,platinum,true
wec-2016-r8-shanghai-67,wec-2016-r8-shanghai,harry-tincknell,2,platinum,true
wec-2016-r8-shanghai-66,wec-2016-r8-shanghai,stefan-mucke,1,platinum,true
wec-2016-r8-shanghai-66,wec-2016-r8-shanghai,olivier-pla,2,platinum,true
wec-2016-r8-shanghai-51,wec-2016-r8-shanghai,gianmaria-bruni,1,platinum,true
wec-2016-r8-shanghai-51,wec-2016-r8-shanghai,james-calado,2,platinum,true
wec-2016-r8-shanghai-95,wec-2016-r8-shanghai,nicki-thiim,1,gold,true
wec-2016-r8-shanghai-95,wec-2016-r8-shanghai,marco-sorensen,2,gold,true
wec-2016-r8-shanghai-71,wec-2016-r8-shanghai,davide-rigon,1,platinum,true
wec-2016-r8-shanghai-71,wec-2016-r8-shanghai,sam-bird,2,platinum,true
wec-2016-r8-shanghai-77,wec-2016-r8-shanghai,richard-lietz,1,platinum,true
wec-2016-r8-shanghai-77,wec-2016-r8-shanghai,michael-christensen,2,platinum,true
wec-2016-r8-shanghai-98,wec-2016-r8-shanghai,paul-dalla-lana,1,bronze,true
wec-2016-r8-shanghai-98,wec-2016-r8-shanghai,pedro-lamy,2,platinum,true
wec-2016-r8-shanghai-98,wec-2016-r8-shanghai,mathias-lauda,3,silver,true
wec-2016-r8-shanghai-13,wec-2016-r8-shanghai,matheo-tuscher,1,silver,true
wec-2016-r8-shanghai-13,wec-2016-r8-shanghai,dominik-kraihamer,2,gold,true
wec-2016-r8-shanghai-13,wec-2016-r8-shanghai,alexandre-imperatori,3,gold,true
wec-2016-r8-shanghai-83,wec-2016-r8-shanghai,francois-perrodo,1,bronze,true
wec-2016-r8-shanghai-83,wec-2016-r8-shanghai,emmanuel-collard,2,platinum,true
wec-2016-r8-shanghai-83,wec-2016-r8-shanghai,rui-aguas,3,silver,true
wec-2016-r8-shanghai-78,wec-2016-r8-shanghai,christian-ried,1,bronze,true
wec-2016-r8-shanghai-78,wec-2016-r8-shanghai,wolf-henzler,2,platinum,true
wec-2016-r8-shanghai-78,wec-2016-r8-shanghai,joel-camathias,3,silver,true
wec-2016-r8-shanghai-88,wec-2016-r8-shanghai,khaled-al-qubaisi,1,bronze,true
wec-2016-r8-shanghai-88,wec-2016-r8-shanghai,david-heinemeier-hansson,2,silver,true
wec-2016-r8-shanghai-88,wec-2016-r8-shanghai,patrick-long,3,platinum,true
wec-2016-r8-shanghai-50,wec-2016-r8-shanghai,pierre-ragues,1,silver,true
wec-2016-r8-shanghai-50,wec-2016-r8-shanghai,ricky-taylor,2,gold,true
wec-2016-r8-shanghai-50,wec-2016-r8-shanghai,romain-brandela,3,bronze,true
wec-2016-r8-shanghai-86,wec-2016-r8-shanghai,michael-wainwright,1,bronze,true
wec-2016-r8-shanghai-86,wec-2016-r8-shanghai,adam-carroll,2,platinum,true
wec-2016-r8-shanghai-86,wec-2016-r8-shanghai,ben-barker,3,silver,true
wec-2016-r8-shanghai-97,wec-2016-r8-shanghai,richie-stanaway,1,gold,true
wec-2016-r8-shanghai-97,wec-2016-r8-shanghai,darren-turner,2,platinum,true
wec-2016-r8-shanghai-45,wec-2016-r8-shanghai,tor-graves,1,silver,true
wec-2016-r8-shanghai-45,wec-2016-r8-shanghai,roberto-gonzalez,2,silver,true
wec-2016-r8-shanghai-45,wec-2016-r8-shanghai,mathias-beche,3,platinum,true
wec-2016-r9-bahrain-8,wec-2016-r9-bahrain,lucas-di-grassi,1,platinum,true
wec-2016-r9-bahrain-8,wec-2016-r9-bahrain,loic-duval,2,platinum,true
wec-2016-r9-bahrain-8,wec-2016-r9-bahrain,oliver-jarvis,3,platinum,true
wec-2016-r9-bahrain-7,wec-2016-r9-bahrain,marcel-fassler,1,platinum,true
wec-2016-r9-bahrain-7,wec-2016-r9-bahrain,andre-lotterer,2,platinum,true
wec-2016-r9-bahrain-7,wec-2016-r9-bahrain,benoit-treluyer,3,platinum,true
wec-2016-r9-bahrain-1,wec-2016-r9-bahrain,timo-bernhard,1,platinum,true
wec-2016-r9-bahrain-1,wec-2016-r9-bahrain,mark-webber,2,platinum,true
wec-2016-r9-bahrain-1,wec-2016-r9-bahrain,brendon-hartley,3,platinum,true
wec-2016-r9-bahrain-5,wec-2016-r9-bahrain,anthony-davidson,1,platinum,true
wec-2016-r9-bahrain-5,wec-2016-r9-bahrain,sebastien-buemi,2,platinum,true
wec-2016-r9-bahrain-5,wec-2016-r9-bahrain,kazuki-nakajima,3,platinum,true
wec-2016-r9-bahrain-6,wec-2016-r9-bahrain,stephane-sarrazin,1,platinum,true
wec-2016-r9-bahrain-6,wec-2016-r9-bahrain,mike-conway,2,platinum,true
wec-2016-r9-bahrain-6,wec-2016-r9-bahrain,kamui-kobayashi,3,platinum,true
wec-2016-r9-bahrain-2,wec-2016-r9-bahrain,romain-dumas,1,platinum,true
wec-2016-r9-bahrain-2,wec-2016-r9-bahrain,neel-jani,2,platinum,true
wec-2016-r9-bahrain-2,wec-2016-r9-bahrain,marc-lieb,3,platinum,true
wec-2016-r9-bahrain-13,wec-2016-r9-bahrain,matheo-tuscher,1,silver,true
wec-2016-r9-bahrain-13,wec-2016-r9-bahrain,dominik-kraihamer,2,gold,true
wec-2016-r9-bahrain-13,wec-2016-r9-bahrain,alexandre-imperatori,3,gold,true
wec-2016-r9-bahrain-4,wec-2016-r9-bahrain,simon-trummer,1,gold,true
wec-2016-r9-bahrain-4,wec-2016-r9-bahrain,oliver-webb,2,gold,true
wec-2016-r9-bahrain-4,wec-2016-r9-bahrain,pierre-kaffer,3,platinum,true
wec-2016-r9-bahrain-26,wec-2016-r9-bahrain,roman-rusinov,1,silver,true
wec-2016-r9-bahrain-26,wec-2016-r9-bahrain,rene-rast,2,platinum,true
wec-2016-r9-bahrain-26,wec-2016-r9-bahrain,alex-brundle,3,gold,true
wec-2016-r9-bahrain-43,wec-2016-r9-bahrain,ricardo-gonzalez,1,silver,true
wec-2016-r9-bahrain-43,wec-2016-r9-bahrain,filipe-albuquerque,2,platinum,true
wec-2016-r9-bahrain-43,wec-2016-r9-bahrain,bruno-senna,3,platinum,true
wec-2016-r9-bahrain-36,wec-2016-r9-bahrain,gustavo-menezes,1,silver,true
wec-2016-r9-bahrain-36,wec-2016-r9-bahrain,nicolas-lapierre,2,platinum,true
wec-2016-r9-bahrain-36,wec-2016-r9-bahrain,stephane-richelmi,3,gold,true
wec-2016-r9-bahrain-31,wec-2016-r9-bahrain,ryan-dalziel,1,platinum,true
wec-2016-r9-bahrain-31,wec-2016-r9-bahrain,luis-felipe-derani,2,gold,true
wec-2016-r9-bahrain-31,wec-2016-r9-bahrain,christopher-cumming,3,bronze,true
wec-2016-r9-bahrain-30,wec-2016-r9-bahrain,tom-dillmann,1,gold,true
wec-2016-r9-bahrain-30,wec-2016-r9-bahrain,giedo-van-der-garde,2,platinum,true
wec-2016-r9-bahrain-30,wec-2016-r9-bahrain,sean-gelael,3,silver,true
wec-2016-r9-bahrain-35,wec-2016-r9-bahrain,david-cheng,1,silver,true
wec-2016-r9-bahrain-35,wec-2016-r9-bahrain,ho-pin-tung,2,gold,true
wec-2016-r9-bahrain-35,wec-2016-r9-bahrain,paul-loup-chatin,3,gold,true
wec-2016-r9-bahrain-45,wec-2016-r9-bahrain,julien-canal,1,silver,true
wec-2016-r9-bahrain-45,wec-2016-r9-bahrain,roberto-gonzalez,2,silver,true
wec-2016-r9-bahrain-45,wec-2016-r9-bahrain,roberto-merhi,3,platinum,true
wec-2016-r9-bahrain-37,wec-2016-r9-bahrain,vitaly-petrov,1,platinum,true
wec-2016-r9-bahrain-37,wec-2016-r9-bahrain,kirill-ladygin,2,gold,true
wec-2016-r9-bahrain-37,wec-2016-r9-bahrain,victor-shaitar,3,silver,true
wec-2016-r9-bahrain-27,wec-2016-r9-bahrain,nicolas-minassian,1,platinum,true
wec-2016-r9-bahrain-27,wec-2016-r9-bahrain,maurizio-mediani,2,silver,true
wec-2016-r9-bahrain-27,wec-2016-r9-bahrain,mikhail-aleshin,3,platinum,true
wec-2016-r9-bahrain-44,wec-2016-r9-bahrain,matthew-rao,1,silver,true
wec-2016-r9-bahrain-44,wec-2016-r9-bahrain,richard-bradley,2,gold,true
wec-2016-r9-bahrain-44,wec-2016-r9-bahrain,alex-lynn,3,platinum,true
wec-2016-r9-bahrain-95,wec-2016-r9-bahrain,nicki-thiim,1,gold,true
wec-2016-r9-bahrain-95,wec-2016-r9-bahrain,marco-sorensen,2,gold,true
wec-2016-r9-bahrain-51,wec-2016-r9-bahrain,gianmaria-bruni,1,platinum,true
wec-2016-r9-bahrain-51,wec-2016-r9-bahrain,james-calado,2,platinum,true
wec-2016-r9-bahrain-71,wec-2016-r9-bahrain,davide-rigon,1,platinum,true
wec-2016-r9-bahrain-71,wec-2016-r9-bahrain,sam-bird,2,platinum,true
wec-2016-r9-bahrain-67,wec-2016-r9-bahrain,andy-priaulx,1,platinum,true
wec-2016-r9-bahrain-67,wec-2016-r9-bahrain,harry-tincknell,2,platinum,true
wec-2016-r9-bahrain-97,wec-2016-r9-bahrain,jonathan-adam,1,gold,true
wec-2016-r9-bahrain-97,wec-2016-r9-bahrain,darren-turner,2,platinum,true
wec-2016-r9-bahrain-66,wec-2016-r9-bahrain,stefan-mucke,1,platinum,true
wec-2016-r9-bahrain-66,wec-2016-r9-bahrain,olivier-pla,2,platinum,true
wec-2016-r9-bahrain-77,wec-2016-r9-bahrain,richard-lietz,1,platinum,true
wec-2016-r9-bahrain-77,wec-2016-r9-bahrain,michael-christensen,2,platinum,true
wec-2016-r9-bahrain-88,wec-2016-r9-bahrain,khaled-al-qubaisi,1,bronze,true
wec-2016-r9-bahrain-88,wec-2016-r9-bahrain,david-heinemeier-hansson,2,silver,true
wec-2016-r9-bahrain-88,wec-2016-r9-bahrain,patrick-long,3,platinum,true
wec-2016-r9-bahrain-78,wec-2016-r9-bahrain,christian-ried,1,bronze,true
wec-2016-r9-bahrain-78,wec-2016-r9-bahrain,wolf-henzler,2,platinum,true
wec-2016-r9-bahrain-78,wec-2016-r9-bahrain,joel-camathias,3,silver,true
wec-2016-r9-bahrain-83,wec-2016-r9-bahrain,francois-perrodo,1,bronze,true
wec-2016-r9-bahrain-83,wec-2016-r9-bahrain,emmanuel-collard,2,platinum,true
wec-2016-r9-bahrain-83,wec-2016-r9-bahrain,rui-aguas,3,silver,true
wec-2016-r9-bahrain-86,wec-2016-r9-bahrain,michael-wainwright,1,bronze,true
wec-2016-r9-bahrain-86,wec-2016-r9-bahrain,adam-carroll,2,platinum,true
wec-2016-r9-bahrain-86,wec-2016-r9-bahrain,ben-barker,3,silver,true
wec-2016-r9-bahrain-50,wec-2016-r9-bahrain,pierre-ragues,1,silver,true
wec-2016-r9-bahrain-50,wec-2016-r9-bahrain,ricky-taylor,2,gold,true
wec-2016-r9-bahrain-50,wec-2016-r9-bahrain,romain-brandela,3,bronze,true
wec-2016-r9-bahrain-98,wec-2016-r9-bahrain,paul-dalla-lana,1,bronze,true
wec-2016-r9-bahrain-98,wec-2016-r9-bahrain,pedro-lamy,2,platinum,true
wec-2016-r9-bahrain-98,wec-2016-r9-bahrain,mathias-lauda,3,silver,true
wec-2017-r1-silverstone-8,wec-2017-r1-silverstone,sebastien-buemi,1,platinum,true
wec-2017-r1-silverstone-8,wec-2017-r1-silverstone,anthony-davidson,2,platinum,true
wec-2017-r1-silverstone-8,wec-2017-r1-silverstone,kazuki-nakajima,3,platinum,true
wec-2017-r1-silverstone-2,wec-2017-r1-silverstone,timo-bernhard,1,platinum,true
wec-2017-r1-silverstone-2,wec-2017-r1-silverstone,earl-bamber,2,platinum,true
wec-2017-r1-silverstone-2,wec-2017-r1-silverstone,brendon-hartley,3,platinum,true
wec-2017-r1-silverstone-1,wec-2017-r1-silverstone,neel-jani,1,platinum,true
wec-2017-r1-silverstone-1,wec-2017-r1-silverstone,andre-lotterer,2,platinum,true
wec-2017-r1-silverstone-1,wec-2017-r1-silverstone,nick-tandy,3,platinum,true
wec-2017-r1-silverstone-38,wec-2017-r1-silverstone,ho-pin-tung,1,gold,true
wec-2017-r1-silverstone-38,wec-2017-r1-silverstone,oliver-jarvis,2,platinum,true
wec-2017-r1-silverstone-38,wec-2017-r1-silverstone,thomas-laurent,3,silver,true
wec-2017-r1-silverstone-31,wec-2017-r1-silverstone,julien-canal,1,silver,true
wec-2017-r1-silverstone-31,wec-2017-r1-silverstone,nicolas-prost,2,platinum,true
wec-2017-r1-silverstone-31,wec-2017-r1-silverstone,bruno-senna,3,platinum,true
wec-2017-r1-silverstone-28,wec-2017-r1-silverstone,francois-perrodo,1,bronze,true
wec-2017-r1-silverstone-28,wec-2017-r1-silverstone,matthieu-vaxiviere,2,gold,true
wec-2017-r1-silverstone-28,wec-2017-r1-silverstone,emmanuel-collard,3,platinum,true
wec-2017-r1-silverstone-36,wec-2017-r1-silverstone,nicolas-lapierre,1,platinum,true
wec-2017-r1-silverstone-36,wec-2017-r1-silverstone,gustavo-menezes,2,gold,true
wec-2017-r1-silverstone-36,wec-2017-r1-silverstone,matthew-rao,3,silver,true
wec-2017-r1-silverstone-26,wec-2017-r1-silverstone,roman-rusinov,1,gold,true
wec-2017-r1-silverstone-26,wec-2017-r1-silverstone,pierre-thiriet,2,silver,true
wec-2017-r1-silverstone-26,wec-2017-r1-silverstone,alex-lynn,3,platinum,true
wec-2017-r1-silverstone-24,wec-2017-r1-silverstone,tor-graves,1,silver,true
wec-2017-r1-silverstone-24,wec-2017-r1-silverstone,jonathan-hirschi,2,gold,true
wec-2017-r1-silverstone-24,wec-2017-r1-silverstone,jean-eric-vergne,3,platinum,true
wec-2017-r1-silverstone-25,wec-2017-r1-silverstone,roberto-gonzalez,1,silver,true
wec-2017-r1-silverstone-25,wec-2017-r1-silverstone,simon-trummer,2,gold,true
wec-2017-r1-silverstone-25,wec-2017-r1-silverstone,vitaly-petrov,3,platinum,true
wec-2017-r1-silverstone-37,wec-2017-r1-silverstone,david-cheng,1,silver,true
wec-2017-r1-silverstone-37,wec-2017-r1-silverstone,alex-brundle,2,gold,true
wec-2017-r1-silverstone-37,wec-2017-r1-silverstone,tristan-gommendy,3,platinum,true
wec-2017-r1-silverstone-13,wec-2017-r1-silverstone,mathias-beche,1,platinum,true
wec-2017-r1-silverstone-13,wec-2017-r1-silverstone,david-heinemeier-hansson,2,silver,true
wec-2017-r1-silverstone-13,wec-2017-r1-silverstone,nelson-piquet-jr,3,platinum,true
wec-2017-r1-silverstone-67,wec-2017-r1-silverstone,andy-priaulx,1,platinum,true
wec-2017-r1-silverstone-67,wec-2017-r1-silverstone,harry-tincknell,2,platinum,true
wec-2017-r1-silverstone-67,wec-2017-r1-silverstone,luis-felipe-derani,3,gold,true
wec-2017-r1-silverstone-51,wec-2017-r1-silverstone,james-calado,1,platinum,true
wec-2017-r1-silverstone-51,wec-2017-r1-silverstone,alessandro-pier-guidi,2,gold,true
wec-2017-r1-silverstone-91,wec-2017-r1-silverstone,richard-lietz,1,platinum,true
wec-2017-r1-silverstone-91,wec-2017-r1-silverstone,frederic-makowiecki,2,platinum,true
wec-2017-r1-silverstone-66,wec-2017-r1-silverstone,stefan-mucke,1,platinum,true
wec-2017-r1-silverstone-66,wec-2017-r1-silverstone,olivier-pla,2,platinum,true
wec-2017-r1-silverstone-66,wec-2017-r1-silverstone,billy-johnson,3,platinum,true
wec-2017-r1-silverstone-71,wec-2017-r1-silverstone,davide-rigon,1,platinum,true
wec-2017-r1-silverstone-71,wec-2017-r1-silverstone,sam-bird,2,platinum,true
wec-2017-r1-silverstone-95,wec-2017-r1-silverstone,nicki-thiim,1,platinum,true
wec-2017-r1-silverstone-95,wec-2017-r1-silverstone,marco-sorensen,2,gold,true
wec-2017-r1-silverstone-95,wec-2017-r1-silverstone,richie-stanaway,3,platinum,true
wec-2017-r1-silverstone-97,wec-2017-r1-silverstone,darren-turner,1,platinum,true
wec-2017-r1-silverstone-97,wec-2017-r1-silverstone,jonathan-adam,2,gold,true
wec-2017-r1-silverstone-97,wec-2017-r1-silverstone,daniel-serra,3,gold,true
wec-2017-r1-silverstone-61,wec-2017-r1-silverstone,weng-sun-mok,1,bronze,true
wec-2017-r1-silverstone-61,wec-2017-r1-silverstone,keita-sawa,2,silver,true
wec-2017-r1-silverstone-61,wec-2017-r1-silverstone,matt-griffin,3,gold,true
wec-2017-r1-silverstone-98,wec-2017-r1-silverstone,paul-dalla-lana,1,bronze,true
wec-2017-r1-silverstone-98,wec-2017-r1-silverstone,pedro-lamy,2,platinum,true
wec-2017-r1-silverstone-98,wec-2017-r1-silverstone,mathias-lauda,3,silver,true
wec-2017-r1-silverstone-77,wec-2017-r1-silverstone,christian-ried,1,bronze,true
wec-2017-r1-silverstone-77,wec-2017-r1-silverstone,matteo-cairoli,2,gold,true
wec-2017-r1-silverstone-77,wec-2017-r1-silverstone,marvin-dienst,3,silver,true
wec-2017-r1-silverstone-7,wec-2017-r1-silverstone,mike-conway,1,platinum,true
wec-2017-r1-silverstone-7,wec-2017-r1-silverstone,kamui-kobayashi,2,platinum,true
wec-2017-r1-silverstone-7,wec-2017-r1-silverstone,jose-maria-lopez,3,platinum,true
wec-2017-r1-silverstone-86,wec-2017-r1-silverstone,michael-wainwright,1,bronze,true
wec-2017-r1-silverstone-86,wec-2017-r1-silverstone,benjamin-barker,2,gold,true
wec-2017-r1-silverstone-86,wec-2017-r1-silverstone,nicholas-foster,3,silver,true
wec-2017-r1-silverstone-54,wec-2017-r1-silverstone,thomas-flohr,1,bronze,true
wec-2017-r1-silverstone-54,wec-2017-r1-silverstone,francesco-castellacci,2,silver,true
wec-2017-r1-silverstone-54,wec-2017-r1-silverstone,miguel-molina,3,platinum,true
wec-2017-r1-silverstone-4,wec-2017-r1-silverstone,oliver-webb,1,gold,true
wec-2017-r1-silverstone-4,wec-2017-r1-silverstone,dominik-kraihamer,2,gold,true
wec-2017-r1-silverstone-4,wec-2017-r1-silverstone,james-rossiter,3,platinum,true
wec-2017-r1-silverstone-92,wec-2017-r1-silverstone,michael-christensen,1,platinum,true
wec-2017-r1-silverstone-92,wec-2017-r1-silverstone,kevin-estre,2,platinum,true
wec-2017-r2-spa-8,wec-2017-r2-spa,sebastien-buemi,1,platinum,true
wec-2017-r2-spa-8,wec-2017-r2-spa,anthony-davidson,2,platinum,true
wec-2017-r2-spa-8,wec-2017-r2-spa,kazuki-nakajima,3,platinum,true
wec-2017-r2-spa-7,wec-2017-r2-spa,mike-conway,1,platinum,true
wec-2017-r2-spa-7,wec-2017-r2-spa,kamui-kobayashi,2,platinum,true
wec-2017-r2-spa-2,wec-2017-r2-spa,timo-bernhard,1,platinum,true
wec-2017-r2-spa-2,wec-2017-r2-spa,earl-bamber,2,platinum,true
wec-2017-r2-spa-2,wec-2017-r2-spa,brendon-hartley,3,platinum,true
wec-2017-r2-spa-1,wec-2017-r2-spa,neel-jani,1,platinum,true
wec-2017-r2-spa-1,wec-2017-r2-spa,andre-lotterer,2,platinum,true
wec-2017-r2-spa-1,wec-2017-r2-spa,nick-tandy,3,platinum,true
wec-2017-r2-spa-9,wec-2017-r2-spa,stephane-sarrazin,1,platinum,true
wec-2017-r2-spa-9,wec-2017-r2-spa,yuji-kunimoto,2,platinum,true
wec-2017-r2-spa-9,wec-2017-r2-spa,nicolas-lapierre,3,platinum,true
wec-2017-r2-spa-4,wec-2017-r2-spa,oliver-webb,1,gold,true
wec-2017-r2-spa-4,wec-2017-r2-spa,dominik-kraihamer,2,gold,true
wec-2017-r2-spa-4,wec-2017-r2-spa,james-rossiter,3,platinum,true
wec-2017-r2-spa-26,wec-2017-r2-spa,roman-rusinov,1,gold,true
wec-2017-r2-spa-26,wec-2017-r2-spa,pierre-thiriet,2,silver,true
wec-2017-r2-spa-26,wec-2017-r2-spa,alex-lynn,3,platinum,true
wec-2017-r2-spa-31,wec-2017-r2-spa,julien-canal,1,silver,true
wec-2017-r2-spa-31,wec-2017-r2-spa,nicolas-prost,2,platinum,true
wec-2017-r2-spa-31,wec-2017-r2-spa,bruno-senna,3,platinum,true
wec-2017-r2-spa-38,wec-2017-r2-spa,ho-pin-tung,1,gold,true
wec-2017-r2-spa-38,wec-2017-r2-spa,oliver-jarvis,2,platinum,true
wec-2017-r2-spa-38,wec-2017-r2-spa,thomas-laurent,3,silver,true
wec-2017-r2-spa-13,wec-2017-r2-spa,mathias-beche,1,platinum,true
wec-2017-r2-spa-13,wec-2017-r2-spa,david-heinemeier-hansson,2,silver,true
wec-2017-r2-spa-13,wec-2017-r2-spa,nelson-piquet-jr,3,platinum,true
wec-2017-r2-spa-36,wec-2017-r2-spa,romain-dumas,1,platinum,true
wec-2017-r2-spa-36,wec-2017-r2-spa,gustavo-menezes,2,gold,true
wec-2017-r2-spa-36,wec-2017-r2-spa,matthew-rao,3,silver,true
wec-2017-r2-spa-35,wec-2017-r2-spa,pierre-ragues,1,silver,true
wec-2017-r2-spa-35,wec-2017-r2-spa,andre-negrao,2,silver,true
wec-2017-r2-spa-35,wec-2017-r2-spa,nelson-panciatici,3,platinum,true
wec-2017-r2-spa-24,wec-2017-r2-spa,tor-graves,1,silver,true
wec-2017-r2-spa-24,wec-2017-r2-spa,jonathan-hirschi,2,gold,true
wec-2017-r2-spa-24,wec-2017-r2-spa,jean-eric-vergne,3,platinum,true
wec-2017-r2-spa-25,wec-2017-r2-spa,roberto-gonzalez,1,silver,true
wec-2017-r2-spa-25,wec-2017-r2-spa,simon-trummer,2,gold,true
wec-2017-r2-spa-25,wec-2017-r2-spa,vitaly-petrov,3,platinum,true
wec-2017-r2-spa-28,wec-2017-r2-spa,francois-perrodo,1,bronze,true
wec-2017-r2-spa-28,wec-2017-r2-spa,ben-hanley,2,gold,true
wec-2017-r2-spa-28,wec-2017-r2-spa,emmanuel-collard,3,platinum,true
wec-2017-r2-spa-37,wec-2017-r2-spa,david-cheng,1,silver,true
wec-2017-r2-spa-37,wec-2017-r2-spa,alex-brundle,2,gold,true
wec-2017-r2-spa-37,wec-2017-r2-spa,tristan-gommendy,3,platinum,true
wec-2017-r2-spa-71,wec-2017-r2-spa,davide-rigon,1,platinum,true
wec-2017-r2-spa-71,wec-2017-r2-spa,sam-bird,2,platinum,true
wec-2017-r2-spa-51,wec-2017-r2-spa,james-calado,1,platinum,true
wec-2017-r2-spa-51,wec-2017-r2-spa,alessandro-pier-guidi,2,gold,true
wec-2017-r2-spa-66,wec-2017-r2-spa,stefan-mucke,1,platinum,true
wec-2017-r2-spa-66,wec-2017-r2-spa,olivier-pla,2,platinum,true
wec-2017-r2-spa-66,wec-2017-r2-spa,billy-johnson,3,platinum,true
wec-2017-r2-spa-67,wec-2017-r2-spa,andy-priaulx,1,platinum,true
wec-2017-r2-spa-67,wec-2017-r2-spa,harry-tincknell,2,platinum,true
wec-2017-r2-spa-67,wec-2017-r2-spa,luis-felipe-derani,3,gold,true
wec-2017-r2-spa-91,wec-2017-r2-spa,richard-lietz,1,platinum,true
wec-2017-r2-spa-91,wec-2017-r2-spa,frederic-makowiecki,2,platinum,true
wec-2017-r2-spa-92,wec-2017-r2-spa,michael-christensen,1,platinum,true
wec-2017-r2-spa-92,wec-2017-r2-spa,kevin-estre,2,platinum,true
wec-2017-r2-spa-97,wec-2017-r2-spa,darren-turner,1,platinum,true
wec-2017-r2-spa-97,wec-2017-r2-spa,jonathan-adam,2,gold,true
wec-2017-r2-spa-97,wec-2017-r2-spa,daniel-serra,3,gold,true
wec-2017-r2-spa-95,wec-2017-r2-spa,nicki-thiim,1,platinum,true
wec-2017-r2-spa-95,wec-2017-r2-spa,marco-sorensen,2,gold,true
wec-2017-r2-spa-95,wec-2017-r2-spa,richie-stanaway,3,platinum,true
wec-2017-r2-spa-98,wec-2017-r2-spa,paul-dalla-lana,1,bronze,true
wec-2017-r2-spa-98,wec-2017-r2-spa,pedro-lamy,2,platinum,true
wec-2017-r2-spa-98,wec-2017-r2-spa,mathias-lauda,3,silver,true
wec-2017-r2-spa-77,wec-2017-r2-spa,christian-ried,1,bronze,true
wec-2017-r2-spa-77,wec-2017-r2-spa,matteo-cairoli,2,gold,true
wec-2017-r2-spa-77,wec-2017-r2-spa,marvin-dienst,3,silver,true
wec-2017-r2-spa-61,wec-2017-r2-spa,weng-sun-mok,1,bronze,true
wec-2017-r2-spa-61,wec-2017-r2-spa,keita-sawa,2,silver,true
wec-2017-r2-spa-61,wec-2017-r2-spa,matt-griffin,3,gold,true
wec-2017-r2-spa-54,wec-2017-r2-spa,thomas-flohr,1,bronze,true
wec-2017-r2-spa-54,wec-2017-r2-spa,francesco-castellacci,2,silver,true
wec-2017-r2-spa-54,wec-2017-r2-spa,miguel-molina,3,platinum,true
wec-2017-r2-spa-34,wec-2017-r2-spa,nigel-moore,1,silver,true
wec-2017-r2-spa-34,wec-2017-r2-spa,philip-hanson,2,silver,true
wec-2017-r2-spa-34,wec-2017-r2-spa,karun-chandhok,3,gold,true
wec-2017-r2-spa-86,wec-2017-r2-spa,michael-wainwright,1,bronze,true
wec-2017-r2-spa-86,wec-2017-r2-spa,benjamin-barker,2,gold,true
wec-2017-r2-spa-86,wec-2017-r2-spa,nicholas-foster,3,silver,true
wec-2017-r3-le-mans-2,wec-2017-r3-le-mans,timo-bernhard,1,platinum,true
wec-2017-r3-le-mans-2,wec-2017-r3-le-mans,earl-bamber,2,platinum,true
wec-2017-r3-le-mans-2,wec-2017-r3-le-mans,brendon-hartley,3,platinum,true
wec-2017-r3-le-mans-38,wec-2017-r3-le-mans,ho-pin-tung,1,gold,true
wec-2017-r3-le-mans-38,wec-2017-r3-le-mans,thomas-laurent,2,silver,true
wec-2017-r3-le-mans-38,wec-2017-r3-le-mans,oliver-jarvis,3,platinum,true
wec-2017-r3-le-mans-13,wec-2017-r3-le-mans,nelson-piquet-jr,1,platinum,true
wec-2017-r3-le-mans-13,wec-2017-r3-le-mans,david-heinemeier-hansson,2,silver,true
wec-2017-r3-le-mans-13,wec-2017-r3-le-mans,mathias-beche,3,platinum,true
wec-2017-r3-le-mans-37,wec-2017-r3-le-mans,david-cheng,1,silver,true
wec-2017-r3-le-mans-37,wec-2017-r3-le-mans,tristan-gommendy,2,platinum,true
wec-2017-r3-le-mans-37,wec-2017-r3-le-mans,alex-brundle,3,gold,true
wec-2017-r3-le-mans-35,wec-2017-r3-le-mans,nelson-panciatici,1,platinum,true
wec-2017-r3-le-mans-35,wec-2017-r3-le-mans,pierre-ragues,2,silver,true
wec-2017-r3-le-mans-35,wec-2017-r3-le-mans,andre-negrao,3,silver,true
wec-2017-r3-le-mans-32,wec-2017-r3-le-mans,will-owen,1,silver,true
wec-2017-r3-le-mans-32,wec-2017-r3-le-mans,hugo-de-sadeleer,2,silver,true
wec-2017-r3-le-mans-32,wec-2017-r3-le-mans,filipe-albuquerque,3,platinum,true
wec-2017-r3-le-mans-40,wec-2017-r3-le-mans,james-allen,1,silver,true
wec-2017-r3-le-mans-40,wec-2017-r3-le-mans,franck-matelli,2,silver,true
wec-2017-r3-le-mans-40,wec-2017-r3-le-mans,richard-bradley,3,gold,true
wec-2017-r3-le-mans-24,wec-2017-r3-le-mans,tor-graves,1,silver,true
wec-2017-r3-le-mans-24,wec-2017-r3-le-mans,jonathan-hirschi,2,gold,true
wec-2017-r3-le-mans-24,wec-2017-r3-le-mans,jean-eric-vergne,3,platinum,true
wec-2017-r3-le-mans-8,wec-2017-r3-le-mans,sebastien-buemi,1,platinum,true
wec-2017-r3-le-mans-8,wec-2017-r3-le-mans,anthony-davidson,2,platinum,true
wec-2017-r3-le-mans-8,wec-2017-r3-le-mans,kazuki-nakajima,3,platinum,true
wec-2017-r3-le-mans-47,wec-2017-r3-le-mans,roberto-lacorte,1,bronze,true
wec-2017-r3-le-mans-47,wec-2017-r3-le-mans,giorgio-sernagiotto,2,silver,true
wec-2017-r3-le-mans-47,wec-2017-r3-le-mans,andrea-belicchi,3,gold,true
wec-2017-r3-le-mans-36,wec-2017-r3-le-mans,romain-dumas,1,platinum,true
wec-2017-r3-le-mans-36,wec-2017-r3-le-mans,gustavo-menezes,2,gold,true
wec-2017-r3-le-mans-36,wec-2017-r3-le-mans,matthew-rao,3,silver,true
wec-2017-r3-le-mans-34,wec-2017-r3-le-mans,nigel-moore,1,silver,true
wec-2017-r3-le-mans-34,wec-2017-r3-le-mans,philip-hanson,2,silver,true
wec-2017-r3-le-mans-34,wec-2017-r3-le-mans,karun-chandhok,3,gold,true
wec-2017-r3-le-mans-17,wec-2017-r3-le-mans,patrice-lafargue,1,bronze,true
wec-2017-r3-le-mans-17,wec-2017-r3-le-mans,paul-lafargue,2,silver,true
wec-2017-r3-le-mans-17,wec-2017-r3-le-mans,david-zollinger,3,silver,true
wec-2017-r3-le-mans-29,wec-2017-r3-le-mans,jan-lammers,1,bronze,true
wec-2017-r3-le-mans-29,wec-2017-r3-le-mans,frits-van-eerd,2,bronze,true
wec-2017-r3-le-mans-29,wec-2017-r3-le-mans,rubens-barrichello,3,platinum,true
wec-2017-r3-le-mans-21,wec-2017-r3-le-mans,henrik-hedman,1,bronze,true
wec-2017-r3-le-mans-21,wec-2017-r3-le-mans,ben-hanley,2,gold,true
wec-2017-r3-le-mans-21,wec-2017-r3-le-mans,felix-rosenqvist,3,gold,true
wec-2017-r3-le-mans-33,wec-2017-r3-le-mans,jacques-nicolet,1,bronze,true
wec-2017-r3-le-mans-33,wec-2017-r3-le-mans,pierre-nicolet,2,silver,true
wec-2017-r3-le-mans-33,wec-2017-r3-le-mans,erik-maris,3,bronze,true
wec-2017-r3-le-mans-31,wec-2017-r3-le-mans,nicolas-prost,1,platinum,true
wec-2017-r3-le-mans-31,wec-2017-r3-le-mans,julien-canal,2,silver,true
wec-2017-r3-le-mans-31,wec-2017-r3-le-mans,bruno-senna,3,platinum,true
wec-2017-r3-le-mans-97,wec-2017-r3-le-mans,darren-turner,1,platinum,true
wec-2017-r3-le-mans-97,wec-2017-r3-le-mans,jonathan-adam,2,gold,true
wec-2017-r3-le-mans-97,wec-2017-r3-le-mans,daniel-serra,3,gold,true
wec-2017-r3-le-mans-67,wec-2017-r3-le-mans,andy-priaulx,1,platinum,true
wec-2017-r3-le-mans-67,wec-2017-r3-le-mans,harry-tincknell,2,platinum,true
wec-2017-r3-le-mans-67,wec-2017-r3-le-mans,luis-felipe-derani,3,gold,true
wec-2017-r3-le-mans-63,wec-2017-r3-le-mans,jan-magnussen,1,platinum,true
wec-2017-r3-le-mans-63,wec-2017-r3-le-mans,antonio-garcia,2,platinum,true
wec-2017-r3-le-mans-63,wec-2017-r3-le-mans,jordan-taylor,3,platinum,true
wec-2017-r3-le-mans-91,wec-2017-r3-le-mans,richard-lietz,1,platinum,true
wec-2017-r3-le-mans-91,wec-2017-r3-le-mans,frederic-makowiecki,2,platinum,true
wec-2017-r3-le-mans-91,wec-2017-r3-le-mans,patrick-pilet,3,platinum,true
wec-2017-r3-le-mans-71,wec-2017-r3-le-mans,davide-rigon,1,platinum,true
wec-2017-r3-le-mans-71,wec-2017-r3-le-mans,sam-bird,2,platinum,true
wec-2017-r3-le-mans-71,wec-2017-r3-le-mans,miguel-molina,3,platinum,true
wec-2017-r3-le-mans-68,wec-2017-r3-le-mans,joey-hand,1,platinum,true
wec-2017-r3-le-mans-68,wec-2017-r3-le-mans,dirk-muller,2,platinum,true
wec-2017-r3-le-mans-68,wec-2017-r3-le-mans,tony-kanaan,3,platinum,true
wec-2017-r3-le-mans-69,wec-2017-r3-le-mans,ryan-briscoe,1,platinum,true
wec-2017-r3-le-mans-69,wec-2017-r3-le-mans,richard-westbrook,2,platinum,true
wec-2017-r3-le-mans-69,wec-2017-r3-le-mans,scott-dixon,3,platinum,true
wec-2017-r3-le-mans-64,wec-2017-r3-le-mans,oliver-gavin,1,platinum,true
wec-2017-r3-le-mans-64,wec-2017-r3-le-mans,tommy-milner,2,platinum,true
wec-2017-r3-le-mans-64,wec-2017-r3-le-mans,marcel-fassler,3,platinum,true
wec-2017-r3-le-mans-95,wec-2017-r3-le-mans,nicki-thiim,1,platinum,true
wec-2017-r3-le-mans-95,wec-2017-r3-le-mans,marco-sorensen,2,gold,true
wec-2017-r3-le-mans-95,wec-2017-r3-le-mans,richie-stanaway,3,platinum,true
wec-2017-r3-le-mans-84,wec-2017-r3-le-mans,robert-smith,1,bronze,true
wec-2017-r3-le-mans-84,wec-2017-r3-le-mans,will-stevens,2,platinum,true
wec-2017-r3-le-mans-84,wec-2017-r3-le-mans,dries-vanthoor,3,silver,true
wec-2017-r3-le-mans-66,wec-2017-r3-le-mans,stefan-mucke,1,platinum,true
wec-2017-r3-le-mans-66,wec-2017-r3-le-mans,olivier-pla,2,platinum,true
wec-2017-r3-le-mans-66,wec-2017-r3-le-mans,billy-johnson,3,platinum,true
wec-2017-r3-le-mans-55,wec-2017-r3-le-mans,duncan-cameron,1,bronze,true
wec-2017-r3-le-mans-55,wec-2017-r3-le-mans,aaron-scott,2,silver,true
wec-2017-r3-le-mans-55,wec-2017-r3-le-mans,marco-cioci,3,gold,true
wec-2017-r3-le-mans-62,wec-2017-r3-le-mans,cooper-macneil,1,silver,true
wec-2017-r3-le-mans-62,wec-2017-r3-le-mans,william-sweedler,2,bronze,true
wec-2017-r3-le-mans-62,wec-2017-r3-le-mans,townsend-bell,3,gold,true
wec-2017-r3-le-mans-99,wec-2017-r3-le-mans,andrew-howard,1,bronze,true
wec-2017-r3-le-mans-99,wec-2017-r3-le-mans,ross-gunn,2,silver,true
wec-2017-r3-le-mans-99,wec-2017-r3-le-mans,oliver-bryant,3,silver,true
wec-2017-r3-le-mans-61,wec-2017-r3-le-mans,weng-sun-mok,1,bronze,true
wec-2017-r3-le-mans-61,wec-2017-r3-le-mans,keita-sawa,2,silver,true
wec-2017-r3-le-mans-61,wec-2017-r3-le-mans,matt-griffin,3,gold,true
wec-2017-r3-le-mans-45,wec-2017-r3-le-mans,mark-patterson,1,bronze,true
wec-2017-r3-le-mans-45,wec-2017-r3-le-mans,matthew-mcmurry,2,silver,true
wec-2017-r3-le-mans-45,wec-2017-r3-le-mans,vincent-capillaire,3,silver,true
wec-2017-r3-le-mans-27,wec-2017-r3-le-mans,mikhail-aleshin,1,platinum,true
wec-2017-r3-le-mans-27,wec-2017-r3-le-mans,sergey-sirotkin,2,platinum,true
wec-2017-r3-le-mans-27,wec-2017-r3-le-mans,victor-shaitar,3,silver,true
wec-2017-r3-le-mans-77,wec-2017-r3-le-mans,christian-ried,1,bronze,true
wec-2017-r3-le-mans-77,wec-2017-r3-le-mans,matteo-cairoli,2,gold,true
wec-2017-r3-le-mans-77,wec-2017-r3-le-mans,marvin-dienst,3,silver,true
wec-2017-r3-le-mans-90,wec-2017-r3-le-mans,salih-yoluc,1,bronze,true
wec-2017-r3-le-mans-90,wec-2017-r3-le-mans,euan-hankey,2,silver,true
wec-2017-r3-le-mans-90,wec-2017-r3-le-mans,rob-bell,3,platinum,true
wec-2017-r3-le-mans-98,wec-2017-r3-le-mans,paul-dalla-lana,1,bronze,true
wec-2017-r3-le-mans-98,wec-2017-r3-le-mans,pedro-lamy,2,platinum,true
wec-2017-r3-le-mans-98,wec-2017-r3-le-mans,mathias-lauda,3,silver,true
wec-2017-r3-le-mans-93,wec-2017-r3-le-mans,patrick-long,1,platinum,true
wec-2017-r3-le-mans-93,wec-2017-r3-le-mans,abdulaziz-al-faisal,2,silver,true
wec-2017-r3-le-mans-93,wec-2017-r3-le-mans,michael-hedlund,3,bronze,true
wec-2017-r3-le-mans-86,wec-2017-r3-le-mans,michael-wainwright,1,bronze,true
wec-2017-r3-le-mans-86,wec-2017-r3-le-mans,benjamin-barker,2,gold,true
wec-2017-r3-le-mans-86,wec-2017-r3-le-mans,nicholas-foster,3,silver,true
wec-2017-r3-le-mans-22,wec-2017-r3-le-mans,memo-rojas,1,gold,true
wec-2017-r3-le-mans-22,wec-2017-r3-le-mans,ryo-hirakawa,2,gold,true
wec-2017-r3-le-mans-22,wec-2017-r3-le-mans,jose-gutierrez,3,silver,true
wec-2017-r3-le-mans-60,wec-2017-r3-le-mans,richard-wee,1,bronze,true
wec-2017-r3-le-mans-60,wec-2017-r3-le-mans,hiroki-katoh,2,silver,true
wec-2017-r3-le-mans-60,wec-2017-r3-le-mans,alvaro-parente,3,platinum,true
wec-2017-r3-le-mans-54,wec-2017-r3-le-mans,thomas-flohr,1,bronze,true
wec-2017-r3-le-mans-54,wec-2017-r3-le-mans,francesco-castellacci,2,silver,true
wec-2017-r3-le-mans-54,wec-2017-r3-le-mans,olivier-beretta,3,platinum,true
wec-2017-r3-le-mans-83,wec-2017-r3-le-mans,tracy-krohn,1,bronze,true
wec-2017-r3-le-mans-83,wec-2017-r3-le-mans,niclas-jonsson,2,silver,true
wec-2017-r3-le-mans-83,wec-2017-r3-le-mans,andrea-bertolini,3,platinum,true
wec-2017-r3-le-mans-39,wec-2017-r3-le-mans,enzo-guibbert,1,silver,true
wec-2017-r3-le-mans-39,wec-2017-r3-le-mans,eric-trouillet,2,bronze,true
wec-2017-r3-le-mans-39,wec-2017-r3-le-mans,james-winslow,3,silver,true
wec-2017-r3-le-mans-65,wec-2017-r3-le-mans,christina-nielsen,1,silver,true
wec-2017-r3-le-mans-65,wec-2017-r3-le-mans,alessandro-balzan,2,gold,true
wec-2017-r3-le-mans-65,wec-2017-r3-le-mans,bret-curtis,3,bronze,true
wec-2017-r3-le-mans-49,wec-2017-r3-le-mans,miroslav-konopka,1,bronze,true
wec-2017-r3-le-mans-49,wec-2017-r3-le-mans,konstantin-calko,2,silver,true
wec-2017-r3-le-mans-49,wec-2017-r3-le-mans,rik-breukers,3,silver,true
wec-2017-r3-le-mans-51,wec-2017-r3-le-mans,james-calado,1,platinum,true
wec-2017-r3-le-mans-51,wec-2017-r3-le-mans,alessandro-pier-guidi,2,gold,true
wec-2017-r3-le-mans-51,wec-2017-r3-le-mans,michele-rugolo,3,gold,true
wec-2017-r3-le-mans-43,wec-2017-r3-le-mans,ben-keating,1,bronze,true
wec-2017-r3-le-mans-43,wec-2017-r3-le-mans,jeroen-bleekemolen,2,platinum,true
wec-2017-r3-le-mans-43,wec-2017-r3-le-mans,ricky-taylor,3,gold,true
wec-2017-r3-le-mans-50,wec-2017-r3-le-mans,fernando-rees,1,gold,true
wec-2017-r3-le-mans-50,wec-2017-r3-le-mans,romain-brandela,2,bronze,true
wec-2017-r3-le-mans-50,wec-2017-r3-le-mans,christian-philippon,3,bronze,true
wec-2017-r3-le-mans-1,wec-2017-r3-le-mans,neel-jani,1,platinum,true
wec-2017-r3-le-mans-1,wec-2017-r3-le-mans,andre-lotterer,2,platinum,true
wec-2017-r3-le-mans-1,wec-2017-r3-le-mans,nick-tandy,3,platinum,true
wec-2017-r3-le-mans-23,wec-2017-r3-le-mans,fabien-barthez,1,bronze,true
wec-2017-r3-le-mans-23,wec-2017-r3-le-mans,timothe-buret,2,silver,true
wec-2017-r3-le-mans-23,wec-2017-r3-le-mans,nathanael-berthon,3,gold,true
wec-2017-r3-le-mans-28,wec-2017-r3-le-mans,francois-perrodo,1,bronze,true
wec-2017-r3-le-mans-28,wec-2017-r3-le-mans,matthieu-vaxiviere,2,gold,true
wec-2017-r3-le-mans-28,wec-2017-r3-le-mans,emmanuel-collard,3,platinum,true
wec-2017-r3-le-mans-92,wec-2017-r3-le-mans,michael-christensen,1,platinum,true
wec-2017-r3-le-mans-92,wec-2017-r3-le-mans,kevin-estre,2,platinum,true
wec-2017-r3-le-mans-92,wec-2017-r3-le-mans,dirk-werner,3,platinum,true
wec-2017-r3-le-mans-9,wec-2017-r3-le-mans,nicolas-lapierre,1,platinum,true
wec-2017-r3-le-mans-9,wec-2017-r3-le-mans,yuji-kunimoto,2,platinum,true
wec-2017-r3-le-mans-9,wec-2017-r3-le-mans,jose-maria-lopez,3,platinum,true
wec-2017-r3-le-mans-7,wec-2017-r3-le-mans,mike-conway,1,platinum,true
wec-2017-r3-le-mans-7,wec-2017-r3-le-mans,kamui-kobayashi,2,platinum,true
wec-2017-r3-le-mans-7,wec-2017-r3-le-mans,stephane-sarrazin,3,platinum,true
wec-2017-r3-le-mans-25,wec-2017-r3-le-mans,roberto-gonzalez,1,silver,true
wec-2017-r3-le-mans-25,wec-2017-r3-le-mans,simon-trummer,2,gold,true
wec-2017-r3-le-mans-25,wec-2017-r3-le-mans,vitaly-petrov,3,platinum,true
wec-2017-r3-le-mans-82,wec-2017-r3-le-mans,toni-vilander,1,platinum,true
wec-2017-r3-le-mans-82,wec-2017-r3-le-mans,giancarlo-fisichella,2,platinum,true
wec-2017-r3-le-mans-82,wec-2017-r3-le-mans,pierre-kaffer,3,platinum,true
wec-2017-r3-le-mans-26,wec-2017-r3-le-mans,roman-rusinov,1,gold,true
wec-2017-r3-le-mans-26,wec-2017-r3-le-mans,pierre-thiriet,2,silver,true
wec-2017-r3-le-mans-26,wec-2017-r3-le-mans,alex-lynn,3,platinum,true
wec-2017-r3-le-mans-88,wec-2017-r3-le-mans,klaus-bachler,1,gold,true
wec-2017-r3-le-mans-88,wec-2017-r3-le-mans,stephane-lemeret,2,silver,true
wec-2017-r3-le-mans-88,wec-2017-r3-le-mans,khaled-al-qubaisi,3,bronze,true
wec-2017-r3-le-mans-4,wec-2017-r3-le-mans,oliver-webb,1,gold,true
wec-2017-r3-le-mans-4,wec-2017-r3-le-mans,dominik-kraihamer,2,gold,true
wec-2017-r3-le-mans-4,wec-2017-r3-le-mans,marco-bonanomi,3,platinum,true
wec-2017-r4-nurburgring-2,wec-2017-r4-nurburgring,timo-bernhard,1,platinum,true
wec-2017-r4-nurburgring-2,wec-2017-r4-nurburgring,earl-bamber,2,platinum,true
wec-2017-r4-nurburgring-2,wec-2017-r4-nurburgring,brendon-hartley,3,platinum,true
wec-2017-r4-nurburgring-1,wec-2017-r4-nurburgring,neel-jani,1,platinum,true
wec-2017-r4-nurburgring-1,wec-2017-r4-nurburgring,andre-lotterer,2,platinum,true
wec-2017-r4-nurburgring-1,wec-2017-r4-nurburgring,nick-tandy,3,platinum,true
wec-2017-r4-nurburgring-7,wec-2017-r4-nurburgring,mike-conway,1,platinum,true
wec-2017-r4-nurburgring-7,wec-2017-r4-nurburgring,kamui-kobayashi,2,platinum,true
wec-2017-r4-nurburgring-7,wec-2017-r4-nurburgring,jose-maria-lopez,3,platinum,true
wec-2017-r4-nurburgring-8,wec-2017-r4-nurburgring,sebastien-buemi,1,platinum,true
wec-2017-r4-nurburgring-8,wec-2017-r4-nurburgring,anthony-davidson,2,platinum,true
wec-2017-r4-nurburgring-8,wec-2017-r4-nurburgring,kazuki-nakajima,3,platinum,true
wec-2017-r4-nurburgring-38,wec-2017-r4-nurburgring,ho-pin-tung,1,gold,true
wec-2017-r4-nurburgring-38,wec-2017-r4-nurburgring,oliver-jarvis,2,platinum,true
wec-2017-r4-nurburgring-38,wec-2017-r4-nurburgring,thomas-laurent,3,silver,true
wec-2017-r4-nurburgring-31,wec-2017-r4-nurburgring,julien-canal,1,silver,true
wec-2017-r4-nurburgring-31,wec-2017-r4-nurburgring,bruno-senna,2,platinum,true
wec-2017-r4-nurburgring-31,wec-2017-r4-nurburgring,filipe-albuquerque,3,platinum,true
wec-2017-r4-nurburgring-36,wec-2017-r4-nurburgring,nicolas-lapierre,1,platinum,true
wec-2017-r4-nurburgring-36,wec-2017-r4-nurburgring,gustavo-menezes,2,gold,true
wec-2017-r4-nurburgring-36,wec-2017-r4-nurburgring,matthew-rao,3,silver,true
wec-2017-r4-nurburgring-13,wec-2017-r4-nurburgring,mathias-beche,1,platinum,true
wec-2017-r4-nurburgring-13,wec-2017-r4-nurburgring,david-heinemeier-hansson,2,silver,true
wec-2017-r4-nurburgring-13,wec-2017-r4-nurburgring,luis-felipe-derani,3,gold,true
wec-2017-r4-nurburgring-37,wec-2017-r4-nurburgring,david-cheng,1,silver,true
wec-2017-r4-nurburgring-37,wec-2017-r4-nurburgring,alex-brundle,2,gold,true
wec-2017-r4-nurburgring-37,wec-2017-r4-nurburgring,tristan-gommendy,3,platinum,true
wec-2017-r4-nurburgring-26,wec-2017-r4-nurburgring,roman-rusinov,1,gold,true
wec-2017-r4-nurburgring-26,wec-2017-r4-nurburgring,pierre-thiriet,2,silver,true
wec-2017-r4-nurburgring-26,wec-2017-r4-nurburgring,ben-hanley,3,gold,true
wec-2017-r4-nurburgring-25,wec-2017-r4-nurburgring,roberto-gonzalez,1,silver,true
wec-2017-r4-nurburgring-25,wec-2017-r4-nurburgring,simon-trummer,2,gold,true
wec-2017-r4-nurburgring-25,wec-2017-r4-nurburgring,vitaly-petrov,3,platinum,true
wec-2017-r4-nurburgring-28,wec-2017-r4-nurburgring,francois-perrodo,1,bronze,true
wec-2017-r4-nurburgring-28,wec-2017-r4-nurburgring,matthieu-vaxiviere,2,gold,true
wec-2017-r4-nurburgring-28,wec-2017-r4-nurburgring,emmanuel-collard,3,platinum,true
wec-2017-r4-nurburgring-24,wec-2017-r4-nurburgring,tor-graves,1,silver,true
wec-2017-r4-nurburgring-24,wec-2017-r4-nurburgring,jonathan-hirschi,2,gold,true
wec-2017-r4-nurburgring-24,wec-2017-r4-nurburgring,roberto-merhi,3,platinum,true
wec-2017-r4-nurburgring-4,wec-2017-r4-nurburgring,oliver-webb,1,gold,true
wec-2017-r4-nurburgring-4,wec-2017-r4-nurburgring,dominik-kraihamer,2,gold,true
wec-2017-r4-nurburgring-4,wec-2017-r4-nurburgring,marco-bonanomi,3,platinum,true
wec-2017-r4-nurburgring-51,wec-2017-r4-nurburgring,james-calado,1,platinum,true
wec-2017-r4-nurburgring-51,wec-2017-r4-nurburgring,alessandro-pier-guidi,2,gold,true
wec-2017-r4-nurburgring-91,wec-2017-r4-nurburgring,richard-lietz,1,platinum,true
wec-2017-r4-nurburgring-91,wec-2017-r4-nurburgring,frederic-makowiecki,2,platinum,true
wec-2017-r4-nurburgring-92,wec-2017-r4-nurburgring,michael-christensen,1,platinum,true
wec-2017-r4-nurburgring-92,wec-2017-r4-nurburgring,kevin-estre,2,platinum,true
wec-2017-r4-nurburgring-95,wec-2017-r4-nurburgring,nicki-thiim,1,platinum,true
wec-2017-r4-nurburgring-95,wec-2017-r4-nurburgring,marco-sorensen,2,gold,true
wec-2017-r4-nurburgring-67,wec-2017-r4-nurburgring,andy-priaulx,1,platinum,true
wec-2017-r4-nurburgring-67,wec-2017-r4-nurburgring,harry-tincknell,2,platinum,true
wec-2017-r4-nurburgring-66,wec-2017-r4-nurburgring,stefan-mucke,1,platinum,true
wec-2017-r4-nurburgring-66,wec-2017-r4-nurburgring,olivier-pla,2,platinum,true
wec-2017-r4-nurburgring-97,wec-2017-r4-nurburgring,darren-turner,1,platinum,true
wec-2017-r4-nurburgring-97,wec-2017-r4-nurburgring,jonathan-adam,2,gold,true
wec-2017-r4-nurburgring-97,wec-2017-r4-nurburgring,daniel-serra,3,gold,true
wec-2017-r4-nurburgring-77,wec-2017-r4-nurburgring,christian-ried,1,bronze,true
wec-2017-r4-nurburgring-77,wec-2017-r4-nurburgring,matteo-cairoli,2,gold,true
wec-2017-r4-nurburgring-77,wec-2017-r4-nurburgring,marvin-dienst,3,silver,true
wec-2017-r4-nurburgring-54,wec-2017-r4-nurburgring,thomas-flohr,1,bronze,true
wec-2017-r4-nurburgring-54,wec-2017-r4-nurburgring,francesco-castellacci,2,silver,true
wec-2017-r4-nurburgring-54,wec-2017-r4-nurburgring,miguel-molina,3,platinum,true
wec-2017-r4-nurburgring-98,wec-2017-r4-nurburgring,paul-dalla-lana,1,bronze,true
wec-2017-r4-nurburgring-98,wec-2017-r4-nurburgring,pedro-lamy,2,platinum,true
wec-2017-r4-nurburgring-98,wec-2017-r4-nurburgring,mathias-lauda,3,silver,true
wec-2017-r4-nurburgring-71,wec-2017-r4-nurburgring,davide-rigon,1,platinum,true
wec-2017-r4-nurburgring-71,wec-2017-r4-nurburgring,toni-vilander,2,platinum,true
wec-2017-r4-nurburgring-61,wec-2017-r4-nurburgring,weng-sun-mok,1,bronze,true
wec-2017-r4-nurburgring-61,wec-2017-r4-nurburgring,keita-sawa,2,silver,true
wec-2017-r4-nurburgring-61,wec-2017-r4-nurburgring,matt-griffin,3,gold,true
wec-2017-r4-nurburgring-86,wec-2017-r4-nurburgring,michael-wainwright,1,bronze,true
wec-2017-r4-nurburgring-86,wec-2017-r4-nurburgring,benjamin-barker,2,gold,true
wec-2017-r4-nurburgring-86,wec-2017-r4-nurburgring,nicholas-foster,3,silver,true
wec-2017-r4-nurburgring-34,wec-2017-r4-nurburgring,nigel-moore,1,silver,true
wec-2017-r4-nurburgring-34,wec-2017-r4-nurburgring,philip-hanson,2,silver,true
wec-2017-r4-nurburgring-35,wec-2017-r4-nurburgring,pierre-ragues,1,silver,true
wec-2017-r4-nurburgring-35,wec-2017-r4-nurburgring,andre-negrao,2,silver,true
wec-2017-r4-nurburgring-35,wec-2017-r4-nurburgring,nelson-panciatici,3,platinum,true
wec-2017-r5-mexico-city-2,wec-2017-r5-mexico-city,timo-bernhard,1,platinum,true
wec-2017-r5-mexico-city-2,wec-2017-r5-mexico-city,earl-bamber,2,platinum,true
wec-2017-r5-mexico-city-2,wec-2017-r5-mexico-city,brendon-hartley,3,platinum,true
wec-2017-r5-mexico-city-1,wec-2017-r5-mexico-city,neel-jani,1,platinum,true
wec-2017-r5-mexico-city-1,wec-2017-r5-mexico-city,andre-lotterer,2,platinum,true
wec-2017-r5-mexico-city-1,wec-2017-r5-mexico-city,nick-tandy,3,platinum,true
wec-2017-r5-mexico-city-8,wec-2017-r5-mexico-city,sebastien-buemi,1,platinum,true
wec-2017-r5-mexico-city-8,wec-2017-r5-mexico-city,anthony-davidson,2,platinum,true
wec-2017-r5-mexico-city-8,wec-2017-r5-mexico-city,kazuki-nakajima,3,platinum,true
wec-2017-r5-mexico-city-7,wec-2017-r5-mexico-city,mike-conway,1,platinum,true
wec-2017-r5-mexico-city-7,wec-2017-r5-mexico-city,kamui-kobayashi,2,platinum,true
wec-2017-r5-mexico-city-7,wec-2017-r5-mexico-city,jose-maria-lopez,3,platinum,true
wec-2017-r5-mexico-city-31,wec-2017-r5-mexico-city,julien-canal,1,silver,true
wec-2017-r5-mexico-city-31,wec-2017-r5-mexico-city,nicolas-prost,2,platinum,true
wec-2017-r5-mexico-city-31,wec-2017-r5-mexico-city,bruno-senna,3,platinum,true
wec-2017-r5-mexico-city-36,wec-2017-r5-mexico-city,nicolas-lapierre,1,platinum,true
wec-2017-r5-mexico-city-36,wec-2017-r5-mexico-city,gustavo-menezes,2,gold,true
wec-2017-r5-mexico-city-36,wec-2017-r5-mexico-city,andre-negrao,3,silver,true
wec-2017-r5-mexico-city-24,wec-2017-r5-mexico-city,matthew-rao,1,silver,true
wec-2017-r5-mexico-city-24,wec-2017-r5-mexico-city,ben-hanley,2,gold,true
wec-2017-r5-mexico-city-24,wec-2017-r5-mexico-city,jean-eric-vergne,3,platinum,true
wec-2017-r5-mexico-city-26,wec-2017-r5-mexico-city,roman-rusinov,1,gold,true
wec-2017-r5-mexico-city-26,wec-2017-r5-mexico-city,pierre-thiriet,2,silver,true
wec-2017-r5-mexico-city-26,wec-2017-r5-mexico-city,alex-lynn,3,platinum,true
wec-2017-r5-mexico-city-13,wec-2017-r5-mexico-city,mathias-beche,1,platinum,true
wec-2017-r5-mexico-city-13,wec-2017-r5-mexico-city,david-heinemeier-hansson,2,silver,true
wec-2017-r5-mexico-city-13,wec-2017-r5-mexico-city,nelson-piquet-jr,3,platinum,true
wec-2017-r5-mexico-city-37,wec-2017-r5-mexico-city,david-cheng,1,silver,true
wec-2017-r5-mexico-city-37,wec-2017-r5-mexico-city,alex-brundle,2,gold,true
wec-2017-r5-mexico-city-37,wec-2017-r5-mexico-city,tristan-gommendy,3,platinum,true
wec-2017-r5-mexico-city-28,wec-2017-r5-mexico-city,francois-perrodo,1,bronze,true
wec-2017-r5-mexico-city-28,wec-2017-r5-mexico-city,matthieu-vaxiviere,2,gold,true
wec-2017-r5-mexico-city-28,wec-2017-r5-mexico-city,emmanuel-collard,3,platinum,true
wec-2017-r5-mexico-city-25,wec-2017-r5-mexico-city,roberto-gonzalez,1,silver,true
wec-2017-r5-mexico-city-25,wec-2017-r5-mexico-city,simon-trummer,2,gold,true
wec-2017-r5-mexico-city-25,wec-2017-r5-mexico-city,vitaly-petrov,3,platinum,true
wec-2017-r5-mexico-city-38,wec-2017-r5-mexico-city,ho-pin-tung,1,gold,true
wec-2017-r5-mexico-city-38,wec-2017-r5-mexico-city,oliver-jarvis,2,platinum,true
wec-2017-r5-mexico-city-38,wec-2017-r5-mexico-city,thomas-laurent,3,silver,true
wec-2017-r5-mexico-city-95,wec-2017-r5-mexico-city,nicki-thiim,1,platinum,true
wec-2017-r5-mexico-city-95,wec-2017-r5-mexico-city,marco-sorensen,2,gold,true
wec-2017-r5-mexico-city-71,wec-2017-r5-mexico-city,davide-rigon,1,platinum,true
wec-2017-r5-mexico-city-71,wec-2017-r5-mexico-city,sam-bird,2,platinum,true
wec-2017-r5-mexico-city-91,wec-2017-r5-mexico-city,richard-lietz,1,platinum,true
wec-2017-r5-mexico-city-91,wec-2017-r5-mexico-city,frederic-makowiecki,2,platinum,true
wec-2017-r5-mexico-city-67,wec-2017-r5-mexico-city,andy-priaulx,1,platinum,true
wec-2017-r5-mexico-city-67,wec-2017-r5-mexico-city,harry-tincknell,2,platinum,true
wec-2017-r5-mexico-city-92,wec-2017-r5-mexico-city,michael-christensen,1,platinum,true
wec-2017-r5-mexico-city-92,wec-2017-r5-mexico-city,kevin-estre,2,platinum,true
wec-2017-r5-mexico-city-51,wec-2017-r5-mexico-city,james-calado,1,platinum,true
wec-2017-r5-mexico-city-51,wec-2017-r5-mexico-city,alessandro-pier-guidi,2,gold,true
wec-2017-r5-mexico-city-66,wec-2017-r5-mexico-city,stefan-mucke,1,platinum,true
wec-2017-r5-mexico-city-66,wec-2017-r5-mexico-city,olivier-pla,2,platinum,true
wec-2017-r5-mexico-city-77,wec-2017-r5-mexico-city,christian-ried,1,bronze,true
wec-2017-r5-mexico-city-77,wec-2017-r5-mexico-city,matteo-cairoli,2,gold,true
wec-2017-r5-mexico-city-77,wec-2017-r5-mexico-city,marvin-dienst,3,silver,true
wec-2017-r5-mexico-city-98,wec-2017-r5-mexico-city,paul-dalla-lana,1,bronze,true
wec-2017-r5-mexico-city-98,wec-2017-r5-mexico-city,pedro-lamy,2,platinum,true
wec-2017-r5-mexico-city-98,wec-2017-r5-mexico-city,mathias-lauda,3,silver,true
wec-2017-r5-mexico-city-86,wec-2017-r5-mexico-city,michael-wainwright,1,bronze,true
wec-2017-r5-mexico-city-86,wec-2017-r5-mexico-city,benjamin-barker,2,gold,true
wec-2017-r5-mexico-city-86,wec-2017-r5-mexico-city,nicholas-foster,3,silver,true
wec-2017-r5-mexico-city-54,wec-2017-r5-mexico-city,thomas-flohr,1,bronze,true
wec-2017-r5-mexico-city-54,wec-2017-r5-mexico-city,francesco-castellacci,2,silver,true
wec-2017-r5-mexico-city-54,wec-2017-r5-mexico-city,miguel-molina,3,platinum,true
wec-2017-r5-mexico-city-61,wec-2017-r5-mexico-city,weng-sun-mok,1,bronze,true
wec-2017-r5-mexico-city-61,wec-2017-r5-mexico-city,keita-sawa,2,silver,true
wec-2017-r5-mexico-city-61,wec-2017-r5-mexico-city,matt-griffin,3,gold,true
wec-2017-r5-mexico-city-97,wec-2017-r5-mexico-city,darren-turner,1,platinum,true
wec-2017-r5-mexico-city-97,wec-2017-r5-mexico-city,jonathan-adam,2,gold,true
wec-2017-r5-mexico-city-97,wec-2017-r5-mexico-city,daniel-serra,3,gold,true
wec-2017-r6-cota-2,wec-2017-r6-cota,timo-bernhard,1,platinum,true
wec-2017-r6-cota-2,wec-2017-r6-cota,earl-bamber,2,platinum,true
wec-2017-r6-cota-2,wec-2017-r6-cota,brendon-hartley,3,platinum,true
wec-2017-r6-cota-1,wec-2017-r6-cota,neel-jani,1,platinum,true
wec-2017-r6-cota-1,wec-2017-r6-cota,andre-lotterer,2,platinum,true
wec-2017-r6-cota-1,wec-2017-r6-cota,nick-tandy,3,platinum,true
wec-2017-r6-cota-8,wec-2017-r6-cota,sebastien-buemi,1,platinum,true
wec-2017-r6-cota-8,wec-2017-r6-cota,stephane-sarrazin,2,platinum,true
wec-2017-r6-cota-8,wec-2017-r6-cota,kazuki-nakajima,3,platinum,true
wec-2017-r6-cota-7,wec-2017-r6-cota,mike-conway,1,platinum,true
wec-2017-r6-cota-7,wec-2017-r6-cota,kamui-kobayashi,2,platinum,true
wec-2017-r6-cota-7,wec-2017-r6-cota,jose-maria-lopez,3,platinum,true
wec-2017-r6-cota-36,wec-2017-r6-cota,nicolas-lapierre,1,platinum,true
wec-2017-r6-cota-36,wec-2017-r6-cota,gustavo-menezes,2,gold,true
wec-2017-r6-cota-36,wec-2017-r6-cota,andre-negrao,3,silver,true
wec-2017-r6-cota-13,wec-2017-r6-cota,mathias-beche,1,platinum,true
wec-2017-r6-cota-13,wec-2017-r6-cota,david-heinemeier-hansson,2,silver,true
wec-2017-r6-cota-13,wec-2017-r6-cota,nelson-piquet-jr,3,platinum,true
wec-2017-r6-cota-31,wec-2017-r6-cota,julien-canal,1,silver,true
wec-2017-r6-cota-31,wec-2017-r6-cota,nicolas-prost,2,platinum,true
wec-2017-r6-cota-31,wec-2017-r6-cota,bruno-senna,3,platinum,true
wec-2017-r6-cota-38,wec-2017-r6-cota,ho-pin-tung,1,gold,true
wec-2017-r6-cota-38,wec-2017-r6-cota,oliver-jarvis,2,platinum,true
wec-2017-r6-cota-38,wec-2017-r6-cota,thomas-laurent,3,silver,true
wec-2017-r6-cota-37,wec-2017-r6-cota,david-cheng,1,silver,true
wec-2017-r6-cota-37,wec-2017-r6-cota,alex-brundle,2,gold,true
wec-2017-r6-cota-37,wec-2017-r6-cota,tristan-gommendy,3,platinum,true
wec-2017-r6-cota-24,wec-2017-r6-cota,matthew-rao,1,silver,true
wec-2017-r6-cota-24,wec-2017-r6-cota,ben-hanley,2,gold,true
wec-2017-r6-cota-24,wec-2017-r6-cota,jean-eric-vergne,3,platinum,true
wec-2017-r6-cota-28,wec-2017-r6-cota,francois-perrodo,1,bronze,true
wec-2017-r6-cota-28,wec-2017-r6-cota,matthieu-vaxiviere,2,gold,true
wec-2017-r6-cota-28,wec-2017-r6-cota,emmanuel-collard,3,platinum,true
wec-2017-r6-cota-26,wec-2017-r6-cota,roman-rusinov,1,gold,true
wec-2017-r6-cota-26,wec-2017-r6-cota,pierre-thiriet,2,silver,true
wec-2017-r6-cota-26,wec-2017-r6-cota,alex-lynn,3,platinum,true
wec-2017-r6-cota-51,wec-2017-r6-cota,james-calado,1,platinum,true
wec-2017-r6-cota-51,wec-2017-r6-cota,alessandro-pier-guidi,2,gold,true
wec-2017-r6-cota-92,wec-2017-r6-cota,michael-christensen,1,platinum,true
wec-2017-r6-cota-92,wec-2017-r6-cota,kevin-estre,2,platinum,true
wec-2017-r6-cota-71,wec-2017-r6-cota,davide-rigon,1,platinum,true
wec-2017-r6-cota-71,wec-2017-r6-cota,sam-bird,2,platinum,true
wec-2017-r6-cota-95,wec-2017-r6-cota,nicki-thiim,1,platinum,true
wec-2017-r6-cota-95,wec-2017-r6-cota,marco-sorensen,2,gold,true
wec-2017-r6-cota-97,wec-2017-r6-cota,darren-turner,1,platinum,true
wec-2017-r6-cota-97,wec-2017-r6-cota,jonathan-adam,2,gold,true
wec-2017-r6-cota-97,wec-2017-r6-cota,daniel-serra,3,gold,true
wec-2017-r6-cota-91,wec-2017-r6-cota,richard-lietz,1,platinum,true
wec-2017-r6-cota-91,wec-2017-r6-cota,frederic-makowiecki,2,platinum,true
wec-2017-r6-cota-67,wec-2017-r6-cota,andy-priaulx,1,platinum,true
wec-2017-r6-cota-67,wec-2017-r6-cota,harry-tincknell,2,platinum,true
wec-2017-r6-cota-66,wec-2017-r6-cota,stefan-mucke,1,platinum,true
wec-2017-r6-cota-66,wec-2017-r6-cota,olivier-pla,2,platinum,true
wec-2017-r6-cota-98,wec-2017-r6-cota,paul-dalla-lana,1,bronze,true
wec-2017-r6-cota-98,wec-2017-r6-cota,pedro-lamy,2,platinum,true
wec-2017-r6-cota-98,wec-2017-r6-cota,mathias-lauda,3,silver,true
wec-2017-r6-cota-61,wec-2017-r6-cota,weng-sun-mok,1,bronze,true
wec-2017-r6-cota-61,wec-2017-r6-cota,keita-sawa,2,silver,true
wec-2017-r6-cota-61,wec-2017-r6-cota,matt-griffin,3,gold,true
wec-2017-r6-cota-54,wec-2017-r6-cota,thomas-flohr,1,bronze,true
wec-2017-r6-cota-54,wec-2017-r6-cota,francesco-castellacci,2,silver,true
wec-2017-r6-cota-54,wec-2017-r6-cota,miguel-molina,3,platinum,true
wec-2017-r6-cota-77,wec-2017-r6-cota,christian-ried,1,bronze,true
wec-2017-r6-cota-77,wec-2017-r6-cota,matteo-cairoli,2,gold,true
wec-2017-r6-cota-77,wec-2017-r6-cota,marvin-dienst,3,silver,true
wec-2017-r6-cota-86,wec-2017-r6-cota,michael-wainwright,1,bronze,true
wec-2017-r6-cota-86,wec-2017-r6-cota,benjamin-barker,2,gold,true
wec-2017-r6-cota-86,wec-2017-r6-cota,nicholas-foster,3,silver,true
wec-2017-r6-cota-25,wec-2017-r6-cota,roberto-gonzalez,1,silver,true
wec-2017-r6-cota-25,wec-2017-r6-cota,simon-trummer,2,gold,true
wec-2017-r6-cota-25,wec-2017-r6-cota,vitaly-petrov,3,platinum,true
wec-2017-r7-fuji-8,wec-2017-r7-fuji,sebastien-buemi,1,platinum,true
wec-2017-r7-fuji-8,wec-2017-r7-fuji,anthony-davidson,2,platinum,true
wec-2017-r7-fuji-8,wec-2017-r7-fuji,kazuki-nakajima,3,platinum,true
wec-2017-r7-fuji-7,wec-2017-r7-fuji,mike-conway,1,platinum,true
wec-2017-r7-fuji-7,wec-2017-r7-fuji,kamui-kobayashi,2,platinum,true
wec-2017-r7-fuji-7,wec-2017-r7-fuji,jose-maria-lopez,3,platinum,true
wec-2017-r7-fuji-1,wec-2017-r7-fuji,neel-jani,1,platinum,true
wec-2017-r7-fuji-1,wec-2017-r7-fuji,andre-lotterer,2,platinum,true
wec-2017-r7-fuji-1,wec-2017-r7-fuji,nick-tandy,3,platinum,true
wec-2017-r7-fuji-2,wec-2017-r7-fuji,timo-bernhard,1,platinum,true
wec-2017-r7-fuji-2,wec-2017-r7-fuji,earl-bamber,2,platinum,true
wec-2017-r7-fuji-2,wec-2017-r7-fuji,brendon-hartley,3,platinum,true
wec-2017-r7-fuji-31,wec-2017-r7-fuji,julien-canal,1,silver,true
wec-2017-r7-fuji-31,wec-2017-r7-fuji,nicolas-prost,2,platinum,true
wec-2017-r7-fuji-31,wec-2017-r7-fuji,bruno-senna,3,platinum,true
wec-2017-r7-fuji-36,wec-2017-r7-fuji,nicolas-lapierre,1,platinum,true
wec-2017-r7-fuji-36,wec-2017-r7-fuji,gustavo-menezes,2,gold,true
wec-2017-r7-fuji-36,wec-2017-r7-fuji,andre-negrao,3,silver,true
wec-2017-r7-fuji-38,wec-2017-r7-fuji,ho-pin-tung,1,gold,true
wec-2017-r7-fuji-38,wec-2017-r7-fuji,oliver-jarvis,2,platinum,true
wec-2017-r7-fuji-38,wec-2017-r7-fuji,thomas-laurent,3,silver,true
wec-2017-r7-fuji-28,wec-2017-r7-fuji,francois-perrodo,1,bronze,true
wec-2017-r7-fuji-28,wec-2017-r7-fuji,matthieu-vaxiviere,2,gold,true
wec-2017-r7-fuji-28,wec-2017-r7-fuji,emmanuel-collard,3,platinum,true
wec-2017-r7-fuji-24,wec-2017-r7-fuji,matthew-rao,1,silver,true
wec-2017-r7-fuji-24,wec-2017-r7-fuji,ben-hanley,2,gold,true
wec-2017-r7-fuji-24,wec-2017-r7-fuji,jean-eric-vergne,3,platinum,true
wec-2017-r7-fuji-26,wec-2017-r7-fuji,roman-rusinov,1,gold,true
wec-2017-r7-fuji-26,wec-2017-r7-fuji,pierre-thiriet,2,silver,true
wec-2017-r7-fuji-26,wec-2017-r7-fuji,james-rossiter,3,platinum,true
wec-2017-r7-fuji-51,wec-2017-r7-fuji,james-calado,1,platinum,true
wec-2017-r7-fuji-51,wec-2017-r7-fuji,alessandro-pier-guidi,2,gold,true
wec-2017-r7-fuji-91,wec-2017-r7-fuji,richard-lietz,1,platinum,true
wec-2017-r7-fuji-91,wec-2017-r7-fuji,frederic-makowiecki,2,platinum,true
wec-2017-r7-fuji-25,wec-2017-r7-fuji,roberto-gonzalez,1,silver,true
wec-2017-r7-fuji-25,wec-2017-r7-fuji,simon-trummer,2,gold,true
wec-2017-r7-fuji-25,wec-2017-r7-fuji,vitaly-petrov,3,platinum,true
wec-2017-r7-fuji-92,wec-2017-r7-fuji,michael-christensen,1,platinum,true
wec-2017-r7-fuji-92,wec-2017-r7-fuji,kevin-estre,2,platinum,true
wec-2017-r7-fuji-66,wec-2017-r7-fuji,stefan-mucke,1,platinum,true
wec-2017-r7-fuji-66,wec-2017-r7-fuji,olivier-pla,2,platinum,true
wec-2017-r7-fuji-71,wec-2017-r7-fuji,davide-rigon,1,platinum,true
wec-2017-r7-fuji-71,wec-2017-r7-fuji,sam-bird,2,platinum,true
wec-2017-r7-fuji-97,wec-2017-r7-fuji,darren-turner,1,platinum,true
wec-2017-r7-fuji-97,wec-2017-r7-fuji,jonathan-adam,2,gold,true
wec-2017-r7-fuji-95,wec-2017-r7-fuji,nicki-thiim,1,platinum,true
wec-2017-r7-fuji-95,wec-2017-r7-fuji,marco-sorensen,2,gold,true
wec-2017-r7-fuji-54,wec-2017-r7-fuji,thomas-flohr,1,bronze,true
wec-2017-r7-fuji-54,wec-2017-r7-fuji,francesco-castellacci,2,silver,true
wec-2017-r7-fuji-54,wec-2017-r7-fuji,miguel-molina,3,platinum,true
wec-2017-r7-fuji-61,wec-2017-r7-fuji,weng-sun-mok,1,bronze,true
wec-2017-r7-fuji-61,wec-2017-r7-fuji,keita-sawa,2,silver,true
wec-2017-r7-fuji-61,wec-2017-r7-fuji,matt-griffin,3,gold,true
wec-2017-r7-fuji-77,wec-2017-r7-fuji,christian-ried,1,bronze,true
wec-2017-r7-fuji-77,wec-2017-r7-fuji,matteo-cairoli,2,gold,true
wec-2017-r7-fuji-77,wec-2017-r7-fuji,marvin-dienst,3,silver,true
wec-2017-r7-fuji-86,wec-2017-r7-fuji,michael-hedlund,1,bronze,true
wec-2017-r7-fuji-86,wec-2017-r7-fuji,benjamin-barker,2,gold,true
wec-2017-r7-fuji-86,wec-2017-r7-fuji,nicholas-foster,3,silver,true
wec-2017-r7-fuji-98,wec-2017-r7-fuji,paul-dalla-lana,1,bronze,true
wec-2017-r7-fuji-98,wec-2017-r7-fuji,pedro-lamy,2,platinum,true
wec-2017-r7-fuji-98,wec-2017-r7-fuji,mathias-lauda,3,silver,true
wec-2017-r7-fuji-67,wec-2017-r7-fuji,andy-priaulx,1,platinum,true
wec-2017-r7-fuji-67,wec-2017-r7-fuji,harry-tincknell,2,platinum,true
wec-2017-r7-fuji-37,wec-2017-r7-fuji,david-cheng,1,silver,true
wec-2017-r7-fuji-37,wec-2017-r7-fuji,alex-brundle,2,gold,true
wec-2017-r7-fuji-37,wec-2017-r7-fuji,tristan-gommendy,3,platinum,true
wec-2017-r7-fuji-13,wec-2017-r7-fuji,mathias-beche,1,platinum,true
wec-2017-r7-fuji-13,wec-2017-r7-fuji,david-heinemeier-hansson,2,silver,true
wec-2017-r7-fuji-13,wec-2017-r7-fuji,nelson-piquet-jr,3,platinum,true
wec-2017-r8-shanghai-8,wec-2017-r8-shanghai,sebastien-buemi,1,platinum,true
wec-2017-r8-shanghai-8,wec-2017-r8-shanghai,anthony-davidson,2,platinum,true
wec-2017-r8-shanghai-8,wec-2017-r8-shanghai,kazuki-nakajima,3,platinum,true
wec-2017-r8-shanghai-2,wec-2017-r8-shanghai,timo-bernhard,1,platinum,true
wec-2017-r8-shanghai-2,wec-2017-r8-shanghai,earl-bamber,2,platinum,true
wec-2017-r8-shanghai-2,wec-2017-r8-shanghai,brendon-hartley,3,platinum,true
wec-2017-r8-shanghai-1,wec-2017-r8-shanghai,neel-jani,1,platinum,true
wec-2017-r8-shanghai-1,wec-2017-r8-shanghai,andre-lotterer,2,platinum,true
wec-2017-r8-shanghai-1,wec-2017-r8-shanghai,nick-tandy,3,platinum,true
wec-2017-r8-shanghai-7,wec-2017-r8-shanghai,mike-conway,1,platinum,true
wec-2017-r8-shanghai-7,wec-2017-r8-shanghai,kamui-kobayashi,2,platinum,true
wec-2017-r8-shanghai-7,wec-2017-r8-shanghai,jose-maria-lopez,3,platinum,true
wec-2017-r8-shanghai-31,wec-2017-r8-shanghai,julien-canal,1,silver,true
wec-2017-r8-shanghai-31,wec-2017-r8-shanghai,nicolas-prost,2,platinum,true
wec-2017-r8-shanghai-31,wec-2017-r8-shanghai,bruno-senna,3,platinum,true
wec-2017-r8-shanghai-36,wec-2017-r8-shanghai,nicolas-lapierre,1,platinum,true
wec-2017-r8-shanghai-36,wec-2017-r8-shanghai,gustavo-menezes,2,gold,true
wec-2017-r8-shanghai-36,wec-2017-r8-shanghai,andre-negrao,3,silver,true
wec-2017-r8-shanghai-13,wec-2017-r8-shanghai,mathias-beche,1,platinum,true
wec-2017-r8-shanghai-13,wec-2017-r8-shanghai,david-heinemeier-hansson,2,silver,true
wec-2017-r8-shanghai-13,wec-2017-r8-shanghai,nelson-piquet-jr,3,platinum,true
wec-2017-r8-shanghai-38,wec-2017-r8-shanghai,ho-pin-tung,1,gold,true
wec-2017-r8-shanghai-38,wec-2017-r8-shanghai,oliver-jarvis,2,platinum,true
wec-2017-r8-shanghai-38,wec-2017-r8-shanghai,thomas-laurent,3,silver,true
wec-2017-r8-shanghai-25,wec-2017-r8-shanghai,roberto-gonzalez,1,silver,true
wec-2017-r8-shanghai-25,wec-2017-r8-shanghai,simon-trummer,2,gold,true
wec-2017-r8-shanghai-25,wec-2017-r8-shanghai,vitaly-petrov,3,platinum,true
wec-2017-r8-shanghai-28,wec-2017-r8-shanghai,francois-perrodo,1,bronze,true
wec-2017-r8-shanghai-28,wec-2017-r8-shanghai,matthieu-vaxiviere,2,gold,true
wec-2017-r8-shanghai-28,wec-2017-r8-shanghai,emmanuel-collard,3,platinum,true
wec-2017-r8-shanghai-26,wec-2017-r8-shanghai,roman-rusinov,1,gold,true
wec-2017-r8-shanghai-26,wec-2017-r8-shanghai,leo-roussel,2,silver,true
wec-2017-r8-shanghai-26,wec-2017-r8-shanghai,nico-muller,3,gold,true
wec-2017-r8-shanghai-37,wec-2017-r8-shanghai,david-cheng,1,silver,true
wec-2017-r8-shanghai-37,wec-2017-r8-shanghai,alex-brundle,2,gold,true
wec-2017-r8-shanghai-37,wec-2017-r8-shanghai,tristan-gommendy,3,platinum,true
wec-2017-r8-shanghai-24,wec-2017-r8-shanghai,matthew-rao,1,silver,true
wec-2017-r8-shanghai-24,wec-2017-r8-shanghai,ben-hanley,2,gold,true
wec-2017-r8-shanghai-24,wec-2017-r8-shanghai,jean-eric-vergne,3,platinum,true
wec-2017-r8-shanghai-67,wec-2017-r8-shanghai,andy-priaulx,1,platinum,true
wec-2017-r8-shanghai-67,wec-2017-r8-shanghai,harry-tincknell,2,platinum,true
wec-2017-r8-shanghai-91,wec-2017-r8-shanghai,richard-lietz,1,platinum,true
wec-2017-r8-shanghai-91,wec-2017-r8-shanghai,frederic-makowiecki,2,platinum,true
wec-2017-r8-shanghai-51,wec-2017-r8-shanghai,james-calado,1,platinum,true
wec-2017-r8-shanghai-51,wec-2017-r8-shanghai,alessandro-pier-guidi,2,gold,true
wec-2017-r8-shanghai-66,wec-2017-r8-shanghai,stefan-mucke,1,platinum,true
wec-2017-r8-shanghai-66,wec-2017-r8-shanghai,olivier-pla,2,platinum,true
wec-2017-r8-shanghai-95,wec-2017-r8-shanghai,nicki-thiim,1,platinum,true
wec-2017-r8-shanghai-95,wec-2017-r8-shanghai,marco-sorensen,2,gold,true
wec-2017-r8-shanghai-71,wec-2017-r8-shanghai,davide-rigon,1,platinum,true
wec-2017-r8-shanghai-71,wec-2017-r8-shanghai,sam-bird,2,platinum,true
wec-2017-r8-shanghai-97,wec-2017-r8-shanghai,darren-turner,1,platinum,true
wec-2017-r8-shanghai-97,wec-2017-r8-shanghai,jonathan-adam,2,gold,true
wec-2017-r8-shanghai-98,wec-2017-r8-shanghai,paul-dalla-lana,1,bronze,true
wec-2017-r8-shanghai-98,wec-2017-r8-shanghai,pedro-lamy,2,platinum,true
wec-2017-r8-shanghai-98,wec-2017-r8-shanghai,mathias-lauda,3,silver,true
wec-2017-r8-shanghai-86,wec-2017-r8-shanghai,khaled-al-qubaisi,1,bronze,true
wec-2017-r8-shanghai-86,wec-2017-r8-shanghai,benjamin-barker,2,gold,true
wec-2017-r8-shanghai-86,wec-2017-r8-shanghai,nicholas-foster,3,silver,true
wec-2017-r8-shanghai-77,wec-2017-r8-shanghai,christian-ried,1,bronze,true
wec-2017-r8-shanghai-77,wec-2017-r8-shanghai,matteo-cairoli,2,gold,true
wec-2017-r8-shanghai-77,wec-2017-r8-shanghai,marvin-dienst,3,silver,true
wec-2017-r8-shanghai-61,wec-2017-r8-shanghai,weng-sun-mok,1,bronze,true
wec-2017-r8-shanghai-61,wec-2017-r8-shanghai,keita-sawa,2,silver,true
wec-2017-r8-shanghai-61,wec-2017-r8-shanghai,matt-griffin,3,gold,true
wec-2017-r8-shanghai-92,wec-2017-r8-shanghai,michael-christensen,1,platinum,true
wec-2017-r8-shanghai-92,wec-2017-r8-shanghai,kevin-estre,2,platinum,true
wec-2017-r8-shanghai-54,wec-2017-r8-shanghai,thomas-flohr,1,bronze,true
wec-2017-r8-shanghai-54,wec-2017-r8-shanghai,francesco-castellacci,2,silver,true
wec-2017-r8-shanghai-54,wec-2017-r8-shanghai,miguel-molina,3,platinum,true
wec-2017-r9-bahrain-8,wec-2017-r9-bahrain,sebastien-buemi,1,platinum,true
wec-2017-r9-bahrain-8,wec-2017-r9-bahrain,anthony-davidson,2,platinum,true
wec-2017-r9-bahrain-8,wec-2017-r9-bahrain,kazuki-nakajima,3,platinum,true
wec-2017-r9-bahrain-2,wec-2017-r9-bahrain,timo-bernhard,1,platinum,true
wec-2017-r9-bahrain-2,wec-2017-r9-bahrain,earl-bamber,2,platinum,true
wec-2017-r9-bahrain-2,wec-2017-r9-bahrain,brendon-hartley,3,platinum,true
wec-2017-r9-bahrain-1,wec-2017-r9-bahrain,neel-jani,1,platinum,true
wec-2017-r9-bahrain-1,wec-2017-r9-bahrain,andre-lotterer,2,platinum,true
wec-2017-r9-bahrain-1,wec-2017-r9-bahrain,nick-tandy,3,platinum,true
wec-2017-r9-bahrain-7,wec-2017-r9-bahrain,mike-conway,1,platinum,true
wec-2017-r9-bahrain-7,wec-2017-r9-bahrain,kamui-kobayashi,2,platinum,true
wec-2017-r9-bahrain-7,wec-2017-r9-bahrain,jose-maria-lopez,3,platinum,true
wec-2017-r9-bahrain-31,wec-2017-r9-bahrain,julien-canal,1,silver,true
wec-2017-r9-bahrain-31,wec-2017-r9-bahrain,nicolas-prost,2,platinum,true
wec-2017-r9-bahrain-31,wec-2017-r9-bahrain,bruno-senna,3,platinum,true
wec-2017-r9-bahrain-38,wec-2017-r9-bahrain,ho-pin-tung,1,gold,true
wec-2017-r9-bahrain-38,wec-2017-r9-bahrain,oliver-jarvis,2,platinum,true
wec-2017-r9-bahrain-38,wec-2017-r9-bahrain,thomas-laurent,3,silver,true
wec-2017-r9-bahrain-13,wec-2017-r9-bahrain,mathias-beche,1,platinum,true
wec-2017-r9-bahrain-13,wec-2017-r9-bahrain,david-heinemeier-hansson,2,silver,true
wec-2017-r9-bahrain-13,wec-2017-r9-bahrain,nelson-piquet-jr,3,platinum,true
wec-2017-r9-bahrain-36,wec-2017-r9-bahrain,nicolas-lapierre,1,platinum,true
wec-2017-r9-bahrain-36,wec-2017-r9-bahrain,gustavo-menezes,2,gold,true
wec-2017-r9-bahrain-36,wec-2017-r9-bahrain,andre-negrao,3,silver,true
wec-2017-r9-bahrain-25,wec-2017-r9-bahrain,roberto-gonzalez,1,silver,true
wec-2017-r9-bahrain-25,wec-2017-r9-bahrain,simon-trummer,2,gold,true
wec-2017-r9-bahrain-25,wec-2017-r9-bahrain,vitaly-petrov,3,platinum,true
wec-2017-r9-bahrain-24,wec-2017-r9-bahrain,matthew-rao,1,silver,true
wec-2017-r9-bahrain-24,wec-2017-r9-bahrain,ben-hanley,2,gold,true
wec-2017-r9-bahrain-24,wec-2017-r9-bahrain,jean-eric-vergne,3,platinum,true
wec-2017-r9-bahrain-26,wec-2017-r9-bahrain,roman-rusinov,1,gold,true
wec-2017-r9-bahrain-26,wec-2017-r9-bahrain,leo-roussel,2,silver,true
wec-2017-r9-bahrain-26,wec-2017-r9-bahrain,loic-duval,3,platinum,true
wec-2017-r9-bahrain-37,wec-2017-r9-bahrain,david-cheng,1,silver,true
wec-2017-r9-bahrain-37,wec-2017-r9-bahrain,alex-brundle,2,gold,true
wec-2017-r9-bahrain-37,wec-2017-r9-bahrain,tristan-gommendy,3,platinum,true
wec-2017-r9-bahrain-28,wec-2017-r9-bahrain,francois-perrodo,1,bronze,true
wec-2017-r9-bahrain-28,wec-2017-r9-bahrain,matthieu-vaxiviere,2,gold,true
wec-2017-r9-bahrain-28,wec-2017-r9-bahrain,emmanuel-collard,3,platinum,true
wec-2017-r9-bahrain-71,wec-2017-r9-bahrain,davide-rigon,1,platinum,true
wec-2017-r9-bahrain-71,wec-2017-r9-bahrain,sam-bird,2,platinum,true
wec-2017-r9-bahrain-51,wec-2017-r9-bahrain,james-calado,1,platinum,true
wec-2017-r9-bahrain-51,wec-2017-r9-bahrain,alessandro-pier-guidi,2,gold,true
wec-2017-r9-bahrain-67,wec-2017-r9-bahrain,andy-priaulx,1,platinum,true
wec-2017-r9-bahrain-67,wec-2017-r9-bahrain,harry-tincknell,2,platinum,true
wec-2017-r9-bahrain-91,wec-2017-r9-bahrain,richard-lietz,1,platinum,true
wec-2017-r9-bahrain-91,wec-2017-r9-bahrain,frederic-makowiecki,2,platinum,true
wec-2017-r9-bahrain-66,wec-2017-r9-bahrain,stefan-mucke,1,platinum,true
wec-2017-r9-bahrain-66,wec-2017-r9-bahrain,olivier-pla,2,platinum,true
wec-2017-r9-bahrain-97,wec-2017-r9-bahrain,darren-turner,1,platinum,true
wec-2017-r9-bahrain-97,wec-2017-r9-bahrain,jonathan-adam,2,gold,true
wec-2017-r9-bahrain-95,wec-2017-r9-bahrain,nicki-thiim,1,platinum,true
wec-2017-r9-bahrain-95,wec-2017-r9-bahrain,marco-sorensen,2,gold,true
wec-2017-r9-bahrain-98,wec-2017-r9-bahrain,paul-dalla-lana,1,bronze,true
wec-2017-r9-bahrain-98,wec-2017-r9-bahrain,pedro-lamy,2,platinum,true
wec-2017-r9-bahrain-98,wec-2017-r9-bahrain,mathias-lauda,3,silver,true
wec-2017-r9-bahrain-61,wec-2017-r9-bahrain,weng-sun-mok,1,bronze,true
wec-2017-r9-bahrain-61,wec-2017-r9-bahrain,keita-sawa,2,silver,true
wec-2017-r9-bahrain-61,wec-2017-r9-bahrain,matt-griffin,3,gold,true
wec-2017-r9-bahrain-54,wec-2017-r9-bahrain,thomas-flohr,1,bronze,true
wec-2017-r9-bahrain-54,wec-2017-r9-bahrain,francesco-castellacci,2,silver,true
wec-2017-r9-bahrain-54,wec-2017-r9-bahrain,miguel-molina,3,platinum,true
wec-2017-r9-bahrain-77,wec-2017-r9-bahrain,christian-ried,1,bronze,true
wec-2017-r9-bahrain-77,wec-2017-r9-bahrain,matteo-cairoli,2,gold,true
wec-2017-r9-bahrain-77,wec-2017-r9-bahrain,marvin-dienst,3,silver,true
wec-2017-r9-bahrain-86,wec-2017-r9-bahrain,michael-wainwright,1,bronze,true
wec-2017-r9-bahrain-86,wec-2017-r9-bahrain,benjamin-barker,2,gold,true
wec-2017-r9-bahrain-86,wec-2017-r9-bahrain,nicholas-foster,3,silver,true
wec-2017-r9-bahrain-92,wec-2017-r9-bahrain,michael-christensen,1,platinum,true
wec-2017-r9-bahrain-92,wec-2017-r9-bahrain,kevin-estre,2,platinum,true
wec-2018-2019-r1-spa-8,wec-2018-2019-r1-spa,sebastien-buemi,1,platinum,true
wec-2018-2019-r1-spa-8,wec-2018-2019-r1-spa,kazuki-nakajima,2,platinum,true
wec-2018-2019-r1-spa-8,wec-2018-2019-r1-spa,fernando-alonso,3,platinum,true
wec-2018-2019-r1-spa-7,wec-2018-2019-r1-spa,mike-conway,1,platinum,true
wec-2018-2019-r1-spa-7,wec-2018-2019-r1-spa,kamui-kobayashi,2,platinum,true
wec-2018-2019-r1-spa-7,wec-2018-2019-r1-spa,jose-maria-lopez,3,platinum,true
wec-2018-2019-r1-spa-3,wec-2018-2019-r1-spa,mathias-beche,1,platinum,true
wec-2018-2019-r1-spa-3,wec-2018-2019-r1-spa,thomas-laurent,2,gold,true
wec-2018-2019-r1-spa-3,wec-2018-2019-r1-spa,gustavo-menezes,3,gold,true
wec-2018-2019-r1-spa-4,wec-2018-2019-r1-spa,oliver-webb,1,gold,true
wec-2018-2019-r1-spa-4,wec-2018-2019-r1-spa,dominik-kraihamer,2,gold,true
wec-2018-2019-r1-spa-4,wec-2018-2019-r1-spa,tom-dillmann,3,gold,true
wec-2018-2019-r1-spa-11,wec-2018-2019-r1-spa,mikhail-aleshin,1,platinum,true
wec-2018-2019-r1-spa-11,wec-2018-2019-r1-spa,vitaly-petrov,2,platinum,true
wec-2018-2019-r1-spa-26,wec-2018-2019-r1-spa,roman-rusinov,1,gold,true
wec-2018-2019-r1-spa-26,wec-2018-2019-r1-spa,jean-eric-vergne,2,platinum,true
wec-2018-2019-r1-spa-26,wec-2018-2019-r1-spa,andrea-pizzitola,3,silver,true
wec-2018-2019-r1-spa-38,wec-2018-2019-r1-spa,ho-pin-tung,1,gold,true
wec-2018-2019-r1-spa-38,wec-2018-2019-r1-spa,gabriel-aubry,2,silver,true
wec-2018-2019-r1-spa-38,wec-2018-2019-r1-spa,stephane-richelmi,3,gold,true
wec-2018-2019-r1-spa-36,wec-2018-2019-r1-spa,nicolas-lapierre,1,platinum,true
wec-2018-2019-r1-spa-36,wec-2018-2019-r1-spa,andre-negrao,2,gold,true
wec-2018-2019-r1-spa-36,wec-2018-2019-r1-spa,pierre-thiriet,3,silver,true
wec-2018-2019-r1-spa-37,wec-2018-2019-r1-spa,jazeman-jaafar,1,gold,true
wec-2018-2019-r1-spa-37,wec-2018-2019-r1-spa,weiron-tan,2,silver,true
wec-2018-2019-r1-spa-37,wec-2018-2019-r1-spa,nabil-jeffri,3,silver,true
wec-2018-2019-r1-spa-28,wec-2018-2019-r1-spa,francois-perrodo,1,bronze,true
wec-2018-2019-r1-spa-28,wec-2018-2019-r1-spa,matthieu-vaxiviere,2,gold,true
wec-2018-2019-r1-spa-28,wec-2018-2019-r1-spa,loic-duval,3,platinum,true
wec-2018-2019-r1-spa-31,wec-2018-2019-r1-spa,roberto-gonzalez,1,silver,true
wec-2018-2019-r1-spa-31,wec-2018-2019-r1-spa,pastor-maldonado,2,platinum,true
wec-2018-2019-r1-spa-31,wec-2018-2019-r1-spa,nathanael-berthon,3,platinum,true
wec-2018-2019-r1-spa-50,wec-2018-2019-r1-spa,erwin-creed,1,bronze,true
wec-2018-2019-r1-spa-50,wec-2018-2019-r1-spa,romano-ricci,2,bronze,true
wec-2018-2019-r1-spa-50,wec-2018-2019-r1-spa,julien-canal,3,silver,true
wec-2018-2019-r1-spa-66,wec-2018-2019-r1-spa,stefan-mucke,1,platinum,true
wec-2018-2019-r1-spa-66,wec-2018-2019-r1-spa,olivier-pla,2,platinum,true
wec-2018-2019-r1-spa-66,wec-2018-2019-r1-spa,billy-johnson,3,platinum,true
wec-2018-2019-r1-spa-92,wec-2018-2019-r1-spa,michael-christensen,1,platinum,true
wec-2018-2019-r1-spa-92,wec-2018-2019-r1-spa,kevin-estre,2,platinum,true
wec-2018-2019-r1-spa-71,wec-2018-2019-r1-spa,davide-rigon,1,platinum,true
wec-2018-2019-r1-spa-71,wec-2018-2019-r1-spa,sam-bird,2,platinum,true
wec-2018-2019-r1-spa-91,wec-2018-2019-r1-spa,richard-lietz,1,platinum,true
wec-2018-2019-r1-spa-91,wec-2018-2019-r1-spa,gianmaria-bruni,2,platinum,true
wec-2018-2019-r1-spa-82,wec-2018-2019-r1-spa,tom-blomqvist,1,platinum,true
wec-2018-2019-r1-spa-82,wec-2018-2019-r1-spa,antonio-felix-da-costa,2,platinum,true
wec-2018-2019-r1-spa-97,wec-2018-2019-r1-spa,alexander-lynn,1,platinum,true
wec-2018-2019-r1-spa-97,wec-2018-2019-r1-spa,maxime-martin,2,platinum,true
wec-2018-2019-r1-spa-97,wec-2018-2019-r1-spa,jonathan-adam,3,platinum,true
wec-2018-2019-r1-spa-95,wec-2018-2019-r1-spa,marco-sorensen,1,gold,true
wec-2018-2019-r1-spa-95,wec-2018-2019-r1-spa,nicki-thiim,2,platinum,true
wec-2018-2019-r1-spa-95,wec-2018-2019-r1-spa,darren-turner,3,platinum,true
wec-2018-2019-r1-spa-81,wec-2018-2019-r1-spa,martin-tomczyk,1,platinum,true
wec-2018-2019-r1-spa-81,wec-2018-2019-r1-spa,nicky-catsburg,2,gold,true
wec-2018-2019-r1-spa-98,wec-2018-2019-r1-spa,paul-dalla-lana,1,bronze,true
wec-2018-2019-r1-spa-98,wec-2018-2019-r1-spa,pedro-lamy,2,platinum,true
wec-2018-2019-r1-spa-98,wec-2018-2019-r1-spa,mathias-lauda,3,silver,true
wec-2018-2019-r1-spa-90,wec-2018-2019-r1-spa,salih-yoluc,1,bronze,true
wec-2018-2019-r1-spa-90,wec-2018-2019-r1-spa,euan-alers-hankey,2,gold,true
wec-2018-2019-r1-spa-90,wec-2018-2019-r1-spa,charles-eastwood,3,silver,true
wec-2018-2019-r1-spa-61,wec-2018-2019-r1-spa,weng-sun-mok,1,bronze,true
wec-2018-2019-r1-spa-61,wec-2018-2019-r1-spa,keita-sawa,2,silver,true
wec-2018-2019-r1-spa-61,wec-2018-2019-r1-spa,matthew-griffin,3,gold,true
wec-2018-2019-r1-spa-77,wec-2018-2019-r1-spa,christian-ried,1,bronze,true
wec-2018-2019-r1-spa-77,wec-2018-2019-r1-spa,julien-andlauer,2,silver,true
wec-2018-2019-r1-spa-77,wec-2018-2019-r1-spa,matt-campbell,3,gold,true
wec-2018-2019-r1-spa-70,wec-2018-2019-r1-spa,motoaki-ishikawa,1,bronze,true
wec-2018-2019-r1-spa-70,wec-2018-2019-r1-spa,olivier-beretta,2,platinum,true
wec-2018-2019-r1-spa-70,wec-2018-2019-r1-spa,edward-cheever,3,silver,true
wec-2018-2019-r1-spa-88,wec-2018-2019-r1-spa,khaled-al-qubaisi,1,bronze,true
wec-2018-2019-r1-spa-88,wec-2018-2019-r1-spa,giorgio-roda,2,silver,true
wec-2018-2019-r1-spa-88,wec-2018-2019-r1-spa,matteo-cairoli,3,gold,true
wec-2018-2019-r1-spa-51,wec-2018-2019-r1-spa,alessandro-pier-guidi,1,platinum,true
wec-2018-2019-r1-spa-51,wec-2018-2019-r1-spa,james-calado,2,platinum,true
wec-2018-2019-r1-spa-29,wec-2018-2019-r1-spa,frits-van-eerd,1,bronze,true
wec-2018-2019-r1-spa-29,wec-2018-2019-r1-spa,giedo-van-der-garde,2,platinum,true
wec-2018-2019-r1-spa-29,wec-2018-2019-r1-spa,jan-lammers,3,bronze,true
wec-2018-2019-r1-spa-86,wec-2018-2019-r1-spa,michael-wainwright,1,bronze,true
wec-2018-2019-r1-spa-86,wec-2018-2019-r1-spa,benjamin-barker,2,gold,true
wec-2018-2019-r1-spa-86,wec-2018-2019-r1-spa,alex-davison,3,silver,true
wec-2018-2019-r1-spa-54,wec-2018-2019-r1-spa,thomas-flohr,1,bronze,true
wec-2018-2019-r1-spa-54,wec-2018-2019-r1-spa,francesco-castellacci,2,silver,true
wec-2018-2019-r1-spa-54,wec-2018-2019-r1-spa,giancarlo-fisichella,3,platinum,true
wec-2018-2019-r1-spa-56,wec-2018-2019-r1-spa,jorg-bergmeister,1,platinum,true
wec-2018-2019-r1-spa-56,wec-2018-2019-r1-spa,patrick-lindsey,2,silver,true
wec-2018-2019-r1-spa-56,wec-2018-2019-r1-spa,egidio-perfetti,3,bronze,true
wec-2018-2019-r1-spa-17,wec-2018-2019-r1-spa,stephane-sarrazin,1,platinum,true
wec-2018-2019-r1-spa-17,wec-2018-2019-r1-spa,egor-orudzhev,2,gold,true
wec-2018-2019-r1-spa-17,wec-2018-2019-r1-spa,matevos-isaakyan,3,gold,true
wec-2018-2019-r1-spa-67,wec-2018-2019-r1-spa,andy-priaulx,1,platinum,true
wec-2018-2019-r1-spa-67,wec-2018-2019-r1-spa,harry-tincknell,2,platinum,true
wec-2018-2019-r1-spa-67,wec-2018-2019-r1-spa,tony-kanaan,3,platinum,true
wec-2018-2019-r1-spa-1,wec-2018-2019-r1-spa,neel-jani,1,platinum,true
wec-2018-2019-r1-spa-1,wec-2018-2019-r1-spa,andre-lotterer,2,platinum,true
wec-2018-2019-r1-spa-1,wec-2018-2019-r1-spa,bruno-senna,3,platinum,true
wec-2018-2019-r1-spa-10,wec-2018-2019-r1-spa,henrik-hedman,1,bronze,true
wec-2018-2019-r1-spa-10,wec-2018-2019-r1-spa,ben-hanley,2,gold,true
wec-2018-2019-r1-spa-10,wec-2018-2019-r1-spa,pietro-fittipaldi,3,gold,true
wec-2018-2019-r1-spa-5,wec-2018-2019-r1-spa,charles-robertson,1,silver,true
wec-2018-2019-r1-spa-5,wec-2018-2019-r1-spa,dean-stoneman,2,gold,true
wec-2018-2019-r1-spa-6,wec-2018-2019-r1-spa,oliver-rowland,1,platinum,true
wec-2018-2019-r1-spa-6,wec-2018-2019-r1-spa,alex-brundle,2,gold,true
wec-2018-2019-r1-spa-6,wec-2018-2019-r1-spa,oliver-turvey,3,platinum,true
wec-2018-2019-r2-le-mans-8,wec-2018-2019-r2-le-mans,sebastien-buemi,1,platinum,true
wec-2018-2019-r2-le-mans-8,wec-2018-2019-r2-le-mans,kazuki-nakajima,2,platinum,true
wec-2018-2019-r2-le-mans-8,wec-2018-2019-r2-le-mans,fernando-alonso,3,platinum,true
wec-2018-2019-r2-le-mans-7,wec-2018-2019-r2-le-mans,mike-conway,1,platinum,true
wec-2018-2019-r2-le-mans-7,wec-2018-2019-r2-le-mans,kamui-kobayashi,2,platinum,true
wec-2018-2019-r2-le-mans-7,wec-2018-2019-r2-le-mans,jose-maria-lopez,3,platinum,true
wec-2018-2019-r2-le-mans-3,wec-2018-2019-r2-le-mans,thomas-laurent,1,gold,true
wec-2018-2019-r2-le-mans-3,wec-2018-2019-r2-le-mans,mathias-beche,2,platinum,true
wec-2018-2019-r2-le-mans-3,wec-2018-2019-r2-le-mans,gustavo-menezes,3,gold,true
wec-2018-2019-r2-le-mans-1,wec-2018-2019-r2-le-mans,andre-lotterer,1,platinum,true
wec-2018-2019-r2-le-mans-1,wec-2018-2019-r2-le-mans,neel-jani,2,platinum,true
wec-2018-2019-r2-le-mans-1,wec-2018-2019-r2-le-mans,bruno-senna,3,platinum,true
wec-2018-2019-r2-le-mans-36,wec-2018-2019-r2-le-mans,nicolas-lapierre,1,platinum,true
wec-2018-2019-r2-le-mans-36,wec-2018-2019-r2-le-mans,andre-negrao,2,gold,true
wec-2018-2019-r2-le-mans-36,wec-2018-2019-r2-le-mans,pierre-thiriet,3,silver,true
wec-2018-2019-r2-le-mans-39,wec-2018-2019-r2-le-mans,vincent-capillaire,1,silver,true
wec-2018-2019-r2-le-mans-39,wec-2018-2019-r2-le-mans,jonathan-hirschi,2,gold,true
wec-2018-2019-r2-le-mans-39,wec-2018-2019-r2-le-mans,tristan-gommendy,3,platinum,true
wec-2018-2019-r2-le-mans-32,wec-2018-2019-r2-le-mans,hugo-de-sadeleer,1,silver,true
wec-2018-2019-r2-le-mans-32,wec-2018-2019-r2-le-mans,will-owen,2,silver,true
wec-2018-2019-r2-le-mans-32,wec-2018-2019-r2-le-mans,juan-pablo-montoya,3,platinum,true
wec-2018-2019-r2-le-mans-37,wec-2018-2019-r2-le-mans,jazeman-jaafar,1,gold,true
wec-2018-2019-r2-le-mans-37,wec-2018-2019-r2-le-mans,nabil-jeffri,2,silver,true
wec-2018-2019-r2-le-mans-37,wec-2018-2019-r2-le-mans,weiron-tan,3,silver,true
wec-2018-2019-r2-le-mans-31,wec-2018-2019-r2-le-mans,roberto-gonzalez,1,silver,true
wec-2018-2019-r2-le-mans-31,wec-2018-2019-r2-le-mans,pastor-maldonado,2,platinum,true
wec-2018-2019-r2-le-mans-31,wec-2018-2019-r2-le-mans,nathanael-berthon,3,platinum,true
wec-2018-2019-r2-le-mans-38,wec-2018-2019-r2-le-mans,ho-pin-tung,1,gold,true
wec-2018-2019-r2-le-mans-38,wec-2018-2019-r2-le-mans,stephane-richelmi,2,gold,true
wec-2018-2019-r2-le-mans-38,wec-2018-2019-r2-le-mans,gabriel-aubry,3,silver,true
wec-2018-2019-r2-le-mans-29,wec-2018-2019-r2-le-mans,frits-van-eerd,1,bronze,true
wec-2018-2019-r2-le-mans-29,wec-2018-2019-r2-le-mans,giedo-van-der-garde,2,platinum,true
wec-2018-2019-r2-le-mans-29,wec-2018-2019-r2-le-mans,jan-lammers,3,bronze,true
wec-2018-2019-r2-le-mans-33,wec-2018-2019-r2-le-mans,david-cheng,1,silver,true
wec-2018-2019-r2-le-mans-33,wec-2018-2019-r2-le-mans,nicholas-boulle,2,silver,true
wec-2018-2019-r2-le-mans-33,wec-2018-2019-r2-le-mans,pierre-nicolet,3,silver,true
wec-2018-2019-r2-le-mans-23,wec-2018-2019-r2-le-mans,timothe-buret,1,silver,true
wec-2018-2019-r2-le-mans-23,wec-2018-2019-r2-le-mans,julien-canal,2,silver,true
wec-2018-2019-r2-le-mans-23,wec-2018-2019-r2-le-mans,william-stevens,3,platinum,true
wec-2018-2019-r2-le-mans-35,wec-2018-2019-r2-le-mans,victor-shaitar,1,silver,true
wec-2018-2019-r2-le-mans-35,wec-2018-2019-r2-le-mans,harrison-newey,2,silver,true
wec-2018-2019-r2-le-mans-35,wec-2018-2019-r2-le-mans,norman-nato,3,gold,true
wec-2018-2019-r2-le-mans-92,wec-2018-2019-r2-le-mans,michael-christensen,1,platinum,true
wec-2018-2019-r2-le-mans-92,wec-2018-2019-r2-le-mans,kevin-estre,2,platinum,true
wec-2018-2019-r2-le-mans-92,wec-2018-2019-r2-le-mans,laurens-vanthoor,3,platinum,true
wec-2018-2019-r2-le-mans-91,wec-2018-2019-r2-le-mans,richard-lietz,1,platinum,true
wec-2018-2019-r2-le-mans-91,wec-2018-2019-r2-le-mans,gianmaria-bruni,2,platinum,true
wec-2018-2019-r2-le-mans-91,wec-2018-2019-r2-le-mans,frederic-makowiecki,3,platinum,true
wec-2018-2019-r2-le-mans-68,wec-2018-2019-r2-le-mans,joey-hand,1,platinum,true
wec-2018-2019-r2-le-mans-68,wec-2018-2019-r2-le-mans,dirk-muller,2,platinum,true
wec-2018-2019-r2-le-mans-68,wec-2018-2019-r2-le-mans,sebastien-bourdais,3,platinum,true
wec-2018-2019-r2-le-mans-63,wec-2018-2019-r2-le-mans,jan-magnussen,1,platinum,true
wec-2018-2019-r2-le-mans-63,wec-2018-2019-r2-le-mans,antonio-garcia,2,platinum,true
wec-2018-2019-r2-le-mans-63,wec-2018-2019-r2-le-mans,mike-rockenfeller,3,platinum,true
wec-2018-2019-r2-le-mans-47,wec-2018-2019-r2-le-mans,roberto-lacorte,1,bronze,true
wec-2018-2019-r2-le-mans-47,wec-2018-2019-r2-le-mans,giorgio-sernagiotto,2,silver,true
wec-2018-2019-r2-le-mans-47,wec-2018-2019-r2-le-mans,luis-felipe-nasr,3,platinum,true
wec-2018-2019-r2-le-mans-52,wec-2018-2019-r2-le-mans,toni-vilander,1,platinum,true
wec-2018-2019-r2-le-mans-52,wec-2018-2019-r2-le-mans,antonio-giovinazzi,2,platinum,true
wec-2018-2019-r2-le-mans-52,wec-2018-2019-r2-le-mans,luis-felipe-derani,3,gold,true
wec-2018-2019-r2-le-mans-66,wec-2018-2019-r2-le-mans,stefan-mucke,1,platinum,true
wec-2018-2019-r2-le-mans-66,wec-2018-2019-r2-le-mans,olivier-pla,2,platinum,true
wec-2018-2019-r2-le-mans-66,wec-2018-2019-r2-le-mans,billy-johnson,3,platinum,true
wec-2018-2019-r2-le-mans-51,wec-2018-2019-r2-le-mans,alessandro-pier-guidi,1,platinum,true
wec-2018-2019-r2-le-mans-51,wec-2018-2019-r2-le-mans,james-calado,2,platinum,true
wec-2018-2019-r2-le-mans-51,wec-2018-2019-r2-le-mans,daniel-serra,3,gold,true
wec-2018-2019-r2-le-mans-95,wec-2018-2019-r2-le-mans,marco-sorensen,1,gold,true
wec-2018-2019-r2-le-mans-95,wec-2018-2019-r2-le-mans,nicki-thiim,2,platinum,true
wec-2018-2019-r2-le-mans-95,wec-2018-2019-r2-le-mans,darren-turner,3,platinum,true
wec-2018-2019-r2-le-mans-71,wec-2018-2019-r2-le-mans,davide-rigon,1,platinum,true
wec-2018-2019-r2-le-mans-71,wec-2018-2019-r2-le-mans,sam-bird,2,platinum,true
wec-2018-2019-r2-le-mans-71,wec-2018-2019-r2-le-mans,miguel-molina,3,platinum,true
wec-2018-2019-r2-le-mans-77,wec-2018-2019-r2-le-mans,matt-campbell,1,gold,true
wec-2018-2019-r2-le-mans-77,wec-2018-2019-r2-le-mans,christian-ried,2,bronze,true
wec-2018-2019-r2-le-mans-77,wec-2018-2019-r2-le-mans,julien-andlauer,3,silver,true
wec-2018-2019-r2-le-mans-54,wec-2018-2019-r2-le-mans,thomas-flohr,1,bronze,true
wec-2018-2019-r2-le-mans-54,wec-2018-2019-r2-le-mans,francesco-castellacci,2,silver,true
wec-2018-2019-r2-le-mans-54,wec-2018-2019-r2-le-mans,giancarlo-fisichella,3,platinum,true
wec-2018-2019-r2-le-mans-93,wec-2018-2019-r2-le-mans,patrick-pilet,1,platinum,true
wec-2018-2019-r2-le-mans-93,wec-2018-2019-r2-le-mans,nick-tandy,2,platinum,true
wec-2018-2019-r2-le-mans-93,wec-2018-2019-r2-le-mans,earl-bamber,3,platinum,true
wec-2018-2019-r2-le-mans-85,wec-2018-2019-r2-le-mans,ben-keating,1,bronze,true
wec-2018-2019-r2-le-mans-85,wec-2018-2019-r2-le-mans,jeroen-bleekemolen,2,platinum,true
wec-2018-2019-r2-le-mans-85,wec-2018-2019-r2-le-mans,luca-stolz,3,silver,true
wec-2018-2019-r2-le-mans-99,wec-2018-2019-r2-le-mans,patrick-long,1,platinum,true
wec-2018-2019-r2-le-mans-99,wec-2018-2019-r2-le-mans,timothy-pappas,2,bronze,true
wec-2018-2019-r2-le-mans-99,wec-2018-2019-r2-le-mans,spencer-pumpelly,3,silver,true
wec-2018-2019-r2-le-mans-84,wec-2018-2019-r2-le-mans,liam-griffin,1,bronze,true
wec-2018-2019-r2-le-mans-84,wec-2018-2019-r2-le-mans,cooper-macneil,2,silver,true
wec-2018-2019-r2-le-mans-84,wec-2018-2019-r2-le-mans,jeffrey-segal,3,gold,true
wec-2018-2019-r2-le-mans-80,wec-2018-2019-r2-le-mans,fabio-babini,1,gold,true
wec-2018-2019-r2-le-mans-80,wec-2018-2019-r2-le-mans,christina-nielsen,2,silver,true
wec-2018-2019-r2-le-mans-80,wec-2018-2019-r2-le-mans,erik-maris,3,bronze,true
wec-2018-2019-r2-le-mans-50,wec-2018-2019-r2-le-mans,erwin-creed,1,bronze,true
wec-2018-2019-r2-le-mans-50,wec-2018-2019-r2-le-mans,romano-ricci,2,bronze,true
wec-2018-2019-r2-le-mans-50,wec-2018-2019-r2-le-mans,thomas-dagoneau,3,bronze,true
wec-2018-2019-r2-le-mans-81,wec-2018-2019-r2-le-mans,martin-tomczyk,1,platinum,true
wec-2018-2019-r2-le-mans-81,wec-2018-2019-r2-le-mans,nicky-catsburg,2,gold,true
wec-2018-2019-r2-le-mans-81,wec-2018-2019-r2-le-mans,philipp-eng,3,platinum,true
wec-2018-2019-r2-le-mans-56,wec-2018-2019-r2-le-mans,jorg-bergmeister,1,platinum,true
wec-2018-2019-r2-le-mans-56,wec-2018-2019-r2-le-mans,patrick-lindsey,2,silver,true
wec-2018-2019-r2-le-mans-56,wec-2018-2019-r2-le-mans,egidio-perfetti,3,bronze,true
wec-2018-2019-r2-le-mans-61,wec-2018-2019-r2-le-mans,weng-sun-mok,1,bronze,true
wec-2018-2019-r2-le-mans-61,wec-2018-2019-r2-le-mans,matthew-griffin,2,gold,true
wec-2018-2019-r2-le-mans-61,wec-2018-2019-r2-le-mans,keita-sawa,3,silver,true
wec-2018-2019-r2-le-mans-67,wec-2018-2019-r2-le-mans,andy-priaulx,1,platinum,true
wec-2018-2019-r2-le-mans-67,wec-2018-2019-r2-le-mans,harry-tincknell,2,platinum,true
wec-2018-2019-r2-le-mans-67,wec-2018-2019-r2-le-mans,tony-kanaan,3,platinum,true
wec-2018-2019-r2-le-mans-97,wec-2018-2019-r2-le-mans,alexander-lynn,1,platinum,true
wec-2018-2019-r2-le-mans-97,wec-2018-2019-r2-le-mans,maxime-martin,2,platinum,true
wec-2018-2019-r2-le-mans-97,wec-2018-2019-r2-le-mans,jonathan-adam,3,platinum,true
wec-2018-2019-r2-le-mans-70,wec-2018-2019-r2-le-mans,motoaki-ishikawa,1,bronze,true
wec-2018-2019-r2-le-mans-70,wec-2018-2019-r2-le-mans,olivier-beretta,2,platinum,true
wec-2018-2019-r2-le-mans-70,wec-2018-2019-r2-le-mans,edward-cheever,3,silver,true
wec-2018-2019-r2-le-mans-69,wec-2018-2019-r2-le-mans,ryan-briscoe,1,platinum,true
wec-2018-2019-r2-le-mans-69,wec-2018-2019-r2-le-mans,richard-westbrook,2,platinum,true
wec-2018-2019-r2-le-mans-69,wec-2018-2019-r2-le-mans,scott-dixon,3,platinum,true
wec-2018-2019-r2-le-mans-86,wec-2018-2019-r2-le-mans,michael-wainwright,1,bronze,true
wec-2018-2019-r2-le-mans-86,wec-2018-2019-r2-le-mans,benjamin-barker,2,gold,true
wec-2018-2019-r2-le-mans-86,wec-2018-2019-r2-le-mans,alex-davison,3,silver,true
wec-2018-2019-r2-le-mans-5,wec-2018-2019-r2-le-mans,charles-robertson,1,silver,true
wec-2018-2019-r2-le-mans-5,wec-2018-2019-r2-le-mans,michael-simpson,2,silver,true
wec-2018-2019-r2-le-mans-5,wec-2018-2019-r2-le-mans,leo-roussel,3,gold,true
wec-2018-2019-r2-le-mans-44,wec-2018-2019-r2-le-mans,andrea-bertolini,1,platinum,true
wec-2018-2019-r2-le-mans-44,wec-2018-2019-r2-le-mans,niclas-jonsson,2,silver,true
wec-2018-2019-r2-le-mans-44,wec-2018-2019-r2-le-mans,tracy-krohn,3,bronze,true
wec-2018-2019-r2-le-mans-11,wec-2018-2019-r2-le-mans,vitaly-petrov,1,platinum,true
wec-2018-2019-r2-le-mans-11,wec-2018-2019-r2-le-mans,mikhail-aleshin,2,platinum,true
wec-2018-2019-r2-le-mans-11,wec-2018-2019-r2-le-mans,jenson-button,3,platinum,true
wec-2018-2019-r2-le-mans-48,wec-2018-2019-r2-le-mans,paul-lafargue,1,silver,true
wec-2018-2019-r2-le-mans-48,wec-2018-2019-r2-le-mans,paul-loup-chatin,2,gold,true
wec-2018-2019-r2-le-mans-48,wec-2018-2019-r2-le-mans,memo-rojas,3,gold,true
wec-2018-2019-r2-le-mans-90,wec-2018-2019-r2-le-mans,salih-yoluc,1,bronze,true
wec-2018-2019-r2-le-mans-90,wec-2018-2019-r2-le-mans,euan-hankey,2,gold,true
wec-2018-2019-r2-le-mans-90,wec-2018-2019-r2-le-mans,charles-eastwood,3,silver,true
wec-2018-2019-r2-le-mans-22,wec-2018-2019-r2-le-mans,philip-hanson,1,silver,true
wec-2018-2019-r2-le-mans-22,wec-2018-2019-r2-le-mans,filipe-albuquerque,2,platinum,true
wec-2018-2019-r2-le-mans-22,wec-2018-2019-r2-le-mans,paul-di-resta,3,platinum,true
wec-2018-2019-r2-le-mans-64,wec-2018-2019-r2-le-mans,oliver-gavin,1,platinum,true
wec-2018-2019-r2-le-mans-64,wec-2018-2019-r2-le-mans,tommy-milner,2,platinum,true
wec-2018-2019-r2-le-mans-64,wec-2018-2019-r2-le-mans,marcel-fassler,3,platinum,true
wec-2018-2019-r2-le-mans-10,wec-2018-2019-r2-le-mans,henrik-hedman,1,bronze,true
wec-2018-2019-r2-le-mans-10,wec-2018-2019-r2-le-mans,ben-hanley,2,gold,true
wec-2018-2019-r2-le-mans-10,wec-2018-2019-r2-le-mans,renger-van-der-zande,3,gold,true
wec-2018-2019-r2-le-mans-25,wec-2018-2019-r2-le-mans,mark-patterson,1,bronze,true
wec-2018-2019-r2-le-mans-25,wec-2018-2019-r2-le-mans,ate-de-jong,2,bronze,true
wec-2018-2019-r2-le-mans-25,wec-2018-2019-r2-le-mans,tacksung-kim,3,bronze,true
wec-2018-2019-r2-le-mans-88,wec-2018-2019-r2-le-mans,matteo-cairoli,1,gold,true
wec-2018-2019-r2-le-mans-88,wec-2018-2019-r2-le-mans,khaled-al-qubaisi,2,bronze,true
wec-2018-2019-r2-le-mans-88,wec-2018-2019-r2-le-mans,giorgio-roda,3,silver,true
wec-2018-2019-r2-le-mans-82,wec-2018-2019-r2-le-mans,augusto-farfus,1,platinum,true
wec-2018-2019-r2-le-mans-82,wec-2018-2019-r2-le-mans,antonio-felix-da-costa,2,platinum,true
wec-2018-2019-r2-le-mans-82,wec-2018-2019-r2-le-mans,alexander-sims,3,platinum,true
wec-2018-2019-r2-le-mans-40,wec-2018-2019-r2-le-mans,james-allen,1,silver,true
wec-2018-2019-r2-le-mans-40,wec-2018-2019-r2-le-mans,jose-gutierrez,2,silver,true
wec-2018-2019-r2-le-mans-40,wec-2018-2019-r2-le-mans,enzo-guibbert,3,gold,true
wec-2018-2019-r2-le-mans-34,wec-2018-2019-r2-le-mans,ricky-taylor,1,platinum,true
wec-2018-2019-r2-le-mans-34,wec-2018-2019-r2-le-mans,come-ledogar,2,platinum,true
wec-2018-2019-r2-le-mans-34,wec-2018-2019-r2-le-mans,david-heinemeier-hansson,3,silver,true
wec-2018-2019-r2-le-mans-6,wec-2018-2019-r2-le-mans,oliver-rowland,1,platinum,true
wec-2018-2019-r2-le-mans-6,wec-2018-2019-r2-le-mans,alex-brundle,2,gold,true
wec-2018-2019-r2-le-mans-6,wec-2018-2019-r2-le-mans,oliver-turvey,3,platinum,true
wec-2018-2019-r2-le-mans-17,wec-2018-2019-r2-le-mans,stephane-sarrazin,1,platinum,true
wec-2018-2019-r2-le-mans-17,wec-2018-2019-r2-le-mans,egor-orudzhev,2,gold,true
wec-2018-2019-r2-le-mans-17,wec-2018-2019-r2-le-mans,matevos-isaakyan,3,gold,true
wec-2018-2019-r2-le-mans-94,wec-2018-2019-r2-le-mans,romain-dumas,1,platinum,true
wec-2018-2019-r2-le-mans-94,wec-2018-2019-r2-le-mans,timo-bernhard,2,platinum,true
wec-2018-2019-r2-le-mans-94,wec-2018-2019-r2-le-mans,sven-muller,3,gold,true
wec-2018-2019-r2-le-mans-98,wec-2018-2019-r2-le-mans,paul-dalla-lana,1,bronze,true
wec-2018-2019-r2-le-mans-98,wec-2018-2019-r2-le-mans,pedro-lamy,2,platinum,true
wec-2018-2019-r2-le-mans-98,wec-2018-2019-r2-le-mans,mathias-lauda,3,silver,true
wec-2018-2019-r2-le-mans-4,wec-2018-2019-r2-le-mans,oliver-webb,1,gold,true
wec-2018-2019-r2-le-mans-4,wec-2018-2019-r2-le-mans,dominik-kraihamer,2,gold,true
wec-2018-2019-r2-le-mans-4,wec-2018-2019-r2-le-mans,tom-dillmann,3,gold,true
wec-2018-2019-r2-le-mans-26,wec-2018-2019-r2-le-mans,roman-rusinov,1,gold,true
wec-2018-2019-r2-le-mans-26,wec-2018-2019-r2-le-mans,andrea-pizzitola,2,silver,true
wec-2018-2019-r2-le-mans-26,wec-2018-2019-r2-le-mans,jean-eric-vergne,3,platinum,true
wec-2018-2019-r2-le-mans-28,wec-2018-2019-r2-le-mans,francois-perrodo,1,bronze,true
wec-2018-2019-r2-le-mans-28,wec-2018-2019-r2-le-mans,matthieu-vaxiviere,2,gold,true
wec-2018-2019-r2-le-mans-28,wec-2018-2019-r2-le-mans,loic-duval,3,platinum,true
wec-2018-2019-r3-silverstone-3,wec-2018-2019-r3-silverstone,mathias-beche,1,platinum,true
wec-2018-2019-r3-silverstone-3,wec-2018-2019-r3-silverstone,thomas-laurent,2,gold,true
wec-2018-2019-r3-silverstone-3,wec-2018-2019-r3-silverstone,gustavo-menezes,3,gold,true
wec-2018-2019-r3-silverstone-1,wec-2018-2019-r3-silverstone,neel-jani,1,platinum,true
wec-2018-2019-r3-silverstone-1,wec-2018-2019-r3-silverstone,andre-lotterer,2,platinum,true
wec-2018-2019-r3-silverstone-17,wec-2018-2019-r3-silverstone,stephane-sarrazin,1,platinum,true
wec-2018-2019-r3-silverstone-17,wec-2018-2019-r3-silverstone,egor-orudzhev,2,gold,true
wec-2018-2019-r3-silverstone-38,wec-2018-2019-r3-silverstone,ho-pin-tung,1,gold,true
wec-2018-2019-r3-silverstone-38,wec-2018-2019-r3-silverstone,gabriel-aubry,2,silver,true
wec-2018-2019-r3-silverstone-38,wec-2018-2019-r3-silverstone,stephane-richelmi,3,gold,true
wec-2018-2019-r3-silverstone-37,wec-2018-2019-r3-silverstone,jazeman-jaafar,1,gold,true
wec-2018-2019-r3-silverstone-37,wec-2018-2019-r3-silverstone,weiron-tan,2,silver,true
wec-2018-2019-r3-silverstone-37,wec-2018-2019-r3-silverstone,nabil-jeffri,3,silver,true
wec-2018-2019-r3-silverstone-36,wec-2018-2019-r3-silverstone,nicolas-lapierre,1,platinum,true
wec-2018-2019-r3-silverstone-36,wec-2018-2019-r3-silverstone,andre-negrao,2,gold,true
wec-2018-2019-r3-silverstone-36,wec-2018-2019-r3-silverstone,pierre-thiriet,3,silver,true
wec-2018-2019-r3-silverstone-31,wec-2018-2019-r3-silverstone,roberto-gonzalez,1,silver,true
wec-2018-2019-r3-silverstone-31,wec-2018-2019-r3-silverstone,pastor-maldonado,2,platinum,true
wec-2018-2019-r3-silverstone-31,wec-2018-2019-r3-silverstone,anthony-davidson,3,platinum,true
wec-2018-2019-r3-silverstone-29,wec-2018-2019-r3-silverstone,frits-van-eerd,1,bronze,true
wec-2018-2019-r3-silverstone-29,wec-2018-2019-r3-silverstone,giedo-van-der-garde,2,platinum,true
wec-2018-2019-r3-silverstone-29,wec-2018-2019-r3-silverstone,nyck-de-vries,3,gold,true
wec-2018-2019-r3-silverstone-50,wec-2018-2019-r3-silverstone,erwin-creed,1,bronze,true
wec-2018-2019-r3-silverstone-50,wec-2018-2019-r3-silverstone,romano-ricci,2,bronze,true
wec-2018-2019-r3-silverstone-50,wec-2018-2019-r3-silverstone,yoshiharu-mori,3,bronze,true
wec-2018-2019-r3-silverstone-28,wec-2018-2019-r3-silverstone,francois-perrodo,1,bronze,true
wec-2018-2019-r3-silverstone-28,wec-2018-2019-r3-silverstone,matthieu-vaxiviere,2,gold,true
wec-2018-2019-r3-silverstone-28,wec-2018-2019-r3-silverstone,loic-duval,3,platinum,true
wec-2018-2019-r3-silverstone-51,wec-2018-2019-r3-silverstone,alessandro-pier-guidi,1,platinum,true
wec-2018-2019-r3-silverstone-51,wec-2018-2019-r3-silverstone,james-calado,2,platinum,true
wec-2018-2019-r3-silverstone-67,wec-2018-2019-r3-silverstone,andy-priaulx,1,platinum,true
wec-2018-2019-r3-silverstone-67,wec-2018-2019-r3-silverstone,harry-tincknell,2,platinum,true
wec-2018-2019-r3-silverstone-92,wec-2018-2019-r3-silverstone,michael-christensen,1,platinum,true
wec-2018-2019-r3-silverstone-92,wec-2018-2019-r3-silverstone,kevin-estre,2,platinum,true
wec-2018-2019-r3-silverstone-97,wec-2018-2019-r3-silverstone,alexander-lynn,1,platinum,true
wec-2018-2019-r3-silverstone-97,wec-2018-2019-r3-silverstone,maxime-martin,2,platinum,true
wec-2018-2019-r3-silverstone-81,wec-2018-2019-r3-silverstone,martin-tomczyk,1,platinum,true
wec-2018-2019-r3-silverstone-81,wec-2018-2019-r3-silverstone,nicky-catsburg,2,gold,true
wec-2018-2019-r3-silverstone-66,wec-2018-2019-r3-silverstone,stefan-mucke,1,platinum,true
wec-2018-2019-r3-silverstone-66,wec-2018-2019-r3-silverstone,olivier-pla,2,platinum,true
wec-2018-2019-r3-silverstone-77,wec-2018-2019-r3-silverstone,christian-ried,1,bronze,true
wec-2018-2019-r3-silverstone-77,wec-2018-2019-r3-silverstone,julien-andlauer,2,silver,true
wec-2018-2019-r3-silverstone-77,wec-2018-2019-r3-silverstone,matt-campbell,3,gold,true
wec-2018-2019-r3-silverstone-90,wec-2018-2019-r3-silverstone,salih-yoluc,1,bronze,true
wec-2018-2019-r3-silverstone-90,wec-2018-2019-r3-silverstone,jonathan-adam,2,platinum,true
wec-2018-2019-r3-silverstone-90,wec-2018-2019-r3-silverstone,charles-eastwood,3,silver,true
wec-2018-2019-r3-silverstone-56,wec-2018-2019-r3-silverstone,jorg-bergmeister,1,platinum,true
wec-2018-2019-r3-silverstone-56,wec-2018-2019-r3-silverstone,patrick-lindsey,2,silver,true
wec-2018-2019-r3-silverstone-56,wec-2018-2019-r3-silverstone,egidio-perfetti,3,bronze,true
wec-2018-2019-r3-silverstone-98,wec-2018-2019-r3-silverstone,paul-dalla-lana,1,bronze,true
wec-2018-2019-r3-silverstone-98,wec-2018-2019-r3-silverstone,pedro-lamy,2,platinum,true
wec-2018-2019-r3-silverstone-98,wec-2018-2019-r3-silverstone,mathias-lauda,3,silver,true
wec-2018-2019-r3-silverstone-61,wec-2018-2019-r3-silverstone,weng-sun-mok,1,bronze,true
wec-2018-2019-r3-silverstone-61,wec-2018-2019-r3-silverstone,keita-sawa,2,silver,true
wec-2018-2019-r3-silverstone-61,wec-2018-2019-r3-silverstone,matthew-griffin,3,gold,true
wec-2018-2019-r3-silverstone-86,wec-2018-2019-r3-silverstone,michael-wainwright,1,bronze,true
wec-2018-2019-r3-silverstone-86,wec-2018-2019-r3-silverstone,benjamin-barker,2,gold,true
wec-2018-2019-r3-silverstone-86,wec-2018-2019-r3-silverstone,alex-davison,3,silver,true
wec-2018-2019-r3-silverstone-70,wec-2018-2019-r3-silverstone,motoaki-ishikawa,1,bronze,true
wec-2018-2019-r3-silverstone-70,wec-2018-2019-r3-silverstone,olivier-beretta,2,platinum,true
wec-2018-2019-r3-silverstone-70,wec-2018-2019-r3-silverstone,edward-cheever,3,silver,true
wec-2018-2019-r3-silverstone-88,wec-2018-2019-r3-silverstone,gianluca-roda,1,bronze,true
wec-2018-2019-r3-silverstone-88,wec-2018-2019-r3-silverstone,giorgio-roda-jr,2,silver,true
wec-2018-2019-r3-silverstone-88,wec-2018-2019-r3-silverstone,matteo-cairoli,3,gold,true
wec-2018-2019-r3-silverstone-10,wec-2018-2019-r3-silverstone,henrik-hedman,1,bronze,true
wec-2018-2019-r3-silverstone-10,wec-2018-2019-r3-silverstone,ben-hanley,2,gold,true
wec-2018-2019-r3-silverstone-10,wec-2018-2019-r3-silverstone,renger-van-der-zande,3,gold,true
wec-2018-2019-r3-silverstone-54,wec-2018-2019-r3-silverstone,thomas-flohr,1,bronze,true
wec-2018-2019-r3-silverstone-54,wec-2018-2019-r3-silverstone,francesco-castellacci,2,silver,true
wec-2018-2019-r3-silverstone-54,wec-2018-2019-r3-silverstone,giancarlo-fisichella,3,platinum,true
wec-2018-2019-r3-silverstone-71,wec-2018-2019-r3-silverstone,davide-rigon,1,platinum,true
wec-2018-2019-r3-silverstone-71,wec-2018-2019-r3-silverstone,sam-bird,2,platinum,true
wec-2018-2019-r3-silverstone-95,wec-2018-2019-r3-silverstone,marco-sorensen,1,gold,true
wec-2018-2019-r3-silverstone-95,wec-2018-2019-r3-silverstone,nicki-thiim,2,platinum,true
wec-2018-2019-r3-silverstone-82,wec-2018-2019-r3-silverstone,augusto-farfus,1,platinum,true
wec-2018-2019-r3-silverstone-82,wec-2018-2019-r3-silverstone,antonio-felix-da-costa,2,platinum,true
wec-2018-2019-r3-silverstone-4,wec-2018-2019-r3-silverstone,oliver-webb,1,gold,true
wec-2018-2019-r3-silverstone-4,wec-2018-2019-r3-silverstone,rene-binder,2,silver,true
wec-2018-2019-r3-silverstone-11,wec-2018-2019-r3-silverstone,mikhail-aleshin,1,platinum,true
wec-2018-2019-r3-silverstone-11,wec-2018-2019-r3-silverstone,vitaly-petrov,2,platinum,true
wec-2018-2019-r3-silverstone-11,wec-2018-2019-r3-silverstone,jenson-button,3,platinum,true
wec-2018-2019-r3-silverstone-8,wec-2018-2019-r3-silverstone,sebastien-buemi,1,platinum,true
wec-2018-2019-r3-silverstone-8,wec-2018-2019-r3-silverstone,kazuki-nakajima,2,platinum,true
wec-2018-2019-r3-silverstone-8,wec-2018-2019-r3-silverstone,fernando-alonso,3,platinum,true
wec-2018-2019-r3-silverstone-7,wec-2018-2019-r3-silverstone,mike-conway,1,platinum,true
wec-2018-2019-r3-silverstone-7,wec-2018-2019-r3-silverstone,kamui-kobayashi,2,platinum,true
wec-2018-2019-r3-silverstone-7,wec-2018-2019-r3-silverstone,jose-maria-lopez,3,platinum,true
wec-2018-2019-r3-silverstone-91,wec-2018-2019-r3-silverstone,richard-lietz,1,platinum,true
wec-2018-2019-r3-silverstone-91,wec-2018-2019-r3-silverstone,gianmaria-bruni,2,platinum,true
wec-2018-2019-r4-fuji-7,wec-2018-2019-r4-fuji,mike-conway,1,platinum,true
wec-2018-2019-r4-fuji-7,wec-2018-2019-r4-fuji,kamui-kobayashi,2,platinum,true
wec-2018-2019-r4-fuji-7,wec-2018-2019-r4-fuji,jose-maria-lopez,3,platinum,true
wec-2018-2019-r4-fuji-8,wec-2018-2019-r4-fuji,sebastien-buemi,1,platinum,true
wec-2018-2019-r4-fuji-8,wec-2018-2019-r4-fuji,kazuki-nakajima,2,platinum,true
wec-2018-2019-r4-fuji-8,wec-2018-2019-r4-fuji,fernando-alonso,3,platinum,true
wec-2018-2019-r4-fuji-1,wec-2018-2019-r4-fuji,neel-jani,1,platinum,true
wec-2018-2019-r4-fuji-1,wec-2018-2019-r4-fuji,andre-lotterer,2,platinum,true
wec-2018-2019-r4-fuji-1,wec-2018-2019-r4-fuji,bruno-senna,3,platinum,true
wec-2018-2019-r4-fuji-11,wec-2018-2019-r4-fuji,mikhail-aleshin,1,platinum,true
wec-2018-2019-r4-fuji-11,wec-2018-2019-r4-fuji,vitaly-petrov,2,platinum,true
wec-2018-2019-r4-fuji-11,wec-2018-2019-r4-fuji,jenson-button,3,platinum,true
wec-2018-2019-r4-fuji-4,wec-2018-2019-r4-fuji,oliver-webb,1,gold,true
wec-2018-2019-r4-fuji-4,wec-2018-2019-r4-fuji,tom-dillmann,2,gold,true
wec-2018-2019-r4-fuji-4,wec-2018-2019-r4-fuji,james-rossiter,3,platinum,true
wec-2018-2019-r4-fuji-37,wec-2018-2019-r4-fuji,jazeman-jaafar,1,gold,true
wec-2018-2019-r4-fuji-37,wec-2018-2019-r4-fuji,weiron-tan,2,silver,true
wec-2018-2019-r4-fuji-37,wec-2018-2019-r4-fuji,nabil-jeffri,3,silver,true
wec-2018-2019-r4-fuji-38,wec-2018-2019-r4-fuji,ho-pin-tung,1,gold,true
wec-2018-2019-r4-fuji-38,wec-2018-2019-r4-fuji,gabriel-aubry,2,silver,true
wec-2018-2019-r4-fuji-38,wec-2018-2019-r4-fuji,stephane-richelmi,3,gold,true
wec-2018-2019-r4-fuji-36,wec-2018-2019-r4-fuji,nicolas-lapierre,1,platinum,true
wec-2018-2019-r4-fuji-36,wec-2018-2019-r4-fuji,andre-negrao,2,gold,true
wec-2018-2019-r4-fuji-36,wec-2018-2019-r4-fuji,pierre-thiriet,3,silver,true
wec-2018-2019-r4-fuji-28,wec-2018-2019-r4-fuji,francois-perrodo,1,bronze,true
wec-2018-2019-r4-fuji-28,wec-2018-2019-r4-fuji,matthieu-vaxiviere,2,gold,true
wec-2018-2019-r4-fuji-28,wec-2018-2019-r4-fuji,jean-eric-vergne,3,platinum,true
wec-2018-2019-r4-fuji-50,wec-2018-2019-r4-fuji,erwin-creed,1,bronze,true
wec-2018-2019-r4-fuji-50,wec-2018-2019-r4-fuji,romano-ricci,2,bronze,true
wec-2018-2019-r4-fuji-50,wec-2018-2019-r4-fuji,keiko-ihara,3,bronze,true
wec-2018-2019-r4-fuji-92,wec-2018-2019-r4-fuji,michael-christensen,1,platinum,true
wec-2018-2019-r4-fuji-92,wec-2018-2019-r4-fuji,kevin-estre,2,platinum,true
wec-2018-2019-r4-fuji-82,wec-2018-2019-r4-fuji,tom-blomqvist,1,platinum,true
wec-2018-2019-r4-fuji-82,wec-2018-2019-r4-fuji,antonio-felix-da-costa,2,platinum,true
wec-2018-2019-r4-fuji-67,wec-2018-2019-r4-fuji,andy-priaulx,1,platinum,true
wec-2018-2019-r4-fuji-67,wec-2018-2019-r4-fuji,harry-tincknell,2,platinum,true
wec-2018-2019-r4-fuji-51,wec-2018-2019-r4-fuji,alessandro-pier-guidi,1,platinum,true
wec-2018-2019-r4-fuji-51,wec-2018-2019-r4-fuji,james-calado,2,platinum,true
wec-2018-2019-r4-fuji-91,wec-2018-2019-r4-fuji,richard-lietz,1,platinum,true
wec-2018-2019-r4-fuji-91,wec-2018-2019-r4-fuji,gianmaria-bruni,2,platinum,true
wec-2018-2019-r4-fuji-95,wec-2018-2019-r4-fuji,marco-sorensen,1,gold,true
wec-2018-2019-r4-fuji-95,wec-2018-2019-r4-fuji,nicki-thiim,2,platinum,true
wec-2018-2019-r4-fuji-81,wec-2018-2019-r4-fuji,martin-tomczyk,1,platinum,true
wec-2018-2019-r4-fuji-81,wec-2018-2019-r4-fuji,nicky-catsburg,2,gold,true
wec-2018-2019-r4-fuji-66,wec-2018-2019-r4-fuji,stefan-mucke,1,platinum,true
wec-2018-2019-r4-fuji-66,wec-2018-2019-r4-fuji,olivier-pla,2,platinum,true
wec-2018-2019-r4-fuji-97,wec-2018-2019-r4-fuji,alexander-lynn,1,platinum,true
wec-2018-2019-r4-fuji-97,wec-2018-2019-r4-fuji,maxime-martin,2,platinum,true
wec-2018-2019-r4-fuji-31,wec-2018-2019-r4-fuji,roberto-gonzalez,1,silver,true
wec-2018-2019-r4-fuji-31,wec-2018-2019-r4-fuji,pastor-maldonado,2,platinum,true
wec-2018-2019-r4-fuji-31,wec-2018-2019-r4-fuji,anthony-davidson,3,platinum,true
wec-2018-2019-r4-fuji-29,wec-2018-2019-r4-fuji,frits-van-eerd,1,bronze,true
wec-2018-2019-r4-fuji-29,wec-2018-2019-r4-fuji,giedo-van-der-garde,2,platinum,true
wec-2018-2019-r4-fuji-29,wec-2018-2019-r4-fuji,nyck-de-vries,3,gold,true
wec-2018-2019-r4-fuji-71,wec-2018-2019-r4-fuji,davide-rigon,1,platinum,true
wec-2018-2019-r4-fuji-71,wec-2018-2019-r4-fuji,sam-bird,2,platinum,true
wec-2018-2019-r4-fuji-56,wec-2018-2019-r4-fuji,jorg-bergmeister,1,platinum,true
wec-2018-2019-r4-fuji-56,wec-2018-2019-r4-fuji,patrick-lindsey,2,silver,true
wec-2018-2019-r4-fuji-56,wec-2018-2019-r4-fuji,egidio-perfetti,3,bronze,true
wec-2018-2019-r4-fuji-90,wec-2018-2019-r4-fuji,salih-yoluc,1,bronze,true
wec-2018-2019-r4-fuji-90,wec-2018-2019-r4-fuji,jonathan-adam,2,platinum,true
wec-2018-2019-r4-fuji-90,wec-2018-2019-r4-fuji,charles-eastwood,3,silver,true
wec-2018-2019-r4-fuji-98,wec-2018-2019-r4-fuji,paul-dalla-lana,1,bronze,true
wec-2018-2019-r4-fuji-98,wec-2018-2019-r4-fuji,pedro-lamy,2,platinum,true
wec-2018-2019-r4-fuji-98,wec-2018-2019-r4-fuji,mathias-lauda,3,silver,true
wec-2018-2019-r4-fuji-86,wec-2018-2019-r4-fuji,michael-wainwright,1,bronze,true
wec-2018-2019-r4-fuji-86,wec-2018-2019-r4-fuji,benjamin-barker,2,gold,true
wec-2018-2019-r4-fuji-86,wec-2018-2019-r4-fuji,thomas-preining,3,silver,true
wec-2018-2019-r4-fuji-88,wec-2018-2019-r4-fuji,satoshi-hoshino,1,bronze,true
wec-2018-2019-r4-fuji-88,wec-2018-2019-r4-fuji,giorgio-roda-jr,2,silver,true
wec-2018-2019-r4-fuji-88,wec-2018-2019-r4-fuji,matteo-cairoli,3,gold,true
wec-2018-2019-r4-fuji-54,wec-2018-2019-r4-fuji,thomas-flohr,1,bronze,true
wec-2018-2019-r4-fuji-54,wec-2018-2019-r4-fuji,francesco-castellacci,2,silver,true
wec-2018-2019-r4-fuji-54,wec-2018-2019-r4-fuji,giancarlo-fisichella,3,platinum,true
wec-2018-2019-r4-fuji-61,wec-2018-2019-r4-fuji,weng-sun-mok,1,bronze,true
wec-2018-2019-r4-fuji-61,wec-2018-2019-r4-fuji,keita-sawa,2,silver,true
wec-2018-2019-r4-fuji-61,wec-2018-2019-r4-fuji,matthew-griffin,3,gold,true
wec-2018-2019-r4-fuji-77,wec-2018-2019-r4-fuji,christian-ried,1,bronze,true
wec-2018-2019-r4-fuji-77,wec-2018-2019-r4-fuji,julien-andlauer,2,silver,true
wec-2018-2019-r4-fuji-77,wec-2018-2019-r4-fuji,matt-campbell,3,gold,true
wec-2018-2019-r4-fuji-10,wec-2018-2019-r4-fuji,james-allen,1,silver,true
wec-2018-2019-r4-fuji-10,wec-2018-2019-r4-fuji,ben-hanley,2,gold,true
wec-2018-2019-r4-fuji-17,wec-2018-2019-r4-fuji,stephane-sarrazin,1,platinum,true
wec-2018-2019-r4-fuji-17,wec-2018-2019-r4-fuji,egor-orudzhev,2,gold,true
wec-2018-2019-r4-fuji-17,wec-2018-2019-r4-fuji,matevos-isaakyan,3,gold,true
wec-2018-2019-r4-fuji-3,wec-2018-2019-r4-fuji,mathias-beche,1,platinum,true
wec-2018-2019-r4-fuji-3,wec-2018-2019-r4-fuji,thomas-laurent,2,gold,true
wec-2018-2019-r4-fuji-3,wec-2018-2019-r4-fuji,gustavo-menezes,3,gold,true
wec-2018-2019-r4-fuji-70,wec-2018-2019-r4-fuji,motoaki-ishikawa,1,bronze,true
wec-2018-2019-r4-fuji-70,wec-2018-2019-r4-fuji,olivier-beretta,2,platinum,true
wec-2018-2019-r4-fuji-70,wec-2018-2019-r4-fuji,edward-cheever,3,silver,true
wec-2018-2019-r5-shanghai-7,wec-2018-2019-r5-shanghai,mike-conway,1,platinum,true
wec-2018-2019-r5-shanghai-7,wec-2018-2019-r5-shanghai,kamui-kobayashi,2,platinum,true
wec-2018-2019-r5-shanghai-7,wec-2018-2019-r5-shanghai,jose-maria-lopez,3,platinum,true
wec-2018-2019-r5-shanghai-8,wec-2018-2019-r5-shanghai,sebastien-buemi,1,platinum,true
wec-2018-2019-r5-shanghai-8,wec-2018-2019-r5-shanghai,kazuki-nakajima,2,platinum,true
wec-2018-2019-r5-shanghai-8,wec-2018-2019-r5-shanghai,fernando-alonso,3,platinum,true
wec-2018-2019-r5-shanghai-11,wec-2018-2019-r5-shanghai,mikhail-aleshin,1,platinum,true
wec-2018-2019-r5-shanghai-11,wec-2018-2019-r5-shanghai,vitaly-petrov,2,platinum,true
wec-2018-2019-r5-shanghai-11,wec-2018-2019-r5-shanghai,jenson-button,3,platinum,true
wec-2018-2019-r5-shanghai-1,wec-2018-2019-r5-shanghai,neel-jani,1,platinum,true
wec-2018-2019-r5-shanghai-1,wec-2018-2019-r5-shanghai,andre-lotterer,2,platinum,true
wec-2018-2019-r5-shanghai-1,wec-2018-2019-r5-shanghai,bruno-senna,3,platinum,true
wec-2018-2019-r5-shanghai-3,wec-2018-2019-r5-shanghai,mathias-beche,1,platinum,true
wec-2018-2019-r5-shanghai-3,wec-2018-2019-r5-shanghai,thomas-laurent,2,gold,true
wec-2018-2019-r5-shanghai-3,wec-2018-2019-r5-shanghai,gustavo-menezes,3,gold,true
wec-2018-2019-r5-shanghai-10,wec-2018-2019-r5-shanghai,james-allen,1,silver,true
wec-2018-2019-r5-shanghai-10,wec-2018-2019-r5-shanghai,ben-hanley,2,gold,true
wec-2018-2019-r5-shanghai-10,wec-2018-2019-r5-shanghai,renger-van-der-zande,3,gold,true
wec-2018-2019-r5-shanghai-95,wec-2018-2019-r5-shanghai,marco-sorensen,1,gold,true
wec-2018-2019-r5-shanghai-95,wec-2018-2019-r5-shanghai,nicki-thiim,2,platinum,true
wec-2018-2019-r5-shanghai-38,wec-2018-2019-r5-shanghai,ho-pin-tung,1,gold,true
wec-2018-2019-r5-shanghai-38,wec-2018-2019-r5-shanghai,gabriel-aubry,2,silver,true
wec-2018-2019-r5-shanghai-38,wec-2018-2019-r5-shanghai,stephane-richelmi,3,gold,true
wec-2018-2019-r5-shanghai-91,wec-2018-2019-r5-shanghai,richard-lietz,1,platinum,true
wec-2018-2019-r5-shanghai-91,wec-2018-2019-r5-shanghai,gianmaria-bruni,2,platinum,true
wec-2018-2019-r5-shanghai-92,wec-2018-2019-r5-shanghai,michael-christensen,1,platinum,true
wec-2018-2019-r5-shanghai-92,wec-2018-2019-r5-shanghai,kevin-estre,2,platinum,true
wec-2018-2019-r5-shanghai-97,wec-2018-2019-r5-shanghai,alexander-lynn,1,platinum,true
wec-2018-2019-r5-shanghai-97,wec-2018-2019-r5-shanghai,maxime-martin,2,platinum,true
wec-2018-2019-r5-shanghai-31,wec-2018-2019-r5-shanghai,roberto-gonzalez,1,silver,true
wec-2018-2019-r5-shanghai-31,wec-2018-2019-r5-shanghai,pastor-maldonado,2,platinum,true
wec-2018-2019-r5-shanghai-31,wec-2018-2019-r5-shanghai,anthony-davidson,3,platinum,true
wec-2018-2019-r5-shanghai-51,wec-2018-2019-r5-shanghai,alessandro-pier-guidi,1,platinum,true
wec-2018-2019-r5-shanghai-51,wec-2018-2019-r5-shanghai,james-calado,2,platinum,true
wec-2018-2019-r5-shanghai-36,wec-2018-2019-r5-shanghai,nicolas-lapierre,1,platinum,true
wec-2018-2019-r5-shanghai-36,wec-2018-2019-r5-shanghai,andre-negrao,2,gold,true
wec-2018-2019-r5-shanghai-36,wec-2018-2019-r5-shanghai,pierre-thiriet,3,silver,true
wec-2018-2019-r5-shanghai-71,wec-2018-2019-r5-shanghai,davide-rigon,1,platinum,true
wec-2018-2019-r5-shanghai-71,wec-2018-2019-r5-shanghai,sam-bird,2,platinum,true
wec-2018-2019-r5-shanghai-66,wec-2018-2019-r5-shanghai,stefan-mucke,1,platinum,true
wec-2018-2019-r5-shanghai-66,wec-2018-2019-r5-shanghai,olivier-pla,2,platinum,true
wec-2018-2019-r5-shanghai-64,wec-2018-2019-r5-shanghai,oliver-gavin,1,platinum,true
wec-2018-2019-r5-shanghai-64,wec-2018-2019-r5-shanghai,tommy-milner,2,platinum,true
wec-2018-2019-r5-shanghai-81,wec-2018-2019-r5-shanghai,martin-tomczyk,1,platinum,true
wec-2018-2019-r5-shanghai-81,wec-2018-2019-r5-shanghai,nicky-catsburg,2,gold,true
wec-2018-2019-r5-shanghai-67,wec-2018-2019-r5-shanghai,andy-priaulx,1,platinum,true
wec-2018-2019-r5-shanghai-67,wec-2018-2019-r5-shanghai,harry-tincknell,2,platinum,true
wec-2018-2019-r5-shanghai-82,wec-2018-2019-r5-shanghai,tom-blomqvist,1,platinum,true
wec-2018-2019-r5-shanghai-82,wec-2018-2019-r5-shanghai,antonio-felix-da-costa,2,platinum,true
wec-2018-2019-r5-shanghai-77,wec-2018-2019-r5-shanghai,christian-ried,1,bronze,true
wec-2018-2019-r5-shanghai-77,wec-2018-2019-r5-shanghai,julien-andlauer,2,silver,true
wec-2018-2019-r5-shanghai-77,wec-2018-2019-r5-shanghai,matt-campbell,3,gold,true
wec-2018-2019-r5-shanghai-56,wec-2018-2019-r5-shanghai,jorg-bergmeister,1,platinum,true
wec-2018-2019-r5-shanghai-56,wec-2018-2019-r5-shanghai,patrick-lindsey,2,silver,true
wec-2018-2019-r5-shanghai-56,wec-2018-2019-r5-shanghai,egidio-perfetti,3,bronze,true
wec-2018-2019-r5-shanghai-88,wec-2018-2019-r5-shanghai,khaled-al-qubaisi,1,bronze,true
wec-2018-2019-r5-shanghai-88,wec-2018-2019-r5-shanghai,riccardo-pera,2,silver,true
wec-2018-2019-r5-shanghai-88,wec-2018-2019-r5-shanghai,matteo-cairoli,3,gold,true
wec-2018-2019-r5-shanghai-37,wec-2018-2019-r5-shanghai,jazeman-jaafar,1,gold,true
wec-2018-2019-r5-shanghai-37,wec-2018-2019-r5-shanghai,weiron-tan,2,silver,true
wec-2018-2019-r5-shanghai-37,wec-2018-2019-r5-shanghai,nabil-jeffri,3,silver,true
wec-2018-2019-r5-shanghai-54,wec-2018-2019-r5-shanghai,thomas-flohr,1,bronze,true
wec-2018-2019-r5-shanghai-54,wec-2018-2019-r5-shanghai,francesco-castellacci,2,silver,true
wec-2018-2019-r5-shanghai-54,wec-2018-2019-r5-shanghai,giancarlo-fisichella,3,platinum,true
wec-2018-2019-r5-shanghai-98,wec-2018-2019-r5-shanghai,paul-dalla-lana,1,bronze,true
wec-2018-2019-r5-shanghai-98,wec-2018-2019-r5-shanghai,pedro-lamy,2,platinum,true
wec-2018-2019-r5-shanghai-98,wec-2018-2019-r5-shanghai,mathias-lauda,3,silver,true
wec-2018-2019-r5-shanghai-70,wec-2018-2019-r5-shanghai,motoaki-ishikawa,1,bronze,true
wec-2018-2019-r5-shanghai-70,wec-2018-2019-r5-shanghai,olivier-beretta,2,platinum,true
wec-2018-2019-r5-shanghai-70,wec-2018-2019-r5-shanghai,edward-cheever,3,silver,true
wec-2018-2019-r5-shanghai-61,wec-2018-2019-r5-shanghai,weng-sun-mok,1,bronze,true
wec-2018-2019-r5-shanghai-61,wec-2018-2019-r5-shanghai,keita-sawa,2,silver,true
wec-2018-2019-r5-shanghai-61,wec-2018-2019-r5-shanghai,matthew-griffin,3,gold,true
wec-2018-2019-r5-shanghai-90,wec-2018-2019-r5-shanghai,salih-yoluc,1,bronze,true
wec-2018-2019-r5-shanghai-90,wec-2018-2019-r5-shanghai,jonathan-adam,2,platinum,true
wec-2018-2019-r5-shanghai-90,wec-2018-2019-r5-shanghai,charles-eastwood,3,silver,true
wec-2018-2019-r5-shanghai-86,wec-2018-2019-r5-shanghai,michael-wainwright,1,bronze,true
wec-2018-2019-r5-shanghai-86,wec-2018-2019-r5-shanghai,benjamin-barker,2,gold,true
wec-2018-2019-r5-shanghai-86,wec-2018-2019-r5-shanghai,thomas-preining,3,silver,true
wec-2018-2019-r5-shanghai-29,wec-2018-2019-r5-shanghai,frits-van-eerd,1,bronze,true
wec-2018-2019-r5-shanghai-29,wec-2018-2019-r5-shanghai,giedo-van-der-garde,2,platinum,true
wec-2018-2019-r5-shanghai-29,wec-2018-2019-r5-shanghai,nyck-de-vries,3,gold,true
wec-2018-2019-r5-shanghai-50,wec-2018-2019-r5-shanghai,erwin-creed,1,bronze,true
wec-2018-2019-r5-shanghai-50,wec-2018-2019-r5-shanghai,romano-ricci,2,bronze,true
wec-2018-2019-r5-shanghai-50,wec-2018-2019-r5-shanghai,enzo-guibbert,3,gold,true
wec-2018-2019-r5-shanghai-28,wec-2018-2019-r5-shanghai,francois-perrodo,1,bronze,true
wec-2018-2019-r5-shanghai-28,wec-2018-2019-r5-shanghai,matthieu-vaxiviere,2,gold,true
wec-2018-2019-r5-shanghai-28,wec-2018-2019-r5-shanghai,loic-duval,3,platinum,true
wec-2018-2019-r5-shanghai-17,wec-2018-2019-r5-shanghai,stephane-sarrazin,1,platinum,true
wec-2018-2019-r5-shanghai-17,wec-2018-2019-r5-shanghai,egor-orudzhev,2,gold,true
wec-2018-2019-r5-shanghai-17,wec-2018-2019-r5-shanghai,matevos-isaakyan,3,gold,true
wec-2018-2019-r5-shanghai-4,wec-2018-2019-r5-shanghai,oliver-webb,1,gold,true
wec-2018-2019-r5-shanghai-4,wec-2018-2019-r5-shanghai,tom-dillmann,2,gold,true
wec-2018-2019-r5-shanghai-4,wec-2018-2019-r5-shanghai,james-rossiter,3,platinum,true
wec-2018-2019-r6-sebring-8,wec-2018-2019-r6-sebring,sebastien-buemi,1,platinum,true
wec-2018-2019-r6-sebring-8,wec-2018-2019-r6-sebring,kazuki-nakajima,2,platinum,true
wec-2018-2019-r6-sebring-8,wec-2018-2019-r6-sebring,fernando-alonso,3,platinum,true
wec-2018-2019-r6-sebring-7,wec-2018-2019-r6-sebring,mike-conway,1,platinum,true
wec-2018-2019-r6-sebring-7,wec-2018-2019-r6-sebring,kamui-kobayashi,2,platinum,true
wec-2018-2019-r6-sebring-7,wec-2018-2019-r6-sebring,jose-maria-lopez,3,platinum,true
wec-2018-2019-r6-sebring-11,wec-2018-2019-r6-sebring,mikhail-aleshin,1,platinum,true
wec-2018-2019-r6-sebring-11,wec-2018-2019-r6-sebring,vitaly-petrov,2,platinum,true
wec-2018-2019-r6-sebring-11,wec-2018-2019-r6-sebring,brendon-hartley,3,platinum,true
wec-2018-2019-r6-sebring-37,wec-2018-2019-r6-sebring,david-heinemeier-hansson,1,silver,true
wec-2018-2019-r6-sebring-37,wec-2018-2019-r6-sebring,jordan-king,2,gold,true
wec-2018-2019-r6-sebring-37,wec-2018-2019-r6-sebring,william-stevens,3,platinum,true
wec-2018-2019-r6-sebring-36,wec-2018-2019-r6-sebring,nicolas-lapierre,1,platinum,true
wec-2018-2019-r6-sebring-36,wec-2018-2019-r6-sebring,andre-negrao,2,gold,true
wec-2018-2019-r6-sebring-36,wec-2018-2019-r6-sebring,pierre-thiriet,3,silver,true
wec-2018-2019-r6-sebring-31,wec-2018-2019-r6-sebring,roberto-gonzalez,1,silver,true
wec-2018-2019-r6-sebring-31,wec-2018-2019-r6-sebring,pastor-maldonado,2,platinum,true
wec-2018-2019-r6-sebring-31,wec-2018-2019-r6-sebring,anthony-davidson,3,platinum,true
wec-2018-2019-r6-sebring-3,wec-2018-2019-r6-sebring,nathanael-berthon,1,platinum,true
wec-2018-2019-r6-sebring-3,wec-2018-2019-r6-sebring,thomas-laurent,2,gold,true
wec-2018-2019-r6-sebring-3,wec-2018-2019-r6-sebring,gustavo-menezes,3,gold,true
wec-2018-2019-r6-sebring-50,wec-2018-2019-r6-sebring,erwin-creed,1,bronze,true
wec-2018-2019-r6-sebring-50,wec-2018-2019-r6-sebring,romano-ricci,2,bronze,true
wec-2018-2019-r6-sebring-50,wec-2018-2019-r6-sebring,gunnar-jeannette,3,gold,true
wec-2018-2019-r6-sebring-29,wec-2018-2019-r6-sebring,frits-van-eerd,1,bronze,true
wec-2018-2019-r6-sebring-29,wec-2018-2019-r6-sebring,giedo-van-der-garde,2,platinum,true
wec-2018-2019-r6-sebring-29,wec-2018-2019-r6-sebring,nyck-de-vries,3,gold,true
wec-2018-2019-r6-sebring-91,wec-2018-2019-r6-sebring,richard-lietz,1,platinum,true
wec-2018-2019-r6-sebring-91,wec-2018-2019-r6-sebring,gianmaria-bruni,2,platinum,true
wec-2018-2019-r6-sebring-81,wec-2018-2019-r6-sebring,martin-tomczyk,1,platinum,true
wec-2018-2019-r6-sebring-81,wec-2018-2019-r6-sebring,nicky-catsburg,2,gold,true
wec-2018-2019-r6-sebring-81,wec-2018-2019-r6-sebring,alexander-sims,3,platinum,true
wec-2018-2019-r6-sebring-67,wec-2018-2019-r6-sebring,andy-priaulx,1,platinum,true
wec-2018-2019-r6-sebring-67,wec-2018-2019-r6-sebring,harry-tincknell,2,platinum,true
wec-2018-2019-r6-sebring-67,wec-2018-2019-r6-sebring,jonathan-bomarito,3,gold,true
wec-2018-2019-r6-sebring-51,wec-2018-2019-r6-sebring,alessandro-pier-guidi,1,platinum,true
wec-2018-2019-r6-sebring-51,wec-2018-2019-r6-sebring,james-calado,2,platinum,true
wec-2018-2019-r6-sebring-51,wec-2018-2019-r6-sebring,daniel-serra,3,gold,true
wec-2018-2019-r6-sebring-92,wec-2018-2019-r6-sebring,michael-christensen,1,platinum,true
wec-2018-2019-r6-sebring-92,wec-2018-2019-r6-sebring,kevin-estre,2,platinum,true
wec-2018-2019-r6-sebring-71,wec-2018-2019-r6-sebring,davide-rigon,1,platinum,true
wec-2018-2019-r6-sebring-71,wec-2018-2019-r6-sebring,sam-bird,2,platinum,true
wec-2018-2019-r6-sebring-71,wec-2018-2019-r6-sebring,miguel-molina,3,platinum,true
wec-2018-2019-r6-sebring-82,wec-2018-2019-r6-sebring,augusto-farfus,1,platinum,true
wec-2018-2019-r6-sebring-82,wec-2018-2019-r6-sebring,antonio-felix-da-costa,2,platinum,true
wec-2018-2019-r6-sebring-82,wec-2018-2019-r6-sebring,bruno-spengler,3,platinum,true
wec-2018-2019-r6-sebring-63,wec-2018-2019-r6-sebring,jan-magnussen,1,platinum,true
wec-2018-2019-r6-sebring-63,wec-2018-2019-r6-sebring,antonio-garcia,2,platinum,true
wec-2018-2019-r6-sebring-63,wec-2018-2019-r6-sebring,mike-rockenfeller,3,platinum,true
wec-2018-2019-r6-sebring-97,wec-2018-2019-r6-sebring,alexander-lynn,1,platinum,true
wec-2018-2019-r6-sebring-97,wec-2018-2019-r6-sebring,maxime-martin,2,platinum,true
wec-2018-2019-r6-sebring-95,wec-2018-2019-r6-sebring,marco-sorensen,1,gold,true
wec-2018-2019-r6-sebring-95,wec-2018-2019-r6-sebring,nicki-thiim,2,platinum,true
wec-2018-2019-r6-sebring-95,wec-2018-2019-r6-sebring,darren-turner,3,platinum,true
wec-2018-2019-r6-sebring-77,wec-2018-2019-r6-sebring,christian-ried,1,bronze,true
wec-2018-2019-r6-sebring-77,wec-2018-2019-r6-sebring,julien-andlauer,2,silver,true
wec-2018-2019-r6-sebring-77,wec-2018-2019-r6-sebring,matt-campbell,3,gold,true
wec-2018-2019-r6-sebring-54,wec-2018-2019-r6-sebring,thomas-flohr,1,bronze,true
wec-2018-2019-r6-sebring-54,wec-2018-2019-r6-sebring,francesco-castellacci,2,silver,true
wec-2018-2019-r6-sebring-54,wec-2018-2019-r6-sebring,giancarlo-fisichella,3,platinum,true
wec-2018-2019-r6-sebring-56,wec-2018-2019-r6-sebring,jorg-bergmeister,1,platinum,true
wec-2018-2019-r6-sebring-56,wec-2018-2019-r6-sebring,patrick-lindsey,2,silver,true
wec-2018-2019-r6-sebring-56,wec-2018-2019-r6-sebring,egidio-perfetti,3,bronze,true
wec-2018-2019-r6-sebring-86,wec-2018-2019-r6-sebring,michael-wainwright,1,bronze,true
wec-2018-2019-r6-sebring-86,wec-2018-2019-r6-sebring,benjamin-barker,2,gold,true
wec-2018-2019-r6-sebring-86,wec-2018-2019-r6-sebring,thomas-preining,3,silver,true
wec-2018-2019-r6-sebring-70,wec-2018-2019-r6-sebring,motoaki-ishikawa,1,bronze,true
wec-2018-2019-r6-sebring-70,wec-2018-2019-r6-sebring,olivier-beretta,2,platinum,true
wec-2018-2019-r6-sebring-70,wec-2018-2019-r6-sebring,edward-cheever,3,silver,true
wec-2018-2019-r6-sebring-90,wec-2018-2019-r6-sebring,salih-yoluc,1,bronze,true
wec-2018-2019-r6-sebring-90,wec-2018-2019-r6-sebring,jonathan-adam,2,platinum,true
wec-2018-2019-r6-sebring-90,wec-2018-2019-r6-sebring,charles-eastwood,3,silver,true
wec-2018-2019-r6-sebring-88,wec-2018-2019-r6-sebring,gianluca-roda,1,bronze,true
wec-2018-2019-r6-sebring-88,wec-2018-2019-r6-sebring,giorgio-roda-jr,2,silver,true
wec-2018-2019-r6-sebring-88,wec-2018-2019-r6-sebring,matteo-cairoli,3,gold,true
wec-2018-2019-r6-sebring-98,wec-2018-2019-r6-sebring,paul-dalla-lana,1,bronze,true
wec-2018-2019-r6-sebring-98,wec-2018-2019-r6-sebring,pedro-lamy,2,platinum,true
wec-2018-2019-r6-sebring-98,wec-2018-2019-r6-sebring,mathias-lauda,3,silver,true
wec-2018-2019-r6-sebring-66,wec-2018-2019-r6-sebring,stefan-mucke,1,platinum,true
wec-2018-2019-r6-sebring-66,wec-2018-2019-r6-sebring,olivier-pla,2,platinum,true
wec-2018-2019-r6-sebring-66,wec-2018-2019-r6-sebring,billy-johnson,3,gold,true
wec-2018-2019-r6-sebring-38,wec-2018-2019-r6-sebring,ho-pin-tung,1,gold,true
wec-2018-2019-r6-sebring-38,wec-2018-2019-r6-sebring,gabriel-aubry,2,silver,true
wec-2018-2019-r6-sebring-38,wec-2018-2019-r6-sebring,stephane-richelmi,3,gold,true
wec-2018-2019-r6-sebring-28,wec-2018-2019-r6-sebring,francois-perrodo,1,bronze,true
wec-2018-2019-r6-sebring-28,wec-2018-2019-r6-sebring,matthieu-vaxiviere,2,gold,true
wec-2018-2019-r6-sebring-28,wec-2018-2019-r6-sebring,loic-duval,3,platinum,true
wec-2018-2019-r6-sebring-17,wec-2018-2019-r6-sebring,stephane-sarrazin,1,platinum,true
wec-2018-2019-r6-sebring-17,wec-2018-2019-r6-sebring,egor-orudzhev,2,gold,true
wec-2018-2019-r6-sebring-17,wec-2018-2019-r6-sebring,sergey-sirotkin,3,platinum,true
wec-2018-2019-r6-sebring-10,wec-2018-2019-r6-sebring,henrik-hedman,1,bronze,true
wec-2018-2019-r6-sebring-10,wec-2018-2019-r6-sebring,ben-hanley,2,gold,true
wec-2018-2019-r6-sebring-10,wec-2018-2019-r6-sebring,renger-van-der-zande,3,gold,true
wec-2018-2019-r6-sebring-1,wec-2018-2019-r6-sebring,neel-jani,1,platinum,true
wec-2018-2019-r6-sebring-1,wec-2018-2019-r6-sebring,mathias-beche,2,platinum,true
wec-2018-2019-r6-sebring-1,wec-2018-2019-r6-sebring,bruno-senna,3,platinum,true
wec-2018-2019-r6-sebring-61,wec-2018-2019-r6-sebring,luis-perez-companc,1,bronze,true
wec-2018-2019-r6-sebring-61,wec-2018-2019-r6-sebring,matteo-cressoni,2,silver,true
wec-2018-2019-r6-sebring-61,wec-2018-2019-r6-sebring,matthew-griffin,3,gold,true
wec-2018-2019-r7-spa-8,wec-2018-2019-r7-spa,sebastien-buemi,1,platinum,true
wec-2018-2019-r7-spa-8,wec-2018-2019-r7-spa,kazuki-nakajima,2,platinum,true
wec-2018-2019-r7-spa-8,wec-2018-2019-r7-spa,fernando-alonso,3,platinum,true
wec-2018-2019-r7-spa-3,wec-2018-2019-r7-spa,nathanael-berthon,1,platinum,true
wec-2018-2019-r7-spa-3,wec-2018-2019-r7-spa,thomas-laurent,2,gold,true
wec-2018-2019-r7-spa-3,wec-2018-2019-r7-spa,gustavo-menezes,3,gold,true
wec-2018-2019-r7-spa-11,wec-2018-2019-r7-spa,mikhail-aleshin,1,platinum,true
wec-2018-2019-r7-spa-11,wec-2018-2019-r7-spa,vitaly-petrov,2,platinum,true
wec-2018-2019-r7-spa-11,wec-2018-2019-r7-spa,stoffel-vandoorne,3,platinum,true
wec-2018-2019-r7-spa-17,wec-2018-2019-r7-spa,stephane-sarrazin,1,platinum,true
wec-2018-2019-r7-spa-17,wec-2018-2019-r7-spa,egor-orudzhev,2,gold,true
wec-2018-2019-r7-spa-17,wec-2018-2019-r7-spa,sergey-sirotkin,3,platinum,true
wec-2018-2019-r7-spa-1,wec-2018-2019-r7-spa,neel-jani,1,platinum,true
wec-2018-2019-r7-spa-1,wec-2018-2019-r7-spa,andre-lotterer,2,platinum,true
wec-2018-2019-r7-spa-1,wec-2018-2019-r7-spa,bruno-senna,3,platinum,true
wec-2018-2019-r7-spa-7,wec-2018-2019-r7-spa,mike-conway,1,platinum,true
wec-2018-2019-r7-spa-7,wec-2018-2019-r7-spa,kamui-kobayashi,2,platinum,true
wec-2018-2019-r7-spa-7,wec-2018-2019-r7-spa,jose-maria-lopez,3,platinum,true
wec-2018-2019-r7-spa-31,wec-2018-2019-r7-spa,roberto-gonzalez,1,silver,true
wec-2018-2019-r7-spa-31,wec-2018-2019-r7-spa,pastor-maldonado,2,platinum,true
wec-2018-2019-r7-spa-31,wec-2018-2019-r7-spa,anthony-davidson,3,platinum,true
wec-2018-2019-r7-spa-26,wec-2018-2019-r7-spa,roman-rusinov,1,gold,true
wec-2018-2019-r7-spa-26,wec-2018-2019-r7-spa,job-van-uitert,2,silver,true
wec-2018-2019-r7-spa-26,wec-2018-2019-r7-spa,jean-eric-vergne,3,platinum,true
wec-2018-2019-r7-spa-36,wec-2018-2019-r7-spa,nicolas-lapierre,1,platinum,true
wec-2018-2019-r7-spa-36,wec-2018-2019-r7-spa,andre-negrao,2,gold,true
wec-2018-2019-r7-spa-36,wec-2018-2019-r7-spa,pierre-thiriet,3,silver,true
wec-2018-2019-r7-spa-38,wec-2018-2019-r7-spa,ho-pin-tung,1,gold,true
wec-2018-2019-r7-spa-38,wec-2018-2019-r7-spa,gabriel-aubry,2,silver,true
wec-2018-2019-r7-spa-38,wec-2018-2019-r7-spa,stephane-richelmi,3,gold,true
wec-2018-2019-r7-spa-28,wec-2018-2019-r7-spa,francois-perrodo,1,bronze,true
wec-2018-2019-r7-spa-28,wec-2018-2019-r7-spa,matthieu-vaxiviere,2,gold,true
wec-2018-2019-r7-spa-28,wec-2018-2019-r7-spa,norman-nato,3,gold,true
wec-2018-2019-r7-spa-29,wec-2018-2019-r7-spa,frits-van-eerd,1,bronze,true
wec-2018-2019-r7-spa-29,wec-2018-2019-r7-spa,giedo-van-der-garde,2,platinum,true
wec-2018-2019-r7-spa-29,wec-2018-2019-r7-spa,nyck-de-vries,3,gold,true
wec-2018-2019-r7-spa-37,wec-2018-2019-r7-spa,david-heinemeier-hansson,1,silver,true
wec-2018-2019-r7-spa-37,wec-2018-2019-r7-spa,jordan-king,2,gold,true
wec-2018-2019-r7-spa-37,wec-2018-2019-r7-spa,william-stevens,3,platinum,true
wec-2018-2019-r7-spa-50,wec-2018-2019-r7-spa,erwin-creed,1,bronze,true
wec-2018-2019-r7-spa-50,wec-2018-2019-r7-spa,romano-ricci,2,bronze,true
wec-2018-2019-r7-spa-50,wec-2018-2019-r7-spa,nicholas-boulle,3,silver,true
wec-2018-2019-r7-spa-97,wec-2018-2019-r7-spa,alexander-lynn,1,platinum,true
wec-2018-2019-r7-spa-97,wec-2018-2019-r7-spa,maxime-martin,2,platinum,true
wec-2018-2019-r7-spa-51,wec-2018-2019-r7-spa,alessandro-pier-guidi,1,platinum,true
wec-2018-2019-r7-spa-51,wec-2018-2019-r7-spa,james-calado,2,platinum,true
wec-2018-2019-r7-spa-92,wec-2018-2019-r7-spa,michael-christensen,1,platinum,true
wec-2018-2019-r7-spa-92,wec-2018-2019-r7-spa,kevin-estre,2,platinum,true
wec-2018-2019-r7-spa-82,wec-2018-2019-r7-spa,augusto-farfus,1,platinum,true
wec-2018-2019-r7-spa-82,wec-2018-2019-r7-spa,antonio-felix-da-costa,2,platinum,true
wec-2018-2019-r7-spa-67,wec-2018-2019-r7-spa,andy-priaulx,1,platinum,true
wec-2018-2019-r7-spa-67,wec-2018-2019-r7-spa,harry-tincknell,2,platinum,true
wec-2018-2019-r7-spa-71,wec-2018-2019-r7-spa,davide-rigon,1,platinum,true
wec-2018-2019-r7-spa-71,wec-2018-2019-r7-spa,sam-bird,2,platinum,true
wec-2018-2019-r7-spa-95,wec-2018-2019-r7-spa,marco-sorensen,1,gold,true
wec-2018-2019-r7-spa-95,wec-2018-2019-r7-spa,nicki-thiim,2,platinum,true
wec-2018-2019-r7-spa-91,wec-2018-2019-r7-spa,richard-lietz,1,platinum,true
wec-2018-2019-r7-spa-91,wec-2018-2019-r7-spa,gianmaria-bruni,2,platinum,true
wec-2018-2019-r7-spa-81,wec-2018-2019-r7-spa,martin-tomczyk,1,platinum,true
wec-2018-2019-r7-spa-81,wec-2018-2019-r7-spa,nicky-catsburg,2,gold,true
wec-2018-2019-r7-spa-66,wec-2018-2019-r7-spa,stefan-mucke,1,platinum,true
wec-2018-2019-r7-spa-66,wec-2018-2019-r7-spa,olivier-pla,2,platinum,true
wec-2018-2019-r7-spa-77,wec-2018-2019-r7-spa,christian-ried,1,bronze,true
wec-2018-2019-r7-spa-77,wec-2018-2019-r7-spa,riccardo-pera,2,silver,true
wec-2018-2019-r7-spa-77,wec-2018-2019-r7-spa,matt-campbell,3,gold,true
wec-2018-2019-r7-spa-90,wec-2018-2019-r7-spa,salih-yoluc,1,bronze,true
wec-2018-2019-r7-spa-90,wec-2018-2019-r7-spa,euan-hankey,2,gold,true
wec-2018-2019-r7-spa-90,wec-2018-2019-r7-spa,charles-eastwood,3,silver,true
wec-2018-2019-r7-spa-61,wec-2018-2019-r7-spa,luis-perez-companc,1,bronze,true
wec-2018-2019-r7-spa-61,wec-2018-2019-r7-spa,matteo-cressoni,2,silver,true
wec-2018-2019-r7-spa-61,wec-2018-2019-r7-spa,matthew-griffin,3,gold,true
wec-2018-2019-r7-spa-54,wec-2018-2019-r7-spa,thomas-flohr,1,bronze,true
wec-2018-2019-r7-spa-54,wec-2018-2019-r7-spa,francesco-castellacci,2,silver,true
wec-2018-2019-r7-spa-54,wec-2018-2019-r7-spa,giancarlo-fisichella,3,platinum,true
wec-2018-2019-r7-spa-56,wec-2018-2019-r7-spa,jorg-bergmeister,1,platinum,true
wec-2018-2019-r7-spa-56,wec-2018-2019-r7-spa,patrick-lindsey,2,silver,true
wec-2018-2019-r7-spa-56,wec-2018-2019-r7-spa,egidio-perfetti,3,bronze,true
wec-2018-2019-r7-spa-98,wec-2018-2019-r7-spa,paul-dalla-lana,1,bronze,true
wec-2018-2019-r7-spa-98,wec-2018-2019-r7-spa,pedro-lamy,2,platinum,true
wec-2018-2019-r7-spa-98,wec-2018-2019-r7-spa,mathias-lauda,3,silver,true
wec-2018-2019-r7-spa-86,wec-2018-2019-r7-spa,michael-wainwright,1,bronze,true
wec-2018-2019-r7-spa-86,wec-2018-2019-r7-spa,benjamin-barker,2,gold,true
wec-2018-2019-r7-spa-86,wec-2018-2019-r7-spa,thomas-preining,3,silver,true
wec-2018-2019-r7-spa-70,wec-2018-2019-r7-spa,motoaki-ishikawa,1,bronze,true
wec-2018-2019-r7-spa-70,wec-2018-2019-r7-spa,olivier-beretta,2,platinum,true
wec-2018-2019-r7-spa-70,wec-2018-2019-r7-spa,edward-cheever,3,gold,true
wec-2018-2019-r7-spa-88,wec-2018-2019-r7-spa,gianluca-roda,1,bronze,true
wec-2018-2019-r7-spa-88,wec-2018-2019-r7-spa,giorgio-roda-jr,2,silver,true
wec-2018-2019-r7-spa-88,wec-2018-2019-r7-spa,matteo-cairoli,3,gold,true
wec-2018-2019-r7-spa-4,wec-2018-2019-r7-spa,tom-dillmann,1,gold,true
wec-2018-2019-r7-spa-4,wec-2018-2019-r7-spa,oliver-webb,2,gold,true
wec-2018-2019-r7-spa-4,wec-2018-2019-r7-spa,paolo-ruberti,3,gold,true
wec-2018-2019-r8-le-mans-8,wec-2018-2019-r8-le-mans,sebastien-buemi,1,platinum,true
wec-2018-2019-r8-le-mans-8,wec-2018-2019-r8-le-mans,kazuki-nakajima,2,platinum,true
wec-2018-2019-r8-le-mans-8,wec-2018-2019-r8-le-mans,fernando-alonso,3,platinum,true
wec-2018-2019-r8-le-mans-7,wec-2018-2019-r8-le-mans,mike-conway,1,platinum,true
wec-2018-2019-r8-le-mans-7,wec-2018-2019-r8-le-mans,kamui-kobayashi,2,platinum,true
wec-2018-2019-r8-le-mans-7,wec-2018-2019-r8-le-mans,jose-maria-lopez,3,platinum,true
wec-2018-2019-r8-le-mans-11,wec-2018-2019-r8-le-mans,vitaly-petrov,1,platinum,true
wec-2018-2019-r8-le-mans-11,wec-2018-2019-r8-le-mans,mikhail-aleshin,2,platinum,true
wec-2018-2019-r8-le-mans-11,wec-2018-2019-r8-le-mans,stoffel-vandoorne,3,platinum,true
wec-2018-2019-r8-le-mans-1,wec-2018-2019-r8-le-mans,neel-jani,1,platinum,true
wec-2018-2019-r8-le-mans-1,wec-2018-2019-r8-le-mans,andre-lotterer,2,platinum,true
wec-2018-2019-r8-le-mans-1,wec-2018-2019-r8-le-mans,bruno-senna,3,platinum,true
wec-2018-2019-r8-le-mans-3,wec-2018-2019-r8-le-mans,thomas-laurent,1,gold,true
wec-2018-2019-r8-le-mans-3,wec-2018-2019-r8-le-mans,nathanael-berthon,2,platinum,true
wec-2018-2019-r8-le-mans-3,wec-2018-2019-r8-le-mans,gustavo-menezes,3,gold,true
wec-2018-2019-r8-le-mans-36,wec-2018-2019-r8-le-mans,nicolas-lapierre,1,platinum,true
wec-2018-2019-r8-le-mans-36,wec-2018-2019-r8-le-mans,andre-negrao,2,gold,true
wec-2018-2019-r8-le-mans-36,wec-2018-2019-r8-le-mans,pierre-thiriet,3,silver,true
wec-2018-2019-r8-le-mans-38,wec-2018-2019-r8-le-mans,ho-pin-tung,1,gold,true
wec-2018-2019-r8-le-mans-38,wec-2018-2019-r8-le-mans,stephane-richelmi,2,gold,true
wec-2018-2019-r8-le-mans-38,wec-2018-2019-r8-le-mans,gabriel-aubry,3,silver,true
wec-2018-2019-r8-le-mans-28,wec-2018-2019-r8-le-mans,francois-perrodo,1,bronze,true
wec-2018-2019-r8-le-mans-28,wec-2018-2019-r8-le-mans,matthieu-vaxiviere,2,gold,true
wec-2018-2019-r8-le-mans-28,wec-2018-2019-r8-le-mans,loic-duval,3,platinum,true
wec-2018-2019-r8-le-mans-22,wec-2018-2019-r8-le-mans,philip-hanson,1,silver,true
wec-2018-2019-r8-le-mans-22,wec-2018-2019-r8-le-mans,filipe-albuquerque,2,platinum,true
wec-2018-2019-r8-le-mans-22,wec-2018-2019-r8-le-mans,paul-di-resta,3,platinum,true
wec-2018-2019-r8-le-mans-48,wec-2018-2019-r8-le-mans,paul-lafargue,1,silver,true
wec-2018-2019-r8-le-mans-48,wec-2018-2019-r8-le-mans,paul-loup-chatin,2,gold,true
wec-2018-2019-r8-le-mans-48,wec-2018-2019-r8-le-mans,memo-rojas,3,gold,true
wec-2018-2019-r8-le-mans-26,wec-2018-2019-r8-le-mans,roman-rusinov,1,gold,true
wec-2018-2019-r8-le-mans-26,wec-2018-2019-r8-le-mans,job-van-uitert,2,silver,true
wec-2018-2019-r8-le-mans-26,wec-2018-2019-r8-le-mans,jean-eric-vergne,3,platinum,true
wec-2018-2019-r8-le-mans-30,wec-2018-2019-r8-le-mans,nicolas-jamin,1,gold,true
wec-2018-2019-r8-le-mans-30,wec-2018-2019-r8-le-mans,pierre-ragues,2,silver,true
wec-2018-2019-r8-le-mans-30,wec-2018-2019-r8-le-mans,romain-dumas,3,platinum,true
wec-2018-2019-r8-le-mans-23,wec-2018-2019-r8-le-mans,rene-binder,1,silver,true
wec-2018-2019-r8-le-mans-23,wec-2018-2019-r8-le-mans,julien-canal,2,silver,true
wec-2018-2019-r8-le-mans-23,wec-2018-2019-r8-le-mans,william-stevens,3,platinum,true
wec-2018-2019-r8-le-mans-39,wec-2018-2019-r8-le-mans,tristan-gommendy,1,platinum,true
wec-2018-2019-r8-le-mans-39,wec-2018-2019-r8-le-mans,vincent-capillaire,2,silver,true
wec-2018-2019-r8-le-mans-39,wec-2018-2019-r8-le-mans,jonathan-hirschi,3,gold,true
wec-2018-2019-r8-le-mans-25,wec-2018-2019-r8-le-mans,david-zollinger,1,silver,true
wec-2018-2019-r8-le-mans-25,wec-2018-2019-r8-le-mans,andrea-pizzitola,2,silver,true
wec-2018-2019-r8-le-mans-25,wec-2018-2019-r8-le-mans,john-falb,3,bronze,true
wec-2018-2019-r8-le-mans-20,wec-2018-2019-r8-le-mans,anders-fjordbach,1,silver,true
wec-2018-2019-r8-le-mans-20,wec-2018-2019-r8-le-mans,dennis-andersen,2,bronze,true
wec-2018-2019-r8-le-mans-20,wec-2018-2019-r8-le-mans,mathias-beche,3,platinum,true
wec-2018-2019-r8-le-mans-50,wec-2018-2019-r8-le-mans,erwin-creed,1,bronze,true
wec-2018-2019-r8-le-mans-50,wec-2018-2019-r8-le-mans,romano-ricci,2,bronze,true
wec-2018-2019-r8-le-mans-50,wec-2018-2019-r8-le-mans,nicholas-boulle,3,silver,true
wec-2018-2019-r8-le-mans-47,wec-2018-2019-r8-le-mans,roberto-lacorte,1,bronze,true
wec-2018-2019-r8-le-mans-47,wec-2018-2019-r8-le-mans,giorgio-sernagiotto,2,silver,true
wec-2018-2019-r8-le-mans-47,wec-2018-2019-r8-le-mans,andrea-belicchi,3,gold,true
wec-2018-2019-r8-le-mans-32,wec-2018-2019-r8-le-mans,ryan-cullen,1,silver,true
wec-2018-2019-r8-le-mans-32,wec-2018-2019-r8-le-mans,alex-brundle,2,gold,true
wec-2018-2019-r8-le-mans-32,wec-2018-2019-r8-le-mans,will-owen,3,silver,true
wec-2018-2019-r8-le-mans-51,wec-2018-2019-r8-le-mans,alessandro-pier-guidi,1,platinum,true
wec-2018-2019-r8-le-mans-51,wec-2018-2019-r8-le-mans,james-calado,2,platinum,true
wec-2018-2019-r8-le-mans-51,wec-2018-2019-r8-le-mans,daniel-serra,3,gold,true
wec-2018-2019-r8-le-mans-91,wec-2018-2019-r8-le-mans,richard-lietz,1,platinum,true
wec-2018-2019-r8-le-mans-91,wec-2018-2019-r8-le-mans,gianmaria-bruni,2,platinum,true
wec-2018-2019-r8-le-mans-91,wec-2018-2019-r8-le-mans,frederic-makowiecki,3,platinum,true
wec-2018-2019-r8-le-mans-93,wec-2018-2019-r8-le-mans,patrick-pilet,1,platinum,true
wec-2018-2019-r8-le-mans-93,wec-2018-2019-r8-le-mans,earl-bamber,2,platinum,true
wec-2018-2019-r8-le-mans-93,wec-2018-2019-r8-le-mans,nick-tandy,3,platinum,true
wec-2018-2019-r8-le-mans-67,wec-2018-2019-r8-le-mans,andy-priaulx,1,platinum,true
wec-2018-2019-r8-le-mans-67,wec-2018-2019-r8-le-mans,harry-tincknell,2,platinum,true
wec-2018-2019-r8-le-mans-67,wec-2018-2019-r8-le-mans,jonathan-bomarito,3,gold,true
wec-2018-2019-r8-le-mans-69,wec-2018-2019-r8-le-mans,ryan-briscoe,1,platinum,true
wec-2018-2019-r8-le-mans-69,wec-2018-2019-r8-le-mans,richard-westbrook,2,platinum,true
wec-2018-2019-r8-le-mans-69,wec-2018-2019-r8-le-mans,scott-dixon,3,platinum,true
wec-2018-2019-r8-le-mans-66,wec-2018-2019-r8-le-mans,stefan-mucke,1,platinum,true
wec-2018-2019-r8-le-mans-66,wec-2018-2019-r8-le-mans,olivier-pla,2,platinum,true
wec-2018-2019-r8-le-mans-66,wec-2018-2019-r8-le-mans,billy-johnson,3,gold,true
wec-2018-2019-r8-le-mans-29,wec-2018-2019-r8-le-mans,frits-van-eerd,1,bronze,true
wec-2018-2019-r8-le-mans-29,wec-2018-2019-r8-le-mans,giedo-van-der-garde,2,platinum,true
wec-2018-2019-r8-le-mans-29,wec-2018-2019-r8-le-mans,nyck-de-vries,3,gold,true
wec-2018-2019-r8-le-mans-94,wec-2018-2019-r8-le-mans,sven-muller,1,gold,true
wec-2018-2019-r8-le-mans-94,wec-2018-2019-r8-le-mans,mathieu-jaminet,2,gold,true
wec-2018-2019-r8-le-mans-94,wec-2018-2019-r8-le-mans,dennis-olsen,3,gold,true
wec-2018-2019-r8-le-mans-63,wec-2018-2019-r8-le-mans,jan-magnussen,1,platinum,true
wec-2018-2019-r8-le-mans-63,wec-2018-2019-r8-le-mans,antonio-garcia,2,platinum,true
wec-2018-2019-r8-le-mans-63,wec-2018-2019-r8-le-mans,mike-rockenfeller,3,platinum,true
wec-2018-2019-r8-le-mans-92,wec-2018-2019-r8-le-mans,michael-christensen,1,platinum,true
wec-2018-2019-r8-le-mans-92,wec-2018-2019-r8-le-mans,kevin-estre,2,platinum,true
wec-2018-2019-r8-le-mans-92,wec-2018-2019-r8-le-mans,laurens-vanthoor,3,platinum,true
wec-2018-2019-r8-le-mans-82,wec-2018-2019-r8-le-mans,augusto-farfus,1,platinum,true
wec-2018-2019-r8-le-mans-82,wec-2018-2019-r8-le-mans,antonio-felix-da-costa,2,platinum,true
wec-2018-2019-r8-le-mans-82,wec-2018-2019-r8-le-mans,jesse-krohn,3,gold,true
wec-2018-2019-r8-le-mans-56,wec-2018-2019-r8-le-mans,jorg-bergmeister,1,platinum,true
wec-2018-2019-r8-le-mans-56,wec-2018-2019-r8-le-mans,patrick-lindsey,2,silver,true
wec-2018-2019-r8-le-mans-56,wec-2018-2019-r8-le-mans,egidio-perfetti,3,bronze,true
wec-2018-2019-r8-le-mans-84,wec-2018-2019-r8-le-mans,jeffrey-segal,1,gold,true
wec-2018-2019-r8-le-mans-84,wec-2018-2019-r8-le-mans,rodrigo-baptista,2,silver,true
wec-2018-2019-r8-le-mans-84,wec-2018-2019-r8-le-mans,wei-lu,3,bronze,true
wec-2018-2019-r8-le-mans-62,wec-2018-2019-r8-le-mans,cooper-macneil,1,silver,true
wec-2018-2019-r8-le-mans-62,wec-2018-2019-r8-le-mans,toni-vilander,2,platinum,true
wec-2018-2019-r8-le-mans-62,wec-2018-2019-r8-le-mans,robert-smith,3,bronze,true
wec-2018-2019-r8-le-mans-77,wec-2018-2019-r8-le-mans,matt-campbell,1,gold,true
wec-2018-2019-r8-le-mans-77,wec-2018-2019-r8-le-mans,christian-ried,2,bronze,true
wec-2018-2019-r8-le-mans-77,wec-2018-2019-r8-le-mans,julien-andlauer,3,silver,true
wec-2018-2019-r8-le-mans-57,wec-2018-2019-r8-le-mans,takeshi-kimura,1,bronze,true
wec-2018-2019-r8-le-mans-57,wec-2018-2019-r8-le-mans,kei-cozzolino,2,silver,true
wec-2018-2019-r8-le-mans-57,wec-2018-2019-r8-le-mans,come-ledogar,3,platinum,true
wec-2018-2019-r8-le-mans-78,wec-2018-2019-r8-le-mans,louis-prette,1,silver,true
wec-2018-2019-r8-le-mans-78,wec-2018-2019-r8-le-mans,philippe-prette,2,bronze,true
wec-2018-2019-r8-le-mans-78,wec-2018-2019-r8-le-mans,vincent-abril,3,gold,true
wec-2018-2019-r8-le-mans-61,wec-2018-2019-r8-le-mans,luis-perez-companc,1,bronze,true
wec-2018-2019-r8-le-mans-61,wec-2018-2019-r8-le-mans,matthew-griffin,2,gold,true
wec-2018-2019-r8-le-mans-61,wec-2018-2019-r8-le-mans,matteo-cressoni,3,silver,true
wec-2018-2019-r8-le-mans-86,wec-2018-2019-r8-le-mans,michael-wainwright,1,bronze,true
wec-2018-2019-r8-le-mans-86,wec-2018-2019-r8-le-mans,benjamin-barker,2,gold,true
wec-2018-2019-r8-le-mans-86,wec-2018-2019-r8-le-mans,thomas-preining,3,silver,true
wec-2018-2019-r8-le-mans-83,wec-2018-2019-r8-le-mans,manuela-gostner,1,bronze,true
wec-2018-2019-r8-le-mans-83,wec-2018-2019-r8-le-mans,rahel-frey,2,silver,true
wec-2018-2019-r8-le-mans-83,wec-2018-2019-r8-le-mans,michelle-gatting,3,silver,true
wec-2018-2019-r8-le-mans-89,wec-2018-2019-r8-le-mans,pipo-derani,1,gold,true
wec-2018-2019-r8-le-mans-89,wec-2018-2019-r8-le-mans,oliver-jarvis,2,platinum,true
wec-2018-2019-r8-le-mans-89,wec-2018-2019-r8-le-mans,jules-gounon,3,gold,true
wec-2018-2019-r8-le-mans-70,wec-2018-2019-r8-le-mans,motoaki-ishikawa,1,bronze,true
wec-2018-2019-r8-le-mans-70,wec-2018-2019-r8-le-mans,olivier-beretta,2,platinum,true
wec-2018-2019-r8-le-mans-70,wec-2018-2019-r8-le-mans,edward-cheever,3,silver,true
wec-2018-2019-r8-le-mans-90,wec-2018-2019-r8-le-mans,salih-yoluc,1,bronze,true
wec-2018-2019-r8-le-mans-90,wec-2018-2019-r8-le-mans,euan-hankey,2,gold,true
wec-2018-2019-r8-le-mans-90,wec-2018-2019-r8-le-mans,charles-eastwood,3,silver,true
wec-2018-2019-r8-le-mans-54,wec-2018-2019-r8-le-mans,thomas-flohr,1,bronze,true
wec-2018-2019-r8-le-mans-54,wec-2018-2019-r8-le-mans,francesco-castellacci,2,silver,true
wec-2018-2019-r8-le-mans-54,wec-2018-2019-r8-le-mans,giancarlo-fisichella,3,platinum,true
wec-2018-2019-r8-le-mans-97,wec-2018-2019-r8-le-mans,maxime-martin,1,platinum,true
wec-2018-2019-r8-le-mans-97,wec-2018-2019-r8-le-mans,alexander-lynn,2,platinum,true
wec-2018-2019-r8-le-mans-97,wec-2018-2019-r8-le-mans,jonathan-adam,3,platinum,true
wec-2018-2019-r8-le-mans-34,wec-2018-2019-r8-le-mans,jakub-smiechowski,1,silver,true
wec-2018-2019-r8-le-mans-34,wec-2018-2019-r8-le-mans,james-winslow,2,silver,true
wec-2018-2019-r8-le-mans-34,wec-2018-2019-r8-le-mans,nigel-moore,3,silver,true
wec-2018-2019-r8-le-mans-60,wec-2018-2019-r8-le-mans,claudio-schiavoni,1,bronze,true
wec-2018-2019-r8-le-mans-60,wec-2018-2019-r8-le-mans,sergio-pianezzola,2,bronze,true
wec-2018-2019-r8-le-mans-60,wec-2018-2019-r8-le-mans,andrea-piccini,3,gold,true
wec-2018-2019-r8-le-mans-81,wec-2018-2019-r8-le-mans,nicky-catsburg,1,gold,true
wec-2018-2019-r8-le-mans-81,wec-2018-2019-r8-le-mans,martin-tomczyk,2,platinum,true
wec-2018-2019-r8-le-mans-81,wec-2018-2019-r8-le-mans,philipp-eng,3,platinum,true
wec-2018-2019-r8-le-mans-43,wec-2018-2019-r8-le-mans,john-farano,1,bronze,true
wec-2018-2019-r8-le-mans-43,wec-2018-2019-r8-le-mans,arjun-maini,2,silver,true
wec-2018-2019-r8-le-mans-43,wec-2018-2019-r8-le-mans,norman-nato,3,gold,true
wec-2018-2019-r8-le-mans-31,wec-2018-2019-r8-le-mans,roberto-gonzalez,1,silver,true
wec-2018-2019-r8-le-mans-31,wec-2018-2019-r8-le-mans,pastor-maldonado,2,platinum,true
wec-2018-2019-r8-le-mans-31,wec-2018-2019-r8-le-mans,anthony-davidson,3,platinum,true
wec-2018-2019-r8-le-mans-37,wec-2018-2019-r8-le-mans,david-heinemeier-hansson,1,silver,true
wec-2018-2019-r8-le-mans-37,wec-2018-2019-r8-le-mans,jordan-king,2,gold,true
wec-2018-2019-r8-le-mans-37,wec-2018-2019-r8-le-mans,ricky-taylor,3,platinum,true
wec-2018-2019-r8-le-mans-17,wec-2018-2019-r8-le-mans,stephane-sarrazin,1,platinum,true
wec-2018-2019-r8-le-mans-17,wec-2018-2019-r8-le-mans,egor-orudzhev,2,gold,true
wec-2018-2019-r8-le-mans-17,wec-2018-2019-r8-le-mans,sergey-sirotkin,3,platinum,true
wec-2018-2019-r8-le-mans-4,wec-2018-2019-r8-le-mans,tom-dillmann,1,gold,true
wec-2018-2019-r8-le-mans-4,wec-2018-2019-r8-le-mans,oliver-webb,2,gold,true
wec-2018-2019-r8-le-mans-4,wec-2018-2019-r8-le-mans,paolo-ruberti,3,gold,true
wec-2018-2019-r8-le-mans-49,wec-2018-2019-r8-le-mans,miro-konopka,1,bronze,true
wec-2018-2019-r8-le-mans-49,wec-2018-2019-r8-le-mans,henning-enqvist,2,silver,true
wec-2018-2019-r8-le-mans-49,wec-2018-2019-r8-le-mans,konstantin-tereschenko,3,silver,true
wec-2018-2019-r8-le-mans-71,wec-2018-2019-r8-le-mans,davide-rigon,1,platinum,true
wec-2018-2019-r8-le-mans-71,wec-2018-2019-r8-le-mans,sam-bird,2,platinum,true
wec-2018-2019-r8-le-mans-71,wec-2018-2019-r8-le-mans,miguel-molina,3,platinum,true
wec-2018-2019-r8-le-mans-95,wec-2018-2019-r8-le-mans,nicki-thiim,1,platinum,true
wec-2018-2019-r8-le-mans-95,wec-2018-2019-r8-le-mans,marco-sorensen,2,gold,true
wec-2018-2019-r8-le-mans-95,wec-2018-2019-r8-le-mans,darren-turner,3,platinum,true
wec-2018-2019-r8-le-mans-98,wec-2018-2019-r8-le-mans,paul-dalla-lana,1,bronze,true
wec-2018-2019-r8-le-mans-98,wec-2018-2019-r8-le-mans,pedro-lamy,2,platinum,true
wec-2018-2019-r8-le-mans-98,wec-2018-2019-r8-le-mans,mathias-lauda,3,silver,true
wec-2018-2019-r8-le-mans-64,wec-2018-2019-r8-le-mans,oliver-gavin,1,platinum,true
wec-2018-2019-r8-le-mans-64,wec-2018-2019-r8-le-mans,tommy-milner,2,platinum,true
wec-2018-2019-r8-le-mans-64,wec-2018-2019-r8-le-mans,marcel-fassler,3,platinum,true
wec-2018-2019-r8-le-mans-88,wec-2018-2019-r8-le-mans,satoshi-hoshino,1,bronze,true
wec-2018-2019-r8-le-mans-88,wec-2018-2019-r8-le-mans,giorgio-roda-jr,2,silver,true
wec-2018-2019-r8-le-mans-88,wec-2018-2019-r8-le-mans,matteo-cairoli,3,gold,true
wec-2018-2019-r8-le-mans-10,wec-2018-2019-r8-le-mans,henrik-hedman,1,bronze,true
wec-2018-2019-r8-le-mans-10,wec-2018-2019-r8-le-mans,ben-hanley,2,gold,true
wec-2018-2019-r8-le-mans-10,wec-2018-2019-r8-le-mans,renger-van-der-zande,3,gold,true
wec-2018-2019-r8-le-mans-68,wec-2018-2019-r8-le-mans,joey-hand,1,platinum,true
wec-2018-2019-r8-le-mans-68,wec-2018-2019-r8-le-mans,dirk-muller,2,platinum,true
wec-2018-2019-r8-le-mans-68,wec-2018-2019-r8-le-mans,sebastien-bourdais,3,platinum,true
wec-2018-2019-r8-le-mans-85,wec-2018-2019-r8-le-mans,ben-keating,1,bronze,true
wec-2018-2019-r8-le-mans-85,wec-2018-2019-r8-le-mans,jeroen-bleekemolen,2,platinum,true
wec-2018-2019-r8-le-mans-85,wec-2018-2019-r8-le-mans,felipe-fraga,3,silver,true
wec-2018-2019-r8-le-mans-99,wec-2018-2019-r8-le-mans,patrick-long,1,platinum,true
wec-2018-2019-r8-le-mans-99,wec-2018-2019-r8-le-mans,tracy-krohn,2,bronze,true
wec-2018-2019-r8-le-mans-99,wec-2018-2019-r8-le-mans,niclas-jonsson,3,silver,true
wec-2019-2020-r1-silverstone-7,wec-2019-2020-r1-silverstone,mike-conway,1,platinum,true
wec-2019-2020-r1-silverstone-7,wec-2019-2020-r1-silverstone,kamui-kobayashi,2,platinum,true
wec-2019-2020-r1-silverstone-7,wec-2019-2020-r1-silverstone,jose-maria-lopez,3,platinum,true
wec-2019-2020-r1-silverstone-8,wec-2019-2020-r1-silverstone,sebastien-buemi,1,platinum,true
wec-2019-2020-r1-silverstone-8,wec-2019-2020-r1-silverstone,kazuki-nakajima,2,platinum,true
wec-2019-2020-r1-silverstone-8,wec-2019-2020-r1-silverstone,brendon-hartley,3,platinum,true
wec-2019-2020-r1-silverstone-3,wec-2019-2020-r1-silverstone,nathanael-berthon,1,gold,true
wec-2019-2020-r1-silverstone-3,wec-2019-2020-r1-silverstone,pipo-derani,2,gold,true
wec-2019-2020-r1-silverstone-3,wec-2019-2020-r1-silverstone,loic-duval,3,platinum,true
wec-2019-2020-r1-silverstone-5,wec-2019-2020-r1-silverstone,charlie-robertson,1,silver,true
wec-2019-2020-r1-silverstone-5,wec-2019-2020-r1-silverstone,ben-hanley,2,gold,true
wec-2019-2020-r1-silverstone-5,wec-2019-2020-r1-silverstone,egor-orudzhev,3,gold,true
wec-2019-2020-r1-silverstone-42,wec-2019-2020-r1-silverstone,nicolas-lapierre,1,platinum,true
wec-2019-2020-r1-silverstone-42,wec-2019-2020-r1-silverstone,antonin-borga,2,silver,true
wec-2019-2020-r1-silverstone-36,wec-2019-2020-r1-silverstone,thomas-laurent,1,gold,true
wec-2019-2020-r1-silverstone-36,wec-2019-2020-r1-silverstone,andre-negrao,2,gold,true
wec-2019-2020-r1-silverstone-36,wec-2019-2020-r1-silverstone,pierre-ragues,3,silver,true
wec-2019-2020-r1-silverstone-29,wec-2019-2020-r1-silverstone,frits-van-eerd,1,bronze,true
wec-2019-2020-r1-silverstone-29,wec-2019-2020-r1-silverstone,giedo-van-der-garde,2,platinum,true
wec-2019-2020-r1-silverstone-29,wec-2019-2020-r1-silverstone,job-van-uitert,3,silver,true
wec-2019-2020-r1-silverstone-37,wec-2019-2020-r1-silverstone,ho-pin-tung,1,gold,true
wec-2019-2020-r1-silverstone-37,wec-2019-2020-r1-silverstone,gabriel-aubry,2,silver,true
wec-2019-2020-r1-silverstone-37,wec-2019-2020-r1-silverstone,will-stevens,3,platinum,true
wec-2019-2020-r1-silverstone-38,wec-2019-2020-r1-silverstone,roberto-gonzalez,1,silver,true
wec-2019-2020-r1-silverstone-38,wec-2019-2020-r1-silverstone,antonio-felix-da-costa,2,platinum,true
wec-2019-2020-r1-silverstone-1,wec-2019-2020-r1-silverstone,bruno-senna,1,platinum,true
wec-2019-2020-r1-silverstone-1,wec-2019-2020-r1-silverstone,gustavo-menezes,2,gold,true
wec-2019-2020-r1-silverstone-1,wec-2019-2020-r1-silverstone,norman-nato,3,gold,true
wec-2019-2020-r1-silverstone-47,wec-2019-2020-r1-silverstone,roberto-lacorte,1,bronze,true
wec-2019-2020-r1-silverstone-47,wec-2019-2020-r1-silverstone,andrea-belicchi,2,gold,true
wec-2019-2020-r1-silverstone-47,wec-2019-2020-r1-silverstone,giorgio-sernagiotto,3,silver,true
wec-2019-2020-r1-silverstone-33,wec-2019-2020-r1-silverstone,mark-patterson,1,bronze,true
wec-2019-2020-r1-silverstone-33,wec-2019-2020-r1-silverstone,kenta-yamashita,2,gold,true
wec-2019-2020-r1-silverstone-33,wec-2019-2020-r1-silverstone,anders-fjordbach,3,silver,true
wec-2019-2020-r1-silverstone-91,wec-2019-2020-r1-silverstone,gianmaria-bruni,1,platinum,true
wec-2019-2020-r1-silverstone-91,wec-2019-2020-r1-silverstone,richard-lietz,2,platinum,true
wec-2019-2020-r1-silverstone-92,wec-2019-2020-r1-silverstone,michael-christensen,1,platinum,true
wec-2019-2020-r1-silverstone-92,wec-2019-2020-r1-silverstone,kevin-estre,2,platinum,true
wec-2019-2020-r1-silverstone-97,wec-2019-2020-r1-silverstone,alexander-lynn,1,platinum,true
wec-2019-2020-r1-silverstone-97,wec-2019-2020-r1-silverstone,maxime-martin,2,platinum,true
wec-2019-2020-r1-silverstone-51,wec-2019-2020-r1-silverstone,james-calado,1,platinum,true
wec-2019-2020-r1-silverstone-51,wec-2019-2020-r1-silverstone,alessandro-pier-guidi,2,platinum,true
wec-2019-2020-r1-silverstone-95,wec-2019-2020-r1-silverstone,marco-sorensen,1,platinum,true
wec-2019-2020-r1-silverstone-95,wec-2019-2020-r1-silverstone,nicki-thiim,2,platinum,true
wec-2019-2020-r1-silverstone-83,wec-2019-2020-r1-silverstone,francois-perrodo,1,bronze,true
wec-2019-2020-r1-silverstone-83,wec-2019-2020-r1-silverstone,emmanuel-collard,2,gold,true
wec-2019-2020-r1-silverstone-83,wec-2019-2020-r1-silverstone,nicklas-nielsen,3,silver,true
wec-2019-2020-r1-silverstone-98,wec-2019-2020-r1-silverstone,paul-dalla-lana,1,bronze,true
wec-2019-2020-r1-silverstone-98,wec-2019-2020-r1-silverstone,darren-turner,2,platinum,true
wec-2019-2020-r1-silverstone-98,wec-2019-2020-r1-silverstone,ross-gunn,3,silver,true
wec-2019-2020-r1-silverstone-70,wec-2019-2020-r1-silverstone,motoaki-ishikawa,1,bronze,true
wec-2019-2020-r1-silverstone-70,wec-2019-2020-r1-silverstone,olivier-beretta,2,platinum,true
wec-2019-2020-r1-silverstone-70,wec-2019-2020-r1-silverstone,kei-cozzolino,3,silver,true
wec-2019-2020-r1-silverstone-86,wec-2019-2020-r1-silverstone,michael-wainwright,1,bronze,true
wec-2019-2020-r1-silverstone-86,wec-2019-2020-r1-silverstone,andrew-watson,2,silver,true
wec-2019-2020-r1-silverstone-86,wec-2019-2020-r1-silverstone,benjamin-barker,3,gold,true
wec-2019-2020-r1-silverstone-77,wec-2019-2020-r1-silverstone,christian-ried,1,bronze,true
wec-2019-2020-r1-silverstone-77,wec-2019-2020-r1-silverstone,matt-campbell,2,gold,true
wec-2019-2020-r1-silverstone-77,wec-2019-2020-r1-silverstone,riccardo-pera,3,silver,true
wec-2019-2020-r1-silverstone-56,wec-2019-2020-r1-silverstone,egidio-perfetti,1,bronze,true
wec-2019-2020-r1-silverstone-56,wec-2019-2020-r1-silverstone,david-kolkmann,2,silver,true
wec-2019-2020-r1-silverstone-56,wec-2019-2020-r1-silverstone,matteo-cairoli,3,gold,true
wec-2019-2020-r1-silverstone-90,wec-2019-2020-r1-silverstone,salih-yoluc,1,bronze,true
wec-2019-2020-r1-silverstone-90,wec-2019-2020-r1-silverstone,charles-eastwood,2,silver,true
wec-2019-2020-r1-silverstone-90,wec-2019-2020-r1-silverstone,jonathan-adam,3,platinum,true
wec-2019-2020-r1-silverstone-62,wec-2019-2020-r1-silverstone,bonamy-grimes,1,bronze,true
wec-2019-2020-r1-silverstone-62,wec-2019-2020-r1-silverstone,johnny-mowlem,2,gold,true
wec-2019-2020-r1-silverstone-62,wec-2019-2020-r1-silverstone,charles-hollings,3,silver,true
wec-2019-2020-r1-silverstone-54,wec-2019-2020-r1-silverstone,thomas-flohr,1,bronze,true
wec-2019-2020-r1-silverstone-54,wec-2019-2020-r1-silverstone,francesco-castellacci,2,silver,true
wec-2019-2020-r1-silverstone-54,wec-2019-2020-r1-silverstone,giancarlo-fisichella,3,platinum,true
wec-2019-2020-r1-silverstone-57,wec-2019-2020-r1-silverstone,ben-keating,1,bronze,true
wec-2019-2020-r1-silverstone-57,wec-2019-2020-r1-silverstone,felipe-fraga,2,silver,true
wec-2019-2020-r1-silverstone-57,wec-2019-2020-r1-silverstone,jeroen-bleekemolen,3,gold,true
wec-2019-2020-r1-silverstone-6,wec-2019-2020-r1-silverstone,michael-simpson,1,silver,true
wec-2019-2020-r1-silverstone-6,wec-2019-2020-r1-silverstone,oliver-jarvis,2,platinum,true
wec-2019-2020-r1-silverstone-6,wec-2019-2020-r1-silverstone,guy-smith,3,gold,true
wec-2019-2020-r1-silverstone-88,wec-2019-2020-r1-silverstone,thomas-preining,1,gold,true
wec-2019-2020-r1-silverstone-88,wec-2019-2020-r1-silverstone,gian-luca-giraudi,2,bronze,true
wec-2019-2020-r1-silverstone-88,wec-2019-2020-r1-silverstone,ricardo-sanchez,3,silver,true
wec-2019-2020-r1-silverstone-71,wec-2019-2020-r1-silverstone,davide-rigon,1,platinum,true
wec-2019-2020-r1-silverstone-71,wec-2019-2020-r1-silverstone,miguel-molina,2,platinum,true
wec-2019-2020-r1-silverstone-22,wec-2019-2020-r1-silverstone,philip-hanson,1,silver,true
wec-2019-2020-r1-silverstone-22,wec-2019-2020-r1-silverstone,filipe-albuquerque,2,platinum,true
wec-2019-2020-r1-silverstone-22,wec-2019-2020-r1-silverstone,paul-di-resta,3,platinum,true
wec-2019-2020-r2-fuji-8,wec-2019-2020-r2-fuji,sebastien-buemi,1,platinum,true
wec-2019-2020-r2-fuji-8,wec-2019-2020-r2-fuji,kazuki-nakajima,2,platinum,true
wec-2019-2020-r2-fuji-8,wec-2019-2020-r2-fuji,brendon-hartley,3,platinum,true
wec-2019-2020-r2-fuji-7,wec-2019-2020-r2-fuji,mike-conway,1,platinum,true
wec-2019-2020-r2-fuji-7,wec-2019-2020-r2-fuji,kamui-kobayashi,2,platinum,true
wec-2019-2020-r2-fuji-7,wec-2019-2020-r2-fuji,jose-maria-lopez,3,platinum,true
wec-2019-2020-r2-fuji-1,wec-2019-2020-r2-fuji,bruno-senna,1,platinum,true
wec-2019-2020-r2-fuji-1,wec-2019-2020-r2-fuji,gustavo-menezes,2,gold,true
wec-2019-2020-r2-fuji-1,wec-2019-2020-r2-fuji,norman-nato,3,gold,true
wec-2019-2020-r2-fuji-29,wec-2019-2020-r2-fuji,frits-van-eerd,1,bronze,true
wec-2019-2020-r2-fuji-29,wec-2019-2020-r2-fuji,giedo-van-der-garde,2,platinum,true
wec-2019-2020-r2-fuji-29,wec-2019-2020-r2-fuji,nyck-de-vries,3,gold,true
wec-2019-2020-r2-fuji-37,wec-2019-2020-r2-fuji,ho-pin-tung,1,gold,true
wec-2019-2020-r2-fuji-37,wec-2019-2020-r2-fuji,gabriel-aubry,2,silver,true
wec-2019-2020-r2-fuji-37,wec-2019-2020-r2-fuji,will-stevens,3,platinum,true
wec-2019-2020-r2-fuji-22,wec-2019-2020-r2-fuji,philip-hanson,1,silver,true
wec-2019-2020-r2-fuji-22,wec-2019-2020-r2-fuji,filipe-albuquerque,2,platinum,true
wec-2019-2020-r2-fuji-22,wec-2019-2020-r2-fuji,oliver-jarvis,3,platinum,true
wec-2019-2020-r2-fuji-33,wec-2019-2020-r2-fuji,mark-patterson,1,bronze,true
wec-2019-2020-r2-fuji-33,wec-2019-2020-r2-fuji,kenta-yamashita,2,gold,true
wec-2019-2020-r2-fuji-33,wec-2019-2020-r2-fuji,anders-fjordbach,3,silver,true
wec-2019-2020-r2-fuji-42,wec-2019-2020-r2-fuji,nicolas-lapierre,1,platinum,true
wec-2019-2020-r2-fuji-42,wec-2019-2020-r2-fuji,antonin-borga,2,silver,true
wec-2019-2020-r2-fuji-42,wec-2019-2020-r2-fuji,alexandre-coigny,3,bronze,true
wec-2019-2020-r2-fuji-6,wec-2019-2020-r2-fuji,charlie-robertson,1,silver,true
wec-2019-2020-r2-fuji-6,wec-2019-2020-r2-fuji,michael-simpson,2,silver,true
wec-2019-2020-r2-fuji-6,wec-2019-2020-r2-fuji,guy-smith,3,gold,true
wec-2019-2020-r2-fuji-36,wec-2019-2020-r2-fuji,thomas-laurent,1,gold,true
wec-2019-2020-r2-fuji-36,wec-2019-2020-r2-fuji,andre-negrao,2,gold,true
wec-2019-2020-r2-fuji-36,wec-2019-2020-r2-fuji,pierre-ragues,3,silver,true
wec-2019-2020-r2-fuji-5,wec-2019-2020-r2-fuji,luca-ghiotto,1,platinum,true
wec-2019-2020-r2-fuji-5,wec-2019-2020-r2-fuji,ben-hanley,2,gold,true
wec-2019-2020-r2-fuji-5,wec-2019-2020-r2-fuji,egor-orudzhev,3,gold,true
wec-2019-2020-r2-fuji-47,wec-2019-2020-r2-fuji,roberto-lacorte,1,bronze,true
wec-2019-2020-r2-fuji-47,wec-2019-2020-r2-fuji,andrea-belicchi,2,gold,true
wec-2019-2020-r2-fuji-47,wec-2019-2020-r2-fuji,giorgio-sernagiotto,3,silver,true
wec-2019-2020-r2-fuji-95,wec-2019-2020-r2-fuji,marco-sorensen,1,platinum,true
wec-2019-2020-r2-fuji-95,wec-2019-2020-r2-fuji,nicki-thiim,2,platinum,true
wec-2019-2020-r2-fuji-92,wec-2019-2020-r2-fuji,michael-christensen,1,platinum,true
wec-2019-2020-r2-fuji-92,wec-2019-2020-r2-fuji,kevin-estre,2,platinum,true
wec-2019-2020-r2-fuji-97,wec-2019-2020-r2-fuji,alexander-lynn,1,platinum,true
wec-2019-2020-r2-fuji-97,wec-2019-2020-r2-fuji,maxime-martin,2,platinum,true
wec-2019-2020-r2-fuji-51,wec-2019-2020-r2-fuji,james-calado,1,platinum,true
wec-2019-2020-r2-fuji-51,wec-2019-2020-r2-fuji,alessandro-pier-guidi,2,platinum,true
wec-2019-2020-r2-fuji-71,wec-2019-2020-r2-fuji,davide-rigon,1,platinum,true
wec-2019-2020-r2-fuji-71,wec-2019-2020-r2-fuji,miguel-molina,2,platinum,true
wec-2019-2020-r2-fuji-91,wec-2019-2020-r2-fuji,gianmaria-bruni,1,platinum,true
wec-2019-2020-r2-fuji-91,wec-2019-2020-r2-fuji,richard-lietz,2,platinum,true
wec-2019-2020-r2-fuji-90,wec-2019-2020-r2-fuji,salih-yoluc,1,bronze,true
wec-2019-2020-r2-fuji-90,wec-2019-2020-r2-fuji,charles-eastwood,2,silver,true
wec-2019-2020-r2-fuji-90,wec-2019-2020-r2-fuji,jonathan-adam,3,platinum,true
wec-2019-2020-r2-fuji-83,wec-2019-2020-r2-fuji,francois-perrodo,1,bronze,true
wec-2019-2020-r2-fuji-83,wec-2019-2020-r2-fuji,emmanuel-collard,2,gold,true
wec-2019-2020-r2-fuji-83,wec-2019-2020-r2-fuji,nicklas-nielsen,3,silver,true
wec-2019-2020-r2-fuji-57,wec-2019-2020-r2-fuji,ben-keating,1,bronze,true
wec-2019-2020-r2-fuji-57,wec-2019-2020-r2-fuji,felipe-fraga,2,silver,true
wec-2019-2020-r2-fuji-57,wec-2019-2020-r2-fuji,jeroen-bleekemolen,3,gold,true
wec-2019-2020-r2-fuji-70,wec-2019-2020-r2-fuji,motoaki-ishikawa,1,bronze,true
wec-2019-2020-r2-fuji-70,wec-2019-2020-r2-fuji,olivier-beretta,2,platinum,true
wec-2019-2020-r2-fuji-70,wec-2019-2020-r2-fuji,kei-cozzolino,3,silver,true
wec-2019-2020-r2-fuji-77,wec-2019-2020-r2-fuji,christian-ried,1,bronze,true
wec-2019-2020-r2-fuji-77,wec-2019-2020-r2-fuji,riccardo-pera,2,silver,true
wec-2019-2020-r2-fuji-77,wec-2019-2020-r2-fuji,matt-campbell,3,gold,true
wec-2019-2020-r2-fuji-54,wec-2019-2020-r2-fuji,thomas-flohr,1,bronze,true
wec-2019-2020-r2-fuji-54,wec-2019-2020-r2-fuji,francesco-castellacci,2,silver,true
wec-2019-2020-r2-fuji-54,wec-2019-2020-r2-fuji,giancarlo-fisichella,3,platinum,true
wec-2019-2020-r2-fuji-56,wec-2019-2020-r2-fuji,egidio-perfetti,1,bronze,true
wec-2019-2020-r2-fuji-56,wec-2019-2020-r2-fuji,david-heinemeier-hansson,2,silver,true
wec-2019-2020-r2-fuji-56,wec-2019-2020-r2-fuji,matteo-cairoli,3,gold,true
wec-2019-2020-r2-fuji-86,wec-2019-2020-r2-fuji,michael-wainwright,1,bronze,true
wec-2019-2020-r2-fuji-86,wec-2019-2020-r2-fuji,andrew-watson,2,silver,true
wec-2019-2020-r2-fuji-86,wec-2019-2020-r2-fuji,benjamin-barker,3,gold,true
wec-2019-2020-r2-fuji-88,wec-2019-2020-r2-fuji,satoshi-hoshino,1,bronze,true
wec-2019-2020-r2-fuji-88,wec-2019-2020-r2-fuji,adrien-de-leener,2,silver,true
wec-2019-2020-r2-fuji-88,wec-2019-2020-r2-fuji,thomas-preining,3,gold,true
wec-2019-2020-r2-fuji-62,wec-2019-2020-r2-fuji,bonamy-grimes,1,bronze,true
wec-2019-2020-r2-fuji-62,wec-2019-2020-r2-fuji,johnny-mowlem,2,gold,true
wec-2019-2020-r2-fuji-62,wec-2019-2020-r2-fuji,charles-hollings,3,silver,true
wec-2019-2020-r2-fuji-98,wec-2019-2020-r2-fuji,paul-dalla-lana,1,bronze,true
wec-2019-2020-r2-fuji-98,wec-2019-2020-r2-fuji,darren-turner,2,platinum,true
wec-2019-2020-r2-fuji-98,wec-2019-2020-r2-fuji,ross-gunn,3,silver,true
wec-2019-2020-r2-fuji-38,wec-2019-2020-r2-fuji,roberto-gonzalez,1,silver,true
wec-2019-2020-r2-fuji-38,wec-2019-2020-r2-fuji,antonio-felix-da-costa,2,platinum,true
wec-2019-2020-r2-fuji-38,wec-2019-2020-r2-fuji,anthony-davidson,3,platinum,true
wec-2019-2020-r3-shanghai-1,wec-2019-2020-r3-shanghai,bruno-senna,1,platinum,true
wec-2019-2020-r3-shanghai-1,wec-2019-2020-r3-shanghai,gustavo-menezes,2,gold,true
wec-2019-2020-r3-shanghai-1,wec-2019-2020-r3-shanghai,norman-nato,3,gold,true
wec-2019-2020-r3-shanghai-8,wec-2019-2020-r3-shanghai,sebastien-buemi,1,platinum,true
wec-2019-2020-r3-shanghai-8,wec-2019-2020-r3-shanghai,kazuki-nakajima,2,platinum,true
wec-2019-2020-r3-shanghai-8,wec-2019-2020-r3-shanghai,brendon-hartley,3,platinum,true
wec-2019-2020-r3-shanghai-7,wec-2019-2020-r3-shanghai,mike-conway,1,platinum,true
wec-2019-2020-r3-shanghai-7,wec-2019-2020-r3-shanghai,kamui-kobayashi,2,platinum,true
wec-2019-2020-r3-shanghai-7,wec-2019-2020-r3-shanghai,jose-maria-lopez,3,platinum,true
wec-2019-2020-r3-shanghai-5,wec-2019-2020-r3-shanghai,jordan-king,1,gold,true
wec-2019-2020-r3-shanghai-5,wec-2019-2020-r3-shanghai,ben-hanley,2,gold,true
wec-2019-2020-r3-shanghai-5,wec-2019-2020-r3-shanghai,egor-orudzhev,3,gold,true
wec-2019-2020-r3-shanghai-6,wec-2019-2020-r3-shanghai,charlie-robertson,1,silver,true
wec-2019-2020-r3-shanghai-6,wec-2019-2020-r3-shanghai,michael-simpson,2,silver,true
wec-2019-2020-r3-shanghai-6,wec-2019-2020-r3-shanghai,guy-smith,3,gold,true
wec-2019-2020-r3-shanghai-38,wec-2019-2020-r3-shanghai,roberto-gonzalez,1,silver,true
wec-2019-2020-r3-shanghai-38,wec-2019-2020-r3-shanghai,antonio-felix-da-costa,2,platinum,true
wec-2019-2020-r3-shanghai-38,wec-2019-2020-r3-shanghai,anthony-davidson,3,platinum,true
wec-2019-2020-r3-shanghai-37,wec-2019-2020-r3-shanghai,ho-pin-tung,1,gold,true
wec-2019-2020-r3-shanghai-37,wec-2019-2020-r3-shanghai,gabriel-aubry,2,silver,true
wec-2019-2020-r3-shanghai-37,wec-2019-2020-r3-shanghai,will-stevens,3,platinum,true
wec-2019-2020-r3-shanghai-22,wec-2019-2020-r3-shanghai,philip-hanson,1,silver,true
wec-2019-2020-r3-shanghai-22,wec-2019-2020-r3-shanghai,filipe-albuquerque,2,platinum,true
wec-2019-2020-r3-shanghai-22,wec-2019-2020-r3-shanghai,paul-di-resta,3,platinum,true
wec-2019-2020-r3-shanghai-36,wec-2019-2020-r3-shanghai,thomas-laurent,1,gold,true
wec-2019-2020-r3-shanghai-36,wec-2019-2020-r3-shanghai,andre-negrao,2,gold,true
wec-2019-2020-r3-shanghai-36,wec-2019-2020-r3-shanghai,pierre-ragues,3,silver,true
wec-2019-2020-r3-shanghai-29,wec-2019-2020-r3-shanghai,frits-van-eerd,1,bronze,true
wec-2019-2020-r3-shanghai-29,wec-2019-2020-r3-shanghai,giedo-van-der-garde,2,platinum,true
wec-2019-2020-r3-shanghai-29,wec-2019-2020-r3-shanghai,nyck-de-vries,3,gold,true
wec-2019-2020-r3-shanghai-33,wec-2019-2020-r3-shanghai,mark-patterson,1,bronze,true
wec-2019-2020-r3-shanghai-33,wec-2019-2020-r3-shanghai,kenta-yamashita,2,gold,true
wec-2019-2020-r3-shanghai-33,wec-2019-2020-r3-shanghai,anders-fjordbach,3,silver,true
wec-2019-2020-r3-shanghai-47,wec-2019-2020-r3-shanghai,roberto-lacorte,1,bronze,true
wec-2019-2020-r3-shanghai-47,wec-2019-2020-r3-shanghai,andrea-belicchi,2,gold,true
wec-2019-2020-r3-shanghai-47,wec-2019-2020-r3-shanghai,giorgio-sernagiotto,3,silver,true
wec-2019-2020-r3-shanghai-51,wec-2019-2020-r3-shanghai,james-calado,1,platinum,true
wec-2019-2020-r3-shanghai-51,wec-2019-2020-r3-shanghai,alessandro-pier-guidi,2,platinum,true
wec-2019-2020-r3-shanghai-92,wec-2019-2020-r3-shanghai,michael-christensen,1,platinum,true
wec-2019-2020-r3-shanghai-92,wec-2019-2020-r3-shanghai,kevin-estre,2,platinum,true
wec-2019-2020-r3-shanghai-91,wec-2019-2020-r3-shanghai,gianmaria-bruni,1,platinum,true
wec-2019-2020-r3-shanghai-91,wec-2019-2020-r3-shanghai,richard-lietz,2,platinum,true
wec-2019-2020-r3-shanghai-97,wec-2019-2020-r3-shanghai,alexander-lynn,1,platinum,true
wec-2019-2020-r3-shanghai-97,wec-2019-2020-r3-shanghai,maxime-martin,2,platinum,true
wec-2019-2020-r3-shanghai-95,wec-2019-2020-r3-shanghai,marco-sorensen,1,platinum,true
wec-2019-2020-r3-shanghai-95,wec-2019-2020-r3-shanghai,nicki-thiim,2,platinum,true
wec-2019-2020-r3-shanghai-71,wec-2019-2020-r3-shanghai,davide-rigon,1,platinum,true
wec-2019-2020-r3-shanghai-71,wec-2019-2020-r3-shanghai,miguel-molina,2,platinum,true
wec-2019-2020-r3-shanghai-90,wec-2019-2020-r3-shanghai,salih-yoluc,1,bronze,true
wec-2019-2020-r3-shanghai-90,wec-2019-2020-r3-shanghai,charles-eastwood,2,silver,true
wec-2019-2020-r3-shanghai-90,wec-2019-2020-r3-shanghai,jonathan-adam,3,platinum,true
wec-2019-2020-r3-shanghai-57,wec-2019-2020-r3-shanghai,ben-keating,1,bronze,true
wec-2019-2020-r3-shanghai-57,wec-2019-2020-r3-shanghai,larry-ten-voorde,2,silver,true
wec-2019-2020-r3-shanghai-57,wec-2019-2020-r3-shanghai,jeroen-bleekemolen,3,gold,true
wec-2019-2020-r3-shanghai-98,wec-2019-2020-r3-shanghai,paul-dalla-lana,1,bronze,true
wec-2019-2020-r3-shanghai-98,wec-2019-2020-r3-shanghai,darren-turner,2,platinum,true
wec-2019-2020-r3-shanghai-98,wec-2019-2020-r3-shanghai,ross-gunn,3,silver,true
wec-2019-2020-r3-shanghai-83,wec-2019-2020-r3-shanghai,francois-perrodo,1,bronze,true
wec-2019-2020-r3-shanghai-83,wec-2019-2020-r3-shanghai,emmanuel-collard,2,gold,true
wec-2019-2020-r3-shanghai-83,wec-2019-2020-r3-shanghai,nicklas-nielsen,3,silver,true
wec-2019-2020-r3-shanghai-56,wec-2019-2020-r3-shanghai,egidio-perfetti,1,bronze,true
wec-2019-2020-r3-shanghai-56,wec-2019-2020-r3-shanghai,david-heinemeier-hansson,2,silver,true
wec-2019-2020-r3-shanghai-56,wec-2019-2020-r3-shanghai,matteo-cairoli,3,gold,true
wec-2019-2020-r3-shanghai-88,wec-2019-2020-r3-shanghai,angelo-negro,1,bronze,true
wec-2019-2020-r3-shanghai-88,wec-2019-2020-r3-shanghai,william-bamber,2,silver,true
wec-2019-2020-r3-shanghai-88,wec-2019-2020-r3-shanghai,thomas-preining,3,gold,true
wec-2019-2020-r3-shanghai-70,wec-2019-2020-r3-shanghai,motoaki-ishikawa,1,bronze,true
wec-2019-2020-r3-shanghai-70,wec-2019-2020-r3-shanghai,olivier-beretta,2,platinum,true
wec-2019-2020-r3-shanghai-70,wec-2019-2020-r3-shanghai,kei-cozzolino,3,silver,true
wec-2019-2020-r3-shanghai-54,wec-2019-2020-r3-shanghai,thomas-flohr,1,bronze,true
wec-2019-2020-r3-shanghai-54,wec-2019-2020-r3-shanghai,francesco-castellacci,2,silver,true
wec-2019-2020-r3-shanghai-54,wec-2019-2020-r3-shanghai,giancarlo-fisichella,3,platinum,true
wec-2019-2020-r3-shanghai-86,wec-2019-2020-r3-shanghai,michael-wainwright,1,bronze,true
wec-2019-2020-r3-shanghai-86,wec-2019-2020-r3-shanghai,andrew-watson,2,silver,true
wec-2019-2020-r3-shanghai-86,wec-2019-2020-r3-shanghai,benjamin-barker,3,gold,true
wec-2019-2020-r3-shanghai-62,wec-2019-2020-r3-shanghai,bonamy-grimes,1,bronze,true
wec-2019-2020-r3-shanghai-62,wec-2019-2020-r3-shanghai,johnny-mowlem,2,gold,true
wec-2019-2020-r3-shanghai-62,wec-2019-2020-r3-shanghai,charles-hollings,3,silver,true
wec-2019-2020-r3-shanghai-77,wec-2019-2020-r3-shanghai,christian-ried,1,bronze,true
wec-2019-2020-r3-shanghai-77,wec-2019-2020-r3-shanghai,riccardo-pera,2,silver,true
wec-2019-2020-r3-shanghai-77,wec-2019-2020-r3-shanghai,matt-campbell,3,gold,true
wec-2019-2020-r3-shanghai-78,wec-2019-2020-r3-shanghai,philippe-prette,1,bronze,true
wec-2019-2020-r3-shanghai-78,wec-2019-2020-r3-shanghai,louis-prette,2,silver,true
wec-2019-2020-r3-shanghai-78,wec-2019-2020-r3-shanghai,vincent-abril,3,gold,true
wec-2019-2020-r3-shanghai-42,wec-2019-2020-r3-shanghai,nicolas-lapierre,1,platinum,true
wec-2019-2020-r3-shanghai-42,wec-2019-2020-r3-shanghai,antonin-borga,2,silver,true
wec-2019-2020-r3-shanghai-42,wec-2019-2020-r3-shanghai,alexandre-coigny,3,bronze,true
wec-2019-2020-r4-bahrain-7,wec-2019-2020-r4-bahrain,mike-conway,1,platinum,true
wec-2019-2020-r4-bahrain-7,wec-2019-2020-r4-bahrain,kamui-kobayashi,2,platinum,true
wec-2019-2020-r4-bahrain-7,wec-2019-2020-r4-bahrain,jose-maria-lopez,3,platinum,true
wec-2019-2020-r4-bahrain-8,wec-2019-2020-r4-bahrain,sebastien-buemi,1,platinum,true
wec-2019-2020-r4-bahrain-8,wec-2019-2020-r4-bahrain,kazuki-nakajima,2,platinum,true
wec-2019-2020-r4-bahrain-8,wec-2019-2020-r4-bahrain,brendon-hartley,3,platinum,true
wec-2019-2020-r4-bahrain-1,wec-2019-2020-r4-bahrain,bruno-senna,1,platinum,true
wec-2019-2020-r4-bahrain-1,wec-2019-2020-r4-bahrain,gustavo-menezes,2,gold,true
wec-2019-2020-r4-bahrain-1,wec-2019-2020-r4-bahrain,norman-nato,3,gold,true
wec-2019-2020-r4-bahrain-22,wec-2019-2020-r4-bahrain,philip-hanson,1,silver,true
wec-2019-2020-r4-bahrain-22,wec-2019-2020-r4-bahrain,filipe-albuquerque,2,platinum,true
wec-2019-2020-r4-bahrain-22,wec-2019-2020-r4-bahrain,paul-di-resta,3,platinum,true
wec-2019-2020-r4-bahrain-38,wec-2019-2020-r4-bahrain,roberto-gonzalez,1,silver,true
wec-2019-2020-r4-bahrain-38,wec-2019-2020-r4-bahrain,antonio-felix-da-costa,2,platinum,true
wec-2019-2020-r4-bahrain-38,wec-2019-2020-r4-bahrain,anthony-davidson,3,platinum,true
wec-2019-2020-r4-bahrain-37,wec-2019-2020-r4-bahrain,ho-pin-tung,1,gold,true
wec-2019-2020-r4-bahrain-37,wec-2019-2020-r4-bahrain,gabriel-aubry,2,silver,true
wec-2019-2020-r4-bahrain-37,wec-2019-2020-r4-bahrain,will-stevens,3,platinum,true
wec-2019-2020-r4-bahrain-26,wec-2019-2020-r4-bahrain,roman-rusinov,1,gold,true
wec-2019-2020-r4-bahrain-26,wec-2019-2020-r4-bahrain,job-van-uitert,2,silver,true
wec-2019-2020-r4-bahrain-26,wec-2019-2020-r4-bahrain,jean-eric-vergne,3,platinum,true
wec-2019-2020-r4-bahrain-36,wec-2019-2020-r4-bahrain,thomas-laurent,1,gold,true
wec-2019-2020-r4-bahrain-36,wec-2019-2020-r4-bahrain,andre-negrao,2,gold,true
wec-2019-2020-r4-bahrain-36,wec-2019-2020-r4-bahrain,pierre-ragues,3,silver,true
wec-2019-2020-r4-bahrain-29,wec-2019-2020-r4-bahrain,frits-van-eerd,1,bronze,true
wec-2019-2020-r4-bahrain-29,wec-2019-2020-r4-bahrain,giedo-van-der-garde,2,platinum,true
wec-2019-2020-r4-bahrain-29,wec-2019-2020-r4-bahrain,nyck-de-vries,3,gold,true
wec-2019-2020-r4-bahrain-42,wec-2019-2020-r4-bahrain,nicolas-lapierre,1,platinum,true
wec-2019-2020-r4-bahrain-42,wec-2019-2020-r4-bahrain,antonin-borga,2,silver,true
wec-2019-2020-r4-bahrain-42,wec-2019-2020-r4-bahrain,alexandre-coigny,3,bronze,true
wec-2019-2020-r4-bahrain-33,wec-2019-2020-r4-bahrain,mark-patterson,1,bronze,true
wec-2019-2020-r4-bahrain-33,wec-2019-2020-r4-bahrain,kenta-yamashita,2,gold,true
wec-2019-2020-r4-bahrain-33,wec-2019-2020-r4-bahrain,anders-fjordbach,3,silver,true
wec-2019-2020-r4-bahrain-47,wec-2019-2020-r4-bahrain,roberto-lacorte,1,bronze,true
wec-2019-2020-r4-bahrain-47,wec-2019-2020-r4-bahrain,andrea-belicchi,2,gold,true
wec-2019-2020-r4-bahrain-47,wec-2019-2020-r4-bahrain,giorgio-sernagiotto,3,silver,true
wec-2019-2020-r4-bahrain-95,wec-2019-2020-r4-bahrain,marco-sorensen,1,platinum,true
wec-2019-2020-r4-bahrain-95,wec-2019-2020-r4-bahrain,nicki-thiim,2,platinum,true
wec-2019-2020-r4-bahrain-71,wec-2019-2020-r4-bahrain,davide-rigon,1,platinum,true
wec-2019-2020-r4-bahrain-71,wec-2019-2020-r4-bahrain,miguel-molina,2,platinum,true
wec-2019-2020-r4-bahrain-97,wec-2019-2020-r4-bahrain,alexander-lynn,1,platinum,true
wec-2019-2020-r4-bahrain-97,wec-2019-2020-r4-bahrain,maxime-martin,2,platinum,true
wec-2019-2020-r4-bahrain-51,wec-2019-2020-r4-bahrain,james-calado,1,platinum,true
wec-2019-2020-r4-bahrain-51,wec-2019-2020-r4-bahrain,alessandro-pier-guidi,2,platinum,true
wec-2019-2020-r4-bahrain-91,wec-2019-2020-r4-bahrain,gianmaria-bruni,1,platinum,true
wec-2019-2020-r4-bahrain-91,wec-2019-2020-r4-bahrain,richard-lietz,2,platinum,true
wec-2019-2020-r4-bahrain-57,wec-2019-2020-r4-bahrain,ben-keating,1,bronze,true
wec-2019-2020-r4-bahrain-57,wec-2019-2020-r4-bahrain,larry-ten-voorde,2,silver,true
wec-2019-2020-r4-bahrain-57,wec-2019-2020-r4-bahrain,jeroen-bleekemolen,3,gold,true
wec-2019-2020-r4-bahrain-92,wec-2019-2020-r4-bahrain,michael-christensen,1,platinum,true
wec-2019-2020-r4-bahrain-92,wec-2019-2020-r4-bahrain,kevin-estre,2,platinum,true
wec-2019-2020-r4-bahrain-98,wec-2019-2020-r4-bahrain,paul-dalla-lana,1,bronze,true
wec-2019-2020-r4-bahrain-98,wec-2019-2020-r4-bahrain,darren-turner,2,platinum,true
wec-2019-2020-r4-bahrain-98,wec-2019-2020-r4-bahrain,ross-gunn,3,silver,true
wec-2019-2020-r4-bahrain-86,wec-2019-2020-r4-bahrain,michael-wainwright,1,bronze,true
wec-2019-2020-r4-bahrain-86,wec-2019-2020-r4-bahrain,andrew-watson,2,silver,true
wec-2019-2020-r4-bahrain-86,wec-2019-2020-r4-bahrain,benjamin-barker,3,gold,true
wec-2019-2020-r4-bahrain-83,wec-2019-2020-r4-bahrain,francois-perrodo,1,bronze,true
wec-2019-2020-r4-bahrain-83,wec-2019-2020-r4-bahrain,emmanuel-collard,2,gold,true
wec-2019-2020-r4-bahrain-83,wec-2019-2020-r4-bahrain,nicklas-nielsen,3,silver,true
wec-2019-2020-r4-bahrain-54,wec-2019-2020-r4-bahrain,thomas-flohr,1,bronze,true
wec-2019-2020-r4-bahrain-54,wec-2019-2020-r4-bahrain,francesco-castellacci,2,silver,true
wec-2019-2020-r4-bahrain-54,wec-2019-2020-r4-bahrain,giancarlo-fisichella,3,platinum,true
wec-2019-2020-r4-bahrain-77,wec-2019-2020-r4-bahrain,christian-ried,1,bronze,true
wec-2019-2020-r4-bahrain-77,wec-2019-2020-r4-bahrain,riccardo-pera,2,silver,true
wec-2019-2020-r4-bahrain-77,wec-2019-2020-r4-bahrain,matt-campbell,3,gold,true
wec-2019-2020-r4-bahrain-70,wec-2019-2020-r4-bahrain,motoaki-ishikawa,1,bronze,true
wec-2019-2020-r4-bahrain-70,wec-2019-2020-r4-bahrain,olivier-beretta,2,platinum,true
wec-2019-2020-r4-bahrain-70,wec-2019-2020-r4-bahrain,kei-cozzolino,3,silver,true
wec-2019-2020-r4-bahrain-62,wec-2019-2020-r4-bahrain,bonamy-grimes,1,bronze,true
wec-2019-2020-r4-bahrain-62,wec-2019-2020-r4-bahrain,johnny-mowlem,2,gold,true
wec-2019-2020-r4-bahrain-62,wec-2019-2020-r4-bahrain,charles-hollings,3,silver,true
wec-2019-2020-r4-bahrain-56,wec-2019-2020-r4-bahrain,egidio-perfetti,1,bronze,true
wec-2019-2020-r4-bahrain-56,wec-2019-2020-r4-bahrain,david-heinemeier-hansson,2,silver,true
wec-2019-2020-r4-bahrain-56,wec-2019-2020-r4-bahrain,matteo-cairoli,3,gold,true
wec-2019-2020-r4-bahrain-6,wec-2019-2020-r4-bahrain,michael-simpson,1,silver,true
wec-2019-2020-r4-bahrain-6,wec-2019-2020-r4-bahrain,christopher-dyson,2,silver,true
wec-2019-2020-r4-bahrain-6,wec-2019-2020-r4-bahrain,guy-smith,3,gold,true
wec-2019-2020-r4-bahrain-90,wec-2019-2020-r4-bahrain,salih-yoluc,1,bronze,true
wec-2019-2020-r4-bahrain-90,wec-2019-2020-r4-bahrain,charles-eastwood,2,silver,true
wec-2019-2020-r4-bahrain-90,wec-2019-2020-r4-bahrain,jonathan-adam,3,platinum,true
wec-2019-2020-r4-bahrain-5,wec-2019-2020-r4-bahrain,charlie-robertson,1,silver,true
wec-2019-2020-r4-bahrain-5,wec-2019-2020-r4-bahrain,ben-hanley,2,gold,true
wec-2019-2020-r4-bahrain-5,wec-2019-2020-r4-bahrain,jordan-king,3,gold,true
wec-2019-2020-r4-bahrain-88,wec-2019-2020-r4-bahrain,khaled-al-qubaisi,1,bronze,true
wec-2019-2020-r4-bahrain-88,wec-2019-2020-r4-bahrain,adrien-de-leener,2,silver,true
wec-2019-2020-r4-bahrain-88,wec-2019-2020-r4-bahrain,thomas-preining,3,gold,true
wec-2019-2020-r5-cota-1,wec-2019-2020-r5-cota,bruno-senna,1,platinum,true
wec-2019-2020-r5-cota-1,wec-2019-2020-r5-cota,gustavo-menezes,2,gold,true
wec-2019-2020-r5-cota-1,wec-2019-2020-r5-cota,norman-nato,3,gold,true
wec-2019-2020-r5-cota-8,wec-2019-2020-r5-cota,sebastien-buemi,1,platinum,true
wec-2019-2020-r5-cota-8,wec-2019-2020-r5-cota,kazuki-nakajima,2,platinum,true
wec-2019-2020-r5-cota-8,wec-2019-2020-r5-cota,brendon-hartley,3,platinum,true
wec-2019-2020-r5-cota-7,wec-2019-2020-r5-cota,mike-conway,1,platinum,true
wec-2019-2020-r5-cota-7,wec-2019-2020-r5-cota,kamui-kobayashi,2,platinum,true
wec-2019-2020-r5-cota-7,wec-2019-2020-r5-cota,jose-maria-lopez,3,platinum,true
wec-2019-2020-r5-cota-22,wec-2019-2020-r5-cota,philip-hanson,1,silver,true
wec-2019-2020-r5-cota-22,wec-2019-2020-r5-cota,filipe-albuquerque,2,platinum,true
wec-2019-2020-r5-cota-22,wec-2019-2020-r5-cota,paul-di-resta,3,platinum,true
wec-2019-2020-r5-cota-37,wec-2019-2020-r5-cota,ho-pin-tung,1,gold,true
wec-2019-2020-r5-cota-37,wec-2019-2020-r5-cota,gabriel-aubry,2,silver,true
wec-2019-2020-r5-cota-37,wec-2019-2020-r5-cota,will-stevens,3,platinum,true
wec-2019-2020-r5-cota-38,wec-2019-2020-r5-cota,roberto-gonzalez,1,silver,true
wec-2019-2020-r5-cota-38,wec-2019-2020-r5-cota,antonio-felix-da-costa,2,platinum,true
wec-2019-2020-r5-cota-38,wec-2019-2020-r5-cota,anthony-davidson,3,platinum,true
wec-2019-2020-r5-cota-42,wec-2019-2020-r5-cota,nicolas-lapierre,1,platinum,true
wec-2019-2020-r5-cota-42,wec-2019-2020-r5-cota,antonin-borga,2,silver,true
wec-2019-2020-r5-cota-42,wec-2019-2020-r5-cota,alexandre-coigny,3,bronze,true
wec-2019-2020-r5-cota-29,wec-2019-2020-r5-cota,frits-van-eerd,1,bronze,true
wec-2019-2020-r5-cota-29,wec-2019-2020-r5-cota,giedo-van-der-garde,2,platinum,true
wec-2019-2020-r5-cota-29,wec-2019-2020-r5-cota,nyck-de-vries,3,gold,true
wec-2019-2020-r5-cota-36,wec-2019-2020-r5-cota,thomas-laurent,1,gold,true
wec-2019-2020-r5-cota-36,wec-2019-2020-r5-cota,andre-negrao,2,gold,true
wec-2019-2020-r5-cota-36,wec-2019-2020-r5-cota,pierre-ragues,3,silver,true
wec-2019-2020-r5-cota-33,wec-2019-2020-r5-cota,mark-patterson,1,bronze,true
wec-2019-2020-r5-cota-33,wec-2019-2020-r5-cota,kenta-yamashita,2,gold,true
wec-2019-2020-r5-cota-33,wec-2019-2020-r5-cota,anders-fjordbach,3,silver,true
wec-2019-2020-r5-cota-47,wec-2019-2020-r5-cota,roberto-lacorte,1,bronze,true
wec-2019-2020-r5-cota-47,wec-2019-2020-r5-cota,andrea-belicchi,2,gold,true
wec-2019-2020-r5-cota-47,wec-2019-2020-r5-cota,giorgio-sernagiotto,3,silver,true
wec-2019-2020-r5-cota-21,wec-2019-2020-r5-cota,henrik-hedman,1,bronze,true
wec-2019-2020-r5-cota-21,wec-2019-2020-r5-cota,ben-hanley,2,gold,true
wec-2019-2020-r5-cota-21,wec-2019-2020-r5-cota,colin-braun,3,gold,true
wec-2019-2020-r5-cota-95,wec-2019-2020-r5-cota,marco-sorensen,1,platinum,true
wec-2019-2020-r5-cota-95,wec-2019-2020-r5-cota,nicki-thiim,2,platinum,true
wec-2019-2020-r5-cota-92,wec-2019-2020-r5-cota,michael-christensen,1,platinum,true
wec-2019-2020-r5-cota-92,wec-2019-2020-r5-cota,kevin-estre,2,platinum,true
wec-2019-2020-r5-cota-51,wec-2019-2020-r5-cota,james-calado,1,platinum,true
wec-2019-2020-r5-cota-51,wec-2019-2020-r5-cota,alessandro-pier-guidi,2,platinum,true
wec-2019-2020-r5-cota-97,wec-2019-2020-r5-cota,alexander-lynn,1,platinum,true
wec-2019-2020-r5-cota-97,wec-2019-2020-r5-cota,maxime-martin,2,platinum,true
wec-2019-2020-r5-cota-71,wec-2019-2020-r5-cota,davide-rigon,1,platinum,true
wec-2019-2020-r5-cota-71,wec-2019-2020-r5-cota,miguel-molina,2,platinum,true
wec-2019-2020-r5-cota-63,wec-2019-2020-r5-cota,jan-magnussen,1,platinum,true
wec-2019-2020-r5-cota-63,wec-2019-2020-r5-cota,mike-rockenfeller,2,platinum,true
wec-2019-2020-r5-cota-90,wec-2019-2020-r5-cota,salih-yoluc,1,bronze,true
wec-2019-2020-r5-cota-90,wec-2019-2020-r5-cota,charles-eastwood,2,silver,true
wec-2019-2020-r5-cota-90,wec-2019-2020-r5-cota,jonathan-adam,3,platinum,true
wec-2019-2020-r5-cota-98,wec-2019-2020-r5-cota,paul-dalla-lana,1,bronze,true
wec-2019-2020-r5-cota-98,wec-2019-2020-r5-cota,darren-turner,2,platinum,true
wec-2019-2020-r5-cota-98,wec-2019-2020-r5-cota,ross-gunn,3,silver,true
wec-2019-2020-r5-cota-91,wec-2019-2020-r5-cota,gianmaria-bruni,1,platinum,true
wec-2019-2020-r5-cota-91,wec-2019-2020-r5-cota,richard-lietz,2,platinum,true
wec-2019-2020-r5-cota-56,wec-2019-2020-r5-cota,egidio-perfetti,1,bronze,true
wec-2019-2020-r5-cota-56,wec-2019-2020-r5-cota,laurents-horr,2,silver,true
wec-2019-2020-r5-cota-56,wec-2019-2020-r5-cota,matteo-cairoli,3,gold,true
wec-2019-2020-r5-cota-83,wec-2019-2020-r5-cota,francois-perrodo,1,bronze,true
wec-2019-2020-r5-cota-83,wec-2019-2020-r5-cota,emmanuel-collard,2,gold,true
wec-2019-2020-r5-cota-83,wec-2019-2020-r5-cota,nicklas-nielsen,3,silver,true
wec-2019-2020-r5-cota-77,wec-2019-2020-r5-cota,christian-ried,1,bronze,true
wec-2019-2020-r5-cota-77,wec-2019-2020-r5-cota,riccardo-pera,2,silver,true
wec-2019-2020-r5-cota-77,wec-2019-2020-r5-cota,matt-campbell,3,gold,true
wec-2019-2020-r5-cota-86,wec-2019-2020-r5-cota,michael-wainwright,1,bronze,true
wec-2019-2020-r5-cota-86,wec-2019-2020-r5-cota,andrew-watson,2,silver,true
wec-2019-2020-r5-cota-86,wec-2019-2020-r5-cota,benjamin-barker,3,gold,true
wec-2019-2020-r5-cota-54,wec-2019-2020-r5-cota,thomas-flohr,1,bronze,true
wec-2019-2020-r5-cota-54,wec-2019-2020-r5-cota,francesco-castellacci,2,silver,true
wec-2019-2020-r5-cota-54,wec-2019-2020-r5-cota,giancarlo-fisichella,3,platinum,true
wec-2019-2020-r5-cota-62,wec-2019-2020-r5-cota,bonamy-grimes,1,bronze,true
wec-2019-2020-r5-cota-62,wec-2019-2020-r5-cota,johnny-mowlem,2,gold,true
wec-2019-2020-r5-cota-62,wec-2019-2020-r5-cota,charles-hollings,3,silver,true
wec-2019-2020-r5-cota-88,wec-2019-2020-r5-cota,bret-curtis,1,bronze,true
wec-2019-2020-r5-cota-88,wec-2019-2020-r5-cota,adrien-de-leener,2,silver,true
wec-2019-2020-r5-cota-88,wec-2019-2020-r5-cota,thomas-preining,3,gold,true
wec-2019-2020-r5-cota-70,wec-2019-2020-r5-cota,motoaki-ishikawa,1,bronze,true
wec-2019-2020-r5-cota-70,wec-2019-2020-r5-cota,olivier-beretta,2,platinum,true
wec-2019-2020-r5-cota-70,wec-2019-2020-r5-cota,kei-cozzolino,3,silver,true
wec-2019-2020-r5-cota-57,wec-2019-2020-r5-cota,ben-keating,1,bronze,true
wec-2019-2020-r5-cota-57,wec-2019-2020-r5-cota,felipe-fraga,2,silver,true
wec-2019-2020-r5-cota-57,wec-2019-2020-r5-cota,jeroen-bleekemolen,3,gold,true
wec-2019-2020-r6-spa-7,wec-2019-2020-r6-spa,mike-conway,1,platinum,true
wec-2019-2020-r6-spa-7,wec-2019-2020-r6-spa,kamui-kobayashi,2,platinum,true
wec-2019-2020-r6-spa-7,wec-2019-2020-r6-spa,jose-maria-lopez,3,platinum,true
wec-2019-2020-r6-spa-8,wec-2019-2020-r6-spa,sebastien-buemi,1,platinum,true
wec-2019-2020-r6-spa-8,wec-2019-2020-r6-spa,kazuki-nakajima,2,platinum,true
wec-2019-2020-r6-spa-8,wec-2019-2020-r6-spa,brendon-hartley,3,platinum,true
wec-2019-2020-r6-spa-1,wec-2019-2020-r6-spa,bruno-senna,1,platinum,true
wec-2019-2020-r6-spa-1,wec-2019-2020-r6-spa,gustavo-menezes,2,gold,true
wec-2019-2020-r6-spa-1,wec-2019-2020-r6-spa,norman-nato,3,gold,true
wec-2019-2020-r6-spa-22,wec-2019-2020-r6-spa,philip-hanson,1,silver,true
wec-2019-2020-r6-spa-22,wec-2019-2020-r6-spa,filipe-albuquerque,2,platinum,true
wec-2019-2020-r6-spa-22,wec-2019-2020-r6-spa,paul-di-resta,3,platinum,true
wec-2019-2020-r6-spa-42,wec-2019-2020-r6-spa,nicolas-lapierre,1,platinum,true
wec-2019-2020-r6-spa-42,wec-2019-2020-r6-spa,antonin-borga,2,silver,true
wec-2019-2020-r6-spa-42,wec-2019-2020-r6-spa,alexandre-coigny,3,bronze,true
wec-2019-2020-r6-spa-29,wec-2019-2020-r6-spa,frits-van-eerd,1,bronze,true
wec-2019-2020-r6-spa-29,wec-2019-2020-r6-spa,giedo-van-der-garde,2,platinum,true
wec-2019-2020-r6-spa-29,wec-2019-2020-r6-spa,job-van-uitert,3,silver,true
wec-2019-2020-r6-spa-38,wec-2019-2020-r6-spa,roberto-gonzalez,1,silver,true
wec-2019-2020-r6-spa-38,wec-2019-2020-r6-spa,antonio-felix-da-costa,2,platinum,true
wec-2019-2020-r6-spa-38,wec-2019-2020-r6-spa,anthony-davidson,3,platinum,true
wec-2019-2020-r6-spa-47,wec-2019-2020-r6-spa,roberto-lacorte,1,bronze,true
wec-2019-2020-r6-spa-47,wec-2019-2020-r6-spa,andrea-belicchi,2,gold,true
wec-2019-2020-r6-spa-47,wec-2019-2020-r6-spa,giorgio-sernagiotto,3,silver,true
wec-2019-2020-r6-spa-92,wec-2019-2020-r6-spa,michael-christensen,1,platinum,true
wec-2019-2020-r6-spa-92,wec-2019-2020-r6-spa,kevin-estre,2,platinum,true
wec-2019-2020-r6-spa-95,wec-2019-2020-r6-spa,marco-sorensen,1,platinum,true
wec-2019-2020-r6-spa-95,wec-2019-2020-r6-spa,nicki-thiim,2,platinum,true
wec-2019-2020-r6-spa-97,wec-2019-2020-r6-spa,alexander-lynn,1,platinum,true
wec-2019-2020-r6-spa-97,wec-2019-2020-r6-spa,maxime-martin,2,platinum,true
wec-2019-2020-r6-spa-51,wec-2019-2020-r6-spa,james-calado,1,platinum,true
wec-2019-2020-r6-spa-51,wec-2019-2020-r6-spa,alessandro-pier-guidi,2,platinum,true
wec-2019-2020-r6-spa-91,wec-2019-2020-r6-spa,gianmaria-bruni,1,platinum,true
wec-2019-2020-r6-spa-91,wec-2019-2020-r6-spa,richard-lietz,2,platinum,true
wec-2019-2020-r6-spa-71,wec-2019-2020-r6-spa,davide-rigon,1,platinum,true
wec-2019-2020-r6-spa-71,wec-2019-2020-r6-spa,miguel-molina,2,platinum,true
wec-2019-2020-r6-spa-83,wec-2019-2020-r6-spa,francois-perrodo,1,bronze,true
wec-2019-2020-r6-spa-83,wec-2019-2020-r6-spa,emmanuel-collard,2,gold,true
wec-2019-2020-r6-spa-83,wec-2019-2020-r6-spa,nicklas-nielsen,3,silver,true
wec-2019-2020-r6-spa-77,wec-2019-2020-r6-spa,christian-ried,1,bronze,true
wec-2019-2020-r6-spa-77,wec-2019-2020-r6-spa,riccardo-pera,2,silver,true
wec-2019-2020-r6-spa-77,wec-2019-2020-r6-spa,matt-campbell,3,gold,true
wec-2019-2020-r6-spa-90,wec-2019-2020-r6-spa,salih-yoluc,1,bronze,true
wec-2019-2020-r6-spa-90,wec-2019-2020-r6-spa,charles-eastwood,2,silver,true
wec-2019-2020-r6-spa-90,wec-2019-2020-r6-spa,jonathan-adam,3,platinum,true
wec-2019-2020-r6-spa-56,wec-2019-2020-r6-spa,egidio-perfetti,1,bronze,true
wec-2019-2020-r6-spa-56,wec-2019-2020-r6-spa,laurents-horr,2,silver,true
wec-2019-2020-r6-spa-56,wec-2019-2020-r6-spa,matteo-cairoli,3,gold,true
wec-2019-2020-r6-spa-88,wec-2019-2020-r6-spa,gian-luca-giraudi,1,bronze,true
wec-2019-2020-r6-spa-88,wec-2019-2020-r6-spa,ricardo-sanchez,2,silver,true
wec-2019-2020-r6-spa-88,wec-2019-2020-r6-spa,lucas-legeret,3,silver,true
wec-2019-2020-r6-spa-57,wec-2019-2020-r6-spa,ben-keating,1,bronze,true
wec-2019-2020-r6-spa-57,wec-2019-2020-r6-spa,felipe-fraga,2,silver,true
wec-2019-2020-r6-spa-57,wec-2019-2020-r6-spa,jeroen-bleekemolen,3,gold,true
wec-2019-2020-r6-spa-54,wec-2019-2020-r6-spa,thomas-flohr,1,bronze,true
wec-2019-2020-r6-spa-54,wec-2019-2020-r6-spa,francesco-castellacci,2,silver,true
wec-2019-2020-r6-spa-54,wec-2019-2020-r6-spa,giancarlo-fisichella,3,platinum,true
wec-2019-2020-r6-spa-62,wec-2019-2020-r6-spa,bonamy-grimes,1,bronze,true
wec-2019-2020-r6-spa-62,wec-2019-2020-r6-spa,johnny-mowlem,2,gold,true
wec-2019-2020-r6-spa-62,wec-2019-2020-r6-spa,charles-hollings,3,silver,true
wec-2019-2020-r6-spa-37,wec-2019-2020-r6-spa,ho-pin-tung,1,gold,true
wec-2019-2020-r6-spa-37,wec-2019-2020-r6-spa,ryan-cullen,2,silver,true
wec-2019-2020-r6-spa-37,wec-2019-2020-r6-spa,will-stevens,3,platinum,true
wec-2019-2020-r6-spa-33,wec-2019-2020-r6-spa,mark-patterson,1,bronze,true
wec-2019-2020-r6-spa-33,wec-2019-2020-r6-spa,kenta-yamashita,2,gold,true
wec-2019-2020-r6-spa-33,wec-2019-2020-r6-spa,anders-fjordbach,3,silver,true
wec-2019-2020-r6-spa-98,wec-2019-2020-r6-spa,paul-dalla-lana,1,bronze,true
wec-2019-2020-r6-spa-98,wec-2019-2020-r6-spa,augusto-farfus,2,platinum,true
wec-2019-2020-r6-spa-98,wec-2019-2020-r6-spa,ross-gunn,3,silver,true
wec-2019-2020-r6-spa-86,wec-2019-2020-r6-spa,michael-wainwright,1,bronze,true
wec-2019-2020-r6-spa-86,wec-2019-2020-r6-spa,andrew-watson,2,silver,true
wec-2019-2020-r6-spa-86,wec-2019-2020-r6-spa,benjamin-barker,3,gold,true
wec-2019-2020-r6-spa-4,wec-2019-2020-r6-spa,tom-dillmann,1,gold,true
wec-2019-2020-r6-spa-4,wec-2019-2020-r6-spa,bruno-spengler,2,platinum,true
wec-2019-2020-r6-spa-4,wec-2019-2020-r6-spa,oliver-webb,3,gold,true
wec-2019-2020-r6-spa-35,wec-2019-2020-r6-spa,nobuya-yamanaka,1,bronze,true
wec-2019-2020-r6-spa-35,wec-2019-2020-r6-spa,nicholas-foster,2,gold,true
wec-2019-2020-r6-spa-35,wec-2019-2020-r6-spa,roberto-merhi,3,platinum,true
wec-2019-2020-r6-spa-36,wec-2019-2020-r6-spa,thomas-laurent,1,gold,true
wec-2019-2020-r6-spa-36,wec-2019-2020-r6-spa,andre-negrao,2,gold,true
wec-2019-2020-r6-spa-36,wec-2019-2020-r6-spa,pierre-ragues,3,silver,true
wec-2019-2020-r7-le-mans-8,wec-2019-2020-r7-le-mans,sebastien-buemi,1,platinum,true
wec-2019-2020-r7-le-mans-8,wec-2019-2020-r7-le-mans,kazuki-nakajima,2,platinum,true
wec-2019-2020-r7-le-mans-8,wec-2019-2020-r7-le-mans,brendon-hartley,3,platinum,true
wec-2019-2020-r7-le-mans-1,wec-2019-2020-r7-le-mans,bruno-senna,1,platinum,true
wec-2019-2020-r7-le-mans-1,wec-2019-2020-r7-le-mans,norman-nato,2,gold,true
wec-2019-2020-r7-le-mans-1,wec-2019-2020-r7-le-mans,gustavo-menezes,3,gold,true
wec-2019-2020-r7-le-mans-7,wec-2019-2020-r7-le-mans,mike-conway,1,platinum,true
wec-2019-2020-r7-le-mans-7,wec-2019-2020-r7-le-mans,kamui-kobayashi,2,platinum,true
wec-2019-2020-r7-le-mans-7,wec-2019-2020-r7-le-mans,jose-maria-lopez,3,platinum,true
wec-2019-2020-r7-le-mans-3,wec-2019-2020-r7-le-mans,romain-dumas,1,platinum,true
wec-2019-2020-r7-le-mans-3,wec-2019-2020-r7-le-mans,nathanael-berthon,2,gold,true
wec-2019-2020-r7-le-mans-3,wec-2019-2020-r7-le-mans,louis-deletraz,3,gold,true
wec-2019-2020-r7-le-mans-22,wec-2019-2020-r7-le-mans,philip-hanson,1,silver,true
wec-2019-2020-r7-le-mans-22,wec-2019-2020-r7-le-mans,filipe-albuquerque,2,platinum,true
wec-2019-2020-r7-le-mans-22,wec-2019-2020-r7-le-mans,paul-di-resta,3,platinum,true
wec-2019-2020-r7-le-mans-38,wec-2019-2020-r7-le-mans,anthony-davidson,1,platinum,true
wec-2019-2020-r7-le-mans-38,wec-2019-2020-r7-le-mans,antonio-felix-da-costa,2,platinum,true
wec-2019-2020-r7-le-mans-38,wec-2019-2020-r7-le-mans,roberto-gonzalez,3,silver,true
wec-2019-2020-r7-le-mans-31,wec-2019-2020-r7-le-mans,nicolas-jamin,1,gold,true
wec-2019-2020-r7-le-mans-31,wec-2019-2020-r7-le-mans,julien-canal,2,silver,true
wec-2019-2020-r7-le-mans-31,wec-2019-2020-r7-le-mans,matthieu-vaxiviere,3,gold,true
wec-2019-2020-r7-le-mans-36,wec-2019-2020-r7-le-mans,andre-negrao,1,gold,true
wec-2019-2020-r7-le-mans-36,wec-2019-2020-r7-le-mans,pierre-ragues,2,silver,true
wec-2019-2020-r7-le-mans-36,wec-2019-2020-r7-le-mans,thomas-laurent,3,gold,true
wec-2019-2020-r7-le-mans-26,wec-2019-2020-r7-le-mans,roman-rusinov,1,gold,true
wec-2019-2020-r7-le-mans-26,wec-2019-2020-r7-le-mans,jean-eric-vergne,2,platinum,true
wec-2019-2020-r7-le-mans-26,wec-2019-2020-r7-le-mans,mikkel-jensen,3,silver,true
wec-2019-2020-r7-le-mans-28,wec-2019-2020-r7-le-mans,paul-lafargue,1,silver,true
wec-2019-2020-r7-le-mans-28,wec-2019-2020-r7-le-mans,paul-loup-chatin,2,gold,true
wec-2019-2020-r7-le-mans-28,wec-2019-2020-r7-le-mans,richard-bradley,3,gold,true
wec-2019-2020-r7-le-mans-25,wec-2019-2020-r7-le-mans,john-falb,1,bronze,true
wec-2019-2020-r7-le-mans-25,wec-2019-2020-r7-le-mans,simon-trummer,2,gold,true
wec-2019-2020-r7-le-mans-25,wec-2019-2020-r7-le-mans,matthew-mcmurry,3,silver,true
wec-2019-2020-r7-le-mans-42,wec-2019-2020-r7-le-mans,nicolas-lapierre,1,platinum,true
wec-2019-2020-r7-le-mans-42,wec-2019-2020-r7-le-mans,antonin-borga,2,silver,true
wec-2019-2020-r7-le-mans-42,wec-2019-2020-r7-le-mans,alexandre-coigny,3,bronze,true
wec-2019-2020-r7-le-mans-50,wec-2019-2020-r7-le-mans,tatiana-calderon,1,silver,true
wec-2019-2020-r7-le-mans-50,wec-2019-2020-r7-le-mans,sophia-florsch,2,silver,true
wec-2019-2020-r7-le-mans-50,wec-2019-2020-r7-le-mans,beitske-visser,3,silver,true
wec-2019-2020-r7-le-mans-47,wec-2019-2020-r7-le-mans,roberto-lacorte,1,bronze,true
wec-2019-2020-r7-le-mans-47,wec-2019-2020-r7-le-mans,andrea-belicchi,2,gold,true
wec-2019-2020-r7-le-mans-47,wec-2019-2020-r7-le-mans,giorgio-sernagiotto,3,silver,true
wec-2019-2020-r7-le-mans-17,wec-2019-2020-r7-le-mans,patrick-pilet,1,platinum,true
wec-2019-2020-r7-le-mans-17,wec-2019-2020-r7-le-mans,kyle-tilley,2,silver,true
wec-2019-2020-r7-le-mans-17,wec-2019-2020-r7-le-mans,jonathan-kennard,3,silver,true
wec-2019-2020-r7-le-mans-27,wec-2019-2020-r7-le-mans,henrik-hedman,1,bronze,true
wec-2019-2020-r7-le-mans-27,wec-2019-2020-r7-le-mans,ben-hanley,2,gold,true
wec-2019-2020-r7-le-mans-27,wec-2019-2020-r7-le-mans,renger-van-der-zande,3,gold,true
wec-2019-2020-r7-le-mans-32,wec-2019-2020-r7-le-mans,will-owen,1,silver,true
wec-2019-2020-r7-le-mans-32,wec-2019-2020-r7-le-mans,alex-brundle,2,gold,true
wec-2019-2020-r7-le-mans-32,wec-2019-2020-r7-le-mans,job-van-uitert,3,gold,true
wec-2019-2020-r7-le-mans-35,wec-2019-2020-r7-le-mans,nobuya-yamanaka,1,bronze,true
wec-2019-2020-r7-le-mans-35,wec-2019-2020-r7-le-mans,nicholas-foster,2,gold,true
wec-2019-2020-r7-le-mans-35,wec-2019-2020-r7-le-mans,roberto-merhi,3,platinum,true
wec-2019-2020-r7-le-mans-29,wec-2019-2020-r7-le-mans,frits-van-eerd,1,bronze,true
wec-2019-2020-r7-le-mans-29,wec-2019-2020-r7-le-mans,giedo-van-der-garde,2,platinum,true
wec-2019-2020-r7-le-mans-29,wec-2019-2020-r7-le-mans,nyck-de-vries,3,gold,true
wec-2019-2020-r7-le-mans-97,wec-2019-2020-r7-le-mans,maxime-martin,1,platinum,true
wec-2019-2020-r7-le-mans-97,wec-2019-2020-r7-le-mans,alexander-lynn,2,platinum,true
wec-2019-2020-r7-le-mans-97,wec-2019-2020-r7-le-mans,harry-tincknell,3,platinum,true
wec-2019-2020-r7-le-mans-51,wec-2019-2020-r7-le-mans,alessandro-pier-guidi,1,platinum,true
wec-2019-2020-r7-le-mans-51,wec-2019-2020-r7-le-mans,james-calado,2,platinum,true
wec-2019-2020-r7-le-mans-51,wec-2019-2020-r7-le-mans,daniel-serra,3,gold,true
wec-2019-2020-r7-le-mans-95,wec-2019-2020-r7-le-mans,nicki-thiim,1,platinum,true
wec-2019-2020-r7-le-mans-95,wec-2019-2020-r7-le-mans,marco-sorensen,2,platinum,true
wec-2019-2020-r7-le-mans-95,wec-2019-2020-r7-le-mans,richard-westbrook,3,platinum,true
wec-2019-2020-r7-le-mans-82,wec-2019-2020-r7-le-mans,olivier-pla,1,platinum,true
wec-2019-2020-r7-le-mans-82,wec-2019-2020-r7-le-mans,sebastien-bourdais,2,platinum,true
wec-2019-2020-r7-le-mans-82,wec-2019-2020-r7-le-mans,jules-gounon,3,gold,true
wec-2019-2020-r7-le-mans-90,wec-2019-2020-r7-le-mans,salih-yoluc,1,bronze,true
wec-2019-2020-r7-le-mans-90,wec-2019-2020-r7-le-mans,charles-eastwood,2,silver,true
wec-2019-2020-r7-le-mans-90,wec-2019-2020-r7-le-mans,jonathan-adam,3,platinum,true
wec-2019-2020-r7-le-mans-77,wec-2019-2020-r7-le-mans,christian-ried,1,bronze,true
wec-2019-2020-r7-le-mans-77,wec-2019-2020-r7-le-mans,riccardo-pera,2,silver,true
wec-2019-2020-r7-le-mans-77,wec-2019-2020-r7-le-mans,matt-campbell,3,gold,true
wec-2019-2020-r7-le-mans-83,wec-2019-2020-r7-le-mans,francois-perrodo,1,bronze,true
wec-2019-2020-r7-le-mans-83,wec-2019-2020-r7-le-mans,emmanuel-collard,2,gold,true
wec-2019-2020-r7-le-mans-83,wec-2019-2020-r7-le-mans,nicklas-nielsen,3,silver,true
wec-2019-2020-r7-le-mans-56,wec-2019-2020-r7-le-mans,egidio-perfetti,1,bronze,true
wec-2019-2020-r7-le-mans-56,wec-2019-2020-r7-le-mans,larry-ten-voorde,2,silver,true
wec-2019-2020-r7-le-mans-56,wec-2019-2020-r7-le-mans,matteo-cairoli,3,gold,true
wec-2019-2020-r7-le-mans-24,wec-2019-2020-r7-le-mans,garett-grist,1,silver,true
wec-2019-2020-r7-le-mans-24,wec-2019-2020-r7-le-mans,alex-kapadia,2,silver,true
wec-2019-2020-r7-le-mans-24,wec-2019-2020-r7-le-mans,anthony-wells,3,bronze,true
wec-2019-2020-r7-le-mans-86,wec-2019-2020-r7-le-mans,michael-wainwright,1,bronze,true
wec-2019-2020-r7-le-mans-86,wec-2019-2020-r7-le-mans,benjamin-barker,2,gold,true
wec-2019-2020-r7-le-mans-86,wec-2019-2020-r7-le-mans,andrew-watson,3,silver,true
wec-2019-2020-r7-le-mans-66,wec-2019-2020-r7-le-mans,richard-heistand,1,bronze,true
wec-2019-2020-r7-le-mans-66,wec-2019-2020-r7-le-mans,maxwell-root,2,silver,true
wec-2019-2020-r7-le-mans-66,wec-2019-2020-r7-le-mans,jan-magnussen,3,platinum,true
wec-2019-2020-r7-le-mans-91,wec-2019-2020-r7-le-mans,gianmaria-bruni,1,platinum,true
wec-2019-2020-r7-le-mans-91,wec-2019-2020-r7-le-mans,richard-lietz,2,platinum,true
wec-2019-2020-r7-le-mans-91,wec-2019-2020-r7-le-mans,frederic-makowiecki,3,platinum,true
wec-2019-2020-r7-le-mans-61,wec-2019-2020-r7-le-mans,francesco-piovanetti,1,bronze,true
wec-2019-2020-r7-le-mans-61,wec-2019-2020-r7-le-mans,oswaldo-negri-jr,2,bronze,true
wec-2019-2020-r7-le-mans-61,wec-2019-2020-r7-le-mans,come-ledogar,3,platinum,true
wec-2019-2020-r7-le-mans-98,wec-2019-2020-r7-le-mans,paul-dalla-lana,1,bronze,true
wec-2019-2020-r7-le-mans-98,wec-2019-2020-r7-le-mans,ross-gunn,2,silver,true
wec-2019-2020-r7-le-mans-98,wec-2019-2020-r7-le-mans,augusto-farfus,3,platinum,true
wec-2019-2020-r7-le-mans-85,wec-2019-2020-r7-le-mans,manuela-gostner,1,bronze,true
wec-2019-2020-r7-le-mans-85,wec-2019-2020-r7-le-mans,rahel-frey,2,silver,true
wec-2019-2020-r7-le-mans-85,wec-2019-2020-r7-le-mans,michelle-gatting,3,silver,true
wec-2019-2020-r7-le-mans-92,wec-2019-2020-r7-le-mans,michael-christensen,1,platinum,true
wec-2019-2020-r7-le-mans-92,wec-2019-2020-r7-le-mans,kevin-estre,2,platinum,true
wec-2019-2020-r7-le-mans-92,wec-2019-2020-r7-le-mans,laurens-vanthoor,3,platinum,true
wec-2019-2020-r7-le-mans-99,wec-2019-2020-r7-le-mans,vutthikorn-inthraphuvasak,1,bronze,true
wec-2019-2020-r7-le-mans-99,wec-2019-2020-r7-le-mans,lucas-legeret,2,silver,true
wec-2019-2020-r7-le-mans-99,wec-2019-2020-r7-le-mans,julien-andlauer,3,gold,true
wec-2019-2020-r7-le-mans-60,wec-2019-2020-r7-le-mans,claudio-schiavoni,1,bronze,true
wec-2019-2020-r7-le-mans-60,wec-2019-2020-r7-le-mans,sergio-pianezzola,2,silver,true
wec-2019-2020-r7-le-mans-60,wec-2019-2020-r7-le-mans,paolo-ruberti,3,gold,true
wec-2019-2020-r7-le-mans-78,wec-2019-2020-r7-le-mans,horst-jr-felbermayr,1,bronze,true
wec-2019-2020-r7-le-mans-78,wec-2019-2020-r7-le-mans,michele-beretta,2,silver,true
wec-2019-2020-r7-le-mans-78,wec-2019-2020-r7-le-mans,max-van-splunteren,3,silver,true
wec-2019-2020-r7-le-mans-54,wec-2019-2020-r7-le-mans,thomas-flohr,1,bronze,true
wec-2019-2020-r7-le-mans-54,wec-2019-2020-r7-le-mans,francesco-castellacci,2,silver,true
wec-2019-2020-r7-le-mans-54,wec-2019-2020-r7-le-mans,giancarlo-fisichella,3,platinum,true
wec-2019-2020-r7-le-mans-57,wec-2019-2020-r7-le-mans,ben-keating,1,bronze,true
wec-2019-2020-r7-le-mans-57,wec-2019-2020-r7-le-mans,felipe-fraga,2,silver,true
wec-2019-2020-r7-le-mans-57,wec-2019-2020-r7-le-mans,jeroen-bleekemolen,3,gold,true
wec-2019-2020-r7-le-mans-62,wec-2019-2020-r7-le-mans,bonamy-grimes,1,bronze,true
wec-2019-2020-r7-le-mans-62,wec-2019-2020-r7-le-mans,johnny-mowlem,2,gold,true
wec-2019-2020-r7-le-mans-62,wec-2019-2020-r7-le-mans,charles-hollings,3,silver,true
wec-2019-2020-r7-le-mans-34,wec-2019-2020-r7-le-mans,jakub-smiechowski,1,silver,true
wec-2019-2020-r7-le-mans-34,wec-2019-2020-r7-le-mans,rene-binder,2,silver,true
wec-2019-2020-r7-le-mans-34,wec-2019-2020-r7-le-mans,matevos-isaakyan,3,gold,true
wec-2019-2020-r7-le-mans-89,wec-2019-2020-r7-le-mans,steve-brooks,1,bronze,true
wec-2019-2020-r7-le-mans-89,wec-2019-2020-r7-le-mans,julien-piguet,2,silver,true
wec-2019-2020-r7-le-mans-89,wec-2019-2020-r7-le-mans,andreas-laskaratos,3,bronze,true
wec-2019-2020-r7-le-mans-39,wec-2019-2020-r7-le-mans,james-allen,1,gold,true
wec-2019-2020-r7-le-mans-39,wec-2019-2020-r7-le-mans,vincent-capillaire,2,silver,true
wec-2019-2020-r7-le-mans-39,wec-2019-2020-r7-le-mans,charles-milesi,3,silver,true
wec-2019-2020-r7-le-mans-71,wec-2019-2020-r7-le-mans,davide-rigon,1,platinum,true
wec-2019-2020-r7-le-mans-71,wec-2019-2020-r7-le-mans,miguel-molina,2,platinum,true
wec-2019-2020-r7-le-mans-71,wec-2019-2020-r7-le-mans,sam-bird,3,platinum,true
wec-2019-2020-r7-le-mans-72,wec-2019-2020-r7-le-mans,morris-chen,1,bronze,true
wec-2019-2020-r7-le-mans-72,wec-2019-2020-r7-le-mans,tom-blomqvist,2,platinum,true
wec-2019-2020-r7-le-mans-72,wec-2019-2020-r7-le-mans,marcos-gomes,3,silver,true
wec-2019-2020-r7-le-mans-88,wec-2019-2020-r7-le-mans,thomas-preining,1,gold,true
wec-2019-2020-r7-le-mans-88,wec-2019-2020-r7-le-mans,dominique-bastien,2,bronze,true
wec-2019-2020-r7-le-mans-88,wec-2019-2020-r7-le-mans,adrien-de-leener,3,silver,true
wec-2019-2020-r7-le-mans-75,wec-2019-2020-r7-le-mans,rino-mastronardi,1,bronze,true
wec-2019-2020-r7-le-mans-75,wec-2019-2020-r7-le-mans,matteo-cressoni,2,silver,true
wec-2019-2020-r7-le-mans-75,wec-2019-2020-r7-le-mans,andrea-piccini,3,gold,true
wec-2019-2020-r7-le-mans-21,wec-2019-2020-r7-le-mans,juan-pablo-montoya,1,platinum,true
wec-2019-2020-r7-le-mans-21,wec-2019-2020-r7-le-mans,timothe-buret,2,silver,true
wec-2019-2020-r7-le-mans-21,wec-2019-2020-r7-le-mans,memo-rojas,3,gold,true
wec-2019-2020-r7-le-mans-63,wec-2019-2020-r7-le-mans,cooper-macneil,1,silver,true
wec-2019-2020-r7-le-mans-63,wec-2019-2020-r7-le-mans,toni-vilander,2,platinum,true
wec-2019-2020-r7-le-mans-63,wec-2019-2020-r7-le-mans,jeffrey-segal,3,gold,true
wec-2019-2020-r7-le-mans-70,wec-2019-2020-r7-le-mans,takeshi-kimura,1,bronze,true
wec-2019-2020-r7-le-mans-70,wec-2019-2020-r7-le-mans,vincent-abril,2,gold,true
wec-2019-2020-r7-le-mans-70,wec-2019-2020-r7-le-mans,kei-cozzolino,3,silver,true
wec-2019-2020-r7-le-mans-16,wec-2019-2020-r7-le-mans,ryan-cullen,1,silver,true
wec-2019-2020-r7-le-mans-16,wec-2019-2020-r7-le-mans,oliver-jarvis,2,platinum,true
wec-2019-2020-r7-le-mans-16,wec-2019-2020-r7-le-mans,nicholas-tandy,3,platinum,true
wec-2019-2020-r7-le-mans-30,wec-2019-2020-r7-le-mans,jonathan-hirschi,1,gold,true
wec-2019-2020-r7-le-mans-30,wec-2019-2020-r7-le-mans,konstantin-tereschenko,2,silver,true
wec-2019-2020-r7-le-mans-30,wec-2019-2020-r7-le-mans,tristan-gommendy,3,platinum,true
wec-2019-2020-r7-le-mans-4,wec-2019-2020-r7-le-mans,tom-dillmann,1,gold,true
wec-2019-2020-r7-le-mans-4,wec-2019-2020-r7-le-mans,bruno-spengler,2,platinum,true
wec-2019-2020-r7-le-mans-4,wec-2019-2020-r7-le-mans,oliver-webb,3,gold,true
wec-2019-2020-r7-le-mans-33,wec-2019-2020-r7-le-mans,kenta-yamashita,1,platinum,true
wec-2019-2020-r7-le-mans-33,wec-2019-2020-r7-le-mans,mark-patterson,2,bronze,true
wec-2019-2020-r7-le-mans-33,wec-2019-2020-r7-le-mans,anders-fjordbach,3,silver,true
wec-2019-2020-r7-le-mans-52,wec-2019-2020-r7-le-mans,christoph-ulrich,1,bronze,true
wec-2019-2020-r7-le-mans-52,wec-2019-2020-r7-le-mans,steffen-gorig,2,bronze,true
wec-2019-2020-r7-le-mans-52,wec-2019-2020-r7-le-mans,alexander-west,3,bronze,true
wec-2019-2020-r7-le-mans-55,wec-2019-2020-r7-le-mans,duncan-cameron,1,bronze,true
wec-2019-2020-r7-le-mans-55,wec-2019-2020-r7-le-mans,aaron-scott,2,silver,true
wec-2019-2020-r7-le-mans-55,wec-2019-2020-r7-le-mans,matthew-griffin,3,gold,true
wec-2019-2020-r7-le-mans-11,wec-2019-2020-r7-le-mans,adrien-tambay,1,gold,true
wec-2019-2020-r7-le-mans-11,wec-2019-2020-r7-le-mans,erik-maris,2,bronze,true
wec-2019-2020-r7-le-mans-11,wec-2019-2020-r7-le-mans,christophe-d-ansembourg,3,bronze,true
wec-2019-2020-r7-le-mans-37,wec-2019-2020-r7-le-mans,ho-pin-tung,1,gold,true
wec-2019-2020-r7-le-mans-37,wec-2019-2020-r7-le-mans,gabriel-aubry,2,silver,true
wec-2019-2020-r7-le-mans-37,wec-2019-2020-r7-le-mans,will-stevens,3,platinum,true
wec-2019-2020-r8-bahrain-7,wec-2019-2020-r8-bahrain,mike-conway,1,platinum,true
wec-2019-2020-r8-bahrain-7,wec-2019-2020-r8-bahrain,kamui-kobayashi,2,platinum,true
wec-2019-2020-r8-bahrain-7,wec-2019-2020-r8-bahrain,jose-maria-lopez,3,platinum,true
wec-2019-2020-r8-bahrain-8,wec-2019-2020-r8-bahrain,sebastien-buemi,1,platinum,true
wec-2019-2020-r8-bahrain-8,wec-2019-2020-r8-bahrain,kazuki-nakajima,2,platinum,true
wec-2019-2020-r8-bahrain-8,wec-2019-2020-r8-bahrain,brendon-hartley,3,platinum,true
wec-2019-2020-r8-bahrain-37,wec-2019-2020-r8-bahrain,ho-pin-tung,1,gold,true
wec-2019-2020-r8-bahrain-37,wec-2019-2020-r8-bahrain,gabriel-aubry,2,silver,true
wec-2019-2020-r8-bahrain-37,wec-2019-2020-r8-bahrain,will-stevens,3,platinum,true
wec-2019-2020-r8-bahrain-38,wec-2019-2020-r8-bahrain,roberto-gonzalez,1,silver,true
wec-2019-2020-r8-bahrain-38,wec-2019-2020-r8-bahrain,antonio-felix-da-costa,2,platinum,true
wec-2019-2020-r8-bahrain-38,wec-2019-2020-r8-bahrain,anthony-davidson,3,platinum,true
wec-2019-2020-r8-bahrain-29,wec-2019-2020-r8-bahrain,frits-van-eerd,1,bronze,true
wec-2019-2020-r8-bahrain-29,wec-2019-2020-r8-bahrain,giedo-van-der-garde,2,platinum,true
wec-2019-2020-r8-bahrain-29,wec-2019-2020-r8-bahrain,nyck-de-vries,3,gold,true
wec-2019-2020-r8-bahrain-22,wec-2019-2020-r8-bahrain,philip-hanson,1,silver,true
wec-2019-2020-r8-bahrain-22,wec-2019-2020-r8-bahrain,filipe-albuquerque,2,platinum,true
wec-2019-2020-r8-bahrain-22,wec-2019-2020-r8-bahrain,paul-di-resta,3,platinum,true
wec-2019-2020-r8-bahrain-36,wec-2019-2020-r8-bahrain,thomas-laurent,1,gold,true
wec-2019-2020-r8-bahrain-36,wec-2019-2020-r8-bahrain,andre-negrao,2,gold,true
wec-2019-2020-r8-bahrain-36,wec-2019-2020-r8-bahrain,pierre-ragues,3,silver,true
wec-2019-2020-r8-bahrain-92,wec-2019-2020-r8-bahrain,michael-christensen,1,platinum,true
wec-2019-2020-r8-bahrain-92,wec-2019-2020-r8-bahrain,kevin-estre,2,platinum,true
wec-2019-2020-r8-bahrain-91,wec-2019-2020-r8-bahrain,gianmaria-bruni,1,platinum,true
wec-2019-2020-r8-bahrain-91,wec-2019-2020-r8-bahrain,richard-lietz,2,platinum,true
wec-2019-2020-r8-bahrain-71,wec-2019-2020-r8-bahrain,davide-rigon,1,platinum,true
wec-2019-2020-r8-bahrain-71,wec-2019-2020-r8-bahrain,miguel-molina,2,platinum,true
wec-2019-2020-r8-bahrain-97,wec-2019-2020-r8-bahrain,richard-westbrook,1,platinum,true
wec-2019-2020-r8-bahrain-97,wec-2019-2020-r8-bahrain,maxime-martin,2,platinum,true
wec-2019-2020-r8-bahrain-95,wec-2019-2020-r8-bahrain,marco-sorensen,1,platinum,true
wec-2019-2020-r8-bahrain-95,wec-2019-2020-r8-bahrain,nicki-thiim,2,platinum,true
wec-2019-2020-r8-bahrain-56,wec-2019-2020-r8-bahrain,egidio-perfetti,1,bronze,true
wec-2019-2020-r8-bahrain-56,wec-2019-2020-r8-bahrain,larry-ten-voorde,2,silver,true
wec-2019-2020-r8-bahrain-56,wec-2019-2020-r8-bahrain,jorg-bergmeister,3,platinum,true
wec-2019-2020-r8-bahrain-83,wec-2019-2020-r8-bahrain,francois-perrodo,1,bronze,true
wec-2019-2020-r8-bahrain-83,wec-2019-2020-r8-bahrain,emmanuel-collard,2,gold,true
wec-2019-2020-r8-bahrain-83,wec-2019-2020-r8-bahrain,nicklas-nielsen,3,silver,true
wec-2019-2020-r8-bahrain-88,wec-2019-2020-r8-bahrain,khaled-al-qubaisi,1,bronze,true
wec-2019-2020-r8-bahrain-88,wec-2019-2020-r8-bahrain,jaxon-evans,2,silver,true
wec-2019-2020-r8-bahrain-88,wec-2019-2020-r8-bahrain,marco-holzer,3,gold,true
wec-2019-2020-r8-bahrain-54,wec-2019-2020-r8-bahrain,thomas-flohr,1,bronze,true
wec-2019-2020-r8-bahrain-54,wec-2019-2020-r8-bahrain,francesco-castellacci,2,silver,true
wec-2019-2020-r8-bahrain-54,wec-2019-2020-r8-bahrain,giancarlo-fisichella,3,platinum,true
wec-2019-2020-r8-bahrain-86,wec-2019-2020-r8-bahrain,michael-wainwright,1,bronze,true
wec-2019-2020-r8-bahrain-86,wec-2019-2020-r8-bahrain,alessio-picariello,2,silver,true
wec-2019-2020-r8-bahrain-86,wec-2019-2020-r8-bahrain,benjamin-barker,3,gold,true
wec-2019-2020-r8-bahrain-57,wec-2019-2020-r8-bahrain,ben-keating,1,bronze,true
wec-2019-2020-r8-bahrain-57,wec-2019-2020-r8-bahrain,dylan-pereira,2,silver,true
wec-2019-2020-r8-bahrain-57,wec-2019-2020-r8-bahrain,jeroen-bleekemolen,3,gold,true
wec-2019-2020-r8-bahrain-51,wec-2019-2020-r8-bahrain,james-calado,1,platinum,true
wec-2019-2020-r8-bahrain-51,wec-2019-2020-r8-bahrain,daniel-serra,2,gold,true
wec-2019-2020-r8-bahrain-77,wec-2019-2020-r8-bahrain,christian-ried,1,bronze,true
wec-2019-2020-r8-bahrain-77,wec-2019-2020-r8-bahrain,riccardo-pera,2,silver,true
wec-2019-2020-r8-bahrain-77,wec-2019-2020-r8-bahrain,dennis-olsen,3,gold,true
wec-2019-2020-r8-bahrain-90,wec-2019-2020-r8-bahrain,salih-yoluc,1,bronze,true
wec-2019-2020-r8-bahrain-90,wec-2019-2020-r8-bahrain,charles-eastwood,2,silver,true
wec-2019-2020-r8-bahrain-90,wec-2019-2020-r8-bahrain,jonathan-adam,3,platinum,true
wec-2019-2020-r8-bahrain-98,wec-2019-2020-r8-bahrain,paul-dalla-lana,1,bronze,true
wec-2019-2020-r8-bahrain-98,wec-2019-2020-r8-bahrain,pedro-lamy,2,platinum,true
wec-2019-2020-r8-bahrain-98,wec-2019-2020-r8-bahrain,ross-gunn,3,silver,true
wec-2019-2020-r8-bahrain-62,wec-2019-2020-r8-bahrain,bonamy-grimes,1,bronze,true
wec-2019-2020-r8-bahrain-62,wec-2019-2020-r8-bahrain,kei-cozzolino,2,silver,true
wec-2019-2020-r8-bahrain-62,wec-2019-2020-r8-bahrain,colin-noble,3,silver,true
wec-2019-2020-r8-bahrain-47,wec-2019-2020-r8-bahrain,roberto-lacorte,1,bronze,true
wec-2019-2020-r8-bahrain-47,wec-2019-2020-r8-bahrain,andrea-belicchi,2,gold,true
wec-2019-2020-r8-bahrain-47,wec-2019-2020-r8-bahrain,giorgio-sernagiotto,3,silver,true
wec-2021-r1-spa-8,wec-2021-r1-spa,sebastien-buemi,1,platinum,true
wec-2021-r1-spa-8,wec-2021-r1-spa,kazuki-nakajima,2,platinum,true
wec-2021-r1-spa-8,wec-2021-r1-spa,brendon-hartley,3,platinum,true
wec-2021-r1-spa-36,wec-2021-r1-spa,andre-negrao,1,gold,true
wec-2021-r1-spa-36,wec-2021-r1-spa,nicolas-lapierre,2,platinum,true
wec-2021-r1-spa-36,wec-2021-r1-spa,matthieu-vaxiviere,3,gold,true
wec-2021-r1-spa-7,wec-2021-r1-spa,mike-conway,1,platinum,true
wec-2021-r1-spa-7,wec-2021-r1-spa,kamui-kobayashi,2,platinum,true
wec-2021-r1-spa-7,wec-2021-r1-spa,jose-maria-lopez,3,platinum,true
wec-2021-r1-spa-22,wec-2021-r1-spa,philip-hanson,1,gold,true
wec-2021-r1-spa-22,wec-2021-r1-spa,fabio-scherer,2,silver,true
wec-2021-r1-spa-22,wec-2021-r1-spa,filipe-albuquerque,3,platinum,true
wec-2021-r1-spa-38,wec-2021-r1-spa,roberto-gonzalez,1,silver,true
wec-2021-r1-spa-38,wec-2021-r1-spa,antonio-felix-da-costa,2,platinum,true
wec-2021-r1-spa-38,wec-2021-r1-spa,anthony-davidson,3,platinum,true
wec-2021-r1-spa-28,wec-2021-r1-spa,sean-gelael,1,silver,true
wec-2021-r1-spa-28,wec-2021-r1-spa,stoffel-vandoorne,2,platinum,true
wec-2021-r1-spa-28,wec-2021-r1-spa,tom-blomqvist,3,platinum,true
wec-2021-r1-spa-29,wec-2021-r1-spa,frits-van-eerd,1,bronze,true
wec-2021-r1-spa-29,wec-2021-r1-spa,giedo-van-der-garde,2,platinum,true
wec-2021-r1-spa-29,wec-2021-r1-spa,job-van-uitert,3,gold,true
wec-2021-r1-spa-34,wec-2021-r1-spa,jakub-smiechowski,1,silver,true
wec-2021-r1-spa-34,wec-2021-r1-spa,renger-van-der-zande,2,gold,true
wec-2021-r1-spa-34,wec-2021-r1-spa,alex-brundle,3,gold,true
wec-2021-r1-spa-70,wec-2021-r1-spa,esteban-garcia,1,bronze,true
wec-2021-r1-spa-70,wec-2021-r1-spa,loic-duval,2,platinum,true
wec-2021-r1-spa-70,wec-2021-r1-spa,norman-nato,3,gold,true
wec-2021-r1-spa-21,wec-2021-r1-spa,henrik-hedman,1,bronze,true
wec-2021-r1-spa-21,wec-2021-r1-spa,juan-pablo-montoya,2,platinum,true
wec-2021-r1-spa-21,wec-2021-r1-spa,ben-hanley,3,gold,true
wec-2021-r1-spa-1,wec-2021-r1-spa,tatiana-calderon,1,silver,true
wec-2021-r1-spa-1,wec-2021-r1-spa,sophia-floersch,2,silver,true
wec-2021-r1-spa-1,wec-2021-r1-spa,beitske-visser,3,silver,true
wec-2021-r1-spa-20,wec-2021-r1-spa,jan-magnussen,1,platinum,true
wec-2021-r1-spa-20,wec-2021-r1-spa,anders-fjordbach,2,silver,true
wec-2021-r1-spa-20,wec-2021-r1-spa,dennis-andersen,3,bronze,true
wec-2021-r1-spa-25,wec-2021-r1-spa,john-falb,1,bronze,true
wec-2021-r1-spa-25,wec-2021-r1-spa,rui-andrade,2,silver,true
wec-2021-r1-spa-25,wec-2021-r1-spa,roberto-merhi,3,platinum,true
wec-2021-r1-spa-24,wec-2021-r1-spa,patrick-kelly,1,bronze,true
wec-2021-r1-spa-24,wec-2021-r1-spa,gabriel-aubry,2,gold,true
wec-2021-r1-spa-24,wec-2021-r1-spa,simon-trummer,3,gold,true
wec-2021-r1-spa-92,wec-2021-r1-spa,kevin-estre,1,platinum,true
wec-2021-r1-spa-92,wec-2021-r1-spa,neel-jani,2,platinum,true
wec-2021-r1-spa-51,wec-2021-r1-spa,alessandro-pier-guidi,1,platinum,true
wec-2021-r1-spa-51,wec-2021-r1-spa,james-calado,2,platinum,true
wec-2021-r1-spa-52,wec-2021-r1-spa,daniel-serra,1,platinum,true
wec-2021-r1-spa-52,wec-2021-r1-spa,miguel-molina,2,platinum,true
wec-2021-r1-spa-63,wec-2021-r1-spa,antonio-garcia,1,platinum,true
wec-2021-r1-spa-63,wec-2021-r1-spa,oliver-gavin,2,platinum,true
wec-2021-r1-spa-91,wec-2021-r1-spa,gianmaria-bruni,1,platinum,true
wec-2021-r1-spa-91,wec-2021-r1-spa,richard-lietz,2,platinum,true
wec-2021-r1-spa-83,wec-2021-r1-spa,francois-perrodo,1,bronze,true
wec-2021-r1-spa-83,wec-2021-r1-spa,nicklas-nielsen,2,gold,true
wec-2021-r1-spa-83,wec-2021-r1-spa,alessio-rovera,3,silver,true
wec-2021-r1-spa-33,wec-2021-r1-spa,ben-keating,1,bronze,true
wec-2021-r1-spa-33,wec-2021-r1-spa,dylan-pereira,2,silver,true
wec-2021-r1-spa-33,wec-2021-r1-spa,felipe-fraga,3,gold,true
wec-2021-r1-spa-47,wec-2021-r1-spa,roberto-lacorte,1,bronze,true
wec-2021-r1-spa-47,wec-2021-r1-spa,giorgio-sernagiotto,2,silver,true
wec-2021-r1-spa-47,wec-2021-r1-spa,antonio-fuoco,3,gold,true
wec-2021-r1-spa-54,wec-2021-r1-spa,thomas-flohr,1,bronze,true
wec-2021-r1-spa-54,wec-2021-r1-spa,francesco-castellacci,2,silver,true
wec-2021-r1-spa-54,wec-2021-r1-spa,giancarlo-fisichella,3,platinum,true
wec-2021-r1-spa-88,wec-2021-r1-spa,andrew-haryanto,1,bronze,true
wec-2021-r1-spa-88,wec-2021-r1-spa,marco-seefried,2,silver,true
wec-2021-r1-spa-88,wec-2021-r1-spa,alessio-picariello,3,gold,true
wec-2021-r1-spa-98,wec-2021-r1-spa,paul-dalla-lana,1,bronze,true
wec-2021-r1-spa-98,wec-2021-r1-spa,augusto-farfus,2,platinum,true
wec-2021-r1-spa-98,wec-2021-r1-spa,marcos-gomes,3,silver,true
wec-2021-r1-spa-777,wec-2021-r1-spa,satoshi-hoshino,1,bronze,true
wec-2021-r1-spa-777,wec-2021-r1-spa,tomonobu-fujii,2,gold,true
wec-2021-r1-spa-777,wec-2021-r1-spa,andrew-watson,3,silver,true
wec-2021-r1-spa-85,wec-2021-r1-spa,rahel-frey,1,silver,true
wec-2021-r1-spa-85,wec-2021-r1-spa,katherine-legge,2,gold,true
wec-2021-r1-spa-85,wec-2021-r1-spa,manuela-gostner,3,bronze,true
wec-2021-r1-spa-60,wec-2021-r1-spa,claudio-schiavoni,1,bronze,true
wec-2021-r1-spa-60,wec-2021-r1-spa,andrea-piccini,2,gold,true
wec-2021-r1-spa-60,wec-2021-r1-spa,matteo-cressoni,3,silver,true
wec-2021-r1-spa-31,wec-2021-r1-spa,robin-frijns,1,platinum,true
wec-2021-r1-spa-31,wec-2021-r1-spa,ferdinand-habsburg,2,gold,true
wec-2021-r1-spa-31,wec-2021-r1-spa,charles-milesi,3,silver,true
wec-2021-r1-spa-77,wec-2021-r1-spa,christian-ried,1,bronze,true
wec-2021-r1-spa-77,wec-2021-r1-spa,jaxon-evans,2,silver,true
wec-2021-r1-spa-77,wec-2021-r1-spa,matt-campbell,3,gold,true
wec-2021-r1-spa-26,wec-2021-r1-spa,roman-rusinov,1,gold,true
wec-2021-r1-spa-26,wec-2021-r1-spa,franco-colapinto,2,silver,true
wec-2021-r1-spa-26,wec-2021-r1-spa,nick-de-vries,3,platinum,true
wec-2021-r1-spa-86,wec-2021-r1-spa,michael-wainwright,1,bronze,true
wec-2021-r1-spa-86,wec-2021-r1-spa,benjamin-barker,2,gold,true
wec-2021-r1-spa-86,wec-2021-r1-spa,tom-gamble,3,silver,true
wec-2021-r1-spa-44,wec-2021-r1-spa,miroslav-konopka,1,bronze,true
wec-2021-r1-spa-44,wec-2021-r1-spa,thomas-jackson,2,silver,true
wec-2021-r1-spa-44,wec-2021-r1-spa,darren-burke,3,silver,true
wec-2021-r1-spa-56,wec-2021-r1-spa,egidio-perfetti,1,bronze,true
wec-2021-r1-spa-56,wec-2021-r1-spa,matteo-cairoli,2,gold,true
wec-2021-r1-spa-56,wec-2021-r1-spa,riccardo-pera,3,silver,true
wec-2021-r2-portimao-8,wec-2021-r2-portimao,sebastien-buemi,1,platinum,true
wec-2021-r2-portimao-8,wec-2021-r2-portimao,kazuki-nakajima,2,platinum,true
wec-2021-r2-portimao-8,wec-2021-r2-portimao,brendon-hartley,3,platinum,true
wec-2021-r2-portimao-7,wec-2021-r2-portimao,mike-conway,1,platinum,true
wec-2021-r2-portimao-7,wec-2021-r2-portimao,kamui-kobayashi,2,platinum,true
wec-2021-r2-portimao-7,wec-2021-r2-portimao,jose-maria-lopez,3,platinum,true
wec-2021-r2-portimao-36,wec-2021-r2-portimao,andre-negrao,1,gold,true
wec-2021-r2-portimao-36,wec-2021-r2-portimao,nicolas-lapierre,2,platinum,true
wec-2021-r2-portimao-36,wec-2021-r2-portimao,matthieu-vaxiviere,3,gold,true
wec-2021-r2-portimao-38,wec-2021-r2-portimao,roberto-gonzalez,1,silver,true
wec-2021-r2-portimao-38,wec-2021-r2-portimao,antonio-felix-da-costa,2,platinum,true
wec-2021-r2-portimao-38,wec-2021-r2-portimao,anthony-davidson,3,platinum,true
wec-2021-r2-portimao-28,wec-2021-r2-portimao,sean-gelael,1,silver,true
wec-2021-r2-portimao-28,wec-2021-r2-portimao,stoffel-vandoorne,2,platinum,true
wec-2021-r2-portimao-28,wec-2021-r2-portimao,tom-blomqvist,3,platinum,true
wec-2021-r2-portimao-22,wec-2021-r2-portimao,philip-hanson,1,gold,true
wec-2021-r2-portimao-22,wec-2021-r2-portimao,wayne-boyd,2,silver,true
wec-2021-r2-portimao-22,wec-2021-r2-portimao,paul-di-resta,3,platinum,true
wec-2021-r2-portimao-31,wec-2021-r2-portimao,robin-frijns,1,platinum,true
wec-2021-r2-portimao-31,wec-2021-r2-portimao,ferdinand-habsburg,2,gold,true
wec-2021-r2-portimao-31,wec-2021-r2-portimao,charles-milesi,3,silver,true
wec-2021-r2-portimao-34,wec-2021-r2-portimao,jakub-smiechowski,1,silver,true
wec-2021-r2-portimao-34,wec-2021-r2-portimao,louis-deletraz,2,gold,true
wec-2021-r2-portimao-34,wec-2021-r2-portimao,alex-brundle,3,gold,true
wec-2021-r2-portimao-1,wec-2021-r2-portimao,tatiana-calderon,1,silver,true
wec-2021-r2-portimao-1,wec-2021-r2-portimao,sophia-floersch,2,silver,true
wec-2021-r2-portimao-1,wec-2021-r2-portimao,beitske-visser,3,silver,true
wec-2021-r2-portimao-70,wec-2021-r2-portimao,esteban-garcia,1,bronze,true
wec-2021-r2-portimao-70,wec-2021-r2-portimao,mathias-beche,2,platinum,true
wec-2021-r2-portimao-70,wec-2021-r2-portimao,norman-nato,3,gold,true
wec-2021-r2-portimao-21,wec-2021-r2-portimao,henrik-hedman,1,bronze,true
wec-2021-r2-portimao-21,wec-2021-r2-portimao,juan-pablo-montoya,2,platinum,true
wec-2021-r2-portimao-21,wec-2021-r2-portimao,ben-hanley,3,gold,true
wec-2021-r2-portimao-20,wec-2021-r2-portimao,jan-magnussen,1,platinum,true
wec-2021-r2-portimao-20,wec-2021-r2-portimao,anders-fjordbach,2,silver,true
wec-2021-r2-portimao-20,wec-2021-r2-portimao,dennis-andersen,3,bronze,true
wec-2021-r2-portimao-29,wec-2021-r2-portimao,frits-van-eerd,1,bronze,true
wec-2021-r2-portimao-29,wec-2021-r2-portimao,giedo-van-der-garde,2,platinum,true
wec-2021-r2-portimao-29,wec-2021-r2-portimao,job-van-uitert,3,gold,true
wec-2021-r2-portimao-51,wec-2021-r2-portimao,alessandro-pier-guidi,1,platinum,true
wec-2021-r2-portimao-51,wec-2021-r2-portimao,james-calado,2,platinum,true
wec-2021-r2-portimao-52,wec-2021-r2-portimao,daniel-serra,1,platinum,true
wec-2021-r2-portimao-52,wec-2021-r2-portimao,miguel-molina,2,platinum,true
wec-2021-r2-portimao-92,wec-2021-r2-portimao,kevin-estre,1,platinum,true
wec-2021-r2-portimao-92,wec-2021-r2-portimao,neel-jani,2,platinum,true
wec-2021-r2-portimao-92,wec-2021-r2-portimao,michael-christensen,3,platinum,true
wec-2021-r2-portimao-91,wec-2021-r2-portimao,gianmaria-bruni,1,platinum,true
wec-2021-r2-portimao-91,wec-2021-r2-portimao,richard-lietz,2,platinum,true
wec-2021-r2-portimao-91,wec-2021-r2-portimao,frederic-makowiecki,3,platinum,true
wec-2021-r2-portimao-47,wec-2021-r2-portimao,roberto-lacorte,1,bronze,true
wec-2021-r2-portimao-47,wec-2021-r2-portimao,giorgio-sernagiotto,2,silver,true
wec-2021-r2-portimao-47,wec-2021-r2-portimao,antonio-fuoco,3,gold,true
wec-2021-r2-portimao-56,wec-2021-r2-portimao,egidio-perfetti,1,bronze,true
wec-2021-r2-portimao-56,wec-2021-r2-portimao,matteo-cairoli,2,gold,true
wec-2021-r2-portimao-56,wec-2021-r2-portimao,riccardo-pera,3,silver,true
wec-2021-r2-portimao-54,wec-2021-r2-portimao,thomas-flohr,1,bronze,true
wec-2021-r2-portimao-54,wec-2021-r2-portimao,francesco-castellacci,2,silver,true
wec-2021-r2-portimao-54,wec-2021-r2-portimao,giancarlo-fisichella,3,platinum,true
wec-2021-r2-portimao-98,wec-2021-r2-portimao,paul-dalla-lana,1,bronze,true
wec-2021-r2-portimao-98,wec-2021-r2-portimao,augusto-farfus,2,platinum,true
wec-2021-r2-portimao-98,wec-2021-r2-portimao,marcos-gomes,3,silver,true
wec-2021-r2-portimao-57,wec-2021-r2-portimao,takeshi-kimura,1,bronze,true
wec-2021-r2-portimao-57,wec-2021-r2-portimao,mikkel-jensen,2,gold,true
wec-2021-r2-portimao-57,wec-2021-r2-portimao,scott-andrews,3,silver,true
wec-2021-r2-portimao-60,wec-2021-r2-portimao,claudio-schiavoni,1,bronze,true
wec-2021-r2-portimao-60,wec-2021-r2-portimao,andrea-piccini,2,gold,true
wec-2021-r2-portimao-60,wec-2021-r2-portimao,matteo-cressoni,3,silver,true
wec-2021-r2-portimao-85,wec-2021-r2-portimao,rahel-frey,1,silver,true
wec-2021-r2-portimao-85,wec-2021-r2-portimao,michelle-gatting,2,gold,true
wec-2021-r2-portimao-85,wec-2021-r2-portimao,manuela-gostner,3,bronze,true
wec-2021-r2-portimao-33,wec-2021-r2-portimao,ben-keating,1,bronze,true
wec-2021-r2-portimao-33,wec-2021-r2-portimao,dylan-pereira,2,silver,true
wec-2021-r2-portimao-33,wec-2021-r2-portimao,felipe-fraga,3,gold,true
wec-2021-r2-portimao-86,wec-2021-r2-portimao,michael-wainwright,1,bronze,true
wec-2021-r2-portimao-86,wec-2021-r2-portimao,benjamin-barker,2,gold,true
wec-2021-r2-portimao-86,wec-2021-r2-portimao,tom-gamble,3,silver,true
wec-2021-r2-portimao-88,wec-2021-r2-portimao,dominique-bastien,1,bronze,true
wec-2021-r2-portimao-88,wec-2021-r2-portimao,marco-seefried,2,silver,true
wec-2021-r2-portimao-88,wec-2021-r2-portimao,julien-andlauer,3,gold,true
wec-2021-r2-portimao-83,wec-2021-r2-portimao,francois-perrodo,1,bronze,true
wec-2021-r2-portimao-83,wec-2021-r2-portimao,nicklas-nielsen,2,gold,true
wec-2021-r2-portimao-83,wec-2021-r2-portimao,alessio-rovera,3,silver,true
wec-2021-r2-portimao-44,wec-2021-r2-portimao,miroslav-konopka,1,bronze,true
wec-2021-r2-portimao-44,wec-2021-r2-portimao,oliver-webb,2,silver,true
wec-2021-r2-portimao-44,wec-2021-r2-portimao,thomas-jackson,3,silver,true
wec-2021-r2-portimao-709,wec-2021-r2-portimao,ryan-briscoe,1,platinum,true
wec-2021-r2-portimao-709,wec-2021-r2-portimao,romain-dumas,2,platinum,true
wec-2021-r2-portimao-709,wec-2021-r2-portimao,richard-westbrook,3,platinum,true
wec-2021-r2-portimao-77,wec-2021-r2-portimao,christian-ried,1,bronze,true
wec-2021-r2-portimao-77,wec-2021-r2-portimao,jaxon-evans,2,silver,true
wec-2021-r2-portimao-77,wec-2021-r2-portimao,matt-campbell,3,gold,true
wec-2021-r2-portimao-777,wec-2021-r2-portimao,satoshi-hoshino,1,bronze,true
wec-2021-r2-portimao-777,wec-2021-r2-portimao,tomonobu-fujii,2,gold,true
wec-2021-r2-portimao-777,wec-2021-r2-portimao,andrew-watson,3,silver,true
wec-2021-r3-monza-7,wec-2021-r3-monza,mike-conway,1,platinum,true
wec-2021-r3-monza-7,wec-2021-r3-monza,kamui-kobayashi,2,platinum,true
wec-2021-r3-monza-7,wec-2021-r3-monza,jose-maria-lopez,3,platinum,true
wec-2021-r3-monza-36,wec-2021-r3-monza,andre-negrao,1,gold,true
wec-2021-r3-monza-36,wec-2021-r3-monza,nicolas-lapierre,2,platinum,true
wec-2021-r3-monza-36,wec-2021-r3-monza,matthieu-vaxiviere,3,gold,true
wec-2021-r3-monza-22,wec-2021-r3-monza,philip-hanson,1,gold,true
wec-2021-r3-monza-22,wec-2021-r3-monza,fabio-scherer,2,silver,true
wec-2021-r3-monza-22,wec-2021-r3-monza,filipe-albuquerque,3,platinum,true
wec-2021-r3-monza-709,wec-2021-r3-monza,romain-dumas,1,platinum,true
wec-2021-r3-monza-709,wec-2021-r3-monza,franck-mailleux,2,gold,true
wec-2021-r3-monza-709,wec-2021-r3-monza,richard-westbrook,3,platinum,true
wec-2021-r3-monza-31,wec-2021-r3-monza,robin-frijns,1,platinum,true
wec-2021-r3-monza-31,wec-2021-r3-monza,ferdinand-habsburg,2,gold,true
wec-2021-r3-monza-31,wec-2021-r3-monza,charles-milesi,3,silver,true
wec-2021-r3-monza-29,wec-2021-r3-monza,frits-van-eerd,1,bronze,true
wec-2021-r3-monza-29,wec-2021-r3-monza,paul-loup-chatin,2,gold,true
wec-2021-r3-monza-29,wec-2021-r3-monza,nyck-de-vries,3,platinum,true
wec-2021-r3-monza-34,wec-2021-r3-monza,jakub-smiechowski,1,silver,true
wec-2021-r3-monza-34,wec-2021-r3-monza,renger-van-der-zande,2,gold,true
wec-2021-r3-monza-34,wec-2021-r3-monza,alex-brundle,3,gold,true
wec-2021-r3-monza-28,wec-2021-r3-monza,sean-gelael,1,silver,true
wec-2021-r3-monza-28,wec-2021-r3-monza,stoffel-vandoorne,2,platinum,true
wec-2021-r3-monza-28,wec-2021-r3-monza,tom-blomqvist,3,platinum,true
wec-2021-r3-monza-21,wec-2021-r3-monza,henrik-hedman,1,bronze,true
wec-2021-r3-monza-21,wec-2021-r3-monza,juan-pablo-montoya,2,platinum,true
wec-2021-r3-monza-21,wec-2021-r3-monza,ben-hanley,3,gold,true
wec-2021-r3-monza-70,wec-2021-r3-monza,esteban-garcia,1,bronze,true
wec-2021-r3-monza-70,wec-2021-r3-monza,loic-duval,2,platinum,true
wec-2021-r3-monza-70,wec-2021-r3-monza,norman-nato,3,gold,true
wec-2021-r3-monza-1,wec-2021-r3-monza,tatiana-calderon,1,silver,true
wec-2021-r3-monza-1,wec-2021-r3-monza,sophia-floersch,2,silver,true
wec-2021-r3-monza-20,wec-2021-r3-monza,jan-magnussen,1,platinum,true
wec-2021-r3-monza-20,wec-2021-r3-monza,anders-fjordbach,2,silver,true
wec-2021-r3-monza-20,wec-2021-r3-monza,dennis-andersen,3,bronze,true
wec-2021-r3-monza-82,wec-2021-r3-monza,ryan-cullen,1,silver,true
wec-2021-r3-monza-82,wec-2021-r3-monza,oliver-jarvis,2,platinum,true
wec-2021-r3-monza-82,wec-2021-r3-monza,felipe-nasr,3,platinum,true
wec-2021-r3-monza-44,wec-2021-r3-monza,miroslav-konopka,1,bronze,true
wec-2021-r3-monza-44,wec-2021-r3-monza,oliver-webb,2,gold,true
wec-2021-r3-monza-44,wec-2021-r3-monza,matej-konopka,3,silver,true
wec-2021-r3-monza-92,wec-2021-r3-monza,kevin-estre,1,platinum,true
wec-2021-r3-monza-92,wec-2021-r3-monza,neel-jani,2,platinum,true
wec-2021-r3-monza-51,wec-2021-r3-monza,alessandro-pier-guidi,1,platinum,true
wec-2021-r3-monza-51,wec-2021-r3-monza,james-calado,2,platinum,true
wec-2021-r3-monza-91,wec-2021-r3-monza,gianmaria-bruni,1,platinum,true
wec-2021-r3-monza-91,wec-2021-r3-monza,richard-lietz,2,platinum,true
wec-2021-r3-monza-52,wec-2021-r3-monza,daniel-serra,1,platinum,true
wec-2021-r3-monza-52,wec-2021-r3-monza,miguel-molina,2,platinum,true
wec-2021-r3-monza-83,wec-2021-r3-monza,francois-perrodo,1,bronze,true
wec-2021-r3-monza-83,wec-2021-r3-monza,nicklas-nielsen,2,gold,true
wec-2021-r3-monza-83,wec-2021-r3-monza,alessio-rovera,3,silver,true
wec-2021-r3-monza-98,wec-2021-r3-monza,paul-dalla-lana,1,bronze,true
wec-2021-r3-monza-98,wec-2021-r3-monza,augusto-farfus,2,platinum,true
wec-2021-r3-monza-98,wec-2021-r3-monza,marcos-gomes,3,silver,true
wec-2021-r3-monza-777,wec-2021-r3-monza,satoshi-hoshino,1,bronze,true
wec-2021-r3-monza-777,wec-2021-r3-monza,tomonobu-fujii,2,gold,true
wec-2021-r3-monza-777,wec-2021-r3-monza,andrew-watson,3,silver,true
wec-2021-r3-monza-56,wec-2021-r3-monza,egidio-perfetti,1,bronze,true
wec-2021-r3-monza-56,wec-2021-r3-monza,matteo-cairoli,2,gold,true
wec-2021-r3-monza-56,wec-2021-r3-monza,riccardo-pera,3,silver,true
wec-2021-r3-monza-77,wec-2021-r3-monza,christian-ried,1,bronze,true
wec-2021-r3-monza-77,wec-2021-r3-monza,jaxon-evans,2,silver,true
wec-2021-r3-monza-77,wec-2021-r3-monza,matt-campbell,3,gold,true
wec-2021-r3-monza-88,wec-2021-r3-monza,andrew-haryanto,1,bronze,true
wec-2021-r3-monza-88,wec-2021-r3-monza,marco-seefried,2,silver,true
wec-2021-r3-monza-88,wec-2021-r3-monza,alessio-picariello,3,gold,true
wec-2021-r3-monza-54,wec-2021-r3-monza,thomas-flohr,1,bronze,true
wec-2021-r3-monza-54,wec-2021-r3-monza,francesco-castellacci,2,silver,true
wec-2021-r3-monza-54,wec-2021-r3-monza,giancarlo-fisichella,3,platinum,true
wec-2021-r3-monza-85,wec-2021-r3-monza,rahel-frey,1,silver,true
wec-2021-r3-monza-85,wec-2021-r3-monza,michelle-gatting,2,silver,true
wec-2021-r3-monza-85,wec-2021-r3-monza,sarah-bovy,3,bronze,true
wec-2021-r3-monza-86,wec-2021-r3-monza,michael-wainwright,1,bronze,true
wec-2021-r3-monza-86,wec-2021-r3-monza,benjamin-barker,2,gold,true
wec-2021-r3-monza-86,wec-2021-r3-monza,tom-gamble,3,silver,true
wec-2021-r3-monza-61,wec-2021-r3-monza,christoph-ulrich,1,bronze,true
wec-2021-r3-monza-61,wec-2021-r3-monza,simon-mann,2,silver,true
wec-2021-r3-monza-61,wec-2021-r3-monza,toni-vilander,3,platinum,true
wec-2021-r3-monza-47,wec-2021-r3-monza,roberto-lacorte,1,bronze,true
wec-2021-r3-monza-47,wec-2021-r3-monza,giorgio-sernagiotto,2,silver,true
wec-2021-r3-monza-47,wec-2021-r3-monza,antonio-fuoco,3,gold,true
wec-2021-r3-monza-46,wec-2021-r3-monza,dennis-olsen,1,gold,true
wec-2021-r3-monza-46,wec-2021-r3-monza,anders-buchardt,2,bronze,true
wec-2021-r3-monza-46,wec-2021-r3-monza,maxwell-root,3,silver,true
wec-2021-r3-monza-388,wec-2021-r3-monza,pierre-ehret,1,bronze,true
wec-2021-r3-monza-388,wec-2021-r3-monza,christian-hook,2,bronze,true
wec-2021-r3-monza-388,wec-2021-r3-monza,jeroen-bleekemolen,3,gold,true
wec-2021-r3-monza-33,wec-2021-r3-monza,ben-keating,1,bronze,true
wec-2021-r3-monza-33,wec-2021-r3-monza,dylan-pereira,2,silver,true
wec-2021-r3-monza-33,wec-2021-r3-monza,felipe-fraga,3,gold,true
wec-2021-r3-monza-8,wec-2021-r3-monza,sebastien-buemi,1,platinum,true
wec-2021-r3-monza-8,wec-2021-r3-monza,kazuki-nakajima,2,platinum,true
wec-2021-r3-monza-8,wec-2021-r3-monza,brendon-hartley,3,platinum,true
wec-2021-r3-monza-38,wec-2021-r3-monza,roberto-gonzalez,1,silver,true
wec-2021-r3-monza-38,wec-2021-r3-monza,antonio-felix-da-costa,2,platinum,true
wec-2021-r3-monza-38,wec-2021-r3-monza,anthony-davidson,3,platinum,true
wec-2021-r3-monza-708,wec-2021-r3-monza,luis-felipe-derani,1,platinum,true
wec-2021-r3-monza-708,wec-2021-r3-monza,gustavo-menezes,2,gold,true
wec-2021-r3-monza-708,wec-2021-r3-monza,olivier-pla,3,platinum,true
wec-2021-r3-monza-60,wec-2021-r3-monza,claudio-schiavoni,1,bronze,true
wec-2021-r3-monza-60,wec-2021-r3-monza,andrea-piccini,2,gold,true
wec-2021-r3-monza-60,wec-2021-r3-monza,matteo-cressoni,3,silver,true
wec-2021-r3-monza-71,wec-2021-r3-monza,brendan-iribe,1,bronze,true
wec-2021-r3-monza-71,wec-2021-r3-monza,ollie-millroy,2,silver,true
wec-2021-r3-monza-71,wec-2021-r3-monza,ben-barnicoat,3,gold,true
wec-2021-r4-le-mans-7,wec-2021-r4-le-mans,mike-conway,1,platinum,true
wec-2021-r4-le-mans-7,wec-2021-r4-le-mans,kamui-kobayashi,2,platinum,true
wec-2021-r4-le-mans-7,wec-2021-r4-le-mans,jose-maria-lopez,3,platinum,true
wec-2021-r4-le-mans-8,wec-2021-r4-le-mans,sebastien-buemi,1,platinum,true
wec-2021-r4-le-mans-8,wec-2021-r4-le-mans,kazuki-nakajima,2,platinum,true
wec-2021-r4-le-mans-8,wec-2021-r4-le-mans,brendon-hartley,3,platinum,true
wec-2021-r4-le-mans-36,wec-2021-r4-le-mans,andre-negrao,1,gold,true
wec-2021-r4-le-mans-36,wec-2021-r4-le-mans,nicolas-lapierre,2,platinum,true
wec-2021-r4-le-mans-36,wec-2021-r4-le-mans,matthieu-vaxiviere,3,gold,true
wec-2021-r4-le-mans-708,wec-2021-r4-le-mans,luis-felipe-derani,1,platinum,true
wec-2021-r4-le-mans-708,wec-2021-r4-le-mans,franck-mailleux,2,gold,true
wec-2021-r4-le-mans-708,wec-2021-r4-le-mans,olivier-pla,3,platinum,true
wec-2021-r4-le-mans-709,wec-2021-r4-le-mans,ryan-briscoe,1,platinum,true
wec-2021-r4-le-mans-709,wec-2021-r4-le-mans,richard-westbrook,2,platinum,true
wec-2021-r4-le-mans-709,wec-2021-r4-le-mans,romain-dumas,3,platinum,true
wec-2021-r4-le-mans-31,wec-2021-r4-le-mans,robin-frijns,1,platinum,true
wec-2021-r4-le-mans-31,wec-2021-r4-le-mans,ferdinand-habsburg,2,gold,true
wec-2021-r4-le-mans-31,wec-2021-r4-le-mans,charles-milesi,3,silver,true
wec-2021-r4-le-mans-28,wec-2021-r4-le-mans,sean-gelael,1,silver,true
wec-2021-r4-le-mans-28,wec-2021-r4-le-mans,stoffel-vandoorne,2,platinum,true
wec-2021-r4-le-mans-28,wec-2021-r4-le-mans,tom-blomqvist,3,platinum,true
wec-2021-r4-le-mans-65,wec-2021-r4-le-mans,julien-canal,1,silver,true
wec-2021-r4-le-mans-65,wec-2021-r4-le-mans,will-stevens,2,platinum,true
wec-2021-r4-le-mans-65,wec-2021-r4-le-mans,james-allen,3,gold,true
wec-2021-r4-le-mans-23,wec-2021-r4-le-mans,paul-di-resta,1,platinum,true
wec-2021-r4-le-mans-23,wec-2021-r4-le-mans,alexander-lynn,2,silver,true
wec-2021-r4-le-mans-23,wec-2021-r4-le-mans,wayne-boyd,3,silver,true
wec-2021-r4-le-mans-34,wec-2021-r4-le-mans,jakub-smiechowski,1,silver,true
wec-2021-r4-le-mans-34,wec-2021-r4-le-mans,renger-van-der-zande,2,gold,true
wec-2021-r4-le-mans-34,wec-2021-r4-le-mans,alex-brundle,3,gold,true
wec-2021-r4-le-mans-48,wec-2021-r4-le-mans,paul-lafargue,1,silver,true
wec-2021-r4-le-mans-48,wec-2021-r4-le-mans,paul-loup-chatin,2,gold,true
wec-2021-r4-le-mans-48,wec-2021-r4-le-mans,patrick-pilet,3,platinum,true
wec-2021-r4-le-mans-26,wec-2021-r4-le-mans,roman-rusinov,1,gold,true
wec-2021-r4-le-mans-26,wec-2021-r4-le-mans,franco-colapinto,2,silver,true
wec-2021-r4-le-mans-26,wec-2021-r4-le-mans,nyck-de-vries,3,platinum,true
wec-2021-r4-le-mans-38,wec-2021-r4-le-mans,roberto-gonzalez,1,silver,true
wec-2021-r4-le-mans-38,wec-2021-r4-le-mans,antonio-felix-da-costa,2,platinum,true
wec-2021-r4-le-mans-38,wec-2021-r4-le-mans,anthony-davidson,3,platinum,true
wec-2021-r4-le-mans-30,wec-2021-r4-le-mans,rene-binder,1,silver,true
wec-2021-r4-le-mans-30,wec-2021-r4-le-mans,guillermo-rojas,2,gold,true
wec-2021-r4-le-mans-30,wec-2021-r4-le-mans,tristan-gommendy,3,platinum,true
wec-2021-r4-le-mans-21,wec-2021-r4-le-mans,henrik-hedman,1,bronze,true
wec-2021-r4-le-mans-21,wec-2021-r4-le-mans,ben-hanley,2,gold,true
wec-2021-r4-le-mans-21,wec-2021-r4-le-mans,juan-pablo-montoya,3,platinum,true
wec-2021-r4-le-mans-29,wec-2021-r4-le-mans,frits-van-eerd,1,bronze,true
wec-2021-r4-le-mans-29,wec-2021-r4-le-mans,giedo-van-der-garde,2,platinum,true
wec-2021-r4-le-mans-29,wec-2021-r4-le-mans,job-van-uitert,3,gold,true
wec-2021-r4-le-mans-70,wec-2021-r4-le-mans,esteban-garcia,1,bronze,true
wec-2021-r4-le-mans-70,wec-2021-r4-le-mans,loic-duval,2,platinum,true
wec-2021-r4-le-mans-70,wec-2021-r4-le-mans,norman-nato,3,gold,true
wec-2021-r4-le-mans-20,wec-2021-r4-le-mans,dennis-andersen,1,bronze,true
wec-2021-r4-le-mans-20,wec-2021-r4-le-mans,ricky-taylor,2,platinum,true
wec-2021-r4-le-mans-20,wec-2021-r4-le-mans,marco-sorensen,3,platinum,true
wec-2021-r4-le-mans-39,wec-2021-r4-le-mans,vincent-capillaire,1,silver,true
wec-2021-r4-le-mans-39,wec-2021-r4-le-mans,arnold-robin,2,bronze,true
wec-2021-r4-le-mans-39,wec-2021-r4-le-mans,maxime-robin,3,silver,true
wec-2021-r4-le-mans-51,wec-2021-r4-le-mans,alessandro-pier-guidi,1,platinum,true
wec-2021-r4-le-mans-51,wec-2021-r4-le-mans,james-calado,2,platinum,true
wec-2021-r4-le-mans-51,wec-2021-r4-le-mans,come-ledogar,3,platinum,true
wec-2021-r4-le-mans-63,wec-2021-r4-le-mans,antonio-garcia,1,platinum,true
wec-2021-r4-le-mans-63,wec-2021-r4-le-mans,jordan-taylor,2,platinum,true
wec-2021-r4-le-mans-63,wec-2021-r4-le-mans,nicky-catsburg,3,platinum,true
wec-2021-r4-le-mans-92,wec-2021-r4-le-mans,kevin-estre,1,platinum,true
wec-2021-r4-le-mans-92,wec-2021-r4-le-mans,neel-jani,2,platinum,true
wec-2021-r4-le-mans-92,wec-2021-r4-le-mans,michael-christensen,3,platinum,true
wec-2021-r4-le-mans-91,wec-2021-r4-le-mans,gianmaria-bruni,1,platinum,true
wec-2021-r4-le-mans-91,wec-2021-r4-le-mans,richard-lietz,2,platinum,true
wec-2021-r4-le-mans-91,wec-2021-r4-le-mans,frederic-makowiecki,3,platinum,true
wec-2021-r4-le-mans-44,wec-2021-r4-le-mans,miroslav-konopka,1,bronze,true
wec-2021-r4-le-mans-44,wec-2021-r4-le-mans,oliver-webb,2,gold,true
wec-2021-r4-le-mans-44,wec-2021-r4-le-mans,matej-konopka,3,silver,true
wec-2021-r4-le-mans-83,wec-2021-r4-le-mans,francois-perrodo,1,bronze,true
wec-2021-r4-le-mans-83,wec-2021-r4-le-mans,nicklas-nielsen,2,gold,true
wec-2021-r4-le-mans-83,wec-2021-r4-le-mans,alessio-rovera,3,silver,true
wec-2021-r4-le-mans-33,wec-2021-r4-le-mans,ben-keating,1,bronze,true
wec-2021-r4-le-mans-33,wec-2021-r4-le-mans,dylan-pereira,2,silver,true
wec-2021-r4-le-mans-33,wec-2021-r4-le-mans,felipe-fraga,3,gold,true
wec-2021-r4-le-mans-80,wec-2021-r4-le-mans,matteo-cressoni,1,silver,true
wec-2021-r4-le-mans-80,wec-2021-r4-le-mans,rino-mastronardi,2,bronze,true
wec-2021-r4-le-mans-80,wec-2021-r4-le-mans,callum-ilott,3,platinum,true
wec-2021-r4-le-mans-74,wec-2021-r4-le-mans,james-winslow,1,silver,true
wec-2021-r4-le-mans-74,wec-2021-r4-le-mans,john-corbett,2,bronze,true
wec-2021-r4-le-mans-74,wec-2021-r4-le-mans,tom-cloet,3,bronze,true
wec-2021-r4-le-mans-49,wec-2021-r4-le-mans,anders-fjordbach,1,silver,true
wec-2021-r4-le-mans-49,wec-2021-r4-le-mans,jan-magnussen,2,platinum,true
wec-2021-r4-le-mans-49,wec-2021-r4-le-mans,kevin-magnussen,3,platinum,true
wec-2021-r4-le-mans-60,wec-2021-r4-le-mans,claudio-schiavoni,1,bronze,true
wec-2021-r4-le-mans-60,wec-2021-r4-le-mans,paolo-ruberti,2,gold,true
wec-2021-r4-le-mans-60,wec-2021-r4-le-mans,raffaele-giammaria,3,silver,true
wec-2021-r4-le-mans-77,wec-2021-r4-le-mans,christian-ried,1,bronze,true
wec-2021-r4-le-mans-77,wec-2021-r4-le-mans,jaxon-evans,2,silver,true
wec-2021-r4-le-mans-77,wec-2021-r4-le-mans,matt-campbell,3,gold,true
wec-2021-r4-le-mans-84,wec-2021-r4-le-mans,takuma-aoki,1,silver,false
wec-2021-r4-le-mans-84,wec-2021-r4-le-mans,nigel-bailly,2,silver,false
wec-2021-r4-le-mans-84,wec-2021-r4-le-mans,matthieu-lahaye,3,silver,false
wec-2021-r4-le-mans-777,wec-2021-r4-le-mans,satoshi-hoshino,1,bronze,true
wec-2021-r4-le-mans-777,wec-2021-r4-le-mans,tomonobu-fujii,2,gold,true
wec-2021-r4-le-mans-777,wec-2021-r4-le-mans,andrew-watson,3,silver,true
wec-2021-r4-le-mans-18,wec-2021-r4-le-mans,andrew-haryanto,1,bronze,true
wec-2021-r4-le-mans-18,wec-2021-r4-le-mans,alessio-picariello,2,gold,true
wec-2021-r4-le-mans-18,wec-2021-r4-le-mans,marco-seefried,3,silver,true
wec-2021-r4-le-mans-95,wec-2021-r4-le-mans,john-hartshorne,1,bronze,true
wec-2021-r4-le-mans-95,wec-2021-r4-le-mans,oliver-hancock,2,silver,true
wec-2021-r4-le-mans-95,wec-2021-r4-le-mans,ross-gunn,3,gold,true
wec-2021-r4-le-mans-85,wec-2021-r4-le-mans,rahel-frey,1,silver,true
wec-2021-r4-le-mans-85,wec-2021-r4-le-mans,sarah-bovy,2,bronze,true
wec-2021-r4-le-mans-85,wec-2021-r4-le-mans,michelle-gatting,3,silver,true
wec-2021-r4-le-mans-52,wec-2021-r4-le-mans,daniel-serra,1,platinum,true
wec-2021-r4-le-mans-52,wec-2021-r4-le-mans,miguel-molina,2,platinum,true
wec-2021-r4-le-mans-52,wec-2021-r4-le-mans,sam-bird,3,platinum,true
wec-2021-r4-le-mans-69,wec-2021-r4-le-mans,robert-renauer,1,silver,true
wec-2021-r4-le-mans-69,wec-2021-r4-le-mans,ralf-bohn,2,bronze,true
wec-2021-r4-le-mans-69,wec-2021-r4-le-mans,rolf-ineichen,3,silver,true
wec-2021-r4-le-mans-54,wec-2021-r4-le-mans,thomas-flohr,1,bronze,true
wec-2021-r4-le-mans-54,wec-2021-r4-le-mans,giancarlo-fisichella,2,platinum,true
wec-2021-r4-le-mans-54,wec-2021-r4-le-mans,francesco-castellacci,3,silver,true
wec-2021-r4-le-mans-22,wec-2021-r4-le-mans,philip-hanson,1,gold,true
wec-2021-r4-le-mans-22,wec-2021-r4-le-mans,fabio-scherer,2,silver,true
wec-2021-r4-le-mans-22,wec-2021-r4-le-mans,filipe-albuquerque,3,platinum,true
wec-2021-r4-le-mans-71,wec-2021-r4-le-mans,brendan-iribe,1,bronze,true
wec-2021-r4-le-mans-71,wec-2021-r4-le-mans,ollie-millroy,2,silver,true
wec-2021-r4-le-mans-71,wec-2021-r4-le-mans,ben-barnicoat,3,gold,true
wec-2021-r4-le-mans-88,wec-2021-r4-le-mans,julien-andlauer,1,gold,true
wec-2021-r4-le-mans-88,wec-2021-r4-le-mans,dominique-bastien,2,bronze,true
wec-2021-r4-le-mans-88,wec-2021-r4-le-mans,lance-arnold,3,silver,true
wec-2021-r4-le-mans-86,wec-2021-r4-le-mans,michael-wainwright,1,bronze,true
wec-2021-r4-le-mans-86,wec-2021-r4-le-mans,benjamin-barker,2,gold,true
wec-2021-r4-le-mans-86,wec-2021-r4-le-mans,tom-gamble,3,silver,true
wec-2021-r4-le-mans-64,wec-2021-r4-le-mans,tommy-milner,1,platinum,true
wec-2021-r4-le-mans-64,wec-2021-r4-le-mans,nicholas-tandy,2,platinum,true
wec-2021-r4-le-mans-64,wec-2021-r4-le-mans,alexander-sims,3,platinum,true
wec-2021-r4-le-mans-41,wec-2021-r4-le-mans,robert-kubica,1,platinum,true
wec-2021-r4-le-mans-41,wec-2021-r4-le-mans,louis-deletraz,2,gold,true
wec-2021-r4-le-mans-41,wec-2021-r4-le-mans,yifei-ye,3,silver,true
wec-2021-r4-le-mans-82,wec-2021-r4-le-mans,ryan-cullen,1,silver,true
wec-2021-r4-le-mans-82,wec-2021-r4-le-mans,oliver-jarvis,2,platinum,true
wec-2021-r4-le-mans-82,wec-2021-r4-le-mans,felipe-nasr,3,platinum,true
wec-2021-r4-le-mans-388,wec-2021-r4-le-mans,pierre-ehret,1,bronze,true
wec-2021-r4-le-mans-388,wec-2021-r4-le-mans,christian-hook,2,bronze,true
wec-2021-r4-le-mans-388,wec-2021-r4-le-mans,jeroen-bleekemolen,3,gold,true
wec-2021-r4-le-mans-24,wec-2021-r4-le-mans,patrick-kelly,1,bronze,true
wec-2021-r4-le-mans-24,wec-2021-r4-le-mans,gabriel-aubry,2,gold,true
wec-2021-r4-le-mans-24,wec-2021-r4-le-mans,simon-trummer,3,gold,true
wec-2021-r4-le-mans-72,wec-2021-r4-le-mans,dries-vanthoor,1,gold,true
wec-2021-r4-le-mans-72,wec-2021-r4-le-mans,alvaro-parente,2,platinum,true
wec-2021-r4-le-mans-72,wec-2021-r4-le-mans,maxime-martin,3,platinum,true
wec-2021-r4-le-mans-79,wec-2021-r4-le-mans,cooper-macneil,1,silver,true
wec-2021-r4-le-mans-79,wec-2021-r4-le-mans,earl-bamber,2,platinum,true
wec-2021-r4-le-mans-79,wec-2021-r4-le-mans,laurens-vanthoor,3,platinum,true
wec-2021-r4-le-mans-46,wec-2021-r4-le-mans,dennis-olsen,1,gold,true
wec-2021-r4-le-mans-46,wec-2021-r4-le-mans,anders-buchardt,2,bronze,true
wec-2021-r4-le-mans-46,wec-2021-r4-le-mans,robert-foley,3,silver,true
wec-2021-r4-le-mans-57,wec-2021-r4-le-mans,takeshi-kimura,1,bronze,true
wec-2021-r4-le-mans-57,wec-2021-r4-le-mans,scott-andrews,2,silver,true
wec-2021-r4-le-mans-57,wec-2021-r4-le-mans,mikkel-jensen,3,gold,true
wec-2021-r4-le-mans-66,wec-2021-r4-le-mans,thomas-neubauer,1,silver,true
wec-2021-r4-le-mans-66,wec-2021-r4-le-mans,rodrigo-sales,2,bronze,true
wec-2021-r4-le-mans-66,wec-2021-r4-le-mans,jody-fannin,3,gold,true
wec-2021-r4-le-mans-55,wec-2021-r4-le-mans,duncan-cameron,1,bronze,true
wec-2021-r4-le-mans-55,wec-2021-r4-le-mans,david-perel,2,silver,true
wec-2021-r4-le-mans-55,wec-2021-r4-le-mans,matthew-griffin,3,gold,true
wec-2021-r4-le-mans-25,wec-2021-r4-le-mans,john-falb,1,bronze,true
wec-2021-r4-le-mans-25,wec-2021-r4-le-mans,roberto-merhi,2,platinum,true
wec-2021-r4-le-mans-25,wec-2021-r4-le-mans,rui-andrade,3,silver,true
wec-2021-r4-le-mans-47,wec-2021-r4-le-mans,roberto-lacorte,1,bronze,true
wec-2021-r4-le-mans-47,wec-2021-r4-le-mans,giorgio-sernagiotto,2,silver,true
wec-2021-r4-le-mans-47,wec-2021-r4-le-mans,antonio-fuoco,3,gold,true
wec-2021-r4-le-mans-56,wec-2021-r4-le-mans,egidio-perfetti,1,bronze,true
wec-2021-r4-le-mans-56,wec-2021-r4-le-mans,matteo-cairoli,2,gold,true
wec-2021-r4-le-mans-56,wec-2021-r4-le-mans,riccardo-pera,3,silver,true
wec-2021-r4-le-mans-32,wec-2021-r4-le-mans,nicolas-jamin,1,gold,true
wec-2021-r4-le-mans-32,wec-2021-r4-le-mans,jonathan-aberdein,2,gold,true
wec-2021-r4-le-mans-32,wec-2021-r4-le-mans,manuel-maldonado,3,silver,true
wec-2021-r4-le-mans-1,wec-2021-r4-le-mans,tatiana-calderon,1,silver,true
wec-2021-r4-le-mans-1,wec-2021-r4-le-mans,sophia-floersch,2,silver,true
wec-2021-r4-le-mans-1,wec-2021-r4-le-mans,beitske-visser,3,silver,true
wec-2021-r4-le-mans-99,wec-2021-r4-le-mans,harry-tincknell,1,platinum,true
wec-2021-r4-le-mans-99,wec-2021-r4-le-mans,vuttikhorn-inthraphuvasak,2,bronze,true
wec-2021-r4-le-mans-99,wec-2021-r4-le-mans,florian-latorre,3,silver,true
wec-2021-r4-le-mans-98,wec-2021-r4-le-mans,paul-dalla-lana,1,bronze,true
wec-2021-r4-le-mans-98,wec-2021-r4-le-mans,nicki-thiim,2,platinum,true
wec-2021-r4-le-mans-98,wec-2021-r4-le-mans,marcos-gomes,3,silver,true
wec-2021-r4-le-mans-17,wec-2021-r4-le-mans,dwight-merriman,1,gold,true
wec-2021-r4-le-mans-17,wec-2021-r4-le-mans,thomas-laurent,2,gold,true
wec-2021-r4-le-mans-17,wec-2021-r4-le-mans,ryan-dalziel,3,gold,true
wec-2021-r5-bahrain-6-hours-7,wec-2021-r5-bahrain-6-hours,mike-conway,1,platinum,true
wec-2021-r5-bahrain-6-hours-7,wec-2021-r5-bahrain-6-hours,kamui-kobayashi,2,platinum,true
wec-2021-r5-bahrain-6-hours-7,wec-2021-r5-bahrain-6-hours,jose-maria-lopez,3,platinum,true
wec-2021-r5-bahrain-6-hours-8,wec-2021-r5-bahrain-6-hours,sebastien-buemi,1,platinum,true
wec-2021-r5-bahrain-6-hours-8,wec-2021-r5-bahrain-6-hours,kazuki-nakajima,2,platinum,true
wec-2021-r5-bahrain-6-hours-8,wec-2021-r5-bahrain-6-hours,brendon-hartley,3,platinum,true
wec-2021-r5-bahrain-6-hours-36,wec-2021-r5-bahrain-6-hours,andre-negrao,1,gold,true
wec-2021-r5-bahrain-6-hours-36,wec-2021-r5-bahrain-6-hours,nicolas-lapierre,2,platinum,true
wec-2021-r5-bahrain-6-hours-36,wec-2021-r5-bahrain-6-hours,matthieu-vaxiviere,3,gold,true
wec-2021-r5-bahrain-6-hours-31,wec-2021-r5-bahrain-6-hours,robin-frijns,1,platinum,true
wec-2021-r5-bahrain-6-hours-31,wec-2021-r5-bahrain-6-hours,ferdinand-habsburg,2,gold,true
wec-2021-r5-bahrain-6-hours-31,wec-2021-r5-bahrain-6-hours,charles-milesi,3,silver,true
wec-2021-r5-bahrain-6-hours-28,wec-2021-r5-bahrain-6-hours,sean-gelael,1,silver,true
wec-2021-r5-bahrain-6-hours-28,wec-2021-r5-bahrain-6-hours,stoffel-vandoorne,2,platinum,true
wec-2021-r5-bahrain-6-hours-28,wec-2021-r5-bahrain-6-hours,tom-blomqvist,3,platinum,true
wec-2021-r5-bahrain-6-hours-38,wec-2021-r5-bahrain-6-hours,roberto-gonzalez,1,silver,true
wec-2021-r5-bahrain-6-hours-38,wec-2021-r5-bahrain-6-hours,antonio-felix-da-costa,2,platinum,true
wec-2021-r5-bahrain-6-hours-38,wec-2021-r5-bahrain-6-hours,anthony-davidson,3,platinum,true
wec-2021-r5-bahrain-6-hours-22,wec-2021-r5-bahrain-6-hours,philip-hanson,1,gold,true
wec-2021-r5-bahrain-6-hours-22,wec-2021-r5-bahrain-6-hours,fabio-scherer,2,silver,true
wec-2021-r5-bahrain-6-hours-22,wec-2021-r5-bahrain-6-hours,filipe-albuquerque,3,platinum,true
wec-2021-r5-bahrain-6-hours-29,wec-2021-r5-bahrain-6-hours,frits-van-eerd,1,bronze,true
wec-2021-r5-bahrain-6-hours-29,wec-2021-r5-bahrain-6-hours,giedo-van-der-garde,2,platinum,true
wec-2021-r5-bahrain-6-hours-29,wec-2021-r5-bahrain-6-hours,job-van-uitert,3,gold,true
wec-2021-r5-bahrain-6-hours-1,wec-2021-r5-bahrain-6-hours,sophia-floersch,1,silver,true
wec-2021-r5-bahrain-6-hours-1,wec-2021-r5-bahrain-6-hours,beitske-visser,2,silver,true
wec-2021-r5-bahrain-6-hours-1,wec-2021-r5-bahrain-6-hours,gabriel-aubry,3,gold,true
wec-2021-r5-bahrain-6-hours-70,wec-2021-r5-bahrain-6-hours,esteban-garcia,1,bronze,true
wec-2021-r5-bahrain-6-hours-70,wec-2021-r5-bahrain-6-hours,loic-duval,2,platinum,true
wec-2021-r5-bahrain-6-hours-70,wec-2021-r5-bahrain-6-hours,norman-nato,3,gold,true
wec-2021-r5-bahrain-6-hours-20,wec-2021-r5-bahrain-6-hours,dennis-andersen,1,bronze,true
wec-2021-r5-bahrain-6-hours-20,wec-2021-r5-bahrain-6-hours,anders-fjordbach,2,silver,true
wec-2021-r5-bahrain-6-hours-20,wec-2021-r5-bahrain-6-hours,robert-kubica,3,platinum,true
wec-2021-r5-bahrain-6-hours-34,wec-2021-r5-bahrain-6-hours,jakub-smiechowski,1,silver,true
wec-2021-r5-bahrain-6-hours-34,wec-2021-r5-bahrain-6-hours,renger-van-der-zande,2,gold,true
wec-2021-r5-bahrain-6-hours-34,wec-2021-r5-bahrain-6-hours,alex-brundle,3,gold,true
wec-2021-r5-bahrain-6-hours-92,wec-2021-r5-bahrain-6-hours,kevin-estre,1,platinum,true
wec-2021-r5-bahrain-6-hours-92,wec-2021-r5-bahrain-6-hours,neel-jani,2,platinum,true
wec-2021-r5-bahrain-6-hours-91,wec-2021-r5-bahrain-6-hours,gianmaria-bruni,1,platinum,true
wec-2021-r5-bahrain-6-hours-91,wec-2021-r5-bahrain-6-hours,richard-lietz,2,platinum,true
wec-2021-r5-bahrain-6-hours-51,wec-2021-r5-bahrain-6-hours,alessandro-pier-guidi,1,platinum,true
wec-2021-r5-bahrain-6-hours-51,wec-2021-r5-bahrain-6-hours,james-calado,2,platinum,true
wec-2021-r5-bahrain-6-hours-52,wec-2021-r5-bahrain-6-hours,daniel-serra,1,platinum,true
wec-2021-r5-bahrain-6-hours-52,wec-2021-r5-bahrain-6-hours,miguel-molina,2,platinum,true
wec-2021-r5-bahrain-6-hours-33,wec-2021-r5-bahrain-6-hours,ben-keating,1,bronze,true
wec-2021-r5-bahrain-6-hours-33,wec-2021-r5-bahrain-6-hours,dylan-pereira,2,silver,true
wec-2021-r5-bahrain-6-hours-33,wec-2021-r5-bahrain-6-hours,felipe-fraga,3,gold,true
wec-2021-r5-bahrain-6-hours-77,wec-2021-r5-bahrain-6-hours,christian-ried,1,bronze,true
wec-2021-r5-bahrain-6-hours-77,wec-2021-r5-bahrain-6-hours,jaxon-evans,2,silver,true
wec-2021-r5-bahrain-6-hours-77,wec-2021-r5-bahrain-6-hours,matt-campbell,3,gold,true
wec-2021-r5-bahrain-6-hours-56,wec-2021-r5-bahrain-6-hours,egidio-perfetti,1,bronze,true
wec-2021-r5-bahrain-6-hours-56,wec-2021-r5-bahrain-6-hours,matteo-cairoli,2,gold,true
wec-2021-r5-bahrain-6-hours-56,wec-2021-r5-bahrain-6-hours,riccardo-pera,3,silver,true
wec-2021-r5-bahrain-6-hours-98,wec-2021-r5-bahrain-6-hours,paul-dalla-lana,1,bronze,true
wec-2021-r5-bahrain-6-hours-98,wec-2021-r5-bahrain-6-hours,augusto-farfus,2,platinum,true
wec-2021-r5-bahrain-6-hours-98,wec-2021-r5-bahrain-6-hours,marcos-gomes,3,silver,true
wec-2021-r5-bahrain-6-hours-44,wec-2021-r5-bahrain-6-hours,miroslav-konopka,1,bronze,true
wec-2021-r5-bahrain-6-hours-44,wec-2021-r5-bahrain-6-hours,oliver-webb,2,gold,true
wec-2021-r5-bahrain-6-hours-44,wec-2021-r5-bahrain-6-hours,kush-maini,3,silver,true
wec-2021-r5-bahrain-6-hours-83,wec-2021-r5-bahrain-6-hours,francois-perrodo,1,bronze,true
wec-2021-r5-bahrain-6-hours-83,wec-2021-r5-bahrain-6-hours,nicklas-nielsen,2,gold,true
wec-2021-r5-bahrain-6-hours-83,wec-2021-r5-bahrain-6-hours,alessio-rovera,3,silver,true
wec-2021-r5-bahrain-6-hours-86,wec-2021-r5-bahrain-6-hours,michael-wainwright,1,bronze,true
wec-2021-r5-bahrain-6-hours-86,wec-2021-r5-bahrain-6-hours,benjamin-barker,2,gold,true
wec-2021-r5-bahrain-6-hours-86,wec-2021-r5-bahrain-6-hours,tom-gamble,3,silver,true
wec-2021-r5-bahrain-6-hours-54,wec-2021-r5-bahrain-6-hours,thomas-flohr,1,bronze,true
wec-2021-r5-bahrain-6-hours-54,wec-2021-r5-bahrain-6-hours,francesco-castellacci,2,silver,true
wec-2021-r5-bahrain-6-hours-54,wec-2021-r5-bahrain-6-hours,giancarlo-fisichella,3,platinum,true
wec-2021-r5-bahrain-6-hours-85,wec-2021-r5-bahrain-6-hours,rahel-frey,1,silver,true
wec-2021-r5-bahrain-6-hours-85,wec-2021-r5-bahrain-6-hours,sarah-bovy,2,bronze,true
wec-2021-r5-bahrain-6-hours-85,wec-2021-r5-bahrain-6-hours,katherine-legge,3,silver,true
wec-2021-r5-bahrain-6-hours-57,wec-2021-r5-bahrain-6-hours,takeshi-kimura,1,bronze,true
wec-2021-r5-bahrain-6-hours-57,wec-2021-r5-bahrain-6-hours,mikkel-jensen,2,gold,true
wec-2021-r5-bahrain-6-hours-57,wec-2021-r5-bahrain-6-hours,scott-andrews,3,silver,true
wec-2021-r5-bahrain-6-hours-47,wec-2021-r5-bahrain-6-hours,roberto-lacorte,1,bronze,true
wec-2021-r5-bahrain-6-hours-47,wec-2021-r5-bahrain-6-hours,giorgio-sernagiotto,2,silver,true
wec-2021-r5-bahrain-6-hours-47,wec-2021-r5-bahrain-6-hours,antonio-fuoco,3,gold,true
wec-2021-r5-bahrain-6-hours-777,wec-2021-r5-bahrain-6-hours,satoshi-hoshino,1,bronze,true
wec-2021-r5-bahrain-6-hours-777,wec-2021-r5-bahrain-6-hours,tomonobu-fujii,2,gold,true
wec-2021-r5-bahrain-6-hours-777,wec-2021-r5-bahrain-6-hours,andrew-watson,3,silver,true
wec-2021-r5-bahrain-6-hours-60,wec-2021-r5-bahrain-6-hours,rino-mastronardi,1,bronze,true
wec-2021-r5-bahrain-6-hours-60,wec-2021-r5-bahrain-6-hours,andrea-piccini,2,gold,true
wec-2021-r5-bahrain-6-hours-60,wec-2021-r5-bahrain-6-hours,matteo-cressoni,3,silver,true
wec-2021-r5-bahrain-6-hours-21,wec-2021-r5-bahrain-6-hours,henrik-hedman,1,bronze,true
wec-2021-r5-bahrain-6-hours-21,wec-2021-r5-bahrain-6-hours,juan-pablo-montoya,2,platinum,true
wec-2021-r5-bahrain-6-hours-21,wec-2021-r5-bahrain-6-hours,ben-hanley,3,gold,true
wec-2021-r5-bahrain-6-hours-88,wec-2021-r5-bahrain-6-hours,khaled-al-qubaisi,1,bronze,true
wec-2021-r5-bahrain-6-hours-88,wec-2021-r5-bahrain-6-hours,adrien-de-leener,2,silver,true
wec-2021-r5-bahrain-6-hours-88,wec-2021-r5-bahrain-6-hours,julien-andlauer,3,gold,true
wec-2021-r6-bahrain-8-hours-8,wec-2021-r6-bahrain-8-hours,sebastien-buemi,1,platinum,true
wec-2021-r6-bahrain-8-hours-8,wec-2021-r6-bahrain-8-hours,kazuki-nakajima,2,platinum,true
wec-2021-r6-bahrain-8-hours-8,wec-2021-r6-bahrain-8-hours,brendon-hartley,3,platinum,true
wec-2021-r6-bahrain-8-hours-7,wec-2021-r6-bahrain-8-hours,mike-conway,1,platinum,true
wec-2021-r6-bahrain-8-hours-7,wec-2021-r6-bahrain-8-hours,kamui-kobayashi,2,platinum,true
wec-2021-r6-bahrain-8-hours-7,wec-2021-r6-bahrain-8-hours,jose-maria-lopez,3,platinum,true
wec-2021-r6-bahrain-8-hours-36,wec-2021-r6-bahrain-8-hours,andre-negrao,1,gold,true
wec-2021-r6-bahrain-8-hours-36,wec-2021-r6-bahrain-8-hours,nicolas-lapierre,2,platinum,true
wec-2021-r6-bahrain-8-hours-36,wec-2021-r6-bahrain-8-hours,matthieu-vaxiviere,3,gold,true
wec-2021-r6-bahrain-8-hours-31,wec-2021-r6-bahrain-8-hours,robin-frijns,1,platinum,true
wec-2021-r6-bahrain-8-hours-31,wec-2021-r6-bahrain-8-hours,ferdinand-habsburg,2,gold,true
wec-2021-r6-bahrain-8-hours-31,wec-2021-r6-bahrain-8-hours,charles-milesi,3,silver,true
wec-2021-r6-bahrain-8-hours-38,wec-2021-r6-bahrain-8-hours,roberto-gonzalez,1,silver,true
wec-2021-r6-bahrain-8-hours-38,wec-2021-r6-bahrain-8-hours,antonio-felix-da-costa,2,platinum,true
wec-2021-r6-bahrain-8-hours-38,wec-2021-r6-bahrain-8-hours,anthony-davidson,3,platinum,true
wec-2021-r6-bahrain-8-hours-28,wec-2021-r6-bahrain-8-hours,sean-gelael,1,silver,true
wec-2021-r6-bahrain-8-hours-28,wec-2021-r6-bahrain-8-hours,stoffel-vandoorne,2,platinum,true
wec-2021-r6-bahrain-8-hours-28,wec-2021-r6-bahrain-8-hours,tom-blomqvist,3,platinum,true
wec-2021-r6-bahrain-8-hours-22,wec-2021-r6-bahrain-8-hours,philip-hanson,1,gold,true
wec-2021-r6-bahrain-8-hours-22,wec-2021-r6-bahrain-8-hours,fabio-scherer,2,silver,true
wec-2021-r6-bahrain-8-hours-22,wec-2021-r6-bahrain-8-hours,filipe-albuquerque,3,platinum,true
wec-2021-r6-bahrain-8-hours-34,wec-2021-r6-bahrain-8-hours,jakub-smiechowski,1,silver,true
wec-2021-r6-bahrain-8-hours-34,wec-2021-r6-bahrain-8-hours,renger-van-der-zande,2,gold,true
wec-2021-r6-bahrain-8-hours-34,wec-2021-r6-bahrain-8-hours,alex-brundle,3,gold,true
wec-2021-r6-bahrain-8-hours-29,wec-2021-r6-bahrain-8-hours,frits-van-eerd,1,bronze,true
wec-2021-r6-bahrain-8-hours-29,wec-2021-r6-bahrain-8-hours,giedo-van-der-garde,2,platinum,true
wec-2021-r6-bahrain-8-hours-29,wec-2021-r6-bahrain-8-hours,job-van-uitert,3,gold,true
wec-2021-r6-bahrain-8-hours-70,wec-2021-r6-bahrain-8-hours,esteban-garcia,1,bronze,true
wec-2021-r6-bahrain-8-hours-70,wec-2021-r6-bahrain-8-hours,loic-duval,2,platinum,true
wec-2021-r6-bahrain-8-hours-70,wec-2021-r6-bahrain-8-hours,norman-nato,3,gold,true
wec-2021-r6-bahrain-8-hours-20,wec-2021-r6-bahrain-8-hours,dennis-andersen,1,bronze,true
wec-2021-r6-bahrain-8-hours-20,wec-2021-r6-bahrain-8-hours,anders-fjordbach,2,silver,true
wec-2021-r6-bahrain-8-hours-20,wec-2021-r6-bahrain-8-hours,robert-kubica,3,platinum,true
wec-2021-r6-bahrain-8-hours-1,wec-2021-r6-bahrain-8-hours,tatiana-calderon,1,silver,true
wec-2021-r6-bahrain-8-hours-1,wec-2021-r6-bahrain-8-hours,sophia-floersch,2,silver,true
wec-2021-r6-bahrain-8-hours-1,wec-2021-r6-bahrain-8-hours,beitske-visser,3,silver,true
wec-2021-r6-bahrain-8-hours-21,wec-2021-r6-bahrain-8-hours,henrik-hedman,1,bronze,true
wec-2021-r6-bahrain-8-hours-21,wec-2021-r6-bahrain-8-hours,juan-pablo-montoya,2,platinum,true
wec-2021-r6-bahrain-8-hours-21,wec-2021-r6-bahrain-8-hours,ben-hanley,3,gold,true
wec-2021-r6-bahrain-8-hours-44,wec-2021-r6-bahrain-8-hours,miroslav-konopka,1,bronze,true
wec-2021-r6-bahrain-8-hours-44,wec-2021-r6-bahrain-8-hours,oliver-caldwell,2,silver,true
wec-2021-r6-bahrain-8-hours-44,wec-2021-r6-bahrain-8-hours,nelson-panciatici,3,gold,true
wec-2021-r6-bahrain-8-hours-51,wec-2021-r6-bahrain-8-hours,alessandro-pier-guidi,1,platinum,true
wec-2021-r6-bahrain-8-hours-51,wec-2021-r6-bahrain-8-hours,james-calado,2,platinum,true
wec-2021-r6-bahrain-8-hours-92,wec-2021-r6-bahrain-8-hours,kevin-estre,1,platinum,true
wec-2021-r6-bahrain-8-hours-92,wec-2021-r6-bahrain-8-hours,neel-jani,2,platinum,true
wec-2021-r6-bahrain-8-hours-92,wec-2021-r6-bahrain-8-hours,michael-christensen,3,platinum,true
wec-2021-r6-bahrain-8-hours-52,wec-2021-r6-bahrain-8-hours,daniel-serra,1,platinum,true
wec-2021-r6-bahrain-8-hours-52,wec-2021-r6-bahrain-8-hours,miguel-molina,2,platinum,true
wec-2021-r6-bahrain-8-hours-91,wec-2021-r6-bahrain-8-hours,gianmaria-bruni,1,platinum,true
wec-2021-r6-bahrain-8-hours-91,wec-2021-r6-bahrain-8-hours,richard-lietz,2,platinum,true
wec-2021-r6-bahrain-8-hours-91,wec-2021-r6-bahrain-8-hours,frederic-makowiecki,3,platinum,true
wec-2021-r6-bahrain-8-hours-83,wec-2021-r6-bahrain-8-hours,francois-perrodo,1,bronze,true
wec-2021-r6-bahrain-8-hours-83,wec-2021-r6-bahrain-8-hours,nicklas-nielsen,2,gold,true
wec-2021-r6-bahrain-8-hours-83,wec-2021-r6-bahrain-8-hours,alessio-rovera,3,silver,true
wec-2021-r6-bahrain-8-hours-77,wec-2021-r6-bahrain-8-hours,christian-ried,1,bronze,true
wec-2021-r6-bahrain-8-hours-77,wec-2021-r6-bahrain-8-hours,jaxon-evans,2,silver,true
wec-2021-r6-bahrain-8-hours-77,wec-2021-r6-bahrain-8-hours,matt-campbell,3,gold,true
wec-2021-r6-bahrain-8-hours-56,wec-2021-r6-bahrain-8-hours,egidio-perfetti,1,bronze,true
wec-2021-r6-bahrain-8-hours-56,wec-2021-r6-bahrain-8-hours,matteo-cairoli,2,gold,true
wec-2021-r6-bahrain-8-hours-56,wec-2021-r6-bahrain-8-hours,riccardo-pera,3,silver,true
wec-2021-r6-bahrain-8-hours-47,wec-2021-r6-bahrain-8-hours,roberto-lacorte,1,bronze,true
wec-2021-r6-bahrain-8-hours-47,wec-2021-r6-bahrain-8-hours,giorgio-sernagiotto,2,silver,true
wec-2021-r6-bahrain-8-hours-47,wec-2021-r6-bahrain-8-hours,antonio-fuoco,3,gold,true
wec-2021-r6-bahrain-8-hours-57,wec-2021-r6-bahrain-8-hours,takeshi-kimura,1,bronze,true
wec-2021-r6-bahrain-8-hours-57,wec-2021-r6-bahrain-8-hours,mikkel-jensen,2,gold,true
wec-2021-r6-bahrain-8-hours-57,wec-2021-r6-bahrain-8-hours,scott-andrews,3,silver,true
wec-2021-r6-bahrain-8-hours-60,wec-2021-r6-bahrain-8-hours,claudio-schiavoni,1,bronze,true
wec-2021-r6-bahrain-8-hours-60,wec-2021-r6-bahrain-8-hours,andrea-piccini,2,gold,true
wec-2021-r6-bahrain-8-hours-60,wec-2021-r6-bahrain-8-hours,matteo-cressoni,3,silver,true
wec-2021-r6-bahrain-8-hours-54,wec-2021-r6-bahrain-8-hours,thomas-flohr,1,bronze,true
wec-2021-r6-bahrain-8-hours-54,wec-2021-r6-bahrain-8-hours,francesco-castellacci,2,silver,true
wec-2021-r6-bahrain-8-hours-54,wec-2021-r6-bahrain-8-hours,giancarlo-fisichella,3,platinum,true
wec-2021-r6-bahrain-8-hours-777,wec-2021-r6-bahrain-8-hours,satoshi-hoshino,1,bronze,true
wec-2021-r6-bahrain-8-hours-777,wec-2021-r6-bahrain-8-hours,tomonobu-fujii,2,gold,true
wec-2021-r6-bahrain-8-hours-777,wec-2021-r6-bahrain-8-hours,andrew-watson,3,silver,true
wec-2021-r6-bahrain-8-hours-85,wec-2021-r6-bahrain-8-hours,rahel-frey,1,silver,true
wec-2021-r6-bahrain-8-hours-85,wec-2021-r6-bahrain-8-hours,sarah-bovy,2,bronze,true
wec-2021-r6-bahrain-8-hours-85,wec-2021-r6-bahrain-8-hours,katherine-legge,3,silver,true
wec-2021-r6-bahrain-8-hours-86,wec-2021-r6-bahrain-8-hours,michael-wainwright,1,bronze,true
wec-2021-r6-bahrain-8-hours-86,wec-2021-r6-bahrain-8-hours,benjamin-barker,2,gold,true
wec-2021-r6-bahrain-8-hours-86,wec-2021-r6-bahrain-8-hours,tom-gamble,3,silver,true
wec-2021-r6-bahrain-8-hours-98,wec-2021-r6-bahrain-8-hours,paul-dalla-lana,1,bronze,true
wec-2021-r6-bahrain-8-hours-98,wec-2021-r6-bahrain-8-hours,augusto-farfus,2,platinum,true
wec-2021-r6-bahrain-8-hours-98,wec-2021-r6-bahrain-8-hours,marcos-gomes,3,silver,true
wec-2021-r6-bahrain-8-hours-33,wec-2021-r6-bahrain-8-hours,ben-keating,1,bronze,true
wec-2021-r6-bahrain-8-hours-33,wec-2021-r6-bahrain-8-hours,dylan-pereira,2,silver,true
wec-2021-r6-bahrain-8-hours-33,wec-2021-r6-bahrain-8-hours,felipe-fraga,3,gold,true
wec-2021-r6-bahrain-8-hours-88,wec-2021-r6-bahrain-8-hours,khaled-al-qubaisi,1,bronze,true
wec-2021-r6-bahrain-8-hours-88,wec-2021-r6-bahrain-8-hours,axcil-jefferies,2,silver,true
wec-2021-r6-bahrain-8-hours-88,wec-2021-r6-bahrain-8-hours,julien-andlauer,3,gold,true
wec-2022-r1-sebring-36,wec-2022-r1-sebring,andre-negrao,1,gold,true
wec-2022-r1-sebring-36,wec-2022-r1-sebring,nicolas-lapierre,2,platinum,true
wec-2022-r1-sebring-36,wec-2022-r1-sebring,matthieu-vaxiviere,3,gold,true
wec-2022-r1-sebring-8,wec-2022-r1-sebring,sebastien-buemi,1,platinum,true
wec-2022-r1-sebring-8,wec-2022-r1-sebring,brendon-hartley,2,platinum,true
wec-2022-r1-sebring-8,wec-2022-r1-sebring,ryo-hirakawa,3,platinum,true
wec-2022-r1-sebring-708,wec-2022-r1-sebring,olivier-pla,1,platinum,true
wec-2022-r1-sebring-708,wec-2022-r1-sebring,romain-dumas,2,platinum,true
wec-2022-r1-sebring-708,wec-2022-r1-sebring,ryan-briscoe,3,platinum,true
wec-2022-r1-sebring-23,wec-2022-r1-sebring,paul-di-resta,1,platinum,true
wec-2022-r1-sebring-23,wec-2022-r1-sebring,oliver-jarvis,2,platinum,true
wec-2022-r1-sebring-23,wec-2022-r1-sebring,joshua-pierson,3,silver,true
wec-2022-r1-sebring-31,wec-2022-r1-sebring,sean-gelael,1,silver,true
wec-2022-r1-sebring-31,wec-2022-r1-sebring,robin-frijns,2,platinum,true
wec-2022-r1-sebring-31,wec-2022-r1-sebring,rene-rast,3,platinum,true
wec-2022-r1-sebring-41,wec-2022-r1-sebring,rui-andrade,1,silver,true
wec-2022-r1-sebring-41,wec-2022-r1-sebring,ferdinand-habsburg,2,gold,true
wec-2022-r1-sebring-41,wec-2022-r1-sebring,norman-nato,3,gold,true
wec-2022-r1-sebring-9,wec-2022-r1-sebring,robert-kubica,1,platinum,true
wec-2022-r1-sebring-9,wec-2022-r1-sebring,louis-deletraz,2,gold,true
wec-2022-r1-sebring-9,wec-2022-r1-sebring,lorenzo-colombo,3,silver,true
wec-2022-r1-sebring-28,wec-2022-r1-sebring,oliver-rasmussen,1,silver,true
wec-2022-r1-sebring-28,wec-2022-r1-sebring,edward-jones,2,gold,true
wec-2022-r1-sebring-28,wec-2022-r1-sebring,jonathan-aberdein,3,gold,true
wec-2022-r1-sebring-38,wec-2022-r1-sebring,roberto-gonzalez,1,silver,true
wec-2022-r1-sebring-38,wec-2022-r1-sebring,antonio-felix-da-costa,2,platinum,true
wec-2022-r1-sebring-38,wec-2022-r1-sebring,william-stevens,3,platinum,true
wec-2022-r1-sebring-22,wec-2022-r1-sebring,philip-hanson,1,gold,true
wec-2022-r1-sebring-22,wec-2022-r1-sebring,filipe-albuquerque,2,platinum,true
wec-2022-r1-sebring-22,wec-2022-r1-sebring,william-owen,3,silver,true
wec-2022-r1-sebring-5,wec-2022-r1-sebring,dane-cameron,1,gold,true
wec-2022-r1-sebring-5,wec-2022-r1-sebring,emmanuel-collard,2,silver,true
wec-2022-r1-sebring-5,wec-2022-r1-sebring,felipe-nasr,3,platinum,true
wec-2022-r1-sebring-83,wec-2022-r1-sebring,francois-perrodo,1,bronze,true
wec-2022-r1-sebring-83,wec-2022-r1-sebring,nicklas-nielsen,2,gold,true
wec-2022-r1-sebring-83,wec-2022-r1-sebring,alessio-rovera,3,gold,true
wec-2022-r1-sebring-35,wec-2022-r1-sebring,jean-baptiste-lahaye,1,silver,true
wec-2022-r1-sebring-35,wec-2022-r1-sebring,matthieu-lahaye,2,silver,true
wec-2022-r1-sebring-35,wec-2022-r1-sebring,francois-heriau,3,bronze,true
wec-2022-r1-sebring-45,wec-2022-r1-sebring,steven-thomas,1,bronze,true
wec-2022-r1-sebring-45,wec-2022-r1-sebring,james-allen,2,gold,true
wec-2022-r1-sebring-45,wec-2022-r1-sebring,rene-binder,3,silver,true
wec-2022-r1-sebring-1,wec-2022-r1-sebring,lilou-wadoux,1,silver,true
wec-2022-r1-sebring-1,wec-2022-r1-sebring,sebastien-ogier,2,platinum,true
wec-2022-r1-sebring-1,wec-2022-r1-sebring,charles-milesi,3,gold,true
wec-2022-r1-sebring-44,wec-2022-r1-sebring,miroslav-konopka,1,bronze,true
wec-2022-r1-sebring-44,wec-2022-r1-sebring,mathias-beche,2,gold,true
wec-2022-r1-sebring-44,wec-2022-r1-sebring,tijmen-van-der-helm,3,silver,true
wec-2022-r1-sebring-92,wec-2022-r1-sebring,michael-christensen,1,platinum,true
wec-2022-r1-sebring-92,wec-2022-r1-sebring,kevin-estre,2,platinum,true
wec-2022-r1-sebring-64,wec-2022-r1-sebring,tommy-milner,1,platinum,true
wec-2022-r1-sebring-64,wec-2022-r1-sebring,nick-tandy,2,platinum,true
wec-2022-r1-sebring-91,wec-2022-r1-sebring,gianmaria-bruni,1,platinum,true
wec-2022-r1-sebring-91,wec-2022-r1-sebring,richard-lietz,2,platinum,true
wec-2022-r1-sebring-51,wec-2022-r1-sebring,alessandro-pier-guidi,1,platinum,true
wec-2022-r1-sebring-51,wec-2022-r1-sebring,james-calado,2,platinum,true
wec-2022-r1-sebring-98,wec-2022-r1-sebring,paul-dalla-lana,1,bronze,true
wec-2022-r1-sebring-98,wec-2022-r1-sebring,david-pittard,2,silver,true
wec-2022-r1-sebring-98,wec-2022-r1-sebring,nicki-thiim,3,platinum,true
wec-2022-r1-sebring-52,wec-2022-r1-sebring,miguel-molina,1,platinum,true
wec-2022-r1-sebring-52,wec-2022-r1-sebring,antonio-fuoco,2,platinum,true
wec-2022-r1-sebring-33,wec-2022-r1-sebring,ben-keating,1,bronze,true
wec-2022-r1-sebring-33,wec-2022-r1-sebring,florian-latorre,2,silver,true
wec-2022-r1-sebring-33,wec-2022-r1-sebring,marco-sorensen,3,platinum,true
wec-2022-r1-sebring-56,wec-2022-r1-sebring,brendan-iribe,1,bronze,true
wec-2022-r1-sebring-56,wec-2022-r1-sebring,oliver-millroy,2,silver,true
wec-2022-r1-sebring-56,wec-2022-r1-sebring,ben-barnicoat,3,platinum,true
wec-2022-r1-sebring-77,wec-2022-r1-sebring,christian-ried,1,bronze,true
wec-2022-r1-sebring-77,wec-2022-r1-sebring,sebastian-priaulx,2,silver,true
wec-2022-r1-sebring-77,wec-2022-r1-sebring,harry-tincknell,3,platinum,true
wec-2022-r1-sebring-85,wec-2022-r1-sebring,rahel-frey,1,gold,true
wec-2022-r1-sebring-85,wec-2022-r1-sebring,michelle-gatting,2,silver,true
wec-2022-r1-sebring-85,wec-2022-r1-sebring,sarah-bovy,3,bronze,true
wec-2022-r1-sebring-777,wec-2022-r1-sebring,satoshi-hoshino,1,bronze,true
wec-2022-r1-sebring-777,wec-2022-r1-sebring,tomonobu-fujii,2,gold,true
wec-2022-r1-sebring-777,wec-2022-r1-sebring,charles-fagg,3,silver,true
wec-2022-r1-sebring-21,wec-2022-r1-sebring,simon-mann,1,silver,true
wec-2022-r1-sebring-21,wec-2022-r1-sebring,christoph-ulrich,2,bronze,true
wec-2022-r1-sebring-21,wec-2022-r1-sebring,toni-vilander,3,platinum,true
wec-2022-r1-sebring-60,wec-2022-r1-sebring,claudio-schiavoni,1,bronze,true
wec-2022-r1-sebring-60,wec-2022-r1-sebring,matteo-cressoni,2,silver,true
wec-2022-r1-sebring-60,wec-2022-r1-sebring,giancarlo-fisichella,3,platinum,true
wec-2022-r1-sebring-54,wec-2022-r1-sebring,thomas-flohr,1,bronze,true
wec-2022-r1-sebring-54,wec-2022-r1-sebring,francesco-castellacci,2,silver,true
wec-2022-r1-sebring-54,wec-2022-r1-sebring,nicholas-cassidy,3,gold,true
wec-2022-r1-sebring-34,wec-2022-r1-sebring,jakub-smiechowski,1,silver,true
wec-2022-r1-sebring-34,wec-2022-r1-sebring,fabio-scherer,2,gold,true
wec-2022-r1-sebring-34,wec-2022-r1-sebring,esteban-gutierrez,3,platinum,true
wec-2022-r1-sebring-88,wec-2022-r1-sebring,fred-poordad,1,bronze,true
wec-2022-r1-sebring-88,wec-2022-r1-sebring,patrick-lindsey,2,silver,true
wec-2022-r1-sebring-88,wec-2022-r1-sebring,julien-andlauer,3,gold,true
wec-2022-r1-sebring-10,wec-2022-r1-sebring,nico-muller,1,platinum,true
wec-2022-r1-sebring-10,wec-2022-r1-sebring,ryan-cullen,2,silver,true
wec-2022-r1-sebring-10,wec-2022-r1-sebring,mike-rockenfeller,3,platinum,true
wec-2022-r1-sebring-71,wec-2022-r1-sebring,franck-dezoteux,1,bronze,true
wec-2022-r1-sebring-71,wec-2022-r1-sebring,pierre-ragues,2,silver,true
wec-2022-r1-sebring-71,wec-2022-r1-sebring,gabriel-aubry,3,gold,true
wec-2022-r1-sebring-46,wec-2022-r1-sebring,matteo-cairoli,1,gold,true
wec-2022-r1-sebring-46,wec-2022-r1-sebring,mikkel-pedersen,2,silver,true
wec-2022-r1-sebring-46,wec-2022-r1-sebring,nicolas-leutwiler,3,bronze,true
wec-2022-r1-sebring-7,wec-2022-r1-sebring,mike-conway,1,platinum,true
wec-2022-r1-sebring-7,wec-2022-r1-sebring,kamui-kobayashi,2,platinum,true
wec-2022-r1-sebring-7,wec-2022-r1-sebring,jose-maria-lopez,3,platinum,true
wec-2022-r2-spa-7,wec-2022-r2-spa,mike-conway,1,platinum,true
wec-2022-r2-spa-7,wec-2022-r2-spa,kamui-kobayashi,2,platinum,true
wec-2022-r2-spa-7,wec-2022-r2-spa,jose-maria-lopez,3,platinum,true
wec-2022-r2-spa-36,wec-2022-r2-spa,andre-negrao,1,gold,true
wec-2022-r2-spa-36,wec-2022-r2-spa,nicolas-lapierre,2,platinum,true
wec-2022-r2-spa-36,wec-2022-r2-spa,matthieu-vaxiviere,3,gold,true
wec-2022-r2-spa-31,wec-2022-r2-spa,sean-gelael,1,silver,true
wec-2022-r2-spa-31,wec-2022-r2-spa,robin-frijns,2,platinum,true
wec-2022-r2-spa-31,wec-2022-r2-spa,rene-rast,3,platinum,true
wec-2022-r2-spa-41,wec-2022-r2-spa,rui-andrade,1,silver,true
wec-2022-r2-spa-41,wec-2022-r2-spa,ferdinand-habsburg,2,gold,true
wec-2022-r2-spa-41,wec-2022-r2-spa,norman-nato,3,gold,true
wec-2022-r2-spa-38,wec-2022-r2-spa,roberto-gonzalez,1,silver,true
wec-2022-r2-spa-38,wec-2022-r2-spa,antonio-felix-da-costa,2,platinum,true
wec-2022-r2-spa-38,wec-2022-r2-spa,william-stevens,3,platinum,true
wec-2022-r2-spa-5,wec-2022-r2-spa,dane-cameron,1,gold,true
wec-2022-r2-spa-5,wec-2022-r2-spa,emmanuel-collard,2,silver,true
wec-2022-r2-spa-5,wec-2022-r2-spa,felipe-nasr,3,platinum,true
wec-2022-r2-spa-22,wec-2022-r2-spa,philip-hanson,1,gold,true
wec-2022-r2-spa-22,wec-2022-r2-spa,filipe-albuquerque,2,platinum,true
wec-2022-r2-spa-22,wec-2022-r2-spa,william-owen,3,silver,true
wec-2022-r2-spa-23,wec-2022-r2-spa,alexander-lynn,1,platinum,true
wec-2022-r2-spa-23,wec-2022-r2-spa,oliver-jarvis,2,platinum,true
wec-2022-r2-spa-23,wec-2022-r2-spa,joshua-pierson,3,silver,true
wec-2022-r2-spa-708,wec-2022-r2-spa,olivier-pla,1,platinum,true
wec-2022-r2-spa-708,wec-2022-r2-spa,romain-dumas,2,platinum,true
wec-2022-r2-spa-708,wec-2022-r2-spa,luis-felipe-derani,3,platinum,true
wec-2022-r2-spa-9,wec-2022-r2-spa,robert-kubica,1,platinum,true
wec-2022-r2-spa-9,wec-2022-r2-spa,louis-deletraz,2,gold,true
wec-2022-r2-spa-9,wec-2022-r2-spa,lorenzo-colombo,3,silver,true
wec-2022-r2-spa-51,wec-2022-r2-spa,alessandro-pier-guidi,1,platinum,true
wec-2022-r2-spa-51,wec-2022-r2-spa,james-calado,2,platinum,true
wec-2022-r2-spa-92,wec-2022-r2-spa,michael-christensen,1,platinum,true
wec-2022-r2-spa-92,wec-2022-r2-spa,kevin-estre,2,platinum,true
wec-2022-r2-spa-52,wec-2022-r2-spa,miguel-molina,1,platinum,true
wec-2022-r2-spa-52,wec-2022-r2-spa,antonio-fuoco,2,platinum,true
wec-2022-r2-spa-1,wec-2022-r2-spa,lilou-wadoux,1,silver,true
wec-2022-r2-spa-1,wec-2022-r2-spa,sebastien-ogier,2,platinum,true
wec-2022-r2-spa-1,wec-2022-r2-spa,charles-milesi,3,gold,true
wec-2022-r2-spa-83,wec-2022-r2-spa,francois-perrodo,1,bronze,true
wec-2022-r2-spa-83,wec-2022-r2-spa,nicklas-nielsen,2,gold,true
wec-2022-r2-spa-83,wec-2022-r2-spa,alessio-rovera,3,gold,true
wec-2022-r2-spa-10,wec-2022-r2-spa,nico-muller,1,platinum,true
wec-2022-r2-spa-10,wec-2022-r2-spa,ryan-cullen,2,silver,true
wec-2022-r2-spa-10,wec-2022-r2-spa,sebastien-bourdais,3,platinum,true
wec-2022-r2-spa-45,wec-2022-r2-spa,steven-thomas,1,bronze,true
wec-2022-r2-spa-45,wec-2022-r2-spa,james-allen,2,gold,true
wec-2022-r2-spa-45,wec-2022-r2-spa,rene-binder,3,silver,true
wec-2022-r2-spa-64,wec-2022-r2-spa,tommy-milner,1,platinum,true
wec-2022-r2-spa-64,wec-2022-r2-spa,nick-tandy,2,platinum,true
wec-2022-r2-spa-35,wec-2022-r2-spa,jean-baptiste-lahaye,1,silver,true
wec-2022-r2-spa-35,wec-2022-r2-spa,matthieu-lahaye,2,silver,true
wec-2022-r2-spa-35,wec-2022-r2-spa,francois-heriau,3,bronze,true
wec-2022-r2-spa-91,wec-2022-r2-spa,gianmaria-bruni,1,platinum,true
wec-2022-r2-spa-91,wec-2022-r2-spa,richard-lietz,2,platinum,true
wec-2022-r2-spa-77,wec-2022-r2-spa,christian-ried,1,bronze,true
wec-2022-r2-spa-77,wec-2022-r2-spa,sebastian-priaulx,2,silver,true
wec-2022-r2-spa-77,wec-2022-r2-spa,harry-tincknell,3,platinum,true
wec-2022-r2-spa-33,wec-2022-r2-spa,ben-keating,1,bronze,true
wec-2022-r2-spa-33,wec-2022-r2-spa,henrique-chaves,2,silver,true
wec-2022-r2-spa-33,wec-2022-r2-spa,marco-sorensen,3,platinum,true
wec-2022-r2-spa-98,wec-2022-r2-spa,paul-dalla-lana,1,bronze,true
wec-2022-r2-spa-98,wec-2022-r2-spa,david-pittard,2,silver,true
wec-2022-r2-spa-98,wec-2022-r2-spa,nicki-thiim,3,platinum,true
wec-2022-r2-spa-54,wec-2022-r2-spa,thomas-flohr,1,bronze,true
wec-2022-r2-spa-54,wec-2022-r2-spa,francesco-castellacci,2,silver,true
wec-2022-r2-spa-54,wec-2022-r2-spa,nicholas-cassidy,3,gold,true
wec-2022-r2-spa-46,wec-2022-r2-spa,matteo-cairoli,1,gold,true
wec-2022-r2-spa-46,wec-2022-r2-spa,mikkel-pedersen,2,silver,true
wec-2022-r2-spa-46,wec-2022-r2-spa,nicolas-leutwiler,3,bronze,true
wec-2022-r2-spa-86,wec-2022-r2-spa,michael-wainwright,1,bronze,true
wec-2022-r2-spa-86,wec-2022-r2-spa,riccardo-pera,2,silver,true
wec-2022-r2-spa-86,wec-2022-r2-spa,benjamin-barker,3,gold,true
wec-2022-r2-spa-777,wec-2022-r2-spa,satoshi-hoshino,1,bronze,true
wec-2022-r2-spa-777,wec-2022-r2-spa,tomonobu-fujii,2,gold,true
wec-2022-r2-spa-777,wec-2022-r2-spa,charles-fagg,3,silver,true
wec-2022-r2-spa-60,wec-2022-r2-spa,claudio-schiavoni,1,bronze,true
wec-2022-r2-spa-60,wec-2022-r2-spa,matteo-cressoni,2,silver,true
wec-2022-r2-spa-60,wec-2022-r2-spa,giancarlo-fisichella,3,platinum,true
wec-2022-r2-spa-88,wec-2022-r2-spa,fred-poordad,1,bronze,true
wec-2022-r2-spa-88,wec-2022-r2-spa,patrick-lindsey,2,silver,true
wec-2022-r2-spa-88,wec-2022-r2-spa,jan-heylen,3,gold,true
wec-2022-r2-spa-85,wec-2022-r2-spa,rahel-frey,1,gold,true
wec-2022-r2-spa-85,wec-2022-r2-spa,doriane-pin,2,silver,true
wec-2022-r2-spa-85,wec-2022-r2-spa,christina-nielsen,3,bronze,true
wec-2022-r2-spa-21,wec-2022-r2-spa,simon-mann,1,silver,true
wec-2022-r2-spa-21,wec-2022-r2-spa,christoph-ulrich,2,bronze,true
wec-2022-r2-spa-21,wec-2022-r2-spa,toni-vilander,3,platinum,true
wec-2022-r2-spa-71,wec-2022-r2-spa,franck-dezoteux,1,bronze,true
wec-2022-r2-spa-71,wec-2022-r2-spa,pierre-ragues,2,silver,true
wec-2022-r2-spa-71,wec-2022-r2-spa,gabriel-aubry,3,gold,true
wec-2022-r2-spa-56,wec-2022-r2-spa,brendan-iribe,1,bronze,true
wec-2022-r2-spa-56,wec-2022-r2-spa,oliver-millroy,2,silver,true
wec-2022-r2-spa-56,wec-2022-r2-spa,ben-barnicoat,3,platinum,true
wec-2022-r2-spa-28,wec-2022-r2-spa,oliver-rasmussen,1,silver,true
wec-2022-r2-spa-28,wec-2022-r2-spa,edward-jones,2,gold,true
wec-2022-r2-spa-28,wec-2022-r2-spa,jonathan-aberdein,3,gold,true
wec-2022-r2-spa-34,wec-2022-r2-spa,jakub-smiechowski,1,silver,true
wec-2022-r2-spa-34,wec-2022-r2-spa,alex-brundle,2,gold,true
wec-2022-r2-spa-34,wec-2022-r2-spa,esteban-gutierrez,3,platinum,true
wec-2022-r2-spa-8,wec-2022-r2-spa,sebastien-buemi,1,platinum,true
wec-2022-r2-spa-8,wec-2022-r2-spa,brendon-hartley,2,platinum,true
wec-2022-r2-spa-8,wec-2022-r2-spa,ryo-hirakawa,3,platinum,true
wec-2022-r2-spa-44,wec-2022-r2-spa,miroslav-konopka,1,bronze,true
wec-2022-r2-spa-44,wec-2022-r2-spa,tijmen-van-der-helm,2,silver,true
wec-2022-r2-spa-44,wec-2022-r2-spa,bent-viscaal,3,gold,true
wec-2022-r3-le-mans-8,wec-2022-r3-le-mans,sebastien-buemi,1,platinum,true
wec-2022-r3-le-mans-8,wec-2022-r3-le-mans,brendon-hartley,2,platinum,true
wec-2022-r3-le-mans-8,wec-2022-r3-le-mans,ryo-hirakawa,3,platinum,true
wec-2022-r3-le-mans-7,wec-2022-r3-le-mans,mike-conway,1,platinum,true
wec-2022-r3-le-mans-7,wec-2022-r3-le-mans,kamui-kobayashi,2,platinum,true
wec-2022-r3-le-mans-7,wec-2022-r3-le-mans,jose-maria-lopez,3,platinum,true
wec-2022-r3-le-mans-709,wec-2022-r3-le-mans,ryan-briscoe,1,platinum,true
wec-2022-r3-le-mans-709,wec-2022-r3-le-mans,richard-westbrook,2,platinum,true
wec-2022-r3-le-mans-709,wec-2022-r3-le-mans,franck-mailleux,3,gold,true
wec-2022-r3-le-mans-708,wec-2022-r3-le-mans,olivier-pla,1,platinum,true
wec-2022-r3-le-mans-708,wec-2022-r3-le-mans,romain-dumas,2,platinum,true
wec-2022-r3-le-mans-708,wec-2022-r3-le-mans,luis-felipe-derani,3,platinum,true
wec-2022-r3-le-mans-38,wec-2022-r3-le-mans,roberto-gonzalez,1,silver,true
wec-2022-r3-le-mans-38,wec-2022-r3-le-mans,antonio-felix-da-costa,2,platinum,true
wec-2022-r3-le-mans-38,wec-2022-r3-le-mans,william-stevens,3,platinum,true
wec-2022-r3-le-mans-9,wec-2022-r3-le-mans,robert-kubica,1,platinum,true
wec-2022-r3-le-mans-9,wec-2022-r3-le-mans,louis-deletraz,2,gold,true
wec-2022-r3-le-mans-9,wec-2022-r3-le-mans,lorenzo-colombo,3,silver,true
wec-2022-r3-le-mans-28,wec-2022-r3-le-mans,oliver-rasmussen,1,silver,true
wec-2022-r3-le-mans-28,wec-2022-r3-le-mans,edward-jones,2,gold,true
wec-2022-r3-le-mans-28,wec-2022-r3-le-mans,jonathan-aberdein,3,gold,true
wec-2022-r3-le-mans-13,wec-2022-r3-le-mans,nyck-de-vries,1,platinum,true
wec-2022-r3-le-mans-13,wec-2022-r3-le-mans,mathias-beche,2,gold,true
wec-2022-r3-le-mans-13,wec-2022-r3-le-mans,tijmen-van-der-helm,3,silver,true
wec-2022-r3-le-mans-5,wec-2022-r3-le-mans,dane-cameron,1,gold,true
wec-2022-r3-le-mans-5,wec-2022-r3-le-mans,emmanuel-collard,2,silver,true
wec-2022-r3-le-mans-5,wec-2022-r3-le-mans,felipe-nasr,3,platinum,true
wec-2022-r3-le-mans-23,wec-2022-r3-le-mans,alexander-lynn,1,platinum,true
wec-2022-r3-le-mans-23,wec-2022-r3-le-mans,oliver-jarvis,2,platinum,true
wec-2022-r3-le-mans-23,wec-2022-r3-le-mans,joshua-pierson,3,silver,true
wec-2022-r3-le-mans-37,wec-2022-r3-le-mans,yifei-ye,1,gold,true
wec-2022-r3-le-mans-37,wec-2022-r3-le-mans,ricky-taylor,2,platinum,true
wec-2022-r3-le-mans-37,wec-2022-r3-le-mans,niklas-kruetten,3,silver,true
wec-2022-r3-le-mans-48,wec-2022-r3-le-mans,paul-lafargue,1,silver,true
wec-2022-r3-le-mans-48,wec-2022-r3-le-mans,paul-loup-chatin,2,gold,true
wec-2022-r3-le-mans-48,wec-2022-r3-le-mans,patrick-pilet,3,platinum,true
wec-2022-r3-le-mans-1,wec-2022-r3-le-mans,lilou-wadoux,1,silver,true
wec-2022-r3-le-mans-1,wec-2022-r3-le-mans,sebastien-ogier,2,platinum,true
wec-2022-r3-le-mans-1,wec-2022-r3-le-mans,charles-milesi,3,gold,true
wec-2022-r3-le-mans-22,wec-2022-r3-le-mans,philip-hanson,1,gold,true
wec-2022-r3-le-mans-22,wec-2022-r3-le-mans,filipe-albuquerque,2,platinum,true
wec-2022-r3-le-mans-22,wec-2022-r3-le-mans,will-owen,3,silver,true
wec-2022-r3-le-mans-32,wec-2022-r3-le-mans,rolf-ineichen,1,silver,true
wec-2022-r3-le-mans-32,wec-2022-r3-le-mans,mirko-bortolotti,2,platinum,true
wec-2022-r3-le-mans-32,wec-2022-r3-le-mans,dries-vanthoor,3,platinum,true
wec-2022-r3-le-mans-65,wec-2022-r3-le-mans,julien-canal,1,silver,true
wec-2022-r3-le-mans-65,wec-2022-r3-le-mans,nicolas-jamin,2,gold,true
wec-2022-r3-le-mans-65,wec-2022-r3-le-mans,job-van-uitert,3,gold,true
wec-2022-r3-le-mans-34,wec-2022-r3-le-mans,jakub-smiechowski,1,silver,true
wec-2022-r3-le-mans-34,wec-2022-r3-le-mans,alex-brundle,2,gold,true
wec-2022-r3-le-mans-34,wec-2022-r3-le-mans,esteban-gutierrez,3,platinum,true
wec-2022-r3-le-mans-43,wec-2022-r3-le-mans,david-heinemeier-hansson,1,silver,true
wec-2022-r3-le-mans-43,wec-2022-r3-le-mans,fabio-scherer,2,gold,true
wec-2022-r3-le-mans-43,wec-2022-r3-le-mans,pietro-fittipaldi,3,platinum,true
wec-2022-r3-le-mans-45,wec-2022-r3-le-mans,steven-thomas,1,bronze,true
wec-2022-r3-le-mans-45,wec-2022-r3-le-mans,james-allen,2,silver,true
wec-2022-r3-le-mans-45,wec-2022-r3-le-mans,rene-binder,3,bronze,true
wec-2022-r3-le-mans-24,wec-2022-r3-le-mans,rodrigo-sales,1,bronze,true
wec-2022-r3-le-mans-24,wec-2022-r3-le-mans,matthew-bell,2,silver,true
wec-2022-r3-le-mans-24,wec-2022-r3-le-mans,ben-hanley,3,gold,true
wec-2022-r3-le-mans-41,wec-2022-r3-le-mans,rui-andrade,1,silver,true
wec-2022-r3-le-mans-41,wec-2022-r3-le-mans,ferdinand-habsburg,2,gold,true
wec-2022-r3-le-mans-41,wec-2022-r3-le-mans,norman-nato,3,gold,true
wec-2022-r3-le-mans-3,wec-2022-r3-le-mans,laurents-horr,1,gold,true
wec-2022-r3-le-mans-3,wec-2022-r3-le-mans,jean-glorieux,2,bronze,true
wec-2022-r3-le-mans-3,wec-2022-r3-le-mans,alexandre-cougnaud,3,silver,true
wec-2022-r3-le-mans-36,wec-2022-r3-le-mans,andre-negrao,1,gold,true
wec-2022-r3-le-mans-36,wec-2022-r3-le-mans,nicolas-lapierre,2,platinum,true
wec-2022-r3-le-mans-36,wec-2022-r3-le-mans,matthieu-vaxiviere,3,gold,true
wec-2022-r3-le-mans-83,wec-2022-r3-le-mans,francois-perrodo,1,bronze,true
wec-2022-r3-le-mans-83,wec-2022-r3-le-mans,nicklas-nielsen,2,gold,true
wec-2022-r3-le-mans-83,wec-2022-r3-le-mans,alessio-rovera,3,gold,true
wec-2022-r3-le-mans-47,wec-2022-r3-le-mans,sophia-floersch,1,silver,true
wec-2022-r3-le-mans-47,wec-2022-r3-le-mans,john-falb,2,bronze,true
wec-2022-r3-le-mans-47,wec-2022-r3-le-mans,jack-aitken,3,gold,true
wec-2022-r3-le-mans-44,wec-2022-r3-le-mans,miroslav-konopka,1,bronze,true
wec-2022-r3-le-mans-44,wec-2022-r3-le-mans,bent-viscaal,2,silver,true
wec-2022-r3-le-mans-44,wec-2022-r3-le-mans,tristan-vautier,3,gold,true
wec-2022-r3-le-mans-10,wec-2022-r3-le-mans,nico-muller,1,platinum,true
wec-2022-r3-le-mans-10,wec-2022-r3-le-mans,ryan-cullen,2,silver,true
wec-2022-r3-le-mans-10,wec-2022-r3-le-mans,sebastien-bourdais,3,platinum,true
wec-2022-r3-le-mans-91,wec-2022-r3-le-mans,gianmaria-bruni,1,platinum,true
wec-2022-r3-le-mans-91,wec-2022-r3-le-mans,richard-lietz,2,platinum,true
wec-2022-r3-le-mans-91,wec-2022-r3-le-mans,frederic-makowiecki,3,platinum,true
wec-2022-r3-le-mans-51,wec-2022-r3-le-mans,alessandro-pier-guidi,1,platinum,true
wec-2022-r3-le-mans-51,wec-2022-r3-le-mans,james-calado,2,platinum,true
wec-2022-r3-le-mans-51,wec-2022-r3-le-mans,daniel-serra,3,platinum,true
wec-2022-r3-le-mans-52,wec-2022-r3-le-mans,miguel-molina,1,platinum,true
wec-2022-r3-le-mans-52,wec-2022-r3-le-mans,antonio-fuoco,2,platinum,true
wec-2022-r3-le-mans-52,wec-2022-r3-le-mans,davide-rigon,3,platinum,true
wec-2022-r3-le-mans-92,wec-2022-r3-le-mans,michael-christensen,1,platinum,true
wec-2022-r3-le-mans-92,wec-2022-r3-le-mans,kevin-estre,2,platinum,true
wec-2022-r3-le-mans-92,wec-2022-r3-le-mans,laurens-vanthoor,3,platinum,true
wec-2022-r3-le-mans-74,wec-2022-r3-le-mans,felipe-fraga,1,gold,true
wec-2022-r3-le-mans-74,wec-2022-r3-le-mans,sam-bird,2,platinum,true
wec-2022-r3-le-mans-74,wec-2022-r3-le-mans,shane-van-gisbergen,3,gold,true
wec-2022-r3-le-mans-39,wec-2022-r3-le-mans,eric-trouillet,1,bronze,true
wec-2022-r3-le-mans-39,wec-2022-r3-le-mans,sebastien-page,2,bronze,true
wec-2022-r3-le-mans-39,wec-2022-r3-le-mans,david-droux,3,gold,true
wec-2022-r3-le-mans-33,wec-2022-r3-le-mans,ben-keating,1,bronze,true
wec-2022-r3-le-mans-33,wec-2022-r3-le-mans,henrique-chaves,2,silver,true
wec-2022-r3-le-mans-33,wec-2022-r3-le-mans,marco-sorensen,3,platinum,true
wec-2022-r3-le-mans-79,wec-2022-r3-le-mans,cooper-macneil,1,silver,true
wec-2022-r3-le-mans-79,wec-2022-r3-le-mans,julien-andlauer,2,gold,true
wec-2022-r3-le-mans-79,wec-2022-r3-le-mans,thomas-merrill,3,bronze,true
wec-2022-r3-le-mans-98,wec-2022-r3-le-mans,paul-dalla-lana,1,bronze,true
wec-2022-r3-le-mans-98,wec-2022-r3-le-mans,david-pittard,2,silver,true
wec-2022-r3-le-mans-98,wec-2022-r3-le-mans,nicki-thiim,3,platinum,true
wec-2022-r3-le-mans-86,wec-2022-r3-le-mans,michael-wainwright,1,bronze,true
wec-2022-r3-le-mans-86,wec-2022-r3-le-mans,riccardo-pera,2,silver,true
wec-2022-r3-le-mans-86,wec-2022-r3-le-mans,benjamin-barker,3,gold,true
wec-2022-r3-le-mans-88,wec-2022-r3-le-mans,fred-poordad,1,bronze,true
wec-2022-r3-le-mans-88,wec-2022-r3-le-mans,maxwell-root,2,silver,true
wec-2022-r3-le-mans-88,wec-2022-r3-le-mans,jan-heylen,3,gold,true
wec-2022-r3-le-mans-54,wec-2022-r3-le-mans,thomas-flohr,1,bronze,true
wec-2022-r3-le-mans-54,wec-2022-r3-le-mans,francesco-castellacci,2,silver,true
wec-2022-r3-le-mans-54,wec-2022-r3-le-mans,nicholas-cassidy,3,gold,true
wec-2022-r3-le-mans-85,wec-2022-r3-le-mans,rahel-frey,1,gold,true
wec-2022-r3-le-mans-85,wec-2022-r3-le-mans,michelle-gatting,2,silver,true
wec-2022-r3-le-mans-85,wec-2022-r3-le-mans,sarah-bovy,3,bronze,true
wec-2022-r3-le-mans-21,wec-2022-r3-le-mans,simon-mann,1,silver,true
wec-2022-r3-le-mans-21,wec-2022-r3-le-mans,christoph-ulrich,2,bronze,true
wec-2022-r3-le-mans-21,wec-2022-r3-le-mans,toni-vilander,3,platinum,true
wec-2022-r3-le-mans-61,wec-2022-r3-le-mans,louis-prette,1,silver,true
wec-2022-r3-le-mans-61,wec-2022-r3-le-mans,conrad-grunewald,2,bronze,true
wec-2022-r3-le-mans-61,wec-2022-r3-le-mans,vincent-abril,3,gold,true
wec-2022-r3-le-mans-55,wec-2022-r3-le-mans,duncan-cameron,1,bronze,true
wec-2022-r3-le-mans-55,wec-2022-r3-le-mans,matthew-griffin,2,gold,true
wec-2022-r3-le-mans-55,wec-2022-r3-le-mans,david-perel,3,silver,true
wec-2022-r3-le-mans-99,wec-2022-r3-le-mans,andrew-haryanto,1,bronze,true
wec-2022-r3-le-mans-99,wec-2022-r3-le-mans,alessio-picariello,2,gold,true
wec-2022-r3-le-mans-99,wec-2022-r3-le-mans,martin-rump,3,silver,true
wec-2022-r3-le-mans-57,wec-2022-r3-le-mans,takeshi-kimura,1,bronze,true
wec-2022-r3-le-mans-57,wec-2022-r3-le-mans,frederik-schandorff,2,silver,true
wec-2022-r3-le-mans-57,wec-2022-r3-le-mans,mikkel-jensen,3,gold,true
wec-2022-r3-le-mans-80,wec-2022-r3-le-mans,matteo-cressoni,1,silver,true
wec-2022-r3-le-mans-80,wec-2022-r3-le-mans,giancarlo-fisichella,2,platinum,true
wec-2022-r3-le-mans-80,wec-2022-r3-le-mans,richard-heistand,3,bronze,true
wec-2022-r3-le-mans-77,wec-2022-r3-le-mans,christian-ried,1,bronze,true
wec-2022-r3-le-mans-77,wec-2022-r3-le-mans,sebastian-priaulx,2,silver,true
wec-2022-r3-le-mans-77,wec-2022-r3-le-mans,harry-tincknell,3,platinum,true
wec-2022-r3-le-mans-35,wec-2022-r3-le-mans,jean-baptiste-lahaye,1,silver,true
wec-2022-r3-le-mans-35,wec-2022-r3-le-mans,matthieu-lahaye,2,silver,true
wec-2022-r3-le-mans-35,wec-2022-r3-le-mans,francois-heriau,3,bronze,true
wec-2022-r3-le-mans-27,wec-2022-r3-le-mans,christophe-cresp,1,bronze,true
wec-2022-r3-le-mans-27,wec-2022-r3-le-mans,michael-jensen,2,bronze,true
wec-2022-r3-le-mans-27,wec-2022-r3-le-mans,steven-palette,3,silver,true
wec-2022-r3-le-mans-66,wec-2022-r3-le-mans,renger-van-der-zande,1,gold,true
wec-2022-r3-le-mans-66,wec-2022-r3-le-mans,mark-kvamme,2,bronze,true
wec-2022-r3-le-mans-66,wec-2022-r3-le-mans,jason-hart,3,silver,true
wec-2022-r3-le-mans-93,wec-2022-r3-le-mans,michael-fassbender,1,bronze,true
wec-2022-r3-le-mans-93,wec-2022-r3-le-mans,matt-campbell,2,gold,true
wec-2022-r3-le-mans-93,wec-2022-r3-le-mans,zacharie-robichon,3,silver,true
wec-2022-r3-le-mans-30,wec-2022-r3-le-mans,richard-bradley,1,gold,true
wec-2022-r3-le-mans-30,wec-2022-r3-le-mans,guillermo-rojas,2,gold,true
wec-2022-r3-le-mans-30,wec-2022-r3-le-mans,reshad-de-gerus,3,silver,true
wec-2022-r3-le-mans-75,wec-2022-r3-le-mans,pierre-ehret,1,bronze,true
wec-2022-r3-le-mans-75,wec-2022-r3-le-mans,christian-hook,2,bronze,true
wec-2022-r3-le-mans-75,wec-2022-r3-le-mans,nicolas-varrone,3,silver,true
wec-2022-r3-le-mans-60,wec-2022-r3-le-mans,claudio-schiavoni,1,bronze,true
wec-2022-r3-le-mans-60,wec-2022-r3-le-mans,alessandro-balzan,2,gold,true
wec-2022-r3-le-mans-60,wec-2022-r3-le-mans,raffaele-giammaria,3,silver,true
wec-2022-r3-le-mans-31,wec-2022-r3-le-mans,sean-gelael,1,silver,true
wec-2022-r3-le-mans-31,wec-2022-r3-le-mans,robin-frijns,2,platinum,true
wec-2022-r3-le-mans-31,wec-2022-r3-le-mans,rene-rast,3,platinum,true
wec-2022-r3-le-mans-64,wec-2022-r3-le-mans,tommy-milner,1,platinum,true
wec-2022-r3-le-mans-64,wec-2022-r3-le-mans,nick-tandy,2,platinum,true
wec-2022-r3-le-mans-64,wec-2022-r3-le-mans,alexander-sims,3,platinum,true
wec-2022-r3-le-mans-56,wec-2022-r3-le-mans,brendan-iribe,1,bronze,true
wec-2022-r3-le-mans-56,wec-2022-r3-le-mans,oliver-millroy,2,silver,true
wec-2022-r3-le-mans-56,wec-2022-r3-le-mans,ben-barnicoat,3,platinum,true
wec-2022-r3-le-mans-63,wec-2022-r3-le-mans,antonio-garcia,1,platinum,true
wec-2022-r3-le-mans-63,wec-2022-r3-le-mans,jordan-taylor,2,platinum,true
wec-2022-r3-le-mans-63,wec-2022-r3-le-mans,nicky-catsburg,3,platinum,true
wec-2022-r3-le-mans-59,wec-2022-r3-le-mans,alexander-west,1,bronze,true
wec-2022-r3-le-mans-59,wec-2022-r3-le-mans,come-ledogar,2,platinum,true
wec-2022-r3-le-mans-59,wec-2022-r3-le-mans,marvin-klein,3,silver,true
wec-2022-r3-le-mans-71,wec-2022-r3-le-mans,franck-dezoteux,1,bronze,true
wec-2022-r3-le-mans-71,wec-2022-r3-le-mans,pierre-ragues,2,silver,true
wec-2022-r3-le-mans-71,wec-2022-r3-le-mans,gabriel-aubry,3,gold,true
wec-2022-r3-le-mans-777,wec-2022-r3-le-mans,satoshi-hoshino,1,bronze,true
wec-2022-r3-le-mans-777,wec-2022-r3-le-mans,tomonobu-fujii,2,gold,true
wec-2022-r3-le-mans-777,wec-2022-r3-le-mans,charles-fagg,3,silver,true
wec-2022-r3-le-mans-46,wec-2022-r3-le-mans,matteo-cairoli,1,gold,true
wec-2022-r3-le-mans-46,wec-2022-r3-le-mans,mikkel-pedersen,2,silver,true
wec-2022-r3-le-mans-46,wec-2022-r3-le-mans,nicolas-leutwiler,3,bronze,true
wec-2022-r4-monza-36,wec-2022-r4-monza,andre-negrao,1,gold,true
wec-2022-r4-monza-36,wec-2022-r4-monza,nicolas-lapierre,2,platinum,true
wec-2022-r4-monza-36,wec-2022-r4-monza,matthieu-vaxiviere,3,gold,true
wec-2022-r4-monza-8,wec-2022-r4-monza,sebastien-buemi,1,platinum,true
wec-2022-r4-monza-8,wec-2022-r4-monza,brendon-hartley,2,platinum,true
wec-2022-r4-monza-8,wec-2022-r4-monza,ryo-hirakawa,3,platinum,true
wec-2022-r4-monza-7,wec-2022-r4-monza,mike-conway,1,platinum,true
wec-2022-r4-monza-7,wec-2022-r4-monza,kamui-kobayashi,2,platinum,true
wec-2022-r4-monza-7,wec-2022-r4-monza,jose-maria-lopez,3,platinum,true
wec-2022-r4-monza-41,wec-2022-r4-monza,rui-andrade,1,silver,true
wec-2022-r4-monza-41,wec-2022-r4-monza,ferdinand-habsburg,2,gold,true
wec-2022-r4-monza-41,wec-2022-r4-monza,norman-nato,3,gold,true
wec-2022-r4-monza-38,wec-2022-r4-monza,roberto-gonzalez,1,silver,true
wec-2022-r4-monza-38,wec-2022-r4-monza,antonio-felix-da-costa,2,platinum,true
wec-2022-r4-monza-38,wec-2022-r4-monza,william-stevens,3,platinum,true
wec-2022-r4-monza-10,wec-2022-r4-monza,nico-muller,1,platinum,true
wec-2022-r4-monza-10,wec-2022-r4-monza,ryan-cullen,2,silver,true
wec-2022-r4-monza-10,wec-2022-r4-monza,sebastien-bourdais,3,platinum,true
wec-2022-r4-monza-34,wec-2022-r4-monza,jakub-smiechowski,1,silver,true
wec-2022-r4-monza-34,wec-2022-r4-monza,alex-brundle,2,gold,true
wec-2022-r4-monza-34,wec-2022-r4-monza,esteban-gutierrez,3,platinum,true
wec-2022-r4-monza-23,wec-2022-r4-monza,alexander-lynn,1,platinum,true
wec-2022-r4-monza-23,wec-2022-r4-monza,oliver-jarvis,2,platinum,true
wec-2022-r4-monza-23,wec-2022-r4-monza,joshua-pierson,3,silver,true
wec-2022-r4-monza-9,wec-2022-r4-monza,robert-kubica,1,platinum,true
wec-2022-r4-monza-9,wec-2022-r4-monza,louis-deletraz,2,gold,true
wec-2022-r4-monza-9,wec-2022-r4-monza,lorenzo-colombo,3,silver,true
wec-2022-r4-monza-45,wec-2022-r4-monza,steven-thomas,1,bronze,true
wec-2022-r4-monza-45,wec-2022-r4-monza,james-allen,2,gold,true
wec-2022-r4-monza-45,wec-2022-r4-monza,rene-binder,3,silver,true
wec-2022-r4-monza-35,wec-2022-r4-monza,jean-baptiste-lahaye,1,silver,true
wec-2022-r4-monza-35,wec-2022-r4-monza,matthieu-lahaye,2,silver,true
wec-2022-r4-monza-35,wec-2022-r4-monza,francois-heriau,3,bronze,true
wec-2022-r4-monza-83,wec-2022-r4-monza,francois-perrodo,1,bronze,true
wec-2022-r4-monza-83,wec-2022-r4-monza,nicklas-nielsen,2,gold,true
wec-2022-r4-monza-83,wec-2022-r4-monza,alessio-rovera,3,gold,true
wec-2022-r4-monza-28,wec-2022-r4-monza,oliver-rasmussen,1,silver,true
wec-2022-r4-monza-28,wec-2022-r4-monza,edward-jones,2,gold,true
wec-2022-r4-monza-28,wec-2022-r4-monza,jonathan-aberdein,3,gold,true
wec-2022-r4-monza-44,wec-2022-r4-monza,miroslav-konopka,1,bronze,true
wec-2022-r4-monza-44,wec-2022-r4-monza,tijmen-van-der-helm,2,silver,true
wec-2022-r4-monza-44,wec-2022-r4-monza,mathias-beche,3,gold,true
wec-2022-r4-monza-64,wec-2022-r4-monza,tommy-milner,1,platinum,true
wec-2022-r4-monza-64,wec-2022-r4-monza,nick-tandy,2,platinum,true
wec-2022-r4-monza-52,wec-2022-r4-monza,miguel-molina,1,platinum,true
wec-2022-r4-monza-52,wec-2022-r4-monza,antonio-fuoco,2,platinum,true
wec-2022-r4-monza-51,wec-2022-r4-monza,alessandro-pier-guidi,1,platinum,true
wec-2022-r4-monza-51,wec-2022-r4-monza,james-calado,2,platinum,true
wec-2022-r4-monza-92,wec-2022-r4-monza,michael-christensen,1,platinum,true
wec-2022-r4-monza-92,wec-2022-r4-monza,kevin-estre,2,platinum,true
wec-2022-r4-monza-91,wec-2022-r4-monza,gianmaria-bruni,1,platinum,true
wec-2022-r4-monza-91,wec-2022-r4-monza,frederic-makowiecki,2,platinum,true
wec-2022-r4-monza-77,wec-2022-r4-monza,christian-ried,1,bronze,true
wec-2022-r4-monza-77,wec-2022-r4-monza,sebastian-priaulx,2,silver,true
wec-2022-r4-monza-77,wec-2022-r4-monza,harry-tincknell,3,platinum,true
wec-2022-r4-monza-31,wec-2022-r4-monza,sean-gelael,1,silver,true
wec-2022-r4-monza-31,wec-2022-r4-monza,robin-frijns,2,platinum,true
wec-2022-r4-monza-31,wec-2022-r4-monza,rene-rast,3,platinum,true
wec-2022-r4-monza-85,wec-2022-r4-monza,rahel-frey,1,gold,true
wec-2022-r4-monza-85,wec-2022-r4-monza,michelle-gatting,2,silver,true
wec-2022-r4-monza-85,wec-2022-r4-monza,sarah-bovy,3,bronze,true
wec-2022-r4-monza-22,wec-2022-r4-monza,philip-hanson,1,gold,true
wec-2022-r4-monza-22,wec-2022-r4-monza,filipe-albuquerque,2,platinum,true
wec-2022-r4-monza-22,wec-2022-r4-monza,william-owen,3,silver,true
wec-2022-r4-monza-46,wec-2022-r4-monza,matteo-cairoli,1,gold,true
wec-2022-r4-monza-46,wec-2022-r4-monza,mikkel-pedersen,2,silver,true
wec-2022-r4-monza-46,wec-2022-r4-monza,nicolas-leutwiler,3,bronze,true
wec-2022-r4-monza-60,wec-2022-r4-monza,claudio-schiavoni,1,bronze,true
wec-2022-r4-monza-60,wec-2022-r4-monza,matteo-cressoni,2,silver,true
wec-2022-r4-monza-60,wec-2022-r4-monza,giancarlo-fisichella,3,platinum,true
wec-2022-r4-monza-71,wec-2022-r4-monza,franck-dezoteux,1,bronze,true
wec-2022-r4-monza-71,wec-2022-r4-monza,pierre-ragues,2,silver,true
wec-2022-r4-monza-71,wec-2022-r4-monza,gabriel-aubry,3,gold,true
wec-2022-r4-monza-88,wec-2022-r4-monza,fred-poordad,1,bronze,true
wec-2022-r4-monza-88,wec-2022-r4-monza,patrick-lindsey,2,silver,true
wec-2022-r4-monza-88,wec-2022-r4-monza,jan-heylen,3,gold,true
wec-2022-r4-monza-21,wec-2022-r4-monza,simon-mann,1,silver,true
wec-2022-r4-monza-21,wec-2022-r4-monza,christoph-ulrich,2,bronze,true
wec-2022-r4-monza-21,wec-2022-r4-monza,toni-vilander,3,platinum,true
wec-2022-r4-monza-98,wec-2022-r4-monza,paul-dalla-lana,1,bronze,true
wec-2022-r4-monza-98,wec-2022-r4-monza,david-pittard,2,silver,true
wec-2022-r4-monza-98,wec-2022-r4-monza,nicki-thiim,3,platinum,true
wec-2022-r4-monza-54,wec-2022-r4-monza,thomas-flohr,1,bronze,true
wec-2022-r4-monza-54,wec-2022-r4-monza,francesco-castellacci,2,silver,true
wec-2022-r4-monza-54,wec-2022-r4-monza,nicholas-cassidy,3,gold,true
wec-2022-r4-monza-56,wec-2022-r4-monza,brendan-iribe,1,bronze,true
wec-2022-r4-monza-56,wec-2022-r4-monza,oliver-millroy,2,silver,true
wec-2022-r4-monza-56,wec-2022-r4-monza,ben-barnicoat,3,platinum,true
wec-2022-r4-monza-777,wec-2022-r4-monza,satoshi-hoshino,1,bronze,true
wec-2022-r4-monza-777,wec-2022-r4-monza,tomonobu-fujii,2,gold,true
wec-2022-r4-monza-777,wec-2022-r4-monza,charles-fagg,3,silver,true
wec-2022-r4-monza-94,wec-2022-r4-monza,loic-duval,1,platinum,true
wec-2022-r4-monza-94,wec-2022-r4-monza,gustavo-menezes,2,gold,true
wec-2022-r4-monza-94,wec-2022-r4-monza,james-rossiter,3,platinum,true
wec-2022-r4-monza-86,wec-2022-r4-monza,michael-wainwright,1,bronze,true
wec-2022-r4-monza-86,wec-2022-r4-monza,riccardo-pera,2,silver,true
wec-2022-r4-monza-86,wec-2022-r4-monza,benjamin-barker,3,gold,true
wec-2022-r4-monza-1,wec-2022-r4-monza,lilou-wadoux,1,silver,true
wec-2022-r4-monza-1,wec-2022-r4-monza,paul-loup-chatin,2,platinum,true
wec-2022-r4-monza-1,wec-2022-r4-monza,charles-milesi,3,gold,true
wec-2022-r4-monza-708,wec-2022-r4-monza,olivier-pla,1,platinum,true
wec-2022-r4-monza-708,wec-2022-r4-monza,romain-dumas,2,platinum,true
wec-2022-r4-monza-708,wec-2022-r4-monza,luis-felipe-derani,3,platinum,true
wec-2022-r4-monza-33,wec-2022-r4-monza,ben-keating,1,bronze,true
wec-2022-r4-monza-33,wec-2022-r4-monza,henrique-chaves,2,silver,true
wec-2022-r4-monza-33,wec-2022-r4-monza,marco-sorensen,3,platinum,true
wec-2022-r4-monza-93,wec-2022-r4-monza,paul-di-resta,1,platinum,true
wec-2022-r4-monza-93,wec-2022-r4-monza,mikkel-jensen,2,gold,true
wec-2022-r4-monza-93,wec-2022-r4-monza,jean-eric-vergne,3,platinum,true
wec-2022-r5-fuji-8,wec-2022-r5-fuji,sebastien-buemi,1,platinum,true
wec-2022-r5-fuji-8,wec-2022-r5-fuji,brendon-hartley,2,platinum,true
wec-2022-r5-fuji-8,wec-2022-r5-fuji,ryo-hirakawa,3,platinum,true
wec-2022-r5-fuji-7,wec-2022-r5-fuji,mike-conway,1,platinum,true
wec-2022-r5-fuji-7,wec-2022-r5-fuji,kamui-kobayashi,2,platinum,true
wec-2022-r5-fuji-7,wec-2022-r5-fuji,jose-maria-lopez,3,platinum,true
wec-2022-r5-fuji-36,wec-2022-r5-fuji,andre-negrao,1,gold,true
wec-2022-r5-fuji-36,wec-2022-r5-fuji,nicolas-lapierre,2,platinum,true
wec-2022-r5-fuji-36,wec-2022-r5-fuji,matthieu-vaxiviere,3,gold,true
wec-2022-r5-fuji-93,wec-2022-r5-fuji,paul-di-resta,1,platinum,true
wec-2022-r5-fuji-93,wec-2022-r5-fuji,mikkel-jensen,2,gold,true
wec-2022-r5-fuji-93,wec-2022-r5-fuji,jean-eric-vergne,3,platinum,true
wec-2022-r5-fuji-31,wec-2022-r5-fuji,sean-gelael,1,silver,true
wec-2022-r5-fuji-31,wec-2022-r5-fuji,robin-frijns,2,platinum,true
wec-2022-r5-fuji-31,wec-2022-r5-fuji,dries-vanthoor,3,platinum,true
wec-2022-r5-fuji-38,wec-2022-r5-fuji,roberto-gonzalez,1,silver,true
wec-2022-r5-fuji-38,wec-2022-r5-fuji,antonio-felix-da-costa,2,platinum,true
wec-2022-r5-fuji-38,wec-2022-r5-fuji,william-stevens,3,platinum,true
wec-2022-r5-fuji-28,wec-2022-r5-fuji,oliver-rasmussen,1,silver,true
wec-2022-r5-fuji-28,wec-2022-r5-fuji,edward-jones,2,gold,true
wec-2022-r5-fuji-28,wec-2022-r5-fuji,jonathan-aberdein,3,gold,true
wec-2022-r5-fuji-41,wec-2022-r5-fuji,rui-andrade,1,silver,true
wec-2022-r5-fuji-41,wec-2022-r5-fuji,ferdinand-habsburg,2,gold,true
wec-2022-r5-fuji-41,wec-2022-r5-fuji,norman-nato,3,gold,true
wec-2022-r5-fuji-23,wec-2022-r5-fuji,alexander-lynn,1,platinum,true
wec-2022-r5-fuji-23,wec-2022-r5-fuji,oliver-jarvis,2,platinum,true
wec-2022-r5-fuji-23,wec-2022-r5-fuji,joshua-pierson,3,silver,true
wec-2022-r5-fuji-9,wec-2022-r5-fuji,robert-kubica,1,platinum,true
wec-2022-r5-fuji-9,wec-2022-r5-fuji,louis-deletraz,2,gold,true
wec-2022-r5-fuji-9,wec-2022-r5-fuji,lorenzo-colombo,3,silver,true
wec-2022-r5-fuji-22,wec-2022-r5-fuji,philip-hanson,1,gold,true
wec-2022-r5-fuji-22,wec-2022-r5-fuji,filipe-albuquerque,2,platinum,true
wec-2022-r5-fuji-22,wec-2022-r5-fuji,william-owen,3,silver,true
wec-2022-r5-fuji-1,wec-2022-r5-fuji,lilou-wadoux,1,silver,true
wec-2022-r5-fuji-1,wec-2022-r5-fuji,paul-loup-chatin,2,platinum,true
wec-2022-r5-fuji-1,wec-2022-r5-fuji,charles-milesi,3,gold,true
wec-2022-r5-fuji-10,wec-2022-r5-fuji,renger-van-der-zande,1,gold,true
wec-2022-r5-fuji-10,wec-2022-r5-fuji,ryan-cullen,2,silver,true
wec-2022-r5-fuji-10,wec-2022-r5-fuji,sebastien-bourdais,3,platinum,true
wec-2022-r5-fuji-83,wec-2022-r5-fuji,francois-perrodo,1,bronze,true
wec-2022-r5-fuji-83,wec-2022-r5-fuji,nicklas-nielsen,2,gold,true
wec-2022-r5-fuji-83,wec-2022-r5-fuji,alessio-rovera,3,gold,true
wec-2022-r5-fuji-34,wec-2022-r5-fuji,jakub-smiechowski,1,silver,true
wec-2022-r5-fuji-34,wec-2022-r5-fuji,alex-brundle,2,gold,true
wec-2022-r5-fuji-34,wec-2022-r5-fuji,esteban-gutierrez,3,platinum,true
wec-2022-r5-fuji-35,wec-2022-r5-fuji,jean-baptiste-lahaye,1,silver,true
wec-2022-r5-fuji-35,wec-2022-r5-fuji,matthieu-lahaye,2,silver,true
wec-2022-r5-fuji-35,wec-2022-r5-fuji,francois-heriau,3,bronze,true
wec-2022-r5-fuji-51,wec-2022-r5-fuji,alessandro-pier-guidi,1,platinum,true
wec-2022-r5-fuji-51,wec-2022-r5-fuji,james-calado,2,platinum,true
wec-2022-r5-fuji-52,wec-2022-r5-fuji,miguel-molina,1,platinum,true
wec-2022-r5-fuji-52,wec-2022-r5-fuji,antonio-fuoco,2,platinum,true
wec-2022-r5-fuji-92,wec-2022-r5-fuji,michael-christensen,1,platinum,true
wec-2022-r5-fuji-92,wec-2022-r5-fuji,kevin-estre,2,platinum,true
wec-2022-r5-fuji-94,wec-2022-r5-fuji,loic-duval,1,platinum,true
wec-2022-r5-fuji-94,wec-2022-r5-fuji,gustavo-menezes,2,gold,true
wec-2022-r5-fuji-94,wec-2022-r5-fuji,james-rossiter,3,platinum,true
wec-2022-r5-fuji-91,wec-2022-r5-fuji,gianmaria-bruni,1,platinum,true
wec-2022-r5-fuji-91,wec-2022-r5-fuji,richard-lietz,2,platinum,true
wec-2022-r5-fuji-64,wec-2022-r5-fuji,tommy-milner,1,platinum,true
wec-2022-r5-fuji-64,wec-2022-r5-fuji,nick-tandy,2,platinum,true
wec-2022-r5-fuji-33,wec-2022-r5-fuji,ben-keating,1,bronze,true
wec-2022-r5-fuji-33,wec-2022-r5-fuji,henrique-chaves,2,silver,true
wec-2022-r5-fuji-33,wec-2022-r5-fuji,marco-sorensen,3,platinum,true
wec-2022-r5-fuji-85,wec-2022-r5-fuji,rahel-frey,1,gold,true
wec-2022-r5-fuji-85,wec-2022-r5-fuji,michelle-gatting,2,silver,true
wec-2022-r5-fuji-85,wec-2022-r5-fuji,sarah-bovy,3,bronze,true
wec-2022-r5-fuji-777,wec-2022-r5-fuji,satoshi-hoshino,1,bronze,true
wec-2022-r5-fuji-777,wec-2022-r5-fuji,tomonobu-fujii,2,gold,true
wec-2022-r5-fuji-777,wec-2022-r5-fuji,charles-fagg,3,silver,true
wec-2022-r5-fuji-54,wec-2022-r5-fuji,thomas-flohr,1,bronze,true
wec-2022-r5-fuji-54,wec-2022-r5-fuji,francesco-castellacci,2,silver,true
wec-2022-r5-fuji-54,wec-2022-r5-fuji,davide-rigon,3,platinum,true
wec-2022-r5-fuji-98,wec-2022-r5-fuji,paul-dalla-lana,1,bronze,true
wec-2022-r5-fuji-98,wec-2022-r5-fuji,david-pittard,2,silver,true
wec-2022-r5-fuji-98,wec-2022-r5-fuji,nicki-thiim,3,platinum,true
wec-2022-r5-fuji-46,wec-2022-r5-fuji,matteo-cairoli,1,gold,true
wec-2022-r5-fuji-46,wec-2022-r5-fuji,mikkel-pedersen,2,silver,true
wec-2022-r5-fuji-46,wec-2022-r5-fuji,nicolas-leutwiler,3,bronze,true
wec-2022-r5-fuji-71,wec-2022-r5-fuji,franck-dezoteux,1,bronze,true
wec-2022-r5-fuji-71,wec-2022-r5-fuji,pierre-ragues,2,silver,true
wec-2022-r5-fuji-71,wec-2022-r5-fuji,gabriel-aubry,3,gold,true
wec-2022-r5-fuji-56,wec-2022-r5-fuji,takeshi-kimura,1,bronze,true
wec-2022-r5-fuji-56,wec-2022-r5-fuji,oliver-millroy,2,silver,true
wec-2022-r5-fuji-56,wec-2022-r5-fuji,ben-barnicoat,3,platinum,true
wec-2022-r5-fuji-88,wec-2022-r5-fuji,fred-poordad,1,bronze,true
wec-2022-r5-fuji-88,wec-2022-r5-fuji,patrick-lindsey,2,silver,true
wec-2022-r5-fuji-88,wec-2022-r5-fuji,jan-heylen,3,gold,true
wec-2022-r5-fuji-21,wec-2022-r5-fuji,simon-mann,1,silver,true
wec-2022-r5-fuji-21,wec-2022-r5-fuji,christoph-ulrich,2,bronze,true
wec-2022-r5-fuji-21,wec-2022-r5-fuji,toni-vilander,3,platinum,true
wec-2022-r5-fuji-60,wec-2022-r5-fuji,claudio-schiavoni,1,bronze,true
wec-2022-r5-fuji-60,wec-2022-r5-fuji,matteo-cressoni,2,silver,true
wec-2022-r5-fuji-60,wec-2022-r5-fuji,giancarlo-fisichella,3,platinum,true
wec-2022-r5-fuji-45,wec-2022-r5-fuji,steven-thomas,1,bronze,true
wec-2022-r5-fuji-45,wec-2022-r5-fuji,james-allen,2,gold,true
wec-2022-r5-fuji-45,wec-2022-r5-fuji,rene-binder,3,silver,true
wec-2022-r5-fuji-86,wec-2022-r5-fuji,michael-wainwright,1,bronze,true
wec-2022-r5-fuji-86,wec-2022-r5-fuji,riccardo-pera,2,silver,true
wec-2022-r5-fuji-86,wec-2022-r5-fuji,benjamin-barker,3,gold,true
wec-2022-r5-fuji-77,wec-2022-r5-fuji,christian-ried,1,bronze,true
wec-2022-r5-fuji-77,wec-2022-r5-fuji,sebastian-priaulx,2,silver,true
wec-2022-r5-fuji-77,wec-2022-r5-fuji,harry-tincknell,3,platinum,true
wec-2022-r6-bahrain-7,wec-2022-r6-bahrain,mike-conway,1,platinum,true
wec-2022-r6-bahrain-7,wec-2022-r6-bahrain,kamui-kobayashi,2,platinum,true
wec-2022-r6-bahrain-7,wec-2022-r6-bahrain,jose-maria-lopez,3,platinum,true
wec-2022-r6-bahrain-8,wec-2022-r6-bahrain,sebastien-buemi,1,platinum,true
wec-2022-r6-bahrain-8,wec-2022-r6-bahrain,brendon-hartley,2,platinum,true
wec-2022-r6-bahrain-8,wec-2022-r6-bahrain,ryo-hirakawa,3,platinum,true
wec-2022-r6-bahrain-36,wec-2022-r6-bahrain,andre-negrao,1,gold,true
wec-2022-r6-bahrain-36,wec-2022-r6-bahrain,nicolas-lapierre,2,platinum,true
wec-2022-r6-bahrain-36,wec-2022-r6-bahrain,matthieu-vaxiviere,3,gold,true
wec-2022-r6-bahrain-94,wec-2022-r6-bahrain,loic-duval,1,platinum,true
wec-2022-r6-bahrain-94,wec-2022-r6-bahrain,gustavo-menezes,2,gold,true
wec-2022-r6-bahrain-94,wec-2022-r6-bahrain,nico-muller,3,platinum,true
wec-2022-r6-bahrain-31,wec-2022-r6-bahrain,sean-gelael,1,silver,true
wec-2022-r6-bahrain-31,wec-2022-r6-bahrain,robin-frijns,2,platinum,true
wec-2022-r6-bahrain-31,wec-2022-r6-bahrain,rene-rast,3,platinum,true
wec-2022-r6-bahrain-23,wec-2022-r6-bahrain,alexander-lynn,1,platinum,true
wec-2022-r6-bahrain-23,wec-2022-r6-bahrain,oliver-jarvis,2,platinum,true
wec-2022-r6-bahrain-23,wec-2022-r6-bahrain,joshua-pierson,3,silver,true
wec-2022-r6-bahrain-38,wec-2022-r6-bahrain,roberto-gonzalez,1,silver,true
wec-2022-r6-bahrain-38,wec-2022-r6-bahrain,antonio-felix-da-costa,2,platinum,true
wec-2022-r6-bahrain-38,wec-2022-r6-bahrain,william-stevens,3,platinum,true
wec-2022-r6-bahrain-9,wec-2022-r6-bahrain,robert-kubica,1,platinum,true
wec-2022-r6-bahrain-9,wec-2022-r6-bahrain,louis-deletraz,2,gold,true
wec-2022-r6-bahrain-9,wec-2022-r6-bahrain,lorenzo-colombo,3,silver,true
wec-2022-r6-bahrain-41,wec-2022-r6-bahrain,rui-andrade,1,silver,true
wec-2022-r6-bahrain-41,wec-2022-r6-bahrain,ferdinand-habsburg,2,gold,true
wec-2022-r6-bahrain-41,wec-2022-r6-bahrain,norman-nato,3,gold,true
wec-2022-r6-bahrain-22,wec-2022-r6-bahrain,philip-hanson,1,gold,true
wec-2022-r6-bahrain-22,wec-2022-r6-bahrain,filipe-albuquerque,2,platinum,true
wec-2022-r6-bahrain-22,wec-2022-r6-bahrain,william-owen,3,silver,true
wec-2022-r6-bahrain-28,wec-2022-r6-bahrain,oliver-rasmussen,1,silver,true
wec-2022-r6-bahrain-28,wec-2022-r6-bahrain,edward-jones,2,gold,true
wec-2022-r6-bahrain-28,wec-2022-r6-bahrain,jonathan-aberdein,3,gold,true
wec-2022-r6-bahrain-1,wec-2022-r6-bahrain,lilou-wadoux,1,silver,true
wec-2022-r6-bahrain-1,wec-2022-r6-bahrain,paul-loup-chatin,2,platinum,true
wec-2022-r6-bahrain-1,wec-2022-r6-bahrain,charles-milesi,3,gold,true
wec-2022-r6-bahrain-10,wec-2022-r6-bahrain,renger-van-der-zande,1,gold,true
wec-2022-r6-bahrain-10,wec-2022-r6-bahrain,ryan-cullen,2,silver,true
wec-2022-r6-bahrain-10,wec-2022-r6-bahrain,sebastien-bourdais,3,platinum,true
wec-2022-r6-bahrain-83,wec-2022-r6-bahrain,francois-perrodo,1,bronze,true
wec-2022-r6-bahrain-83,wec-2022-r6-bahrain,nicklas-nielsen,2,gold,true
wec-2022-r6-bahrain-83,wec-2022-r6-bahrain,alessio-rovera,3,gold,true
wec-2022-r6-bahrain-35,wec-2022-r6-bahrain,jean-baptiste-lahaye,1,silver,true
wec-2022-r6-bahrain-35,wec-2022-r6-bahrain,matthieu-lahaye,2,silver,true
wec-2022-r6-bahrain-35,wec-2022-r6-bahrain,francois-heriau,3,bronze,true
wec-2022-r6-bahrain-45,wec-2022-r6-bahrain,steven-thomas,1,bronze,true
wec-2022-r6-bahrain-45,wec-2022-r6-bahrain,james-allen,2,gold,true
wec-2022-r6-bahrain-45,wec-2022-r6-bahrain,rene-binder,3,silver,true
wec-2022-r6-bahrain-52,wec-2022-r6-bahrain,miguel-molina,1,platinum,true
wec-2022-r6-bahrain-52,wec-2022-r6-bahrain,antonio-fuoco,2,platinum,true
wec-2022-r6-bahrain-64,wec-2022-r6-bahrain,tommy-milner,1,platinum,true
wec-2022-r6-bahrain-64,wec-2022-r6-bahrain,nick-tandy,2,platinum,true
wec-2022-r6-bahrain-92,wec-2022-r6-bahrain,michael-christensen,1,platinum,true
wec-2022-r6-bahrain-92,wec-2022-r6-bahrain,kevin-estre,2,platinum,true
wec-2022-r6-bahrain-91,wec-2022-r6-bahrain,gianmaria-bruni,1,platinum,true
wec-2022-r6-bahrain-91,wec-2022-r6-bahrain,richard-lietz,2,platinum,true
wec-2022-r6-bahrain-51,wec-2022-r6-bahrain,alessandro-pier-guidi,1,platinum,true
wec-2022-r6-bahrain-51,wec-2022-r6-bahrain,james-calado,2,platinum,true
wec-2022-r6-bahrain-44,wec-2022-r6-bahrain,miroslav-konopka,1,bronze,true
wec-2022-r6-bahrain-44,wec-2022-r6-bahrain,mathias-beche,2,gold,true
wec-2022-r6-bahrain-44,wec-2022-r6-bahrain,richard-bradley,3,gold,true
wec-2022-r6-bahrain-46,wec-2022-r6-bahrain,matteo-cairoli,1,gold,true
wec-2022-r6-bahrain-46,wec-2022-r6-bahrain,mikkel-pedersen,2,silver,true
wec-2022-r6-bahrain-46,wec-2022-r6-bahrain,nicolas-leutwiler,3,bronze,true
wec-2022-r6-bahrain-56,wec-2022-r6-bahrain,phillip-hyett,1,bronze,true
wec-2022-r6-bahrain-56,wec-2022-r6-bahrain,gunnar-jeannette,2,silver,true
wec-2022-r6-bahrain-56,wec-2022-r6-bahrain,ben-barnicoat,3,platinum,true
wec-2022-r6-bahrain-85,wec-2022-r6-bahrain,rahel-frey,1,gold,true
wec-2022-r6-bahrain-85,wec-2022-r6-bahrain,michelle-gatting,2,silver,true
wec-2022-r6-bahrain-85,wec-2022-r6-bahrain,sarah-bovy,3,bronze,true
wec-2022-r6-bahrain-33,wec-2022-r6-bahrain,ben-keating,1,bronze,true
wec-2022-r6-bahrain-33,wec-2022-r6-bahrain,henrique-chaves,2,silver,true
wec-2022-r6-bahrain-33,wec-2022-r6-bahrain,marco-sorensen,3,platinum,true
wec-2022-r6-bahrain-98,wec-2022-r6-bahrain,paul-dalla-lana,1,bronze,true
wec-2022-r6-bahrain-98,wec-2022-r6-bahrain,david-pittard,2,silver,true
wec-2022-r6-bahrain-98,wec-2022-r6-bahrain,nicki-thiim,3,platinum,true
wec-2022-r6-bahrain-86,wec-2022-r6-bahrain,michael-wainwright,1,bronze,true
wec-2022-r6-bahrain-86,wec-2022-r6-bahrain,riccardo-pera,2,silver,true
wec-2022-r6-bahrain-86,wec-2022-r6-bahrain,benjamin-barker,3,gold,true
wec-2022-r6-bahrain-54,wec-2022-r6-bahrain,thomas-flohr,1,bronze,true
wec-2022-r6-bahrain-54,wec-2022-r6-bahrain,francesco-castellacci,2,silver,true
wec-2022-r6-bahrain-54,wec-2022-r6-bahrain,nicholas-cassidy,3,gold,true
wec-2022-r6-bahrain-77,wec-2022-r6-bahrain,christian-ried,1,bronze,true
wec-2022-r6-bahrain-77,wec-2022-r6-bahrain,sebastian-priaulx,2,silver,true
wec-2022-r6-bahrain-77,wec-2022-r6-bahrain,harry-tincknell,3,platinum,true
wec-2022-r6-bahrain-60,wec-2022-r6-bahrain,claudio-schiavoni,1,bronze,true
wec-2022-r6-bahrain-60,wec-2022-r6-bahrain,matteo-cressoni,2,silver,true
wec-2022-r6-bahrain-60,wec-2022-r6-bahrain,giancarlo-fisichella,3,platinum,true
wec-2022-r6-bahrain-777,wec-2022-r6-bahrain,satoshi-hoshino,1,bronze,true
wec-2022-r6-bahrain-777,wec-2022-r6-bahrain,tomonobu-fujii,2,gold,true
wec-2022-r6-bahrain-777,wec-2022-r6-bahrain,charles-fagg,3,silver,true
wec-2022-r6-bahrain-21,wec-2022-r6-bahrain,simon-mann,1,silver,true
wec-2022-r6-bahrain-21,wec-2022-r6-bahrain,christoph-ulrich,2,bronze,true
wec-2022-r6-bahrain-21,wec-2022-r6-bahrain,toni-vilander,3,platinum,true
wec-2022-r6-bahrain-88,wec-2022-r6-bahrain,fred-poordad,1,bronze,true
wec-2022-r6-bahrain-88,wec-2022-r6-bahrain,patrick-lindsey,2,silver,true
wec-2022-r6-bahrain-88,wec-2022-r6-bahrain,jan-heylen,3,gold,true
wec-2022-r6-bahrain-71,wec-2022-r6-bahrain,franck-dezoteux,1,bronze,true
wec-2022-r6-bahrain-71,wec-2022-r6-bahrain,pierre-ragues,2,silver,true
wec-2022-r6-bahrain-71,wec-2022-r6-bahrain,gabriel-aubry,3,gold,true
wec-2022-r6-bahrain-34,wec-2022-r6-bahrain,jakub-smiechowski,1,silver,true
wec-2022-r6-bahrain-34,wec-2022-r6-bahrain,alex-brundle,2,gold,true
wec-2022-r6-bahrain-34,wec-2022-r6-bahrain,esteban-gutierrez,3,platinum,true
wec-2022-r6-bahrain-93,wec-2022-r6-bahrain,paul-di-resta,1,platinum,true
wec-2022-r6-bahrain-93,wec-2022-r6-bahrain,mikkel-jensen,2,gold,true
wec-2022-r6-bahrain-93,wec-2022-r6-bahrain,jean-eric-vergne,3,platinum,true
wec-2023-r1-sebring-7,wec-2023-r1-sebring,mike-conway,1,platinum,true
wec-2023-r1-sebring-7,wec-2023-r1-sebring,kamui-kobayashi,2,platinum,true
wec-2023-r1-sebring-7,wec-2023-r1-sebring,jose-maria-lopez,3,platinum,true
wec-2023-r1-sebring-8,wec-2023-r1-sebring,sebastien-buemi,1,platinum,true
wec-2023-r1-sebring-8,wec-2023-r1-sebring,brendon-hartley,2,platinum,true
wec-2023-r1-sebring-8,wec-2023-r1-sebring,ryo-hirakawa,3,platinum,true
wec-2023-r1-sebring-50,wec-2023-r1-sebring,antonio-fuoco,1,platinum,true
wec-2023-r1-sebring-50,wec-2023-r1-sebring,miguel-molina,2,platinum,true
wec-2023-r1-sebring-50,wec-2023-r1-sebring,nicklas-nielsen,3,platinum,true
wec-2023-r1-sebring-2,wec-2023-r1-sebring,earl-bamber,1,platinum,true
wec-2023-r1-sebring-2,wec-2023-r1-sebring,alex-lynn,2,platinum,true
wec-2023-r1-sebring-2,wec-2023-r1-sebring,richard-westbrook,3,platinum,true
wec-2023-r1-sebring-5,wec-2023-r1-sebring,dane-cameron,1,platinum,true
wec-2023-r1-sebring-5,wec-2023-r1-sebring,michael-christensen,2,platinum,true
wec-2023-r1-sebring-5,wec-2023-r1-sebring,frederic-makowiecki,3,platinum,true
wec-2023-r1-sebring-6,wec-2023-r1-sebring,kevin-estre,1,platinum,true
wec-2023-r1-sebring-6,wec-2023-r1-sebring,andre-lotterer,2,platinum,true
wec-2023-r1-sebring-6,wec-2023-r1-sebring,laurens-vanthoor,3,platinum,true
wec-2023-r1-sebring-48,wec-2023-r1-sebring,david-beckmann,1,silver,true
wec-2023-r1-sebring-48,wec-2023-r1-sebring,yifei-ye,2,gold,true
wec-2023-r1-sebring-48,wec-2023-r1-sebring,william-stevens,3,platinum,true
wec-2023-r1-sebring-22,wec-2023-r1-sebring,frederick-lubin,1,silver,true
wec-2023-r1-sebring-22,wec-2023-r1-sebring,philip-hanson,2,gold,true
wec-2023-r1-sebring-22,wec-2023-r1-sebring,filipe-albuquerque,3,platinum,true
wec-2023-r1-sebring-63,wec-2023-r1-sebring,doriane-pin,1,silver,true
wec-2023-r1-sebring-63,wec-2023-r1-sebring,mirko-bortolotti,2,platinum,true
wec-2023-r1-sebring-63,wec-2023-r1-sebring,daniil-kvyat,3,platinum,true
wec-2023-r1-sebring-34,wec-2023-r1-sebring,jakub-smiechowski,1,silver,true
wec-2023-r1-sebring-34,wec-2023-r1-sebring,fabio-scherer,2,gold,true
wec-2023-r1-sebring-34,wec-2023-r1-sebring,albert-costa,3,platinum,true
wec-2023-r1-sebring-41,wec-2023-r1-sebring,rui-andrade,1,silver,true
wec-2023-r1-sebring-41,wec-2023-r1-sebring,robert-kubica,2,platinum,true
wec-2023-r1-sebring-41,wec-2023-r1-sebring,louis-deletraz,3,gold,true
wec-2023-r1-sebring-28,wec-2023-r1-sebring,david-heinemeier-hansson,1,silver,true
wec-2023-r1-sebring-28,wec-2023-r1-sebring,pietro-fittipaldi,2,gold,true
wec-2023-r1-sebring-28,wec-2023-r1-sebring,oliver-rasmussen,3,gold,true
wec-2023-r1-sebring-31,wec-2023-r1-sebring,sean-gelael,1,silver,true
wec-2023-r1-sebring-31,wec-2023-r1-sebring,ferdinand-habsburg,2,gold,true
wec-2023-r1-sebring-31,wec-2023-r1-sebring,robin-frijns,3,platinum,true
wec-2023-r1-sebring-9,wec-2023-r1-sebring,filip-ugran,1,silver,true
wec-2023-r1-sebring-9,wec-2023-r1-sebring,bent-viscaal,2,gold,true
wec-2023-r1-sebring-9,wec-2023-r1-sebring,andrea-caldarelli,3,platinum,true
wec-2023-r1-sebring-51,wec-2023-r1-sebring,alessandro-pier-guidi,1,platinum,true
wec-2023-r1-sebring-51,wec-2023-r1-sebring,james-calado,2,platinum,true
wec-2023-r1-sebring-51,wec-2023-r1-sebring,antonio-giovinazzi,3,platinum,true
wec-2023-r1-sebring-36,wec-2023-r1-sebring,matthieu-vaxiviere,1,gold,true
wec-2023-r1-sebring-36,wec-2023-r1-sebring,julien-canal,2,silver,true
wec-2023-r1-sebring-36,wec-2023-r1-sebring,charles-milesi,3,gold,true
wec-2023-r1-sebring-33,wec-2023-r1-sebring,ben-keating,1,bronze,true
wec-2023-r1-sebring-33,wec-2023-r1-sebring,nicolas-varrone,2,silver,true
wec-2023-r1-sebring-33,wec-2023-r1-sebring,nicky-catsburg,3,platinum,true
wec-2023-r1-sebring-77,wec-2023-r1-sebring,christian-ried,1,bronze,true
wec-2023-r1-sebring-77,wec-2023-r1-sebring,mikkel-pedersen,2,silver,true
wec-2023-r1-sebring-77,wec-2023-r1-sebring,julien-andlauer,3,gold,true
wec-2023-r1-sebring-57,wec-2023-r1-sebring,takeshi-kimura,1,bronze,true
wec-2023-r1-sebring-57,wec-2023-r1-sebring,scott-huffaker,2,silver,true
wec-2023-r1-sebring-57,wec-2023-r1-sebring,daniel-serra,3,platinum,true
wec-2023-r1-sebring-21,wec-2023-r1-sebring,stefano-costantini,1,bronze,true
wec-2023-r1-sebring-21,wec-2023-r1-sebring,simon-mann,2,silver,true
wec-2023-r1-sebring-21,wec-2023-r1-sebring,ulysse-de-pauw,3,gold,true
wec-2023-r1-sebring-54,wec-2023-r1-sebring,thomas-flohr,1,bronze,true
wec-2023-r1-sebring-54,wec-2023-r1-sebring,francesco-castellacci,2,silver,true
wec-2023-r1-sebring-54,wec-2023-r1-sebring,davide-rigon,3,platinum,true
wec-2023-r1-sebring-60,wec-2023-r1-sebring,claudio-schiavoni,1,bronze,true
wec-2023-r1-sebring-60,wec-2023-r1-sebring,matteo-cressoni,2,silver,true
wec-2023-r1-sebring-60,wec-2023-r1-sebring,alessio-picariello,3,gold,true
wec-2023-r1-sebring-86,wec-2023-r1-sebring,michael-wainwright,1,bronze,true
wec-2023-r1-sebring-86,wec-2023-r1-sebring,riccardo-pera,2,silver,true
wec-2023-r1-sebring-86,wec-2023-r1-sebring,benjamin-barker,3,gold,true
wec-2023-r1-sebring-85,wec-2023-r1-sebring,sarah-bovy,1,bronze,true
wec-2023-r1-sebring-85,wec-2023-r1-sebring,michelle-gatting,2,silver,true
wec-2023-r1-sebring-85,wec-2023-r1-sebring,rahel-frey,3,gold,true
wec-2023-r1-sebring-10,wec-2023-r1-sebring,ryan-cullen,1,silver,true
wec-2023-r1-sebring-10,wec-2023-r1-sebring,matthias-kaiser,2,silver,true
wec-2023-r1-sebring-10,wec-2023-r1-sebring,gabriel-aubry,3,gold,true
wec-2023-r1-sebring-25,wec-2023-r1-sebring,ahmad-al-harthy,1,bronze,true
wec-2023-r1-sebring-25,wec-2023-r1-sebring,michael-dinan,2,silver,true
wec-2023-r1-sebring-25,wec-2023-r1-sebring,charlie-eastwood,3,gold,true
wec-2023-r1-sebring-777,wec-2023-r1-sebring,satoshi-hoshino,1,bronze,true
wec-2023-r1-sebring-777,wec-2023-r1-sebring,casper-stevenson,2,silver,true
wec-2023-r1-sebring-777,wec-2023-r1-sebring,tomonobu-fujii,3,gold,true
wec-2023-r1-sebring-98,wec-2023-r1-sebring,paul-dalla-lana,1,bronze,true
wec-2023-r1-sebring-98,wec-2023-r1-sebring,axcil-jefferies,2,silver,true
wec-2023-r1-sebring-98,wec-2023-r1-sebring,nicki-thiim,3,platinum,true
wec-2023-r1-sebring-56,wec-2023-r1-sebring,pj-hyett,1,bronze,true
wec-2023-r1-sebring-56,wec-2023-r1-sebring,gunnar-jeannette,2,silver,true
wec-2023-r1-sebring-56,wec-2023-r1-sebring,matteo-cairoli,3,platinum,true
wec-2023-r1-sebring-4,wec-2023-r1-sebring,tom-dillmann,1,gold,true
wec-2023-r1-sebring-4,wec-2023-r1-sebring,esteban-guerrieri,2,platinum,true
wec-2023-r1-sebring-4,wec-2023-r1-sebring,jacques-villeneuve,3,platinum,true
wec-2023-r1-sebring-93,wec-2023-r1-sebring,paul-di-resta,1,platinum,true
wec-2023-r1-sebring-93,wec-2023-r1-sebring,mikkel-jensen,2,platinum,true
wec-2023-r1-sebring-93,wec-2023-r1-sebring,jean-eric-vergne,3,platinum,true
wec-2023-r1-sebring-94,wec-2023-r1-sebring,loic-duval,1,platinum,true
wec-2023-r1-sebring-94,wec-2023-r1-sebring,gustavo-menezes,2,platinum,true
wec-2023-r1-sebring-94,wec-2023-r1-sebring,nico-muller,3,platinum,true
wec-2023-r1-sebring-35,wec-2023-r1-sebring,andre-negrao,1,gold,true
wec-2023-r1-sebring-35,wec-2023-r1-sebring,memo-rojas,2,silver,true
wec-2023-r1-sebring-35,wec-2023-r1-sebring,olli-caldwell,3,gold,true
wec-2023-r1-sebring-23,wec-2023-r1-sebring,joshua-pierson,1,silver,true
wec-2023-r1-sebring-23,wec-2023-r1-sebring,tom-blomqvist,2,platinum,true
wec-2023-r1-sebring-23,wec-2023-r1-sebring,oliver-jarvis,3,platinum,true
wec-2023-r1-sebring-708,wec-2023-r1-sebring,romain-dumas,1,platinum,true
wec-2023-r1-sebring-708,wec-2023-r1-sebring,ryan-briscoe,2,platinum,true
wec-2023-r1-sebring-708,wec-2023-r1-sebring,olivier-pla,3,platinum,true
wec-2023-r1-sebring-83,wec-2023-r1-sebring,luis-perez-companc,1,bronze,true
wec-2023-r1-sebring-83,wec-2023-r1-sebring,lilou-wadoux,2,silver,true
wec-2023-r1-sebring-83,wec-2023-r1-sebring,alessio-rovera,3,platinum,true
wec-2023-r1-sebring-88,wec-2023-r1-sebring,ryan-hardwick,1,bronze,true
wec-2023-r1-sebring-88,wec-2023-r1-sebring,zacharie-robichon,2,silver,true
wec-2023-r1-sebring-88,wec-2023-r1-sebring,harry-tincknell,3,platinum,true
wec-2023-r2-portimao-8,wec-2023-r2-portimao,sebastien-buemi,1,platinum,true
wec-2023-r2-portimao-8,wec-2023-r2-portimao,brendon-hartley,2,platinum,true
wec-2023-r2-portimao-8,wec-2023-r2-portimao,ryo-hirakawa,3,platinum,true
wec-2023-r2-portimao-50,wec-2023-r2-portimao,antonio-fuoco,1,platinum,true
wec-2023-r2-portimao-50,wec-2023-r2-portimao,miguel-molina,2,platinum,true
wec-2023-r2-portimao-50,wec-2023-r2-portimao,nicklas-nielsen,3,platinum,true
wec-2023-r2-portimao-6,wec-2023-r2-portimao,kevin-estre,1,platinum,true
wec-2023-r2-portimao-6,wec-2023-r2-portimao,andre-lotterer,2,platinum,true
wec-2023-r2-portimao-6,wec-2023-r2-portimao,laurens-vanthoor,3,platinum,true
wec-2023-r2-portimao-2,wec-2023-r2-portimao,earl-bamber,1,platinum,true
wec-2023-r2-portimao-2,wec-2023-r2-portimao,alex-lynn,2,platinum,true
wec-2023-r2-portimao-2,wec-2023-r2-portimao,richard-westbrook,3,platinum,true
wec-2023-r2-portimao-94,wec-2023-r2-portimao,loic-duval,1,platinum,true
wec-2023-r2-portimao-94,wec-2023-r2-portimao,gustavo-menezes,2,platinum,true
wec-2023-r2-portimao-94,wec-2023-r2-portimao,nico-muller,3,platinum,true
wec-2023-r2-portimao-51,wec-2023-r2-portimao,alessandro-pier-guidi,1,platinum,true
wec-2023-r2-portimao-51,wec-2023-r2-portimao,james-calado,2,platinum,true
wec-2023-r2-portimao-51,wec-2023-r2-portimao,antonio-giovinazzi,3,platinum,true
wec-2023-r2-portimao-93,wec-2023-r2-portimao,paul-di-resta,1,platinum,true
wec-2023-r2-portimao-93,wec-2023-r2-portimao,mikkel-jensen,2,platinum,true
wec-2023-r2-portimao-93,wec-2023-r2-portimao,jean-eric-vergne,3,platinum,true
wec-2023-r2-portimao-708,wec-2023-r2-portimao,romain-dumas,1,platinum,true
wec-2023-r2-portimao-708,wec-2023-r2-portimao,ryan-briscoe,2,platinum,true
wec-2023-r2-portimao-708,wec-2023-r2-portimao,olivier-pla,3,platinum,true
wec-2023-r2-portimao-7,wec-2023-r2-portimao,mike-conway,1,platinum,true
wec-2023-r2-portimao-7,wec-2023-r2-portimao,kamui-kobayashi,2,platinum,true
wec-2023-r2-portimao-7,wec-2023-r2-portimao,jose-maria-lopez,3,platinum,true
wec-2023-r2-portimao-23,wec-2023-r2-portimao,joshua-pierson,1,silver,true
wec-2023-r2-portimao-23,wec-2023-r2-portimao,giedo-van-der-garde,2,platinum,true
wec-2023-r2-portimao-23,wec-2023-r2-portimao,oliver-jarvis,3,platinum,true
wec-2023-r2-portimao-22,wec-2023-r2-portimao,frederick-lubin,1,silver,true
wec-2023-r2-portimao-22,wec-2023-r2-portimao,philip-hanson,2,gold,true
wec-2023-r2-portimao-22,wec-2023-r2-portimao,ben-hanley,3,gold,true
wec-2023-r2-portimao-41,wec-2023-r2-portimao,rui-andrade,1,silver,true
wec-2023-r2-portimao-41,wec-2023-r2-portimao,robert-kubica,2,platinum,true
wec-2023-r2-portimao-41,wec-2023-r2-portimao,louis-deletraz,3,gold,true
wec-2023-r2-portimao-63,wec-2023-r2-portimao,doriane-pin,1,silver,true
wec-2023-r2-portimao-63,wec-2023-r2-portimao,mirko-bortolotti,2,platinum,true
wec-2023-r2-portimao-63,wec-2023-r2-portimao,daniil-kvyat,3,platinum,true
wec-2023-r2-portimao-48,wec-2023-r2-portimao,david-beckmann,1,silver,true
wec-2023-r2-portimao-48,wec-2023-r2-portimao,yifei-ye,2,gold,true
wec-2023-r2-portimao-48,wec-2023-r2-portimao,antonio-felix-da-costa,3,platinum,true
wec-2023-r2-portimao-9,wec-2023-r2-portimao,filip-ugran,1,silver,true
wec-2023-r2-portimao-9,wec-2023-r2-portimao,juan-manuel-correa,2,silver,true
wec-2023-r2-portimao-9,wec-2023-r2-portimao,bent-viscaal,3,gold,true
wec-2023-r2-portimao-31,wec-2023-r2-portimao,sean-gelael,1,silver,true
wec-2023-r2-portimao-31,wec-2023-r2-portimao,ferdinand-habsburg,2,gold,true
wec-2023-r2-portimao-31,wec-2023-r2-portimao,robin-frijns,3,platinum,true
wec-2023-r2-portimao-28,wec-2023-r2-portimao,david-heinemeier-hansson,1,silver,true
wec-2023-r2-portimao-28,wec-2023-r2-portimao,pietro-fittipaldi,2,gold,true
wec-2023-r2-portimao-28,wec-2023-r2-portimao,oliver-rasmussen,3,gold,true
wec-2023-r2-portimao-36,wec-2023-r2-portimao,matthieu-vaxiviere,1,gold,true
wec-2023-r2-portimao-36,wec-2023-r2-portimao,julien-canal,2,silver,true
wec-2023-r2-portimao-36,wec-2023-r2-portimao,charles-milesi,3,gold,true
wec-2023-r2-portimao-34,wec-2023-r2-portimao,jakub-smiechowski,1,silver,true
wec-2023-r2-portimao-34,wec-2023-r2-portimao,fabio-scherer,2,gold,true
wec-2023-r2-portimao-34,wec-2023-r2-portimao,albert-costa,3,platinum,true
wec-2023-r2-portimao-35,wec-2023-r2-portimao,andre-negrao,1,gold,true
wec-2023-r2-portimao-35,wec-2023-r2-portimao,memo-rojas,2,silver,true
wec-2023-r2-portimao-35,wec-2023-r2-portimao,olli-caldwell,3,gold,true
wec-2023-r2-portimao-33,wec-2023-r2-portimao,ben-keating,1,bronze,true
wec-2023-r2-portimao-33,wec-2023-r2-portimao,nicolas-varrone,2,silver,true
wec-2023-r2-portimao-33,wec-2023-r2-portimao,nicky-catsburg,3,platinum,true
wec-2023-r2-portimao-83,wec-2023-r2-portimao,luis-perez-companc,1,bronze,true
wec-2023-r2-portimao-83,wec-2023-r2-portimao,lilou-wadoux,2,silver,true
wec-2023-r2-portimao-83,wec-2023-r2-portimao,alessio-rovera,3,platinum,true
wec-2023-r2-portimao-85,wec-2023-r2-portimao,sarah-bovy,1,bronze,true
wec-2023-r2-portimao-85,wec-2023-r2-portimao,michelle-gatting,2,silver,true
wec-2023-r2-portimao-85,wec-2023-r2-portimao,rahel-frey,3,gold,true
wec-2023-r2-portimao-54,wec-2023-r2-portimao,thomas-flohr,1,bronze,true
wec-2023-r2-portimao-54,wec-2023-r2-portimao,francesco-castellacci,2,silver,true
wec-2023-r2-portimao-54,wec-2023-r2-portimao,davide-rigon,3,platinum,true
wec-2023-r2-portimao-21,wec-2023-r2-portimao,diego-alessi,1,bronze,true
wec-2023-r2-portimao-21,wec-2023-r2-portimao,simon-mann,2,silver,true
wec-2023-r2-portimao-21,wec-2023-r2-portimao,ulysse-de-pauw,3,gold,true
wec-2023-r2-portimao-56,wec-2023-r2-portimao,miguel-pedro-ramos,1,bronze,true
wec-2023-r2-portimao-56,wec-2023-r2-portimao,guilherme-moura-de-oliveira,2,silver,true
wec-2023-r2-portimao-56,wec-2023-r2-portimao,matteo-cairoli,3,platinum,true
wec-2023-r2-portimao-77,wec-2023-r2-portimao,christian-ried,1,bronze,true
wec-2023-r2-portimao-77,wec-2023-r2-portimao,mikkel-pedersen,2,silver,true
wec-2023-r2-portimao-77,wec-2023-r2-portimao,julien-andlauer,3,gold,true
wec-2023-r2-portimao-25,wec-2023-r2-portimao,ahmad-al-harthy,1,bronze,true
wec-2023-r2-portimao-25,wec-2023-r2-portimao,michael-dinan,2,silver,true
wec-2023-r2-portimao-25,wec-2023-r2-portimao,charlie-eastwood,3,gold,true
wec-2023-r2-portimao-88,wec-2023-r2-portimao,ryan-hardwick,1,bronze,true
wec-2023-r2-portimao-88,wec-2023-r2-portimao,zacharie-robichon,2,silver,true
wec-2023-r2-portimao-88,wec-2023-r2-portimao,harry-tincknell,3,platinum,true
wec-2023-r2-portimao-57,wec-2023-r2-portimao,takeshi-kimura,1,bronze,true
wec-2023-r2-portimao-57,wec-2023-r2-portimao,scott-huffaker,2,silver,true
wec-2023-r2-portimao-57,wec-2023-r2-portimao,daniel-serra,3,platinum,true
wec-2023-r2-portimao-86,wec-2023-r2-portimao,michael-wainwright,1,bronze,true
wec-2023-r2-portimao-86,wec-2023-r2-portimao,riccardo-pera,2,silver,true
wec-2023-r2-portimao-86,wec-2023-r2-portimao,benjamin-barker,3,gold,true
wec-2023-r2-portimao-60,wec-2023-r2-portimao,claudio-schiavoni,1,bronze,true
wec-2023-r2-portimao-60,wec-2023-r2-portimao,matteo-cressoni,2,silver,true
wec-2023-r2-portimao-60,wec-2023-r2-portimao,alessio-picariello,3,gold,true
wec-2023-r2-portimao-98,wec-2023-r2-portimao,paul-dalla-lana,1,bronze,true
wec-2023-r2-portimao-98,wec-2023-r2-portimao,axcil-jefferies,2,silver,true
wec-2023-r2-portimao-98,wec-2023-r2-portimao,nicki-thiim,3,platinum,true
wec-2023-r2-portimao-10,wec-2023-r2-portimao,ryan-cullen,1,silver,true
wec-2023-r2-portimao-10,wec-2023-r2-portimao,matthias-kaiser,2,silver,true
wec-2023-r2-portimao-10,wec-2023-r2-portimao,gabriel-aubry,3,gold,true
wec-2023-r2-portimao-5,wec-2023-r2-portimao,dane-cameron,1,platinum,true
wec-2023-r2-portimao-5,wec-2023-r2-portimao,michael-christensen,2,platinum,true
wec-2023-r2-portimao-5,wec-2023-r2-portimao,frederic-makowiecki,3,platinum,true
wec-2023-r2-portimao-4,wec-2023-r2-portimao,tom-dillmann,1,gold,true
wec-2023-r2-portimao-4,wec-2023-r2-portimao,esteban-guerrieri,2,platinum,true
wec-2023-r2-portimao-4,wec-2023-r2-portimao,jacques-villeneuve,3,platinum,true
wec-2023-r2-portimao-777,wec-2023-r2-portimao,satoshi-hoshino,1,bronze,true
wec-2023-r2-portimao-777,wec-2023-r2-portimao,casper-stevenson,2,silver,true
wec-2023-r2-portimao-777,wec-2023-r2-portimao,tomonobu-fujii,3,gold,true
wec-2023-r3-spa-7,wec-2023-r3-spa,mike-conway,1,platinum,true
wec-2023-r3-spa-7,wec-2023-r3-spa,kamui-kobayashi,2,platinum,true
wec-2023-r3-spa-7,wec-2023-r3-spa,jose-maria-lopez,3,platinum,true
wec-2023-r3-spa-8,wec-2023-r3-spa,sebastien-buemi,1,platinum,true
wec-2023-r3-spa-8,wec-2023-r3-spa,brendon-hartley,2,platinum,true
wec-2023-r3-spa-8,wec-2023-r3-spa,ryo-hirakawa,3,platinum,true
wec-2023-r3-spa-51,wec-2023-r3-spa,alessandro-pier-guidi,1,platinum,true
wec-2023-r3-spa-51,wec-2023-r3-spa,james-calado,2,platinum,true
wec-2023-r3-spa-51,wec-2023-r3-spa,antonio-giovinazzi,3,platinum,true
wec-2023-r3-spa-5,wec-2023-r3-spa,dane-cameron,1,platinum,true
wec-2023-r3-spa-5,wec-2023-r3-spa,michael-christensen,2,platinum,true
wec-2023-r3-spa-5,wec-2023-r3-spa,frederic-makowiecki,3,platinum,true
wec-2023-r3-spa-2,wec-2023-r3-spa,earl-bamber,1,platinum,true
wec-2023-r3-spa-2,wec-2023-r3-spa,alex-lynn,2,platinum,true
wec-2023-r3-spa-2,wec-2023-r3-spa,richard-westbrook,3,platinum,true
wec-2023-r3-spa-38,wec-2023-r3-spa,antonio-felix-da-costa,1,platinum,true
wec-2023-r3-spa-38,wec-2023-r3-spa,william-stevens,2,platinum,true
wec-2023-r3-spa-38,wec-2023-r3-spa,yifei-ye,3,gold,true
wec-2023-r3-spa-41,wec-2023-r3-spa,rui-andrade,1,silver,true
wec-2023-r3-spa-41,wec-2023-r3-spa,robert-kubica,2,platinum,true
wec-2023-r3-spa-41,wec-2023-r3-spa,louis-deletraz,3,gold,true
wec-2023-r3-spa-23,wec-2023-r3-spa,joshua-pierson,1,silver,true
wec-2023-r3-spa-23,wec-2023-r3-spa,tom-blomqvist,2,platinum,true
wec-2023-r3-spa-23,wec-2023-r3-spa,oliver-jarvis,3,platinum,true
wec-2023-r3-spa-34,wec-2023-r3-spa,jakub-smiechowski,1,silver,true
wec-2023-r3-spa-34,wec-2023-r3-spa,fabio-scherer,2,gold,true
wec-2023-r3-spa-34,wec-2023-r3-spa,albert-costa,3,platinum,true
wec-2023-r3-spa-9,wec-2023-r3-spa,filip-ugran,1,silver,true
wec-2023-r3-spa-9,wec-2023-r3-spa,bent-viscaal,2,gold,true
wec-2023-r3-spa-9,wec-2023-r3-spa,andrea-caldarelli,3,platinum,true
wec-2023-r3-spa-22,wec-2023-r3-spa,frederick-lubin,1,silver,true
wec-2023-r3-spa-22,wec-2023-r3-spa,philip-hanson,2,gold,true
wec-2023-r3-spa-22,wec-2023-r3-spa,filipe-albuquerque,3,platinum,true
wec-2023-r3-spa-31,wec-2023-r3-spa,sean-gelael,1,silver,true
wec-2023-r3-spa-31,wec-2023-r3-spa,ferdinand-habsburg,2,gold,true
wec-2023-r3-spa-31,wec-2023-r3-spa,robin-frijns,3,platinum,true
wec-2023-r3-spa-708,wec-2023-r3-spa,romain-dumas,1,platinum,true
wec-2023-r3-spa-708,wec-2023-r3-spa,olivier-pla,2,platinum,true
wec-2023-r3-spa-708,wec-2023-r3-spa,franck-mailleux,3,gold,true
wec-2023-r3-spa-93,wec-2023-r3-spa,paul-di-resta,1,platinum,true
wec-2023-r3-spa-93,wec-2023-r3-spa,mikkel-jensen,2,platinum,true
wec-2023-r3-spa-93,wec-2023-r3-spa,jean-eric-vergne,3,platinum,true
wec-2023-r3-spa-36,wec-2023-r3-spa,matthieu-vaxiviere,1,gold,true
wec-2023-r3-spa-36,wec-2023-r3-spa,julien-canal,2,silver,true
wec-2023-r3-spa-36,wec-2023-r3-spa,charles-milesi,3,gold,true
wec-2023-r3-spa-35,wec-2023-r3-spa,andre-negrao,1,gold,true
wec-2023-r3-spa-35,wec-2023-r3-spa,memo-rojas,2,silver,true
wec-2023-r3-spa-35,wec-2023-r3-spa,olli-caldwell,3,gold,true
wec-2023-r3-spa-94,wec-2023-r3-spa,loic-duval,1,platinum,true
wec-2023-r3-spa-94,wec-2023-r3-spa,gustavo-menezes,2,platinum,true
wec-2023-r3-spa-94,wec-2023-r3-spa,nico-muller,3,platinum,true
wec-2023-r3-spa-28,wec-2023-r3-spa,david-heinemeier-hansson,1,silver,true
wec-2023-r3-spa-28,wec-2023-r3-spa,pietro-fittipaldi,2,gold,true
wec-2023-r3-spa-28,wec-2023-r3-spa,oliver-rasmussen,3,gold,true
wec-2023-r3-spa-63,wec-2023-r3-spa,doriane-pin,1,silver,true
wec-2023-r3-spa-63,wec-2023-r3-spa,mirko-bortolotti,2,platinum,true
wec-2023-r3-spa-63,wec-2023-r3-spa,daniil-kvyat,3,platinum,true
wec-2023-r3-spa-83,wec-2023-r3-spa,luis-perez-companc,1,bronze,true
wec-2023-r3-spa-83,wec-2023-r3-spa,lilou-wadoux,2,silver,true
wec-2023-r3-spa-83,wec-2023-r3-spa,alessio-rovera,3,platinum,true
wec-2023-r3-spa-33,wec-2023-r3-spa,ben-keating,1,bronze,true
wec-2023-r3-spa-33,wec-2023-r3-spa,nicolas-varrone,2,silver,true
wec-2023-r3-spa-33,wec-2023-r3-spa,nicky-catsburg,3,platinum,true
wec-2023-r3-spa-25,wec-2023-r3-spa,ahmad-al-harthy,1,bronze,true
wec-2023-r3-spa-25,wec-2023-r3-spa,michael-dinan,2,silver,true
wec-2023-r3-spa-25,wec-2023-r3-spa,charlie-eastwood,3,gold,true
wec-2023-r3-spa-88,wec-2023-r3-spa,ryan-hardwick,1,bronze,true
wec-2023-r3-spa-88,wec-2023-r3-spa,zacharie-robichon,2,silver,true
wec-2023-r3-spa-88,wec-2023-r3-spa,harry-tincknell,3,platinum,true
wec-2023-r3-spa-85,wec-2023-r3-spa,sarah-bovy,1,bronze,true
wec-2023-r3-spa-85,wec-2023-r3-spa,michelle-gatting,2,silver,true
wec-2023-r3-spa-85,wec-2023-r3-spa,rahel-frey,3,gold,true
wec-2023-r3-spa-21,wec-2023-r3-spa,diego-alessi,1,bronze,true
wec-2023-r3-spa-21,wec-2023-r3-spa,simon-mann,2,silver,true
wec-2023-r3-spa-21,wec-2023-r3-spa,ulysse-de-pauw,3,gold,true
wec-2023-r3-spa-98,wec-2023-r3-spa,ian-james,1,bronze,true
wec-2023-r3-spa-98,wec-2023-r3-spa,daniel-mancinelli,2,silver,true
wec-2023-r3-spa-98,wec-2023-r3-spa,alex-riberas,3,gold,true
wec-2023-r3-spa-57,wec-2023-r3-spa,takeshi-kimura,1,bronze,true
wec-2023-r3-spa-57,wec-2023-r3-spa,scott-huffaker,2,silver,true
wec-2023-r3-spa-57,wec-2023-r3-spa,daniel-serra,3,platinum,true
wec-2023-r3-spa-77,wec-2023-r3-spa,christian-ried,1,bronze,true
wec-2023-r3-spa-77,wec-2023-r3-spa,mikkel-pedersen,2,silver,true
wec-2023-r3-spa-77,wec-2023-r3-spa,julien-andlauer,3,gold,true
wec-2023-r3-spa-777,wec-2023-r3-spa,satoshi-hoshino,1,bronze,true
wec-2023-r3-spa-777,wec-2023-r3-spa,casper-stevenson,2,silver,true
wec-2023-r3-spa-777,wec-2023-r3-spa,tomonobu-fujii,3,gold,true
wec-2023-r3-spa-60,wec-2023-r3-spa,claudio-schiavoni,1,bronze,true
wec-2023-r3-spa-60,wec-2023-r3-spa,matteo-cressoni,2,silver,true
wec-2023-r3-spa-60,wec-2023-r3-spa,alessio-picariello,3,gold,true
wec-2023-r3-spa-86,wec-2023-r3-spa,michael-wainwright,1,bronze,true
wec-2023-r3-spa-86,wec-2023-r3-spa,riccardo-pera,2,silver,true
wec-2023-r3-spa-86,wec-2023-r3-spa,benjamin-barker,3,gold,true
wec-2023-r3-spa-54,wec-2023-r3-spa,thomas-flohr,1,bronze,true
wec-2023-r3-spa-54,wec-2023-r3-spa,francesco-castellacci,2,silver,true
wec-2023-r3-spa-54,wec-2023-r3-spa,davide-rigon,3,platinum,true
wec-2023-r3-spa-50,wec-2023-r3-spa,antonio-fuoco,1,platinum,true
wec-2023-r3-spa-50,wec-2023-r3-spa,miguel-molina,2,platinum,true
wec-2023-r3-spa-50,wec-2023-r3-spa,nicklas-nielsen,3,platinum,true
wec-2023-r3-spa-4,wec-2023-r3-spa,tom-dillmann,1,gold,true
wec-2023-r3-spa-4,wec-2023-r3-spa,esteban-guerrieri,2,platinum,true
wec-2023-r3-spa-4,wec-2023-r3-spa,jacques-villeneuve,3,platinum,true
wec-2023-r3-spa-6,wec-2023-r3-spa,kevin-estre,1,platinum,true
wec-2023-r3-spa-6,wec-2023-r3-spa,andre-lotterer,2,platinum,true
wec-2023-r3-spa-6,wec-2023-r3-spa,laurens-vanthoor,3,platinum,true
wec-2023-r3-spa-3,wec-2023-r3-spa,sebastien-bourdais,1,platinum,true
wec-2023-r3-spa-3,wec-2023-r3-spa,renger-van-der-zande,2,platinum,true
wec-2023-r3-spa-3,wec-2023-r3-spa,jack-aitken,3,platinum,true
wec-2023-r3-spa-10,wec-2023-r3-spa,ryan-cullen,1,silver,true
wec-2023-r3-spa-10,wec-2023-r3-spa,matthias-kaiser,2,silver,true
wec-2023-r3-spa-10,wec-2023-r3-spa,gabriel-aubry,3,gold,true
wec-2023-r3-spa-56,wec-2023-r3-spa,pj-hyett,1,bronze,true
wec-2023-r3-spa-56,wec-2023-r3-spa,gunnar-jeannette,2,silver,true
wec-2023-r3-spa-56,wec-2023-r3-spa,matteo-cairoli,3,platinum,true
wec-2023-r4-le-mans-51,wec-2023-r4-le-mans,alessandro-pier-guidi,1,platinum,true
wec-2023-r4-le-mans-51,wec-2023-r4-le-mans,james-calado,2,platinum,true
wec-2023-r4-le-mans-51,wec-2023-r4-le-mans,antonio-giovinazzi,3,platinum,true
wec-2023-r4-le-mans-8,wec-2023-r4-le-mans,sebastien-buemi,1,platinum,true
wec-2023-r4-le-mans-8,wec-2023-r4-le-mans,brendon-hartley,2,platinum,true
wec-2023-r4-le-mans-8,wec-2023-r4-le-mans,ryo-hirakawa,3,platinum,true
wec-2023-r4-le-mans-2,wec-2023-r4-le-mans,earl-bamber,1,platinum,true
wec-2023-r4-le-mans-2,wec-2023-r4-le-mans,alex-lynn,2,platinum,true
wec-2023-r4-le-mans-2,wec-2023-r4-le-mans,richard-westbrook,3,platinum,true
wec-2023-r4-le-mans-3,wec-2023-r4-le-mans,sebastien-bourdais,1,platinum,true
wec-2023-r4-le-mans-3,wec-2023-r4-le-mans,renger-van-der-zande,2,platinum,true
wec-2023-r4-le-mans-3,wec-2023-r4-le-mans,scott-dixon,3,platinum,true
wec-2023-r4-le-mans-50,wec-2023-r4-le-mans,antonio-fuoco,1,platinum,true
wec-2023-r4-le-mans-50,wec-2023-r4-le-mans,miguel-molina,2,platinum,true
wec-2023-r4-le-mans-50,wec-2023-r4-le-mans,nicklas-nielsen,3,platinum,true
wec-2023-r4-le-mans-708,wec-2023-r4-le-mans,romain-dumas,1,platinum,true
wec-2023-r4-le-mans-708,wec-2023-r4-le-mans,ryan-briscoe,2,platinum,true
wec-2023-r4-le-mans-708,wec-2023-r4-le-mans,olivier-pla,3,platinum,true
wec-2023-r4-le-mans-709,wec-2023-r4-le-mans,franck-mailleux,1,gold,true
wec-2023-r4-le-mans-709,wec-2023-r4-le-mans,nathanael-berthon,2,gold,true
wec-2023-r4-le-mans-709,wec-2023-r4-le-mans,esteban-gutierrez,3,platinum,true
wec-2023-r4-le-mans-93,wec-2023-r4-le-mans,paul-di-resta,1,platinum,true
wec-2023-r4-le-mans-93,wec-2023-r4-le-mans,mikkel-jensen,2,platinum,true
wec-2023-r4-le-mans-93,wec-2023-r4-le-mans,jean-eric-vergne,3,platinum,true
wec-2023-r4-le-mans-34,wec-2023-r4-le-mans,jakub-smiechowski,1,silver,true
wec-2023-r4-le-mans-34,wec-2023-r4-le-mans,albert-costa,2,platinum,true
wec-2023-r4-le-mans-34,wec-2023-r4-le-mans,fabio-scherer,3,gold,true
wec-2023-r4-le-mans-41,wec-2023-r4-le-mans,rui-andrade,1,silver,true
wec-2023-r4-le-mans-41,wec-2023-r4-le-mans,louis-deletraz,2,gold,true
wec-2023-r4-le-mans-41,wec-2023-r4-le-mans,robert-kubica,3,platinum,true
wec-2023-r4-le-mans-30,wec-2023-r4-le-mans,neel-jani,1,platinum,true
wec-2023-r4-le-mans-30,wec-2023-r4-le-mans,rene-binder,2,gold,true
wec-2023-r4-le-mans-30,wec-2023-r4-le-mans,nicolas-pino,3,silver,true
wec-2023-r4-le-mans-36,wec-2023-r4-le-mans,matthieu-vaxiviere,1,gold,true
wec-2023-r4-le-mans-36,wec-2023-r4-le-mans,charles-milesi,2,gold,true
wec-2023-r4-le-mans-36,wec-2023-r4-le-mans,julien-canal,3,silver,true
wec-2023-r4-le-mans-31,wec-2023-r4-le-mans,sean-gelael,1,silver,true
wec-2023-r4-le-mans-31,wec-2023-r4-le-mans,ferdinand-habsburg,2,gold,true
wec-2023-r4-le-mans-31,wec-2023-r4-le-mans,robin-frijns,3,platinum,true
wec-2023-r4-le-mans-48,wec-2023-r4-le-mans,paul-lafargue,1,silver,true
wec-2023-r4-le-mans-48,wec-2023-r4-le-mans,paul-loup-chatin,2,gold,true
wec-2023-r4-le-mans-48,wec-2023-r4-le-mans,laurents-horr,3,gold,true
wec-2023-r4-le-mans-10,wec-2023-r4-le-mans,ryan-cullen,1,silver,true
wec-2023-r4-le-mans-10,wec-2023-r4-le-mans,gabriel-aubry,2,gold,true
wec-2023-r4-le-mans-10,wec-2023-r4-le-mans,matthias-kaiser,3,silver,true
wec-2023-r4-le-mans-5,wec-2023-r4-le-mans,dane-cameron,1,platinum,true
wec-2023-r4-le-mans-5,wec-2023-r4-le-mans,michael-christensen,2,platinum,true
wec-2023-r4-le-mans-5,wec-2023-r4-le-mans,frederic-makowiecki,3,platinum,true
wec-2023-r4-le-mans-311,wec-2023-r4-le-mans,luis-felipe-derani,1,platinum,true
wec-2023-r4-le-mans-311,wec-2023-r4-le-mans,alexander-sims,2,platinum,true
wec-2023-r4-le-mans-311,wec-2023-r4-le-mans,jack-aitken,3,platinum,true
wec-2023-r4-le-mans-23,wec-2023-r4-le-mans,joshua-pierson,1,silver,true
wec-2023-r4-le-mans-23,wec-2023-r4-le-mans,tom-blomqvist,2,platinum,true
wec-2023-r4-le-mans-23,wec-2023-r4-le-mans,oliver-jarvis,3,platinum,true
wec-2023-r4-le-mans-35,wec-2023-r4-le-mans,andre-negrao,1,gold,true
wec-2023-r4-le-mans-35,wec-2023-r4-le-mans,olli-caldwell,2,gold,true
wec-2023-r4-le-mans-35,wec-2023-r4-le-mans,memo-rojas,3,silver,true
wec-2023-r4-le-mans-45,wec-2023-r4-le-mans,george-kurtz,1,bronze,true
wec-2023-r4-le-mans-45,wec-2023-r4-le-mans,james-allen,2,gold,true
wec-2023-r4-le-mans-45,wec-2023-r4-le-mans,colin-braun,3,gold,true
wec-2023-r4-le-mans-22,wec-2023-r4-le-mans,philip-hanson,1,gold,true
wec-2023-r4-le-mans-22,wec-2023-r4-le-mans,filipe-albuquerque,2,platinum,true
wec-2023-r4-le-mans-22,wec-2023-r4-le-mans,frederick-lubin,3,silver,true
wec-2023-r4-le-mans-6,wec-2023-r4-le-mans,kevin-estre,1,platinum,true
wec-2023-r4-le-mans-6,wec-2023-r4-le-mans,andre-lotterer,2,platinum,true
wec-2023-r4-le-mans-6,wec-2023-r4-le-mans,laurens-vanthoor,3,platinum,true
wec-2023-r4-le-mans-37,wec-2023-r4-le-mans,nicolas-lapierre,1,platinum,true
wec-2023-r4-le-mans-37,wec-2023-r4-le-mans,alexandre-coigny,2,bronze,true
wec-2023-r4-le-mans-37,wec-2023-r4-le-mans,malthe-jakobsen,3,gold,true
wec-2023-r4-le-mans-28,wec-2023-r4-le-mans,david-heinemeier-hansson,1,silver,true
wec-2023-r4-le-mans-28,wec-2023-r4-le-mans,oliver-rasmussen,2,gold,true
wec-2023-r4-le-mans-28,wec-2023-r4-le-mans,pietro-fittipaldi,3,gold,true
wec-2023-r4-le-mans-65,wec-2023-r4-le-mans,manuel-maldonado,1,silver,true
wec-2023-r4-le-mans-65,wec-2023-r4-le-mans,tijmen-van-der-helm,2,gold,true
wec-2023-r4-le-mans-65,wec-2023-r4-le-mans,job-van-uitert,3,gold,true
wec-2023-r4-le-mans-33,wec-2023-r4-le-mans,nicky-catsburg,1,platinum,true
wec-2023-r4-le-mans-33,wec-2023-r4-le-mans,ben-keating,2,bronze,true
wec-2023-r4-le-mans-33,wec-2023-r4-le-mans,nicolas-varrone,3,silver,true
wec-2023-r4-le-mans-94,wec-2023-r4-le-mans,loic-duval,1,platinum,true
wec-2023-r4-le-mans-94,wec-2023-r4-le-mans,gustavo-menezes,2,platinum,true
wec-2023-r4-le-mans-94,wec-2023-r4-le-mans,nico-muller,3,platinum,true
wec-2023-r4-le-mans-25,wec-2023-r4-le-mans,ahmad-al-harthy,1,bronze,true
wec-2023-r4-le-mans-25,wec-2023-r4-le-mans,michael-dinan,2,silver,true
wec-2023-r4-le-mans-25,wec-2023-r4-le-mans,charlie-eastwood,3,gold,true
wec-2023-r4-le-mans-86,wec-2023-r4-le-mans,michael-wainwright,1,bronze,true
wec-2023-r4-le-mans-86,wec-2023-r4-le-mans,benjamin-barker,2,gold,true
wec-2023-r4-le-mans-86,wec-2023-r4-le-mans,riccardo-pera,3,silver,true
wec-2023-r4-le-mans-85,wec-2023-r4-le-mans,sarah-bovy,1,bronze,true
wec-2023-r4-le-mans-85,wec-2023-r4-le-mans,michelle-gatting,2,silver,true
wec-2023-r4-le-mans-85,wec-2023-r4-le-mans,rahel-frey,3,gold,true
wec-2023-r4-le-mans-54,wec-2023-r4-le-mans,thomas-flohr,1,bronze,true
wec-2023-r4-le-mans-54,wec-2023-r4-le-mans,francesco-castellacci,2,silver,true
wec-2023-r4-le-mans-54,wec-2023-r4-le-mans,davide-rigon,3,platinum,true
wec-2023-r4-le-mans-43,wec-2023-r4-le-mans,tom-van-rompuy,1,bronze,true
wec-2023-r4-le-mans-43,wec-2023-r4-le-mans,ugo-de-wilde,2,gold,true
wec-2023-r4-le-mans-43,wec-2023-r4-le-mans,maxime-martin,3,platinum,true
wec-2023-r4-le-mans-98,wec-2023-r4-le-mans,ian-james,1,bronze,true
wec-2023-r4-le-mans-98,wec-2023-r4-le-mans,daniel-mancinelli,2,silver,true
wec-2023-r4-le-mans-98,wec-2023-r4-le-mans,alex-riberas,3,gold,true
wec-2023-r4-le-mans-9,wec-2023-r4-le-mans,bent-viscaal,1,gold,true
wec-2023-r4-le-mans-9,wec-2023-r4-le-mans,juan-manuel-correa,2,silver,true
wec-2023-r4-le-mans-9,wec-2023-r4-le-mans,filip-ugran,3,silver,true
wec-2023-r4-le-mans-56,wec-2023-r4-le-mans,pj-hyett,1,bronze,true
wec-2023-r4-le-mans-56,wec-2023-r4-le-mans,gunnar-jeannette,2,silver,true
wec-2023-r4-le-mans-56,wec-2023-r4-le-mans,matteo-cairoli,3,platinum,true
wec-2023-r4-le-mans-100,wec-2023-r4-le-mans,chandler-hull,1,silver,true
wec-2023-r4-le-mans-100,wec-2023-r4-le-mans,andrew-haryanto,2,bronze,true
wec-2023-r4-le-mans-100,wec-2023-r4-le-mans,jeffrey-segal,3,gold,true
wec-2023-r4-le-mans-39,wec-2023-r4-le-mans,roberto-lacorte,1,bronze,true
wec-2023-r4-le-mans-39,wec-2023-r4-le-mans,giedo-van-der-garde,2,platinum,true
wec-2023-r4-le-mans-39,wec-2023-r4-le-mans,patrick-pilet,3,platinum,true
wec-2023-r4-le-mans-74,wec-2023-r4-le-mans,kei-cozzolino,1,gold,true
wec-2023-r4-le-mans-74,wec-2023-r4-le-mans,yorikatsu-tsujiko,2,bronze,true
wec-2023-r4-le-mans-74,wec-2023-r4-le-mans,naoki-yokomizo,3,silver,true
wec-2023-r4-le-mans-24,wec-2023-r4-le-mans,jimmie-johnson,1,platinum,false
wec-2023-r4-le-mans-24,wec-2023-r4-le-mans,mike-rockenfeller,2,platinum,false
wec-2023-r4-le-mans-24,wec-2023-r4-le-mans,jenson-button,3,platinum,false
wec-2023-r4-le-mans-38,wec-2023-r4-le-mans,antonio-felix-da-costa,1,platinum,true
wec-2023-r4-le-mans-38,wec-2023-r4-le-mans,william-stevens,2,platinum,true
wec-2023-r4-le-mans-38,wec-2023-r4-le-mans,yifei-ye,3,gold,true
wec-2023-r4-le-mans-57,wec-2023-r4-le-mans,takeshi-kimura,1,bronze,true
wec-2023-r4-le-mans-57,wec-2023-r4-le-mans,scott-huffaker,2,silver,true
wec-2023-r4-le-mans-57,wec-2023-r4-le-mans,daniel-serra,3,platinum,true
wec-2023-r4-le-mans-911,wec-2023-r4-le-mans,michael-fassbender,1,bronze,true
wec-2023-r4-le-mans-911,wec-2023-r4-le-mans,martin-rump,2,silver,true
wec-2023-r4-le-mans-911,wec-2023-r4-le-mans,richard-lietz,3,platinum,true
wec-2023-r4-le-mans-80,wec-2023-r4-le-mans,francois-perrodo,1,bronze,true
wec-2023-r4-le-mans-80,wec-2023-r4-le-mans,ben-barnicoat,2,gold,true
wec-2023-r4-le-mans-80,wec-2023-r4-le-mans,norman-nato,3,gold,true
wec-2023-r4-le-mans-88,wec-2023-r4-le-mans,harry-tincknell,1,platinum,true
wec-2023-r4-le-mans-88,wec-2023-r4-le-mans,donald-yount,2,bronze,true
wec-2023-r4-le-mans-88,wec-2023-r4-le-mans,jonas-ried,3,silver,true
wec-2023-r4-le-mans-4,wec-2023-r4-le-mans,tom-dillmann,1,gold,true
wec-2023-r4-le-mans-4,wec-2023-r4-le-mans,esteban-guerrieri,2,platinum,true
wec-2023-r4-le-mans-4,wec-2023-r4-le-mans,tristan-vautier,3,platinum,true
wec-2023-r4-le-mans-777,wec-2023-r4-le-mans,satoshi-hoshino,1,bronze,true
wec-2023-r4-le-mans-777,wec-2023-r4-le-mans,casper-stevenson,2,silver,true
wec-2023-r4-le-mans-777,wec-2023-r4-le-mans,tomonobu-fujii,3,gold,true
wec-2023-r4-le-mans-47,wec-2023-r4-le-mans,reshad-de-gerus,1,gold,true
wec-2023-r4-le-mans-47,wec-2023-r4-le-mans,vladislav-lomko,2,silver,true
wec-2023-r4-le-mans-47,wec-2023-r4-le-mans,simon-pagenaud,3,platinum,true
wec-2023-r4-le-mans-77,wec-2023-r4-le-mans,christian-ried,1,bronze,true
wec-2023-r4-le-mans-77,wec-2023-r4-le-mans,mikkel-pedersen,2,silver,true
wec-2023-r4-le-mans-77,wec-2023-r4-le-mans,julien-andlauer,3,gold,true
wec-2023-r4-le-mans-32,wec-2023-r4-le-mans,mark-kvamme,1,bronze,true
wec-2023-r4-le-mans-32,wec-2023-r4-le-mans,jan-magnussen,2,gold,true
wec-2023-r4-le-mans-32,wec-2023-r4-le-mans,anders-fjordbach,3,silver,true
wec-2023-r4-le-mans-63,wec-2023-r4-le-mans,doriane-pin,1,silver,true
wec-2023-r4-le-mans-63,wec-2023-r4-le-mans,daniil-kvyat,2,platinum,true
wec-2023-r4-le-mans-63,wec-2023-r4-le-mans,mirko-bortolotti,3,platinum,true
wec-2023-r4-le-mans-7,wec-2023-r4-le-mans,mike-conway,1,platinum,true
wec-2023-r4-le-mans-7,wec-2023-r4-le-mans,kamui-kobayashi,2,platinum,true
wec-2023-r4-le-mans-7,wec-2023-r4-le-mans,jose-maria-lopez,3,platinum,true
wec-2023-r4-le-mans-66,wec-2023-r4-le-mans,thomas-neubauer,1,gold,true
wec-2023-r4-le-mans-66,wec-2023-r4-le-mans,louis-prette,2,silver,true
wec-2023-r4-le-mans-66,wec-2023-r4-le-mans,giacomo-petrobelli,3,bronze,true
wec-2023-r4-le-mans-923,wec-2023-r4-le-mans,salih-yoluc,1,bronze,true
wec-2023-r4-le-mans-923,wec-2023-r4-le-mans,tom-gamble,2,gold,true
wec-2023-r4-le-mans-923,wec-2023-r4-le-mans,dries-vanthoor,3,platinum,true
wec-2023-r4-le-mans-75,wec-2023-r4-le-mans,felipe-nasr,1,platinum,true
wec-2023-r4-le-mans-75,wec-2023-r4-le-mans,mathieu-jaminet,2,platinum,true
wec-2023-r4-le-mans-75,wec-2023-r4-le-mans,nicholas-tandy,3,platinum,true
wec-2023-r4-le-mans-72,wec-2023-r4-le-mans,arnold-robin,1,bronze,true
wec-2023-r4-le-mans-72,wec-2023-r4-le-mans,maxime-robin,2,silver,true
wec-2023-r4-le-mans-72,wec-2023-r4-le-mans,valentin-hasse-clot,3,gold,true
wec-2023-r4-le-mans-83,wec-2023-r4-le-mans,luis-perez-companc,1,bronze,true
wec-2023-r4-le-mans-83,wec-2023-r4-le-mans,alessio-rovera,2,platinum,true
wec-2023-r4-le-mans-83,wec-2023-r4-le-mans,lilou-wadoux,3,silver,true
wec-2023-r4-le-mans-60,wec-2023-r4-le-mans,claudio-schiavoni,1,bronze,true
wec-2023-r4-le-mans-60,wec-2023-r4-le-mans,matteo-cressoni,2,silver,true
wec-2023-r4-le-mans-60,wec-2023-r4-le-mans,alessio-picariello,3,gold,true
wec-2023-r4-le-mans-16,wec-2023-r4-le-mans,ryan-hardwick,1,bronze,true
wec-2023-r4-le-mans-16,wec-2023-r4-le-mans,zacharie-robichon,2,silver,true
wec-2023-r4-le-mans-16,wec-2023-r4-le-mans,jan-heylen,3,gold,true
wec-2023-r4-le-mans-55,wec-2023-r4-le-mans,gustav-birch,1,silver,true
wec-2023-r4-le-mans-55,wec-2023-r4-le-mans,marco-sorensen,2,platinum,true
wec-2023-r4-le-mans-55,wec-2023-r4-le-mans,jens-reno-moller,3,bronze,true
wec-2023-r4-le-mans-21,wec-2023-r4-le-mans,simon-mann,1,silver,true
wec-2023-r4-le-mans-21,wec-2023-r4-le-mans,julien-piguet,2,bronze,true
wec-2023-r4-le-mans-21,wec-2023-r4-le-mans,ulysse-de-pauw,3,gold,true
wec-2023-r4-le-mans-13,wec-2023-r4-le-mans,steven-thomas,1,bronze,true
wec-2023-r4-le-mans-13,wec-2023-r4-le-mans,ricky-taylor,2,platinum,true
wec-2023-r4-le-mans-13,wec-2023-r4-le-mans,rene-rast,3,platinum,true
wec-2023-r4-le-mans-14,wec-2023-r4-le-mans,rodrigo-sales,1,bronze,true
wec-2023-r4-le-mans-14,wec-2023-r4-le-mans,mathias-beche,2,gold,true
wec-2023-r4-le-mans-14,wec-2023-r4-le-mans,ben-hanley,3,gold,true
wec-2023-r5-monza-7,wec-2023-r5-monza,mike-conway,1,platinum,true
wec-2023-r5-monza-7,wec-2023-r5-monza,kamui-kobayashi,2,platinum,true
wec-2023-r5-monza-7,wec-2023-r5-monza,jose-maria-lopez,3,platinum,true
wec-2023-r5-monza-50,wec-2023-r5-monza,antonio-fuoco,1,platinum,true
wec-2023-r5-monza-50,wec-2023-r5-monza,miguel-molina,2,platinum,true
wec-2023-r5-monza-50,wec-2023-r5-monza,nicklas-nielsen,3,platinum,true
wec-2023-r5-monza-93,wec-2023-r5-monza,paul-di-resta,1,platinum,true
wec-2023-r5-monza-93,wec-2023-r5-monza,mikkel-jensen,2,platinum,true
wec-2023-r5-monza-93,wec-2023-r5-monza,jean-eric-vergne,3,platinum,true
wec-2023-r5-monza-5,wec-2023-r5-monza,dane-cameron,1,platinum,true
wec-2023-r5-monza-5,wec-2023-r5-monza,michael-christensen,2,platinum,true
wec-2023-r5-monza-5,wec-2023-r5-monza,frederic-makowiecki,3,platinum,true
wec-2023-r5-monza-51,wec-2023-r5-monza,alessandro-pier-guidi,1,platinum,true
wec-2023-r5-monza-51,wec-2023-r5-monza,james-calado,2,platinum,true
wec-2023-r5-monza-51,wec-2023-r5-monza,antonio-giovinazzi,3,platinum,true
wec-2023-r5-monza-8,wec-2023-r5-monza,sebastien-buemi,1,platinum,true
wec-2023-r5-monza-8,wec-2023-r5-monza,brendon-hartley,2,platinum,true
wec-2023-r5-monza-8,wec-2023-r5-monza,ryo-hirakawa,3,platinum,true
wec-2023-r5-monza-6,wec-2023-r5-monza,kevin-estre,1,platinum,true
wec-2023-r5-monza-6,wec-2023-r5-monza,andre-lotterer,2,platinum,true
wec-2023-r5-monza-6,wec-2023-r5-monza,laurens-vanthoor,3,platinum,true
wec-2023-r5-monza-708,wec-2023-r5-monza,romain-dumas,1,platinum,true
wec-2023-r5-monza-708,wec-2023-r5-monza,olivier-pla,2,platinum,true
wec-2023-r5-monza-708,wec-2023-r5-monza,nathanael-berthon,3,gold,true
wec-2023-r5-monza-38,wec-2023-r5-monza,antonio-felix-da-costa,1,platinum,true
wec-2023-r5-monza-38,wec-2023-r5-monza,william-stevens,2,platinum,true
wec-2023-r5-monza-38,wec-2023-r5-monza,yifei-ye,3,gold,true
wec-2023-r5-monza-2,wec-2023-r5-monza,earl-bamber,1,platinum,true
wec-2023-r5-monza-2,wec-2023-r5-monza,alex-lynn,2,platinum,true
wec-2023-r5-monza-2,wec-2023-r5-monza,richard-westbrook,3,platinum,true
wec-2023-r5-monza-28,wec-2023-r5-monza,david-heinemeier-hansson,1,silver,true
wec-2023-r5-monza-28,wec-2023-r5-monza,pietro-fittipaldi,2,gold,true
wec-2023-r5-monza-28,wec-2023-r5-monza,oliver-rasmussen,3,gold,true
wec-2023-r5-monza-36,wec-2023-r5-monza,matthieu-vaxiviere,1,gold,true
wec-2023-r5-monza-36,wec-2023-r5-monza,julien-canal,2,silver,true
wec-2023-r5-monza-36,wec-2023-r5-monza,charles-milesi,3,gold,true
wec-2023-r5-monza-41,wec-2023-r5-monza,rui-andrade,1,silver,true
wec-2023-r5-monza-41,wec-2023-r5-monza,robert-kubica,2,platinum,true
wec-2023-r5-monza-41,wec-2023-r5-monza,louis-deletraz,3,gold,true
wec-2023-r5-monza-23,wec-2023-r5-monza,joshua-pierson,1,silver,true
wec-2023-r5-monza-23,wec-2023-r5-monza,giedo-van-der-garde,2,platinum,true
wec-2023-r5-monza-23,wec-2023-r5-monza,oliver-jarvis,3,platinum,true
wec-2023-r5-monza-34,wec-2023-r5-monza,jakub-smiechowski,1,silver,true
wec-2023-r5-monza-34,wec-2023-r5-monza,fabio-scherer,2,gold,true
wec-2023-r5-monza-34,wec-2023-r5-monza,albert-costa,3,platinum,true
wec-2023-r5-monza-22,wec-2023-r5-monza,frederick-lubin,1,silver,true
wec-2023-r5-monza-22,wec-2023-r5-monza,philip-hanson,2,gold,true
wec-2023-r5-monza-22,wec-2023-r5-monza,ben-hanley,3,gold,true
wec-2023-r5-monza-63,wec-2023-r5-monza,doriane-pin,1,silver,true
wec-2023-r5-monza-63,wec-2023-r5-monza,mathias-beche,2,gold,true
wec-2023-r5-monza-63,wec-2023-r5-monza,daniil-kvyat,3,platinum,true
wec-2023-r5-monza-35,wec-2023-r5-monza,andre-negrao,1,gold,true
wec-2023-r5-monza-35,wec-2023-r5-monza,memo-rojas,2,silver,true
wec-2023-r5-monza-35,wec-2023-r5-monza,olli-caldwell,3,gold,true
wec-2023-r5-monza-94,wec-2023-r5-monza,loic-duval,1,platinum,true
wec-2023-r5-monza-94,wec-2023-r5-monza,gustavo-menezes,2,platinum,true
wec-2023-r5-monza-94,wec-2023-r5-monza,nico-muller,3,platinum,true
wec-2023-r5-monza-4,wec-2023-r5-monza,esteban-guerrieri,1,platinum,true
wec-2023-r5-monza-4,wec-2023-r5-monza,tristan-vautier,2,gold,true
wec-2023-r5-monza-4,wec-2023-r5-monza,joao-paulo-de-oliveira,3,platinum,true
wec-2023-r5-monza-9,wec-2023-r5-monza,filip-ugran,1,silver,true
wec-2023-r5-monza-9,wec-2023-r5-monza,bent-viscaal,2,gold,true
wec-2023-r5-monza-9,wec-2023-r5-monza,andrea-caldarelli,3,platinum,true
wec-2023-r5-monza-77,wec-2023-r5-monza,christian-ried,1,bronze,true
wec-2023-r5-monza-77,wec-2023-r5-monza,mikkel-pedersen,2,silver,true
wec-2023-r5-monza-77,wec-2023-r5-monza,julien-andlauer,3,gold,true
wec-2023-r5-monza-60,wec-2023-r5-monza,claudio-schiavoni,1,bronze,true
wec-2023-r5-monza-60,wec-2023-r5-monza,matteo-cressoni,2,silver,true
wec-2023-r5-monza-60,wec-2023-r5-monza,alessio-picariello,3,gold,true
wec-2023-r5-monza-86,wec-2023-r5-monza,michael-wainwright,1,bronze,true
wec-2023-r5-monza-86,wec-2023-r5-monza,riccardo-pera,2,silver,true
wec-2023-r5-monza-86,wec-2023-r5-monza,benjamin-barker,3,gold,true
wec-2023-r5-monza-33,wec-2023-r5-monza,ben-keating,1,bronze,true
wec-2023-r5-monza-33,wec-2023-r5-monza,nicolas-varrone,2,silver,true
wec-2023-r5-monza-33,wec-2023-r5-monza,nicky-catsburg,3,platinum,true
wec-2023-r5-monza-85,wec-2023-r5-monza,sarah-bovy,1,bronze,true
wec-2023-r5-monza-85,wec-2023-r5-monza,michelle-gatting,2,silver,true
wec-2023-r5-monza-85,wec-2023-r5-monza,rahel-frey,3,gold,true
wec-2023-r5-monza-83,wec-2023-r5-monza,luis-perez-companc,1,bronze,true
wec-2023-r5-monza-83,wec-2023-r5-monza,lilou-wadoux,2,silver,true
wec-2023-r5-monza-83,wec-2023-r5-monza,alessio-rovera,3,platinum,true
wec-2023-r5-monza-25,wec-2023-r5-monza,ahmad-al-harthy,1,bronze,true
wec-2023-r5-monza-25,wec-2023-r5-monza,michael-dinan,2,silver,true
wec-2023-r5-monza-25,wec-2023-r5-monza,charlie-eastwood,3,gold,true
wec-2023-r5-monza-56,wec-2023-r5-monza,efrin-castro,1,bronze,true
wec-2023-r5-monza-56,wec-2023-r5-monza,guilherme-moura-de-oliveira,2,silver,true
wec-2023-r5-monza-56,wec-2023-r5-monza,matteo-cairoli,3,platinum,true
wec-2023-r5-monza-21,wec-2023-r5-monza,julien-piguet,1,bronze,true
wec-2023-r5-monza-21,wec-2023-r5-monza,simon-mann,2,silver,true
wec-2023-r5-monza-21,wec-2023-r5-monza,ulysse-de-pauw,3,gold,true
wec-2023-r5-monza-54,wec-2023-r5-monza,thomas-flohr,1,bronze,true
wec-2023-r5-monza-54,wec-2023-r5-monza,francesco-castellacci,2,silver,true
wec-2023-r5-monza-54,wec-2023-r5-monza,davide-rigon,3,platinum,true
wec-2023-r5-monza-31,wec-2023-r5-monza,sean-gelael,1,silver,true
wec-2023-r5-monza-31,wec-2023-r5-monza,ferdinand-habsburg,2,gold,true
wec-2023-r5-monza-31,wec-2023-r5-monza,robin-frijns,3,platinum,true
wec-2023-r5-monza-99,wec-2023-r5-monza,gianmaria-bruni,1,platinum,true
wec-2023-r5-monza-99,wec-2023-r5-monza,harry-tincknell,2,platinum,true
wec-2023-r5-monza-99,wec-2023-r5-monza,neel-jani,3,platinum,true
wec-2023-r5-monza-57,wec-2023-r5-monza,takeshi-kimura,1,bronze,true
wec-2023-r5-monza-57,wec-2023-r5-monza,scott-huffaker,2,silver,true
wec-2023-r5-monza-57,wec-2023-r5-monza,kei-cozzolino,3,gold,true
wec-2023-r5-monza-10,wec-2023-r5-monza,ryan-cullen,1,silver,true
wec-2023-r5-monza-10,wec-2023-r5-monza,matthias-kaiser,2,silver,true
wec-2023-r5-monza-10,wec-2023-r5-monza,gabriel-aubry,3,gold,true
wec-2023-r5-monza-777,wec-2023-r5-monza,satoshi-hoshino,1,bronze,true
wec-2023-r5-monza-777,wec-2023-r5-monza,casper-stevenson,2,silver,true
wec-2023-r5-monza-777,wec-2023-r5-monza,tomonobu-fujii,3,gold,true
wec-2023-r6-fuji-7,wec-2023-r6-fuji,mike-conway,1,platinum,true
wec-2023-r6-fuji-7,wec-2023-r6-fuji,kamui-kobayashi,2,platinum,true
wec-2023-r6-fuji-7,wec-2023-r6-fuji,jose-maria-lopez,3,platinum,true
wec-2023-r6-fuji-8,wec-2023-r6-fuji,sebastien-buemi,1,platinum,true
wec-2023-r6-fuji-8,wec-2023-r6-fuji,brendon-hartley,2,platinum,true
wec-2023-r6-fuji-8,wec-2023-r6-fuji,ryo-hirakawa,3,platinum,true
wec-2023-r6-fuji-6,wec-2023-r6-fuji,kevin-estre,1,platinum,true
wec-2023-r6-fuji-6,wec-2023-r6-fuji,andre-lotterer,2,platinum,true
wec-2023-r6-fuji-6,wec-2023-r6-fuji,laurens-vanthoor,3,platinum,true
wec-2023-r6-fuji-50,wec-2023-r6-fuji,antonio-fuoco,1,platinum,true
wec-2023-r6-fuji-50,wec-2023-r6-fuji,miguel-molina,2,platinum,true
wec-2023-r6-fuji-50,wec-2023-r6-fuji,nicklas-nielsen,3,platinum,true
wec-2023-r6-fuji-51,wec-2023-r6-fuji,alessandro-pier-guidi,1,platinum,true
wec-2023-r6-fuji-51,wec-2023-r6-fuji,james-calado,2,platinum,true
wec-2023-r6-fuji-51,wec-2023-r6-fuji,antonio-giovinazzi,3,platinum,true
wec-2023-r6-fuji-38,wec-2023-r6-fuji,antonio-felix-da-costa,1,platinum,true
wec-2023-r6-fuji-38,wec-2023-r6-fuji,william-stevens,2,platinum,true
wec-2023-r6-fuji-38,wec-2023-r6-fuji,yifei-ye,3,gold,true
wec-2023-r6-fuji-94,wec-2023-r6-fuji,loic-duval,1,platinum,true
wec-2023-r6-fuji-94,wec-2023-r6-fuji,gustavo-menezes,2,platinum,true
wec-2023-r6-fuji-94,wec-2023-r6-fuji,stoffel-vandoorne,3,platinum,true
wec-2023-r6-fuji-93,wec-2023-r6-fuji,paul-di-resta,1,platinum,true
wec-2023-r6-fuji-93,wec-2023-r6-fuji,mikkel-jensen,2,platinum,true
wec-2023-r6-fuji-93,wec-2023-r6-fuji,jean-eric-vergne,3,platinum,true
wec-2023-r6-fuji-99,wec-2023-r6-fuji,neel-jani,1,platinum,true
wec-2023-r6-fuji-99,wec-2023-r6-fuji,gianmaria-bruni,2,platinum,true
wec-2023-r6-fuji-99,wec-2023-r6-fuji,harry-tincknell,3,platinum,true
wec-2023-r6-fuji-2,wec-2023-r6-fuji,earl-bamber,1,platinum,true
wec-2023-r6-fuji-2,wec-2023-r6-fuji,alex-lynn,2,platinum,true
wec-2023-r6-fuji-2,wec-2023-r6-fuji,richard-westbrook,3,platinum,true
wec-2023-r6-fuji-41,wec-2023-r6-fuji,rui-andrade,1,silver,true
wec-2023-r6-fuji-41,wec-2023-r6-fuji,robert-kubica,2,platinum,true
wec-2023-r6-fuji-41,wec-2023-r6-fuji,louis-deletraz,3,gold,true
wec-2023-r6-fuji-22,wec-2023-r6-fuji,frederick-lubin,1,silver,true
wec-2023-r6-fuji-22,wec-2023-r6-fuji,philip-hanson,2,gold,true
wec-2023-r6-fuji-22,wec-2023-r6-fuji,filipe-albuquerque,3,platinum,true
wec-2023-r6-fuji-31,wec-2023-r6-fuji,sean-gelael,1,silver,true
wec-2023-r6-fuji-31,wec-2023-r6-fuji,ferdinand-habsburg,2,gold,true
wec-2023-r6-fuji-31,wec-2023-r6-fuji,robin-frijns,3,platinum,true
wec-2023-r6-fuji-23,wec-2023-r6-fuji,joshua-pierson,1,silver,true
wec-2023-r6-fuji-23,wec-2023-r6-fuji,ben-hanley,2,gold,true
wec-2023-r6-fuji-23,wec-2023-r6-fuji,oliver-jarvis,3,platinum,true
wec-2023-r6-fuji-36,wec-2023-r6-fuji,matthieu-vaxiviere,1,gold,true
wec-2023-r6-fuji-36,wec-2023-r6-fuji,julien-canal,2,silver,true
wec-2023-r6-fuji-36,wec-2023-r6-fuji,charles-milesi,3,gold,true
wec-2023-r6-fuji-28,wec-2023-r6-fuji,david-heinemeier-hansson,1,silver,true
wec-2023-r6-fuji-28,wec-2023-r6-fuji,pietro-fittipaldi,2,gold,true
wec-2023-r6-fuji-28,wec-2023-r6-fuji,oliver-rasmussen,3,gold,true
wec-2023-r6-fuji-10,wec-2023-r6-fuji,ryan-cullen,1,silver,true
wec-2023-r6-fuji-10,wec-2023-r6-fuji,matthias-kaiser,2,silver,true
wec-2023-r6-fuji-10,wec-2023-r6-fuji,gabriel-aubry,3,gold,true
wec-2023-r6-fuji-9,wec-2023-r6-fuji,filip-ugran,1,silver,true
wec-2023-r6-fuji-9,wec-2023-r6-fuji,bent-viscaal,2,gold,true
wec-2023-r6-fuji-9,wec-2023-r6-fuji,juan-manuel-correa,3,silver,true
wec-2023-r6-fuji-34,wec-2023-r6-fuji,jakub-smiechowski,1,silver,true
wec-2023-r6-fuji-34,wec-2023-r6-fuji,fabio-scherer,2,gold,true
wec-2023-r6-fuji-34,wec-2023-r6-fuji,albert-costa,3,platinum,true
wec-2023-r6-fuji-63,wec-2023-r6-fuji,doriane-pin,1,silver,true
wec-2023-r6-fuji-63,wec-2023-r6-fuji,andrea-caldarelli,2,platinum,true
wec-2023-r6-fuji-63,wec-2023-r6-fuji,daniil-kvyat,3,platinum,true
wec-2023-r6-fuji-35,wec-2023-r6-fuji,andre-negrao,1,gold,true
wec-2023-r6-fuji-35,wec-2023-r6-fuji,memo-rojas,2,silver,true
wec-2023-r6-fuji-35,wec-2023-r6-fuji,olli-caldwell,3,gold,true
wec-2023-r6-fuji-4,wec-2023-r6-fuji,esteban-guerrieri,1,platinum,true
wec-2023-r6-fuji-4,wec-2023-r6-fuji,tristan-vautier,2,gold,true
wec-2023-r6-fuji-4,wec-2023-r6-fuji,joao-paulo-de-oliveira,3,platinum,true
wec-2023-r6-fuji-54,wec-2023-r6-fuji,thomas-flohr,1,bronze,true
wec-2023-r6-fuji-54,wec-2023-r6-fuji,francesco-castellacci,2,silver,true
wec-2023-r6-fuji-54,wec-2023-r6-fuji,davide-rigon,3,platinum,true
wec-2023-r6-fuji-33,wec-2023-r6-fuji,ben-keating,1,bronze,true
wec-2023-r6-fuji-33,wec-2023-r6-fuji,nicolas-varrone,2,silver,true
wec-2023-r6-fuji-33,wec-2023-r6-fuji,nicky-catsburg,3,platinum,true
wec-2023-r6-fuji-57,wec-2023-r6-fuji,takeshi-kimura,1,bronze,true
wec-2023-r6-fuji-57,wec-2023-r6-fuji,scott-huffaker,2,silver,true
wec-2023-r6-fuji-57,wec-2023-r6-fuji,ritomo-miyata,3,gold,true
wec-2023-r6-fuji-85,wec-2023-r6-fuji,sarah-bovy,1,bronze,true
wec-2023-r6-fuji-85,wec-2023-r6-fuji,michelle-gatting,2,silver,true
wec-2023-r6-fuji-85,wec-2023-r6-fuji,rahel-frey,3,gold,true
wec-2023-r6-fuji-56,wec-2023-r6-fuji,pj-hyett,1,bronze,true
wec-2023-r6-fuji-56,wec-2023-r6-fuji,gunnar-jeannette,2,silver,true
wec-2023-r6-fuji-56,wec-2023-r6-fuji,matteo-cairoli,3,platinum,true
wec-2023-r6-fuji-77,wec-2023-r6-fuji,christian-ried,1,bronze,true
wec-2023-r6-fuji-77,wec-2023-r6-fuji,mikkel-pedersen,2,silver,true
wec-2023-r6-fuji-77,wec-2023-r6-fuji,julien-andlauer,3,gold,true
wec-2023-r6-fuji-98,wec-2023-r6-fuji,ian-james,1,bronze,true
wec-2023-r6-fuji-98,wec-2023-r6-fuji,daniel-mancinelli,2,silver,true
wec-2023-r6-fuji-98,wec-2023-r6-fuji,alex-riberas,3,gold,true
wec-2023-r6-fuji-86,wec-2023-r6-fuji,michael-wainwright,1,bronze,true
wec-2023-r6-fuji-86,wec-2023-r6-fuji,riccardo-pera,2,silver,true
wec-2023-r6-fuji-86,wec-2023-r6-fuji,benjamin-barker,3,gold,true
wec-2023-r6-fuji-83,wec-2023-r6-fuji,luis-perez-companc,1,bronze,true
wec-2023-r6-fuji-83,wec-2023-r6-fuji,lilou-wadoux,2,silver,true
wec-2023-r6-fuji-83,wec-2023-r6-fuji,alessio-rovera,3,platinum,true
wec-2023-r6-fuji-777,wec-2023-r6-fuji,satoshi-hoshino,1,bronze,true
wec-2023-r6-fuji-777,wec-2023-r6-fuji,casper-stevenson,2,silver,true
wec-2023-r6-fuji-777,wec-2023-r6-fuji,tomonobu-fujii,3,gold,true
wec-2023-r6-fuji-60,wec-2023-r6-fuji,claudio-schiavoni,1,bronze,true
wec-2023-r6-fuji-60,wec-2023-r6-fuji,matteo-cressoni,2,silver,true
wec-2023-r6-fuji-60,wec-2023-r6-fuji,alessio-picariello,3,gold,true
wec-2023-r6-fuji-21,wec-2023-r6-fuji,hiroshi-koizumi,1,bronze,true
wec-2023-r6-fuji-21,wec-2023-r6-fuji,simon-mann,2,silver,true
wec-2023-r6-fuji-21,wec-2023-r6-fuji,kei-cozzolino,3,gold,true
wec-2023-r6-fuji-25,wec-2023-r6-fuji,ahmad-al-harthy,1,bronze,true
wec-2023-r6-fuji-25,wec-2023-r6-fuji,michael-dinan,2,silver,true
wec-2023-r6-fuji-25,wec-2023-r6-fuji,charlie-eastwood,3,gold,true
wec-2023-r6-fuji-5,wec-2023-r6-fuji,dane-cameron,1,platinum,true
wec-2023-r6-fuji-5,wec-2023-r6-fuji,michael-christensen,2,platinum,true
wec-2023-r6-fuji-5,wec-2023-r6-fuji,frederic-makowiecki,3,platinum,true
wec-2023-r7-bahrain-8,wec-2023-r7-bahrain,sebastien-buemi,1,platinum,true
wec-2023-r7-bahrain-8,wec-2023-r7-bahrain,brendon-hartley,2,platinum,true
wec-2023-r7-bahrain-8,wec-2023-r7-bahrain,ryo-hirakawa,3,platinum,true
wec-2023-r7-bahrain-7,wec-2023-r7-bahrain,mike-conway,1,platinum,true
wec-2023-r7-bahrain-7,wec-2023-r7-bahrain,kamui-kobayashi,2,platinum,true
wec-2023-r7-bahrain-7,wec-2023-r7-bahrain,jose-maria-lopez,3,platinum,true
wec-2023-r7-bahrain-50,wec-2023-r7-bahrain,antonio-fuoco,1,platinum,true
wec-2023-r7-bahrain-50,wec-2023-r7-bahrain,miguel-molina,2,platinum,true
wec-2023-r7-bahrain-50,wec-2023-r7-bahrain,nicklas-nielsen,3,platinum,true
wec-2023-r7-bahrain-38,wec-2023-r7-bahrain,antonio-felix-da-costa,1,platinum,true
wec-2023-r7-bahrain-38,wec-2023-r7-bahrain,william-stevens,2,platinum,true
wec-2023-r7-bahrain-38,wec-2023-r7-bahrain,yifei-ye,3,gold,true
wec-2023-r7-bahrain-6,wec-2023-r7-bahrain,kevin-estre,1,platinum,true
wec-2023-r7-bahrain-6,wec-2023-r7-bahrain,andre-lotterer,2,platinum,true
wec-2023-r7-bahrain-6,wec-2023-r7-bahrain,laurens-vanthoor,3,platinum,true
wec-2023-r7-bahrain-51,wec-2023-r7-bahrain,alessandro-pier-guidi,1,platinum,true
wec-2023-r7-bahrain-51,wec-2023-r7-bahrain,james-calado,2,platinum,true
wec-2023-r7-bahrain-51,wec-2023-r7-bahrain,antonio-giovinazzi,3,platinum,true
wec-2023-r7-bahrain-5,wec-2023-r7-bahrain,dane-cameron,1,platinum,true
wec-2023-r7-bahrain-5,wec-2023-r7-bahrain,michael-christensen,2,platinum,true
wec-2023-r7-bahrain-5,wec-2023-r7-bahrain,frederic-makowiecki,3,platinum,true
wec-2023-r7-bahrain-94,wec-2023-r7-bahrain,loic-duval,1,platinum,true
wec-2023-r7-bahrain-94,wec-2023-r7-bahrain,gustavo-menezes,2,platinum,true
wec-2023-r7-bahrain-94,wec-2023-r7-bahrain,nico-muller,3,platinum,true
wec-2023-r7-bahrain-93,wec-2023-r7-bahrain,paul-di-resta,1,platinum,true
wec-2023-r7-bahrain-93,wec-2023-r7-bahrain,mikkel-jensen,2,platinum,true
wec-2023-r7-bahrain-93,wec-2023-r7-bahrain,jean-eric-vergne,3,platinum,true
wec-2023-r7-bahrain-99,wec-2023-r7-bahrain,neel-jani,1,platinum,true
wec-2023-r7-bahrain-99,wec-2023-r7-bahrain,gianmaria-bruni,2,platinum,true
wec-2023-r7-bahrain-99,wec-2023-r7-bahrain,harry-tincknell,3,platinum,true
wec-2023-r7-bahrain-2,wec-2023-r7-bahrain,earl-bamber,1,platinum,true
wec-2023-r7-bahrain-2,wec-2023-r7-bahrain,alex-lynn,2,platinum,true
wec-2023-r7-bahrain-2,wec-2023-r7-bahrain,richard-westbrook,3,platinum,true
wec-2023-r7-bahrain-41,wec-2023-r7-bahrain,rui-andrade,1,silver,true
wec-2023-r7-bahrain-41,wec-2023-r7-bahrain,robert-kubica,2,platinum,true
wec-2023-r7-bahrain-41,wec-2023-r7-bahrain,louis-deletraz,3,gold,true
wec-2023-r7-bahrain-31,wec-2023-r7-bahrain,sean-gelael,1,silver,true
wec-2023-r7-bahrain-31,wec-2023-r7-bahrain,ferdinand-habsburg,2,gold,true
wec-2023-r7-bahrain-31,wec-2023-r7-bahrain,robin-frijns,3,platinum,true
wec-2023-r7-bahrain-28,wec-2023-r7-bahrain,david-heinemeier-hansson,1,silver,true
wec-2023-r7-bahrain-28,wec-2023-r7-bahrain,pietro-fittipaldi,2,gold,true
wec-2023-r7-bahrain-28,wec-2023-r7-bahrain,oliver-rasmussen,3,gold,true
wec-2023-r7-bahrain-9,wec-2023-r7-bahrain,filip-ugran,1,silver,true
wec-2023-r7-bahrain-9,wec-2023-r7-bahrain,bent-viscaal,2,gold,true
wec-2023-r7-bahrain-9,wec-2023-r7-bahrain,juan-manuel-correa,3,silver,true
wec-2023-r7-bahrain-63,wec-2023-r7-bahrain,doriane-pin,1,silver,true
wec-2023-r7-bahrain-63,wec-2023-r7-bahrain,mirko-bortolotti,2,platinum,true
wec-2023-r7-bahrain-63,wec-2023-r7-bahrain,daniil-kvyat,3,platinum,true
wec-2023-r7-bahrain-34,wec-2023-r7-bahrain,jakub-smiechowski,1,silver,true
wec-2023-r7-bahrain-34,wec-2023-r7-bahrain,fabio-scherer,2,gold,true
wec-2023-r7-bahrain-34,wec-2023-r7-bahrain,albert-costa,3,platinum,true
wec-2023-r7-bahrain-36,wec-2023-r7-bahrain,matthieu-vaxiviere,1,gold,true
wec-2023-r7-bahrain-36,wec-2023-r7-bahrain,julien-canal,2,silver,true
wec-2023-r7-bahrain-36,wec-2023-r7-bahrain,charles-milesi,3,gold,true
wec-2023-r7-bahrain-23,wec-2023-r7-bahrain,joshua-pierson,1,silver,true
wec-2023-r7-bahrain-23,wec-2023-r7-bahrain,tom-blomqvist,2,gold,true
wec-2023-r7-bahrain-23,wec-2023-r7-bahrain,oliver-jarvis,3,platinum,true
wec-2023-r7-bahrain-22,wec-2023-r7-bahrain,frederick-lubin,1,silver,true
wec-2023-r7-bahrain-22,wec-2023-r7-bahrain,philip-hanson,2,gold,true
wec-2023-r7-bahrain-22,wec-2023-r7-bahrain,filipe-albuquerque,3,platinum,true
wec-2023-r7-bahrain-35,wec-2023-r7-bahrain,andre-negrao,1,gold,true
wec-2023-r7-bahrain-35,wec-2023-r7-bahrain,memo-rojas,2,silver,true
wec-2023-r7-bahrain-35,wec-2023-r7-bahrain,olli-caldwell,3,gold,true
wec-2023-r7-bahrain-85,wec-2023-r7-bahrain,sarah-bovy,1,bronze,true
wec-2023-r7-bahrain-85,wec-2023-r7-bahrain,michelle-gatting,2,silver,true
wec-2023-r7-bahrain-85,wec-2023-r7-bahrain,rahel-frey,3,gold,true
wec-2023-r7-bahrain-777,wec-2023-r7-bahrain,liam-talbot,1,bronze,true
wec-2023-r7-bahrain-777,wec-2023-r7-bahrain,casper-stevenson,2,silver,true
wec-2023-r7-bahrain-777,wec-2023-r7-bahrain,tomonobu-fujii,3,gold,true
wec-2023-r7-bahrain-98,wec-2023-r7-bahrain,ian-james,1,bronze,true
wec-2023-r7-bahrain-98,wec-2023-r7-bahrain,daniel-mancinelli,2,silver,true
wec-2023-r7-bahrain-98,wec-2023-r7-bahrain,alex-riberas,3,gold,true
wec-2023-r7-bahrain-54,wec-2023-r7-bahrain,thomas-flohr,1,bronze,true
wec-2023-r7-bahrain-54,wec-2023-r7-bahrain,francesco-castellacci,2,silver,true
wec-2023-r7-bahrain-54,wec-2023-r7-bahrain,davide-rigon,3,platinum,true
wec-2023-r7-bahrain-57,wec-2023-r7-bahrain,takeshi-kimura,1,bronze,true
wec-2023-r7-bahrain-57,wec-2023-r7-bahrain,esteban-masson,2,silver,true
wec-2023-r7-bahrain-57,wec-2023-r7-bahrain,daniel-serra,3,platinum,true
wec-2023-r7-bahrain-77,wec-2023-r7-bahrain,christian-ried,1,bronze,true
wec-2023-r7-bahrain-77,wec-2023-r7-bahrain,mikkel-pedersen,2,silver,true
wec-2023-r7-bahrain-77,wec-2023-r7-bahrain,julien-andlauer,3,gold,true
wec-2023-r7-bahrain-33,wec-2023-r7-bahrain,ben-keating,1,bronze,true
wec-2023-r7-bahrain-33,wec-2023-r7-bahrain,nicolas-varrone,2,silver,true
wec-2023-r7-bahrain-33,wec-2023-r7-bahrain,nicky-catsburg,3,platinum,true
wec-2023-r7-bahrain-86,wec-2023-r7-bahrain,michael-wainwright,1,bronze,true
wec-2023-r7-bahrain-86,wec-2023-r7-bahrain,riccardo-pera,2,silver,true
wec-2023-r7-bahrain-86,wec-2023-r7-bahrain,benjamin-barker,3,gold,true
wec-2023-r7-bahrain-83,wec-2023-r7-bahrain,luis-perez-companc,1,bronze,true
wec-2023-r7-bahrain-83,wec-2023-r7-bahrain,lilou-wadoux,2,silver,true
wec-2023-r7-bahrain-83,wec-2023-r7-bahrain,alessio-rovera,3,platinum,true
wec-2023-r7-bahrain-56,wec-2023-r7-bahrain,pj-hyett,1,bronze,true
wec-2023-r7-bahrain-56,wec-2023-r7-bahrain,gunnar-jeannette,2,silver,true
wec-2023-r7-bahrain-56,wec-2023-r7-bahrain,matteo-cairoli,3,platinum,true
wec-2023-r7-bahrain-21,wec-2023-r7-bahrain,franck-dezoteux,1,bronze,true
wec-2023-r7-bahrain-21,wec-2023-r7-bahrain,simon-mann,2,silver,true
wec-2023-r7-bahrain-21,wec-2023-r7-bahrain,kei-cozzolino,3,gold,true
wec-2023-r7-bahrain-4,wec-2023-r7-bahrain,esteban-guerrieri,1,platinum,true
wec-2023-r7-bahrain-4,wec-2023-r7-bahrain,tristan-vautier,2,gold,true
wec-2023-r7-bahrain-4,wec-2023-r7-bahrain,ryan-briscoe,3,platinum,true
wec-2023-r7-bahrain-25,wec-2023-r7-bahrain,ahmad-al-harthy,1,bronze,true
wec-2023-r7-bahrain-25,wec-2023-r7-bahrain,michael-dinan,2,silver,true
wec-2023-r7-bahrain-25,wec-2023-r7-bahrain,charlie-eastwood,3,gold,true
wec-2023-r7-bahrain-10,wec-2023-r7-bahrain,ryan-cullen,1,silver,true
wec-2023-r7-bahrain-10,wec-2023-r7-bahrain,matthias-kaiser,2,silver,true
wec-2023-r7-bahrain-10,wec-2023-r7-bahrain,gabriel-aubry,3,gold,true
wec-2023-r7-bahrain-60,wec-2023-r7-bahrain,claudio-schiavoni,1,bronze,true
wec-2023-r7-bahrain-60,wec-2023-r7-bahrain,matteo-cressoni,2,silver,true
wec-2023-r7-bahrain-60,wec-2023-r7-bahrain,alessio-picariello,3,gold,true
wec-2024-r1-qatar-6,wec-2024-r1-qatar,kevin-estre,1,platinum,true
wec-2024-r1-qatar-6,wec-2024-r1-qatar,andre-lotterer,2,platinum,true
wec-2024-r1-qatar-6,wec-2024-r1-qatar,laurens-vanthoor,3,platinum,true
wec-2024-r1-qatar-12,wec-2024-r1-qatar,will-stevens,1,platinum,true
wec-2024-r1-qatar-12,wec-2024-r1-qatar,callum-ilott,2,platinum,true
wec-2024-r1-qatar-12,wec-2024-r1-qatar,norman-nato,3,gold,true
wec-2024-r1-qatar-5,wec-2024-r1-qatar,matt-campbell,1,platinum,true
wec-2024-r1-qatar-5,wec-2024-r1-qatar,michael-christensen,2,platinum,true
wec-2024-r1-qatar-5,wec-2024-r1-qatar,frederic-makowiecki,3,platinum,true
wec-2024-r1-qatar-83,wec-2024-r1-qatar,robert-kubica,1,platinum,true
wec-2024-r1-qatar-83,wec-2024-r1-qatar,robert-shwartzman,2,platinum,true
wec-2024-r1-qatar-83,wec-2024-r1-qatar,yifei-ye,3,gold,true
wec-2024-r1-qatar-7,wec-2024-r1-qatar,mike-conway,1,platinum,true
wec-2024-r1-qatar-7,wec-2024-r1-qatar,kamui-kobayashi,2,platinum,true
wec-2024-r1-qatar-7,wec-2024-r1-qatar,nyck-de-vries,3,platinum,true
wec-2024-r1-qatar-50,wec-2024-r1-qatar,antonio-fuoco,1,platinum,true
wec-2024-r1-qatar-50,wec-2024-r1-qatar,miguel-molina,2,platinum,true
wec-2024-r1-qatar-50,wec-2024-r1-qatar,nicklas-nielsen,3,platinum,true
wec-2024-r1-qatar-35,wec-2024-r1-qatar,paul-loup-chatin,1,gold,true
wec-2024-r1-qatar-35,wec-2024-r1-qatar,ferdinand-habsburg,2,gold,true
wec-2024-r1-qatar-35,wec-2024-r1-qatar,charles-milesi,3,gold,true
wec-2024-r1-qatar-8,wec-2024-r1-qatar,sebastien-buemi,1,platinum,true
wec-2024-r1-qatar-8,wec-2024-r1-qatar,brendon-hartley,2,platinum,true
wec-2024-r1-qatar-8,wec-2024-r1-qatar,ryo-hirakawa,3,platinum,true
wec-2024-r1-qatar-99,wec-2024-r1-qatar,harry-tincknell,1,platinum,true
wec-2024-r1-qatar-99,wec-2024-r1-qatar,neel-jani,2,platinum,true
wec-2024-r1-qatar-99,wec-2024-r1-qatar,julien-andlauer,3,gold,true
wec-2024-r1-qatar-20,wec-2024-r1-qatar,sheldon-van-der-linde,1,platinum,true
wec-2024-r1-qatar-20,wec-2024-r1-qatar,robin-frijns,2,platinum,true
wec-2024-r1-qatar-20,wec-2024-r1-qatar,rene-rast,3,platinum,true
wec-2024-r1-qatar-36,wec-2024-r1-qatar,nicolas-lapierre,1,platinum,true
wec-2024-r1-qatar-36,wec-2024-r1-qatar,mick-schumacher,2,platinum,true
wec-2024-r1-qatar-36,wec-2024-r1-qatar,matthieu-vaxiviere,3,gold,true
wec-2024-r1-qatar-51,wec-2024-r1-qatar,alessandro-pier-guidi,1,platinum,true
wec-2024-r1-qatar-51,wec-2024-r1-qatar,james-calado,2,platinum,true
wec-2024-r1-qatar-51,wec-2024-r1-qatar,antonio-giovinazzi,3,platinum,true
wec-2024-r1-qatar-63,wec-2024-r1-qatar,mirko-bortolotti,1,platinum,true
wec-2024-r1-qatar-63,wec-2024-r1-qatar,edoardo-mortara,2,platinum,true
wec-2024-r1-qatar-63,wec-2024-r1-qatar,daniil-kvyat,3,platinum,true
wec-2024-r1-qatar-15,wec-2024-r1-qatar,dries-vanthoor,1,platinum,true
wec-2024-r1-qatar-15,wec-2024-r1-qatar,raffaele-marciello,2,platinum,true
wec-2024-r1-qatar-15,wec-2024-r1-qatar,marco-wittmann,3,platinum,true
wec-2024-r1-qatar-94,wec-2024-r1-qatar,paul-di-resta,1,platinum,true
wec-2024-r1-qatar-94,wec-2024-r1-qatar,loic-duval,2,platinum,true
wec-2024-r1-qatar-94,wec-2024-r1-qatar,stoffel-vandoorne,3,platinum,true
wec-2024-r1-qatar-92,wec-2024-r1-qatar,aliaksandr-malykhin,1,bronze,true
wec-2024-r1-qatar-92,wec-2024-r1-qatar,joel-sturm,2,silver,true
wec-2024-r1-qatar-92,wec-2024-r1-qatar,klaus-bachler,3,platinum,true
wec-2024-r1-qatar-27,wec-2024-r1-qatar,ian-james,1,bronze,true
wec-2024-r1-qatar-27,wec-2024-r1-qatar,daniel-mancinelli,2,silver,true
wec-2024-r1-qatar-27,wec-2024-r1-qatar,alex-riberas,3,gold,true
wec-2024-r1-qatar-777,wec-2024-r1-qatar,clement-mateu,1,bronze,true
wec-2024-r1-qatar-777,wec-2024-r1-qatar,erwan-bastard,2,silver,true
wec-2024-r1-qatar-777,wec-2024-r1-qatar,marco-sorensen,3,platinum,true
wec-2024-r1-qatar-46,wec-2024-r1-qatar,ahmad-al-harthy,1,bronze,true
wec-2024-r1-qatar-46,wec-2024-r1-qatar,valentino-rossi,2,silver,true
wec-2024-r1-qatar-46,wec-2024-r1-qatar,maxime-martin,3,platinum,true
wec-2024-r1-qatar-54,wec-2024-r1-qatar,thomas-flohr,1,bronze,true
wec-2024-r1-qatar-54,wec-2024-r1-qatar,francesco-castellacci,2,silver,true
wec-2024-r1-qatar-54,wec-2024-r1-qatar,davide-rigon,3,platinum,true
wec-2024-r1-qatar-31,wec-2024-r1-qatar,darren-leung,1,bronze,true
wec-2024-r1-qatar-31,wec-2024-r1-qatar,sean-gelael,2,silver,true
wec-2024-r1-qatar-31,wec-2024-r1-qatar,augusto-farfus,3,platinum,true
wec-2024-r1-qatar-55,wec-2024-r1-qatar,francois-heriau,1,bronze,true
wec-2024-r1-qatar-55,wec-2024-r1-qatar,simon-mann,2,silver,true
wec-2024-r1-qatar-55,wec-2024-r1-qatar,alessio-rovera,3,platinum,true
wec-2024-r1-qatar-85,wec-2024-r1-qatar,sarah-bovy,1,bronze,true
wec-2024-r1-qatar-85,wec-2024-r1-qatar,doriane-pin,2,silver,true
wec-2024-r1-qatar-85,wec-2024-r1-qatar,michelle-gatting,3,gold,true
wec-2024-r1-qatar-88,wec-2024-r1-qatar,giorgio-roda,1,bronze,true
wec-2024-r1-qatar-88,wec-2024-r1-qatar,mikkel-pedersen,2,silver,true
wec-2024-r1-qatar-88,wec-2024-r1-qatar,dennis-olsen,3,platinum,true
wec-2024-r1-qatar-82,wec-2024-r1-qatar,hiroshi-koizumi,1,bronze,true
wec-2024-r1-qatar-82,wec-2024-r1-qatar,sebastien-baud,2,silver,true
wec-2024-r1-qatar-82,wec-2024-r1-qatar,daniel-juncadella,3,platinum,true
wec-2024-r1-qatar-77,wec-2024-r1-qatar,ryan-hardwick,1,bronze,true
wec-2024-r1-qatar-77,wec-2024-r1-qatar,zacharie-robichon,2,silver,true
wec-2024-r1-qatar-77,wec-2024-r1-qatar,benjamin-barker,3,gold,true
wec-2024-r1-qatar-60,wec-2024-r1-qatar,claudio-schiavoni,1,bronze,true
wec-2024-r1-qatar-60,wec-2024-r1-qatar,matteo-cressoni,2,silver,true
wec-2024-r1-qatar-60,wec-2024-r1-qatar,franck-perera,3,platinum,true
wec-2024-r1-qatar-95,wec-2024-r1-qatar,joshua-caygill,1,bronze,true
wec-2024-r1-qatar-95,wec-2024-r1-qatar,nicolas-pino,2,silver,true
wec-2024-r1-qatar-95,wec-2024-r1-qatar,marino-sato,3,gold,true
wec-2024-r1-qatar-59,wec-2024-r1-qatar,james-cottingham,1,bronze,true
wec-2024-r1-qatar-59,wec-2024-r1-qatar,nicolas-costa,2,silver,true
wec-2024-r1-qatar-59,wec-2024-r1-qatar,gregoire-saucy,3,gold,true
wec-2024-r1-qatar-91,wec-2024-r1-qatar,yasser-shahin,1,bronze,true
wec-2024-r1-qatar-91,wec-2024-r1-qatar,morris-schuring,2,silver,true
wec-2024-r1-qatar-91,wec-2024-r1-qatar,richard-lietz,3,platinum,true
wec-2024-r1-qatar-87,wec-2024-r1-qatar,takeshi-kimura,1,bronze,true
wec-2024-r1-qatar-87,wec-2024-r1-qatar,esteban-masson,2,silver,true
wec-2024-r1-qatar-87,wec-2024-r1-qatar,jose-maria-lopez,3,platinum,true
wec-2024-r1-qatar-38,wec-2024-r1-qatar,jenson-button,1,platinum,true
wec-2024-r1-qatar-38,wec-2024-r1-qatar,philip-hanson,2,gold,true
wec-2024-r1-qatar-38,wec-2024-r1-qatar,oliver-rasmussen,3,gold,true
wec-2024-r1-qatar-78,wec-2024-r1-qatar,arnold-robin,1,bronze,true
wec-2024-r1-qatar-78,wec-2024-r1-qatar,timur-boguslavskiy,2,silver,true
wec-2024-r1-qatar-78,wec-2024-r1-qatar,kelvin-van-der-linde,3,platinum,true
wec-2024-r1-qatar-81,wec-2024-r1-qatar,tom-van-rompuy,1,bronze,true
wec-2024-r1-qatar-81,wec-2024-r1-qatar,rui-andrade,2,silver,true
wec-2024-r1-qatar-81,wec-2024-r1-qatar,charlie-eastwood,3,gold,true
wec-2024-r1-qatar-11,wec-2024-r1-qatar,antonio-serravalle,1,silver,true
wec-2024-r1-qatar-11,wec-2024-r1-qatar,carl-wattana-bennett,2,silver,true
wec-2024-r1-qatar-11,wec-2024-r1-qatar,jean-karl-vernay,3,platinum,true
wec-2024-r1-qatar-2,wec-2024-r1-qatar,earl-bamber,1,platinum,true
wec-2024-r1-qatar-2,wec-2024-r1-qatar,alex-lynn,2,platinum,true
wec-2024-r1-qatar-2,wec-2024-r1-qatar,sebastien-bourdais,3,platinum,true
wec-2024-r1-qatar-93,wec-2024-r1-qatar,mikkel-jensen,1,platinum,true
wec-2024-r1-qatar-93,wec-2024-r1-qatar,nico-muller,2,platinum,true
wec-2024-r1-qatar-93,wec-2024-r1-qatar,jean-eric-vergne,3,platinum,true
wec-2024-r2-imola-7,wec-2024-r2-imola,mike-conway,1,platinum,true
wec-2024-r2-imola-7,wec-2024-r2-imola,kamui-kobayashi,2,platinum,true
wec-2024-r2-imola-7,wec-2024-r2-imola,nyck-de-vries,3,platinum,true
wec-2024-r2-imola-6,wec-2024-r2-imola,kevin-estre,1,platinum,true
wec-2024-r2-imola-6,wec-2024-r2-imola,andre-lotterer,2,platinum,true
wec-2024-r2-imola-6,wec-2024-r2-imola,laurens-vanthoor,3,platinum,true
wec-2024-r2-imola-5,wec-2024-r2-imola,matt-campbell,1,platinum,true
wec-2024-r2-imola-5,wec-2024-r2-imola,michael-christensen,2,platinum,true
wec-2024-r2-imola-5,wec-2024-r2-imola,frederic-makowiecki,3,platinum,true
wec-2024-r2-imola-50,wec-2024-r2-imola,antonio-fuoco,1,platinum,true
wec-2024-r2-imola-50,wec-2024-r2-imola,miguel-molina,2,platinum,true
wec-2024-r2-imola-50,wec-2024-r2-imola,nicklas-nielsen,3,platinum,true
wec-2024-r2-imola-8,wec-2024-r2-imola,sebastien-buemi,1,platinum,true
wec-2024-r2-imola-8,wec-2024-r2-imola,brendon-hartley,2,platinum,true
wec-2024-r2-imola-8,wec-2024-r2-imola,ryo-hirakawa,3,platinum,true
wec-2024-r2-imola-20,wec-2024-r2-imola,sheldon-van-der-linde,1,platinum,true
wec-2024-r2-imola-20,wec-2024-r2-imola,robin-frijns,2,platinum,true
wec-2024-r2-imola-20,wec-2024-r2-imola,rene-rast,3,platinum,true
wec-2024-r2-imola-51,wec-2024-r2-imola,alessandro-pier-guidi,1,platinum,true
wec-2024-r2-imola-51,wec-2024-r2-imola,james-calado,2,platinum,true
wec-2024-r2-imola-51,wec-2024-r2-imola,antonio-giovinazzi,3,platinum,true
wec-2024-r2-imola-83,wec-2024-r2-imola,robert-kubica,1,platinum,true
wec-2024-r2-imola-83,wec-2024-r2-imola,robert-shwartzman,2,platinum,true
wec-2024-r2-imola-83,wec-2024-r2-imola,yifei-ye,3,gold,true
wec-2024-r2-imola-93,wec-2024-r2-imola,mikkel-jensen,1,platinum,true
wec-2024-r2-imola-93,wec-2024-r2-imola,nico-muller,2,platinum,true
wec-2024-r2-imola-93,wec-2024-r2-imola,jean-eric-vergne,3,platinum,true
wec-2024-r2-imola-2,wec-2024-r2-imola,earl-bamber,1,platinum,true
wec-2024-r2-imola-2,wec-2024-r2-imola,alex-lynn,2,platinum,true
wec-2024-r2-imola-38,wec-2024-r2-imola,jenson-button,1,platinum,true
wec-2024-r2-imola-38,wec-2024-r2-imola,philip-hanson,2,gold,true
wec-2024-r2-imola-38,wec-2024-r2-imola,oliver-rasmussen,3,gold,true
wec-2024-r2-imola-63,wec-2024-r2-imola,mirko-bortolotti,1,platinum,true
wec-2024-r2-imola-63,wec-2024-r2-imola,edoardo-mortara,2,platinum,true
wec-2024-r2-imola-63,wec-2024-r2-imola,daniil-kvyat,3,platinum,true
wec-2024-r2-imola-35,wec-2024-r2-imola,paul-loup-chatin,1,gold,true
wec-2024-r2-imola-35,wec-2024-r2-imola,jules-gounon,2,platinum,true
wec-2024-r2-imola-35,wec-2024-r2-imola,charles-milesi,3,gold,true
wec-2024-r2-imola-12,wec-2024-r2-imola,will-stevens,1,platinum,true
wec-2024-r2-imola-12,wec-2024-r2-imola,callum-ilott,2,platinum,true
wec-2024-r2-imola-12,wec-2024-r2-imola,norman-nato,3,gold,true
wec-2024-r2-imola-94,wec-2024-r2-imola,paul-di-resta,1,platinum,true
wec-2024-r2-imola-94,wec-2024-r2-imola,loic-duval,2,platinum,true
wec-2024-r2-imola-94,wec-2024-r2-imola,stoffel-vandoorne,3,platinum,true
wec-2024-r2-imola-36,wec-2024-r2-imola,nicolas-lapierre,1,platinum,true
wec-2024-r2-imola-36,wec-2024-r2-imola,mick-schumacher,2,platinum,true
wec-2024-r2-imola-36,wec-2024-r2-imola,matthieu-vaxiviere,3,gold,true
wec-2024-r2-imola-11,wec-2024-r2-imola,antonio-serravalle,1,silver,true
wec-2024-r2-imola-11,wec-2024-r2-imola,carl-wattana-bennett,2,silver,true
wec-2024-r2-imola-11,wec-2024-r2-imola,jean-karl-vernay,3,platinum,true
wec-2024-r2-imola-31,wec-2024-r2-imola,darren-leung,1,bronze,true
wec-2024-r2-imola-31,wec-2024-r2-imola,sean-gelael,2,silver,true
wec-2024-r2-imola-31,wec-2024-r2-imola,augusto-farfus,3,platinum,true
wec-2024-r2-imola-46,wec-2024-r2-imola,ahmad-al-harthy,1,bronze,true
wec-2024-r2-imola-46,wec-2024-r2-imola,valentino-rossi,2,silver,true
wec-2024-r2-imola-46,wec-2024-r2-imola,maxime-martin,3,platinum,true
wec-2024-r2-imola-92,wec-2024-r2-imola,aliaksandr-malykhin,1,bronze,true
wec-2024-r2-imola-92,wec-2024-r2-imola,joel-sturm,2,silver,true
wec-2024-r2-imola-92,wec-2024-r2-imola,klaus-bachler,3,platinum,true
wec-2024-r2-imola-55,wec-2024-r2-imola,francois-heriau,1,bronze,true
wec-2024-r2-imola-55,wec-2024-r2-imola,simon-mann,2,silver,true
wec-2024-r2-imola-55,wec-2024-r2-imola,alessio-rovera,3,platinum,true
wec-2024-r2-imola-27,wec-2024-r2-imola,ian-james,1,bronze,true
wec-2024-r2-imola-27,wec-2024-r2-imola,daniel-mancinelli,2,silver,true
wec-2024-r2-imola-27,wec-2024-r2-imola,alex-riberas,3,gold,true
wec-2024-r2-imola-95,wec-2024-r2-imola,joshua-caygill,1,bronze,true
wec-2024-r2-imola-95,wec-2024-r2-imola,nicolas-pino,2,silver,true
wec-2024-r2-imola-95,wec-2024-r2-imola,marino-sato,3,gold,true
wec-2024-r2-imola-81,wec-2024-r2-imola,tom-van-rompuy,1,bronze,true
wec-2024-r2-imola-81,wec-2024-r2-imola,rui-andrade,2,silver,true
wec-2024-r2-imola-81,wec-2024-r2-imola,charlie-eastwood,3,gold,true
wec-2024-r2-imola-82,wec-2024-r2-imola,hiroshi-koizumi,1,bronze,true
wec-2024-r2-imola-82,wec-2024-r2-imola,sebastien-baud,2,silver,true
wec-2024-r2-imola-82,wec-2024-r2-imola,daniel-juncadella,3,platinum,true
wec-2024-r2-imola-77,wec-2024-r2-imola,ryan-hardwick,1,bronze,true
wec-2024-r2-imola-77,wec-2024-r2-imola,zacharie-robichon,2,silver,true
wec-2024-r2-imola-77,wec-2024-r2-imola,benjamin-barker,3,gold,true
wec-2024-r2-imola-777,wec-2024-r2-imola,clement-mateu,1,bronze,true
wec-2024-r2-imola-777,wec-2024-r2-imola,erwan-bastard,2,silver,true
wec-2024-r2-imola-777,wec-2024-r2-imola,marco-sorensen,3,platinum,true
wec-2024-r2-imola-59,wec-2024-r2-imola,james-cottingham,1,bronze,true
wec-2024-r2-imola-59,wec-2024-r2-imola,nicolas-costa,2,silver,true
wec-2024-r2-imola-59,wec-2024-r2-imola,gregoire-saucy,3,gold,true
wec-2024-r2-imola-54,wec-2024-r2-imola,thomas-flohr,1,bronze,true
wec-2024-r2-imola-54,wec-2024-r2-imola,francesco-castellacci,2,silver,true
wec-2024-r2-imola-54,wec-2024-r2-imola,davide-rigon,3,platinum,true
wec-2024-r2-imola-60,wec-2024-r2-imola,claudio-schiavoni,1,bronze,true
wec-2024-r2-imola-60,wec-2024-r2-imola,matteo-cressoni,2,silver,true
wec-2024-r2-imola-60,wec-2024-r2-imola,franck-perera,3,platinum,true
wec-2024-r2-imola-78,wec-2024-r2-imola,arnold-robin,1,bronze,true
wec-2024-r2-imola-78,wec-2024-r2-imola,timur-boguslavskiy,2,silver,true
wec-2024-r2-imola-78,wec-2024-r2-imola,kelvin-van-der-linde,3,platinum,true
wec-2024-r2-imola-87,wec-2024-r2-imola,takeshi-kimura,1,bronze,true
wec-2024-r2-imola-87,wec-2024-r2-imola,esteban-masson,2,silver,true
wec-2024-r2-imola-87,wec-2024-r2-imola,jose-maria-lopez,3,platinum,true
wec-2024-r2-imola-91,wec-2024-r2-imola,yasser-shahin,1,bronze,true
wec-2024-r2-imola-91,wec-2024-r2-imola,morris-schuring,2,silver,true
wec-2024-r2-imola-91,wec-2024-r2-imola,richard-lietz,3,platinum,true
wec-2024-r2-imola-99,wec-2024-r2-imola,harry-tincknell,1,platinum,true
wec-2024-r2-imola-99,wec-2024-r2-imola,neel-jani,2,platinum,true
wec-2024-r2-imola-99,wec-2024-r2-imola,julien-andlauer,3,gold,true
wec-2024-r2-imola-85,wec-2024-r2-imola,sarah-bovy,1,bronze,true
wec-2024-r2-imola-85,wec-2024-r2-imola,doriane-pin,2,silver,true
wec-2024-r2-imola-85,wec-2024-r2-imola,michelle-gatting,3,gold,true
wec-2024-r2-imola-88,wec-2024-r2-imola,giorgio-roda,1,bronze,true
wec-2024-r2-imola-88,wec-2024-r2-imola,mikkel-pedersen,2,silver,true
wec-2024-r2-imola-88,wec-2024-r2-imola,dennis-olsen,3,platinum,true
wec-2024-r2-imola-15,wec-2024-r2-imola,dries-vanthoor,1,platinum,true
wec-2024-r2-imola-15,wec-2024-r2-imola,raffaele-marciello,2,platinum,true
wec-2024-r2-imola-15,wec-2024-r2-imola,marco-wittmann,3,platinum,true
wec-2024-r3-spa-12,wec-2024-r3-spa,will-stevens,1,platinum,true
wec-2024-r3-spa-12,wec-2024-r3-spa,callum-ilott,2,platinum,true
wec-2024-r3-spa-6,wec-2024-r3-spa,kevin-estre,1,platinum,true
wec-2024-r3-spa-6,wec-2024-r3-spa,andre-lotterer,2,platinum,true
wec-2024-r3-spa-6,wec-2024-r3-spa,laurens-vanthoor,3,platinum,true
wec-2024-r3-spa-50,wec-2024-r3-spa,antonio-fuoco,1,platinum,true
wec-2024-r3-spa-50,wec-2024-r3-spa,miguel-molina,2,platinum,true
wec-2024-r3-spa-50,wec-2024-r3-spa,nicklas-nielsen,3,platinum,true
wec-2024-r3-spa-51,wec-2024-r3-spa,alessandro-pier-guidi,1,platinum,true
wec-2024-r3-spa-51,wec-2024-r3-spa,james-calado,2,platinum,true
wec-2024-r3-spa-51,wec-2024-r3-spa,antonio-giovinazzi,3,platinum,true
wec-2024-r3-spa-99,wec-2024-r3-spa,neel-jani,1,platinum,true
wec-2024-r3-spa-99,wec-2024-r3-spa,julien-andlauer,2,gold,true
wec-2024-r3-spa-8,wec-2024-r3-spa,sebastien-buemi,1,platinum,true
wec-2024-r3-spa-8,wec-2024-r3-spa,brendon-hartley,2,platinum,true
wec-2024-r3-spa-8,wec-2024-r3-spa,ryo-hirakawa,3,platinum,true
wec-2024-r3-spa-7,wec-2024-r3-spa,mike-conway,1,platinum,true
wec-2024-r3-spa-7,wec-2024-r3-spa,kamui-kobayashi,2,platinum,true
wec-2024-r3-spa-7,wec-2024-r3-spa,nyck-de-vries,3,platinum,true
wec-2024-r3-spa-83,wec-2024-r3-spa,robert-kubica,1,platinum,true
wec-2024-r3-spa-83,wec-2024-r3-spa,robert-shwartzman,2,platinum,true
wec-2024-r3-spa-83,wec-2024-r3-spa,yifei-ye,3,gold,true
wec-2024-r3-spa-35,wec-2024-r3-spa,paul-loup-chatin,1,gold,true
wec-2024-r3-spa-35,wec-2024-r3-spa,jules-gounon,2,platinum,true
wec-2024-r3-spa-35,wec-2024-r3-spa,charles-milesi,3,gold,true
wec-2024-r3-spa-93,wec-2024-r3-spa,mikkel-jensen,1,platinum,true
wec-2024-r3-spa-93,wec-2024-r3-spa,nico-muller,2,platinum,true
wec-2024-r3-spa-15,wec-2024-r3-spa,dries-vanthoor,1,platinum,true
wec-2024-r3-spa-15,wec-2024-r3-spa,raffaele-marciello,2,platinum,true
wec-2024-r3-spa-15,wec-2024-r3-spa,marco-wittmann,3,platinum,true
wec-2024-r3-spa-36,wec-2024-r3-spa,nicolas-lapierre,1,platinum,true
wec-2024-r3-spa-36,wec-2024-r3-spa,mick-schumacher,2,platinum,true
wec-2024-r3-spa-36,wec-2024-r3-spa,matthieu-vaxiviere,3,gold,true
wec-2024-r3-spa-20,wec-2024-r3-spa,sheldon-van-der-linde,1,platinum,true
wec-2024-r3-spa-20,wec-2024-r3-spa,robin-frijns,2,platinum,true
wec-2024-r3-spa-20,wec-2024-r3-spa,rene-rast,3,platinum,true
wec-2024-r3-spa-94,wec-2024-r3-spa,paul-di-resta,1,platinum,true
wec-2024-r3-spa-94,wec-2024-r3-spa,loic-duval,2,platinum,true
wec-2024-r3-spa-11,wec-2024-r3-spa,antonio-serravalle,1,silver,true
wec-2024-r3-spa-11,wec-2024-r3-spa,carl-wattana-bennett,2,silver,true
wec-2024-r3-spa-11,wec-2024-r3-spa,jean-karl-vernay,3,platinum,true
wec-2024-r3-spa-91,wec-2024-r3-spa,yasser-shahin,1,bronze,true
wec-2024-r3-spa-91,wec-2024-r3-spa,morris-schuring,2,silver,true
wec-2024-r3-spa-91,wec-2024-r3-spa,richard-lietz,3,platinum,true
wec-2024-r3-spa-92,wec-2024-r3-spa,aliaksandr-malykhin,1,bronze,true
wec-2024-r3-spa-92,wec-2024-r3-spa,joel-sturm,2,silver,true
wec-2024-r3-spa-92,wec-2024-r3-spa,klaus-bachler,3,platinum,true
wec-2024-r3-spa-60,wec-2024-r3-spa,claudio-schiavoni,1,bronze,true
wec-2024-r3-spa-60,wec-2024-r3-spa,matteo-cressoni,2,silver,true
wec-2024-r3-spa-60,wec-2024-r3-spa,franck-perera,3,platinum,true
wec-2024-r3-spa-59,wec-2024-r3-spa,james-cottingham,1,bronze,true
wec-2024-r3-spa-59,wec-2024-r3-spa,nicolas-costa,2,silver,true
wec-2024-r3-spa-59,wec-2024-r3-spa,gregoire-saucy,3,gold,true
wec-2024-r3-spa-85,wec-2024-r3-spa,sarah-bovy,1,bronze,true
wec-2024-r3-spa-85,wec-2024-r3-spa,rahel-frey,2,silver,true
wec-2024-r3-spa-85,wec-2024-r3-spa,michelle-gatting,3,gold,true
wec-2024-r3-spa-54,wec-2024-r3-spa,thomas-flohr,1,bronze,true
wec-2024-r3-spa-54,wec-2024-r3-spa,francesco-castellacci,2,silver,true
wec-2024-r3-spa-54,wec-2024-r3-spa,davide-rigon,3,platinum,true
wec-2024-r3-spa-777,wec-2024-r3-spa,clement-mateu,1,bronze,true
wec-2024-r3-spa-777,wec-2024-r3-spa,erwan-bastard,2,silver,true
wec-2024-r3-spa-777,wec-2024-r3-spa,marco-sorensen,3,platinum,true
wec-2024-r3-spa-88,wec-2024-r3-spa,giorgio-roda,1,bronze,true
wec-2024-r3-spa-88,wec-2024-r3-spa,mikkel-pedersen,2,silver,true
wec-2024-r3-spa-88,wec-2024-r3-spa,dennis-olsen,3,platinum,true
wec-2024-r3-spa-77,wec-2024-r3-spa,ryan-hardwick,1,bronze,true
wec-2024-r3-spa-77,wec-2024-r3-spa,zacharie-robichon,2,silver,true
wec-2024-r3-spa-77,wec-2024-r3-spa,benjamin-barker,3,gold,true
wec-2024-r3-spa-78,wec-2024-r3-spa,arnold-robin,1,bronze,true
wec-2024-r3-spa-78,wec-2024-r3-spa,clemens-schmid,2,silver,true
wec-2024-r3-spa-78,wec-2024-r3-spa,ritomo-miyata,3,platinum,true
wec-2024-r3-spa-27,wec-2024-r3-spa,ian-james,1,bronze,true
wec-2024-r3-spa-27,wec-2024-r3-spa,daniel-mancinelli,2,silver,true
wec-2024-r3-spa-27,wec-2024-r3-spa,alex-riberas,3,gold,true
wec-2024-r3-spa-82,wec-2024-r3-spa,hiroshi-koizumi,1,bronze,true
wec-2024-r3-spa-82,wec-2024-r3-spa,sebastien-baud,2,silver,true
wec-2024-r3-spa-82,wec-2024-r3-spa,daniel-juncadella,3,platinum,true
wec-2024-r3-spa-55,wec-2024-r3-spa,francois-heriau,1,bronze,true
wec-2024-r3-spa-55,wec-2024-r3-spa,simon-mann,2,silver,true
wec-2024-r3-spa-55,wec-2024-r3-spa,alessio-rovera,3,platinum,true
wec-2024-r3-spa-87,wec-2024-r3-spa,takeshi-kimura,1,bronze,true
wec-2024-r3-spa-87,wec-2024-r3-spa,esteban-masson,2,silver,true
wec-2024-r3-spa-87,wec-2024-r3-spa,jose-maria-lopez,3,platinum,true
wec-2024-r3-spa-2,wec-2024-r3-spa,earl-bamber,1,platinum,true
wec-2024-r3-spa-2,wec-2024-r3-spa,alex-lynn,2,platinum,true
wec-2024-r3-spa-31,wec-2024-r3-spa,darren-leung,1,bronze,true
wec-2024-r3-spa-31,wec-2024-r3-spa,sean-gelael,2,silver,true
wec-2024-r3-spa-31,wec-2024-r3-spa,augusto-farfus,3,platinum,true
wec-2024-r3-spa-5,wec-2024-r3-spa,matt-campbell,1,platinum,true
wec-2024-r3-spa-5,wec-2024-r3-spa,michael-christensen,2,platinum,true
wec-2024-r3-spa-5,wec-2024-r3-spa,frederic-makowiecki,3,platinum,true
wec-2024-r3-spa-63,wec-2024-r3-spa,mirko-bortolotti,1,platinum,true
wec-2024-r3-spa-63,wec-2024-r3-spa,andrea-caldarelli,2,platinum,true
wec-2024-r3-spa-63,wec-2024-r3-spa,daniil-kvyat,3,platinum,true
wec-2024-r3-spa-95,wec-2024-r3-spa,joshua-caygill,1,bronze,true
wec-2024-r3-spa-95,wec-2024-r3-spa,nicolas-pino,2,silver,true
wec-2024-r3-spa-95,wec-2024-r3-spa,marino-sato,3,gold,true
wec-2024-r3-spa-81,wec-2024-r3-spa,tom-van-rompuy,1,bronze,true
wec-2024-r3-spa-81,wec-2024-r3-spa,rui-andrade,2,silver,true
wec-2024-r3-spa-81,wec-2024-r3-spa,charlie-eastwood,3,gold,true
wec-2024-r3-spa-38,wec-2024-r3-spa,jenson-button,1,platinum,true
wec-2024-r3-spa-38,wec-2024-r3-spa,philip-hanson,2,gold,true
wec-2024-r3-spa-38,wec-2024-r3-spa,oliver-rasmussen,3,gold,true
wec-2024-r3-spa-46,wec-2024-r3-spa,ahmad-al-harthy,1,bronze,true
wec-2024-r3-spa-46,wec-2024-r3-spa,valentino-rossi,2,silver,true
wec-2024-r3-spa-46,wec-2024-r3-spa,maxime-martin,3,platinum,true
wec-2024-r4-le-mans-50,wec-2024-r4-le-mans,antonio-fuoco,1,platinum,true
wec-2024-r4-le-mans-50,wec-2024-r4-le-mans,miguel-molina,2,platinum,true
wec-2024-r4-le-mans-50,wec-2024-r4-le-mans,nicklas-nielsen,3,platinum,true
wec-2024-r4-le-mans-7,wec-2024-r4-le-mans,jose-maria-lopez,1,platinum,true
wec-2024-r4-le-mans-7,wec-2024-r4-le-mans,kamui-kobayashi,2,platinum,true
wec-2024-r4-le-mans-7,wec-2024-r4-le-mans,nyck-de-vries,3,platinum,true
wec-2024-r4-le-mans-51,wec-2024-r4-le-mans,alessandro-pier-guidi,1,platinum,true
wec-2024-r4-le-mans-51,wec-2024-r4-le-mans,james-calado,2,platinum,true
wec-2024-r4-le-mans-51,wec-2024-r4-le-mans,antonio-giovinazzi,3,platinum,true
wec-2024-r4-le-mans-6,wec-2024-r4-le-mans,kevin-estre,1,platinum,true
wec-2024-r4-le-mans-6,wec-2024-r4-le-mans,andre-lotterer,2,platinum,true
wec-2024-r4-le-mans-6,wec-2024-r4-le-mans,laurens-vanthoor,3,platinum,true
wec-2024-r4-le-mans-8,wec-2024-r4-le-mans,sebastien-buemi,1,platinum,true
wec-2024-r4-le-mans-8,wec-2024-r4-le-mans,brendon-hartley,2,platinum,true
wec-2024-r4-le-mans-8,wec-2024-r4-le-mans,ryo-hirakawa,3,platinum,true
wec-2024-r4-le-mans-5,wec-2024-r4-le-mans,matt-campbell,1,platinum,true
wec-2024-r4-le-mans-5,wec-2024-r4-le-mans,michael-christensen,2,platinum,true
wec-2024-r4-le-mans-5,wec-2024-r4-le-mans,frederic-makowiecki,3,platinum,true
wec-2024-r4-le-mans-2,wec-2024-r4-le-mans,earl-bamber,1,platinum,true
wec-2024-r4-le-mans-2,wec-2024-r4-le-mans,alex-lynn,2,platinum,true
wec-2024-r4-le-mans-2,wec-2024-r4-le-mans,alex-palou,3,platinum,true
wec-2024-r4-le-mans-12,wec-2024-r4-le-mans,will-stevens,1,platinum,true
wec-2024-r4-le-mans-12,wec-2024-r4-le-mans,norman-nato,2,gold,true
wec-2024-r4-le-mans-12,wec-2024-r4-le-mans,callum-ilott,3,platinum,true
wec-2024-r4-le-mans-38,wec-2024-r4-le-mans,oliver-rasmussen,1,gold,true
wec-2024-r4-le-mans-38,wec-2024-r4-le-mans,philip-hanson,2,gold,true
wec-2024-r4-le-mans-38,wec-2024-r4-le-mans,jenson-button,3,platinum,true
wec-2024-r4-le-mans-63,wec-2024-r4-le-mans,mirko-bortolotti,1,platinum,true
wec-2024-r4-le-mans-63,wec-2024-r4-le-mans,daniil-kvyat,2,platinum,true
wec-2024-r4-le-mans-63,wec-2024-r4-le-mans,edoardo-mortara,3,platinum,true
wec-2024-r4-le-mans-94,wec-2024-r4-le-mans,stoffel-vandoorne,1,platinum,true
wec-2024-r4-le-mans-94,wec-2024-r4-le-mans,paul-di-resta,2,platinum,true
wec-2024-r4-le-mans-94,wec-2024-r4-le-mans,loic-duval,3,platinum,true
wec-2024-r4-le-mans-93,wec-2024-r4-le-mans,jean-eric-vergne,1,platinum,true
wec-2024-r4-le-mans-93,wec-2024-r4-le-mans,mikkel-jensen,2,platinum,true
wec-2024-r4-le-mans-93,wec-2024-r4-le-mans,nico-muller,3,platinum,true
wec-2024-r4-le-mans-19,wec-2024-r4-le-mans,romain-grosjean,1,platinum,true
wec-2024-r4-le-mans-19,wec-2024-r4-le-mans,andrea-caldarelli,2,platinum,true
wec-2024-r4-le-mans-19,wec-2024-r4-le-mans,matteo-cairoli,3,platinum,true
wec-2024-r4-le-mans-11,wec-2024-r4-le-mans,carl-wattana-bennett,1,silver,true
wec-2024-r4-le-mans-11,wec-2024-r4-le-mans,jean-karl-vernay,2,platinum,true
wec-2024-r4-le-mans-11,wec-2024-r4-le-mans,antonio-serravalle,3,silver,true
wec-2024-r4-le-mans-22,wec-2024-r4-le-mans,oliver-jarvis,1,platinum,false
wec-2024-r4-le-mans-22,wec-2024-r4-le-mans,bijoy-garg,2,silver,false
wec-2024-r4-le-mans-22,wec-2024-r4-le-mans,nolan-siegel,3,gold,false
wec-2024-r4-le-mans-34,wec-2024-r4-le-mans,jakub-smiechowski,1,silver,false
wec-2024-r4-le-mans-34,wec-2024-r4-le-mans,vladislav-lomko,2,gold,false
wec-2024-r4-le-mans-34,wec-2024-r4-le-mans,clement-novalak,3,gold,false
wec-2024-r4-le-mans-28,wec-2024-r4-le-mans,paul-lafargue,1,silver,false
wec-2024-r4-le-mans-28,wec-2024-r4-le-mans,job-van-uitert,2,gold,false
wec-2024-r4-le-mans-28,wec-2024-r4-le-mans,reshad-de-gerus,3,gold,false
wec-2024-r4-le-mans-183,wec-2024-r4-le-mans,francois-perrodo,1,bronze,false
wec-2024-r4-le-mans-183,wec-2024-r4-le-mans,ben-barnicoat,2,platinum,false
wec-2024-r4-le-mans-183,wec-2024-r4-le-mans,nicolas-varrone,3,gold,false
wec-2024-r4-le-mans-10,wec-2024-r4-le-mans,ryan-cullen,1,silver,false
wec-2024-r4-le-mans-10,wec-2024-r4-le-mans,patrick-pilet,2,platinum,false
wec-2024-r4-le-mans-10,wec-2024-r4-le-mans,stephane-richelmi,3,gold,false
wec-2024-r4-le-mans-14,wec-2024-r4-le-mans,pj-hyett,1,bronze,false
wec-2024-r4-le-mans-14,wec-2024-r4-le-mans,louis-deletraz,2,gold,false
wec-2024-r4-le-mans-14,wec-2024-r4-le-mans,alex-quinn,3,gold,false
wec-2024-r4-le-mans-33,wec-2024-r4-le-mans,alexander-mattschull,1,bronze,false
wec-2024-r4-le-mans-33,wec-2024-r4-le-mans,rene-binder,2,gold,false
wec-2024-r4-le-mans-33,wec-2024-r4-le-mans,laurents-horr,3,gold,false
wec-2024-r4-le-mans-25,wec-2024-r4-le-mans,matthias-kaiser,1,silver,false
wec-2024-r4-le-mans-25,wec-2024-r4-le-mans,olli-caldwell,2,gold,false
wec-2024-r4-le-mans-25,wec-2024-r4-le-mans,roman-senna-de-angelis,3,gold,false
wec-2024-r4-le-mans-65,wec-2024-r4-le-mans,rodrigo-sales,1,bronze,false
wec-2024-r4-le-mans-65,wec-2024-r4-le-mans,mathias-beche,2,gold,false
wec-2024-r4-le-mans-65,wec-2024-r4-le-mans,scott-huffaker,3,gold,false
wec-2024-r4-le-mans-47,wec-2024-r4-le-mans,naveen-rao,1,bronze,false
wec-2024-r4-le-mans-47,wec-2024-r4-le-mans,matthew-bell,2,gold,false
wec-2024-r4-le-mans-47,wec-2024-r4-le-mans,frederik-vesti,3,platinum,false
wec-2024-r4-le-mans-24,wec-2024-r4-le-mans,fabio-scherer,1,gold,false
wec-2024-r4-le-mans-24,wec-2024-r4-le-mans,david-heinemeier-hansson,2,silver,false
wec-2024-r4-le-mans-24,wec-2024-r4-le-mans,kyffin-simpson,3,gold,false
wec-2024-r4-le-mans-37,wec-2024-r4-le-mans,lorenzo-fluxa,1,silver,false
wec-2024-r4-le-mans-37,wec-2024-r4-le-mans,malthe-jakobsen,2,gold,false
wec-2024-r4-le-mans-37,wec-2024-r4-le-mans,ritomo-miyata,3,platinum,false
wec-2024-r4-le-mans-91,wec-2024-r4-le-mans,yasser-shahin,1,bronze,true
wec-2024-r4-le-mans-91,wec-2024-r4-le-mans,morris-schuring,2,silver,true
wec-2024-r4-le-mans-91,wec-2024-r4-le-mans,richard-lietz,3,platinum,true
wec-2024-r4-le-mans-31,wec-2024-r4-le-mans,darren-leung,1,bronze,true
wec-2024-r4-le-mans-31,wec-2024-r4-le-mans,sean-gelael,2,silver,true
wec-2024-r4-le-mans-31,wec-2024-r4-le-mans,augusto-farfus,3,platinum,true
wec-2024-r4-le-mans-311,wec-2024-r4-le-mans,luis-felipe-derani,1,platinum,true
wec-2024-r4-le-mans-311,wec-2024-r4-le-mans,jack-aitken,2,platinum,true
wec-2024-r4-le-mans-311,wec-2024-r4-le-mans,felipe-drugovich,3,platinum,true
wec-2024-r4-le-mans-88,wec-2024-r4-le-mans,giorgio-roda,1,bronze,true
wec-2024-r4-le-mans-88,wec-2024-r4-le-mans,mikkel-pedersen,2,silver,true
wec-2024-r4-le-mans-88,wec-2024-r4-le-mans,dennis-olsen,3,platinum,true
wec-2024-r4-le-mans-44,wec-2024-r4-le-mans,john-hartshorne,1,bronze,true
wec-2024-r4-le-mans-44,wec-2024-r4-le-mans,ben-tuck,2,silver,true
wec-2024-r4-le-mans-44,wec-2024-r4-le-mans,christopher-mies,3,platinum,true
wec-2024-r4-le-mans-85,wec-2024-r4-le-mans,sarah-bovy,1,bronze,true
wec-2024-r4-le-mans-85,wec-2024-r4-le-mans,michelle-gatting,2,gold,true
wec-2024-r4-le-mans-85,wec-2024-r4-le-mans,rahel-frey,3,silver,true
wec-2024-r4-le-mans-55,wec-2024-r4-le-mans,francois-heriau,1,bronze,true
wec-2024-r4-le-mans-55,wec-2024-r4-le-mans,simon-mann,2,silver,true
wec-2024-r4-le-mans-55,wec-2024-r4-le-mans,alessio-rovera,3,platinum,true
wec-2024-r4-le-mans-78,wec-2024-r4-le-mans,arnold-robin,1,bronze,true
wec-2024-r4-le-mans-78,wec-2024-r4-le-mans,timur-boguslavskiy,2,silver,true
wec-2024-r4-le-mans-78,wec-2024-r4-le-mans,kelvin-van-der-linde,3,platinum,true
wec-2024-r4-le-mans-155,wec-2024-r4-le-mans,johnny-laursen,1,bronze,true
wec-2024-r4-le-mans-155,wec-2024-r4-le-mans,conrad-laursen,2,silver,true
wec-2024-r4-le-mans-155,wec-2024-r4-le-mans,jordan-taylor,3,platinum,true
wec-2024-r4-le-mans-777,wec-2024-r4-le-mans,satoshi-hoshino,1,bronze,true
wec-2024-r4-le-mans-777,wec-2024-r4-le-mans,erwan-bastard,2,silver,true
wec-2024-r4-le-mans-777,wec-2024-r4-le-mans,marco-sorensen,3,platinum,true
wec-2024-r4-le-mans-87,wec-2024-r4-le-mans,takeshi-kimura,1,bronze,true
wec-2024-r4-le-mans-87,wec-2024-r4-le-mans,esteban-masson,2,silver,true
wec-2024-r4-le-mans-87,wec-2024-r4-le-mans,jack-hawksworth,3,gold,true
wec-2024-r4-le-mans-82,wec-2024-r4-le-mans,hiroshi-koizumi,1,bronze,true
wec-2024-r4-le-mans-82,wec-2024-r4-le-mans,sebastien-baud,2,silver,true
wec-2024-r4-le-mans-82,wec-2024-r4-le-mans,daniel-juncadella,3,platinum,true
wec-2024-r4-le-mans-86,wec-2024-r4-le-mans,michael-wainwright,1,bronze,true
wec-2024-r4-le-mans-86,wec-2024-r4-le-mans,daniel-serra,2,platinum,true
wec-2024-r4-le-mans-86,wec-2024-r4-le-mans,riccardo-pera,3,silver,true
wec-2024-r4-le-mans-70,wec-2024-r4-le-mans,brendan-iribe,1,bronze,true
wec-2024-r4-le-mans-70,wec-2024-r4-le-mans,ollie-millroy,2,silver,true
wec-2024-r4-le-mans-70,wec-2024-r4-le-mans,frederik-schandorff,3,gold,true
wec-2024-r4-le-mans-92,wec-2024-r4-le-mans,aliaksandr-malykhin,1,bronze,true
wec-2024-r4-le-mans-92,wec-2024-r4-le-mans,joel-sturm,2,silver,true
wec-2024-r4-le-mans-92,wec-2024-r4-le-mans,klaus-bachler,3,platinum,true
wec-2024-r4-le-mans-23,wec-2024-r4-le-mans,ben-keating,1,bronze,false
wec-2024-r4-le-mans-23,wec-2024-r4-le-mans,filipe-albuquerque,2,platinum,false
wec-2024-r4-le-mans-23,wec-2024-r4-le-mans,benjamin-hanley,3,gold,false
wec-2024-r4-le-mans-81,wec-2024-r4-le-mans,tom-van-rompuy,1,bronze,true
wec-2024-r4-le-mans-81,wec-2024-r4-le-mans,rui-andrade,2,silver,true
wec-2024-r4-le-mans-81,wec-2024-r4-le-mans,charlie-eastwood,3,gold,true
wec-2024-r4-le-mans-60,wec-2024-r4-le-mans,claudio-schiavoni,1,bronze,true
wec-2024-r4-le-mans-60,wec-2024-r4-le-mans,matteo-cressoni,2,silver,true
wec-2024-r4-le-mans-60,wec-2024-r4-le-mans,franck-perera,3,platinum,true
wec-2024-r4-le-mans-99,wec-2024-r4-le-mans,neel-jani,1,platinum,true
wec-2024-r4-le-mans-99,wec-2024-r4-le-mans,harry-tincknell,2,platinum,true
wec-2024-r4-le-mans-99,wec-2024-r4-le-mans,julien-andlauer,3,gold,true
wec-2024-r4-le-mans-77,wec-2024-r4-le-mans,ryan-hardwick,1,bronze,true
wec-2024-r4-le-mans-77,wec-2024-r4-le-mans,zacharie-robichon,2,silver,true
wec-2024-r4-le-mans-77,wec-2024-r4-le-mans,benjamin-barker,3,gold,true
wec-2024-r4-le-mans-20,wec-2024-r4-le-mans,sheldon-van-der-linde,1,platinum,true
wec-2024-r4-le-mans-20,wec-2024-r4-le-mans,robin-frijns,2,platinum,true
wec-2024-r4-le-mans-20,wec-2024-r4-le-mans,rene-rast,3,platinum,true
wec-2024-r4-le-mans-83,wec-2024-r4-le-mans,robert-kubica,1,platinum,true
wec-2024-r4-le-mans-83,wec-2024-r4-le-mans,robert-shwartzman,2,platinum,true
wec-2024-r4-le-mans-83,wec-2024-r4-le-mans,yifei-ye,3,gold,true
wec-2024-r4-le-mans-3,wec-2024-r4-le-mans,sebastien-bourdais,1,platinum,true
wec-2024-r4-le-mans-3,wec-2024-r4-le-mans,renger-van-der-zande,2,platinum,true
wec-2024-r4-le-mans-3,wec-2024-r4-le-mans,scott-dixon,3,platinum,true
wec-2024-r4-le-mans-59,wec-2024-r4-le-mans,james-cottingham,1,bronze,true
wec-2024-r4-le-mans-59,wec-2024-r4-le-mans,nicolas-costa,2,silver,true
wec-2024-r4-le-mans-59,wec-2024-r4-le-mans,gregoire-saucy,3,gold,true
wec-2024-r4-le-mans-95,wec-2024-r4-le-mans,hiroshi-hamaguchi,1,bronze,true
wec-2024-r4-le-mans-95,wec-2024-r4-le-mans,nicolas-pino,2,silver,true
wec-2024-r4-le-mans-95,wec-2024-r4-le-mans,marino-sato,3,gold,true
wec-2024-r4-le-mans-4,wec-2024-r4-le-mans,mathieu-jaminet,1,platinum,true
wec-2024-r4-le-mans-4,wec-2024-r4-le-mans,felipe-nasr,2,platinum,true
wec-2024-r4-le-mans-4,wec-2024-r4-le-mans,nick-tandy,3,platinum,true
wec-2024-r4-le-mans-27,wec-2024-r4-le-mans,ian-james,1,bronze,true
wec-2024-r4-le-mans-27,wec-2024-r4-le-mans,daniel-mancinelli,2,silver,true
wec-2024-r4-le-mans-27,wec-2024-r4-le-mans,alex-riberas,3,gold,true
wec-2024-r4-le-mans-45,wec-2024-r4-le-mans,george-kurtz,1,bronze,false
wec-2024-r4-le-mans-45,wec-2024-r4-le-mans,colin-braun,2,gold,false
wec-2024-r4-le-mans-45,wec-2024-r4-le-mans,nicky-catsburg,3,platinum,false
wec-2024-r4-le-mans-30,wec-2024-r4-le-mans,john-falb,1,bronze,false
wec-2024-r4-le-mans-30,wec-2024-r4-le-mans,james-allen,2,gold,false
wec-2024-r4-le-mans-30,wec-2024-r4-le-mans,jean-baptiste-simmenauer,3,gold,false
wec-2024-r4-le-mans-66,wec-2024-r4-le-mans,giacomo-petrobelli,1,bronze,true
wec-2024-r4-le-mans-66,wec-2024-r4-le-mans,larry-ten-voorde,2,gold,true
wec-2024-r4-le-mans-66,wec-2024-r4-le-mans,salih-yoluc,3,silver,true
wec-2024-r4-le-mans-46,wec-2024-r4-le-mans,ahmad-al-harthy,1,bronze,true
wec-2024-r4-le-mans-46,wec-2024-r4-le-mans,valentino-rossi,2,silver,true
wec-2024-r4-le-mans-46,wec-2024-r4-le-mans,maxime-martin,3,platinum,true
wec-2024-r4-le-mans-15,wec-2024-r4-le-mans,dries-vanthoor,1,platinum,true
wec-2024-r4-le-mans-15,wec-2024-r4-le-mans,raffaele-marciello,2,platinum,true
wec-2024-r4-le-mans-15,wec-2024-r4-le-mans,marco-wittmann,3,platinum,true
wec-2024-r4-le-mans-36,wec-2024-r4-le-mans,nicolas-lapierre,1,platinum,true
wec-2024-r4-le-mans-36,wec-2024-r4-le-mans,mick-schumacher,2,platinum,true
wec-2024-r4-le-mans-36,wec-2024-r4-le-mans,matthieu-vaxiviere,3,gold,true
wec-2024-r4-le-mans-9,wec-2024-r4-le-mans,jonas-ried,1,silver,false
wec-2024-r4-le-mans-9,wec-2024-r4-le-mans,maceo-capietto,2,silver,false
wec-2024-r4-le-mans-9,wec-2024-r4-le-mans,bent-viscaal,3,gold,false
wec-2024-r4-le-mans-35,wec-2024-r4-le-mans,paul-loup-chatin,1,gold,true
wec-2024-r4-le-mans-35,wec-2024-r4-le-mans,ferdinand-habsburg,2,gold,true
wec-2024-r4-le-mans-35,wec-2024-r4-le-mans,charles-milesi,3,gold,true
wec-2024-r4-le-mans-54,wec-2024-r4-le-mans,thomas-flohr,1,bronze,true
wec-2024-r4-le-mans-54,wec-2024-r4-le-mans,francesco-castellacci,2,silver,true
wec-2024-r4-le-mans-54,wec-2024-r4-le-mans,davide-rigon,3,platinum,true
wec-2024-r5-sao-paulo-8,wec-2024-r5-sao-paulo,sebastien-buemi,1,platinum,true
wec-2024-r5-sao-paulo-8,wec-2024-r5-sao-paulo,brendon-hartley,2,platinum,true
wec-2024-r5-sao-paulo-8,wec-2024-r5-sao-paulo,ryo-hirakawa,3,platinum,true
wec-2024-r5-sao-paulo-6,wec-2024-r5-sao-paulo,kevin-estre,1,platinum,true
wec-2024-r5-sao-paulo-6,wec-2024-r5-sao-paulo,andre-lotterer,2,platinum,true
wec-2024-r5-sao-paulo-6,wec-2024-r5-sao-paulo,laurens-vanthoor,3,platinum,true
wec-2024-r5-sao-paulo-5,wec-2024-r5-sao-paulo,matt-campbell,1,platinum,true
wec-2024-r5-sao-paulo-5,wec-2024-r5-sao-paulo,michael-christensen,2,platinum,true
wec-2024-r5-sao-paulo-5,wec-2024-r5-sao-paulo,frederic-makowiecki,3,platinum,true
wec-2024-r5-sao-paulo-7,wec-2024-r5-sao-paulo,mike-conway,1,platinum,true
wec-2024-r5-sao-paulo-7,wec-2024-r5-sao-paulo,kamui-kobayashi,2,platinum,true
wec-2024-r5-sao-paulo-7,wec-2024-r5-sao-paulo,nyck-de-vries,3,platinum,true
wec-2024-r5-sao-paulo-51,wec-2024-r5-sao-paulo,alessandro-pier-guidi,1,platinum,true
wec-2024-r5-sao-paulo-51,wec-2024-r5-sao-paulo,james-calado,2,platinum,true
wec-2024-r5-sao-paulo-51,wec-2024-r5-sao-paulo,antonio-giovinazzi,3,platinum,true
wec-2024-r5-sao-paulo-50,wec-2024-r5-sao-paulo,antonio-fuoco,1,platinum,true
wec-2024-r5-sao-paulo-50,wec-2024-r5-sao-paulo,miguel-molina,2,platinum,true
wec-2024-r5-sao-paulo-50,wec-2024-r5-sao-paulo,nicklas-nielsen,3,platinum,true
wec-2024-r5-sao-paulo-38,wec-2024-r5-sao-paulo,jenson-button,1,platinum,true
wec-2024-r5-sao-paulo-38,wec-2024-r5-sao-paulo,philip-hanson,2,gold,true
wec-2024-r5-sao-paulo-38,wec-2024-r5-sao-paulo,oliver-rasmussen,3,gold,true
wec-2024-r5-sao-paulo-93,wec-2024-r5-sao-paulo,mikkel-jensen,1,platinum,true
wec-2024-r5-sao-paulo-93,wec-2024-r5-sao-paulo,nico-muller,2,platinum,true
wec-2024-r5-sao-paulo-93,wec-2024-r5-sao-paulo,jean-eric-vergne,3,platinum,true
wec-2024-r5-sao-paulo-15,wec-2024-r5-sao-paulo,dries-vanthoor,1,platinum,true
wec-2024-r5-sao-paulo-15,wec-2024-r5-sao-paulo,raffaele-marciello,2,platinum,true
wec-2024-r5-sao-paulo-15,wec-2024-r5-sao-paulo,marco-wittmann,3,platinum,true
wec-2024-r5-sao-paulo-36,wec-2024-r5-sao-paulo,nicolas-lapierre,1,platinum,true
wec-2024-r5-sao-paulo-36,wec-2024-r5-sao-paulo,mick-schumacher,2,platinum,true
wec-2024-r5-sao-paulo-36,wec-2024-r5-sao-paulo,matthieu-vaxiviere,3,gold,true
wec-2024-r5-sao-paulo-83,wec-2024-r5-sao-paulo,robert-kubica,1,platinum,true
wec-2024-r5-sao-paulo-83,wec-2024-r5-sao-paulo,robert-shwartzman,2,platinum,true
wec-2024-r5-sao-paulo-83,wec-2024-r5-sao-paulo,yifei-ye,3,gold,true
wec-2024-r5-sao-paulo-35,wec-2024-r5-sao-paulo,paul-loup-chatin,1,gold,true
wec-2024-r5-sao-paulo-35,wec-2024-r5-sao-paulo,ferdinand-habsburg,2,gold,true
wec-2024-r5-sao-paulo-35,wec-2024-r5-sao-paulo,charles-milesi,3,gold,true
wec-2024-r5-sao-paulo-2,wec-2024-r5-sao-paulo,earl-bamber,1,platinum,true
wec-2024-r5-sao-paulo-2,wec-2024-r5-sao-paulo,alex-lynn,2,platinum,true
wec-2024-r5-sao-paulo-20,wec-2024-r5-sao-paulo,sheldon-van-der-linde,1,platinum,true
wec-2024-r5-sao-paulo-20,wec-2024-r5-sao-paulo,robin-frijns,2,platinum,true
wec-2024-r5-sao-paulo-20,wec-2024-r5-sao-paulo,rene-rast,3,platinum,true
wec-2024-r5-sao-paulo-99,wec-2024-r5-sao-paulo,neel-jani,1,platinum,true
wec-2024-r5-sao-paulo-99,wec-2024-r5-sao-paulo,julien-andlauer,2,gold,true
wec-2024-r5-sao-paulo-94,wec-2024-r5-sao-paulo,paul-di-resta,1,platinum,true
wec-2024-r5-sao-paulo-94,wec-2024-r5-sao-paulo,loic-duval,2,platinum,true
wec-2024-r5-sao-paulo-94,wec-2024-r5-sao-paulo,stoffel-vandoorne,3,platinum,true
wec-2024-r5-sao-paulo-63,wec-2024-r5-sao-paulo,mirko-bortolotti,1,platinum,true
wec-2024-r5-sao-paulo-63,wec-2024-r5-sao-paulo,edoardo-mortara,2,platinum,true
wec-2024-r5-sao-paulo-63,wec-2024-r5-sao-paulo,daniil-kvyat,3,platinum,true
wec-2024-r5-sao-paulo-12,wec-2024-r5-sao-paulo,will-stevens,1,platinum,true
wec-2024-r5-sao-paulo-12,wec-2024-r5-sao-paulo,callum-ilott,2,platinum,true
wec-2024-r5-sao-paulo-12,wec-2024-r5-sao-paulo,norman-nato,3,gold,true
wec-2024-r5-sao-paulo-92,wec-2024-r5-sao-paulo,aliaksandr-malykhin,1,bronze,true
wec-2024-r5-sao-paulo-92,wec-2024-r5-sao-paulo,joel-sturm,2,silver,true
wec-2024-r5-sao-paulo-92,wec-2024-r5-sao-paulo,klaus-bachler,3,platinum,true
wec-2024-r5-sao-paulo-27,wec-2024-r5-sao-paulo,ian-james,1,bronze,true
wec-2024-r5-sao-paulo-27,wec-2024-r5-sao-paulo,daniel-mancinelli,2,silver,true
wec-2024-r5-sao-paulo-27,wec-2024-r5-sao-paulo,alex-riberas,3,gold,true
wec-2024-r5-sao-paulo-95,wec-2024-r5-sao-paulo,joshua-caygill,1,bronze,true
wec-2024-r5-sao-paulo-95,wec-2024-r5-sao-paulo,nicolas-pino,2,silver,true
wec-2024-r5-sao-paulo-95,wec-2024-r5-sao-paulo,marino-sato,3,gold,true
wec-2024-r5-sao-paulo-59,wec-2024-r5-sao-paulo,james-cottingham,1,bronze,true
wec-2024-r5-sao-paulo-59,wec-2024-r5-sao-paulo,nicolas-costa,2,silver,true
wec-2024-r5-sao-paulo-59,wec-2024-r5-sao-paulo,gregoire-saucy,3,gold,true
wec-2024-r5-sao-paulo-46,wec-2024-r5-sao-paulo,ahmad-al-harthy,1,bronze,true
wec-2024-r5-sao-paulo-46,wec-2024-r5-sao-paulo,valentino-rossi,2,silver,true
wec-2024-r5-sao-paulo-46,wec-2024-r5-sao-paulo,maxime-martin,3,platinum,true
wec-2024-r5-sao-paulo-55,wec-2024-r5-sao-paulo,francois-heriau,1,bronze,true
wec-2024-r5-sao-paulo-55,wec-2024-r5-sao-paulo,simon-mann,2,silver,true
wec-2024-r5-sao-paulo-55,wec-2024-r5-sao-paulo,alessio-rovera,3,platinum,true
wec-2024-r5-sao-paulo-77,wec-2024-r5-sao-paulo,ryan-hardwick,1,bronze,true
wec-2024-r5-sao-paulo-77,wec-2024-r5-sao-paulo,zacharie-robichon,2,silver,true
wec-2024-r5-sao-paulo-77,wec-2024-r5-sao-paulo,benjamin-barker,3,gold,true
wec-2024-r5-sao-paulo-81,wec-2024-r5-sao-paulo,tom-van-rompuy,1,bronze,true
wec-2024-r5-sao-paulo-81,wec-2024-r5-sao-paulo,rui-andrade,2,silver,true
wec-2024-r5-sao-paulo-81,wec-2024-r5-sao-paulo,charlie-eastwood,3,gold,true
wec-2024-r5-sao-paulo-777,wec-2024-r5-sao-paulo,clement-mateu,1,bronze,true
wec-2024-r5-sao-paulo-777,wec-2024-r5-sao-paulo,erwan-bastard,2,silver,true
wec-2024-r5-sao-paulo-777,wec-2024-r5-sao-paulo,marco-sorensen,3,platinum,true
wec-2024-r5-sao-paulo-31,wec-2024-r5-sao-paulo,darren-leung,1,bronze,true
wec-2024-r5-sao-paulo-31,wec-2024-r5-sao-paulo,sean-gelael,2,silver,true
wec-2024-r5-sao-paulo-31,wec-2024-r5-sao-paulo,augusto-farfus,3,platinum,true
wec-2024-r5-sao-paulo-87,wec-2024-r5-sao-paulo,takeshi-kimura,1,bronze,true
wec-2024-r5-sao-paulo-87,wec-2024-r5-sao-paulo,esteban-masson,2,silver,true
wec-2024-r5-sao-paulo-87,wec-2024-r5-sao-paulo,jose-maria-lopez,3,platinum,true
wec-2024-r5-sao-paulo-91,wec-2024-r5-sao-paulo,yasser-shahin,1,bronze,true
wec-2024-r5-sao-paulo-91,wec-2024-r5-sao-paulo,morris-schuring,2,silver,true
wec-2024-r5-sao-paulo-91,wec-2024-r5-sao-paulo,richard-lietz,3,platinum,true
wec-2024-r5-sao-paulo-88,wec-2024-r5-sao-paulo,christian-ried,1,bronze,true
wec-2024-r5-sao-paulo-88,wec-2024-r5-sao-paulo,mikkel-pedersen,2,silver,true
wec-2024-r5-sao-paulo-88,wec-2024-r5-sao-paulo,dennis-olsen,3,platinum,true
wec-2024-r5-sao-paulo-60,wec-2024-r5-sao-paulo,claudio-schiavoni,1,bronze,true
wec-2024-r5-sao-paulo-60,wec-2024-r5-sao-paulo,matteo-cressoni,2,silver,true
wec-2024-r5-sao-paulo-60,wec-2024-r5-sao-paulo,franck-perera,3,platinum,true
wec-2024-r5-sao-paulo-54,wec-2024-r5-sao-paulo,thomas-flohr,1,bronze,true
wec-2024-r5-sao-paulo-54,wec-2024-r5-sao-paulo,francesco-castellacci,2,silver,true
wec-2024-r5-sao-paulo-54,wec-2024-r5-sao-paulo,davide-rigon,3,platinum,true
wec-2024-r5-sao-paulo-11,wec-2024-r5-sao-paulo,antonio-serravalle,1,silver,true
wec-2024-r5-sao-paulo-11,wec-2024-r5-sao-paulo,carl-wattana-bennett,2,silver,true
wec-2024-r5-sao-paulo-11,wec-2024-r5-sao-paulo,jean-karl-vernay,3,platinum,true
wec-2024-r5-sao-paulo-85,wec-2024-r5-sao-paulo,sarah-bovy,1,bronze,true
wec-2024-r5-sao-paulo-85,wec-2024-r5-sao-paulo,rahel-frey,2,silver,true
wec-2024-r5-sao-paulo-85,wec-2024-r5-sao-paulo,michelle-gatting,3,gold,true
wec-2024-r5-sao-paulo-82,wec-2024-r5-sao-paulo,hiroshi-koizumi,1,bronze,true
wec-2024-r5-sao-paulo-82,wec-2024-r5-sao-paulo,sebastien-baud,2,silver,true
wec-2024-r5-sao-paulo-82,wec-2024-r5-sao-paulo,daniel-juncadella,3,platinum,true
wec-2024-r5-sao-paulo-78,wec-2024-r5-sao-paulo,arnold-robin,1,bronze,true
wec-2024-r5-sao-paulo-78,wec-2024-r5-sao-paulo,clemens-schmid,2,silver,true
wec-2024-r5-sao-paulo-78,wec-2024-r5-sao-paulo,kelvin-van-der-linde,3,platinum,true
wec-2024-r6-cota-83,wec-2024-r6-cota,robert-kubica,1,platinum,true
wec-2024-r6-cota-83,wec-2024-r6-cota,robert-shwartzman,2,platinum,true
wec-2024-r6-cota-83,wec-2024-r6-cota,yifei-ye,3,gold,true
wec-2024-r6-cota-7,wec-2024-r6-cota,mike-conway,1,platinum,true
wec-2024-r6-cota-7,wec-2024-r6-cota,kamui-kobayashi,2,platinum,true
wec-2024-r6-cota-7,wec-2024-r6-cota,nyck-de-vries,3,platinum,true
wec-2024-r6-cota-50,wec-2024-r6-cota,antonio-fuoco,1,platinum,true
wec-2024-r6-cota-50,wec-2024-r6-cota,miguel-molina,2,platinum,true
wec-2024-r6-cota-50,wec-2024-r6-cota,nicklas-nielsen,3,platinum,true
wec-2024-r6-cota-2,wec-2024-r6-cota,earl-bamber,1,platinum,true
wec-2024-r6-cota-2,wec-2024-r6-cota,alex-lynn,2,platinum,true
wec-2024-r6-cota-35,wec-2024-r6-cota,paul-loup-chatin,1,gold,true
wec-2024-r6-cota-35,wec-2024-r6-cota,ferdinand-habsburg,2,gold,true
wec-2024-r6-cota-35,wec-2024-r6-cota,charles-milesi,3,gold,true
wec-2024-r6-cota-6,wec-2024-r6-cota,kevin-estre,1,platinum,true
wec-2024-r6-cota-6,wec-2024-r6-cota,andre-lotterer,2,platinum,true
wec-2024-r6-cota-6,wec-2024-r6-cota,laurens-vanthoor,3,platinum,true
wec-2024-r6-cota-5,wec-2024-r6-cota,matt-campbell,1,platinum,true
wec-2024-r6-cota-5,wec-2024-r6-cota,michael-christensen,2,platinum,true
wec-2024-r6-cota-5,wec-2024-r6-cota,frederic-makowiecki,3,platinum,true
wec-2024-r6-cota-15,wec-2024-r6-cota,dries-vanthoor,1,platinum,true
wec-2024-r6-cota-15,wec-2024-r6-cota,raffaele-marciello,2,platinum,true
wec-2024-r6-cota-15,wec-2024-r6-cota,marco-wittmann,3,platinum,true
wec-2024-r6-cota-36,wec-2024-r6-cota,nicolas-lapierre,1,platinum,true
wec-2024-r6-cota-36,wec-2024-r6-cota,mick-schumacher,2,platinum,true
wec-2024-r6-cota-36,wec-2024-r6-cota,matthieu-vaxiviere,3,gold,true
wec-2024-r6-cota-38,wec-2024-r6-cota,jenson-button,1,platinum,true
wec-2024-r6-cota-38,wec-2024-r6-cota,philip-hanson,2,gold,true
wec-2024-r6-cota-38,wec-2024-r6-cota,oliver-rasmussen,3,gold,true
wec-2024-r6-cota-99,wec-2024-r6-cota,harry-tincknell,1,platinum,true
wec-2024-r6-cota-99,wec-2024-r6-cota,neel-jani,2,platinum,true
wec-2024-r6-cota-99,wec-2024-r6-cota,julien-andlauer,3,gold,true
wec-2024-r6-cota-93,wec-2024-r6-cota,mikkel-jensen,1,platinum,true
wec-2024-r6-cota-93,wec-2024-r6-cota,nico-muller,2,platinum,true
wec-2024-r6-cota-93,wec-2024-r6-cota,jean-eric-vergne,3,platinum,true
wec-2024-r6-cota-20,wec-2024-r6-cota,sheldon-van-der-linde,1,platinum,true
wec-2024-r6-cota-20,wec-2024-r6-cota,robin-frijns,2,platinum,true
wec-2024-r6-cota-20,wec-2024-r6-cota,rene-rast,3,platinum,true
wec-2024-r6-cota-63,wec-2024-r6-cota,mirko-bortolotti,1,platinum,true
wec-2024-r6-cota-63,wec-2024-r6-cota,edoardo-mortara,2,platinum,true
wec-2024-r6-cota-63,wec-2024-r6-cota,daniil-kvyat,3,platinum,true
wec-2024-r6-cota-8,wec-2024-r6-cota,sebastien-buemi,1,platinum,true
wec-2024-r6-cota-8,wec-2024-r6-cota,brendon-hartley,2,platinum,true
wec-2024-r6-cota-8,wec-2024-r6-cota,ryo-hirakawa,3,platinum,true
wec-2024-r6-cota-27,wec-2024-r6-cota,ian-james,1,bronze,true
wec-2024-r6-cota-27,wec-2024-r6-cota,daniel-mancinelli,2,silver,true
wec-2024-r6-cota-27,wec-2024-r6-cota,alex-riberas,3,gold,true
wec-2024-r6-cota-92,wec-2024-r6-cota,aliaksandr-malykhin,1,bronze,true
wec-2024-r6-cota-92,wec-2024-r6-cota,joel-sturm,2,silver,true
wec-2024-r6-cota-92,wec-2024-r6-cota,klaus-bachler,3,platinum,true
wec-2024-r6-cota-91,wec-2024-r6-cota,yasser-shahin,1,bronze,true
wec-2024-r6-cota-91,wec-2024-r6-cota,morris-schuring,2,silver,true
wec-2024-r6-cota-91,wec-2024-r6-cota,richard-lietz,3,platinum,true
wec-2024-r6-cota-59,wec-2024-r6-cota,james-cottingham,1,bronze,true
wec-2024-r6-cota-59,wec-2024-r6-cota,nicolas-costa,2,silver,true
wec-2024-r6-cota-59,wec-2024-r6-cota,gregoire-saucy,3,gold,true
wec-2024-r6-cota-31,wec-2024-r6-cota,darren-leung,1,bronze,true
wec-2024-r6-cota-31,wec-2024-r6-cota,sean-gelael,2,silver,true
wec-2024-r6-cota-31,wec-2024-r6-cota,augusto-farfus,3,platinum,true
wec-2024-r6-cota-77,wec-2024-r6-cota,ryan-hardwick,1,bronze,true
wec-2024-r6-cota-77,wec-2024-r6-cota,zacharie-robichon,2,silver,true
wec-2024-r6-cota-77,wec-2024-r6-cota,benjamin-barker,3,gold,true
wec-2024-r6-cota-95,wec-2024-r6-cota,joshua-caygill,1,bronze,true
wec-2024-r6-cota-95,wec-2024-r6-cota,nicolas-pino,2,silver,true
wec-2024-r6-cota-95,wec-2024-r6-cota,marino-sato,3,gold,true
wec-2024-r6-cota-82,wec-2024-r6-cota,hiroshi-koizumi,1,bronze,true
wec-2024-r6-cota-82,wec-2024-r6-cota,sebastien-baud,2,silver,true
wec-2024-r6-cota-82,wec-2024-r6-cota,daniel-juncadella,3,platinum,true
wec-2024-r6-cota-78,wec-2024-r6-cota,arnold-robin,1,bronze,true
wec-2024-r6-cota-78,wec-2024-r6-cota,clemens-schmid,2,silver,true
wec-2024-r6-cota-78,wec-2024-r6-cota,kelvin-van-der-linde,3,platinum,true
wec-2024-r6-cota-55,wec-2024-r6-cota,francois-heriau,1,bronze,true
wec-2024-r6-cota-55,wec-2024-r6-cota,simon-mann,2,silver,true
wec-2024-r6-cota-55,wec-2024-r6-cota,alessio-rovera,3,platinum,true
wec-2024-r6-cota-87,wec-2024-r6-cota,takeshi-kimura,1,bronze,true
wec-2024-r6-cota-87,wec-2024-r6-cota,esteban-masson,2,silver,true
wec-2024-r6-cota-87,wec-2024-r6-cota,jose-maria-lopez,3,platinum,true
wec-2024-r6-cota-60,wec-2024-r6-cota,claudio-schiavoni,1,bronze,true
wec-2024-r6-cota-60,wec-2024-r6-cota,matteo-cressoni,2,silver,true
wec-2024-r6-cota-60,wec-2024-r6-cota,franck-perera,3,platinum,true
wec-2024-r6-cota-85,wec-2024-r6-cota,sarah-bovy,1,bronze,true
wec-2024-r6-cota-85,wec-2024-r6-cota,rahel-frey,2,silver,true
wec-2024-r6-cota-85,wec-2024-r6-cota,michelle-gatting,3,gold,true
wec-2024-r6-cota-46,wec-2024-r6-cota,ahmad-al-harthy,1,bronze,true
wec-2024-r6-cota-46,wec-2024-r6-cota,valentino-rossi,2,silver,true
wec-2024-r6-cota-46,wec-2024-r6-cota,maxime-martin,3,platinum,true
wec-2024-r6-cota-88,wec-2024-r6-cota,ben-keating,1,bronze,true
wec-2024-r6-cota-88,wec-2024-r6-cota,mikkel-pedersen,2,silver,true
wec-2024-r6-cota-88,wec-2024-r6-cota,dennis-olsen,3,platinum,true
wec-2024-r6-cota-12,wec-2024-r6-cota,will-stevens,1,platinum,true
wec-2024-r6-cota-12,wec-2024-r6-cota,callum-ilott,2,platinum,true
wec-2024-r6-cota-12,wec-2024-r6-cota,norman-nato,3,gold,true
wec-2024-r6-cota-81,wec-2024-r6-cota,tom-van-rompuy,1,bronze,true
wec-2024-r6-cota-81,wec-2024-r6-cota,rui-andrade,2,silver,true
wec-2024-r6-cota-81,wec-2024-r6-cota,charlie-eastwood,3,gold,true
wec-2024-r6-cota-94,wec-2024-r6-cota,paul-di-resta,1,platinum,true
wec-2024-r6-cota-94,wec-2024-r6-cota,loic-duval,2,platinum,true
wec-2024-r6-cota-94,wec-2024-r6-cota,stoffel-vandoorne,3,platinum,true
wec-2024-r6-cota-777,wec-2024-r6-cota,clement-mateu,1,bronze,true
wec-2024-r6-cota-777,wec-2024-r6-cota,erwan-bastard,2,silver,true
wec-2024-r6-cota-777,wec-2024-r6-cota,marco-sorensen,3,platinum,true
wec-2024-r6-cota-51,wec-2024-r6-cota,alessandro-pier-guidi,1,platinum,true
wec-2024-r6-cota-51,wec-2024-r6-cota,james-calado,2,platinum,true
wec-2024-r6-cota-51,wec-2024-r6-cota,antonio-giovinazzi,3,platinum,true
wec-2024-r6-cota-54,wec-2024-r6-cota,thomas-flohr,1,bronze,true
wec-2024-r6-cota-54,wec-2024-r6-cota,francesco-castellacci,2,silver,true
wec-2024-r6-cota-54,wec-2024-r6-cota,davide-rigon,3,platinum,true
wec-2024-r7-fuji-6,wec-2024-r7-fuji,kevin-estre,1,platinum,true
wec-2024-r7-fuji-6,wec-2024-r7-fuji,andre-lotterer,2,platinum,true
wec-2024-r7-fuji-6,wec-2024-r7-fuji,laurens-vanthoor,3,platinum,true
wec-2024-r7-fuji-15,wec-2024-r7-fuji,dries-vanthoor,1,platinum,true
wec-2024-r7-fuji-15,wec-2024-r7-fuji,raffaele-marciello,2,platinum,true
wec-2024-r7-fuji-15,wec-2024-r7-fuji,marco-wittmann,3,platinum,true
wec-2024-r7-fuji-36,wec-2024-r7-fuji,nicolas-lapierre,1,platinum,true
wec-2024-r7-fuji-36,wec-2024-r7-fuji,mick-schumacher,2,platinum,true
wec-2024-r7-fuji-36,wec-2024-r7-fuji,matthieu-vaxiviere,3,gold,true
wec-2024-r7-fuji-93,wec-2024-r7-fuji,mikkel-jensen,1,platinum,true
wec-2024-r7-fuji-93,wec-2024-r7-fuji,nico-muller,2,platinum,true
wec-2024-r7-fuji-93,wec-2024-r7-fuji,jean-eric-vergne,3,platinum,true
wec-2024-r7-fuji-12,wec-2024-r7-fuji,will-stevens,1,platinum,true
wec-2024-r7-fuji-12,wec-2024-r7-fuji,callum-ilott,2,platinum,true
wec-2024-r7-fuji-12,wec-2024-r7-fuji,norman-nato,3,gold,true
wec-2024-r7-fuji-38,wec-2024-r7-fuji,jenson-button,1,platinum,true
wec-2024-r7-fuji-38,wec-2024-r7-fuji,philip-hanson,2,gold,true
wec-2024-r7-fuji-38,wec-2024-r7-fuji,oliver-rasmussen,3,gold,true
wec-2024-r7-fuji-35,wec-2024-r7-fuji,jules-gounon,1,platinum,true
wec-2024-r7-fuji-35,wec-2024-r7-fuji,ferdinand-habsburg,2,gold,true
wec-2024-r7-fuji-35,wec-2024-r7-fuji,charles-milesi,3,gold,true
wec-2024-r7-fuji-94,wec-2024-r7-fuji,paul-di-resta,1,platinum,true
wec-2024-r7-fuji-94,wec-2024-r7-fuji,loic-duval,2,platinum,true
wec-2024-r7-fuji-94,wec-2024-r7-fuji,stoffel-vandoorne,3,platinum,true
wec-2024-r7-fuji-50,wec-2024-r7-fuji,antonio-fuoco,1,platinum,true
wec-2024-r7-fuji-50,wec-2024-r7-fuji,miguel-molina,2,platinum,true
wec-2024-r7-fuji-50,wec-2024-r7-fuji,nicklas-nielsen,3,platinum,true
wec-2024-r7-fuji-8,wec-2024-r7-fuji,sebastien-buemi,1,platinum,true
wec-2024-r7-fuji-8,wec-2024-r7-fuji,brendon-hartley,2,platinum,true
wec-2024-r7-fuji-8,wec-2024-r7-fuji,ryo-hirakawa,3,platinum,true
wec-2024-r7-fuji-99,wec-2024-r7-fuji,harry-tincknell,1,platinum,true
wec-2024-r7-fuji-99,wec-2024-r7-fuji,neel-jani,2,platinum,true
wec-2024-r7-fuji-99,wec-2024-r7-fuji,julien-andlauer,3,gold,true
wec-2024-r7-fuji-83,wec-2024-r7-fuji,robert-kubica,1,platinum,true
wec-2024-r7-fuji-83,wec-2024-r7-fuji,robert-shwartzman,2,platinum,true
wec-2024-r7-fuji-83,wec-2024-r7-fuji,yifei-ye,3,gold,true
wec-2024-r7-fuji-54,wec-2024-r7-fuji,thomas-flohr,1,bronze,true
wec-2024-r7-fuji-54,wec-2024-r7-fuji,francesco-castellacci,2,silver,true
wec-2024-r7-fuji-54,wec-2024-r7-fuji,davide-rigon,3,platinum,true
wec-2024-r7-fuji-92,wec-2024-r7-fuji,aliaksandr-malykhin,1,bronze,true
wec-2024-r7-fuji-92,wec-2024-r7-fuji,joel-sturm,2,silver,true
wec-2024-r7-fuji-92,wec-2024-r7-fuji,klaus-bachler,3,platinum,true
wec-2024-r7-fuji-46,wec-2024-r7-fuji,ahmad-al-harthy,1,bronze,true
wec-2024-r7-fuji-46,wec-2024-r7-fuji,valentino-rossi,2,silver,true
wec-2024-r7-fuji-46,wec-2024-r7-fuji,maxime-martin,3,platinum,true
wec-2024-r7-fuji-81,wec-2024-r7-fuji,tom-van-rompuy,1,bronze,true
wec-2024-r7-fuji-81,wec-2024-r7-fuji,rui-andrade,2,silver,true
wec-2024-r7-fuji-81,wec-2024-r7-fuji,charlie-eastwood,3,gold,true
wec-2024-r7-fuji-85,wec-2024-r7-fuji,sarah-bovy,1,bronze,true
wec-2024-r7-fuji-85,wec-2024-r7-fuji,rahel-frey,2,silver,true
wec-2024-r7-fuji-85,wec-2024-r7-fuji,michelle-gatting,3,gold,true
wec-2024-r7-fuji-55,wec-2024-r7-fuji,francois-heriau,1,bronze,true
wec-2024-r7-fuji-55,wec-2024-r7-fuji,simon-mann,2,silver,true
wec-2024-r7-fuji-55,wec-2024-r7-fuji,alessio-rovera,3,platinum,true
wec-2024-r7-fuji-777,wec-2024-r7-fuji,clement-mateu,1,bronze,true
wec-2024-r7-fuji-777,wec-2024-r7-fuji,erwan-bastard,2,silver,true
wec-2024-r7-fuji-777,wec-2024-r7-fuji,marco-sorensen,3,platinum,true
wec-2024-r7-fuji-59,wec-2024-r7-fuji,james-cottingham,1,bronze,true
wec-2024-r7-fuji-59,wec-2024-r7-fuji,nicolas-costa,2,silver,true
wec-2024-r7-fuji-59,wec-2024-r7-fuji,gregoire-saucy,3,gold,true
wec-2024-r7-fuji-27,wec-2024-r7-fuji,ian-james,1,bronze,true
wec-2024-r7-fuji-27,wec-2024-r7-fuji,daniel-mancinelli,2,silver,true
wec-2024-r7-fuji-27,wec-2024-r7-fuji,alex-riberas,3,gold,true
wec-2024-r7-fuji-31,wec-2024-r7-fuji,darren-leung,1,bronze,true
wec-2024-r7-fuji-31,wec-2024-r7-fuji,sean-gelael,2,silver,true
wec-2024-r7-fuji-31,wec-2024-r7-fuji,augusto-farfus,3,platinum,true
wec-2024-r7-fuji-78,wec-2024-r7-fuji,arnold-robin,1,bronze,true
wec-2024-r7-fuji-78,wec-2024-r7-fuji,clemens-schmid,2,silver,true
wec-2024-r7-fuji-78,wec-2024-r7-fuji,kelvin-van-der-linde,3,platinum,true
wec-2024-r7-fuji-87,wec-2024-r7-fuji,takeshi-kimura,1,bronze,true
wec-2024-r7-fuji-87,wec-2024-r7-fuji,esteban-masson,2,silver,true
wec-2024-r7-fuji-87,wec-2024-r7-fuji,jose-maria-lopez,3,platinum,true
wec-2024-r7-fuji-60,wec-2024-r7-fuji,claudio-schiavoni,1,bronze,true
wec-2024-r7-fuji-60,wec-2024-r7-fuji,matteo-cressoni,2,silver,true
wec-2024-r7-fuji-60,wec-2024-r7-fuji,franck-perera,3,platinum,true
wec-2024-r7-fuji-91,wec-2024-r7-fuji,yasser-shahin,1,bronze,true
wec-2024-r7-fuji-91,wec-2024-r7-fuji,morris-schuring,2,silver,true
wec-2024-r7-fuji-91,wec-2024-r7-fuji,richard-lietz,3,platinum,true
wec-2024-r7-fuji-77,wec-2024-r7-fuji,ryan-hardwick,1,bronze,true
wec-2024-r7-fuji-77,wec-2024-r7-fuji,zacharie-robichon,2,silver,true
wec-2024-r7-fuji-77,wec-2024-r7-fuji,benjamin-barker,3,gold,true
wec-2024-r7-fuji-88,wec-2024-r7-fuji,christian-ried,1,bronze,true
wec-2024-r7-fuji-88,wec-2024-r7-fuji,mikkel-pedersen,2,silver,true
wec-2024-r7-fuji-88,wec-2024-r7-fuji,dennis-olsen,3,platinum,true
wec-2024-r7-fuji-95,wec-2024-r7-fuji,joshua-caygill,1,bronze,true
wec-2024-r7-fuji-95,wec-2024-r7-fuji,nicolas-pino,2,silver,true
wec-2024-r7-fuji-95,wec-2024-r7-fuji,marino-sato,3,gold,true
wec-2024-r7-fuji-7,wec-2024-r7-fuji,mike-conway,1,platinum,true
wec-2024-r7-fuji-7,wec-2024-r7-fuji,kamui-kobayashi,2,platinum,true
wec-2024-r7-fuji-7,wec-2024-r7-fuji,nyck-de-vries,3,platinum,true
wec-2024-r7-fuji-20,wec-2024-r7-fuji,sheldon-van-der-linde,1,platinum,true
wec-2024-r7-fuji-20,wec-2024-r7-fuji,robin-frijns,2,platinum,true
wec-2024-r7-fuji-20,wec-2024-r7-fuji,rene-rast,3,platinum,true
wec-2024-r7-fuji-2,wec-2024-r7-fuji,earl-bamber,1,platinum,true
wec-2024-r7-fuji-2,wec-2024-r7-fuji,alex-lynn,2,platinum,true
wec-2024-r7-fuji-51,wec-2024-r7-fuji,alessandro-pier-guidi,1,platinum,true
wec-2024-r7-fuji-51,wec-2024-r7-fuji,james-calado,2,platinum,true
wec-2024-r7-fuji-51,wec-2024-r7-fuji,antonio-giovinazzi,3,platinum,true
wec-2024-r7-fuji-82,wec-2024-r7-fuji,hiroshi-koizumi,1,bronze,true
wec-2024-r7-fuji-82,wec-2024-r7-fuji,sebastien-baud,2,silver,true
wec-2024-r7-fuji-82,wec-2024-r7-fuji,daniel-juncadella,3,platinum,true
wec-2024-r7-fuji-5,wec-2024-r7-fuji,matt-campbell,1,platinum,true
wec-2024-r7-fuji-5,wec-2024-r7-fuji,michael-christensen,2,platinum,true
wec-2024-r7-fuji-5,wec-2024-r7-fuji,frederic-makowiecki,3,platinum,true
wec-2024-r7-fuji-63,wec-2024-r7-fuji,mirko-bortolotti,1,platinum,true
wec-2024-r7-fuji-63,wec-2024-r7-fuji,edoardo-mortara,2,platinum,true
wec-2024-r7-fuji-63,wec-2024-r7-fuji,daniil-kvyat,3,platinum,true
wec-2024-r8-bahrain-8,wec-2024-r8-bahrain,sebastien-buemi,1,platinum,true
wec-2024-r8-bahrain-8,wec-2024-r8-bahrain,brendon-hartley,2,platinum,true
wec-2024-r8-bahrain-8,wec-2024-r8-bahrain,ryo-hirakawa,3,platinum,true
wec-2024-r8-bahrain-5,wec-2024-r8-bahrain,matt-campbell,1,platinum,true
wec-2024-r8-bahrain-5,wec-2024-r8-bahrain,michael-christensen,2,platinum,true
wec-2024-r8-bahrain-5,wec-2024-r8-bahrain,frederic-makowiecki,3,platinum,true
wec-2024-r8-bahrain-93,wec-2024-r8-bahrain,mikkel-jensen,1,platinum,true
wec-2024-r8-bahrain-93,wec-2024-r8-bahrain,nico-muller,2,platinum,true
wec-2024-r8-bahrain-93,wec-2024-r8-bahrain,jean-eric-vergne,3,platinum,true
wec-2024-r8-bahrain-35,wec-2024-r8-bahrain,paul-loup-chatin,1,gold,true
wec-2024-r8-bahrain-35,wec-2024-r8-bahrain,ferdinand-habsburg,2,gold,true
wec-2024-r8-bahrain-35,wec-2024-r8-bahrain,jules-gounon,3,platinum,true
wec-2024-r8-bahrain-15,wec-2024-r8-bahrain,dries-vanthoor,1,platinum,true
wec-2024-r8-bahrain-15,wec-2024-r8-bahrain,raffaele-marciello,2,platinum,true
wec-2024-r8-bahrain-15,wec-2024-r8-bahrain,marco-wittmann,3,platinum,true
wec-2024-r8-bahrain-2,wec-2024-r8-bahrain,earl-bamber,1,platinum,true
wec-2024-r8-bahrain-2,wec-2024-r8-bahrain,alex-lynn,2,platinum,true
wec-2024-r8-bahrain-2,wec-2024-r8-bahrain,sebastien-bourdais,3,platinum,true
wec-2024-r8-bahrain-38,wec-2024-r8-bahrain,jenson-button,1,platinum,true
wec-2024-r8-bahrain-38,wec-2024-r8-bahrain,philip-hanson,2,gold,true
wec-2024-r8-bahrain-38,wec-2024-r8-bahrain,oliver-rasmussen,3,gold,true
wec-2024-r8-bahrain-83,wec-2024-r8-bahrain,robert-kubica,1,platinum,true
wec-2024-r8-bahrain-83,wec-2024-r8-bahrain,robert-shwartzman,2,platinum,true
wec-2024-r8-bahrain-83,wec-2024-r8-bahrain,yifei-ye,3,gold,true
wec-2024-r8-bahrain-36,wec-2024-r8-bahrain,charles-milesi,1,gold,true
wec-2024-r8-bahrain-36,wec-2024-r8-bahrain,mick-schumacher,2,platinum,true
wec-2024-r8-bahrain-36,wec-2024-r8-bahrain,matthieu-vaxiviere,3,gold,true
wec-2024-r8-bahrain-6,wec-2024-r8-bahrain,kevin-estre,1,platinum,true
wec-2024-r8-bahrain-6,wec-2024-r8-bahrain,andre-lotterer,2,platinum,true
wec-2024-r8-bahrain-6,wec-2024-r8-bahrain,laurens-vanthoor,3,platinum,true
wec-2024-r8-bahrain-50,wec-2024-r8-bahrain,antonio-fuoco,1,platinum,true
wec-2024-r8-bahrain-50,wec-2024-r8-bahrain,miguel-molina,2,platinum,true
wec-2024-r8-bahrain-50,wec-2024-r8-bahrain,nicklas-nielsen,3,platinum,true
wec-2024-r8-bahrain-99,wec-2024-r8-bahrain,harry-tincknell,1,platinum,true
wec-2024-r8-bahrain-99,wec-2024-r8-bahrain,neel-jani,2,platinum,true
wec-2024-r8-bahrain-99,wec-2024-r8-bahrain,julien-andlauer,3,gold,true
wec-2024-r8-bahrain-12,wec-2024-r8-bahrain,will-stevens,1,platinum,true
wec-2024-r8-bahrain-12,wec-2024-r8-bahrain,callum-ilott,2,platinum,true
wec-2024-r8-bahrain-12,wec-2024-r8-bahrain,norman-nato,3,gold,true
wec-2024-r8-bahrain-51,wec-2024-r8-bahrain,alessandro-pier-guidi,1,platinum,true
wec-2024-r8-bahrain-51,wec-2024-r8-bahrain,james-calado,2,platinum,true
wec-2024-r8-bahrain-51,wec-2024-r8-bahrain,antonio-giovinazzi,3,platinum,true
wec-2024-r8-bahrain-55,wec-2024-r8-bahrain,francois-heriau,1,bronze,true
wec-2024-r8-bahrain-55,wec-2024-r8-bahrain,simon-mann,2,silver,true
wec-2024-r8-bahrain-55,wec-2024-r8-bahrain,alessio-rovera,3,platinum,true
wec-2024-r8-bahrain-81,wec-2024-r8-bahrain,tom-van-rompuy,1,bronze,true
wec-2024-r8-bahrain-81,wec-2024-r8-bahrain,rui-andrade,2,silver,true
wec-2024-r8-bahrain-81,wec-2024-r8-bahrain,charlie-eastwood,3,gold,true
wec-2024-r8-bahrain-82,wec-2024-r8-bahrain,hiroshi-koizumi,1,bronze,true
wec-2024-r8-bahrain-82,wec-2024-r8-bahrain,sebastien-baud,2,silver,true
wec-2024-r8-bahrain-82,wec-2024-r8-bahrain,daniel-juncadella,3,platinum,true
wec-2024-r8-bahrain-60,wec-2024-r8-bahrain,claudio-schiavoni,1,bronze,true
wec-2024-r8-bahrain-60,wec-2024-r8-bahrain,matteo-cressoni,2,silver,true
wec-2024-r8-bahrain-60,wec-2024-r8-bahrain,matteo-cairoli,3,platinum,true
wec-2024-r8-bahrain-91,wec-2024-r8-bahrain,yasser-shahin,1,bronze,true
wec-2024-r8-bahrain-91,wec-2024-r8-bahrain,morris-schuring,2,silver,true
wec-2024-r8-bahrain-91,wec-2024-r8-bahrain,richard-lietz,3,platinum,true
wec-2024-r8-bahrain-59,wec-2024-r8-bahrain,james-cottingham,1,bronze,true
wec-2024-r8-bahrain-59,wec-2024-r8-bahrain,nicolas-costa,2,silver,true
wec-2024-r8-bahrain-59,wec-2024-r8-bahrain,gregoire-saucy,3,gold,true
wec-2024-r8-bahrain-54,wec-2024-r8-bahrain,thomas-flohr,1,bronze,true
wec-2024-r8-bahrain-54,wec-2024-r8-bahrain,francesco-castellacci,2,silver,true
wec-2024-r8-bahrain-54,wec-2024-r8-bahrain,davide-rigon,3,platinum,true
wec-2024-r8-bahrain-95,wec-2024-r8-bahrain,joshua-caygill,1,bronze,true
wec-2024-r8-bahrain-95,wec-2024-r8-bahrain,nicolas-pino,2,silver,true
wec-2024-r8-bahrain-95,wec-2024-r8-bahrain,marino-sato,3,gold,true
wec-2024-r8-bahrain-92,wec-2024-r8-bahrain,aliaksandr-malykhin,1,bronze,true
wec-2024-r8-bahrain-92,wec-2024-r8-bahrain,joel-sturm,2,silver,true
wec-2024-r8-bahrain-92,wec-2024-r8-bahrain,klaus-bachler,3,platinum,true
wec-2024-r8-bahrain-85,wec-2024-r8-bahrain,sarah-bovy,1,bronze,true
wec-2024-r8-bahrain-85,wec-2024-r8-bahrain,rahel-frey,2,silver,true
wec-2024-r8-bahrain-85,wec-2024-r8-bahrain,michelle-gatting,3,gold,true
wec-2024-r8-bahrain-27,wec-2024-r8-bahrain,ian-james,1,bronze,true
wec-2024-r8-bahrain-27,wec-2024-r8-bahrain,daniel-mancinelli,2,silver,true
wec-2024-r8-bahrain-27,wec-2024-r8-bahrain,alex-riberas,3,gold,true
wec-2024-r8-bahrain-777,wec-2024-r8-bahrain,clement-mateu,1,bronze,true
wec-2024-r8-bahrain-777,wec-2024-r8-bahrain,erwan-bastard,2,silver,true
wec-2024-r8-bahrain-777,wec-2024-r8-bahrain,marco-sorensen,3,platinum,true
wec-2024-r8-bahrain-31,wec-2024-r8-bahrain,darren-leung,1,bronze,true
wec-2024-r8-bahrain-31,wec-2024-r8-bahrain,sean-gelael,2,silver,true
wec-2024-r8-bahrain-31,wec-2024-r8-bahrain,augusto-farfus,3,platinum,true
wec-2024-r8-bahrain-46,wec-2024-r8-bahrain,ahmad-al-harthy,1,bronze,true
wec-2024-r8-bahrain-46,wec-2024-r8-bahrain,valentino-rossi,2,silver,true
wec-2024-r8-bahrain-46,wec-2024-r8-bahrain,maxime-martin,3,platinum,true
wec-2024-r8-bahrain-63,wec-2024-r8-bahrain,mirko-bortolotti,1,platinum,true
wec-2024-r8-bahrain-63,wec-2024-r8-bahrain,edoardo-mortara,2,platinum,true
wec-2024-r8-bahrain-63,wec-2024-r8-bahrain,daniil-kvyat,3,platinum,true
wec-2024-r8-bahrain-94,wec-2024-r8-bahrain,paul-di-resta,1,platinum,true
wec-2024-r8-bahrain-94,wec-2024-r8-bahrain,loic-duval,2,platinum,true
wec-2024-r8-bahrain-94,wec-2024-r8-bahrain,stoffel-vandoorne,3,platinum,true
wec-2024-r8-bahrain-77,wec-2024-r8-bahrain,ryan-hardwick,1,bronze,true
wec-2024-r8-bahrain-77,wec-2024-r8-bahrain,zacharie-robichon,2,silver,true
wec-2024-r8-bahrain-77,wec-2024-r8-bahrain,benjamin-barker,3,gold,true
wec-2024-r8-bahrain-87,wec-2024-r8-bahrain,takeshi-kimura,1,bronze,true
wec-2024-r8-bahrain-87,wec-2024-r8-bahrain,esteban-masson,2,silver,true
wec-2024-r8-bahrain-87,wec-2024-r8-bahrain,jose-maria-lopez,3,platinum,true
wec-2024-r8-bahrain-7,wec-2024-r8-bahrain,mike-conway,1,platinum,true
wec-2024-r8-bahrain-7,wec-2024-r8-bahrain,kamui-kobayashi,2,platinum,true
wec-2024-r8-bahrain-7,wec-2024-r8-bahrain,nyck-de-vries,3,platinum,true
wec-2024-r8-bahrain-88,wec-2024-r8-bahrain,giorgio-roda,1,bronze,true
wec-2024-r8-bahrain-88,wec-2024-r8-bahrain,giammarco-levorato,2,silver,true
wec-2024-r8-bahrain-88,wec-2024-r8-bahrain,dennis-olsen,3,platinum,true
wec-2024-r8-bahrain-20,wec-2024-r8-bahrain,sheldon-van-der-linde,1,platinum,true
wec-2024-r8-bahrain-20,wec-2024-r8-bahrain,robin-frijns,2,platinum,true
wec-2024-r8-bahrain-20,wec-2024-r8-bahrain,rene-rast,3,platinum,true
wec-2024-r8-bahrain-78,wec-2024-r8-bahrain,arnold-robin,1,bronze,true
wec-2024-r8-bahrain-78,wec-2024-r8-bahrain,conrad-laursen,2,silver,true
wec-2024-r8-bahrain-78,wec-2024-r8-bahrain,kelvin-van-der-linde,3,platinum,true
wec-2025-r1-qatar-50,wec-2025-r1-qatar,antonio-fuoco,1,platinum,true
wec-2025-r1-qatar-50,wec-2025-r1-qatar,miguel-molina,2,platinum,true
wec-2025-r1-qatar-50,wec-2025-r1-qatar,nicklas-nielsen,3,platinum,true
wec-2025-r1-qatar-83,wec-2025-r1-qatar,robert-kubica,1,platinum,true
wec-2025-r1-qatar-83,wec-2025-r1-qatar,yifei-ye,2,gold,true
wec-2025-r1-qatar-83,wec-2025-r1-qatar,philip-hanson,3,gold,true
wec-2025-r1-qatar-51,wec-2025-r1-qatar,alessandro-pier-guidi,1,platinum,true
wec-2025-r1-qatar-51,wec-2025-r1-qatar,james-calado,2,platinum,true
wec-2025-r1-qatar-51,wec-2025-r1-qatar,antonio-giovinazzi,3,platinum,true
wec-2025-r1-qatar-15,wec-2025-r1-qatar,dries-vanthoor,1,platinum,true
wec-2025-r1-qatar-15,wec-2025-r1-qatar,raffaele-marciello,2,platinum,true
wec-2025-r1-qatar-15,wec-2025-r1-qatar,kevin-magnussen,3,platinum,true
wec-2025-r1-qatar-8,wec-2025-r1-qatar,sebastien-buemi,1,platinum,true
wec-2025-r1-qatar-8,wec-2025-r1-qatar,brendon-hartley,2,platinum,true
wec-2025-r1-qatar-8,wec-2025-r1-qatar,ryo-hirakawa,3,platinum,true
wec-2025-r1-qatar-7,wec-2025-r1-qatar,mike-conway,1,platinum,true
wec-2025-r1-qatar-7,wec-2025-r1-qatar,kamui-kobayashi,2,platinum,true
wec-2025-r1-qatar-7,wec-2025-r1-qatar,nyck-de-vries,3,platinum,true
wec-2025-r1-qatar-20,wec-2025-r1-qatar,rene-rast,1,platinum,true
wec-2025-r1-qatar-20,wec-2025-r1-qatar,robin-frijns,2,platinum,true
wec-2025-r1-qatar-20,wec-2025-r1-qatar,sheldon-van-der-linde,3,platinum,true
wec-2025-r1-qatar-12,wec-2025-r1-qatar,alex-lynn,1,platinum,true
wec-2025-r1-qatar-12,wec-2025-r1-qatar,norman-nato,2,gold,true
wec-2025-r1-qatar-12,wec-2025-r1-qatar,will-stevens,3,platinum,true
wec-2025-r1-qatar-93,wec-2025-r1-qatar,paul-di-resta,1,platinum,true
wec-2025-r1-qatar-93,wec-2025-r1-qatar,mikkel-jensen,2,platinum,true
wec-2025-r1-qatar-93,wec-2025-r1-qatar,jean-eric-vergne,3,platinum,true
wec-2025-r1-qatar-5,wec-2025-r1-qatar,julien-andlauer,1,gold,true
wec-2025-r1-qatar-5,wec-2025-r1-qatar,michael-christensen,2,platinum,true
wec-2025-r1-qatar-5,wec-2025-r1-qatar,mathieu-jaminet,3,platinum,true
wec-2025-r1-qatar-6,wec-2025-r1-qatar,kevin-estre,1,platinum,true
wec-2025-r1-qatar-6,wec-2025-r1-qatar,laurens-vanthoor,2,platinum,true
wec-2025-r1-qatar-6,wec-2025-r1-qatar,matt-campbell,3,platinum,true
wec-2025-r1-qatar-94,wec-2025-r1-qatar,loic-duval,1,platinum,true
wec-2025-r1-qatar-94,wec-2025-r1-qatar,malthe-jakobsen,2,gold,true
wec-2025-r1-qatar-94,wec-2025-r1-qatar,stoffel-vandoorne,3,platinum,true
wec-2025-r1-qatar-36,wec-2025-r1-qatar,jules-gounon,1,platinum,true
wec-2025-r1-qatar-36,wec-2025-r1-qatar,frederic-makowiecki,2,platinum,true
wec-2025-r1-qatar-36,wec-2025-r1-qatar,mick-schumacher,3,platinum,true
wec-2025-r1-qatar-35,wec-2025-r1-qatar,paul-loup-chatin,1,gold,true
wec-2025-r1-qatar-35,wec-2025-r1-qatar,ferdinand-habsburg,2,gold,true
wec-2025-r1-qatar-35,wec-2025-r1-qatar,charles-milesi,3,gold,true
wec-2025-r1-qatar-99,wec-2025-r1-qatar,neel-jani,1,platinum,true
wec-2025-r1-qatar-99,wec-2025-r1-qatar,nicolas-pino,2,silver,true
wec-2025-r1-qatar-99,wec-2025-r1-qatar,nicolas-varrone,3,gold,true
wec-2025-r1-qatar-38,wec-2025-r1-qatar,earl-bamber,1,platinum,true
wec-2025-r1-qatar-38,wec-2025-r1-qatar,sebastien-bourdais,2,platinum,true
wec-2025-r1-qatar-38,wec-2025-r1-qatar,jenson-button,3,platinum,true
wec-2025-r1-qatar-009,wec-2025-r1-qatar,alex-riberas,1,gold,true
wec-2025-r1-qatar-009,wec-2025-r1-qatar,marco-sorensen,2,platinum,true
wec-2025-r1-qatar-009,wec-2025-r1-qatar,roman-de-angelis,3,gold,true
wec-2025-r1-qatar-33,wec-2025-r1-qatar,ben-keating,1,bronze,true
wec-2025-r1-qatar-33,wec-2025-r1-qatar,jonny-edgar,2,silver,true
wec-2025-r1-qatar-33,wec-2025-r1-qatar,daniel-juncadella,3,platinum,true
wec-2025-r1-qatar-59,wec-2025-r1-qatar,james-cottingham,1,bronze,true
wec-2025-r1-qatar-59,wec-2025-r1-qatar,sebastien-baud,2,silver,true
wec-2025-r1-qatar-59,wec-2025-r1-qatar,gregoire-saucy,3,gold,true
wec-2025-r1-qatar-31,wec-2025-r1-qatar,yasser-shahin,1,bronze,true
wec-2025-r1-qatar-31,wec-2025-r1-qatar,timur-boguslavskiy,2,silver,true
wec-2025-r1-qatar-31,wec-2025-r1-qatar,augusto-farfus,3,platinum,true
wec-2025-r1-qatar-78,wec-2025-r1-qatar,arnold-robin,1,bronze,true
wec-2025-r1-qatar-78,wec-2025-r1-qatar,finn-gehrsitz,2,silver,true
wec-2025-r1-qatar-78,wec-2025-r1-qatar,ben-barnicoat,3,platinum,true
wec-2025-r1-qatar-21,wec-2025-r1-qatar,francois-heriau,1,bronze,true
wec-2025-r1-qatar-21,wec-2025-r1-qatar,simon-mann,2,silver,true
wec-2025-r1-qatar-21,wec-2025-r1-qatar,alessio-rovera,3,platinum,true
wec-2025-r1-qatar-27,wec-2025-r1-qatar,ian-james,1,bronze,true
wec-2025-r1-qatar-27,wec-2025-r1-qatar,zacharie-robichon,2,silver,true
wec-2025-r1-qatar-27,wec-2025-r1-qatar,mattia-drudi,3,platinum,true
wec-2025-r1-qatar-95,wec-2025-r1-qatar,darren-leung,1,bronze,true
wec-2025-r1-qatar-95,wec-2025-r1-qatar,sean-gelael,2,silver,true
wec-2025-r1-qatar-95,wec-2025-r1-qatar,marino-sato,3,gold,true
wec-2025-r1-qatar-54,wec-2025-r1-qatar,thomas-flohr,1,bronze,true
wec-2025-r1-qatar-54,wec-2025-r1-qatar,francesco-castellacci,2,silver,true
wec-2025-r1-qatar-54,wec-2025-r1-qatar,davide-rigon,3,platinum,true
wec-2025-r1-qatar-10,wec-2025-r1-qatar,derek-deboer,1,bronze,true
wec-2025-r1-qatar-10,wec-2025-r1-qatar,eduardo-barrichello,2,silver,true
wec-2025-r1-qatar-10,wec-2025-r1-qatar,valentin-hasse-clot,3,gold,true
wec-2025-r1-qatar-88,wec-2025-r1-qatar,stefano-gattuso,1,bronze,true
wec-2025-r1-qatar-88,wec-2025-r1-qatar,giammarco-levorato,2,silver,true
wec-2025-r1-qatar-88,wec-2025-r1-qatar,dennis-olsen,3,platinum,true
wec-2025-r1-qatar-46,wec-2025-r1-qatar,ahmad-al-harthy,1,bronze,true
wec-2025-r1-qatar-46,wec-2025-r1-qatar,valentino-rossi,2,silver,true
wec-2025-r1-qatar-46,wec-2025-r1-qatar,kelvin-van-der-linde,3,platinum,true
wec-2025-r1-qatar-92,wec-2025-r1-qatar,ryan-hardwick,1,bronze,true
wec-2025-r1-qatar-92,wec-2025-r1-qatar,riccardo-pera,2,silver,true
wec-2025-r1-qatar-92,wec-2025-r1-qatar,richard-lietz,3,platinum,true
wec-2025-r1-qatar-85,wec-2025-r1-qatar,celia-martin,1,bronze,true
wec-2025-r1-qatar-85,wec-2025-r1-qatar,rahel-frey,2,silver,true
wec-2025-r1-qatar-85,wec-2025-r1-qatar,michelle-gatting,3,gold,true
wec-2025-r1-qatar-60,wec-2025-r1-qatar,claudio-schiavoni,1,bronze,true
wec-2025-r1-qatar-60,wec-2025-r1-qatar,matteo-cressoni,2,silver,true
wec-2025-r1-qatar-60,wec-2025-r1-qatar,matteo-cairoli,3,platinum,true
wec-2025-r1-qatar-007,wec-2025-r1-qatar,harry-tincknell,1,platinum,true
wec-2025-r1-qatar-007,wec-2025-r1-qatar,tom-gamble,2,gold,true
wec-2025-r1-qatar-007,wec-2025-r1-qatar,ross-gunn,3,platinum,true
wec-2025-r1-qatar-77,wec-2025-r1-qatar,bernardo-sousa,1,bronze,true
wec-2025-r1-qatar-77,wec-2025-r1-qatar,ben-tuck,2,silver,true
wec-2025-r1-qatar-77,wec-2025-r1-qatar,benjamin-barker,3,gold,true
wec-2025-r1-qatar-61,wec-2025-r1-qatar,christian-ried,1,bronze,true
wec-2025-r1-qatar-61,wec-2025-r1-qatar,lin-hodenius,2,silver,true
wec-2025-r1-qatar-61,wec-2025-r1-qatar,maxime-martin,3,platinum,true
wec-2025-r1-qatar-81,wec-2025-r1-qatar,tom-van-rompuy,1,bronze,true
wec-2025-r1-qatar-81,wec-2025-r1-qatar,rui-andrade,2,silver,true
wec-2025-r1-qatar-81,wec-2025-r1-qatar,charlie-eastwood,3,gold,true
wec-2025-r1-qatar-87,wec-2025-r1-qatar,petru-umbrarescu,1,bronze,true
wec-2025-r1-qatar-87,wec-2025-r1-qatar,clemens-schmid,2,silver,true
wec-2025-r1-qatar-87,wec-2025-r1-qatar,jose-maria-lopez,3,platinum,true
wec-2025-r2-imola-51,wec-2025-r2-imola,alessandro-pier-guidi,1,platinum,true
wec-2025-r2-imola-51,wec-2025-r2-imola,james-calado,2,platinum,true
wec-2025-r2-imola-51,wec-2025-r2-imola,antonio-giovinazzi,3,platinum,true
wec-2025-r2-imola-20,wec-2025-r2-imola,rene-rast,1,platinum,true
wec-2025-r2-imola-20,wec-2025-r2-imola,robin-frijns,2,platinum,true
wec-2025-r2-imola-20,wec-2025-r2-imola,sheldon-van-der-linde,3,platinum,true
wec-2025-r2-imola-36,wec-2025-r2-imola,jules-gounon,1,platinum,true
wec-2025-r2-imola-36,wec-2025-r2-imola,frederic-makowiecki,2,platinum,true
wec-2025-r2-imola-36,wec-2025-r2-imola,mick-schumacher,3,platinum,true
wec-2025-r2-imola-83,wec-2025-r2-imola,robert-kubica,1,platinum,true
wec-2025-r2-imola-83,wec-2025-r2-imola,yifei-ye,2,gold,true
wec-2025-r2-imola-83,wec-2025-r2-imola,philip-hanson,3,gold,true
wec-2025-r2-imola-8,wec-2025-r2-imola,sebastien-buemi,1,platinum,true
wec-2025-r2-imola-8,wec-2025-r2-imola,brendon-hartley,2,platinum,true
wec-2025-r2-imola-8,wec-2025-r2-imola,ryo-hirakawa,3,platinum,true
wec-2025-r2-imola-15,wec-2025-r2-imola,dries-vanthoor,1,platinum,true
wec-2025-r2-imola-15,wec-2025-r2-imola,raffaele-marciello,2,platinum,true
wec-2025-r2-imola-15,wec-2025-r2-imola,kevin-magnussen,3,platinum,true
wec-2025-r2-imola-7,wec-2025-r2-imola,mike-conway,1,platinum,true
wec-2025-r2-imola-7,wec-2025-r2-imola,kamui-kobayashi,2,platinum,true
wec-2025-r2-imola-7,wec-2025-r2-imola,nyck-de-vries,3,platinum,true
wec-2025-r2-imola-6,wec-2025-r2-imola,kevin-estre,1,platinum,true
wec-2025-r2-imola-6,wec-2025-r2-imola,laurens-vanthoor,2,platinum,true
wec-2025-r2-imola-6,wec-2025-r2-imola,matt-campbell,3,platinum,true
wec-2025-r2-imola-93,wec-2025-r2-imola,paul-di-resta,1,platinum,true
wec-2025-r2-imola-93,wec-2025-r2-imola,mikkel-jensen,2,platinum,true
wec-2025-r2-imola-93,wec-2025-r2-imola,jean-eric-vergne,3,platinum,true
wec-2025-r2-imola-12,wec-2025-r2-imola,alex-lynn,1,platinum,true
wec-2025-r2-imola-12,wec-2025-r2-imola,norman-nato,2,gold,true
wec-2025-r2-imola-12,wec-2025-r2-imola,will-stevens,3,platinum,true
wec-2025-r2-imola-5,wec-2025-r2-imola,julien-andlauer,1,gold,true
wec-2025-r2-imola-5,wec-2025-r2-imola,michael-christensen,2,platinum,true
wec-2025-r2-imola-5,wec-2025-r2-imola,mathieu-jaminet,3,platinum,true
wec-2025-r2-imola-94,wec-2025-r2-imola,loic-duval,1,platinum,true
wec-2025-r2-imola-94,wec-2025-r2-imola,malthe-jakobsen,2,gold,true
wec-2025-r2-imola-94,wec-2025-r2-imola,stoffel-vandoorne,3,platinum,true
wec-2025-r2-imola-35,wec-2025-r2-imola,paul-loup-chatin,1,gold,true
wec-2025-r2-imola-35,wec-2025-r2-imola,ferdinand-habsburg,2,gold,true
wec-2025-r2-imola-35,wec-2025-r2-imola,charles-milesi,3,gold,true
wec-2025-r2-imola-99,wec-2025-r2-imola,neel-jani,1,platinum,true
wec-2025-r2-imola-99,wec-2025-r2-imola,nicolas-pino,2,silver,true
wec-2025-r2-imola-99,wec-2025-r2-imola,nicolas-varrone,3,gold,true
wec-2025-r2-imola-50,wec-2025-r2-imola,antonio-fuoco,1,platinum,true
wec-2025-r2-imola-50,wec-2025-r2-imola,miguel-molina,2,platinum,true
wec-2025-r2-imola-50,wec-2025-r2-imola,nicklas-nielsen,3,platinum,true
wec-2025-r2-imola-38,wec-2025-r2-imola,earl-bamber,1,platinum,true
wec-2025-r2-imola-38,wec-2025-r2-imola,sebastien-bourdais,2,platinum,true
wec-2025-r2-imola-38,wec-2025-r2-imola,jenson-button,3,platinum,true
wec-2025-r2-imola-009,wec-2025-r2-imola,alex-riberas,1,gold,true
wec-2025-r2-imola-009,wec-2025-r2-imola,marco-sorensen,2,platinum,true
wec-2025-r2-imola-007,wec-2025-r2-imola,harry-tincknell,1,platinum,true
wec-2025-r2-imola-007,wec-2025-r2-imola,tom-gamble,2,gold,true
wec-2025-r2-imola-92,wec-2025-r2-imola,ryan-hardwick,1,bronze,true
wec-2025-r2-imola-92,wec-2025-r2-imola,riccardo-pera,2,silver,true
wec-2025-r2-imola-92,wec-2025-r2-imola,richard-lietz,3,platinum,true
wec-2025-r2-imola-46,wec-2025-r2-imola,ahmad-al-harthy,1,bronze,true
wec-2025-r2-imola-46,wec-2025-r2-imola,valentino-rossi,2,silver,true
wec-2025-r2-imola-46,wec-2025-r2-imola,kelvin-van-der-linde,3,platinum,true
wec-2025-r2-imola-78,wec-2025-r2-imola,arnold-robin,1,bronze,true
wec-2025-r2-imola-78,wec-2025-r2-imola,finn-gehrsitz,2,silver,true
wec-2025-r2-imola-78,wec-2025-r2-imola,esteban-masson,3,gold,true
wec-2025-r2-imola-87,wec-2025-r2-imola,petru-umbrarescu,1,bronze,true
wec-2025-r2-imola-87,wec-2025-r2-imola,clemens-schmid,2,silver,true
wec-2025-r2-imola-87,wec-2025-r2-imola,jose-maria-lopez,3,platinum,true
wec-2025-r2-imola-54,wec-2025-r2-imola,thomas-flohr,1,bronze,true
wec-2025-r2-imola-54,wec-2025-r2-imola,francesco-castellacci,2,silver,true
wec-2025-r2-imola-54,wec-2025-r2-imola,davide-rigon,3,platinum,true
wec-2025-r2-imola-81,wec-2025-r2-imola,tom-van-rompuy,1,bronze,true
wec-2025-r2-imola-81,wec-2025-r2-imola,rui-andrade,2,silver,true
wec-2025-r2-imola-81,wec-2025-r2-imola,charlie-eastwood,3,gold,true
wec-2025-r2-imola-33,wec-2025-r2-imola,ben-keating,1,bronze,true
wec-2025-r2-imola-33,wec-2025-r2-imola,jonny-edgar,2,silver,true
wec-2025-r2-imola-33,wec-2025-r2-imola,daniel-juncadella,3,platinum,true
wec-2025-r2-imola-85,wec-2025-r2-imola,celia-martin,1,bronze,true
wec-2025-r2-imola-85,wec-2025-r2-imola,rahel-frey,2,silver,true
wec-2025-r2-imola-85,wec-2025-r2-imola,michelle-gatting,3,gold,true
wec-2025-r2-imola-95,wec-2025-r2-imola,darren-leung,1,bronze,true
wec-2025-r2-imola-95,wec-2025-r2-imola,sean-gelael,2,silver,true
wec-2025-r2-imola-95,wec-2025-r2-imola,marino-sato,3,gold,true
wec-2025-r2-imola-77,wec-2025-r2-imola,bernardo-sousa,1,bronze,true
wec-2025-r2-imola-77,wec-2025-r2-imola,ben-tuck,2,silver,true
wec-2025-r2-imola-77,wec-2025-r2-imola,benjamin-barker,3,gold,true
wec-2025-r2-imola-10,wec-2025-r2-imola,derek-deboer,1,bronze,true
wec-2025-r2-imola-10,wec-2025-r2-imola,eduardo-barrichello,2,silver,true
wec-2025-r2-imola-10,wec-2025-r2-imola,valentin-hasse-clot,3,gold,true
wec-2025-r2-imola-31,wec-2025-r2-imola,yasser-shahin,1,bronze,true
wec-2025-r2-imola-31,wec-2025-r2-imola,timur-boguslavskiy,2,silver,true
wec-2025-r2-imola-31,wec-2025-r2-imola,augusto-farfus,3,platinum,true
wec-2025-r2-imola-61,wec-2025-r2-imola,christian-ried,1,bronze,true
wec-2025-r2-imola-61,wec-2025-r2-imola,lin-hodenius,2,silver,true
wec-2025-r2-imola-61,wec-2025-r2-imola,maxime-martin,3,platinum,true
wec-2025-r2-imola-59,wec-2025-r2-imola,james-cottingham,1,bronze,true
wec-2025-r2-imola-59,wec-2025-r2-imola,sebastien-baud,2,silver,true
wec-2025-r2-imola-59,wec-2025-r2-imola,gregoire-saucy,3,gold,true
wec-2025-r2-imola-60,wec-2025-r2-imola,claudio-schiavoni,1,bronze,true
wec-2025-r2-imola-60,wec-2025-r2-imola,matteo-cressoni,2,silver,true
wec-2025-r2-imola-60,wec-2025-r2-imola,matteo-cairoli,3,platinum,true
wec-2025-r2-imola-88,wec-2025-r2-imola,stefano-gattuso,1,bronze,true
wec-2025-r2-imola-88,wec-2025-r2-imola,giammarco-levorato,2,silver,true
wec-2025-r2-imola-88,wec-2025-r2-imola,dennis-olsen,3,platinum,true
wec-2025-r2-imola-21,wec-2025-r2-imola,francois-heriau,1,bronze,true
wec-2025-r2-imola-21,wec-2025-r2-imola,simon-mann,2,silver,true
wec-2025-r2-imola-21,wec-2025-r2-imola,alessio-rovera,3,platinum,true
wec-2025-r2-imola-27,wec-2025-r2-imola,ian-james,1,bronze,true
wec-2025-r2-imola-27,wec-2025-r2-imola,zacharie-robichon,2,silver,true
wec-2025-r2-imola-27,wec-2025-r2-imola,mattia-drudi,3,platinum,true
wec-2025-r3-spa-51,wec-2025-r3-spa,alessandro-pier-guidi,1,platinum,true
wec-2025-r3-spa-51,wec-2025-r3-spa,james-calado,2,platinum,true
wec-2025-r3-spa-51,wec-2025-r3-spa,antonio-giovinazzi,3,platinum,true
wec-2025-r3-spa-50,wec-2025-r3-spa,antonio-fuoco,1,platinum,true
wec-2025-r3-spa-50,wec-2025-r3-spa,miguel-molina,2,platinum,true
wec-2025-r3-spa-50,wec-2025-r3-spa,nicklas-nielsen,3,platinum,true
wec-2025-r3-spa-36,wec-2025-r3-spa,jules-gounon,1,platinum,true
wec-2025-r3-spa-36,wec-2025-r3-spa,frederic-makowiecki,2,platinum,true
wec-2025-r3-spa-36,wec-2025-r3-spa,mick-schumacher,3,platinum,true
wec-2025-r3-spa-8,wec-2025-r3-spa,sebastien-buemi,1,platinum,true
wec-2025-r3-spa-8,wec-2025-r3-spa,brendon-hartley,2,platinum,true
wec-2025-r3-spa-8,wec-2025-r3-spa,ryo-hirakawa,3,platinum,true
wec-2025-r3-spa-12,wec-2025-r3-spa,alex-lynn,1,platinum,true
wec-2025-r3-spa-12,wec-2025-r3-spa,norman-nato,2,gold,true
wec-2025-r3-spa-12,wec-2025-r3-spa,will-stevens,3,platinum,true
wec-2025-r3-spa-38,wec-2025-r3-spa,earl-bamber,1,platinum,true
wec-2025-r3-spa-38,wec-2025-r3-spa,sebastien-bourdais,2,platinum,true
wec-2025-r3-spa-38,wec-2025-r3-spa,jenson-button,3,platinum,true
wec-2025-r3-spa-7,wec-2025-r3-spa,mike-conway,1,platinum,true
wec-2025-r3-spa-7,wec-2025-r3-spa,kamui-kobayashi,2,platinum,true
wec-2025-r3-spa-7,wec-2025-r3-spa,nyck-de-vries,3,platinum,true
wec-2025-r3-spa-35,wec-2025-r3-spa,paul-loup-chatin,1,gold,true
wec-2025-r3-spa-35,wec-2025-r3-spa,ferdinand-habsburg,2,gold,true
wec-2025-r3-spa-35,wec-2025-r3-spa,charles-milesi,3,gold,true
wec-2025-r3-spa-6,wec-2025-r3-spa,kevin-estre,1,platinum,true
wec-2025-r3-spa-6,wec-2025-r3-spa,laurens-vanthoor,2,platinum,true
wec-2025-r3-spa-6,wec-2025-r3-spa,pascal-wehrlein,3,platinum,true
wec-2025-r3-spa-15,wec-2025-r3-spa,kevin-magnussen,1,platinum,true
wec-2025-r3-spa-15,wec-2025-r3-spa,raffaele-marciello,2,platinum,true
wec-2025-r3-spa-93,wec-2025-r3-spa,paul-di-resta,1,platinum,true
wec-2025-r3-spa-93,wec-2025-r3-spa,mikkel-jensen,2,platinum,true
wec-2025-r3-spa-93,wec-2025-r3-spa,jean-eric-vergne,3,platinum,true
wec-2025-r3-spa-5,wec-2025-r3-spa,julien-andlauer,1,gold,true
wec-2025-r3-spa-5,wec-2025-r3-spa,michael-christensen,2,platinum,true
wec-2025-r3-spa-5,wec-2025-r3-spa,nico-muller,3,platinum,true
wec-2025-r3-spa-007,wec-2025-r3-spa,harry-tincknell,1,platinum,true
wec-2025-r3-spa-007,wec-2025-r3-spa,tom-gamble,2,gold,true
wec-2025-r3-spa-009,wec-2025-r3-spa,alex-riberas,1,gold,true
wec-2025-r3-spa-009,wec-2025-r3-spa,marco-sorensen,2,platinum,true
wec-2025-r3-spa-21,wec-2025-r3-spa,francois-heriau,1,bronze,true
wec-2025-r3-spa-21,wec-2025-r3-spa,simon-mann,2,silver,true
wec-2025-r3-spa-21,wec-2025-r3-spa,alessio-rovera,3,platinum,true
wec-2025-r3-spa-88,wec-2025-r3-spa,stefano-gattuso,1,bronze,true
wec-2025-r3-spa-88,wec-2025-r3-spa,giammarco-levorato,2,silver,true
wec-2025-r3-spa-88,wec-2025-r3-spa,dennis-olsen,3,platinum,true
wec-2025-r3-spa-54,wec-2025-r3-spa,thomas-flohr,1,bronze,true
wec-2025-r3-spa-54,wec-2025-r3-spa,francesco-castellacci,2,silver,true
wec-2025-r3-spa-54,wec-2025-r3-spa,davide-rigon,3,platinum,true
wec-2025-r3-spa-77,wec-2025-r3-spa,bernardo-sousa,1,bronze,true
wec-2025-r3-spa-77,wec-2025-r3-spa,ben-tuck,2,silver,true
wec-2025-r3-spa-77,wec-2025-r3-spa,benjamin-barker,3,gold,true
wec-2025-r3-spa-27,wec-2025-r3-spa,ian-james,1,bronze,true
wec-2025-r3-spa-27,wec-2025-r3-spa,zacharie-robichon,2,silver,true
wec-2025-r3-spa-27,wec-2025-r3-spa,mattia-drudi,3,platinum,true
wec-2025-r3-spa-10,wec-2025-r3-spa,derek-deboer,1,bronze,true
wec-2025-r3-spa-10,wec-2025-r3-spa,eduardo-barrichello,2,silver,true
wec-2025-r3-spa-10,wec-2025-r3-spa,valentin-hasse-clot,3,gold,true
wec-2025-r3-spa-92,wec-2025-r3-spa,ryan-hardwick,1,bronze,true
wec-2025-r3-spa-92,wec-2025-r3-spa,riccardo-pera,2,silver,true
wec-2025-r3-spa-92,wec-2025-r3-spa,richard-lietz,3,platinum,true
wec-2025-r3-spa-78,wec-2025-r3-spa,arnold-robin,1,bronze,true
wec-2025-r3-spa-78,wec-2025-r3-spa,finn-gehrsitz,2,silver,true
wec-2025-r3-spa-78,wec-2025-r3-spa,yuichi-nakayama,3,gold,true
wec-2025-r3-spa-46,wec-2025-r3-spa,ahmad-al-harthy,1,bronze,true
wec-2025-r3-spa-46,wec-2025-r3-spa,valentino-rossi,2,silver,true
wec-2025-r3-spa-46,wec-2025-r3-spa,kelvin-van-der-linde,3,platinum,true
wec-2025-r3-spa-85,wec-2025-r3-spa,celia-martin,1,bronze,true
wec-2025-r3-spa-85,wec-2025-r3-spa,rahel-frey,2,silver,true
wec-2025-r3-spa-85,wec-2025-r3-spa,michelle-gatting,3,gold,true
wec-2025-r3-spa-61,wec-2025-r3-spa,martin-berry,1,bronze,true
wec-2025-r3-spa-61,wec-2025-r3-spa,lin-hodenius,2,silver,true
wec-2025-r3-spa-61,wec-2025-r3-spa,maxime-martin,3,platinum,true
wec-2025-r3-spa-60,wec-2025-r3-spa,stephen-grove,1,bronze,true
wec-2025-r3-spa-60,wec-2025-r3-spa,brenton-grove,2,silver,true
wec-2025-r3-spa-60,wec-2025-r3-spa,matteo-cairoli,3,platinum,true
wec-2025-r3-spa-33,wec-2025-r3-spa,ben-keating,1,bronze,true
wec-2025-r3-spa-33,wec-2025-r3-spa,jonny-edgar,2,silver,true
wec-2025-r3-spa-33,wec-2025-r3-spa,daniel-juncadella,3,platinum,true
wec-2025-r3-spa-81,wec-2025-r3-spa,tom-van-rompuy,1,bronze,true
wec-2025-r3-spa-81,wec-2025-r3-spa,rui-andrade,2,silver,true
wec-2025-r3-spa-81,wec-2025-r3-spa,charlie-eastwood,3,gold,true
wec-2025-r3-spa-59,wec-2025-r3-spa,james-cottingham,1,bronze,true
wec-2025-r3-spa-59,wec-2025-r3-spa,sebastien-baud,2,silver,true
wec-2025-r3-spa-59,wec-2025-r3-spa,gregoire-saucy,3,gold,true
wec-2025-r3-spa-83,wec-2025-r3-spa,robert-kubica,1,platinum,true
wec-2025-r3-spa-83,wec-2025-r3-spa,yifei-ye,2,gold,true
wec-2025-r3-spa-83,wec-2025-r3-spa,philip-hanson,3,gold,true
wec-2025-r3-spa-20,wec-2025-r3-spa,robin-frijns,1,platinum,true
wec-2025-r3-spa-20,wec-2025-r3-spa,rene-rast,2,platinum,true
wec-2025-r3-spa-94,wec-2025-r3-spa,loic-duval,1,platinum,true
wec-2025-r3-spa-94,wec-2025-r3-spa,malthe-jakobsen,2,gold,true
wec-2025-r3-spa-94,wec-2025-r3-spa,stoffel-vandoorne,3,platinum,true
wec-2025-r3-spa-95,wec-2025-r3-spa,darren-leung,1,bronze,true
wec-2025-r3-spa-95,wec-2025-r3-spa,sean-gelael,2,silver,true
wec-2025-r3-spa-95,wec-2025-r3-spa,marino-sato,3,gold,true
wec-2025-r3-spa-87,wec-2025-r3-spa,petru-umbrarescu,1,bronze,true
wec-2025-r3-spa-87,wec-2025-r3-spa,clemens-schmid,2,silver,true
wec-2025-r3-spa-87,wec-2025-r3-spa,jose-maria-lopez,3,platinum,true
wec-2025-r3-spa-31,wec-2025-r3-spa,yasser-shahin,1,bronze,true
wec-2025-r3-spa-31,wec-2025-r3-spa,timur-boguslavskiy,2,silver,true
wec-2025-r3-spa-31,wec-2025-r3-spa,augusto-farfus,3,platinum,true
wec-2025-r3-spa-99,wec-2025-r3-spa,neel-jani,1,platinum,true
wec-2025-r3-spa-99,wec-2025-r3-spa,nicolas-pino,2,silver,true
wec-2025-r3-spa-99,wec-2025-r3-spa,nicolas-varrone,3,gold,true
wec-2025-r4-le-mans-83,wec-2025-r4-le-mans,robert-kubica,1,platinum,true
wec-2025-r4-le-mans-83,wec-2025-r4-le-mans,yifei-ye,2,gold,true
wec-2025-r4-le-mans-83,wec-2025-r4-le-mans,philip-hanson,3,gold,true
wec-2025-r4-le-mans-6,wec-2025-r4-le-mans,kevin-estre,1,platinum,true
wec-2025-r4-le-mans-6,wec-2025-r4-le-mans,laurens-vanthoor,2,platinum,true
wec-2025-r4-le-mans-6,wec-2025-r4-le-mans,matt-campbell,3,platinum,true
wec-2025-r4-le-mans-51,wec-2025-r4-le-mans,alessandro-pier-guidi,1,platinum,true
wec-2025-r4-le-mans-51,wec-2025-r4-le-mans,james-calado,2,platinum,true
wec-2025-r4-le-mans-51,wec-2025-r4-le-mans,antonio-giovinazzi,3,platinum,true
wec-2025-r4-le-mans-12,wec-2025-r4-le-mans,will-stevens,1,platinum,true
wec-2025-r4-le-mans-12,wec-2025-r4-le-mans,norman-nato,2,gold,true
wec-2025-r4-le-mans-12,wec-2025-r4-le-mans,alex-lynn,3,platinum,true
wec-2025-r4-le-mans-7,wec-2025-r4-le-mans,mike-conway,1,platinum,true
wec-2025-r4-le-mans-7,wec-2025-r4-le-mans,kamui-kobayashi,2,platinum,true
wec-2025-r4-le-mans-7,wec-2025-r4-le-mans,nyck-de-vries,3,platinum,true
wec-2025-r4-le-mans-5,wec-2025-r4-le-mans,julien-andlauer,1,gold,true
wec-2025-r4-le-mans-5,wec-2025-r4-le-mans,michael-christensen,2,platinum,true
wec-2025-r4-le-mans-5,wec-2025-r4-le-mans,mathieu-jaminet,3,platinum,true
wec-2025-r4-le-mans-38,wec-2025-r4-le-mans,earl-bamber,1,platinum,true
wec-2025-r4-le-mans-38,wec-2025-r4-le-mans,sebastien-bourdais,2,platinum,true
wec-2025-r4-le-mans-38,wec-2025-r4-le-mans,jenson-button,3,platinum,true
wec-2025-r4-le-mans-4,wec-2025-r4-le-mans,felipe-nasr,1,platinum,true
wec-2025-r4-le-mans-4,wec-2025-r4-le-mans,nick-tandy,2,platinum,true
wec-2025-r4-le-mans-4,wec-2025-r4-le-mans,pascal-wehrlein,3,platinum,true
wec-2025-r4-le-mans-35,wec-2025-r4-le-mans,paul-loup-chatin,1,gold,true
wec-2025-r4-le-mans-35,wec-2025-r4-le-mans,ferdinand-habsburg,2,gold,true
wec-2025-r4-le-mans-35,wec-2025-r4-le-mans,charles-milesi,3,gold,true
wec-2025-r4-le-mans-36,wec-2025-r4-le-mans,mick-schumacher,1,platinum,true
wec-2025-r4-le-mans-36,wec-2025-r4-le-mans,frederic-makowiecki,2,platinum,true
wec-2025-r4-le-mans-36,wec-2025-r4-le-mans,jules-gounon,3,platinum,true
wec-2025-r4-le-mans-94,wec-2025-r4-le-mans,loic-duval,1,platinum,true
wec-2025-r4-le-mans-94,wec-2025-r4-le-mans,malthe-jakobsen,2,gold,true
wec-2025-r4-le-mans-94,wec-2025-r4-le-mans,stoffel-vandoorne,3,platinum,true
wec-2025-r4-le-mans-009,wec-2025-r4-le-mans,alex-riberas,1,gold,true
wec-2025-r4-le-mans-009,wec-2025-r4-le-mans,marco-sorensen,2,platinum,true
wec-2025-r4-le-mans-009,wec-2025-r4-le-mans,roman-de-angelis,3,gold,true
wec-2025-r4-le-mans-99,wec-2025-r4-le-mans,neel-jani,1,platinum,true
wec-2025-r4-le-mans-99,wec-2025-r4-le-mans,nicolas-pino,2,silver,true
wec-2025-r4-le-mans-99,wec-2025-r4-le-mans,nicolas-varrone,3,gold,true
wec-2025-r4-le-mans-007,wec-2025-r4-le-mans,harry-tincknell,1,platinum,true
wec-2025-r4-le-mans-007,wec-2025-r4-le-mans,tom-gamble,2,gold,true
wec-2025-r4-le-mans-007,wec-2025-r4-le-mans,ross-gunn,3,platinum,true
wec-2025-r4-le-mans-8,wec-2025-r4-le-mans,sebastien-buemi,1,platinum,true
wec-2025-r4-le-mans-8,wec-2025-r4-le-mans,brendon-hartley,2,platinum,true
wec-2025-r4-le-mans-8,wec-2025-r4-le-mans,ryo-hirakawa,3,platinum,true
wec-2025-r4-le-mans-93,wec-2025-r4-le-mans,paul-di-resta,1,platinum,true
wec-2025-r4-le-mans-93,wec-2025-r4-le-mans,mikkel-jensen,2,platinum,true
wec-2025-r4-le-mans-93,wec-2025-r4-le-mans,jean-eric-vergne,3,platinum,true
wec-2025-r4-le-mans-20,wec-2025-r4-le-mans,rene-rast,1,platinum,true
wec-2025-r4-le-mans-20,wec-2025-r4-le-mans,robin-frijns,2,platinum,true
wec-2025-r4-le-mans-20,wec-2025-r4-le-mans,sheldon-van-der-linde,3,platinum,true
wec-2025-r4-le-mans-43,wec-2025-r4-le-mans,jakub-smiechowski,1,silver,false
wec-2025-r4-le-mans-43,wec-2025-r4-le-mans,tom-dillmann,2,gold,false
wec-2025-r4-le-mans-43,wec-2025-r4-le-mans,nick-yelloly,3,platinum,false
wec-2025-r4-le-mans-48,wec-2025-r4-le-mans,oliver-gray,1,silver,false
wec-2025-r4-le-mans-48,wec-2025-r4-le-mans,esteban-masson,2,gold,false
wec-2025-r4-le-mans-48,wec-2025-r4-le-mans,franck-perera,3,platinum,false
wec-2025-r4-le-mans-199,wec-2025-r4-le-mans,pj-hyett,1,bronze,false
wec-2025-r4-le-mans-199,wec-2025-r4-le-mans,dane-cameron,2,platinum,false
wec-2025-r4-le-mans-199,wec-2025-r4-le-mans,louis-deletraz,3,gold,false
wec-2025-r4-le-mans-9,wec-2025-r4-le-mans,jonas-ried,1,silver,false
wec-2025-r4-le-mans-9,wec-2025-r4-le-mans,maceo-capietto,2,silver,false
wec-2025-r4-le-mans-9,wec-2025-r4-le-mans,reshad-de-gerus,3,gold,false
wec-2025-r4-le-mans-29,wec-2025-r4-le-mans,rodrigo-sales,1,bronze,false
wec-2025-r4-le-mans-29,wec-2025-r4-le-mans,mathias-beche,2,gold,false
wec-2025-r4-le-mans-29,wec-2025-r4-le-mans,clement-novalak,3,gold,false
wec-2025-r4-le-mans-11,wec-2025-r4-le-mans,giorgio-roda,1,bronze,false
wec-2025-r4-le-mans-11,wec-2025-r4-le-mans,rene-binder,2,gold,false
wec-2025-r4-le-mans-11,wec-2025-r4-le-mans,bent-viscaal,3,gold,false
wec-2025-r4-le-mans-22,wec-2025-r4-le-mans,renger-van-der-zande,1,platinum,false
wec-2025-r4-le-mans-22,wec-2025-r4-le-mans,pietro-fittipaldi,2,gold,false
wec-2025-r4-le-mans-22,wec-2025-r4-le-mans,david-heinemeier-hansson,3,silver,false
wec-2025-r4-le-mans-25,wec-2025-r4-le-mans,matthias-kaiser,1,silver,false
wec-2025-r4-le-mans-25,wec-2025-r4-le-mans,lorenzo-fluxa,2,gold,false
wec-2025-r4-le-mans-25,wec-2025-r4-le-mans,theo-pourchaire,3,platinum,false
wec-2025-r4-le-mans-183,wec-2025-r4-le-mans,francois-perrodo,1,bronze,false
wec-2025-r4-le-mans-183,wec-2025-r4-le-mans,matthieu-vaxiviere,2,gold,false
wec-2025-r4-le-mans-183,wec-2025-r4-le-mans,antonio-felix-da-costa,3,platinum,false
wec-2025-r4-le-mans-34,wec-2025-r4-le-mans,nicholas-boulle,1,bronze,false
wec-2025-r4-le-mans-34,wec-2025-r4-le-mans,jean-baptiste-simmenauer,2,gold,false
wec-2025-r4-le-mans-34,wec-2025-r4-le-mans,luca-ghiotto,3,platinum,false
wec-2025-r4-le-mans-23,wec-2025-r4-le-mans,daniel-schneider,1,bronze,false
wec-2025-r4-le-mans-23,wec-2025-r4-le-mans,oliver-jarvis,2,platinum,false
wec-2025-r4-le-mans-23,wec-2025-r4-le-mans,benjamin-hanley,3,gold,false
wec-2025-r4-le-mans-16,wec-2025-r4-le-mans,michael-jensen,1,bronze,false
wec-2025-r4-le-mans-16,wec-2025-r4-le-mans,ryan-cullen,2,silver,false
wec-2025-r4-le-mans-16,wec-2025-r4-le-mans,patrick-pilet,3,platinum,false
wec-2025-r4-le-mans-45,wec-2025-r4-le-mans,george-kurtz,1,bronze,false
wec-2025-r4-le-mans-45,wec-2025-r4-le-mans,nicky-catsburg,2,platinum,false
wec-2025-r4-le-mans-45,wec-2025-r4-le-mans,alexander-quinn,3,gold,false
wec-2025-r4-le-mans-15,wec-2025-r4-le-mans,dries-vanthoor,1,platinum,true
wec-2025-r4-le-mans-15,wec-2025-r4-le-mans,raffaele-marciello,2,platinum,true
wec-2025-r4-le-mans-15,wec-2025-r4-le-mans,kevin-magnussen,3,platinum,true
wec-2025-r4-le-mans-37,wec-2025-r4-le-mans,aliaksandr-malykhin,1,silver,false
wec-2025-r4-le-mans-37,wec-2025-r4-le-mans,tom-blomqvist,2,platinum,false
wec-2025-r4-le-mans-37,wec-2025-r4-le-mans,tristan-vautier,3,gold,false
wec-2025-r4-le-mans-92,wec-2025-r4-le-mans,ryan-hardwick,1,bronze,true
wec-2025-r4-le-mans-92,wec-2025-r4-le-mans,riccardo-pera,2,silver,true
wec-2025-r4-le-mans-92,wec-2025-r4-le-mans,richard-lietz,3,platinum,true
wec-2025-r4-le-mans-21,wec-2025-r4-le-mans,francois-heriau,1,bronze,true
wec-2025-r4-le-mans-21,wec-2025-r4-le-mans,simon-mann,2,silver,true
wec-2025-r4-le-mans-21,wec-2025-r4-le-mans,alessio-rovera,3,platinum,true
wec-2025-r4-le-mans-81,wec-2025-r4-le-mans,tom-van-rompuy,1,bronze,true
wec-2025-r4-le-mans-81,wec-2025-r4-le-mans,rui-andrade,2,silver,true
wec-2025-r4-le-mans-81,wec-2025-r4-le-mans,charlie-eastwood,3,gold,true
wec-2025-r4-le-mans-27,wec-2025-r4-le-mans,ian-james,1,bronze,true
wec-2025-r4-le-mans-27,wec-2025-r4-le-mans,mattia-drudi,2,platinum,true
wec-2025-r4-le-mans-27,wec-2025-r4-le-mans,zacharie-robichon,3,silver,true
wec-2025-r4-le-mans-87,wec-2025-r4-le-mans,petru-umbrarescu,1,bronze,true
wec-2025-r4-le-mans-87,wec-2025-r4-le-mans,jose-maria-lopez,2,platinum,true
wec-2025-r4-le-mans-87,wec-2025-r4-le-mans,clemens-schmid,3,silver,true
wec-2025-r4-le-mans-90,wec-2025-r4-le-mans,antares-au,1,bronze,true
wec-2025-r4-le-mans-90,wec-2025-r4-le-mans,loek-hartog,2,silver,true
wec-2025-r4-le-mans-90,wec-2025-r4-le-mans,klaus-bachler,3,platinum,true
wec-2025-r4-le-mans-33,wec-2025-r4-le-mans,ben-keating,1,bronze,true
wec-2025-r4-le-mans-33,wec-2025-r4-le-mans,jonny-edgar,2,silver,true
wec-2025-r4-le-mans-33,wec-2025-r4-le-mans,daniel-juncadella,3,platinum,true
wec-2025-r4-le-mans-57,wec-2025-r4-le-mans,takeshi-kimura,1,bronze,true
wec-2025-r4-le-mans-57,wec-2025-r4-le-mans,daniel-serra,2,platinum,true
wec-2025-r4-le-mans-57,wec-2025-r4-le-mans,casper-stevenson,3,silver,true
wec-2025-r4-le-mans-77,wec-2025-r4-le-mans,bernardo-sousa,1,bronze,true
wec-2025-r4-le-mans-77,wec-2025-r4-le-mans,ben-tuck,2,silver,true
wec-2025-r4-le-mans-77,wec-2025-r4-le-mans,benjamin-barker,3,gold,true
wec-2025-r4-le-mans-13,wec-2025-r4-le-mans,orey-fidani,1,bronze,true
wec-2025-r4-le-mans-13,wec-2025-r4-le-mans,lars-kern,2,silver,true
wec-2025-r4-le-mans-13,wec-2025-r4-le-mans,matthew-bell,3,gold,true
wec-2025-r4-le-mans-150,wec-2025-r4-le-mans,custodio-toledo,1,bronze,true
wec-2025-r4-le-mans-150,wec-2025-r4-le-mans,lilou-wadoux,2,silver,true
wec-2025-r4-le-mans-150,wec-2025-r4-le-mans,riccardo-agostini,3,gold,true
wec-2025-r4-le-mans-61,wec-2025-r4-le-mans,martin-berry,1,bronze,true
wec-2025-r4-le-mans-61,wec-2025-r4-le-mans,lin-hodenius,2,silver,true
wec-2025-r4-le-mans-61,wec-2025-r4-le-mans,maxime-martin,3,platinum,true
wec-2025-r4-le-mans-10,wec-2025-r4-le-mans,derek-deboer,1,bronze,true
wec-2025-r4-le-mans-10,wec-2025-r4-le-mans,valentin-hasse-clot,2,gold,true
wec-2025-r4-le-mans-10,wec-2025-r4-le-mans,eduardo-barrichello,3,silver,true
wec-2025-r4-le-mans-193,wec-2025-r4-le-mans,jonathan-hui,1,bronze,true
wec-2025-r4-le-mans-193,wec-2025-r4-le-mans,christopher-froggatt,2,silver,true
wec-2025-r4-le-mans-193,wec-2025-r4-le-mans,edward-cheever,3,gold,true
wec-2025-r4-le-mans-63,wec-2025-r4-le-mans,stephen-grove,1,bronze,true
wec-2025-r4-le-mans-63,wec-2025-r4-le-mans,brenton-grove,2,silver,true
wec-2025-r4-le-mans-63,wec-2025-r4-le-mans,luca-stolz,3,platinum,true
wec-2025-r4-le-mans-85,wec-2025-r4-le-mans,celia-martin,1,bronze,true
wec-2025-r4-le-mans-85,wec-2025-r4-le-mans,rahel-frey,2,silver,true
wec-2025-r4-le-mans-85,wec-2025-r4-le-mans,sarah-bovy,3,silver,true
wec-2025-r4-le-mans-59,wec-2025-r4-le-mans,james-cottingham,1,bronze,true
wec-2025-r4-le-mans-59,wec-2025-r4-le-mans,gregoire-saucy,2,gold,true
wec-2025-r4-le-mans-59,wec-2025-r4-le-mans,sebastien-baud,3,silver,true
wec-2025-r4-le-mans-28,wec-2025-r4-le-mans,paul-lafargue,1,silver,false
wec-2025-r4-le-mans-28,wec-2025-r4-le-mans,job-van-uitert,2,gold,false
wec-2025-r4-le-mans-28,wec-2025-r4-le-mans,sebastian-alvarez,3,silver,false
wec-2025-r4-le-mans-78,wec-2025-r4-le-mans,arnold-robin,1,bronze,true
wec-2025-r4-le-mans-78,wec-2025-r4-le-mans,jack-hawksworth,2,gold,true
wec-2025-r4-le-mans-78,wec-2025-r4-le-mans,finn-gehrsitz,3,silver,true
wec-2025-r4-le-mans-311,wec-2025-r4-le-mans,jack-aitken,1,platinum,true
wec-2025-r4-le-mans-311,wec-2025-r4-le-mans,felipe-drugovich,2,platinum,true
wec-2025-r4-le-mans-311,wec-2025-r4-le-mans,frederik-vesti,3,platinum,true
wec-2025-r4-le-mans-18,wec-2025-r4-le-mans,jamie-chadwick,1,silver,false
wec-2025-r4-le-mans-18,wec-2025-r4-le-mans,mathys-jaubert,2,silver,false
wec-2025-r4-le-mans-18,wec-2025-r4-le-mans,andre-lotterer,3,platinum,false
wec-2025-r4-le-mans-54,wec-2025-r4-le-mans,thomas-flohr,1,bronze,true
wec-2025-r4-le-mans-54,wec-2025-r4-le-mans,francesco-castellacci,2,silver,true
wec-2025-r4-le-mans-54,wec-2025-r4-le-mans,davide-rigon,3,platinum,true
wec-2025-r4-le-mans-101,wec-2025-r4-le-mans,ricky-taylor,1,platinum,true
wec-2025-r4-le-mans-101,wec-2025-r4-le-mans,jordan-taylor,2,platinum,true
wec-2025-r4-le-mans-101,wec-2025-r4-le-mans,filipe-albuquerque,3,platinum,true
wec-2025-r4-le-mans-24,wec-2025-r4-le-mans,naveen-rao,1,bronze,false
wec-2025-r4-le-mans-24,wec-2025-r4-le-mans,cem-bolukbasi,2,silver,false
wec-2025-r4-le-mans-24,wec-2025-r4-le-mans,colin-braun,3,gold,false
wec-2025-r4-le-mans-31,wec-2025-r4-le-mans,yasser-shahin,1,bronze,true
wec-2025-r4-le-mans-31,wec-2025-r4-le-mans,timur-boguslavskiy,2,silver,true
wec-2025-r4-le-mans-31,wec-2025-r4-le-mans,augusto-farfus,3,platinum,true
wec-2025-r4-le-mans-46,wec-2025-r4-le-mans,ahmad-al-harthy,1,bronze,true
wec-2025-r4-le-mans-46,wec-2025-r4-le-mans,valentino-rossi,2,silver,true
wec-2025-r4-le-mans-46,wec-2025-r4-le-mans,kelvin-van-der-linde,3,platinum,true
wec-2025-r4-le-mans-95,wec-2025-r4-le-mans,darren-leung,1,bronze,true
wec-2025-r4-le-mans-95,wec-2025-r4-le-mans,sean-gelael,2,silver,true
wec-2025-r4-le-mans-95,wec-2025-r4-le-mans,marino-sato,3,gold,true
wec-2025-r4-le-mans-60,wec-2025-r4-le-mans,andrew-gilbert,1,bronze,true
wec-2025-r4-le-mans-60,wec-2025-r4-le-mans,lorcan-hanafin,2,silver,true
wec-2025-r4-le-mans-60,wec-2025-r4-le-mans,fran-rueda,3,silver,true
wec-2025-r4-le-mans-88,wec-2025-r4-le-mans,stefano-gattuso,1,bronze,true
wec-2025-r4-le-mans-88,wec-2025-r4-le-mans,giammarco-levorato,2,silver,true
wec-2025-r4-le-mans-88,wec-2025-r4-le-mans,dennis-olsen,3,platinum,true
wec-2025-r4-le-mans-50,wec-2025-r4-le-mans,antonio-fuoco,1,platinum,true
wec-2025-r4-le-mans-50,wec-2025-r4-le-mans,nicklas-nielsen,2,platinum,true
wec-2025-r4-le-mans-50,wec-2025-r4-le-mans,miguel-molina,3,platinum,true
wec-2025-r5-sao-paulo-12,wec-2025-r5-sao-paulo,alex-lynn,1,platinum,true
wec-2025-r5-sao-paulo-12,wec-2025-r5-sao-paulo,norman-nato,2,gold,true
wec-2025-r5-sao-paulo-12,wec-2025-r5-sao-paulo,will-stevens,3,platinum,true
wec-2025-r5-sao-paulo-38,wec-2025-r5-sao-paulo,earl-bamber,1,platinum,true
wec-2025-r5-sao-paulo-38,wec-2025-r5-sao-paulo,sebastien-bourdais,2,platinum,true
wec-2025-r5-sao-paulo-38,wec-2025-r5-sao-paulo,jenson-button,3,platinum,true
wec-2025-r5-sao-paulo-5,wec-2025-r5-sao-paulo,julien-andlauer,1,gold,true
wec-2025-r5-sao-paulo-5,wec-2025-r5-sao-paulo,michael-christensen,2,platinum,true
wec-2025-r5-sao-paulo-6,wec-2025-r5-sao-paulo,kevin-estre,1,platinum,true
wec-2025-r5-sao-paulo-6,wec-2025-r5-sao-paulo,laurens-vanthoor,2,platinum,true
wec-2025-r5-sao-paulo-20,wec-2025-r5-sao-paulo,rene-rast,1,platinum,true
wec-2025-r5-sao-paulo-20,wec-2025-r5-sao-paulo,marco-wittmann,2,platinum,true
wec-2025-r5-sao-paulo-20,wec-2025-r5-sao-paulo,sheldon-van-der-linde,3,platinum,true
wec-2025-r5-sao-paulo-94,wec-2025-r5-sao-paulo,loic-duval,1,platinum,true
wec-2025-r5-sao-paulo-94,wec-2025-r5-sao-paulo,malthe-jakobsen,2,gold,true
wec-2025-r5-sao-paulo-93,wec-2025-r5-sao-paulo,paul-di-resta,1,platinum,true
wec-2025-r5-sao-paulo-93,wec-2025-r5-sao-paulo,mikkel-jensen,2,platinum,true
wec-2025-r5-sao-paulo-83,wec-2025-r5-sao-paulo,robert-kubica,1,platinum,true
wec-2025-r5-sao-paulo-83,wec-2025-r5-sao-paulo,yifei-ye,2,gold,true
wec-2025-r5-sao-paulo-83,wec-2025-r5-sao-paulo,philip-hanson,3,gold,true
wec-2025-r5-sao-paulo-36,wec-2025-r5-sao-paulo,jules-gounon,1,platinum,true
wec-2025-r5-sao-paulo-36,wec-2025-r5-sao-paulo,frederic-makowiecki,2,platinum,true
wec-2025-r5-sao-paulo-36,wec-2025-r5-sao-paulo,mick-schumacher,3,platinum,true
wec-2025-r5-sao-paulo-99,wec-2025-r5-sao-paulo,neel-jani,1,platinum,true
wec-2025-r5-sao-paulo-99,wec-2025-r5-sao-paulo,nicolas-pino,2,silver,true
wec-2025-r5-sao-paulo-99,wec-2025-r5-sao-paulo,nicolas-varrone,3,gold,true
wec-2025-r5-sao-paulo-51,wec-2025-r5-sao-paulo,alessandro-pier-guidi,1,platinum,true
wec-2025-r5-sao-paulo-51,wec-2025-r5-sao-paulo,james-calado,2,platinum,true
wec-2025-r5-sao-paulo-51,wec-2025-r5-sao-paulo,antonio-giovinazzi,3,platinum,true
wec-2025-r5-sao-paulo-50,wec-2025-r5-sao-paulo,antonio-fuoco,1,platinum,true
wec-2025-r5-sao-paulo-50,wec-2025-r5-sao-paulo,miguel-molina,2,platinum,true
wec-2025-r5-sao-paulo-50,wec-2025-r5-sao-paulo,nicklas-nielsen,3,platinum,true
wec-2025-r5-sao-paulo-009,wec-2025-r5-sao-paulo,alex-riberas,1,gold,true
wec-2025-r5-sao-paulo-009,wec-2025-r5-sao-paulo,marco-sorensen,2,platinum,true
wec-2025-r5-sao-paulo-7,wec-2025-r5-sao-paulo,mike-conway,1,platinum,true
wec-2025-r5-sao-paulo-7,wec-2025-r5-sao-paulo,kamui-kobayashi,2,platinum,true
wec-2025-r5-sao-paulo-7,wec-2025-r5-sao-paulo,nyck-de-vries,3,platinum,true
wec-2025-r5-sao-paulo-8,wec-2025-r5-sao-paulo,brendon-hartley,1,platinum,true
wec-2025-r5-sao-paulo-8,wec-2025-r5-sao-paulo,ryo-hirakawa,2,platinum,true
wec-2025-r5-sao-paulo-007,wec-2025-r5-sao-paulo,harry-tincknell,1,platinum,true
wec-2025-r5-sao-paulo-007,wec-2025-r5-sao-paulo,tom-gamble,2,gold,true
wec-2025-r5-sao-paulo-15,wec-2025-r5-sao-paulo,dries-vanthoor,1,platinum,true
wec-2025-r5-sao-paulo-15,wec-2025-r5-sao-paulo,raffaele-marciello,2,platinum,true
wec-2025-r5-sao-paulo-15,wec-2025-r5-sao-paulo,kevin-magnussen,3,platinum,true
wec-2025-r5-sao-paulo-87,wec-2025-r5-sao-paulo,petru-umbrarescu,1,bronze,true
wec-2025-r5-sao-paulo-87,wec-2025-r5-sao-paulo,clemens-schmid,2,silver,true
wec-2025-r5-sao-paulo-87,wec-2025-r5-sao-paulo,jose-maria-lopez,3,platinum,true
wec-2025-r5-sao-paulo-81,wec-2025-r5-sao-paulo,tom-van-rompuy,1,bronze,true
wec-2025-r5-sao-paulo-81,wec-2025-r5-sao-paulo,rui-andrade,2,silver,true
wec-2025-r5-sao-paulo-81,wec-2025-r5-sao-paulo,charlie-eastwood,3,gold,true
wec-2025-r5-sao-paulo-10,wec-2025-r5-sao-paulo,anthony-mcintosh,1,bronze,true
wec-2025-r5-sao-paulo-10,wec-2025-r5-sao-paulo,eduardo-barrichello,2,silver,true
wec-2025-r5-sao-paulo-10,wec-2025-r5-sao-paulo,valentin-hasse-clot,3,gold,true
wec-2025-r5-sao-paulo-85,wec-2025-r5-sao-paulo,celia-martin,1,bronze,true
wec-2025-r5-sao-paulo-85,wec-2025-r5-sao-paulo,rahel-frey,2,silver,true
wec-2025-r5-sao-paulo-85,wec-2025-r5-sao-paulo,michelle-gatting,3,gold,true
wec-2025-r5-sao-paulo-78,wec-2025-r5-sao-paulo,arnold-robin,1,bronze,true
wec-2025-r5-sao-paulo-78,wec-2025-r5-sao-paulo,finn-gehrsitz,2,silver,true
wec-2025-r5-sao-paulo-78,wec-2025-r5-sao-paulo,yuichi-nakayama,3,gold,true
wec-2025-r5-sao-paulo-92,wec-2025-r5-sao-paulo,ryan-hardwick,1,bronze,true
wec-2025-r5-sao-paulo-92,wec-2025-r5-sao-paulo,riccardo-pera,2,silver,true
wec-2025-r5-sao-paulo-92,wec-2025-r5-sao-paulo,richard-lietz,3,platinum,true
wec-2025-r5-sao-paulo-33,wec-2025-r5-sao-paulo,ben-keating,1,bronze,true
wec-2025-r5-sao-paulo-33,wec-2025-r5-sao-paulo,jonny-edgar,2,silver,true
wec-2025-r5-sao-paulo-33,wec-2025-r5-sao-paulo,daniel-juncadella,3,platinum,true
wec-2025-r5-sao-paulo-59,wec-2025-r5-sao-paulo,james-cottingham,1,bronze,true
wec-2025-r5-sao-paulo-59,wec-2025-r5-sao-paulo,sebastien-baud,2,silver,true
wec-2025-r5-sao-paulo-59,wec-2025-r5-sao-paulo,gregoire-saucy,3,gold,true
wec-2025-r5-sao-paulo-95,wec-2025-r5-sao-paulo,darren-leung,1,bronze,true
wec-2025-r5-sao-paulo-95,wec-2025-r5-sao-paulo,sean-gelael,2,silver,true
wec-2025-r5-sao-paulo-95,wec-2025-r5-sao-paulo,marino-sato,3,gold,true
wec-2025-r5-sao-paulo-46,wec-2025-r5-sao-paulo,ahmad-al-harthy,1,bronze,true
wec-2025-r5-sao-paulo-46,wec-2025-r5-sao-paulo,valentino-rossi,2,silver,true
wec-2025-r5-sao-paulo-46,wec-2025-r5-sao-paulo,kelvin-van-der-linde,3,platinum,true
wec-2025-r5-sao-paulo-54,wec-2025-r5-sao-paulo,thomas-flohr,1,bronze,true
wec-2025-r5-sao-paulo-54,wec-2025-r5-sao-paulo,francesco-castellacci,2,silver,true
wec-2025-r5-sao-paulo-54,wec-2025-r5-sao-paulo,davide-rigon,3,platinum,true
wec-2025-r5-sao-paulo-31,wec-2025-r5-sao-paulo,yasser-shahin,1,bronze,true
wec-2025-r5-sao-paulo-31,wec-2025-r5-sao-paulo,pedro-ebrahim,2,silver,true
wec-2025-r5-sao-paulo-31,wec-2025-r5-sao-paulo,augusto-farfus,3,platinum,true
wec-2025-r5-sao-paulo-21,wec-2025-r5-sao-paulo,francois-heriau,1,bronze,true
wec-2025-r5-sao-paulo-21,wec-2025-r5-sao-paulo,simon-mann,2,silver,true
wec-2025-r5-sao-paulo-21,wec-2025-r5-sao-paulo,alessio-rovera,3,platinum,true
wec-2025-r5-sao-paulo-27,wec-2025-r5-sao-paulo,ian-james,1,bronze,true
wec-2025-r5-sao-paulo-27,wec-2025-r5-sao-paulo,zacharie-robichon,2,silver,true
wec-2025-r5-sao-paulo-27,wec-2025-r5-sao-paulo,mattia-drudi,3,platinum,true
wec-2025-r5-sao-paulo-60,wec-2025-r5-sao-paulo,andrew-gilbert,1,bronze,true
wec-2025-r5-sao-paulo-60,wec-2025-r5-sao-paulo,lorcan-hanafin,2,silver,true
wec-2025-r5-sao-paulo-60,wec-2025-r5-sao-paulo,fran-rueda,3,silver,true
wec-2025-r5-sao-paulo-35,wec-2025-r5-sao-paulo,paul-loup-chatin,1,gold,true
wec-2025-r5-sao-paulo-35,wec-2025-r5-sao-paulo,ferdinand-habsburg,2,gold,true
wec-2025-r5-sao-paulo-35,wec-2025-r5-sao-paulo,charles-milesi,3,gold,true
wec-2025-r5-sao-paulo-61,wec-2025-r5-sao-paulo,martin-berry,1,bronze,true
wec-2025-r5-sao-paulo-61,wec-2025-r5-sao-paulo,lin-hodenius,2,silver,true
wec-2025-r5-sao-paulo-61,wec-2025-r5-sao-paulo,maxime-martin,3,platinum,true
wec-2025-r5-sao-paulo-77,wec-2025-r5-sao-paulo,bernardo-sousa,1,bronze,true
wec-2025-r5-sao-paulo-77,wec-2025-r5-sao-paulo,ben-tuck,2,silver,true
wec-2025-r5-sao-paulo-77,wec-2025-r5-sao-paulo,benjamin-barker,3,gold,true
wec-2025-r5-sao-paulo-88,wec-2025-r5-sao-paulo,stefano-gattuso,1,bronze,true
wec-2025-r5-sao-paulo-88,wec-2025-r5-sao-paulo,giammarco-levorato,2,silver,true
wec-2025-r5-sao-paulo-88,wec-2025-r5-sao-paulo,dennis-olsen,3,platinum,true
wec-2025-r6-cota-6,wec-2025-r6-cota,kevin-estre,1,platinum,true
wec-2025-r6-cota-6,wec-2025-r6-cota,laurens-vanthoor,2,platinum,true
wec-2025-r6-cota-6,wec-2025-r6-cota,matt-campbell,3,platinum,true
wec-2025-r6-cota-50,wec-2025-r6-cota,antonio-fuoco,1,platinum,true
wec-2025-r6-cota-50,wec-2025-r6-cota,miguel-molina,2,platinum,true
wec-2025-r6-cota-50,wec-2025-r6-cota,nicklas-nielsen,3,platinum,true
wec-2025-r6-cota-94,wec-2025-r6-cota,loic-duval,1,platinum,true
wec-2025-r6-cota-94,wec-2025-r6-cota,malthe-jakobsen,2,gold,true
wec-2025-r6-cota-94,wec-2025-r6-cota,stoffel-vandoorne,3,platinum,true
wec-2025-r6-cota-93,wec-2025-r6-cota,paul-di-resta,1,platinum,true
wec-2025-r6-cota-93,wec-2025-r6-cota,mikkel-jensen,2,platinum,true
wec-2025-r6-cota-93,wec-2025-r6-cota,jean-eric-vergne,3,platinum,true
wec-2025-r6-cota-51,wec-2025-r6-cota,alessandro-pier-guidi,1,platinum,true
wec-2025-r6-cota-51,wec-2025-r6-cota,james-calado,2,platinum,true
wec-2025-r6-cota-51,wec-2025-r6-cota,antonio-giovinazzi,3,platinum,true
wec-2025-r6-cota-38,wec-2025-r6-cota,earl-bamber,1,platinum,true
wec-2025-r6-cota-38,wec-2025-r6-cota,sebastien-bourdais,2,platinum,true
wec-2025-r6-cota-38,wec-2025-r6-cota,jenson-button,3,platinum,true
wec-2025-r6-cota-83,wec-2025-r6-cota,robert-kubica,1,platinum,true
wec-2025-r6-cota-83,wec-2025-r6-cota,yifei-ye,2,gold,true
wec-2025-r6-cota-83,wec-2025-r6-cota,philip-hanson,3,gold,true
wec-2025-r6-cota-12,wec-2025-r6-cota,alex-lynn,1,platinum,true
wec-2025-r6-cota-12,wec-2025-r6-cota,norman-nato,2,gold,true
wec-2025-r6-cota-12,wec-2025-r6-cota,will-stevens,3,platinum,true
wec-2025-r6-cota-8,wec-2025-r6-cota,sebastien-buemi,1,platinum,true
wec-2025-r6-cota-8,wec-2025-r6-cota,brendon-hartley,2,platinum,true
wec-2025-r6-cota-8,wec-2025-r6-cota,ryo-hirakawa,3,platinum,true
wec-2025-r6-cota-5,wec-2025-r6-cota,julien-andlauer,1,gold,true
wec-2025-r6-cota-5,wec-2025-r6-cota,michael-christensen,2,platinum,true
wec-2025-r6-cota-5,wec-2025-r6-cota,mathieu-jaminet,3,platinum,true
wec-2025-r6-cota-35,wec-2025-r6-cota,paul-loup-chatin,1,gold,true
wec-2025-r6-cota-35,wec-2025-r6-cota,ferdinand-habsburg,2,gold,true
wec-2025-r6-cota-35,wec-2025-r6-cota,charles-milesi,3,gold,true
wec-2025-r6-cota-15,wec-2025-r6-cota,dries-vanthoor,1,platinum,true
wec-2025-r6-cota-15,wec-2025-r6-cota,raffaele-marciello,2,platinum,true
wec-2025-r6-cota-15,wec-2025-r6-cota,kevin-magnussen,3,platinum,true
wec-2025-r6-cota-99,wec-2025-r6-cota,neel-jani,1,platinum,true
wec-2025-r6-cota-99,wec-2025-r6-cota,nicolas-pino,2,silver,true
wec-2025-r6-cota-99,wec-2025-r6-cota,nicolas-varrone,3,gold,true
wec-2025-r6-cota-7,wec-2025-r6-cota,jose-maria-lopez,1,platinum,true
wec-2025-r6-cota-7,wec-2025-r6-cota,kamui-kobayashi,2,platinum,true
wec-2025-r6-cota-7,wec-2025-r6-cota,nyck-de-vries,3,platinum,true
wec-2025-r6-cota-36,wec-2025-r6-cota,jules-gounon,1,platinum,true
wec-2025-r6-cota-36,wec-2025-r6-cota,frederic-makowiecki,2,platinum,true
wec-2025-r6-cota-36,wec-2025-r6-cota,mick-schumacher,3,platinum,true
wec-2025-r6-cota-95,wec-2025-r6-cota,darren-leung,1,bronze,true
wec-2025-r6-cota-95,wec-2025-r6-cota,sean-gelael,2,silver,true
wec-2025-r6-cota-95,wec-2025-r6-cota,marino-sato,3,gold,true
wec-2025-r6-cota-46,wec-2025-r6-cota,ahmad-al-harthy,1,bronze,true
wec-2025-r6-cota-46,wec-2025-r6-cota,valentino-rossi,2,silver,true
wec-2025-r6-cota-46,wec-2025-r6-cota,kelvin-van-der-linde,3,platinum,true
wec-2025-r6-cota-54,wec-2025-r6-cota,thomas-flohr,1,bronze,true
wec-2025-r6-cota-54,wec-2025-r6-cota,francesco-castellacci,2,silver,true
wec-2025-r6-cota-54,wec-2025-r6-cota,davide-rigon,3,platinum,true
wec-2025-r6-cota-59,wec-2025-r6-cota,james-cottingham,1,bronze,true
wec-2025-r6-cota-59,wec-2025-r6-cota,sebastien-baud,2,silver,true
wec-2025-r6-cota-59,wec-2025-r6-cota,gregoire-saucy,3,gold,true
wec-2025-r6-cota-27,wec-2025-r6-cota,ian-james,1,bronze,true
wec-2025-r6-cota-27,wec-2025-r6-cota,zacharie-robichon,2,silver,true
wec-2025-r6-cota-27,wec-2025-r6-cota,mattia-drudi,3,platinum,true
wec-2025-r6-cota-77,wec-2025-r6-cota,bernardo-sousa,1,bronze,true
wec-2025-r6-cota-77,wec-2025-r6-cota,ben-tuck,2,silver,true
wec-2025-r6-cota-77,wec-2025-r6-cota,benjamin-barker,3,gold,true
wec-2025-r6-cota-92,wec-2025-r6-cota,ryan-hardwick,1,bronze,true
wec-2025-r6-cota-92,wec-2025-r6-cota,riccardo-pera,2,silver,true
wec-2025-r6-cota-92,wec-2025-r6-cota,richard-lietz,3,platinum,true
wec-2025-r6-cota-88,wec-2025-r6-cota,stefano-gattuso,1,bronze,true
wec-2025-r6-cota-88,wec-2025-r6-cota,giammarco-levorato,2,silver,true
wec-2025-r6-cota-88,wec-2025-r6-cota,dennis-olsen,3,platinum,true
wec-2025-r6-cota-31,wec-2025-r6-cota,yasser-shahin,1,bronze,true
wec-2025-r6-cota-31,wec-2025-r6-cota,timur-boguslavskiy,2,silver,true
wec-2025-r6-cota-31,wec-2025-r6-cota,augusto-farfus,3,platinum,true
wec-2025-r6-cota-60,wec-2025-r6-cota,andrew-gilbert,1,bronze,true
wec-2025-r6-cota-60,wec-2025-r6-cota,lorcan-hanafin,2,silver,true
wec-2025-r6-cota-60,wec-2025-r6-cota,fran-rueda,3,silver,true
wec-2025-r6-cota-10,wec-2025-r6-cota,derek-deboer,1,bronze,true
wec-2025-r6-cota-10,wec-2025-r6-cota,eduardo-barrichello,2,silver,true
wec-2025-r6-cota-10,wec-2025-r6-cota,valentin-hasse-clot,3,gold,true
wec-2025-r6-cota-21,wec-2025-r6-cota,francois-heriau,1,bronze,true
wec-2025-r6-cota-21,wec-2025-r6-cota,simon-mann,2,silver,true
wec-2025-r6-cota-21,wec-2025-r6-cota,alessio-rovera,3,platinum,true
wec-2025-r6-cota-81,wec-2025-r6-cota,tom-van-rompuy,1,bronze,true
wec-2025-r6-cota-81,wec-2025-r6-cota,rui-andrade,2,silver,true
wec-2025-r6-cota-81,wec-2025-r6-cota,charlie-eastwood,3,gold,true
wec-2025-r6-cota-78,wec-2025-r6-cota,arnold-robin,1,bronze,true
wec-2025-r6-cota-78,wec-2025-r6-cota,finn-gehrsitz,2,silver,true
wec-2025-r6-cota-78,wec-2025-r6-cota,ben-barnicoat,3,platinum,true
wec-2025-r6-cota-61,wec-2025-r6-cota,martin-berry,1,bronze,true
wec-2025-r6-cota-61,wec-2025-r6-cota,lin-hodenius,2,silver,true
wec-2025-r6-cota-61,wec-2025-r6-cota,maxime-martin,3,platinum,true
wec-2025-r6-cota-33,wec-2025-r6-cota,ben-keating,1,bronze,true
wec-2025-r6-cota-33,wec-2025-r6-cota,jonny-edgar,2,silver,true
wec-2025-r6-cota-33,wec-2025-r6-cota,daniel-juncadella,3,platinum,true
wec-2025-r6-cota-87,wec-2025-r6-cota,petru-umbrarescu,1,bronze,true
wec-2025-r6-cota-87,wec-2025-r6-cota,clemens-schmid,2,silver,true
wec-2025-r6-cota-87,wec-2025-r6-cota,jack-hawksworth,3,gold,true
wec-2025-r6-cota-20,wec-2025-r6-cota,rene-rast,1,platinum,true
wec-2025-r6-cota-20,wec-2025-r6-cota,robin-frijns,2,platinum,true
wec-2025-r6-cota-20,wec-2025-r6-cota,sheldon-van-der-linde,3,platinum,true
wec-2025-r6-cota-85,wec-2025-r6-cota,celia-martin,1,bronze,true
wec-2025-r6-cota-85,wec-2025-r6-cota,rahel-frey,2,silver,true
wec-2025-r6-cota-85,wec-2025-r6-cota,michelle-gatting,3,gold,true
wec-2025-r6-cota-009,wec-2025-r6-cota,alex-riberas,1,gold,true
wec-2025-r6-cota-009,wec-2025-r6-cota,marco-sorensen,2,platinum,true
wec-2025-r6-cota-007,wec-2025-r6-cota,harry-tincknell,1,platinum,true
wec-2025-r6-cota-007,wec-2025-r6-cota,tom-gamble,2,gold,true
wec-2025-r7-fuji-35,wec-2025-r7-fuji,paul-loup-chatin,1,gold,true
wec-2025-r7-fuji-35,wec-2025-r7-fuji,ferdinand-habsburg,2,gold,true
wec-2025-r7-fuji-35,wec-2025-r7-fuji,charles-milesi,3,gold,true
wec-2025-r7-fuji-93,wec-2025-r7-fuji,paul-di-resta,1,platinum,true
wec-2025-r7-fuji-93,wec-2025-r7-fuji,mikkel-jensen,2,platinum,true
wec-2025-r7-fuji-93,wec-2025-r7-fuji,jean-eric-vergne,3,platinum,true
wec-2025-r7-fuji-6,wec-2025-r7-fuji,kevin-estre,1,platinum,true
wec-2025-r7-fuji-6,wec-2025-r7-fuji,laurens-vanthoor,2,platinum,true
wec-2025-r7-fuji-5,wec-2025-r7-fuji,julien-andlauer,1,gold,true
wec-2025-r7-fuji-5,wec-2025-r7-fuji,mathieu-jaminet,2,platinum,true
wec-2025-r7-fuji-009,wec-2025-r7-fuji,alex-riberas,1,gold,true
wec-2025-r7-fuji-009,wec-2025-r7-fuji,marco-sorensen,2,platinum,true
wec-2025-r7-fuji-12,wec-2025-r7-fuji,alex-lynn,1,platinum,true
wec-2025-r7-fuji-12,wec-2025-r7-fuji,norman-nato,2,gold,true
wec-2025-r7-fuji-12,wec-2025-r7-fuji,will-stevens,3,platinum,true
wec-2025-r7-fuji-7,wec-2025-r7-fuji,mike-conway,1,platinum,true
wec-2025-r7-fuji-7,wec-2025-r7-fuji,kamui-kobayashi,2,platinum,true
wec-2025-r7-fuji-7,wec-2025-r7-fuji,nyck-de-vries,3,platinum,true
wec-2025-r7-fuji-20,wec-2025-r7-fuji,rene-rast,1,platinum,true
wec-2025-r7-fuji-20,wec-2025-r7-fuji,robin-frijns,2,platinum,true
wec-2025-r7-fuji-20,wec-2025-r7-fuji,sheldon-van-der-linde,3,platinum,true
wec-2025-r7-fuji-83,wec-2025-r7-fuji,robert-kubica,1,platinum,true
wec-2025-r7-fuji-83,wec-2025-r7-fuji,yifei-ye,2,gold,true
wec-2025-r7-fuji-83,wec-2025-r7-fuji,philip-hanson,3,gold,true
wec-2025-r7-fuji-94,wec-2025-r7-fuji,loic-duval,1,platinum,true
wec-2025-r7-fuji-94,wec-2025-r7-fuji,malthe-jakobsen,2,gold,true
wec-2025-r7-fuji-94,wec-2025-r7-fuji,stoffel-vandoorne,3,platinum,true
wec-2025-r7-fuji-99,wec-2025-r7-fuji,neel-jani,1,platinum,true
wec-2025-r7-fuji-99,wec-2025-r7-fuji,nicolas-pino,2,silver,true
wec-2025-r7-fuji-99,wec-2025-r7-fuji,nicolas-varrone,3,gold,true
wec-2025-r7-fuji-50,wec-2025-r7-fuji,antonio-fuoco,1,platinum,true
wec-2025-r7-fuji-50,wec-2025-r7-fuji,miguel-molina,2,platinum,true
wec-2025-r7-fuji-50,wec-2025-r7-fuji,nicklas-nielsen,3,platinum,true
wec-2025-r7-fuji-38,wec-2025-r7-fuji,earl-bamber,1,platinum,true
wec-2025-r7-fuji-38,wec-2025-r7-fuji,sebastien-bourdais,2,platinum,true
wec-2025-r7-fuji-38,wec-2025-r7-fuji,jenson-button,3,platinum,true
wec-2025-r7-fuji-36,wec-2025-r7-fuji,jules-gounon,1,platinum,true
wec-2025-r7-fuji-36,wec-2025-r7-fuji,frederic-makowiecki,2,platinum,true
wec-2025-r7-fuji-36,wec-2025-r7-fuji,mick-schumacher,3,platinum,true
wec-2025-r7-fuji-51,wec-2025-r7-fuji,alessandro-pier-guidi,1,platinum,true
wec-2025-r7-fuji-51,wec-2025-r7-fuji,james-calado,2,platinum,true
wec-2025-r7-fuji-51,wec-2025-r7-fuji,antonio-giovinazzi,3,platinum,true
wec-2025-r7-fuji-8,wec-2025-r7-fuji,sebastien-buemi,1,platinum,true
wec-2025-r7-fuji-8,wec-2025-r7-fuji,brendon-hartley,2,platinum,true
wec-2025-r7-fuji-8,wec-2025-r7-fuji,ryo-hirakawa,3,platinum,true
wec-2025-r7-fuji-81,wec-2025-r7-fuji,tom-van-rompuy,1,bronze,true
wec-2025-r7-fuji-81,wec-2025-r7-fuji,rui-andrade,2,silver,true
wec-2025-r7-fuji-81,wec-2025-r7-fuji,charlie-eastwood,3,gold,true
wec-2025-r7-fuji-21,wec-2025-r7-fuji,francois-heriau,1,bronze,true
wec-2025-r7-fuji-21,wec-2025-r7-fuji,simon-mann,2,silver,true
wec-2025-r7-fuji-21,wec-2025-r7-fuji,alessio-rovera,3,platinum,true
wec-2025-r7-fuji-31,wec-2025-r7-fuji,yasser-shahin,1,bronze,true
wec-2025-r7-fuji-31,wec-2025-r7-fuji,timur-boguslavskiy,2,silver,true
wec-2025-r7-fuji-31,wec-2025-r7-fuji,augusto-farfus,3,platinum,true
wec-2025-r7-fuji-46,wec-2025-r7-fuji,ahmad-al-harthy,1,bronze,true
wec-2025-r7-fuji-46,wec-2025-r7-fuji,valentino-rossi,2,silver,true
wec-2025-r7-fuji-46,wec-2025-r7-fuji,kelvin-van-der-linde,3,platinum,true
wec-2025-r7-fuji-92,wec-2025-r7-fuji,ryan-hardwick,1,bronze,true
wec-2025-r7-fuji-92,wec-2025-r7-fuji,riccardo-pera,2,silver,true
wec-2025-r7-fuji-92,wec-2025-r7-fuji,richard-lietz,3,platinum,true
wec-2025-r7-fuji-54,wec-2025-r7-fuji,thomas-flohr,1,bronze,true
wec-2025-r7-fuji-54,wec-2025-r7-fuji,francesco-castellacci,2,silver,true
wec-2025-r7-fuji-54,wec-2025-r7-fuji,davide-rigon,3,platinum,true
wec-2025-r7-fuji-27,wec-2025-r7-fuji,ian-james,1,bronze,true
wec-2025-r7-fuji-27,wec-2025-r7-fuji,zacharie-robichon,2,silver,true
wec-2025-r7-fuji-27,wec-2025-r7-fuji,mattia-drudi,3,platinum,true
wec-2025-r7-fuji-61,wec-2025-r7-fuji,martin-berry,1,bronze,true
wec-2025-r7-fuji-61,wec-2025-r7-fuji,lin-hodenius,2,silver,true
wec-2025-r7-fuji-61,wec-2025-r7-fuji,maxime-martin,3,platinum,true
wec-2025-r7-fuji-78,wec-2025-r7-fuji,arnold-robin,1,bronze,true
wec-2025-r7-fuji-78,wec-2025-r7-fuji,finn-gehrsitz,2,silver,true
wec-2025-r7-fuji-78,wec-2025-r7-fuji,ben-barnicoat,3,platinum,true
wec-2025-r7-fuji-95,wec-2025-r7-fuji,darren-leung,1,bronze,true
wec-2025-r7-fuji-95,wec-2025-r7-fuji,sean-gelael,2,silver,true
wec-2025-r7-fuji-95,wec-2025-r7-fuji,marino-sato,3,gold,true
wec-2025-r7-fuji-33,wec-2025-r7-fuji,ben-keating,1,bronze,true
wec-2025-r7-fuji-33,wec-2025-r7-fuji,jonny-edgar,2,silver,true
wec-2025-r7-fuji-33,wec-2025-r7-fuji,daniel-juncadella,3,platinum,true
wec-2025-r7-fuji-77,wec-2025-r7-fuji,bernardo-sousa,1,bronze,true
wec-2025-r7-fuji-77,wec-2025-r7-fuji,ben-tuck,2,silver,true
wec-2025-r7-fuji-77,wec-2025-r7-fuji,benjamin-barker,3,gold,true
wec-2025-r7-fuji-85,wec-2025-r7-fuji,celia-martin,1,bronze,true
wec-2025-r7-fuji-85,wec-2025-r7-fuji,rahel-frey,2,silver,true
wec-2025-r7-fuji-85,wec-2025-r7-fuji,michelle-gatting,3,gold,true
wec-2025-r7-fuji-59,wec-2025-r7-fuji,james-cottingham,1,bronze,true
wec-2025-r7-fuji-59,wec-2025-r7-fuji,sebastien-baud,2,silver,true
wec-2025-r7-fuji-59,wec-2025-r7-fuji,gregoire-saucy,3,gold,true
wec-2025-r7-fuji-87,wec-2025-r7-fuji,petru-umbrarescu,1,bronze,true
wec-2025-r7-fuji-87,wec-2025-r7-fuji,clemens-schmid,2,silver,true
wec-2025-r7-fuji-87,wec-2025-r7-fuji,jose-maria-lopez,3,platinum,true
wec-2025-r7-fuji-60,wec-2025-r7-fuji,andrew-gilbert,1,bronze,true
wec-2025-r7-fuji-60,wec-2025-r7-fuji,lorcan-hanafin,2,silver,true
wec-2025-r7-fuji-60,wec-2025-r7-fuji,fran-rueda,3,silver,true
wec-2025-r7-fuji-10,wec-2025-r7-fuji,anthony-mcintosh,1,bronze,true
wec-2025-r7-fuji-10,wec-2025-r7-fuji,eduardo-barrichello,2,silver,true
wec-2025-r7-fuji-10,wec-2025-r7-fuji,valentin-hasse-clot,3,gold,true
wec-2025-r7-fuji-88,wec-2025-r7-fuji,stefano-gattuso,1,bronze,true
wec-2025-r7-fuji-88,wec-2025-r7-fuji,giammarco-levorato,2,silver,true
wec-2025-r7-fuji-88,wec-2025-r7-fuji,dennis-olsen,3,platinum,true
wec-2025-r7-fuji-007,wec-2025-r7-fuji,harry-tincknell,1,platinum,true
wec-2025-r7-fuji-007,wec-2025-r7-fuji,tom-gamble,2,gold,true
wec-2025-r7-fuji-15,wec-2025-r7-fuji,dries-vanthoor,1,platinum,true
wec-2025-r7-fuji-15,wec-2025-r7-fuji,raffaele-marciello,2,platinum,true
wec-2025-r7-fuji-15,wec-2025-r7-fuji,kevin-magnussen,3,platinum,true
wec-2025-r8-bahrain-7,wec-2025-r8-bahrain,mike-conway,1,platinum,true
wec-2025-r8-bahrain-7,wec-2025-r8-bahrain,kamui-kobayashi,2,platinum,true
wec-2025-r8-bahrain-7,wec-2025-r8-bahrain,nyck-de-vries,3,platinum,true
wec-2025-r8-bahrain-8,wec-2025-r8-bahrain,sebastien-buemi,1,platinum,true
wec-2025-r8-bahrain-8,wec-2025-r8-bahrain,brendon-hartley,2,platinum,true
wec-2025-r8-bahrain-8,wec-2025-r8-bahrain,ryo-hirakawa,3,platinum,true
wec-2025-r8-bahrain-50,wec-2025-r8-bahrain,antonio-fuoco,1,platinum,true
wec-2025-r8-bahrain-50,wec-2025-r8-bahrain,miguel-molina,2,platinum,true
wec-2025-r8-bahrain-50,wec-2025-r8-bahrain,nicklas-nielsen,3,platinum,true
wec-2025-r8-bahrain-51,wec-2025-r8-bahrain,alessandro-pier-guidi,1,platinum,true
wec-2025-r8-bahrain-51,wec-2025-r8-bahrain,james-calado,2,platinum,true
wec-2025-r8-bahrain-51,wec-2025-r8-bahrain,antonio-giovinazzi,3,platinum,true
wec-2025-r8-bahrain-83,wec-2025-r8-bahrain,robert-kubica,1,platinum,true
wec-2025-r8-bahrain-83,wec-2025-r8-bahrain,yifei-ye,2,gold,true
wec-2025-r8-bahrain-83,wec-2025-r8-bahrain,philip-hanson,3,gold,true
wec-2025-r8-bahrain-12,wec-2025-r8-bahrain,alex-lynn,1,platinum,true
wec-2025-r8-bahrain-12,wec-2025-r8-bahrain,norman-nato,2,gold,true
wec-2025-r8-bahrain-12,wec-2025-r8-bahrain,will-stevens,3,platinum,true
wec-2025-r8-bahrain-009,wec-2025-r8-bahrain,alex-riberas,1,gold,true
wec-2025-r8-bahrain-009,wec-2025-r8-bahrain,marco-sorensen,2,platinum,true
wec-2025-r8-bahrain-009,wec-2025-r8-bahrain,roman-de-angelis,3,gold,true
wec-2025-r8-bahrain-20,wec-2025-r8-bahrain,rene-rast,1,platinum,true
wec-2025-r8-bahrain-20,wec-2025-r8-bahrain,robin-frijns,2,platinum,true
wec-2025-r8-bahrain-20,wec-2025-r8-bahrain,sheldon-van-der-linde,3,platinum,true
wec-2025-r8-bahrain-93,wec-2025-r8-bahrain,paul-di-resta,1,platinum,true
wec-2025-r8-bahrain-93,wec-2025-r8-bahrain,mikkel-jensen,2,platinum,true
wec-2025-r8-bahrain-93,wec-2025-r8-bahrain,jean-eric-vergne,3,platinum,true
wec-2025-r8-bahrain-94,wec-2025-r8-bahrain,loic-duval,1,platinum,true
wec-2025-r8-bahrain-94,wec-2025-r8-bahrain,malthe-jakobsen,2,gold,true
wec-2025-r8-bahrain-94,wec-2025-r8-bahrain,theo-pourchaire,3,platinum,true
wec-2025-r8-bahrain-35,wec-2025-r8-bahrain,paul-loup-chatin,1,gold,true
wec-2025-r8-bahrain-35,wec-2025-r8-bahrain,ferdinand-habsburg,2,gold,true
wec-2025-r8-bahrain-35,wec-2025-r8-bahrain,charles-milesi,3,gold,true
wec-2025-r8-bahrain-36,wec-2025-r8-bahrain,jules-gounon,1,platinum,true
wec-2025-r8-bahrain-36,wec-2025-r8-bahrain,frederic-makowiecki,2,platinum,true
wec-2025-r8-bahrain-36,wec-2025-r8-bahrain,mick-schumacher,3,platinum,true
wec-2025-r8-bahrain-6,wec-2025-r8-bahrain,kevin-estre,1,platinum,true
wec-2025-r8-bahrain-6,wec-2025-r8-bahrain,matt-campbell,2,platinum,true
wec-2025-r8-bahrain-6,wec-2025-r8-bahrain,laurens-vanthoor,3,platinum,true
wec-2025-r8-bahrain-5,wec-2025-r8-bahrain,julien-andlauer,1,gold,true
wec-2025-r8-bahrain-5,wec-2025-r8-bahrain,mathieu-jaminet,2,platinum,true
wec-2025-r8-bahrain-5,wec-2025-r8-bahrain,laurin-heinrich,3,gold,true
wec-2025-r8-bahrain-007,wec-2025-r8-bahrain,harry-tincknell,1,platinum,true
wec-2025-r8-bahrain-007,wec-2025-r8-bahrain,tom-gamble,2,gold,true
wec-2025-r8-bahrain-007,wec-2025-r8-bahrain,ross-gunn,3,platinum,true
wec-2025-r8-bahrain-38,wec-2025-r8-bahrain,earl-bamber,1,platinum,true
wec-2025-r8-bahrain-38,wec-2025-r8-bahrain,sebastien-bourdais,2,platinum,true
wec-2025-r8-bahrain-38,wec-2025-r8-bahrain,jenson-button,3,platinum,true
wec-2025-r8-bahrain-99,wec-2025-r8-bahrain,neel-jani,1,platinum,true
wec-2025-r8-bahrain-99,wec-2025-r8-bahrain,nicolas-pino,2,silver,true
wec-2025-r8-bahrain-99,wec-2025-r8-bahrain,nicolas-varrone,3,gold,true
wec-2025-r8-bahrain-87,wec-2025-r8-bahrain,petru-umbrarescu,1,bronze,true
wec-2025-r8-bahrain-87,wec-2025-r8-bahrain,clemens-schmid,2,silver,true
wec-2025-r8-bahrain-87,wec-2025-r8-bahrain,jose-maria-lopez,3,platinum,true
wec-2025-r8-bahrain-61,wec-2025-r8-bahrain,martin-berry,1,bronze,true
wec-2025-r8-bahrain-61,wec-2025-r8-bahrain,lin-hodenius,2,silver,true
wec-2025-r8-bahrain-61,wec-2025-r8-bahrain,maxime-martin,3,platinum,true
wec-2025-r8-bahrain-27,wec-2025-r8-bahrain,ian-james,1,bronze,true
wec-2025-r8-bahrain-27,wec-2025-r8-bahrain,zacharie-robichon,2,silver,true
wec-2025-r8-bahrain-27,wec-2025-r8-bahrain,mattia-drudi,3,platinum,true
wec-2025-r8-bahrain-92,wec-2025-r8-bahrain,ryan-hardwick,1,bronze,true
wec-2025-r8-bahrain-92,wec-2025-r8-bahrain,riccardo-pera,2,silver,true
wec-2025-r8-bahrain-92,wec-2025-r8-bahrain,richard-lietz,3,platinum,true
wec-2025-r8-bahrain-21,wec-2025-r8-bahrain,francois-heriau,1,bronze,true
wec-2025-r8-bahrain-21,wec-2025-r8-bahrain,simon-mann,2,silver,true
wec-2025-r8-bahrain-21,wec-2025-r8-bahrain,alessio-rovera,3,platinum,true
wec-2025-r8-bahrain-33,wec-2025-r8-bahrain,ben-keating,1,bronze,true
wec-2025-r8-bahrain-33,wec-2025-r8-bahrain,jonny-edgar,2,silver,true
wec-2025-r8-bahrain-33,wec-2025-r8-bahrain,daniel-juncadella,3,platinum,true
wec-2025-r8-bahrain-31,wec-2025-r8-bahrain,yasser-shahin,1,bronze,true
wec-2025-r8-bahrain-31,wec-2025-r8-bahrain,timur-boguslavskiy,2,silver,true
wec-2025-r8-bahrain-31,wec-2025-r8-bahrain,augusto-farfus,3,platinum,true
wec-2025-r8-bahrain-77,wec-2025-r8-bahrain,bernardo-sousa,1,bronze,true
wec-2025-r8-bahrain-77,wec-2025-r8-bahrain,ben-tuck,2,silver,true
wec-2025-r8-bahrain-77,wec-2025-r8-bahrain,benjamin-barker,3,gold,true
wec-2025-r8-bahrain-95,wec-2025-r8-bahrain,darren-leung,1,bronze,true
wec-2025-r8-bahrain-95,wec-2025-r8-bahrain,sean-gelael,2,silver,true
wec-2025-r8-bahrain-95,wec-2025-r8-bahrain,marino-sato,3,gold,true
wec-2025-r8-bahrain-88,wec-2025-r8-bahrain,stefano-gattuso,1,bronze,true
wec-2025-r8-bahrain-88,wec-2025-r8-bahrain,giammarco-levorato,2,silver,true
wec-2025-r8-bahrain-88,wec-2025-r8-bahrain,dennis-olsen,3,platinum,true
wec-2025-r8-bahrain-81,wec-2025-r8-bahrain,tom-van-rompuy,1,bronze,true
wec-2025-r8-bahrain-81,wec-2025-r8-bahrain,rui-andrade,2,silver,true
wec-2025-r8-bahrain-81,wec-2025-r8-bahrain,charlie-eastwood,3,gold,true
wec-2025-r8-bahrain-85,wec-2025-r8-bahrain,celia-martin,1,bronze,true
wec-2025-r8-bahrain-85,wec-2025-r8-bahrain,rahel-frey,2,silver,true
wec-2025-r8-bahrain-85,wec-2025-r8-bahrain,michelle-gatting,3,gold,true
wec-2025-r8-bahrain-60,wec-2025-r8-bahrain,andrew-gilbert,1,bronze,true
wec-2025-r8-bahrain-60,wec-2025-r8-bahrain,lorcan-hanafin,2,silver,true
wec-2025-r8-bahrain-60,wec-2025-r8-bahrain,fran-rueda,3,silver,true
wec-2025-r8-bahrain-10,wec-2025-r8-bahrain,anthony-mcintosh,1,bronze,true
wec-2025-r8-bahrain-10,wec-2025-r8-bahrain,eduardo-barrichello,2,silver,true
wec-2025-r8-bahrain-10,wec-2025-r8-bahrain,valentin-hasse-clot,3,gold,true
wec-2025-r8-bahrain-46,wec-2025-r8-bahrain,ahmad-al-harthy,1,bronze,true
wec-2025-r8-bahrain-46,wec-2025-r8-bahrain,valentino-rossi,2,silver,true
wec-2025-r8-bahrain-46,wec-2025-r8-bahrain,kelvin-van-der-linde,3,platinum,true
wec-2025-r8-bahrain-59,wec-2025-r8-bahrain,james-cottingham,1,bronze,true
wec-2025-r8-bahrain-59,wec-2025-r8-bahrain,sebastien-baud,2,silver,true
wec-2025-r8-bahrain-59,wec-2025-r8-bahrain,gregoire-saucy,3,gold,true
wec-2025-r8-bahrain-15,wec-2025-r8-bahrain,dries-vanthoor,1,platinum,true
wec-2025-r8-bahrain-15,wec-2025-r8-bahrain,raffaele-marciello,2,platinum,true
wec-2025-r8-bahrain-15,wec-2025-r8-bahrain,kevin-magnussen,3,platinum,true
wec-2025-r8-bahrain-54,wec-2025-r8-bahrain,thomas-flohr,1,bronze,true
wec-2025-r8-bahrain-54,wec-2025-r8-bahrain,francesco-castellacci,2,silver,true
wec-2025-r8-bahrain-54,wec-2025-r8-bahrain,davide-rigon,3,platinum,true
wec-2025-r8-bahrain-78,wec-2025-r8-bahrain,arnold-robin,1,bronze,true
wec-2025-r8-bahrain-78,wec-2025-r8-bahrain,finn-gehrsitz,2,silver,true
wec-2025-r8-bahrain-78,wec-2025-r8-bahrain,ben-barnicoat,3,platinum,true
